vente_id,date_id,magasin_id,produit_id,client_id,quantite,prix_unitaire,remise,montant,marge
1,20230101,4,25,252,4,387.37,0.0,1549.48,451.12
2,20230101,5,9,238,5,296.52,0.0,1482.6,362.3
3,20230101,7,18,367,7,279.59,0.0,1957.13,623.84
4,20230101,1,1,520,2,545.21,0.0,1090.42,469.0
5,20230101,5,19,596,6,101.21,0.0,607.26,269.34
6,20230101,3,23,542,4,726.04,0.0,2904.16,1569.2
7,20230101,3,25,192,7,387.37,0.0,2711.59,789.46
8,20230101,1,19,274,3,101.21,0.0,303.63,134.67
9,20230101,3,18,598,2,279.59,0.05,531.22,150.28
10,20230101,4,12,474,4,884.49,0.05,3361.06,1807.34
11,20230101,1,26,113,6,105.66,0.0,633.96,130.2
12,20230101,6,11,569,5,504.67,0.0,2523.35,1001.15
13,20230101,4,12,477,2,884.49,0.0,1768.98,992.12
14,20230101,5,15,10,7,134.22,0.0,939.54,477.96
15,20230101,2,11,208,4,504.67,0.0,2018.68,800.92
16,20230102,7,29,144,1,354.67,0.0,354.67,168.4
17,20230102,4,24,101,9,249.97,0.0,2249.73,827.28
18,20230102,7,20,243,1,191.18,0.0,191.18,96.55
19,20230102,7,2,332,6,706.19,0.0,4237.14,2172.24
20,20230102,1,1,358,3,545.21,0.0,1635.63,703.5
21,20230102,3,23,442,7,726.04,0.0,5082.28,2746.1
22,20230102,4,25,183,2,387.37,0.0,774.74,225.56
23,20230102,1,7,278,2,569.53,0.0,1139.06,620.4
24,20230102,6,7,225,6,569.53,0.0,3417.18,1861.2
25,20230102,2,7,358,2,569.53,0.0,1139.06,620.4
26,20230102,6,28,452,4,609.0,0.0,2436.0,1301.84
27,20230102,1,7,252,8,569.53,0.0,4556.24,2481.6
28,20230103,6,19,21,6,101.21,0.0,607.26,269.34
29,20230103,3,2,271,6,706.19,0.0,4237.14,2172.24
30,20230103,1,4,231,4,658.36,0.0,2633.44,1410.84
31,20230103,3,22,557,3,453.16,0.05,1291.51,446.71
32,20230103,2,29,15,4,354.67,0.0,1418.68,673.6
33,20230103,3,29,204,4,354.67,0.0,1418.68,673.6
34,20230103,3,26,113,1,105.66,0.0,105.66,21.7
35,20230103,3,10,257,2,655.99,0.0,1311.98,648.16
36,20230103,2,12,282,1,884.49,0.0,884.49,496.06
37,20230103,7,30,105,1,83.21,0.05,79.05,18.83
38,20230103,1,6,7,3,350.77,0.05,999.69,545.28
39,20230103,1,3,491,1,100.1,0.0,100.1,57.9
40,20230103,1,19,381,5,101.21,0.0,506.05,224.45
41,20230103,2,24,296,1,249.97,0.0,249.97,91.92
42,20230103,7,7,369,2,569.53,0.0,1139.06,620.4
43,20230103,1,19,95,3,101.21,0.0,303.63,134.67
44,20230103,2,4,321,4,658.36,0.0,2633.44,1410.84
45,20230103,5,2,318,1,706.19,0.0,706.19,362.04
46,20230104,2,23,354,4,726.04,0.0,2904.16,1569.2
47,20230104,2,22,217,2,453.16,0.1,815.69,252.49
48,20230104,2,2,409,4,706.19,0.1,2542.28,1165.68
49,20230104,5,7,15,1,569.53,0.0,569.53,310.2
50,20230104,1,13,427,4,460.51,0.0,1842.04,592.2
51,20230104,2,19,300,5,101.21,0.0,506.05,224.45
52,20230104,1,17,218,2,224.09,0.0,448.18,180.78
53,20230104,1,25,510,8,387.37,0.0,3098.96,902.24
54,20230104,4,20,518,4,191.18,0.0,764.72,386.2
55,20230104,5,1,145,5,545.21,0.0,2726.05,1172.5
56,20230104,4,10,514,1,655.99,0.0,655.99,324.08
57,20230104,1,28,150,3,609.0,0.0,1827.0,976.38
58,20230104,1,24,322,3,249.97,0.0,749.91,275.76
59,20230104,2,24,444,1,249.97,0.0,249.97,91.92
60,20230104,7,13,541,5,460.51,0.1,2072.3,510.0
61,20230104,2,22,381,2,453.16,0.0,906.32,343.12
62,20230104,5,22,157,2,453.16,0.0,906.32,343.12
63,20230104,1,13,56,4,460.51,0.0,1842.04,592.2
64,20230104,5,22,307,4,453.16,0.0,1812.64,686.24
65,20230105,7,26,575,6,105.66,0.0,633.96,130.2
66,20230105,1,25,593,2,387.37,0.0,774.74,225.56
67,20230105,1,10,383,5,655.99,0.0,3279.95,1620.4
68,20230105,5,25,237,2,387.37,0.0,774.74,225.56
69,20230105,2,4,232,2,658.36,0.0,1316.72,705.42
70,20230105,1,17,589,5,224.09,0.05,1064.43,395.93
71,20230105,7,25,377,3,387.37,0.0,1162.11,338.34
72,20230105,1,1,561,4,545.21,0.0,2180.84,938.0
73,20230105,4,17,547,4,224.09,0.0,896.36,361.56
74,20230105,3,16,559,6,706.85,0.0,4241.1,2446.02
75,20230105,2,4,483,1,658.36,0.0,658.36,352.71
76,20230105,1,1,487,6,545.21,0.0,3271.26,1407.0
77,20230105,7,9,76,2,296.52,0.0,593.04,144.92
78,20230105,2,19,56,3,101.21,0.0,303.63,134.67
79,20230105,2,5,276,5,98.3,0.1,442.35,164.35
80,20230105,1,11,515,6,504.67,0.0,3028.02,1201.38
81,20230105,5,30,43,3,83.21,0.1,224.67,44.01
82,20230105,1,16,160,5,706.85,0.0,3534.25,2038.35
83,20230106,4,26,61,4,105.66,0.0,422.64,86.8
84,20230106,3,12,218,1,884.49,0.0,884.49,496.06
85,20230106,3,9,246,2,296.52,0.05,563.39,115.27
86,20230106,2,16,318,6,706.85,0.0,4241.1,2446.02
87,20230106,1,23,62,3,726.04,0.0,2178.12,1176.9
88,20230106,4,12,480,3,884.49,0.0,2653.47,1488.18
89,20230106,3,21,293,8,392.24,0.0,3137.92,1716.48
90,20230106,4,12,427,5,884.49,0.0,4422.45,2480.3
91,20230106,3,13,4,2,460.51,0.05,874.97,250.05
92,20230106,1,17,227,6,224.09,0.1,1210.09,407.89
93,20230106,5,2,368,2,706.19,0.1,1271.14,582.84
94,20230106,6,23,344,7,726.04,0.0,5082.28,2746.1
95,20230106,7,26,179,8,105.66,0.0,845.28,173.6
96,20230106,1,19,288,5,101.21,0.0,506.05,224.45
97,20230106,2,13,147,6,460.51,0.1,2486.75,611.99
98,20230107,4,21,524,1,392.24,0.0,392.24,214.56
99,20230107,4,10,554,1,655.99,0.0,655.99,324.08
100,20230107,6,21,437,1,392.24,0.0,392.24,214.56
101,20230107,1,18,79,5,279.59,0.0,1397.95,445.6
102,20230107,1,30,385,5,83.21,0.0,416.05,114.95
103,20230107,1,17,36,3,224.09,0.0,672.27,271.17
104,20230107,1,10,553,1,655.99,0.0,655.99,324.08
105,20230107,1,4,538,5,658.36,0.05,3127.21,1598.96
106,20230107,3,7,15,3,569.53,0.0,1708.59,930.6
107,20230107,7,9,412,7,296.52,0.0,2075.64,507.22
108,20230107,2,16,480,5,706.85,0.0,3534.25,2038.35
109,20230107,7,9,450,4,296.52,0.0,1186.08,289.84
110,20230108,6,26,16,8,105.66,0.0,845.28,173.6
111,20230108,2,30,265,5,83.21,0.0,416.05,114.95
112,20230108,4,22,316,3,453.16,0.0,1359.48,514.68
113,20230108,6,16,139,3,706.85,0.0,2120.55,1223.01
114,20230108,3,6,286,3,350.77,0.0,1052.31,597.9
115,20230108,1,27,507,3,636.28,0.0,1908.84,961.32
116,20230108,1,23,186,4,726.04,0.0,2904.16,1569.2
117,20230108,1,25,256,4,387.37,0.0,1549.48,451.12
118,20230108,6,4,509,6,658.36,0.0,3950.16,2116.26
119,20230108,2,12,400,5,884.49,0.0,4422.45,2480.3
120,20230108,2,22,71,2,453.16,0.05,861.0,297.8
121,20230108,3,25,209,1,387.37,0.0,387.37,112.78
122,20230108,6,28,280,5,609.0,0.0,3045.0,1627.3
123,20230108,1,25,351,8,387.37,0.0,3098.96,902.24
124,20230108,5,29,327,3,354.67,0.0,1064.01,505.2
125,20230109,2,22,521,7,453.16,0.0,3172.12,1200.92
126,20230109,2,27,344,4,636.28,0.0,2545.12,1281.76
127,20230109,5,5,224,3,98.3,0.0,294.9,128.1
128,20230109,2,20,356,3,191.18,0.05,544.86,260.97
129,20230109,2,24,9,1,249.97,0.0,249.97,91.92
130,20230109,6,22,564,8,453.16,0.1,3262.75,1009.95
131,20230109,4,19,287,5,101.21,0.1,455.44,173.84
132,20230109,4,24,69,5,249.97,0.0,1249.85,459.6
133,20230109,4,6,410,5,350.77,0.0,1753.85,996.5
134,20230109,5,28,277,2,609.0,0.0,1218.0,650.92
135,20230109,5,29,436,4,354.67,0.0,1418.68,673.6
136,20230109,1,17,552,2,224.09,0.0,448.18,180.78
137,20230109,6,16,533,4,706.85,0.0,2827.4,1630.68
138,20230109,4,16,241,5,706.85,0.0,3534.25,2038.35
139,20230110,1,12,349,5,884.49,0.0,4422.45,2480.3
140,20230110,4,26,554,5,105.66,0.0,528.3,108.5
141,20230110,2,29,545,5,354.67,0.0,1773.35,842.0
142,20230110,6,23,501,7,726.04,0.1,4574.05,2237.87
143,20230110,1,11,88,6,504.67,0.0,3028.02,1201.38
144,20230110,1,20,573,8,191.18,0.0,1529.44,772.4
145,20230110,2,4,352,5,658.36,0.1,2962.62,1434.37
146,20230110,4,8,90,1,272.27,0.0,272.27,92.12
147,20230110,2,23,91,1,726.04,0.0,726.04,392.3
148,20230110,6,29,133,7,354.67,0.1,2234.42,930.53
149,20230110,7,15,506,4,134.22,0.0,536.88,273.12
150,20230110,1,30,421,5,83.21,0.0,416.05,114.95
151,20230110,4,19,384,2,101.21,0.05,192.3,79.66
152,20230110,6,15,76,4,134.22,0.0,536.88,273.12
153,20230111,7,10,441,3,655.99,0.0,1967.97,972.24
154,20230111,7,27,209,6,636.28,0.0,3817.68,1922.64
155,20230111,4,10,254,2,655.99,0.0,1311.98,648.16
156,20230111,7,20,503,1,191.18,0.1,172.06,77.43
157,20230111,3,7,521,1,569.53,0.0,569.53,310.2
158,20230111,4,11,222,1,504.67,0.1,454.2,149.76
159,20230111,3,3,523,3,100.1,0.0,300.3,173.7
160,20230111,7,15,154,1,134.22,0.0,134.22,68.28
161,20230111,6,18,166,5,279.59,0.1,1258.16,305.8
162,20230111,1,3,90,3,100.1,0.0,300.3,173.7
163,20230111,6,6,192,4,350.77,0.0,1403.08,797.2
164,20230111,2,18,246,1,279.59,0.0,279.59,89.12
165,20230111,1,23,372,4,726.04,0.0,2904.16,1569.2
166,20230111,1,13,119,1,460.51,0.0,460.51,148.05
167,20230111,6,9,112,7,296.52,0.0,2075.64,507.22
168,20230111,3,22,154,5,453.16,0.0,2265.8,857.8
169,20230111,1,6,30,6,350.77,0.0,2104.62,1195.8
170,20230111,4,27,433,6,636.28,0.05,3626.8,1731.76
171,20230111,1,14,383,3,246.23,0.0,738.69,170.64
172,20230112,2,2,151,5,706.19,0.0,3530.95,1810.2
173,20230112,6,3,342,1,100.1,0.0,100.1,57.9
174,20230112,1,26,89,4,105.66,0.2,338.11,2.27
175,20230112,1,6,342,3,350.77,0.0,1052.31,597.9
176,20230112,1,8,588,8,272.27,0.0,2178.16,736.96
177,20230112,7,21,283,7,392.24,0.0,2745.68,1501.92
178,20230112,5,19,347,7,101.21,0.05,673.05,278.81
179,20230112,1,13,325,8,460.51,0.0,3684.08,1184.4
180,20230112,5,19,216,2,101.21,0.0,202.42,89.78
181,20230112,1,8,142,4,272.27,0.2,871.26,150.66
182,20230112,1,27,245,3,636.28,0.05,1813.4,865.88
183,20230112,2,19,540,5,101.21,0.0,506.05,224.45
184,20230112,1,13,407,8,460.51,0.0,3684.08,1184.4
185,20230112,7,24,105,5,249.97,0.0,1249.85,459.6
186,20230112,5,8,85,6,272.27,0.0,1633.62,552.72
187,20230112,1,4,251,3,658.36,0.0,1975.08,1058.13
188,20230112,1,7,201,1,569.53,0.2,455.62,196.29
189,20230112,2,13,236,5,460.51,0.0,2302.55,740.25
190,20230113,1,28,121,4,609.0,0.0,2436.0,1301.84
191,20230113,3,23,54,3,726.04,0.1,1960.31,959.09
192,20230113,5,27,505,2,636.28,0.0,1272.56,640.88
193,20230113,1,14,403,4,246.23,0.0,984.92,227.52
194,20230113,2,27,142,1,636.28,0.0,636.28,320.44
195,20230113,7,25,485,5,387.37,0.1,1743.16,370.22
196,20230113,4,28,145,2,609.0,0.0,1218.0,650.92
197,20230113,2,8,188,2,272.27,0.1,490.09,129.79
198,20230113,1,7,410,2,569.53,0.0,1139.06,620.4
199,20230113,4,3,198,3,100.1,0.2,240.24,113.64
200,20230113,6,20,8,4,191.18,0.0,764.72,386.2
201,20230113,2,24,466,7,249.97,0.0,1749.79,643.44
202,20230113,6,9,313,2,296.52,0.0,593.04,144.92
203,20230113,3,7,266,1,569.53,0.0,569.53,310.2
204,20230113,2,25,153,2,387.37,0.0,774.74,225.56
205,20230113,6,19,152,5,101.21,0.0,506.05,224.45
206,20230113,1,28,240,3,609.0,0.0,1827.0,976.38
207,20230113,3,16,441,2,706.85,0.2,1130.96,532.6
208,20230114,2,12,516,7,884.49,0.0,6191.43,3472.42
209,20230114,2,19,231,7,101.21,0.0,708.47,314.23
210,20230114,4,26,576,4,105.66,0.0,422.64,86.8
211,20230114,3,19,462,6,101.21,0.0,607.26,269.34
212,20230114,7,15,313,2,134.22,0.0,268.44,136.56
213,20230114,2,1,258,8,545.21,0.0,4361.68,1876.0
214,20230114,1,25,452,3,387.37,0.1,1045.9,222.13
215,20230114,3,10,253,5,655.99,0.0,3279.95,1620.4
216,20230114,4,30,289,6,83.21,0.0,499.26,137.94
217,20230114,4,21,408,3,392.24,0.0,1176.72,643.68
218,20230114,3,11,83,6,504.67,0.0,3028.02,1201.38
219,20230114,4,18,406,1,279.59,0.0,279.59,89.12
220,20230114,1,30,127,1,83.21,0.0,83.21,22.99
221,20230114,7,13,294,6,460.51,0.0,2763.06,888.3
222,20230114,4,16,325,4,706.85,0.0,2827.4,1630.68
223,20230115,7,7,498,5,569.53,0.1,2562.88,1266.24
224,20230115,3,16,462,1,706.85,0.0,706.85,407.67
225,20230115,7,5,91,1,98.3,0.0,98.3,42.7
226,20230115,1,9,362,2,296.52,0.05,563.39,115.27
227,20230115,7,2,334,6,706.19,0.0,4237.14,2172.24
228,20230115,7,28,274,5,609.0,0.0,3045.0,1627.3
229,20230115,4,1,312,8,545.21,0.0,4361.68,1876.0
230,20230115,7,6,253,1,350.77,0.0,350.77,199.3
231,20230115,3,27,277,4,636.28,0.0,2545.12,1281.76
232,20230115,2,18,356,1,279.59,0.1,251.63,61.16
233,20230115,4,11,107,5,504.67,0.05,2397.18,874.98
234,20230115,4,18,382,1,279.59,0.0,279.59,89.12
235,20230115,2,7,331,1,569.53,0.0,569.53,310.2
236,20230115,7,6,498,1,350.77,0.0,350.77,199.3
237,20230115,1,17,240,8,224.09,0.0,1792.72,723.12
238,20230115,7,12,387,5,884.49,0.0,4422.45,2480.3
239,20230115,1,5,206,7,98.3,0.05,653.69,264.49
240,20230116,4,6,27,3,350.77,0.0,1052.31,597.9
241,20230116,2,12,288,6,884.49,0.0,5306.94,2976.36
242,20230116,2,27,265,8,636.28,0.0,5090.24,2563.52
243,20230116,5,30,563,3,83.21,0.0,249.63,68.97
244,20230116,1,26,116,8,105.66,0.0,845.28,173.6
245,20230116,5,7,320,2,569.53,0.0,1139.06,620.4
246,20230116,5,5,529,3,98.3,0.0,294.9,128.1
247,20230116,3,5,296,6,98.3,0.0,589.8,256.2
248,20230116,4,17,546,5,224.09,0.0,1120.45,451.95
249,20230116,1,3,217,1,100.1,0.0,100.1,57.9
250,20230116,4,7,354,3,569.53,0.0,1708.59,930.6
251,20230116,3,12,109,3,884.49,0.0,2653.47,1488.18
252,20230116,1,18,232,3,279.59,0.0,838.77,267.36
253,20230116,7,30,565,5,83.21,0.0,416.05,114.95
254,20230116,1,27,569,2,636.28,0.0,1272.56,640.88
255,20230116,1,5,484,2,98.3,0.05,186.77,75.57
256,20230116,4,19,171,7,101.21,0.05,673.05,278.81
257,20230116,3,7,244,2,569.53,0.0,1139.06,620.4
258,20230116,5,6,34,1,350.77,0.0,350.77,199.3
259,20230116,6,27,574,7,636.28,0.0,4453.96,2243.08
260,20230116,6,5,373,6,98.3,0.0,589.8,256.2
261,20230117,7,21,414,5,392.24,0.0,1961.2,1072.8
262,20230117,7,29,268,5,354.67,0.0,1773.35,842.0
263,20230117,5,1,136,3,545.21,0.0,1635.63,703.5
264,20230117,1,27,42,3,636.28,0.0,1908.84,961.32
265,20230117,1,28,557,3,609.0,0.0,1827.0,976.38
266,20230117,6,17,403,7,224.09,0.2,1254.9,319.0
267,20230117,1,25,413,2,387.37,0.0,774.74,225.56
268,20230117,5,11,178,1,504.67,0.0,504.67,200.23
269,20230117,6,7,527,7,569.53,0.0,3986.71,2171.4
270,20230117,4,5,14,6,98.3,0.05,560.31,226.71
271,20230117,4,21,373,4,392.24,0.0,1568.96,858.24
272,20230118,1,2,73,5,706.19,0.0,3530.95,1810.2
273,20230118,7,7,42,1,569.53,0.0,569.53,310.2
274,20230118,3,13,20,1,460.51,0.1,414.46,102.0
275,20230118,6,28,546,6,609.0,0.05,3471.3,1770.06
276,20230118,6,2,31,3,706.19,0.0,2118.57,1086.12
277,20230118,1,2,226,2,706.19,0.0,1412.38,724.08
278,20230118,4,10,211,4,655.99,0.0,2623.96,1296.32
279,20230118,2,22,425,6,453.16,0.0,2718.96,1029.36
280,20230118,3,4,256,6,658.36,0.0,3950.16,2116.26
281,20230118,2,21,43,3,392.24,0.0,1176.72,643.68
282,20230118,2,18,557,3,279.59,0.0,838.77,267.36
283,20230118,1,12,174,8,884.49,0.0,7075.92,3968.48
284,20230118,7,2,91,8,706.19,0.0,5649.52,2896.32
285,20230118,4,17,88,5,224.09,0.0,1120.45,451.95
286,20230118,1,7,103,6,569.53,0.0,3417.18,1861.2
287,20230118,1,25,537,3,387.37,0.05,1104.0,280.23
288,20230118,7,19,335,5,101.21,0.0,506.05,224.45
289,20230118,1,17,452,5,224.09,0.1,1008.41,339.91
290,20230118,4,13,279,1,460.51,0.0,460.51,148.05
291,20230118,5,16,572,3,706.85,0.0,2120.55,1223.01
292,20230119,6,28,423,1,609.0,0.05,578.55,295.01
293,20230119,2,21,299,3,392.24,0.0,1176.72,643.68
294,20230119,7,19,135,6,101.21,0.0,607.26,269.34
295,20230119,6,8,558,8,272.27,0.0,2178.16,736.96
296,20230119,1,18,552,6,279.59,0.0,1677.54,534.72
297,20230119,2,29,215,2,354.67,0.1,638.41,265.87
298,20230119,1,3,74,1,100.1,0.0,100.1,57.9
299,20230119,7,13,179,3,460.51,0.0,1381.53,444.15
300,20230119,5,6,282,2,350.77,0.0,701.54,398.6
301,20230119,1,16,248,3,706.85,0.0,2120.55,1223.01
302,20230119,7,15,170,6,134.22,0.0,805.32,409.68
303,20230119,2,10,320,3,655.99,0.0,1967.97,972.24
304,20230119,4,5,321,3,98.3,0.0,294.9,128.1
305,20230119,2,2,58,4,706.19,0.05,2683.52,1306.92
306,20230119,2,5,523,5,98.3,0.0,491.5,213.5
307,20230119,4,5,524,2,98.3,0.0,196.6,85.4
308,20230119,4,29,425,5,354.67,0.0,1773.35,842.0
309,20230119,2,28,526,5,609.0,0.0,3045.0,1627.3
310,20230119,2,10,378,3,655.99,0.2,1574.38,578.65
311,20230119,1,8,526,6,272.27,0.0,1633.62,552.72
312,20230119,5,28,4,4,609.0,0.0,2436.0,1301.84
313,20230120,2,15,391,7,134.22,0.0,939.54,477.96
314,20230120,2,3,455,2,100.1,0.05,190.19,105.79
315,20230120,3,10,349,6,655.99,0.0,3935.94,1944.48
316,20230120,6,12,375,2,884.49,0.0,1768.98,992.12
317,20230120,1,3,303,5,100.1,0.0,500.5,289.5
318,20230120,4,7,76,4,569.53,0.05,2164.21,1126.89
319,20230120,2,1,521,3,545.21,0.0,1635.63,703.5
320,20230120,2,1,244,1,545.21,0.2,436.17,125.46
321,20230120,2,4,363,7,658.36,0.0,4608.52,2468.97
322,20230120,4,28,204,4,609.0,0.0,2436.0,1301.84
323,20230120,6,9,431,1,296.52,0.0,296.52,72.46
324,20230120,6,14,225,5,246.23,0.0,1231.15,284.4
325,20230120,3,13,440,4,460.51,0.0,1842.04,592.2
326,20230120,7,18,255,4,279.59,0.0,1118.36,356.48
327,20230120,3,15,80,1,134.22,0.0,134.22,68.28
328,20230120,6,4,251,3,658.36,0.0,1975.08,1058.13
329,20230120,2,26,347,1,105.66,0.0,105.66,21.7
330,20230120,6,12,321,5,884.49,0.0,4422.45,2480.3
331,20230120,4,24,455,5,249.97,0.0,1249.85,459.6
332,20230120,2,20,155,2,191.18,0.0,382.36,193.1
333,20230120,4,20,528,4,191.18,0.2,611.78,233.26
334,20230121,6,28,439,5,609.0,0.0,3045.0,1627.3
335,20230121,6,14,245,8,246.23,0.0,1969.84,455.04
336,20230121,7,20,42,7,191.18,0.0,1338.26,675.85
337,20230121,4,25,86,3,387.37,0.0,1162.11,338.34
338,20230121,1,1,254,6,545.21,0.0,3271.26,1407.0
339,20230121,4,7,597,3,569.53,0.0,1708.59,930.6
340,20230121,1,26,107,3,105.66,0.0,316.98,65.1
341,20230121,7,28,539,2,609.0,0.05,1157.1,590.02
342,20230121,1,18,420,6,279.59,0.0,1677.54,534.72
343,20230121,7,13,253,3,460.51,0.0,1381.53,444.15
344,20230121,1,30,4,6,83.21,0.0,499.26,137.94
345,20230121,4,5,368,5,98.3,0.0,491.5,213.5
346,20230121,1,29,530,2,354.67,0.0,709.34,336.8
347,20230121,4,16,141,4,706.85,0.0,2827.4,1630.68
348,20230122,2,29,242,7,354.67,0.0,2482.69,1178.8
349,20230122,1,12,159,6,884.49,0.2,4245.55,1914.97
350,20230122,1,30,470,6,83.21,0.0,499.26,137.94
351,20230122,1,18,360,3,279.59,0.0,838.77,267.36
352,20230122,1,14,301,4,246.23,0.0,984.92,227.52
353,20230122,2,1,356,2,545.21,0.0,1090.42,469.0
354,20230122,4,30,157,5,83.21,0.05,395.25,94.15
355,20230122,6,26,511,1,105.66,0.0,105.66,21.7
356,20230122,3,14,505,5,246.23,0.05,1169.59,222.84
357,20230122,6,6,319,7,350.77,0.0,2455.39,1395.1
358,20230122,3,19,126,3,101.21,0.0,303.63,134.67
359,20230122,3,19,420,3,101.21,0.1,273.27,104.31
360,20230122,1,15,75,4,134.22,0.05,510.04,246.28
361,20230122,4,10,136,4,655.99,0.0,2623.96,1296.32
362,20230122,6,6,361,5,350.77,0.0,1753.85,996.5
363,20230122,3,22,433,7,453.16,0.0,3172.12,1200.92
364,20230123,3,27,488,1,636.28,0.0,636.28,320.44
365,20230123,1,13,462,3,460.51,0.0,1381.53,444.15
366,20230123,2,10,421,4,655.99,0.1,2361.56,1033.92
367,20230123,4,18,430,1,279.59,0.0,279.59,89.12
368,20230123,7,1,36,3,545.21,0.0,1635.63,703.5
369,20230123,2,19,534,3,101.21,0.0,303.63,134.67
370,20230123,7,29,596,2,354.67,0.05,673.87,301.33
371,20230123,1,4,332,4,658.36,0.0,2633.44,1410.84
372,20230123,5,19,301,2,101.21,0.0,202.42,89.78
373,20230123,6,4,76,7,658.36,0.0,4608.52,2468.97
374,20230123,2,1,314,5,545.21,0.0,2726.05,1172.5
375,20230123,2,30,426,4,83.21,0.05,316.2,75.32
376,20230123,4,9,33,5,296.52,0.0,1482.6,362.3
377,20230123,5,10,385,3,655.99,0.0,1967.97,972.24
378,20230123,1,10,50,4,655.99,0.0,2623.96,1296.32
379,20230123,7,5,480,5,98.3,0.0,491.5,213.5
380,20230123,2,24,227,3,249.97,0.0,749.91,275.76
381,20230123,4,30,408,1,83.21,0.0,83.21,22.99
382,20230123,1,24,473,1,249.97,0.0,249.97,91.92
383,20230123,2,27,428,4,636.28,0.0,2545.12,1281.76
384,20230123,1,22,98,4,453.16,0.0,1812.64,686.24
385,20230123,2,14,586,3,246.23,0.2,590.95,22.9
386,20230124,7,20,14,8,191.18,0.0,1529.44,772.4
387,20230124,3,24,375,2,249.97,0.0,499.94,183.84
388,20230124,7,24,347,1,249.97,0.2,199.98,41.93
389,20230124,4,23,586,6,726.04,0.0,4356.24,2353.8
390,20230124,6,22,180,5,453.16,0.0,2265.8,857.8
391,20230124,1,24,452,5,249.97,0.0,1249.85,459.6
392,20230124,5,24,267,8,249.97,0.0,1999.76,735.36
393,20230124,3,1,171,1,545.21,0.1,490.69,179.98
394,20230124,5,2,591,3,706.19,0.0,2118.57,1086.12
395,20230124,1,11,51,2,504.67,0.0,1009.34,400.46
396,20230124,7,25,320,2,387.37,0.05,736.0,186.82
397,20230124,7,11,325,4,504.67,0.0,2018.68,800.92
398,20230125,1,27,117,1,636.28,0.0,636.28,320.44
399,20230125,5,20,439,2,191.18,0.0,382.36,193.1
400,20230125,4,11,552,2,504.67,0.0,1009.34,400.46
401,20230125,4,10,396,4,655.99,0.0,2623.96,1296.32
402,20230125,4,30,419,3,83.21,0.0,249.63,68.97
403,20230125,3,1,487,6,545.21,0.05,3107.7,1243.44
404,20230125,4,17,81,8,224.09,0.05,1703.08,633.48
405,20230125,6,30,182,3,83.21,0.1,224.67,44.01
406,20230125,1,11,312,9,504.67,0.0,4542.03,1802.07
407,20230125,2,14,249,6,246.23,0.05,1403.51,267.41
408,20230125,5,3,244,1,100.1,0.0,100.1,57.9
409,20230125,3,23,398,5,726.04,0.0,3630.2,1961.5
410,20230125,2,26,362,2,105.66,0.0,211.32,43.4
411,20230125,6,16,485,7,706.85,0.05,4700.55,2606.29
412,20230126,2,27,168,5,636.28,0.0,3181.4,1602.2
413,20230126,1,20,64,2,191.18,0.1,344.12,154.86
414,20230126,4,26,308,7,105.66,0.05,702.64,114.92
415,20230126,3,14,146,5,246.23,0.0,1231.15,284.4
416,20230126,1,30,517,7,83.21,0.1,524.22,102.68
417,20230126,6,23,141,4,726.04,0.0,2904.16,1569.2
418,20230126,4,14,566,5,246.23,0.0,1231.15,284.4
419,20230126,7,7,504,5,569.53,0.2,2278.12,981.47
420,20230126,1,8,421,2,272.27,0.0,544.54,184.24
421,20230126,4,15,258,1,134.22,0.0,134.22,68.28
422,20230126,6,22,331,3,453.16,0.0,1359.48,514.68
423,20230126,4,12,95,3,884.49,0.0,2653.47,1488.18
424,20230126,7,21,104,1,392.24,0.05,372.63,194.95
425,20230126,1,27,411,7,636.28,0.0,4453.96,2243.08
426,20230126,3,1,366,7,545.21,0.0,3816.47,1641.5
427,20230126,1,30,488,4,83.21,0.0,332.84,91.96
428,20230126,4,14,302,4,246.23,0.0,984.92,227.52
429,20230126,5,9,281,4,296.52,0.05,1126.78,230.54
430,20230127,1,25,489,8,387.37,0.0,3098.96,902.24
431,20230127,7,10,178,5,655.99,0.0,3279.95,1620.4
432,20230127,1,18,219,1,279.59,0.0,279.59,89.12
433,20230127,3,3,191,4,100.1,0.05,380.38,211.58
434,20230127,3,13,41,7,460.51,0.1,2901.21,713.99
435,20230127,1,11,108,2,504.67,0.0,1009.34,400.46
436,20230127,2,20,311,5,191.18,0.0,955.9,482.75
437,20230127,4,14,368,1,246.23,0.0,246.23,56.88
438,20230127,3,20,406,5,191.18,0.0,955.9,482.75
439,20230127,7,1,488,3,545.21,0.2,1308.5,376.37
440,20230127,3,18,304,1,279.59,0.0,279.59,89.12
441,20230127,4,16,25,5,706.85,0.0,3534.25,2038.35
442,20230127,1,30,35,3,83.21,0.0,249.63,68.97
443,20230127,3,12,545,4,884.49,0.0,3537.96,1984.24
444,20230127,1,7,380,6,569.53,0.0,3417.18,1861.2
445,20230127,2,17,12,1,224.09,0.0,224.09,90.39
446,20230127,2,1,475,2,545.21,0.1,981.38,359.96
447,20230127,3,23,489,5,726.04,0.0,3630.2,1961.5
448,20230127,2,7,104,2,569.53,0.0,1139.06,620.4
449,20230127,7,6,413,4,350.77,0.0,1403.08,797.2
450,20230127,6,3,25,2,100.1,0.0,200.2,115.8
451,20230127,1,26,573,4,105.66,0.1,380.38,44.54
452,20230127,7,1,381,4,545.21,0.0,2180.84,938.0
453,20230128,7,20,190,8,191.18,0.1,1376.5,619.46
454,20230128,4,1,168,1,545.21,0.0,545.21,234.5
455,20230128,2,25,145,5,387.37,0.05,1840.01,467.06
456,20230128,6,2,430,2,706.19,0.0,1412.38,724.08
457,20230128,7,16,233,1,706.85,0.0,706.85,407.67
458,20230128,1,11,70,4,504.67,0.0,2018.68,800.92
459,20230128,7,29,289,1,354.67,0.0,354.67,168.4
460,20230128,3,29,480,6,354.67,0.0,2128.02,1010.4
461,20230128,1,25,532,3,387.37,0.0,1162.11,338.34
462,20230128,5,5,186,1,98.3,0.0,98.3,42.7
463,20230128,6,1,289,5,545.21,0.0,2726.05,1172.5
464,20230128,5,7,577,1,569.53,0.0,569.53,310.2
465,20230128,3,6,405,7,350.77,0.0,2455.39,1395.1
466,20230128,1,15,549,6,134.22,0.0,805.32,409.68
467,20230128,2,17,157,2,224.09,0.0,448.18,180.78
468,20230128,1,12,81,3,884.49,0.0,2653.47,1488.18
469,20230128,4,12,226,6,884.49,0.0,5306.94,2976.36
470,20230128,3,4,478,4,658.36,0.0,2633.44,1410.84
471,20230129,1,19,476,5,101.21,0.05,480.75,199.15
472,20230129,3,20,336,4,191.18,0.0,764.72,386.2
473,20230129,7,29,115,4,354.67,0.05,1347.75,602.67
474,20230129,4,24,194,3,249.97,0.0,749.91,275.76
475,20230129,2,29,32,2,354.67,0.05,673.87,301.33
476,20230129,4,26,338,5,105.66,0.05,501.88,82.08
477,20230129,7,24,65,1,249.97,0.1,224.97,66.92
478,20230129,7,4,466,2,658.36,0.0,1316.72,705.42
479,20230129,4,17,313,7,224.09,0.0,1568.63,632.73
480,20230129,2,25,304,6,387.37,0.0,2324.22,676.68
481,20230129,5,13,430,2,460.51,0.0,921.02,296.1
482,20230129,2,14,157,4,246.23,0.0,984.92,227.52
483,20230129,7,3,412,2,100.1,0.0,200.2,115.8
484,20230129,2,30,579,6,83.21,0.0,499.26,137.94
485,20230129,1,10,332,2,655.99,0.0,1311.98,648.16
486,20230129,3,11,92,1,504.67,0.1,454.2,149.76
487,20230129,6,29,187,1,354.67,0.0,354.67,168.4
488,20230129,2,10,484,1,655.99,0.0,655.99,324.08
489,20230129,3,29,289,1,354.67,0.0,354.67,168.4
490,20230129,1,17,339,3,224.09,0.1,605.04,203.94
491,20230130,1,15,523,5,134.22,0.0,671.1,341.4
492,20230130,4,30,138,4,83.21,0.0,332.84,91.96
493,20230130,7,17,298,5,224.09,0.0,1120.45,451.95
494,20230130,1,16,484,3,706.85,0.0,2120.55,1223.01
495,20230130,7,5,58,6,98.3,0.05,560.31,226.71
496,20230130,1,19,484,8,101.21,0.0,809.68,359.12
497,20230130,3,22,96,5,453.16,0.0,2265.8,857.8
498,20230130,6,10,431,5,655.99,0.0,3279.95,1620.4
499,20230130,1,19,480,3,101.21,0.1,273.27,104.31
500,20230130,3,12,42,8,884.49,0.05,6722.12,3614.68
501,20230130,1,29,14,1,354.67,0.2,283.74,97.47
502,20230130,4,27,87,3,636.28,0.0,1908.84,961.32
503,20230130,1,26,86,4,105.66,0.0,422.64,86.8
504,20230130,2,15,416,1,134.22,0.0,134.22,68.28
505,20230130,3,2,41,8,706.19,0.0,5649.52,2896.32
506,20230130,2,28,534,1,609.0,0.1,548.1,264.56
507,20230130,1,30,218,4,83.21,0.0,332.84,91.96
508,20230130,7,11,432,6,504.67,0.0,3028.02,1201.38
509,20230130,3,20,332,4,191.18,0.0,764.72,386.2
510,20230130,7,2,220,4,706.19,0.0,2824.76,1448.16
511,20230130,2,9,242,6,296.52,0.0,1779.12,434.76
512,20230131,3,16,524,7,706.85,0.0,4947.95,2853.69
513,20230131,1,6,541,2,350.77,0.0,701.54,398.6
514,20230131,6,27,437,5,636.28,0.05,3022.33,1443.13
515,20230131,2,5,278,3,98.3,0.0,294.9,128.1
516,20230131,1,27,258,3,636.28,0.0,1908.84,961.32
517,20230131,1,10,86,3,655.99,0.1,1771.17,775.44
518,20230131,1,26,146,3,105.66,0.0,316.98,65.1
519,20230131,3,20,193,2,191.18,0.0,382.36,193.1
520,20230131,5,10,203,4,655.99,0.0,2623.96,1296.32
521,20230131,6,27,54,5,636.28,0.0,3181.4,1602.2
522,20230131,4,10,550,2,655.99,0.0,1311.98,648.16
523,20230131,1,12,545,3,884.49,0.05,2520.8,1355.51
524,20230131,1,27,233,7,636.28,0.0,4453.96,2243.08
525,20230201,6,9,244,2,296.52,0.05,563.39,115.27
526,20230201,5,27,591,1,636.28,0.2,509.02,193.18
527,20230201,4,4,138,3,658.36,0.0,1975.08,1058.13
528,20230201,7,9,133,3,296.52,0.0,889.56,217.38
529,20230201,6,21,289,1,392.24,0.0,392.24,214.56
530,20230201,7,13,574,2,460.51,0.0,921.02,296.1
531,20230201,3,2,245,3,706.19,0.05,2012.64,980.19
532,20230201,4,4,589,4,658.36,0.0,2633.44,1410.84
533,20230201,2,22,40,5,453.16,0.0,2265.8,857.8
534,20230201,1,5,210,1,98.3,0.0,98.3,42.7
535,20230201,2,14,407,2,246.23,0.0,492.46,113.76
536,20230201,2,13,420,1,460.51,0.0,460.51,148.05
537,20230201,4,8,123,2,272.27,0.0,544.54,184.24
538,20230201,1,8,439,1,272.27,0.05,258.66,78.51
539,20230201,2,18,187,2,279.59,0.0,559.18,178.24
540,20230201,5,18,337,5,279.59,0.0,1397.95,445.6
541,20230201,1,13,206,4,460.51,0.0,1842.04,592.2
542,20230201,7,25,51,1,387.37,0.0,387.37,112.78
543,20230202,1,1,261,4,545.21,0.0,2180.84,938.0
544,20230202,7,23,257,2,726.04,0.05,1379.48,712.0
545,20230202,4,29,393,3,354.67,0.0,1064.01,505.2
546,20230202,3,29,299,3,354.67,0.0,1064.01,505.2
547,20230202,1,18,580,4,279.59,0.0,1118.36,356.48
548,20230202,5,23,535,2,726.04,0.0,1452.08,784.6
549,20230202,2,12,545,1,884.49,0.0,884.49,496.06
550,20230202,2,30,336,5,83.21,0.05,395.25,94.15
551,20230202,5,20,91,3,191.18,0.0,573.54,289.65
552,20230202,4,12,556,4,884.49,0.0,3537.96,1984.24
553,20230202,7,25,135,2,387.37,0.0,774.74,225.56
554,20230202,3,10,81,2,655.99,0.0,1311.98,648.16
555,20230202,1,7,157,3,569.53,0.05,1623.16,845.17
556,20230202,2,24,305,2,249.97,0.0,499.94,183.84
557,20230202,6,15,570,2,134.22,0.2,214.75,82.87
558,20230202,4,25,436,1,387.37,0.1,348.63,74.04
559,20230202,1,20,597,2,191.18,0.0,382.36,193.1
560,20230202,7,8,114,2,272.27,0.05,517.31,157.01
561,20230202,4,27,479,1,636.28,0.0,636.28,320.44
562,20230203,4,18,8,2,279.59,0.0,559.18,178.24
563,20230203,1,19,92,2,101.21,0.0,202.42,89.78
564,20230203,7,21,353,1,392.24,0.0,392.24,214.56
565,20230203,4,7,50,4,569.53,0.0,2278.12,1240.8
566,20230203,6,30,487,4,83.21,0.2,266.27,25.39
567,20230203,6,21,236,3,392.24,0.0,1176.72,643.68
568,20230203,3,26,502,3,105.66,0.0,316.98,65.1
569,20230203,4,18,78,3,279.59,0.0,838.77,267.36
570,20230203,1,5,51,3,98.3,0.0,294.9,128.1
571,20230203,2,23,493,3,726.04,0.05,2069.21,1067.99
572,20230203,3,9,542,1,296.52,0.05,281.69,57.63
573,20230203,7,30,465,3,83.21,0.2,199.7,19.04
574,20230203,6,6,554,3,350.77,0.0,1052.31,597.9
575,20230203,6,3,490,2,100.1,0.0,200.2,115.8
576,20230203,4,25,297,3,387.37,0.0,1162.11,338.34
577,20230203,3,19,196,4,101.21,0.1,364.36,139.08
578,20230203,2,5,1,1,98.3,0.0,98.3,42.7
579,20230203,4,28,428,2,609.0,0.0,1218.0,650.92
580,20230204,6,26,219,1,105.66,0.0,105.66,21.7
581,20230204,6,18,550,1,279.59,0.0,279.59,89.12
582,20230204,5,9,414,3,296.52,0.0,889.56,217.38
583,20230204,3,3,152,1,100.1,0.0,100.1,57.9
584,20230204,6,7,344,3,569.53,0.0,1708.59,930.6
585,20230204,1,7,266,4,569.53,0.0,2278.12,1240.8
586,20230204,6,16,205,2,706.85,0.0,1413.7,815.34
587,20230204,2,6,384,4,350.77,0.05,1332.93,727.05
588,20230204,1,13,234,3,460.51,0.0,1381.53,444.15
589,20230204,3,29,68,4,354.67,0.0,1418.68,673.6
590,20230204,2,15,161,2,134.22,0.0,268.44,136.56
591,20230204,3,16,117,1,706.85,0.0,706.85,407.67
592,20230204,4,17,447,1,224.09,0.0,224.09,90.39
593,20230204,7,6,380,4,350.77,0.0,1403.08,797.2
594,20230204,6,22,134,1,453.16,0.2,362.53,80.93
595,20230204,6,2,514,1,706.19,0.05,670.88,326.73
596,20230204,5,14,380,3,246.23,0.0,738.69,170.64
597,20230205,1,29,257,2,354.67,0.0,709.34,336.8
598,20230205,2,13,53,4,460.51,0.0,1842.04,592.2
599,20230205,5,19,490,3,101.21,0.0,303.63,134.67
600,20230205,1,28,62,1,609.0,0.0,609.0,325.46
601,20230205,4,28,175,2,609.0,0.0,1218.0,650.92
602,20230205,2,20,376,1,191.18,0.0,191.18,96.55
603,20230205,6,13,288,3,460.51,0.0,1381.53,444.15
604,20230205,1,17,420,1,224.09,0.0,224.09,90.39
605,20230205,1,21,99,1,392.24,0.1,353.02,175.34
606,20230205,2,28,208,1,609.0,0.1,548.1,264.56
607,20230205,5,16,168,2,706.85,0.0,1413.7,815.34
608,20230205,1,23,169,2,726.04,0.0,1452.08,784.6
609,20230205,5,14,579,1,246.23,0.0,246.23,56.88
610,20230205,3,1,158,1,545.21,0.0,545.21,234.5
611,20230205,3,27,36,3,636.28,0.0,1908.84,961.32
612,20230206,6,7,302,4,569.53,0.0,2278.12,1240.8
613,20230206,3,15,369,1,134.22,0.0,134.22,68.28
614,20230206,6,19,337,1,101.21,0.0,101.21,44.89
615,20230206,6,25,468,2,387.37,0.05,736.0,186.82
616,20230206,1,15,316,3,134.22,0.0,402.66,204.84
617,20230206,1,12,301,3,884.49,0.0,2653.47,1488.18
618,20230206,1,1,73,2,545.21,0.0,1090.42,469.0
619,20230206,6,24,242,1,249.97,0.1,224.97,66.92
620,20230206,6,5,14,3,98.3,0.0,294.9,128.1
621,20230206,2,6,169,1,350.77,0.0,350.77,199.3
622,20230206,2,6,165,3,350.77,0.0,1052.31,597.9
623,20230206,1,5,462,3,98.3,0.0,294.9,128.1
624,20230206,3,8,581,1,272.27,0.1,245.04,64.89
625,20230206,2,20,560,1,191.18,0.0,191.18,96.55
626,20230206,1,6,159,3,350.77,0.2,841.85,387.44
627,20230207,7,27,309,2,636.28,0.0,1272.56,640.88
628,20230207,6,13,117,2,460.51,0.0,921.02,296.1
629,20230207,1,27,293,1,636.28,0.2,509.02,193.18
630,20230207,3,7,80,3,569.53,0.0,1708.59,930.6
631,20230207,7,14,282,3,246.23,0.1,664.82,96.77
632,20230207,3,17,305,4,224.09,0.0,896.36,361.56
633,20230207,3,17,580,1,224.09,0.0,224.09,90.39
634,20230207,6,23,452,3,726.04,0.0,2178.12,1176.9
635,20230207,6,28,287,3,609.0,0.0,1827.0,976.38
636,20230207,1,26,488,3,105.66,0.05,301.13,49.25
637,20230207,6,6,60,3,350.77,0.0,1052.31,597.9
638,20230207,4,22,534,1,453.16,0.05,430.5,148.9
639,20230207,7,24,46,1,249.97,0.0,249.97,91.92
640,20230207,4,19,125,2,101.21,0.0,202.42,89.78
641,20230207,3,26,387,1,105.66,0.0,105.66,21.7
642,20230208,4,29,34,5,354.67,0.0,1773.35,842.0
643,20230208,1,27,428,1,636.28,0.0,636.28,320.44
644,20230208,1,11,404,2,504.67,0.0,1009.34,400.46
645,20230208,5,9,539,3,296.52,0.0,889.56,217.38
646,20230208,2,3,529,3,100.1,0.0,300.3,173.7
647,20230208,1,18,589,2,279.59,0.0,559.18,178.24
648,20230208,6,6,170,2,350.77,0.0,701.54,398.6
649,20230208,5,3,49,1,100.1,0.0,100.1,57.9
650,20230208,2,16,438,2,706.85,0.0,1413.7,815.34
651,20230208,1,15,463,1,134.22,0.0,134.22,68.28
652,20230208,3,28,17,1,609.0,0.0,609.0,325.46
653,20230208,5,1,312,3,545.21,0.0,1635.63,703.5
654,20230208,1,26,547,3,105.66,0.05,301.13,49.25
655,20230208,2,27,50,2,636.28,0.0,1272.56,640.88
656,20230208,7,13,104,2,460.51,0.0,921.02,296.1
657,20230208,1,16,562,1,706.85,0.05,671.51,372.33
658,20230209,7,14,129,2,246.23,0.0,492.46,113.76
659,20230209,1,22,352,3,453.16,0.0,1359.48,514.68
660,20230209,2,16,452,3,706.85,0.0,2120.55,1223.01
661,20230209,4,29,230,2,354.67,0.0,709.34,336.8
662,20230209,3,9,495,1,296.52,0.0,296.52,72.46
663,20230209,6,2,85,2,706.19,0.05,1341.76,653.46
664,20230209,4,2,371,4,706.19,0.0,2824.76,1448.16
665,20230209,4,30,27,1,83.21,0.0,83.21,22.99
666,20230209,6,20,221,2,191.18,0.0,382.36,193.1
667,20230209,7,25,148,2,387.37,0.0,774.74,225.56
668,20230209,1,7,97,1,569.53,0.2,455.62,196.29
669,20230209,4,2,146,3,706.19,0.0,2118.57,1086.12
670,20230209,6,24,18,1,249.97,0.0,249.97,91.92
671,20230209,1,2,374,4,706.19,0.0,2824.76,1448.16
672,20230209,2,1,277,3,545.21,0.0,1635.63,703.5
673,20230209,3,13,452,3,460.51,0.0,1381.53,444.15
674,20230209,6,6,52,1,350.77,0.0,350.77,199.3
675,20230209,4,9,257,4,296.52,0.0,1186.08,289.84
676,20230209,4,14,526,4,246.23,0.0,984.92,227.52
677,20230209,2,14,583,2,246.23,0.0,492.46,113.76
678,20230210,6,17,32,2,224.09,0.0,448.18,180.78
679,20230210,3,26,209,2,105.66,0.0,211.32,43.4
680,20230210,6,3,82,1,100.1,0.1,90.09,47.89
681,20230210,2,8,430,1,272.27,0.0,272.27,92.12
682,20230210,4,8,214,2,272.27,0.05,517.31,157.01
683,20230210,3,20,68,1,191.18,0.2,152.94,58.31
684,20230210,2,11,536,3,504.67,0.0,1514.01,600.69
685,20230210,1,29,333,1,354.67,0.1,319.2,132.93
686,20230210,1,19,416,2,101.21,0.0,202.42,89.78
687,20230210,7,4,239,2,658.36,0.0,1316.72,705.42
688,20230210,4,24,225,2,249.97,0.0,499.94,183.84
689,20230210,5,12,127,3,884.49,0.0,2653.47,1488.18
690,20230210,6,27,331,2,636.28,0.0,1272.56,640.88
691,20230210,1,12,580,2,884.49,0.0,1768.98,992.12
692,20230211,7,28,61,4,609.0,0.0,2436.0,1301.84
693,20230211,3,16,83,2,706.85,0.0,1413.7,815.34
694,20230211,7,2,519,1,706.19,0.0,706.19,362.04
695,20230211,4,12,400,2,884.49,0.0,1768.98,992.12
696,20230211,3,23,448,1,726.04,0.2,580.83,247.09
697,20230211,3,11,132,2,504.67,0.0,1009.34,400.46
698,20230211,5,12,100,2,884.49,0.05,1680.53,903.67
699,20230211,3,5,77,2,98.3,0.0,196.6,85.4
700,20230211,1,5,488,1,98.3,0.0,98.3,42.7
701,20230211,4,21,581,3,392.24,0.05,1117.88,584.84
702,20230211,3,19,90,3,101.21,0.0,303.63,134.67
703,20230211,6,4,105,3,658.36,0.0,1975.08,1058.13
704,20230212,6,18,492,3,279.59,0.0,838.77,267.36
705,20230212,7,2,364,2,706.19,0.05,1341.76,653.46
706,20230212,1,23,93,2,726.04,0.0,1452.08,784.6
707,20230212,4,25,66,3,387.37,0.1,1045.9,222.13
708,20230212,7,14,246,1,246.23,0.0,246.23,56.88
709,20230212,4,20,169,2,191.18,0.0,382.36,193.1
710,20230212,7,23,599,3,726.04,0.0,2178.12,1176.9
711,20230212,4,1,308,2,545.21,0.05,1035.9,414.48
712,20230212,1,1,262,1,545.21,0.0,545.21,234.5
713,20230212,2,14,435,5,246.23,0.0,1231.15,284.4
714,20230212,6,7,449,4,569.53,0.0,2278.12,1240.8
715,20230212,7,26,120,1,105.66,0.0,105.66,21.7
716,20230212,2,28,108,1,609.0,0.0,609.0,325.46
717,20230212,1,4,141,4,658.36,0.0,2633.44,1410.84
718,20230212,7,8,577,4,272.27,0.0,1089.08,368.48
719,20230212,7,19,394,3,101.21,0.0,303.63,134.67
720,20230212,2,4,288,3,658.36,0.0,1975.08,1058.13
721,20230213,7,22,131,3,453.16,0.0,1359.48,514.68
722,20230213,5,23,340,4,726.04,0.1,2613.74,1278.78
723,20230213,7,6,561,3,350.77,0.0,1052.31,597.9
724,20230213,7,19,353,2,101.21,0.0,202.42,89.78
725,20230213,7,9,78,2,296.52,0.0,593.04,144.92
726,20230213,2,10,507,1,655.99,0.0,655.99,324.08
727,20230213,3,16,587,3,706.85,0.1,1908.5,1010.96
728,20230213,1,18,462,3,279.59,0.0,838.77,267.36
729,20230213,5,8,325,4,272.27,0.05,1034.63,314.03
730,20230213,7,14,70,4,246.23,0.05,935.67,178.27
731,20230213,6,14,424,4,246.23,0.2,787.94,30.54
732,20230213,1,23,107,2,726.04,0.0,1452.08,784.6
733,20230213,3,10,277,2,655.99,0.0,1311.98,648.16
734,20230213,5,29,127,1,354.67,0.0,354.67,168.4
735,20230213,1,7,46,2,569.53,0.0,1139.06,620.4
736,20230213,2,20,244,1,191.18,0.0,191.18,96.55
737,20230214,4,29,464,2,354.67,0.05,673.87,301.33
738,20230214,4,6,48,3,350.77,0.0,1052.31,597.9
739,20230214,2,7,582,3,569.53,0.0,1708.59,930.6
740,20230214,6,22,592,2,453.16,0.0,906.32,343.12
741,20230214,6,10,193,3,655.99,0.0,1967.97,972.24
742,20230214,2,4,3,1,658.36,0.0,658.36,352.71
743,20230214,2,2,281,1,706.19,0.0,706.19,362.04
744,20230214,3,7,465,4,569.53,0.0,2278.12,1240.8
745,20230214,2,6,67,2,350.77,0.0,701.54,398.6
746,20230214,4,17,300,2,224.09,0.0,448.18,180.78
747,20230214,1,14,376,2,246.23,0.0,492.46,113.76
748,20230214,3,16,497,1,706.85,0.0,706.85,407.67
749,20230214,3,3,526,1,100.1,0.2,80.08,37.88
750,20230214,7,9,43,3,296.52,0.0,889.56,217.38
751,20230214,2,29,558,1,354.67,0.0,354.67,168.4
752,20230215,4,29,16,1,354.67,0.0,354.67,168.4
753,20230215,7,7,224,4,569.53,0.0,2278.12,1240.8
754,20230215,1,22,110,2,453.16,0.0,906.32,343.12
755,20230215,4,30,569,1,83.21,0.0,83.21,22.99
756,20230215,7,6,147,2,350.77,0.0,701.54,398.6
757,20230215,4,5,263,1,98.3,0.0,98.3,42.7
758,20230215,7,17,144,2,224.09,0.1,403.36,135.96
759,20230215,2,24,289,2,249.97,0.0,499.94,183.84
760,20230215,3,26,321,1,105.66,0.05,100.38,16.42
761,20230215,7,17,225,3,224.09,0.1,605.04,203.94
762,20230215,6,17,240,1,224.09,0.1,201.68,67.98
763,20230215,4,25,395,3,387.37,0.1,1045.9,222.13
764,20230215,3,11,129,3,504.67,0.1,1362.61,449.29
765,20230215,7,7,314,1,569.53,0.0,569.53,310.2
766,20230215,1,13,247,1,460.51,0.0,460.51,148.05
767,20230215,5,4,263,1,658.36,0.0,658.36,352.71
768,20230215,2,1,402,3,545.21,0.2,1308.5,376.37
769,20230215,5,1,566,2,545.21,0.0,1090.42,469.0
770,20230216,1,17,563,2,224.09,0.05,425.77,158.37
771,20230216,6,29,136,1,354.67,0.05,336.94,150.67
772,20230216,3,8,569,3,272.27,0.1,735.13,194.68
773,20230216,4,12,252,3,884.49,0.0,2653.47,1488.18
774,20230216,4,19,288,3,101.21,0.1,273.27,104.31
775,20230216,2,21,260,4,392.24,0.0,1568.96,858.24
776,20230216,4,14,194,2,246.23,0.0,492.46,113.76
777,20230216,1,21,407,3,392.24,0.0,1176.72,643.68
778,20230216,4,20,86,3,191.18,0.0,573.54,289.65
779,20230216,1,1,97,2,545.21,0.0,1090.42,469.0
780,20230216,1,18,586,1,279.59,0.1,251.63,61.16
781,20230216,3,11,119,5,504.67,0.05,2397.18,874.98
782,20230216,6,7,211,2,569.53,0.05,1082.11,563.45
783,20230216,7,9,185,1,296.52,0.2,237.22,13.16
784,20230216,2,6,348,3,350.77,0.05,999.69,545.28
785,20230216,6,26,13,3,105.66,0.05,301.13,49.25
786,20230216,3,28,238,4,609.0,0.0,2436.0,1301.84
787,20230217,6,3,545,1,100.1,0.0,100.1,57.9
788,20230217,1,4,508,2,658.36,0.0,1316.72,705.42
789,20230217,3,30,74,4,83.21,0.0,332.84,91.96
790,20230217,1,5,296,3,98.3,0.0,294.9,128.1
791,20230217,6,7,415,2,569.53,0.0,1139.06,620.4
792,20230217,3,23,9,1,726.04,0.1,653.44,319.7
793,20230217,2,27,366,4,636.28,0.0,2545.12,1281.76
794,20230217,7,28,298,3,609.0,0.0,1827.0,976.38
795,20230217,1,28,365,1,609.0,0.0,609.0,325.46
796,20230217,7,13,585,3,460.51,0.0,1381.53,444.15
797,20230217,7,30,122,3,83.21,0.1,224.67,44.01
798,20230217,3,12,282,2,884.49,0.2,1415.18,638.32
799,20230217,3,18,458,2,279.59,0.05,531.22,150.28
800,20230218,3,6,31,1,350.77,0.0,350.77,199.3
801,20230218,6,11,59,2,504.67,0.0,1009.34,400.46
802,20230218,7,13,208,3,460.51,0.05,1312.45,375.07
803,20230218,1,16,533,1,706.85,0.05,671.51,372.33
804,20230218,1,16,368,2,706.85,0.0,1413.7,815.34
805,20230218,2,20,544,2,191.18,0.0,382.36,193.1
806,20230218,1,3,516,4,100.1,0.0,400.4,231.6
807,20230218,2,11,193,3,504.67,0.2,1211.21,297.89
808,20230218,1,21,249,4,392.24,0.0,1568.96,858.24
809,20230218,2,17,188,1,224.09,0.0,224.09,90.39
810,20230218,3,26,493,1,105.66,0.1,95.09,11.13
811,20230218,2,1,536,3,545.21,0.0,1635.63,703.5
812,20230218,4,10,144,2,655.99,0.0,1311.98,648.16
813,20230218,6,30,560,5,83.21,0.1,374.44,73.34
814,20230218,4,6,51,3,350.77,0.0,1052.31,597.9
815,20230218,1,18,536,1,279.59,0.0,279.59,89.12
816,20230219,2,7,367,1,569.53,0.2,455.62,196.29
817,20230219,4,23,473,2,726.04,0.0,1452.08,784.6
818,20230219,2,6,529,2,350.77,0.0,701.54,398.6
819,20230219,1,26,188,5,105.66,0.0,528.3,108.5
820,20230219,7,5,117,4,98.3,0.05,373.54,151.14
821,20230219,5,17,570,4,224.09,0.1,806.72,271.92
822,20230219,5,11,440,4,504.67,0.0,2018.68,800.92
823,20230219,1,4,172,1,658.36,0.1,592.52,286.87
824,20230219,2,24,503,1,249.97,0.0,249.97,91.92
825,20230219,1,12,41,3,884.49,0.0,2653.47,1488.18
826,20230219,1,19,580,3,101.21,0.0,303.63,134.67
827,20230219,7,23,321,3,726.04,0.0,2178.12,1176.9
828,20230219,3,9,217,2,296.52,0.0,593.04,144.92
829,20230219,5,13,59,2,460.51,0.1,828.92,204.0
830,20230219,2,18,438,2,279.59,0.0,559.18,178.24
831,20230219,1,28,294,2,609.0,0.0,1218.0,650.92
832,20230219,4,15,262,3,134.22,0.0,402.66,204.84
833,20230219,6,2,228,2,706.19,0.0,1412.38,724.08
834,20230219,1,28,302,4,609.0,0.0,2436.0,1301.84
835,20230219,4,20,172,2,191.18,0.0,382.36,193.1
836,20230219,3,15,10,2,134.22,0.0,268.44,136.56
837,20230219,3,15,38,2,134.22,0.0,268.44,136.56
838,20230220,1,8,476,4,272.27,0.0,1089.08,368.48
839,20230220,4,8,150,2,272.27,0.0,544.54,184.24
840,20230220,7,18,496,3,279.59,0.1,754.89,183.48
841,20230220,7,4,498,3,658.36,0.0,1975.08,1058.13
842,20230220,4,23,313,1,726.04,0.0,726.04,392.3
843,20230220,2,20,289,1,191.18,0.1,172.06,77.43
844,20230220,1,6,88,1,350.77,0.0,350.77,199.3
845,20230220,4,29,305,3,354.67,0.0,1064.01,505.2
846,20230220,1,6,313,3,350.77,0.0,1052.31,597.9
847,20230220,1,11,121,1,504.67,0.0,504.67,200.23
848,20230220,2,16,423,4,706.85,0.0,2827.4,1630.68
849,20230220,3,4,401,1,658.36,0.0,658.36,352.71
850,20230220,1,18,48,1,279.59,0.0,279.59,89.12
851,20230220,4,8,221,1,272.27,0.0,272.27,92.12
852,20230220,1,24,384,1,249.97,0.0,249.97,91.92
853,20230220,6,17,552,1,224.09,0.0,224.09,90.39
854,20230220,2,21,525,2,392.24,0.0,784.48,429.12
855,20230220,7,20,597,1,191.18,0.0,191.18,96.55
856,20230220,3,21,171,1,392.24,0.0,392.24,214.56
857,20230221,1,25,494,2,387.37,0.05,736.0,186.82
858,20230221,5,10,19,2,655.99,0.0,1311.98,648.16
859,20230221,7,21,463,3,392.24,0.0,1176.72,643.68
860,20230221,3,27,25,2,636.28,0.0,1272.56,640.88
861,20230221,6,10,548,2,655.99,0.0,1311.98,648.16
862,20230221,5,12,202,3,884.49,0.0,2653.47,1488.18
863,20230221,7,30,271,3,83.21,0.1,224.67,44.01
864,20230221,1,30,69,3,83.21,0.0,249.63,68.97
865,20230221,1,13,556,2,460.51,0.0,921.02,296.1
866,20230221,2,1,225,1,545.21,0.05,517.95,207.24
867,20230221,3,5,404,3,98.3,0.0,294.9,128.1
868,20230221,1,28,104,3,609.0,0.0,1827.0,976.38
869,20230221,1,25,496,2,387.37,0.0,774.74,225.56
870,20230221,2,27,565,4,636.28,0.05,2417.86,1154.5
871,20230221,7,30,430,3,83.21,0.0,249.63,68.97
872,20230221,4,28,307,4,609.0,0.0,2436.0,1301.84
873,20230221,2,24,561,3,249.97,0.0,749.91,275.76
874,20230221,3,14,440,2,246.23,0.0,492.46,113.76
875,20230221,7,18,19,1,279.59,0.0,279.59,89.12
876,20230221,2,12,228,4,884.49,0.0,3537.96,1984.24
877,20230221,2,23,305,2,726.04,0.0,1452.08,784.6
878,20230221,1,22,384,3,453.16,0.0,1359.48,514.68
879,20230221,7,2,558,1,706.19,0.0,706.19,362.04
880,20230222,1,29,416,3,354.67,0.0,1064.01,505.2
881,20230222,1,23,300,1,726.04,0.0,726.04,392.3
882,20230222,4,20,556,2,191.18,0.0,382.36,193.1
883,20230222,4,21,471,4,392.24,0.0,1568.96,858.24
884,20230222,3,28,562,3,609.0,0.05,1735.65,885.03
885,20230222,4,19,431,1,101.21,0.0,101.21,44.89
886,20230222,5,5,577,1,98.3,0.0,98.3,42.7
887,20230222,1,24,584,4,249.97,0.0,999.88,367.68
888,20230222,2,20,37,4,191.18,0.0,764.72,386.2
889,20230222,7,29,587,2,354.67,0.0,709.34,336.8
890,20230222,1,17,570,1,224.09,0.0,224.09,90.39
891,20230222,4,5,534,3,98.3,0.0,294.9,128.1
892,20230222,1,22,306,1,453.16,0.0,453.16,171.56
893,20230222,7,24,432,3,249.97,0.0,749.91,275.76
894,20230222,2,12,104,2,884.49,0.05,1680.53,903.67
895,20230222,6,17,73,5,224.09,0.0,1120.45,451.95
896,20230222,2,21,579,4,392.24,0.0,1568.96,858.24
897,20230223,7,14,377,1,246.23,0.0,246.23,56.88
898,20230223,3,14,235,1,246.23,0.05,233.92,44.57
899,20230223,6,11,418,3,504.67,0.0,1514.01,600.69
900,20230223,7,4,376,1,658.36,0.0,658.36,352.71
901,20230223,3,25,412,2,387.37,0.0,774.74,225.56
902,20230223,2,6,26,2,350.77,0.0,701.54,398.6
903,20230223,4,1,177,2,545.21,0.0,1090.42,469.0
904,20230223,3,15,74,1,134.22,0.2,107.38,41.44
905,20230223,3,30,168,2,83.21,0.0,166.42,45.98
906,20230223,5,20,567,2,191.18,0.0,382.36,193.1
907,20230223,4,3,437,1,100.1,0.0,100.1,57.9
908,20230223,3,14,573,1,246.23,0.0,246.23,56.88
909,20230223,3,5,293,2,98.3,0.0,196.6,85.4
910,20230223,6,26,54,2,105.66,0.0,211.32,43.4
911,20230223,2,10,428,1,655.99,0.0,655.99,324.08
912,20230223,1,28,495,2,609.0,0.0,1218.0,650.92
913,20230223,2,21,467,3,392.24,0.0,1176.72,643.68
914,20230223,6,29,441,2,354.67,0.0,709.34,336.8
915,20230224,5,22,79,2,453.16,0.05,861.0,297.8
916,20230224,1,17,517,5,224.09,0.0,1120.45,451.95
917,20230224,7,4,422,3,658.36,0.0,1975.08,1058.13
918,20230224,2,16,182,3,706.85,0.0,2120.55,1223.01
919,20230224,1,5,118,2,98.3,0.05,186.77,75.57
920,20230224,1,11,163,3,504.67,0.0,1514.01,600.69
921,20230224,7,14,173,5,246.23,0.0,1231.15,284.4
922,20230224,7,6,355,3,350.77,0.0,1052.31,597.9
923,20230224,7,22,315,3,453.16,0.0,1359.48,514.68
924,20230224,3,28,243,3,609.0,0.0,1827.0,976.38
925,20230224,1,26,479,1,105.66,0.0,105.66,21.7
926,20230224,7,28,61,1,609.0,0.0,609.0,325.46
927,20230224,4,3,290,3,100.1,0.0,300.3,173.7
928,20230224,3,29,211,2,354.67,0.0,709.34,336.8
929,20230224,7,11,283,2,504.67,0.0,1009.34,400.46
930,20230224,1,15,150,3,134.22,0.0,402.66,204.84
931,20230224,1,26,400,3,105.66,0.0,316.98,65.1
932,20230225,1,20,424,3,191.18,0.0,573.54,289.65
933,20230225,1,7,571,3,569.53,0.0,1708.59,930.6
934,20230225,5,5,378,2,98.3,0.0,196.6,85.4
935,20230225,7,1,589,2,545.21,0.0,1090.42,469.0
936,20230225,5,21,548,3,392.24,0.0,1176.72,643.68
937,20230225,2,24,497,2,249.97,0.05,474.94,158.84
938,20230225,4,24,237,2,249.97,0.0,499.94,183.84
939,20230225,4,17,354,4,224.09,0.0,896.36,361.56
940,20230225,4,29,368,1,354.67,0.1,319.2,132.93
941,20230225,4,24,217,4,249.97,0.0,999.88,367.68
942,20230225,2,6,463,2,350.77,0.0,701.54,398.6
943,20230226,1,17,63,3,224.09,0.0,672.27,271.17
944,20230226,6,6,234,4,350.77,0.0,1403.08,797.2
945,20230226,1,30,252,4,83.21,0.05,316.2,75.32
946,20230226,3,24,140,3,249.97,0.0,749.91,275.76
947,20230226,7,14,293,3,246.23,0.0,738.69,170.64
948,20230226,6,16,433,4,706.85,0.0,2827.4,1630.68
949,20230226,6,24,352,4,249.97,0.0,999.88,367.68
950,20230226,4,3,359,1,100.1,0.0,100.1,57.9
951,20230226,4,24,165,2,249.97,0.05,474.94,158.84
952,20230226,6,19,294,2,101.21,0.0,202.42,89.78
953,20230226,7,14,446,2,246.23,0.0,492.46,113.76
954,20230226,1,11,89,4,504.67,0.0,2018.68,800.92
955,20230226,3,7,25,1,569.53,0.05,541.05,281.72
956,20230226,2,12,441,5,884.49,0.0,4422.45,2480.3
957,20230226,3,22,170,3,453.16,0.0,1359.48,514.68
958,20230227,5,6,289,1,350.77,0.0,350.77,199.3
959,20230227,2,30,454,3,83.21,0.0,249.63,68.97
960,20230227,2,14,470,1,246.23,0.0,246.23,56.88
961,20230227,6,13,271,3,460.51,0.0,1381.53,444.15
962,20230227,2,28,407,3,609.0,0.0,1827.0,976.38
963,20230227,7,13,354,2,460.51,0.0,921.02,296.1
964,20230227,3,24,516,3,249.97,0.0,749.91,275.76
965,20230227,3,12,51,3,884.49,0.0,2653.47,1488.18
966,20230227,1,16,441,1,706.85,0.0,706.85,407.67
967,20230227,2,14,375,4,246.23,0.0,984.92,227.52
968,20230227,4,16,254,3,706.85,0.1,1908.5,1010.96
969,20230227,2,10,537,3,655.99,0.0,1967.97,972.24
970,20230227,6,1,162,3,545.21,0.0,1635.63,703.5
971,20230227,7,20,100,4,191.18,0.0,764.72,386.2
972,20230227,5,1,535,4,545.21,0.0,2180.84,938.0
973,20230227,1,18,272,1,279.59,0.1,251.63,61.16
974,20230227,7,7,567,2,569.53,0.0,1139.06,620.4
975,20230227,7,7,438,2,569.53,0.2,911.25,392.59
976,20230227,2,10,59,5,655.99,0.0,3279.95,1620.4
977,20230228,6,13,42,2,460.51,0.0,921.02,296.1
978,20230228,6,11,121,1,504.67,0.0,504.67,200.23
979,20230228,6,29,46,1,354.67,0.05,336.94,150.67
980,20230228,4,13,152,1,460.51,0.0,460.51,148.05
981,20230228,1,21,401,2,392.24,0.0,784.48,429.12
982,20230228,1,6,514,1,350.77,0.0,350.77,199.3
983,20230228,1,9,96,2,296.52,0.1,533.74,85.62
984,20230228,5,1,461,1,545.21,0.05,517.95,207.24
985,20230228,6,29,481,2,354.67,0.1,638.41,265.87
986,20230228,2,12,138,1,884.49,0.0,884.49,496.06
987,20230228,4,30,515,1,83.21,0.05,79.05,18.83
988,20230228,5,8,43,2,272.27,0.0,544.54,184.24
989,20230228,7,17,39,1,224.09,0.0,224.09,90.39
990,20230228,4,4,14,3,658.36,0.05,1876.33,959.38
991,20230228,3,25,250,2,387.37,0.0,774.74,225.56
992,20230228,7,6,73,1,350.77,0.2,280.62,129.15
993,20230228,4,10,480,2,655.99,0.0,1311.98,648.16
994,20230228,2,1,173,1,545.21,0.0,545.21,234.5
995,20230228,3,1,351,3,545.21,0.1,1472.07,539.94
996,20230228,7,12,22,2,884.49,0.05,1680.53,903.67
997,20230301,2,9,315,3,296.52,0.0,889.56,217.38
998,20230301,7,5,255,1,98.3,0.1,88.47,32.87
999,20230301,6,12,392,3,884.49,0.0,2653.47,1488.18
1000,20230301,3,27,543,3,636.28,0.0,1908.84,961.32
1001,20230301,1,19,401,3,101.21,0.0,303.63,134.67
1002,20230301,6,27,577,3,636.28,0.0,1908.84,961.32
1003,20230301,1,24,78,1,249.97,0.05,237.47,79.42
1004,20230301,5,15,247,4,134.22,0.0,536.88,273.12
1005,20230301,4,16,109,3,706.85,0.0,2120.55,1223.01
1006,20230301,2,20,410,2,191.18,0.0,382.36,193.1
1007,20230301,1,15,100,3,134.22,0.05,382.53,184.71
1008,20230301,1,26,128,6,105.66,0.0,633.96,130.2
1009,20230301,4,11,441,2,504.67,0.0,1009.34,400.46
1010,20230301,1,29,500,5,354.67,0.0,1773.35,842.0
1011,20230302,2,18,279,5,279.59,0.0,1397.95,445.6
1012,20230302,3,24,104,4,249.97,0.0,999.88,367.68
1013,20230302,3,9,388,1,296.52,0.0,296.52,72.46
1014,20230302,7,27,7,2,636.28,0.0,1272.56,640.88
1015,20230302,7,21,436,4,392.24,0.0,1568.96,858.24
1016,20230302,6,3,88,3,100.1,0.0,300.3,173.7
1017,20230302,1,2,372,3,706.19,0.0,2118.57,1086.12
1018,20230302,1,25,210,1,387.37,0.0,387.37,112.78
1019,20230302,2,26,409,2,105.66,0.0,211.32,43.4
1020,20230302,3,16,112,6,706.85,0.0,4241.1,2446.02
1021,20230302,3,2,22,2,706.19,0.0,1412.38,724.08
1022,20230302,6,9,208,3,296.52,0.0,889.56,217.38
1023,20230303,2,1,518,2,545.21,0.0,1090.42,469.0
1024,20230303,7,1,98,4,545.21,0.0,2180.84,938.0
1025,20230303,2,14,299,2,246.23,0.0,492.46,113.76
1026,20230303,1,13,325,2,460.51,0.0,921.02,296.1
1027,20230303,1,30,16,3,83.21,0.0,249.63,68.97
1028,20230303,3,5,122,1,98.3,0.0,98.3,42.7
1029,20230303,4,28,596,2,609.0,0.0,1218.0,650.92
1030,20230303,1,10,541,1,655.99,0.0,655.99,324.08
1031,20230303,2,29,456,4,354.67,0.0,1418.68,673.6
1032,20230303,1,10,30,2,655.99,0.0,1311.98,648.16
1033,20230303,1,2,68,2,706.19,0.0,1412.38,724.08
1034,20230303,2,14,371,2,246.23,0.0,492.46,113.76
1035,20230303,5,30,266,2,83.21,0.0,166.42,45.98
1036,20230303,2,5,257,1,98.3,0.05,93.38,37.78
1037,20230304,2,5,263,2,98.3,0.05,186.77,75.57
1038,20230304,6,29,325,2,354.67,0.0,709.34,336.8
1039,20230304,3,30,597,3,83.21,0.0,249.63,68.97
1040,20230304,1,16,248,5,706.85,0.0,3534.25,2038.35
1041,20230304,3,24,413,3,249.97,0.0,749.91,275.76
1042,20230304,5,1,431,4,545.21,0.2,1744.67,501.83
1043,20230304,1,8,257,3,272.27,0.0,816.81,276.36
1044,20230304,1,2,158,2,706.19,0.0,1412.38,724.08
1045,20230304,1,9,362,2,296.52,0.0,593.04,144.92
1046,20230304,4,4,3,3,658.36,0.2,1580.06,663.11
1047,20230304,6,6,104,1,350.77,0.05,333.23,181.76
1048,20230304,3,16,540,1,706.85,0.0,706.85,407.67
1049,20230304,6,18,342,3,279.59,0.0,838.77,267.36
1050,20230304,2,18,475,1,279.59,0.05,265.61,75.14
1051,20230304,1,19,512,1,101.21,0.0,101.21,44.89
1052,20230304,2,1,408,3,545.21,0.0,1635.63,703.5
1053,20230304,2,21,189,3,392.24,0.05,1117.88,584.84
1054,20230304,5,3,135,4,100.1,0.0,400.4,231.6
1055,20230305,4,10,257,1,655.99,0.0,655.99,324.08
1056,20230305,1,28,287,4,609.0,0.0,2436.0,1301.84
1057,20230305,1,5,74,1,98.3,0.05,93.38,37.78
1058,20230305,6,3,63,1,100.1,0.1,90.09,47.89
1059,20230305,1,6,62,2,350.77,0.0,701.54,398.6
1060,20230305,6,9,95,1,296.52,0.0,296.52,72.46
1061,20230305,2,7,441,1,569.53,0.0,569.53,310.2
1062,20230305,7,16,544,1,706.85,0.0,706.85,407.67
1063,20230305,1,27,248,5,636.28,0.0,3181.4,1602.2
1064,20230305,5,9,30,1,296.52,0.05,281.69,57.63
1065,20230305,2,30,500,1,83.21,0.0,83.21,22.99
1066,20230305,2,11,514,2,504.67,0.0,1009.34,400.46
1067,20230305,1,29,432,4,354.67,0.2,1134.94,389.86
1068,20230305,6,9,461,5,296.52,0.0,1482.6,362.3
1069,20230305,7,23,230,3,726.04,0.0,2178.12,1176.9
1070,20230305,1,19,550,4,101.21,0.0,404.84,179.56
1071,20230305,3,30,481,1,83.21,0.0,83.21,22.99
1072,20230305,2,20,594,2,191.18,0.0,382.36,193.1
1073,20230305,2,17,368,5,224.09,0.05,1064.43,395.93
1074,20230305,1,28,343,3,609.0,0.0,1827.0,976.38
1075,20230305,1,29,11,2,354.67,0.0,709.34,336.8
1076,20230306,2,12,13,1,884.49,0.0,884.49,496.06
1077,20230306,1,20,404,2,191.18,0.1,344.12,154.86
1078,20230306,2,11,314,3,504.67,0.05,1438.31,524.99
1079,20230306,1,7,549,2,569.53,0.0,1139.06,620.4
1080,20230306,2,30,363,2,83.21,0.0,166.42,45.98
1081,20230306,3,19,371,3,101.21,0.2,242.9,73.94
1082,20230306,7,15,401,4,134.22,0.0,536.88,273.12
1083,20230306,1,23,538,2,726.04,0.1,1306.87,639.39
1084,20230306,1,3,575,2,100.1,0.0,200.2,115.8
1085,20230306,7,1,122,5,545.21,0.0,2726.05,1172.5
1086,20230306,6,2,130,3,706.19,0.0,2118.57,1086.12
1087,20230306,4,4,377,1,658.36,0.1,592.52,286.87
1088,20230306,6,5,437,1,98.3,0.0,98.3,42.7
1089,20230306,5,28,448,1,609.0,0.0,609.0,325.46
1090,20230306,7,8,11,4,272.27,0.0,1089.08,368.48
1091,20230306,2,5,191,3,98.3,0.05,280.15,113.35
1092,20230307,2,11,266,1,504.67,0.0,504.67,200.23
1093,20230307,6,20,109,2,191.18,0.0,382.36,193.1
1094,20230307,2,22,555,3,453.16,0.0,1359.48,514.68
1095,20230307,3,1,40,3,545.21,0.0,1635.63,703.5
1096,20230307,1,25,506,1,387.37,0.05,368.0,93.41
1097,20230307,1,13,331,3,460.51,0.0,1381.53,444.15
1098,20230307,6,30,502,3,83.21,0.0,249.63,68.97
1099,20230307,7,11,214,2,504.67,0.0,1009.34,400.46
1100,20230307,4,1,600,4,545.21,0.1,1962.76,719.92
1101,20230307,1,30,530,3,83.21,0.0,249.63,68.97
1102,20230307,5,13,488,3,460.51,0.05,1312.45,375.07
1103,20230307,6,10,204,1,655.99,0.0,655.99,324.08
1104,20230307,6,4,248,1,658.36,0.0,658.36,352.71
1105,20230307,5,27,366,1,636.28,0.0,636.28,320.44
1106,20230308,2,6,578,2,350.77,0.0,701.54,398.6
1107,20230308,4,19,433,3,101.21,0.0,303.63,134.67
1108,20230308,2,17,93,3,224.09,0.05,638.66,237.56
1109,20230308,7,14,319,3,246.23,0.0,738.69,170.64
1110,20230308,1,12,30,4,884.49,0.0,3537.96,1984.24
1111,20230308,1,18,7,2,279.59,0.1,503.26,122.32
1112,20230308,3,16,511,2,706.85,0.0,1413.7,815.34
1113,20230308,1,8,508,4,272.27,0.0,1089.08,368.48
1114,20230308,7,8,279,1,272.27,0.0,272.27,92.12
1115,20230308,5,12,478,4,884.49,0.0,3537.96,1984.24
1116,20230308,7,19,341,3,101.21,0.0,303.63,134.67
1117,20230309,1,29,581,3,354.67,0.0,1064.01,505.2
1118,20230309,3,18,64,1,279.59,0.0,279.59,89.12
1119,20230309,2,23,92,4,726.04,0.0,2904.16,1569.2
1120,20230309,7,7,53,4,569.53,0.0,2278.12,1240.8
1121,20230309,4,18,481,1,279.59,0.0,279.59,89.12
1122,20230309,6,25,525,3,387.37,0.0,1162.11,338.34
1123,20230309,6,25,327,3,387.37,0.0,1162.11,338.34
1124,20230309,1,29,406,3,354.67,0.0,1064.01,505.2
1125,20230309,2,1,278,1,545.21,0.0,545.21,234.5
1126,20230309,5,16,153,4,706.85,0.0,2827.4,1630.68
1127,20230309,3,17,598,5,224.09,0.0,1120.45,451.95
1128,20230309,4,1,299,1,545.21,0.2,436.17,125.46
1129,20230309,6,17,127,3,224.09,0.05,638.66,237.56
1130,20230309,4,28,119,3,609.0,0.0,1827.0,976.38
1131,20230309,1,12,14,2,884.49,0.0,1768.98,992.12
1132,20230309,7,29,245,4,354.67,0.0,1418.68,673.6
1133,20230309,1,20,495,5,191.18,0.0,955.9,482.75
1134,20230309,6,14,563,3,246.23,0.05,701.76,133.71
1135,20230310,1,10,150,2,655.99,0.0,1311.98,648.16
1136,20230310,4,20,404,2,191.18,0.0,382.36,193.1
1137,20230310,3,24,387,3,249.97,0.0,749.91,275.76
1138,20230310,1,17,411,5,224.09,0.0,1120.45,451.95
1139,20230310,3,14,475,2,246.23,0.0,492.46,113.76
1140,20230310,1,8,331,6,272.27,0.0,1633.62,552.72
1141,20230310,6,22,439,3,453.16,0.0,1359.48,514.68
1142,20230310,2,22,222,4,453.16,0.0,1812.64,686.24
1143,20230310,4,24,260,2,249.97,0.2,399.95,83.85
1144,20230310,1,6,89,1,350.77,0.0,350.77,199.3
1145,20230310,3,28,329,3,609.0,0.0,1827.0,976.38
1146,20230310,1,29,158,2,354.67,0.0,709.34,336.8
1147,20230310,6,1,488,4,545.21,0.0,2180.84,938.0
1148,20230310,3,6,119,2,350.77,0.05,666.46,363.52
1149,20230311,5,15,453,1,134.22,0.0,134.22,68.28
1150,20230311,1,26,292,3,105.66,0.0,316.98,65.1
1151,20230311,7,26,105,2,105.66,0.0,211.32,43.4
1152,20230311,1,10,42,4,655.99,0.1,2361.56,1033.92
1153,20230311,5,14,199,2,246.23,0.0,492.46,113.76
1154,20230311,6,23,273,3,726.04,0.0,2178.12,1176.9
1155,20230311,7,16,363,2,706.85,0.1,1272.33,673.97
1156,20230311,7,9,397,3,296.52,0.0,889.56,217.38
1157,20230311,1,23,211,3,726.04,0.0,2178.12,1176.9
1158,20230311,1,26,155,1,105.66,0.2,84.53,0.57
1159,20230311,3,3,554,3,100.1,0.0,300.3,173.7
1160,20230311,1,23,68,2,726.04,0.0,1452.08,784.6
1161,20230311,6,1,466,3,545.21,0.2,1308.5,376.37
1162,20230311,2,22,236,1,453.16,0.0,453.16,171.56
1163,20230311,4,21,561,3,392.24,0.0,1176.72,643.68
1164,20230311,7,27,183,3,636.28,0.0,1908.84,961.32
1165,20230311,2,9,44,6,296.52,0.0,1779.12,434.76
1166,20230312,6,23,145,3,726.04,0.1,1960.31,959.09
1167,20230312,6,12,581,5,884.49,0.0,4422.45,2480.3
1168,20230312,6,4,350,1,658.36,0.0,658.36,352.71
1169,20230312,1,29,239,3,354.67,0.0,1064.01,505.2
1170,20230312,6,3,34,1,100.1,0.2,80.08,37.88
1171,20230312,1,6,316,1,350.77,0.0,350.77,199.3
1172,20230312,2,24,306,5,249.97,0.0,1249.85,459.6
1173,20230312,5,16,266,5,706.85,0.0,3534.25,2038.35
1174,20230312,1,19,220,2,101.21,0.0,202.42,89.78
1175,20230312,6,29,283,2,354.67,0.0,709.34,336.8
1176,20230312,1,17,448,4,224.09,0.0,896.36,361.56
1177,20230312,1,1,54,1,545.21,0.1,490.69,179.98
1178,20230312,1,12,404,1,884.49,0.0,884.49,496.06
1179,20230312,4,30,160,3,83.21,0.0,249.63,68.97
1180,20230312,1,30,227,1,83.21,0.0,83.21,22.99
1181,20230312,4,26,244,1,105.66,0.1,95.09,11.13
1182,20230312,7,15,491,3,134.22,0.0,402.66,204.84
1183,20230312,5,25,223,2,387.37,0.0,774.74,225.56
1184,20230312,7,17,173,4,224.09,0.0,896.36,361.56
1185,20230313,5,18,477,2,279.59,0.0,559.18,178.24
1186,20230313,2,13,444,1,460.51,0.0,460.51,148.05
1187,20230313,5,20,552,3,191.18,0.05,544.86,260.97
1188,20230313,4,24,78,4,249.97,0.0,999.88,367.68
1189,20230313,6,10,580,1,655.99,0.0,655.99,324.08
1190,20230313,2,18,169,2,279.59,0.05,531.22,150.28
1191,20230313,2,12,15,2,884.49,0.0,1768.98,992.12
1192,20230313,2,29,563,1,354.67,0.0,354.67,168.4
1193,20230313,7,3,221,2,100.1,0.0,200.2,115.8
1194,20230313,5,13,198,1,460.51,0.0,460.51,148.05
1195,20230313,7,1,349,2,545.21,0.0,1090.42,469.0
1196,20230313,4,4,322,3,658.36,0.05,1876.33,959.38
1197,20230313,4,13,287,1,460.51,0.0,460.51,148.05
1198,20230314,7,3,70,4,100.1,0.0,400.4,231.6
1199,20230314,4,14,161,2,246.23,0.0,492.46,113.76
1200,20230314,4,21,199,5,392.24,0.0,1961.2,1072.8
1201,20230314,2,29,243,2,354.67,0.0,709.34,336.8
1202,20230314,6,27,549,3,636.28,0.0,1908.84,961.32
1203,20230314,6,20,95,3,191.18,0.2,458.83,174.94
1204,20230314,2,7,165,2,569.53,0.0,1139.06,620.4
1205,20230314,6,13,355,2,460.51,0.0,921.02,296.1
1206,20230314,3,28,307,1,609.0,0.0,609.0,325.46
1207,20230314,5,8,34,3,272.27,0.0,816.81,276.36
1208,20230314,2,3,3,4,100.1,0.0,400.4,231.6
1209,20230314,3,26,194,1,105.66,0.2,84.53,0.57
1210,20230314,5,14,587,4,246.23,0.05,935.67,178.27
1211,20230315,6,16,334,4,706.85,0.0,2827.4,1630.68
1212,20230315,1,13,218,3,460.51,0.05,1312.45,375.07
1213,20230315,6,27,320,3,636.28,0.0,1908.84,961.32
1214,20230315,2,22,219,2,453.16,0.0,906.32,343.12
1215,20230315,6,30,407,2,83.21,0.0,166.42,45.98
1216,20230315,3,3,179,3,100.1,0.0,300.3,173.7
1217,20230315,6,9,101,4,296.52,0.0,1186.08,289.84
1218,20230315,2,23,72,4,726.04,0.0,2904.16,1569.2
1219,20230315,4,22,53,3,453.16,0.0,1359.48,514.68
1220,20230315,3,20,546,3,191.18,0.0,573.54,289.65
1221,20230315,4,17,183,3,224.09,0.1,605.04,203.94
1222,20230315,6,9,500,1,296.52,0.05,281.69,57.63
1223,20230315,1,4,151,3,658.36,0.0,1975.08,1058.13
1224,20230315,6,21,473,3,392.24,0.0,1176.72,643.68
1225,20230315,2,27,564,2,636.28,0.0,1272.56,640.88
1226,20230315,1,7,102,2,569.53,0.0,1139.06,620.4
1227,20230315,4,6,529,5,350.77,0.1,1578.46,821.11
1228,20230315,2,6,15,1,350.77,0.0,350.77,199.3
1229,20230315,7,9,528,2,296.52,0.0,593.04,144.92
1230,20230315,4,14,562,6,246.23,0.0,1477.38,341.28
1231,20230316,1,25,305,1,387.37,0.0,387.37,112.78
1232,20230316,5,6,8,1,350.77,0.0,350.77,199.3
1233,20230316,6,10,486,2,655.99,0.0,1311.98,648.16
1234,20230316,6,11,535,4,504.67,0.0,2018.68,800.92
1235,20230316,4,1,133,3,545.21,0.0,1635.63,703.5
1236,20230316,2,6,462,2,350.77,0.0,701.54,398.6
1237,20230316,6,12,142,3,884.49,0.1,2388.12,1222.83
1238,20230316,6,20,284,5,191.18,0.0,955.9,482.75
1239,20230316,5,30,585,3,83.21,0.0,249.63,68.97
1240,20230316,4,28,27,1,609.0,0.0,609.0,325.46
1241,20230316,2,28,22,1,609.0,0.0,609.0,325.46
1242,20230316,1,6,78,3,350.77,0.0,1052.31,597.9
1243,20230316,7,5,581,3,98.3,0.0,294.9,128.1
1244,20230316,2,2,515,4,706.19,0.0,2824.76,1448.16
1245,20230316,7,15,232,4,134.22,0.0,536.88,273.12
1246,20230316,1,25,439,3,387.37,0.1,1045.9,222.13
1247,20230316,7,17,260,3,224.09,0.2,537.82,136.72
1248,20230316,3,26,390,1,105.66,0.0,105.66,21.7
1249,20230316,4,4,157,1,658.36,0.1,592.52,286.87
1250,20230316,4,12,59,4,884.49,0.0,3537.96,1984.24
1251,20230317,7,27,497,3,636.28,0.05,1813.4,865.88
1252,20230317,1,8,229,1,272.27,0.0,272.27,92.12
1253,20230317,1,8,466,1,272.27,0.0,272.27,92.12
1254,20230317,6,15,506,2,134.22,0.0,268.44,136.56
1255,20230317,3,27,36,6,636.28,0.0,3817.68,1922.64
1256,20230317,6,1,189,2,545.21,0.0,1090.42,469.0
1257,20230317,2,13,352,5,460.51,0.0,2302.55,740.25
1258,20230317,5,5,244,1,98.3,0.0,98.3,42.7
1259,20230317,1,27,186,1,636.28,0.0,636.28,320.44
1260,20230317,1,7,541,4,569.53,0.0,2278.12,1240.8
1261,20230317,5,10,130,5,655.99,0.0,3279.95,1620.4
1262,20230318,1,11,272,1,504.67,0.05,479.44,175.0
1263,20230318,2,26,381,1,105.66,0.0,105.66,21.7
1264,20230318,3,19,95,3,101.21,0.0,303.63,134.67
1265,20230318,1,17,182,3,224.09,0.1,605.04,203.94
1266,20230318,2,18,315,3,279.59,0.0,838.77,267.36
1267,20230318,7,23,176,3,726.04,0.0,2178.12,1176.9
1268,20230318,1,12,144,4,884.49,0.0,3537.96,1984.24
1269,20230318,4,18,336,2,279.59,0.0,559.18,178.24
1270,20230318,4,26,338,5,105.66,0.0,528.3,108.5
1271,20230318,2,17,112,4,224.09,0.0,896.36,361.56
1272,20230318,7,16,207,1,706.85,0.0,706.85,407.67
1273,20230318,6,13,296,5,460.51,0.0,2302.55,740.25
1274,20230318,6,29,468,2,354.67,0.05,673.87,301.33
1275,20230318,6,29,246,4,354.67,0.0,1418.68,673.6
1276,20230318,6,10,578,3,655.99,0.0,1967.97,972.24
1277,20230318,4,28,386,3,609.0,0.0,1827.0,976.38
1278,20230319,7,8,286,1,272.27,0.05,258.66,78.51
1279,20230319,7,20,469,1,191.18,0.0,191.18,96.55
1280,20230319,6,9,452,1,296.52,0.0,296.52,72.46
1281,20230319,3,18,215,3,279.59,0.0,838.77,267.36
1282,20230319,4,1,163,3,545.21,0.0,1635.63,703.5
1283,20230319,5,16,266,1,706.85,0.0,706.85,407.67
1284,20230319,2,30,418,1,83.21,0.0,83.21,22.99
1285,20230319,7,13,460,3,460.51,0.0,1381.53,444.15
1286,20230319,5,24,189,5,249.97,0.0,1249.85,459.6
1287,20230319,6,24,171,4,249.97,0.0,999.88,367.68
1288,20230319,7,10,316,1,655.99,0.0,655.99,324.08
1289,20230319,5,25,525,5,387.37,0.0,1936.85,563.9
1290,20230319,7,2,39,3,706.19,0.0,2118.57,1086.12
1291,20230319,6,12,152,2,884.49,0.05,1680.53,903.67
1292,20230319,4,10,572,5,655.99,0.0,3279.95,1620.4
1293,20230319,7,14,64,3,246.23,0.0,738.69,170.64
1294,20230319,2,17,577,4,224.09,0.0,896.36,361.56
1295,20230319,7,23,172,3,726.04,0.0,2178.12,1176.9
1296,20230319,2,29,294,1,354.67,0.0,354.67,168.4
1297,20230319,7,23,373,1,726.04,0.0,726.04,392.3
1298,20230319,6,13,396,2,460.51,0.0,921.02,296.1
1299,20230320,3,23,506,5,726.04,0.0,3630.2,1961.5
1300,20230320,4,12,357,3,884.49,0.0,2653.47,1488.18
1301,20230320,2,21,68,3,392.24,0.0,1176.72,643.68
1302,20230320,2,23,56,4,726.04,0.05,2758.95,1423.99
1303,20230320,5,7,364,3,569.53,0.0,1708.59,930.6
1304,20230320,3,14,477,1,246.23,0.0,246.23,56.88
1305,20230320,4,30,577,2,83.21,0.2,133.14,12.7
1306,20230320,7,22,33,4,453.16,0.0,1812.64,686.24
1307,20230320,1,25,549,3,387.37,0.0,1162.11,338.34
1308,20230320,1,21,232,3,392.24,0.05,1117.88,584.84
1309,20230320,4,3,589,1,100.1,0.0,100.1,57.9
1310,20230320,7,23,318,4,726.04,0.0,2904.16,1569.2
1311,20230320,6,25,368,1,387.37,0.05,368.0,93.41
1312,20230320,4,16,257,2,706.85,0.0,1413.7,815.34
1313,20230320,1,23,183,2,726.04,0.0,1452.08,784.6
1314,20230320,2,13,199,3,460.51,0.0,1381.53,444.15
1315,20230321,3,7,186,5,569.53,0.1,2562.88,1266.24
1316,20230321,3,15,323,2,134.22,0.0,268.44,136.56
1317,20230321,1,16,315,2,706.85,0.0,1413.7,815.34
1318,20230321,2,27,311,1,636.28,0.0,636.28,320.44
1319,20230321,1,22,252,3,453.16,0.0,1359.48,514.68
1320,20230321,2,16,250,1,706.85,0.1,636.17,336.99
1321,20230321,7,4,377,3,658.36,0.0,1975.08,1058.13
1322,20230321,6,8,522,1,272.27,0.0,272.27,92.12
1323,20230321,1,24,281,1,249.97,0.0,249.97,91.92
1324,20230321,3,10,173,4,655.99,0.0,2623.96,1296.32
1325,20230321,1,5,135,4,98.3,0.0,393.2,170.8
1326,20230321,7,18,117,1,279.59,0.0,279.59,89.12
1327,20230321,4,28,203,1,609.0,0.05,578.55,295.01
1328,20230321,1,22,186,4,453.16,0.0,1812.64,686.24
1329,20230321,3,10,121,1,655.99,0.0,655.99,324.08
1330,20230321,1,15,172,2,134.22,0.0,268.44,136.56
1331,20230321,1,8,480,6,272.27,0.05,1551.94,471.04
1332,20230322,3,13,100,1,460.51,0.1,414.46,102.0
1333,20230322,7,13,439,2,460.51,0.0,921.02,296.1
1334,20230322,2,1,56,3,545.21,0.0,1635.63,703.5
1335,20230322,2,7,92,4,569.53,0.0,2278.12,1240.8
1336,20230322,7,24,167,1,249.97,0.0,249.97,91.92
1337,20230322,7,13,595,1,460.51,0.1,414.46,102.0
1338,20230322,1,24,344,1,249.97,0.0,249.97,91.92
1339,20230322,7,8,29,4,272.27,0.1,980.17,259.57
1340,20230322,5,17,100,4,224.09,0.0,896.36,361.56
1341,20230322,2,1,20,2,545.21,0.0,1090.42,469.0
1342,20230322,5,5,134,2,98.3,0.0,196.6,85.4
1343,20230322,7,17,298,1,224.09,0.0,224.09,90.39
1344,20230322,3,6,418,4,350.77,0.0,1403.08,797.2
1345,20230322,7,5,62,1,98.3,0.1,88.47,32.87
1346,20230322,3,26,260,5,105.66,0.0,528.3,108.5
1347,20230322,4,11,46,3,504.67,0.0,1514.01,600.69
1348,20230323,2,12,130,4,884.49,0.0,3537.96,1984.24
1349,20230323,6,15,581,4,134.22,0.0,536.88,273.12
1350,20230323,6,29,234,5,354.67,0.1,1596.02,664.67
1351,20230323,3,27,430,1,636.28,0.0,636.28,320.44
1352,20230323,1,9,430,1,296.52,0.0,296.52,72.46
1353,20230323,4,10,550,2,655.99,0.0,1311.98,648.16
1354,20230323,7,20,251,2,191.18,0.0,382.36,193.1
1355,20230323,3,16,363,1,706.85,0.0,706.85,407.67
1356,20230323,3,24,162,3,249.97,0.0,749.91,275.76
1357,20230323,2,22,259,3,453.16,0.0,1359.48,514.68
1358,20230323,1,8,141,4,272.27,0.0,1089.08,368.48
1359,20230323,2,2,580,4,706.19,0.0,2824.76,1448.16
1360,20230323,7,3,448,3,100.1,0.1,270.27,143.67
1361,20230324,5,15,371,1,134.22,0.0,134.22,68.28
1362,20230324,3,17,179,3,224.09,0.0,672.27,271.17
1363,20230324,3,13,331,1,460.51,0.0,460.51,148.05
1364,20230324,3,20,374,5,191.18,0.0,955.9,482.75
1365,20230324,4,13,186,4,460.51,0.0,1842.04,592.2
1366,20230324,2,15,278,4,134.22,0.0,536.88,273.12
1367,20230324,1,12,393,3,884.49,0.0,2653.47,1488.18
1368,20230324,6,10,73,3,655.99,0.0,1967.97,972.24
1369,20230324,6,5,140,2,98.3,0.0,196.6,85.4
1370,20230324,5,18,513,1,279.59,0.0,279.59,89.12
1371,20230324,7,14,221,3,246.23,0.0,738.69,170.64
1372,20230324,5,7,373,1,569.53,0.05,541.05,281.72
1373,20230324,2,18,427,5,279.59,0.0,1397.95,445.6
1374,20230324,1,18,58,2,279.59,0.0,559.18,178.24
1375,20230325,5,27,51,1,636.28,0.05,604.47,288.63
1376,20230325,1,30,446,4,83.21,0.05,316.2,75.32
1377,20230325,6,6,473,4,350.77,0.05,1332.93,727.05
1378,20230325,1,29,63,2,354.67,0.0,709.34,336.8
1379,20230325,1,28,274,1,609.0,0.0,609.0,325.46
1380,20230325,2,27,515,2,636.28,0.0,1272.56,640.88
1381,20230325,6,6,419,2,350.77,0.1,631.39,328.45
1382,20230325,1,20,512,3,191.18,0.1,516.19,232.3
1383,20230325,1,12,180,2,884.49,0.0,1768.98,992.12
1384,20230325,4,18,472,4,279.59,0.05,1062.44,300.56
1385,20230325,2,4,204,3,658.36,0.0,1975.08,1058.13
1386,20230325,1,11,216,1,504.67,0.0,504.67,200.23
1387,20230325,7,26,254,4,105.66,0.0,422.64,86.8
1388,20230325,4,16,263,2,706.85,0.1,1272.33,673.97
1389,20230325,6,28,467,3,609.0,0.1,1644.3,793.68
1390,20230325,1,13,332,5,460.51,0.1,2072.3,510.0
1391,20230325,5,12,183,2,884.49,0.05,1680.53,903.67
1392,20230325,1,15,554,3,134.22,0.0,402.66,204.84
1393,20230326,6,22,415,3,453.16,0.0,1359.48,514.68
1394,20230326,2,23,188,4,726.04,0.0,2904.16,1569.2
1395,20230326,2,29,250,3,354.67,0.2,851.21,292.4
1396,20230326,2,21,272,5,392.24,0.0,1961.2,1072.8
1397,20230326,2,30,247,3,83.21,0.0,249.63,68.97
1398,20230326,7,16,347,1,706.85,0.0,706.85,407.67
1399,20230326,3,23,205,1,726.04,0.0,726.04,392.3
1400,20230326,6,9,371,1,296.52,0.0,296.52,72.46
1401,20230326,4,29,565,3,354.67,0.0,1064.01,505.2
1402,20230326,7,16,91,3,706.85,0.0,2120.55,1223.01
1403,20230327,6,23,227,2,726.04,0.0,1452.08,784.6
1404,20230327,1,27,431,3,636.28,0.0,1908.84,961.32
1405,20230327,4,30,184,5,83.21,0.0,416.05,114.95
1406,20230327,7,8,413,1,272.27,0.0,272.27,92.12
1407,20230327,4,11,278,1,504.67,0.0,504.67,200.23
1408,20230327,5,15,260,2,134.22,0.0,268.44,136.56
1409,20230327,6,5,157,5,98.3,0.05,466.92,188.92
1410,20230327,1,14,8,5,246.23,0.0,1231.15,284.4
1411,20230327,5,7,330,2,569.53,0.1,1025.15,506.49
1412,20230327,1,20,529,1,191.18,0.0,191.18,96.55
1413,20230327,6,8,110,2,272.27,0.0,544.54,184.24
1414,20230327,6,15,378,2,134.22,0.0,268.44,136.56
1415,20230327,5,3,153,2,100.1,0.2,160.16,75.76
1416,20230327,3,18,215,5,279.59,0.0,1397.95,445.6
1417,20230328,5,11,253,1,504.67,0.0,504.67,200.23
1418,20230328,4,14,157,1,246.23,0.0,246.23,56.88
1419,20230328,2,24,181,3,249.97,0.0,749.91,275.76
1420,20230328,4,23,377,4,726.04,0.0,2904.16,1569.2
1421,20230328,1,1,506,3,545.21,0.1,1472.07,539.94
1422,20230328,5,25,226,2,387.37,0.0,774.74,225.56
1423,20230328,2,24,378,4,249.97,0.05,949.89,317.69
1424,20230328,5,19,469,1,101.21,0.0,101.21,44.89
1425,20230328,5,28,395,4,609.0,0.0,2436.0,1301.84
1426,20230328,2,10,104,1,655.99,0.0,655.99,324.08
1427,20230328,6,1,307,1,545.21,0.0,545.21,234.5
1428,20230328,7,1,449,1,545.21,0.0,545.21,234.5
1429,20230328,1,7,581,1,569.53,0.0,569.53,310.2
1430,20230328,6,27,384,3,636.28,0.0,1908.84,961.32
1431,20230328,1,20,134,2,191.18,0.1,344.12,154.86
1432,20230328,1,18,552,1,279.59,0.0,279.59,89.12
1433,20230328,5,23,164,3,726.04,0.0,2178.12,1176.9
1434,20230328,1,7,263,2,569.53,0.0,1139.06,620.4
1435,20230328,7,12,181,3,884.49,0.05,2520.8,1355.51
1436,20230328,4,7,344,5,569.53,0.0,2847.65,1551.0
1437,20230329,4,27,100,2,636.28,0.1,1145.3,513.62
1438,20230329,2,21,304,1,392.24,0.1,353.02,175.34
1439,20230329,7,22,598,1,453.16,0.0,453.16,171.56
1440,20230329,1,13,582,2,460.51,0.0,921.02,296.1
1441,20230329,1,16,218,2,706.85,0.0,1413.7,815.34
1442,20230329,5,8,528,2,272.27,0.0,544.54,184.24
1443,20230329,5,24,352,2,249.97,0.0,499.94,183.84
1444,20230329,1,8,296,1,272.27,0.0,272.27,92.12
1445,20230329,2,29,204,1,354.67,0.05,336.94,150.67
1446,20230329,2,27,343,1,636.28,0.0,636.28,320.44
1447,20230329,3,12,349,2,884.49,0.1,1592.08,815.22
1448,20230329,1,12,431,1,884.49,0.1,796.04,407.61
1449,20230329,4,30,369,3,83.21,0.0,249.63,68.97
1450,20230330,7,22,45,2,453.16,0.0,906.32,343.12
1451,20230330,4,7,511,1,569.53,0.0,569.53,310.2
1452,20230330,7,5,383,2,98.3,0.1,176.94,65.74
1453,20230330,1,29,558,3,354.67,0.0,1064.01,505.2
1454,20230330,7,3,413,1,100.1,0.05,95.09,52.89
1455,20230330,5,30,427,3,83.21,0.2,199.7,19.04
1456,20230330,4,29,481,4,354.67,0.0,1418.68,673.6
1457,20230330,5,1,429,4,545.21,0.0,2180.84,938.0
1458,20230330,2,2,98,3,706.19,0.2,1694.86,662.41
1459,20230331,4,17,297,2,224.09,0.0,448.18,180.78
1460,20230331,2,1,271,3,545.21,0.0,1635.63,703.5
1461,20230331,1,26,357,5,105.66,0.1,475.47,55.67
1462,20230331,6,24,539,1,249.97,0.0,249.97,91.92
1463,20230331,1,4,103,1,658.36,0.0,658.36,352.71
1464,20230331,6,20,405,2,191.18,0.0,382.36,193.1
1465,20230331,2,1,556,2,545.21,0.0,1090.42,469.0
1466,20230331,1,23,485,2,726.04,0.0,1452.08,784.6
1467,20230331,1,16,537,1,706.85,0.0,706.85,407.67
1468,20230331,6,21,210,4,392.24,0.0,1568.96,858.24
1469,20230331,5,13,313,5,460.51,0.0,2302.55,740.25
1470,20230331,1,4,479,1,658.36,0.0,658.36,352.71
1471,20230331,1,30,371,1,83.21,0.05,79.05,18.83
1472,20230331,1,19,442,1,101.21,0.0,101.21,44.89
1473,20230331,7,9,154,3,296.52,0.0,889.56,217.38
1474,20230401,5,9,241,5,296.52,0.0,1482.6,362.3
1475,20230401,7,18,67,3,279.59,0.05,796.83,225.42
1476,20230401,3,22,55,1,453.16,0.0,453.16,171.56
1477,20230401,1,14,169,2,246.23,0.0,492.46,113.76
1478,20230401,6,5,3,2,98.3,0.1,176.94,65.74
1479,20230401,7,30,70,1,83.21,0.0,83.21,22.99
1480,20230401,4,16,253,4,706.85,0.0,2827.4,1630.68
1481,20230401,7,5,123,1,98.3,0.0,98.3,42.7
1482,20230401,4,9,132,2,296.52,0.0,593.04,144.92
1483,20230401,6,22,400,1,453.16,0.0,453.16,171.56
1484,20230401,1,3,247,2,100.1,0.0,200.2,115.8
1485,20230401,1,30,335,3,83.21,0.0,249.63,68.97
1486,20230401,3,26,290,3,105.66,0.0,316.98,65.1
1487,20230401,5,2,514,4,706.19,0.0,2824.76,1448.16
1488,20230401,3,24,426,1,249.97,0.0,249.97,91.92
1489,20230401,1,30,453,2,83.21,0.0,166.42,45.98
1490,20230401,2,17,327,1,224.09,0.0,224.09,90.39
1491,20230401,6,9,69,2,296.52,0.0,593.04,144.92
1492,20230401,7,15,414,4,134.22,0.0,536.88,273.12
1493,20230401,1,1,297,1,545.21,0.0,545.21,234.5
1494,20230401,3,14,433,3,246.23,0.05,701.76,133.71
1495,20230401,7,10,67,1,655.99,0.0,655.99,324.08
1496,20230401,1,9,292,3,296.52,0.0,889.56,217.38
1497,20230401,5,18,97,2,279.59,0.0,559.18,178.24
1498,20230401,1,24,171,2,249.97,0.0,499.94,183.84
1499,20230401,1,30,186,4,83.21,0.0,332.84,91.96
1500,20230401,4,30,456,5,83.21,0.0,416.05,114.95
1501,20230401,7,10,3,5,655.99,0.0,3279.95,1620.4
1502,20230401,6,4,582,3,658.36,0.0,1975.08,1058.13
1503,20230401,1,15,429,2,134.22,0.0,268.44,136.56
1504,20230402,4,9,393,2,296.52,0.0,593.04,144.92
1505,20230402,7,1,390,4,545.21,0.0,2180.84,938.0
1506,20230402,1,26,214,3,105.66,0.0,316.98,65.1
1507,20230402,4,22,321,4,453.16,0.0,1812.64,686.24
1508,20230402,7,1,67,2,545.21,0.0,1090.42,469.0
1509,20230402,5,10,202,1,655.99,0.2,524.79,192.88
1510,20230402,7,19,355,3,101.21,0.0,303.63,134.67
1511,20230402,2,5,98,3,98.3,0.0,294.9,128.1
1512,20230402,1,29,489,1,354.67,0.1,319.2,132.93
1513,20230402,6,8,426,4,272.27,0.0,1089.08,368.48
1514,20230402,4,20,126,1,191.18,0.0,191.18,96.55
1515,20230402,4,22,514,1,453.16,0.0,453.16,171.56
1516,20230402,2,26,55,3,105.66,0.2,253.58,1.7
1517,20230402,7,24,79,4,249.97,0.0,999.88,367.68
1518,20230402,6,22,475,2,453.16,0.0,906.32,343.12
1519,20230403,6,6,451,3,350.77,0.0,1052.31,597.9
1520,20230403,1,5,536,2,98.3,0.0,196.6,85.4
1521,20230403,4,18,282,3,279.59,0.0,838.77,267.36
1522,20230403,2,1,292,5,545.21,0.0,2726.05,1172.5
1523,20230403,2,29,587,2,354.67,0.0,709.34,336.8
1524,20230403,4,5,116,3,98.3,0.2,235.92,69.12
1525,20230403,6,13,139,1,460.51,0.1,414.46,102.0
1526,20230403,1,19,93,2,101.21,0.0,202.42,89.78
1527,20230403,2,2,428,4,706.19,0.0,2824.76,1448.16
1528,20230403,7,25,93,1,387.37,0.0,387.37,112.78
1529,20230403,4,19,17,1,101.21,0.0,101.21,44.89
1530,20230403,4,14,224,2,246.23,0.1,443.21,64.51
1531,20230404,3,12,108,1,884.49,0.0,884.49,496.06
1532,20230404,1,24,191,3,249.97,0.0,749.91,275.76
1533,20230404,7,23,410,3,726.04,0.0,2178.12,1176.9
1534,20230404,7,4,388,3,658.36,0.0,1975.08,1058.13
1535,20230404,3,20,108,3,191.18,0.0,573.54,289.65
1536,20230404,1,26,456,2,105.66,0.0,211.32,43.4
1537,20230404,3,15,232,3,134.22,0.0,402.66,204.84
1538,20230404,3,4,307,4,658.36,0.0,2633.44,1410.84
1539,20230404,3,26,445,3,105.66,0.05,301.13,49.25
1540,20230404,4,1,295,2,545.21,0.0,1090.42,469.0
1541,20230404,4,29,479,2,354.67,0.0,709.34,336.8
1542,20230404,7,7,117,2,569.53,0.1,1025.15,506.49
1543,20230404,1,25,597,1,387.37,0.0,387.37,112.78
1544,20230404,1,24,408,2,249.97,0.1,449.95,133.85
1545,20230404,5,6,526,2,350.77,0.05,666.46,363.52
1546,20230404,1,27,265,1,636.28,0.0,636.28,320.44
1547,20230404,4,26,33,3,105.66,0.0,316.98,65.1
1548,20230404,2,30,561,3,83.21,0.0,249.63,68.97
1549,20230404,7,3,594,1,100.1,0.0,100.1,57.9
1550,20230404,5,18,308,3,279.59,0.0,838.77,267.36
1551,20230405,7,3,307,1,100.1,0.1,90.09,47.89
1552,20230405,2,19,410,5,101.21,0.0,506.05,224.45
1553,20230405,1,6,435,5,350.77,0.0,1753.85,996.5
1554,20230405,4,9,469,1,296.52,0.1,266.87,42.81
1555,20230405,5,7,202,5,569.53,0.0,2847.65,1551.0
1556,20230405,5,3,353,3,100.1,0.0,300.3,173.7
1557,20230405,4,16,418,3,706.85,0.0,2120.55,1223.01
1558,20230405,1,17,590,1,224.09,0.0,224.09,90.39
1559,20230405,1,4,556,2,658.36,0.0,1316.72,705.42
1560,20230405,6,12,153,3,884.49,0.0,2653.47,1488.18
1561,20230405,3,14,541,1,246.23,0.0,246.23,56.88
1562,20230405,1,30,439,4,83.21,0.0,332.84,91.96
1563,20230405,5,22,51,1,453.16,0.0,453.16,171.56
1564,20230405,4,19,253,5,101.21,0.0,506.05,224.45
1565,20230405,4,3,394,3,100.1,0.0,300.3,173.7
1566,20230405,1,6,3,2,350.77,0.0,701.54,398.6
1567,20230405,4,13,69,5,460.51,0.1,2072.3,510.0
1568,20230405,4,1,389,3,545.21,0.0,1635.63,703.5
1569,20230405,1,15,597,1,134.22,0.05,127.51,61.57
1570,20230405,2,11,463,1,504.67,0.0,504.67,200.23
1571,20230405,3,10,164,4,655.99,0.0,2623.96,1296.32
1572,20230405,4,13,229,3,460.51,0.1,1243.38,306.0
1573,20230405,3,29,119,4,354.67,0.1,1276.81,531.73
1574,20230405,1,8,96,1,272.27,0.0,272.27,92.12
1575,20230405,2,19,117,2,101.21,0.05,192.3,79.66
1576,20230405,1,15,127,2,134.22,0.1,241.6,109.72
1577,20230406,1,10,26,3,655.99,0.0,1967.97,972.24
1578,20230406,4,1,435,4,545.21,0.0,2180.84,938.0
1579,20230406,6,16,517,2,706.85,0.0,1413.7,815.34
1580,20230406,1,22,512,2,453.16,0.0,906.32,343.12
1581,20230406,7,10,298,1,655.99,0.2,524.79,192.88
1582,20230406,4,2,107,1,706.19,0.0,706.19,362.04
1583,20230406,5,27,365,1,636.28,0.0,636.28,320.44
1584,20230406,1,24,39,3,249.97,0.0,749.91,275.76
1585,20230406,7,23,7,1,726.04,0.0,726.04,392.3
1586,20230406,4,11,293,2,504.67,0.0,1009.34,400.46
1587,20230407,5,22,393,3,453.16,0.0,1359.48,514.68
1588,20230407,4,9,36,2,296.52,0.05,563.39,115.27
1589,20230407,3,22,93,1,453.16,0.0,453.16,171.56
1590,20230407,3,9,373,4,296.52,0.0,1186.08,289.84
1591,20230407,7,11,278,5,504.67,0.0,2523.35,1001.15
1592,20230407,3,6,471,5,350.77,0.0,1753.85,996.5
1593,20230407,2,8,43,2,272.27,0.0,544.54,184.24
1594,20230407,6,20,578,1,191.18,0.0,191.18,96.55
1595,20230407,3,7,358,1,569.53,0.0,569.53,310.2
1596,20230407,3,16,310,2,706.85,0.0,1413.7,815.34
1597,20230407,1,8,191,4,272.27,0.1,980.17,259.57
1598,20230407,7,24,391,2,249.97,0.0,499.94,183.84
1599,20230407,3,28,512,3,609.0,0.0,1827.0,976.38
1600,20230407,4,20,296,3,191.18,0.0,573.54,289.65
1601,20230407,1,29,382,1,354.67,0.05,336.94,150.67
1602,20230407,1,9,419,1,296.52,0.0,296.52,72.46
1603,20230407,5,2,342,3,706.19,0.0,2118.57,1086.12
1604,20230407,6,10,433,3,655.99,0.0,1967.97,972.24
1605,20230407,3,23,30,3,726.04,0.0,2178.12,1176.9
1606,20230407,3,11,206,3,504.67,0.0,1514.01,600.69
1607,20230408,7,11,124,2,504.67,0.0,1009.34,400.46
1608,20230408,1,11,562,1,504.67,0.0,504.67,200.23
1609,20230408,1,21,363,1,392.24,0.0,392.24,214.56
1610,20230408,5,3,133,1,100.1,0.0,100.1,57.9
1611,20230408,3,2,566,1,706.19,0.0,706.19,362.04
1612,20230408,1,6,140,3,350.77,0.05,999.69,545.28
1613,20230408,5,29,145,1,354.67,0.0,354.67,168.4
1614,20230408,7,20,255,1,191.18,0.0,191.18,96.55
1615,20230408,2,21,146,3,392.24,0.0,1176.72,643.68
1616,20230408,6,16,526,4,706.85,0.2,2261.92,1065.2
1617,20230408,6,19,399,3,101.21,0.05,288.45,119.49
1618,20230408,2,13,409,1,460.51,0.0,460.51,148.05
1619,20230408,4,11,134,2,504.67,0.0,1009.34,400.46
1620,20230408,1,10,108,3,655.99,0.0,1967.97,972.24
1621,20230408,7,5,213,5,98.3,0.0,491.5,213.5
1622,20230408,3,6,588,4,350.77,0.0,1403.08,797.2
1623,20230408,1,16,364,5,706.85,0.0,3534.25,2038.35
1624,20230408,3,21,23,1,392.24,0.0,392.24,214.56
1625,20230409,3,19,386,3,101.21,0.0,303.63,134.67
1626,20230409,2,8,513,2,272.27,0.0,544.54,184.24
1627,20230409,1,29,503,2,354.67,0.0,709.34,336.8
1628,20230409,1,27,118,3,636.28,0.0,1908.84,961.32
1629,20230409,2,9,573,1,296.52,0.05,281.69,57.63
1630,20230409,2,8,72,3,272.27,0.0,816.81,276.36
1631,20230409,6,7,117,2,569.53,0.0,1139.06,620.4
1632,20230409,3,13,264,1,460.51,0.0,460.51,148.05
1633,20230409,1,23,335,1,726.04,0.0,726.04,392.3
1634,20230409,4,8,277,3,272.27,0.05,775.97,235.52
1635,20230410,1,1,189,6,545.21,0.1,2944.13,1079.87
1636,20230410,1,11,263,2,504.67,0.05,958.87,349.99
1637,20230410,2,26,4,1,105.66,0.0,105.66,21.7
1638,20230410,3,28,143,3,609.0,0.0,1827.0,976.38
1639,20230410,1,27,415,4,636.28,0.0,2545.12,1281.76
1640,20230410,2,1,226,1,545.21,0.1,490.69,179.98
1641,20230410,1,5,71,3,98.3,0.0,294.9,128.1
1642,20230410,6,20,470,3,191.18,0.0,573.54,289.65
1643,20230410,2,20,213,2,191.18,0.05,363.24,173.98
1644,20230410,2,9,137,3,296.52,0.0,889.56,217.38
1645,20230410,3,10,35,3,655.99,0.05,1869.57,873.84
1646,20230410,1,11,130,2,504.67,0.2,807.47,198.59
1647,20230410,4,3,197,2,100.1,0.0,200.2,115.8
1648,20230410,7,14,222,1,246.23,0.0,246.23,56.88
1649,20230410,4,7,155,2,569.53,0.0,1139.06,620.4
1650,20230410,2,24,516,1,249.97,0.0,249.97,91.92
1651,20230410,4,9,352,6,296.52,0.1,1601.21,256.85
1652,20230410,2,17,559,3,224.09,0.1,605.04,203.94
1653,20230410,7,10,111,1,655.99,0.2,524.79,192.88
1654,20230410,1,4,11,4,658.36,0.0,2633.44,1410.84
1655,20230411,6,24,544,3,249.97,0.05,712.41,238.26
1656,20230411,2,1,478,1,545.21,0.0,545.21,234.5
1657,20230411,5,22,252,5,453.16,0.0,2265.8,857.8
1658,20230411,4,6,497,1,350.77,0.0,350.77,199.3
1659,20230411,3,7,502,1,569.53,0.0,569.53,310.2
1660,20230411,7,30,264,3,83.21,0.0,249.63,68.97
1661,20230411,2,10,324,2,655.99,0.0,1311.98,648.16
1662,20230411,2,24,557,2,249.97,0.05,474.94,158.84
1663,20230411,3,19,476,2,101.21,0.0,202.42,89.78
1664,20230411,2,6,393,3,350.77,0.0,1052.31,597.9
1665,20230411,1,9,203,1,296.52,0.0,296.52,72.46
1666,20230411,3,26,262,3,105.66,0.0,316.98,65.1
1667,20230411,2,12,158,4,884.49,0.05,3361.06,1807.34
1668,20230411,3,1,233,4,545.21,0.0,2180.84,938.0
1669,20230411,3,28,61,3,609.0,0.0,1827.0,976.38
1670,20230412,7,19,417,6,101.21,0.05,576.9,238.98
1671,20230412,1,29,173,2,354.67,0.0,709.34,336.8
1672,20230412,6,24,224,2,249.97,0.0,499.94,183.84
1673,20230412,1,11,212,4,504.67,0.0,2018.68,800.92
1674,20230412,4,2,169,3,706.19,0.0,2118.57,1086.12
1675,20230412,2,28,81,1,609.0,0.0,609.0,325.46
1676,20230412,6,2,594,3,706.19,0.0,2118.57,1086.12
1677,20230412,4,26,416,3,105.66,0.0,316.98,65.1
1678,20230412,1,22,473,3,453.16,0.05,1291.51,446.71
1679,20230412,2,15,572,2,134.22,0.0,268.44,136.56
1680,20230412,1,18,565,2,279.59,0.0,559.18,178.24
1681,20230412,6,24,54,5,249.97,0.0,1249.85,459.6
1682,20230412,3,14,94,1,246.23,0.05,233.92,44.57
1683,20230412,6,28,272,1,609.0,0.0,609.0,325.46
1684,20230412,1,17,6,1,224.09,0.0,224.09,90.39
1685,20230412,3,15,370,1,134.22,0.0,134.22,68.28
1686,20230412,6,15,288,2,134.22,0.0,268.44,136.56
1687,20230413,1,21,70,3,392.24,0.0,1176.72,643.68
1688,20230413,1,25,96,2,387.37,0.0,774.74,225.56
1689,20230413,1,20,422,4,191.18,0.0,764.72,386.2
1690,20230413,7,22,52,4,453.16,0.0,1812.64,686.24
1691,20230413,2,27,48,2,636.28,0.0,1272.56,640.88
1692,20230413,4,12,53,1,884.49,0.0,884.49,496.06
1693,20230413,4,25,366,1,387.37,0.0,387.37,112.78
1694,20230413,5,19,252,1,101.21,0.05,96.15,39.83
1695,20230413,6,1,308,4,545.21,0.05,2071.8,828.96
1696,20230413,2,17,541,6,224.09,0.0,1344.54,542.34
1697,20230413,1,20,166,4,191.18,0.0,764.72,386.2
1698,20230413,2,25,551,1,387.37,0.0,387.37,112.78
1699,20230414,7,2,149,1,706.19,0.0,706.19,362.04
1700,20230414,5,16,216,3,706.85,0.0,2120.55,1223.01
1701,20230414,1,18,269,1,279.59,0.0,279.59,89.12
1702,20230414,2,13,507,4,460.51,0.0,1842.04,592.2
1703,20230414,4,16,550,2,706.85,0.05,1343.02,744.65
1704,20230414,5,22,167,4,453.16,0.1,1631.38,504.98
1705,20230414,1,19,8,4,101.21,0.0,404.84,179.56
1706,20230414,4,10,546,2,655.99,0.0,1311.98,648.16
1707,20230414,1,28,595,1,609.0,0.0,609.0,325.46
1708,20230414,7,5,303,1,98.3,0.1,88.47,32.87
1709,20230414,2,22,44,1,453.16,0.0,453.16,171.56
1710,20230414,3,30,37,2,83.21,0.05,158.1,37.66
1711,20230414,2,30,350,3,83.21,0.0,249.63,68.97
1712,20230414,4,18,546,3,279.59,0.0,838.77,267.36
1713,20230414,7,6,507,1,350.77,0.0,350.77,199.3
1714,20230414,7,11,402,2,504.67,0.0,1009.34,400.46
1715,20230414,1,27,242,1,636.28,0.1,572.65,256.81
1716,20230414,6,3,157,3,100.1,0.0,300.3,173.7
1717,20230414,1,27,233,2,636.28,0.0,1272.56,640.88
1718,20230414,3,13,588,4,460.51,0.0,1842.04,592.2
1719,20230414,1,20,578,3,191.18,0.1,516.19,232.3
1720,20230415,2,13,598,4,460.51,0.1,1657.84,408.0
1721,20230415,6,24,394,1,249.97,0.0,249.97,91.92
1722,20230415,3,12,391,4,884.49,0.0,3537.96,1984.24
1723,20230415,3,17,482,3,224.09,0.0,672.27,271.17
1724,20230415,1,8,576,3,272.27,0.05,775.97,235.52
1725,20230415,6,8,317,1,272.27,0.05,258.66,78.51
1726,20230415,5,10,203,2,655.99,0.0,1311.98,648.16
1727,20230415,5,9,535,2,296.52,0.0,593.04,144.92
1728,20230415,1,21,40,3,392.24,0.0,1176.72,643.68
1729,20230415,7,27,551,5,636.28,0.0,3181.4,1602.2
1730,20230415,6,27,390,2,636.28,0.0,1272.56,640.88
1731,20230415,1,16,124,1,706.85,0.0,706.85,407.67
1732,20230415,5,17,476,3,224.09,0.0,672.27,271.17
1733,20230415,2,16,139,5,706.85,0.0,3534.25,2038.35
1734,20230415,3,27,542,1,636.28,0.0,636.28,320.44
1735,20230415,4,1,482,2,545.21,0.0,1090.42,469.0
1736,20230415,4,29,154,4,354.67,0.0,1418.68,673.6
1737,20230415,3,23,158,1,726.04,0.05,689.74,356.0
1738,20230415,3,22,175,4,453.16,0.1,1631.38,504.98
1739,20230415,2,16,112,3,706.85,0.0,2120.55,1223.01
1740,20230415,2,13,589,1,460.51,0.0,460.51,148.05
1741,20230415,4,10,144,5,655.99,0.0,3279.95,1620.4
1742,20230415,6,14,395,1,246.23,0.0,246.23,56.88
1743,20230415,7,7,428,1,569.53,0.0,569.53,310.2
1744,20230415,4,30,212,2,83.21,0.0,166.42,45.98
1745,20230416,3,8,269,1,272.27,0.05,258.66,78.51
1746,20230416,1,9,112,4,296.52,0.1,1067.47,171.23
1747,20230416,1,8,558,3,272.27,0.05,775.97,235.52
1748,20230416,5,12,499,5,884.49,0.1,3980.2,2038.06
1749,20230416,6,21,550,3,392.24,0.05,1117.88,584.84
1750,20230416,7,3,389,2,100.1,0.0,200.2,115.8
1751,20230416,6,13,472,1,460.51,0.05,437.48,125.02
1752,20230416,7,13,356,2,460.51,0.0,921.02,296.1
1753,20230416,4,10,286,3,655.99,0.0,1967.97,972.24
1754,20230416,4,2,303,4,706.19,0.0,2824.76,1448.16
1755,20230416,3,6,238,3,350.77,0.05,999.69,545.28
1756,20230417,1,15,592,2,134.22,0.0,268.44,136.56
1757,20230417,2,24,131,1,249.97,0.0,249.97,91.92
1758,20230417,5,24,584,4,249.97,0.0,999.88,367.68
1759,20230417,1,22,360,5,453.16,0.05,2152.51,744.51
1760,20230417,1,12,177,5,884.49,0.05,4201.33,2259.18
1761,20230417,6,1,522,3,545.21,0.0,1635.63,703.5
1762,20230417,6,6,561,2,350.77,0.0,701.54,398.6
1763,20230417,3,6,377,2,350.77,0.2,561.23,258.29
1764,20230417,1,28,520,2,609.0,0.0,1218.0,650.92
1765,20230417,4,26,131,4,105.66,0.0,422.64,86.8
1766,20230417,4,11,276,3,504.67,0.0,1514.01,600.69
1767,20230417,7,7,81,3,569.53,0.0,1708.59,930.6
1768,20230417,5,18,408,4,279.59,0.0,1118.36,356.48
1769,20230417,3,24,214,1,249.97,0.0,249.97,91.92
1770,20230417,4,28,518,5,609.0,0.05,2892.75,1475.05
1771,20230417,2,13,208,4,460.51,0.0,1842.04,592.2
1772,20230417,1,28,102,2,609.0,0.0,1218.0,650.92
1773,20230417,4,11,261,3,504.67,0.0,1514.01,600.69
1774,20230417,4,5,579,1,98.3,0.0,98.3,42.7
1775,20230418,7,22,548,2,453.16,0.05,861.0,297.8
1776,20230418,3,27,402,1,636.28,0.05,604.47,288.63
1777,20230418,1,15,354,4,134.22,0.0,536.88,273.12
1778,20230418,4,29,426,4,354.67,0.0,1418.68,673.6
1779,20230418,5,16,214,5,706.85,0.0,3534.25,2038.35
1780,20230418,7,4,38,3,658.36,0.0,1975.08,1058.13
1781,20230418,7,2,303,4,706.19,0.0,2824.76,1448.16
1782,20230418,7,1,18,3,545.21,0.0,1635.63,703.5
1783,20230418,7,5,318,3,98.3,0.0,294.9,128.1
1784,20230418,4,25,153,4,387.37,0.0,1549.48,451.12
1785,20230418,1,20,27,2,191.18,0.0,382.36,193.1
1786,20230418,7,14,256,3,246.23,0.0,738.69,170.64
1787,20230418,1,8,550,4,272.27,0.0,1089.08,368.48
1788,20230418,6,8,515,1,272.27,0.0,272.27,92.12
1789,20230418,2,16,275,4,706.85,0.0,2827.4,1630.68
1790,20230419,4,17,249,1,224.09,0.05,212.89,79.19
1791,20230419,2,8,470,4,272.27,0.0,1089.08,368.48
1792,20230419,7,18,572,5,279.59,0.0,1397.95,445.6
1793,20230419,4,2,225,3,706.19,0.0,2118.57,1086.12
1794,20230419,3,26,485,1,105.66,0.0,105.66,21.7
1795,20230419,2,25,399,3,387.37,0.0,1162.11,338.34
1796,20230419,1,24,32,5,249.97,0.0,1249.85,459.6
1797,20230419,5,25,283,4,387.37,0.0,1549.48,451.12
1798,20230419,1,7,233,2,569.53,0.1,1025.15,506.49
1799,20230419,1,12,99,2,884.49,0.0,1768.98,992.12
1800,20230419,1,10,473,3,655.99,0.0,1967.97,972.24
1801,20230419,2,12,100,2,884.49,0.0,1768.98,992.12
1802,20230419,4,16,587,2,706.85,0.0,1413.7,815.34
1803,20230419,1,16,493,2,706.85,0.2,1130.96,532.6
1804,20230420,6,16,453,3,706.85,0.0,2120.55,1223.01
1805,20230420,7,16,336,4,706.85,0.1,2544.66,1347.94
1806,20230420,6,28,510,2,609.0,0.0,1218.0,650.92
1807,20230420,7,18,189,1,279.59,0.0,279.59,89.12
1808,20230420,4,30,489,1,83.21,0.0,83.21,22.99
1809,20230420,6,4,218,3,658.36,0.0,1975.08,1058.13
1810,20230420,6,16,362,3,706.85,0.0,2120.55,1223.01
1811,20230420,2,10,234,5,655.99,0.0,3279.95,1620.4
1812,20230420,7,9,473,3,296.52,0.0,889.56,217.38
1813,20230420,1,12,577,4,884.49,0.05,3361.06,1807.34
1814,20230420,3,18,567,2,279.59,0.0,559.18,178.24
1815,20230420,7,24,194,2,249.97,0.0,499.94,183.84
1816,20230420,2,5,494,2,98.3,0.0,196.6,85.4
1817,20230420,7,4,219,3,658.36,0.0,1975.08,1058.13
1818,20230420,6,13,324,1,460.51,0.0,460.51,148.05
1819,20230420,6,15,226,3,134.22,0.0,402.66,204.84
1820,20230421,1,6,96,4,350.77,0.0,1403.08,797.2
1821,20230421,7,30,20,2,83.21,0.0,166.42,45.98
1822,20230421,4,4,135,3,658.36,0.0,1975.08,1058.13
1823,20230421,1,28,432,2,609.0,0.0,1218.0,650.92
1824,20230421,4,29,178,4,354.67,0.0,1418.68,673.6
1825,20230421,4,10,420,2,655.99,0.0,1311.98,648.16
1826,20230421,3,5,114,2,98.3,0.0,196.6,85.4
1827,20230421,3,22,464,2,453.16,0.0,906.32,343.12
1828,20230421,7,17,138,4,224.09,0.0,896.36,361.56
1829,20230421,3,17,459,1,224.09,0.0,224.09,90.39
1830,20230421,2,26,165,1,105.66,0.0,105.66,21.7
1831,20230421,7,16,585,1,706.85,0.0,706.85,407.67
1832,20230421,2,22,451,1,453.16,0.05,430.5,148.9
1833,20230421,3,26,208,1,105.66,0.0,105.66,21.7
1834,20230421,3,28,137,3,609.0,0.0,1827.0,976.38
1835,20230422,6,5,62,1,98.3,0.1,88.47,32.87
1836,20230422,1,13,308,3,460.51,0.0,1381.53,444.15
1837,20230422,5,23,125,1,726.04,0.0,726.04,392.3
1838,20230422,6,4,313,1,658.36,0.0,658.36,352.71
1839,20230422,1,1,391,4,545.21,0.1,1962.76,719.92
1840,20230422,1,15,503,2,134.22,0.0,268.44,136.56
1841,20230422,1,1,404,6,545.21,0.0,3271.26,1407.0
1842,20230422,4,10,491,1,655.99,0.0,655.99,324.08
1843,20230422,3,18,308,2,279.59,0.0,559.18,178.24
1844,20230422,6,6,162,3,350.77,0.0,1052.31,597.9
1845,20230422,7,22,367,5,453.16,0.0,2265.8,857.8
1846,20230422,2,30,239,2,83.21,0.0,166.42,45.98
1847,20230422,5,23,290,3,726.04,0.0,2178.12,1176.9
1848,20230422,1,15,393,4,134.22,0.0,536.88,273.12
1849,20230422,6,22,338,2,453.16,0.0,906.32,343.12
1850,20230422,4,19,559,3,101.21,0.0,303.63,134.67
1851,20230422,6,5,589,2,98.3,0.1,176.94,65.74
1852,20230423,1,22,261,6,453.16,0.05,2583.01,893.41
1853,20230423,1,3,138,3,100.1,0.0,300.3,173.7
1854,20230423,1,22,479,4,453.16,0.0,1812.64,686.24
1855,20230423,5,24,457,1,249.97,0.0,249.97,91.92
1856,20230423,1,19,473,4,101.21,0.2,323.87,98.59
1857,20230423,2,19,278,2,101.21,0.0,202.42,89.78
1858,20230423,4,9,565,1,296.52,0.0,296.52,72.46
1859,20230423,6,26,137,1,105.66,0.1,95.09,11.13
1860,20230423,2,15,155,2,134.22,0.0,268.44,136.56
1861,20230423,7,18,23,4,279.59,0.0,1118.36,356.48
1862,20230423,3,9,576,3,296.52,0.0,889.56,217.38
1863,20230423,5,20,53,1,191.18,0.0,191.18,96.55
1864,20230423,4,14,35,2,246.23,0.0,492.46,113.76
1865,20230423,6,3,518,2,100.1,0.0,200.2,115.8
1866,20230423,5,19,179,2,101.21,0.0,202.42,89.78
1867,20230423,5,12,404,3,884.49,0.0,2653.47,1488.18
1868,20230423,1,2,334,1,706.19,0.0,706.19,362.04
1869,20230423,7,13,98,5,460.51,0.0,2302.55,740.25
1870,20230423,1,4,325,3,658.36,0.0,1975.08,1058.13
1871,20230424,3,3,6,2,100.1,0.0,200.2,115.8
1872,20230424,1,1,142,1,545.21,0.05,517.95,207.24
1873,20230424,2,3,393,1,100.1,0.0,100.1,57.9
1874,20230424,1,6,115,1,350.77,0.0,350.77,199.3
1875,20230424,2,22,250,3,453.16,0.0,1359.48,514.68
1876,20230424,6,20,212,2,191.18,0.0,382.36,193.1
1877,20230424,1,19,356,1,101.21,0.0,101.21,44.89
1878,20230424,6,17,529,1,224.09,0.0,224.09,90.39
1879,20230424,1,26,221,3,105.66,0.0,316.98,65.1
1880,20230424,6,23,120,3,726.04,0.0,2178.12,1176.9
1881,20230424,5,24,331,4,249.97,0.0,999.88,367.68
1882,20230424,3,15,464,3,134.22,0.0,402.66,204.84
1883,20230424,1,8,266,3,272.27,0.0,816.81,276.36
1884,20230424,4,1,559,4,545.21,0.0,2180.84,938.0
1885,20230424,2,12,30,1,884.49,0.0,884.49,496.06
1886,20230424,7,21,279,2,392.24,0.1,706.03,350.67
1887,20230424,2,26,16,5,105.66,0.0,528.3,108.5
1888,20230424,3,22,449,3,453.16,0.2,1087.58,242.78
1889,20230425,3,20,287,1,191.18,0.0,191.18,96.55
1890,20230425,4,28,185,4,609.0,0.0,2436.0,1301.84
1891,20230425,2,22,53,2,453.16,0.2,725.06,161.86
1892,20230425,2,18,21,3,279.59,0.0,838.77,267.36
1893,20230425,1,20,570,6,191.18,0.0,1147.08,579.3
1894,20230425,3,29,235,4,354.67,0.0,1418.68,673.6
1895,20230425,6,25,345,1,387.37,0.0,387.37,112.78
1896,20230425,4,22,501,2,453.16,0.0,906.32,343.12
1897,20230425,4,6,75,2,350.77,0.2,561.23,258.29
1898,20230425,4,6,217,5,350.77,0.0,1753.85,996.5
1899,20230425,6,22,580,4,453.16,0.0,1812.64,686.24
1900,20230425,4,21,466,3,392.24,0.0,1176.72,643.68
1901,20230425,6,28,397,4,609.0,0.0,2436.0,1301.84
1902,20230425,2,8,186,4,272.27,0.0,1089.08,368.48
1903,20230425,7,28,181,1,609.0,0.0,609.0,325.46
1904,20230425,6,30,148,1,83.21,0.0,83.21,22.99
1905,20230425,2,18,92,3,279.59,0.0,838.77,267.36
1906,20230425,1,30,51,1,83.21,0.0,83.21,22.99
1907,20230425,1,27,343,2,636.28,0.0,1272.56,640.88
1908,20230426,2,24,179,4,249.97,0.0,999.88,367.68
1909,20230426,7,7,284,3,569.53,0.0,1708.59,930.6
1910,20230426,4,9,5,1,296.52,0.0,296.52,72.46
1911,20230426,1,11,280,1,504.67,0.1,454.2,149.76
1912,20230426,2,12,40,4,884.49,0.0,3537.96,1984.24
1913,20230426,1,12,167,4,884.49,0.0,3537.96,1984.24
1914,20230426,5,25,214,2,387.37,0.2,619.79,70.61
1915,20230426,2,13,253,2,460.51,0.0,921.02,296.1
1916,20230426,4,26,291,1,105.66,0.0,105.66,21.7
1917,20230426,7,30,231,2,83.21,0.0,166.42,45.98
1918,20230426,2,7,561,3,569.53,0.0,1708.59,930.6
1919,20230426,1,30,352,2,83.21,0.0,166.42,45.98
1920,20230426,4,20,514,4,191.18,0.0,764.72,386.2
1921,20230426,4,7,155,2,569.53,0.0,1139.06,620.4
1922,20230426,2,20,421,3,191.18,0.1,516.19,232.3
1923,20230426,1,22,579,3,453.16,0.0,1359.48,514.68
1924,20230426,7,14,464,5,246.23,0.0,1231.15,284.4
1925,20230426,2,25,313,1,387.37,0.0,387.37,112.78
1926,20230426,2,19,81,2,101.21,0.0,202.42,89.78
1927,20230426,4,9,332,1,296.52,0.0,296.52,72.46
1928,20230426,2,4,215,1,658.36,0.1,592.52,286.87
1929,20230426,3,27,359,4,636.28,0.0,2545.12,1281.76
1930,20230427,7,9,101,2,296.52,0.0,593.04,144.92
1931,20230427,6,23,428,2,726.04,0.0,1452.08,784.6
1932,20230427,6,6,257,5,350.77,0.0,1753.85,996.5
1933,20230427,4,3,33,1,100.1,0.0,100.1,57.9
1934,20230427,1,4,67,3,658.36,0.0,1975.08,1058.13
1935,20230427,6,29,509,3,354.67,0.0,1064.01,505.2
1936,20230427,4,18,190,3,279.59,0.0,838.77,267.36
1937,20230427,6,6,180,5,350.77,0.1,1578.46,821.11
1938,20230427,5,8,47,2,272.27,0.0,544.54,184.24
1939,20230427,1,12,487,5,884.49,0.0,4422.45,2480.3
1940,20230427,2,23,485,2,726.04,0.0,1452.08,784.6
1941,20230427,2,5,153,1,98.3,0.0,98.3,42.7
1942,20230427,4,18,247,4,279.59,0.0,1118.36,356.48
1943,20230427,1,19,181,2,101.21,0.0,202.42,89.78
1944,20230427,3,5,106,1,98.3,0.1,88.47,32.87
1945,20230427,4,27,161,4,636.28,0.0,2545.12,1281.76
1946,20230427,4,3,13,4,100.1,0.0,400.4,231.6
1947,20230428,4,20,85,4,191.18,0.0,764.72,386.2
1948,20230428,3,21,174,3,392.24,0.0,1176.72,643.68
1949,20230428,2,16,408,5,706.85,0.0,3534.25,2038.35
1950,20230428,3,1,521,3,545.21,0.0,1635.63,703.5
1951,20230428,1,25,595,4,387.37,0.0,1549.48,451.12
1952,20230428,1,20,225,4,191.18,0.05,726.48,347.96
1953,20230428,6,25,30,5,387.37,0.0,1936.85,563.9
1954,20230428,2,26,524,2,105.66,0.0,211.32,43.4
1955,20230428,2,1,181,4,545.21,0.0,2180.84,938.0
1956,20230428,1,19,256,1,101.21,0.1,91.09,34.77
1957,20230428,6,14,230,1,246.23,0.1,221.61,32.26
1958,20230428,5,5,311,2,98.3,0.0,196.6,85.4
1959,20230428,4,10,406,4,655.99,0.05,2492.76,1165.12
1960,20230428,4,6,411,2,350.77,0.0,701.54,398.6
1961,20230428,3,2,222,1,706.19,0.0,706.19,362.04
1962,20230428,3,13,443,4,460.51,0.0,1842.04,592.2
1963,20230428,5,15,418,1,134.22,0.0,134.22,68.28
1964,20230428,1,15,273,6,134.22,0.0,805.32,409.68
1965,20230428,3,28,594,1,609.0,0.0,609.0,325.46
1966,20230428,7,18,97,2,279.59,0.0,559.18,178.24
1967,20230428,7,2,297,1,706.19,0.2,564.95,220.8
1968,20230429,2,4,302,3,658.36,0.0,1975.08,1058.13
1969,20230429,6,14,320,5,246.23,0.0,1231.15,284.4
1970,20230429,3,22,322,1,453.16,0.0,453.16,171.56
1971,20230429,4,3,360,3,100.1,0.0,300.3,173.7
1972,20230429,6,21,559,2,392.24,0.0,784.48,429.12
1973,20230429,5,19,188,2,101.21,0.0,202.42,89.78
1974,20230429,7,5,387,3,98.3,0.2,235.92,69.12
1975,20230429,1,22,68,3,453.16,0.0,1359.48,514.68
1976,20230429,5,4,422,4,658.36,0.0,2633.44,1410.84
1977,20230429,3,13,229,1,460.51,0.0,460.51,148.05
1978,20230430,6,6,315,4,350.77,0.0,1403.08,797.2
1979,20230430,7,30,467,2,83.21,0.05,158.1,37.66
1980,20230430,4,29,123,2,354.67,0.0,709.34,336.8
1981,20230430,7,11,527,5,504.67,0.0,2523.35,1001.15
1982,20230430,6,7,412,3,569.53,0.0,1708.59,930.6
1983,20230430,7,4,207,2,658.36,0.0,1316.72,705.42
1984,20230430,1,9,567,2,296.52,0.0,593.04,144.92
1985,20230430,1,11,350,2,504.67,0.0,1009.34,400.46
1986,20230430,6,19,441,6,101.21,0.05,576.9,238.98
1987,20230430,7,15,50,3,134.22,0.0,402.66,204.84
1988,20230430,4,9,467,2,296.52,0.0,593.04,144.92
1989,20230430,3,12,312,4,884.49,0.0,3537.96,1984.24
1990,20230430,6,1,18,3,545.21,0.1,1472.07,539.94
1991,20230501,4,16,548,4,706.85,0.0,2827.4,1630.68
1992,20230501,3,29,28,4,354.67,0.05,1347.75,602.67
1993,20230501,4,4,544,1,658.36,0.0,658.36,352.71
1994,20230501,1,8,371,5,272.27,0.0,1361.35,460.6
1995,20230501,4,12,245,1,884.49,0.0,884.49,496.06
1996,20230501,6,10,101,3,655.99,0.05,1869.57,873.84
1997,20230501,6,2,115,4,706.19,0.0,2824.76,1448.16
1998,20230501,3,27,393,3,636.28,0.0,1908.84,961.32
1999,20230501,3,9,317,2,296.52,0.05,563.39,115.27
2000,20230501,3,23,108,3,726.04,0.0,2178.12,1176.9
2001,20230501,1,6,572,1,350.77,0.0,350.77,199.3
2002,20230501,4,6,140,1,350.77,0.0,350.77,199.3
2003,20230501,6,10,482,1,655.99,0.1,590.39,258.48
2004,20230501,7,8,486,5,272.27,0.0,1361.35,460.6
2005,20230501,1,2,112,6,706.19,0.0,4237.14,2172.24
2006,20230501,1,12,400,1,884.49,0.0,884.49,496.06
2007,20230501,1,24,73,3,249.97,0.0,749.91,275.76
2008,20230502,3,26,566,2,105.66,0.0,211.32,43.4
2009,20230502,7,15,566,4,134.22,0.0,536.88,273.12
2010,20230502,6,2,295,5,706.19,0.1,3177.86,1457.11
2011,20230502,6,7,307,4,569.53,0.05,2164.21,1126.89
2012,20230502,4,8,243,2,272.27,0.0,544.54,184.24
2013,20230502,5,13,236,4,460.51,0.0,1842.04,592.2
2014,20230502,4,30,84,4,83.21,0.1,299.56,58.68
2015,20230502,1,24,291,2,249.97,0.0,499.94,183.84
2016,20230502,7,1,428,3,545.21,0.0,1635.63,703.5
2017,20230502,7,14,85,1,246.23,0.0,246.23,56.88
2018,20230502,3,4,276,2,658.36,0.0,1316.72,705.42
2019,20230502,2,14,245,3,246.23,0.0,738.69,170.64
2020,20230502,6,7,526,1,569.53,0.0,569.53,310.2
2021,20230502,5,11,172,4,504.67,0.0,2018.68,800.92
2022,20230503,4,15,252,2,134.22,0.0,268.44,136.56
2023,20230503,2,4,165,3,658.36,0.0,1975.08,1058.13
2024,20230503,1,28,198,3,609.0,0.0,1827.0,976.38
2025,20230503,4,20,126,3,191.18,0.0,573.54,289.65
2026,20230503,4,6,105,1,350.77,0.2,280.62,129.15
2027,20230503,7,12,150,5,884.49,0.0,4422.45,2480.3
2028,20230503,2,11,67,4,504.67,0.0,2018.68,800.92
2029,20230503,6,24,195,2,249.97,0.0,499.94,183.84
2030,20230503,6,26,224,3,105.66,0.0,316.98,65.1
2031,20230503,1,12,214,1,884.49,0.0,884.49,496.06
2032,20230503,3,16,225,2,706.85,0.0,1413.7,815.34
2033,20230503,7,14,498,1,246.23,0.0,246.23,56.88
2034,20230503,3,27,592,2,636.28,0.0,1272.56,640.88
2035,20230503,1,12,105,1,884.49,0.0,884.49,496.06
2036,20230503,7,22,476,2,453.16,0.0,906.32,343.12
2037,20230503,7,1,424,5,545.21,0.0,2726.05,1172.5
2038,20230503,7,3,546,2,100.1,0.0,200.2,115.8
2039,20230504,1,13,531,4,460.51,0.0,1842.04,592.2
2040,20230504,5,23,250,3,726.04,0.0,2178.12,1176.9
2041,20230504,1,19,511,2,101.21,0.0,202.42,89.78
2042,20230504,1,24,256,1,249.97,0.0,249.97,91.92
2043,20230504,3,2,448,2,706.19,0.0,1412.38,724.08
2044,20230504,2,24,200,2,249.97,0.0,499.94,183.84
2045,20230504,4,28,453,2,609.0,0.0,1218.0,650.92
2046,20230504,5,3,165,3,100.1,0.0,300.3,173.7
2047,20230504,7,2,478,3,706.19,0.0,2118.57,1086.12
2048,20230504,3,11,343,1,504.67,0.0,504.67,200.23
2049,20230504,3,13,180,3,460.51,0.0,1381.53,444.15
2050,20230505,1,30,204,1,83.21,0.0,83.21,22.99
2051,20230505,1,1,77,1,545.21,0.0,545.21,234.5
2052,20230505,6,1,229,1,545.21,0.0,545.21,234.5
2053,20230505,1,2,586,6,706.19,0.2,3389.71,1324.81
2054,20230505,3,4,477,1,658.36,0.1,592.52,286.87
2055,20230505,4,28,77,5,609.0,0.2,2436.0,1018.3
2056,20230505,3,5,304,1,98.3,0.0,98.3,42.7
2057,20230505,1,16,470,4,706.85,0.0,2827.4,1630.68
2058,20230505,6,17,272,2,224.09,0.0,448.18,180.78
2059,20230505,6,17,10,1,224.09,0.0,224.09,90.39
2060,20230505,1,21,383,3,392.24,0.0,1176.72,643.68
2061,20230505,2,5,483,3,98.3,0.0,294.9,128.1
2062,20230505,1,26,223,4,105.66,0.1,380.38,44.54
2063,20230505,1,15,410,1,134.22,0.0,134.22,68.28
2064,20230505,2,29,448,4,354.67,0.0,1418.68,673.6
2065,20230505,3,17,50,4,224.09,0.0,896.36,361.56
2066,20230505,3,10,421,4,655.99,0.1,2361.56,1033.92
2067,20230506,1,11,359,3,504.67,0.0,1514.01,600.69
2068,20230506,2,8,156,2,272.27,0.0,544.54,184.24
2069,20230506,1,12,583,3,884.49,0.0,2653.47,1488.18
2070,20230506,5,26,539,2,105.66,0.0,211.32,43.4
2071,20230506,6,9,124,3,296.52,0.0,889.56,217.38
2072,20230506,2,29,46,1,354.67,0.0,354.67,168.4
2073,20230506,4,4,598,4,658.36,0.05,2501.77,1279.17
2074,20230506,2,29,197,2,354.67,0.0,709.34,336.8
2075,20230506,5,18,582,5,279.59,0.0,1397.95,445.6
2076,20230506,4,16,372,2,706.85,0.0,1413.7,815.34
2077,20230507,2,30,542,3,83.21,0.0,249.63,68.97
2078,20230507,6,16,521,2,706.85,0.0,1413.7,815.34
2079,20230507,1,5,512,3,98.3,0.0,294.9,128.1
2080,20230507,6,17,63,4,224.09,0.0,896.36,361.56
2081,20230507,1,29,33,3,354.67,0.1,957.61,398.8
2082,20230507,1,7,43,2,569.53,0.0,1139.06,620.4
2083,20230507,2,9,1,4,296.52,0.0,1186.08,289.84
2084,20230507,4,20,23,4,191.18,0.1,688.25,309.73
2085,20230507,3,28,590,2,609.0,0.0,1218.0,650.92
2086,20230507,1,17,428,6,224.09,0.05,1277.31,475.11
2087,20230507,2,17,555,5,224.09,0.0,1120.45,451.95
2088,20230507,4,27,296,1,636.28,0.0,636.28,320.44
2089,20230507,1,9,531,2,296.52,0.0,593.04,144.92
2090,20230507,4,12,275,2,884.49,0.2,1415.18,638.32
2091,20230507,2,28,199,3,609.0,0.05,1735.65,885.03
2092,20230507,5,3,313,2,100.1,0.0,200.2,115.8
2093,20230507,1,30,514,3,83.21,0.1,224.67,44.01
2094,20230507,1,13,198,3,460.51,0.05,1312.45,375.07
2095,20230508,6,26,567,2,105.66,0.0,211.32,43.4
2096,20230508,3,6,159,1,350.77,0.0,350.77,199.3
2097,20230508,3,18,541,4,279.59,0.0,1118.36,356.48
2098,20230508,7,9,321,4,296.52,0.0,1186.08,289.84
2099,20230508,2,25,86,4,387.37,0.0,1549.48,451.12
2100,20230508,2,30,210,5,83.21,0.05,395.25,94.15
2101,20230508,4,20,481,2,191.18,0.0,382.36,193.1
2102,20230508,7,8,203,4,272.27,0.0,1089.08,368.48
2103,20230508,7,20,376,4,191.18,0.05,726.48,347.96
2104,20230508,2,24,102,3,249.97,0.05,712.41,238.26
2105,20230508,1,28,471,2,609.0,0.0,1218.0,650.92
2106,20230508,4,19,577,4,101.21,0.0,404.84,179.56
2107,20230508,2,6,1,1,350.77,0.0,350.77,199.3
2108,20230508,4,25,59,4,387.37,0.0,1549.48,451.12
2109,20230508,4,17,227,5,224.09,0.0,1120.45,451.95
2110,20230508,1,2,391,6,706.19,0.0,4237.14,2172.24
2111,20230508,7,24,403,4,249.97,0.0,999.88,367.68
2112,20230508,5,24,39,3,249.97,0.05,712.41,238.26
2113,20230508,7,25,65,4,387.37,0.0,1549.48,451.12
2114,20230508,1,3,5,4,100.1,0.0,400.4,231.6
2115,20230508,1,16,413,3,706.85,0.1,1908.5,1010.96
2116,20230509,2,19,101,3,101.21,0.0,303.63,134.67
2117,20230509,2,2,410,3,706.19,0.0,2118.57,1086.12
2118,20230509,2,30,277,2,83.21,0.0,166.42,45.98
2119,20230509,1,15,554,3,134.22,0.0,402.66,204.84
2120,20230509,6,11,142,2,504.67,0.0,1009.34,400.46
2121,20230509,6,4,361,2,658.36,0.05,1250.88,639.58
2122,20230509,1,25,373,3,387.37,0.0,1162.11,338.34
2123,20230509,5,4,511,1,658.36,0.0,658.36,352.71
2124,20230509,2,17,78,5,224.09,0.0,1120.45,451.95
2125,20230509,7,3,128,1,100.1,0.0,100.1,57.9
2126,20230509,2,22,331,5,453.16,0.05,2152.51,744.51
2127,20230509,1,19,249,3,101.21,0.0,303.63,134.67
2128,20230510,2,20,68,2,191.18,0.0,382.36,193.1
2129,20230510,3,10,21,3,655.99,0.0,1967.97,972.24
2130,20230510,2,23,372,2,726.04,0.0,1452.08,784.6
2131,20230510,1,21,190,4,392.24,0.05,1490.51,779.79
2132,20230510,7,12,315,4,884.49,0.0,3537.96,1984.24
2133,20230510,7,13,264,1,460.51,0.0,460.51,148.05
2134,20230510,1,7,10,4,569.53,0.05,2164.21,1126.89
2135,20230510,4,20,132,2,191.18,0.0,382.36,193.1
2136,20230510,1,19,210,5,101.21,0.0,506.05,224.45
2137,20230510,2,8,137,2,272.27,0.0,544.54,184.24
2138,20230510,4,14,348,2,246.23,0.05,467.84,89.14
2139,20230510,2,5,589,3,98.3,0.0,294.9,128.1
2140,20230511,1,5,549,3,98.3,0.0,294.9,128.1
2141,20230511,2,22,290,3,453.16,0.0,1359.48,514.68
2142,20230511,3,8,534,3,272.27,0.0,816.81,276.36
2143,20230511,4,15,153,2,134.22,0.0,268.44,136.56
2144,20230511,1,19,201,3,101.21,0.0,303.63,134.67
2145,20230511,4,7,308,2,569.53,0.0,1139.06,620.4
2146,20230511,5,18,142,6,279.59,0.0,1677.54,534.72
2147,20230511,4,9,15,1,296.52,0.1,266.87,42.81
2148,20230511,2,21,371,2,392.24,0.0,784.48,429.12
2149,20230511,3,19,255,3,101.21,0.2,242.9,73.94
2150,20230511,5,10,382,3,655.99,0.0,1967.97,972.24
2151,20230511,3,11,55,1,504.67,0.0,504.67,200.23
2152,20230511,1,20,537,2,191.18,0.0,382.36,193.1
2153,20230511,7,24,93,1,249.97,0.0,249.97,91.92
2154,20230511,6,3,195,4,100.1,0.0,400.4,231.6
2155,20230512,6,20,263,1,191.18,0.0,191.18,96.55
2156,20230512,1,29,251,1,354.67,0.0,354.67,168.4
2157,20230512,5,13,325,1,460.51,0.0,460.51,148.05
2158,20230512,1,16,228,4,706.85,0.1,2544.66,1347.94
2159,20230512,7,5,443,1,98.3,0.0,98.3,42.7
2160,20230512,7,8,81,1,272.27,0.0,272.27,92.12
2161,20230512,1,2,74,4,706.19,0.0,2824.76,1448.16
2162,20230512,1,22,287,1,453.16,0.0,453.16,171.56
2163,20230512,4,6,140,1,350.77,0.0,350.77,199.3
2164,20230512,3,21,265,1,392.24,0.05,372.63,194.95
2165,20230512,4,7,104,1,569.53,0.0,569.53,310.2
2166,20230512,5,15,155,1,134.22,0.0,134.22,68.28
2167,20230512,5,26,22,5,105.66,0.0,528.3,108.5
2168,20230512,4,21,503,5,392.24,0.0,1961.2,1072.8
2169,20230512,7,10,556,2,655.99,0.0,1311.98,648.16
2170,20230512,1,23,570,2,726.04,0.0,1452.08,784.6
2171,20230512,1,10,5,3,655.99,0.0,1967.97,972.24
2172,20230512,7,13,362,1,460.51,0.0,460.51,148.05
2173,20230512,2,13,586,1,460.51,0.05,437.48,125.02
2174,20230512,4,23,593,4,726.04,0.0,2904.16,1569.2
2175,20230513,2,26,335,1,105.66,0.0,105.66,21.7
2176,20230513,5,15,235,1,134.22,0.0,134.22,68.28
2177,20230513,1,4,589,4,658.36,0.0,2633.44,1410.84
2178,20230513,1,25,58,4,387.37,0.0,1549.48,451.12
2179,20230513,2,25,355,5,387.37,0.0,1936.85,563.9
2180,20230513,3,2,307,2,706.19,0.0,1412.38,724.08
2181,20230513,2,9,72,3,296.52,0.0,889.56,217.38
2182,20230513,7,17,102,2,224.09,0.0,448.18,180.78
2183,20230513,5,17,406,3,224.09,0.0,672.27,271.17
2184,20230513,4,18,492,1,279.59,0.0,279.59,89.12
2185,20230513,1,25,43,2,387.37,0.05,736.0,186.82
2186,20230513,1,20,405,1,191.18,0.1,172.06,77.43
2187,20230514,6,18,352,1,279.59,0.0,279.59,89.12
2188,20230514,1,2,62,3,706.19,0.0,2118.57,1086.12
2189,20230514,7,26,457,4,105.66,0.0,422.64,86.8
2190,20230514,1,26,527,2,105.66,0.0,211.32,43.4
2191,20230514,3,17,277,5,224.09,0.0,1120.45,451.95
2192,20230514,1,29,215,3,354.67,0.0,1064.01,505.2
2193,20230514,2,14,39,3,246.23,0.0,738.69,170.64
2194,20230514,5,15,2,3,134.22,0.0,402.66,204.84
2195,20230514,7,25,286,5,387.37,0.0,1936.85,563.9
2196,20230514,1,7,492,5,569.53,0.0,2847.65,1551.0
2197,20230514,5,8,280,4,272.27,0.0,1089.08,368.48
2198,20230514,7,9,579,3,296.52,0.0,889.56,217.38
2199,20230515,3,19,337,2,101.21,0.0,202.42,89.78
2200,20230515,3,6,267,3,350.77,0.0,1052.31,597.9
2201,20230515,1,6,159,2,350.77,0.0,701.54,398.6
2202,20230515,1,16,564,2,706.85,0.0,1413.7,815.34
2203,20230515,1,29,528,1,354.67,0.0,354.67,168.4
2204,20230515,7,4,380,2,658.36,0.0,1316.72,705.42
2205,20230515,1,27,489,1,636.28,0.0,636.28,320.44
2206,20230515,4,5,518,3,98.3,0.0,294.9,128.1
2207,20230515,7,30,158,3,83.21,0.1,224.67,44.01
2208,20230515,1,25,431,4,387.37,0.0,1549.48,451.12
2209,20230515,5,5,175,1,98.3,0.0,98.3,42.7
2210,20230515,6,12,522,3,884.49,0.0,2653.47,1488.18
2211,20230515,1,11,150,2,504.67,0.0,1009.34,400.46
2212,20230515,1,3,239,2,100.1,0.0,200.2,115.8
2213,20230515,1,20,6,2,191.18,0.0,382.36,193.1
2214,20230515,3,14,107,3,246.23,0.0,738.69,170.64
2215,20230515,6,1,295,2,545.21,0.0,1090.42,469.0
2216,20230515,7,2,393,1,706.19,0.0,706.19,362.04
2217,20230515,2,28,218,1,609.0,0.0,609.0,325.46
2218,20230516,2,28,93,2,609.0,0.0,1218.0,650.92
2219,20230516,1,15,288,1,134.22,0.0,134.22,68.28
2220,20230516,7,12,346,2,884.49,0.05,1680.53,903.67
2221,20230516,2,7,201,3,569.53,0.0,1708.59,930.6
2222,20230516,5,4,550,3,658.36,0.0,1975.08,1058.13
2223,20230516,1,19,155,2,101.21,0.0,202.42,89.78
2224,20230516,6,6,495,1,350.77,0.0,350.77,199.3
2225,20230516,5,12,403,1,884.49,0.2,707.59,319.16
2226,20230516,3,18,68,1,279.59,0.05,265.61,75.14
2227,20230516,6,13,553,2,460.51,0.0,921.02,296.1
2228,20230516,6,1,363,1,545.21,0.1,490.69,179.98
2229,20230516,7,17,223,2,224.09,0.0,448.18,180.78
2230,20230517,1,26,474,2,105.66,0.0,211.32,43.4
2231,20230517,3,4,369,2,658.36,0.0,1316.72,705.42
2232,20230517,6,13,493,1,460.51,0.0,460.51,148.05
2233,20230517,2,5,228,5,98.3,0.0,491.5,213.5
2234,20230517,5,8,276,3,272.27,0.0,816.81,276.36
2235,20230517,6,13,341,1,460.51,0.0,460.51,148.05
2236,20230517,6,30,551,3,83.21,0.0,249.63,68.97
2237,20230517,2,11,106,1,504.67,0.0,504.67,200.23
2238,20230517,7,19,447,4,101.21,0.05,384.6,159.32
2239,20230517,3,27,468,6,636.28,0.1,3435.91,1540.87
2240,20230517,1,6,311,3,350.77,0.1,947.08,492.67
2241,20230517,7,8,125,5,272.27,0.1,1225.21,324.46
2242,20230517,1,20,253,2,191.18,0.0,382.36,193.1
2243,20230517,6,29,104,2,354.67,0.0,709.34,336.8
2244,20230517,3,17,244,2,224.09,0.1,403.36,135.96
2245,20230517,5,28,412,3,609.0,0.0,1827.0,976.38
2246,20230517,2,28,111,1,609.0,0.0,609.0,325.46
2247,20230517,7,18,231,4,279.59,0.0,1118.36,356.48
2248,20230517,5,25,510,3,387.37,0.0,1162.11,338.34
2249,20230518,7,17,103,4,224.09,0.0,896.36,361.56
2250,20230518,1,15,67,1,134.22,0.0,134.22,68.28
2251,20230518,4,3,480,3,100.1,0.0,300.3,173.7
2252,20230518,7,5,279,2,98.3,0.0,196.6,85.4
2253,20230518,3,17,307,2,224.09,0.0,448.18,180.78
2254,20230518,5,4,521,3,658.36,0.0,1975.08,1058.13
2255,20230518,1,12,147,2,884.49,0.0,1768.98,992.12
2256,20230518,1,12,299,1,884.49,0.0,884.49,496.06
2257,20230518,2,28,400,3,609.0,0.0,1827.0,976.38
2258,20230518,2,11,161,4,504.67,0.0,2018.68,800.92
2259,20230518,1,29,345,4,354.67,0.0,1418.68,673.6
2260,20230518,2,17,198,5,224.09,0.0,1120.45,451.95
2261,20230518,6,6,217,3,350.77,0.0,1052.31,597.9
2262,20230518,5,18,18,3,279.59,0.0,838.77,267.36
2263,20230518,4,15,137,1,134.22,0.0,134.22,68.28
2264,20230518,3,3,298,3,100.1,0.0,300.3,173.7
2265,20230518,4,16,134,1,706.85,0.0,706.85,407.67
2266,20230518,1,7,360,1,569.53,0.1,512.58,253.25
2267,20230518,4,24,347,4,249.97,0.0,999.88,367.68
2268,20230519,1,30,65,1,83.21,0.0,83.21,22.99
2269,20230519,2,10,490,2,655.99,0.0,1311.98,648.16
2270,20230519,7,12,275,3,884.49,0.0,2653.47,1488.18
2271,20230519,3,17,493,1,224.09,0.0,224.09,90.39
2272,20230519,1,16,537,2,706.85,0.0,1413.7,815.34
2273,20230519,7,30,138,5,83.21,0.0,416.05,114.95
2274,20230519,1,8,500,2,272.27,0.0,544.54,184.24
2275,20230519,7,1,198,1,545.21,0.0,545.21,234.5
2276,20230519,1,2,572,4,706.19,0.05,2683.52,1306.92
2277,20230519,1,1,573,4,545.21,0.0,2180.84,938.0
2278,20230519,1,28,116,4,609.0,0.0,2436.0,1301.84
2279,20230519,7,20,174,1,191.18,0.1,172.06,77.43
2280,20230519,1,26,198,5,105.66,0.0,528.3,108.5
2281,20230519,4,19,596,6,101.21,0.0,607.26,269.34
2282,20230519,4,23,459,1,726.04,0.0,726.04,392.3
2283,20230519,6,14,108,4,246.23,0.0,984.92,227.52
2284,20230520,1,20,259,1,191.18,0.1,172.06,77.43
2285,20230520,5,12,335,2,884.49,0.05,1680.53,903.67
2286,20230520,5,14,18,1,246.23,0.0,246.23,56.88
2287,20230520,2,22,152,2,453.16,0.2,725.06,161.86
2288,20230520,5,24,105,3,249.97,0.0,749.91,275.76
2289,20230520,2,23,252,1,726.04,0.0,726.04,392.3
2290,20230520,2,26,163,2,105.66,0.0,211.32,43.4
2291,20230520,2,8,61,5,272.27,0.1,1225.21,324.46
2292,20230520,4,21,406,4,392.24,0.0,1568.96,858.24
2293,20230520,3,15,145,4,134.22,0.0,536.88,273.12
2294,20230521,4,14,471,2,246.23,0.05,467.84,89.14
2295,20230521,3,27,347,3,636.28,0.05,1813.4,865.88
2296,20230521,1,15,182,2,134.22,0.05,255.02,123.14
2297,20230521,1,8,325,3,272.27,0.0,816.81,276.36
2298,20230521,1,11,335,3,504.67,0.05,1438.31,524.99
2299,20230521,2,13,53,3,460.51,0.0,1381.53,444.15
2300,20230521,7,21,505,5,392.24,0.0,1961.2,1072.8
2301,20230521,2,16,282,1,706.85,0.1,636.17,336.99
2302,20230521,1,13,565,4,460.51,0.0,1842.04,592.2
2303,20230521,6,6,64,5,350.77,0.0,1753.85,996.5
2304,20230521,7,29,259,2,354.67,0.0,709.34,336.8
2305,20230521,2,27,268,1,636.28,0.05,604.47,288.63
2306,20230521,4,13,119,1,460.51,0.0,460.51,148.05
2307,20230521,2,28,174,5,609.0,0.2,2436.0,1018.3
2308,20230521,7,28,96,5,609.0,0.0,3045.0,1627.3
2309,20230521,2,12,491,2,884.49,0.0,1768.98,992.12
2310,20230521,1,5,305,2,98.3,0.0,196.6,85.4
2311,20230521,6,6,269,3,350.77,0.0,1052.31,597.9
2312,20230521,4,27,193,2,636.28,0.05,1208.93,577.25
2313,20230521,3,13,10,1,460.51,0.1,414.46,102.0
2314,20230522,4,14,521,5,246.23,0.0,1231.15,284.4
2315,20230522,1,9,301,5,296.52,0.0,1482.6,362.3
2316,20230522,6,9,29,1,296.52,0.0,296.52,72.46
2317,20230522,2,16,153,1,706.85,0.0,706.85,407.67
2318,20230522,7,3,381,2,100.1,0.1,180.18,95.78
2319,20230522,7,30,417,3,83.21,0.0,249.63,68.97
2320,20230522,7,9,146,5,296.52,0.0,1482.6,362.3
2321,20230522,1,9,176,2,296.52,0.0,593.04,144.92
2322,20230523,3,24,130,6,249.97,0.1,1349.84,401.54
2323,20230523,5,2,544,1,706.19,0.0,706.19,362.04
2324,20230523,3,26,152,2,105.66,0.0,211.32,43.4
2325,20230523,3,22,475,1,453.16,0.0,453.16,171.56
2326,20230523,2,16,562,2,706.85,0.0,1413.7,815.34
2327,20230523,5,9,255,2,296.52,0.0,593.04,144.92
2328,20230523,7,1,24,3,545.21,0.0,1635.63,703.5
2329,20230523,6,17,439,1,224.09,0.0,224.09,90.39
2330,20230523,1,10,192,6,655.99,0.05,3739.14,1747.68
2331,20230523,5,9,506,3,296.52,0.0,889.56,217.38
2332,20230523,4,19,539,6,101.21,0.1,546.53,208.61
2333,20230523,7,12,193,1,884.49,0.0,884.49,496.06
2334,20230523,3,17,424,2,224.09,0.0,448.18,180.78
2335,20230523,1,17,591,4,224.09,0.05,851.54,316.74
2336,20230523,3,13,386,1,460.51,0.0,460.51,148.05
2337,20230523,2,16,78,3,706.85,0.0,2120.55,1223.01
2338,20230523,3,5,306,4,98.3,0.1,353.88,131.48
2339,20230523,2,3,535,2,100.1,0.0,200.2,115.8
2340,20230523,1,7,591,1,569.53,0.2,455.62,196.29
2341,20230523,1,14,422,3,246.23,0.0,738.69,170.64
2342,20230523,4,14,119,2,246.23,0.0,492.46,113.76
2343,20230523,1,29,425,2,354.67,0.0,709.34,336.8
2344,20230523,1,8,149,1,272.27,0.05,258.66,78.51
2345,20230523,5,17,401,2,224.09,0.2,358.54,91.14
2346,20230523,6,30,101,3,83.21,0.0,249.63,68.97
2347,20230524,1,22,103,6,453.16,0.0,2718.96,1029.36
2348,20230524,2,21,333,2,392.24,0.0,784.48,429.12
2349,20230524,7,6,407,5,350.77,0.0,1753.85,996.5
2350,20230524,4,6,182,5,350.77,0.0,1753.85,996.5
2351,20230524,1,1,128,2,545.21,0.0,1090.42,469.0
2352,20230524,1,28,57,4,609.0,0.0,2436.0,1301.84
2353,20230524,7,16,27,1,706.85,0.1,636.17,336.99
2354,20230524,4,24,261,1,249.97,0.0,249.97,91.92
2355,20230524,1,10,111,4,655.99,0.0,2623.96,1296.32
2356,20230524,1,11,8,3,504.67,0.0,1514.01,600.69
2357,20230524,1,20,209,3,191.18,0.2,458.83,174.94
2358,20230524,4,30,347,5,83.21,0.0,416.05,114.95
2359,20230524,5,15,37,1,134.22,0.0,134.22,68.28
2360,20230524,4,10,203,3,655.99,0.2,1574.38,578.65
2361,20230524,6,7,216,1,569.53,0.05,541.05,281.72
2362,20230525,7,27,244,1,636.28,0.0,636.28,320.44
2363,20230525,5,26,565,2,105.66,0.0,211.32,43.4
2364,20230525,4,18,385,2,279.59,0.0,559.18,178.24
2365,20230525,3,7,435,3,569.53,0.0,1708.59,930.6
2366,20230525,1,21,515,2,392.24,0.0,784.48,429.12
2367,20230525,7,1,94,1,545.21,0.0,545.21,234.5
2368,20230525,6,22,94,3,453.16,0.0,1359.48,514.68
2369,20230525,6,28,38,3,609.0,0.0,1827.0,976.38
2370,20230525,6,19,158,3,101.21,0.0,303.63,134.67
2371,20230525,2,18,56,1,279.59,0.0,279.59,89.12
2372,20230525,6,9,391,5,296.52,0.0,1482.6,362.3
2373,20230525,3,6,437,3,350.77,0.0,1052.31,597.9
2374,20230525,1,28,443,1,609.0,0.05,578.55,295.01
2375,20230525,5,24,508,5,249.97,0.0,1249.85,459.6
2376,20230525,3,1,266,4,545.21,0.0,2180.84,938.0
2377,20230525,2,21,351,4,392.24,0.0,1568.96,858.24
2378,20230525,1,13,431,2,460.51,0.05,874.97,250.05
2379,20230525,7,30,350,1,83.21,0.0,83.21,22.99
2380,20230525,7,2,90,5,706.19,0.0,3530.95,1810.2
2381,20230525,4,18,284,1,279.59,0.0,279.59,89.12
2382,20230525,3,28,266,2,609.0,0.0,1218.0,650.92
2383,20230525,4,22,253,1,453.16,0.0,453.16,171.56
2384,20230525,3,15,471,2,134.22,0.2,214.75,82.87
2385,20230526,3,26,390,4,105.66,0.0,422.64,86.8
2386,20230526,4,2,420,4,706.19,0.0,2824.76,1448.16
2387,20230526,2,3,95,4,100.1,0.0,400.4,231.6
2388,20230526,3,26,349,2,105.66,0.0,211.32,43.4
2389,20230526,7,30,110,3,83.21,0.0,249.63,68.97
2390,20230526,5,11,521,1,504.67,0.0,504.67,200.23
2391,20230526,3,27,142,2,636.28,0.05,1208.93,577.25
2392,20230526,6,29,280,1,354.67,0.0,354.67,168.4
2393,20230526,7,30,71,3,83.21,0.0,249.63,68.97
2394,20230526,4,2,155,3,706.19,0.0,2118.57,1086.12
2395,20230526,7,5,50,2,98.3,0.0,196.6,85.4
2396,20230526,2,11,193,3,504.67,0.0,1514.01,600.69
2397,20230527,6,12,77,3,884.49,0.05,2520.8,1355.51
2398,20230527,1,4,569,6,658.36,0.0,3950.16,2116.26
2399,20230527,6,21,542,3,392.24,0.05,1117.88,584.84
2400,20230527,2,6,20,3,350.77,0.0,1052.31,597.9
2401,20230527,3,14,124,2,246.23,0.0,492.46,113.76
2402,20230527,2,27,110,3,636.28,0.05,1813.4,865.88
2403,20230527,5,16,477,4,706.85,0.05,2686.03,1489.31
2404,20230527,2,10,179,1,655.99,0.05,623.19,291.28
2405,20230527,3,23,479,3,726.04,0.0,2178.12,1176.9
2406,20230527,1,8,446,2,272.27,0.0,544.54,184.24
2407,20230527,4,29,165,1,354.67,0.0,354.67,168.4
2408,20230527,1,21,433,3,392.24,0.0,1176.72,643.68
2409,20230527,3,18,142,1,279.59,0.0,279.59,89.12
2410,20230527,2,8,567,3,272.27,0.0,816.81,276.36
2411,20230527,5,24,152,5,249.97,0.2,999.88,209.63
2412,20230527,4,18,27,3,279.59,0.1,754.89,183.48
2413,20230527,5,22,482,1,453.16,0.0,453.16,171.56
2414,20230528,6,15,501,2,134.22,0.0,268.44,136.56
2415,20230528,2,9,234,5,296.52,0.0,1482.6,362.3
2416,20230528,4,5,474,5,98.3,0.0,491.5,213.5
2417,20230528,7,9,339,2,296.52,0.0,593.04,144.92
2418,20230528,1,12,130,2,884.49,0.0,1768.98,992.12
2419,20230528,1,2,452,5,706.19,0.0,3530.95,1810.2
2420,20230528,3,9,161,1,296.52,0.0,296.52,72.46
2421,20230528,3,18,504,5,279.59,0.1,1258.16,305.8
2422,20230528,1,13,444,4,460.51,0.1,1657.84,408.0
2423,20230528,4,15,211,5,134.22,0.0,671.1,341.4
2424,20230528,5,10,486,1,655.99,0.0,655.99,324.08
2425,20230528,2,10,393,2,655.99,0.0,1311.98,648.16
2426,20230528,1,4,396,5,658.36,0.0,3291.8,1763.55
2427,20230528,5,14,15,1,246.23,0.0,246.23,56.88
2428,20230528,4,10,386,1,655.99,0.0,655.99,324.08
2429,20230528,4,23,64,1,726.04,0.0,726.04,392.3
2430,20230528,7,18,514,3,279.59,0.1,754.89,183.48
2431,20230528,1,8,301,5,272.27,0.1,1225.21,324.46
2432,20230528,1,7,376,2,569.53,0.05,1082.11,563.45
2433,20230528,5,11,480,2,504.67,0.0,1009.34,400.46
2434,20230528,7,6,171,5,350.77,0.0,1753.85,996.5
2435,20230529,2,21,335,1,392.24,0.0,392.24,214.56
2436,20230529,7,3,113,1,100.1,0.0,100.1,57.9
2437,20230529,7,10,9,2,655.99,0.0,1311.98,648.16
2438,20230529,1,30,112,2,83.21,0.0,166.42,45.98
2439,20230529,7,18,403,5,279.59,0.0,1397.95,445.6
2440,20230529,1,8,159,1,272.27,0.0,272.27,92.12
2441,20230529,4,30,74,1,83.21,0.1,74.89,14.67
2442,20230529,2,1,82,4,545.21,0.0,2180.84,938.0
2443,20230529,1,19,331,1,101.21,0.0,101.21,44.89
2444,20230529,2,25,361,3,387.37,0.05,1104.0,280.23
2445,20230529,1,14,315,2,246.23,0.05,467.84,89.14
2446,20230529,2,30,246,3,83.21,0.0,249.63,68.97
2447,20230530,3,18,408,1,279.59,0.0,279.59,89.12
2448,20230530,1,20,300,1,191.18,0.0,191.18,96.55
2449,20230530,2,21,532,3,392.24,0.1,1059.05,526.01
2450,20230530,6,4,264,1,658.36,0.0,658.36,352.71
2451,20230530,1,8,377,1,272.27,0.0,272.27,92.12
2452,20230530,5,4,54,2,658.36,0.0,1316.72,705.42
2453,20230530,2,8,542,1,272.27,0.0,272.27,92.12
2454,20230530,2,14,271,1,246.23,0.0,246.23,56.88
2455,20230530,5,7,249,4,569.53,0.0,2278.12,1240.8
2456,20230530,5,17,241,2,224.09,0.0,448.18,180.78
2457,20230530,7,5,577,2,98.3,0.0,196.6,85.4
2458,20230530,3,6,186,2,350.77,0.0,701.54,398.6
2459,20230530,3,21,470,1,392.24,0.0,392.24,214.56
2460,20230530,3,8,546,1,272.27,0.0,272.27,92.12
2461,20230530,5,15,461,5,134.22,0.0,671.1,341.4
2462,20230531,6,2,177,1,706.19,0.0,706.19,362.04
2463,20230531,2,18,174,1,279.59,0.0,279.59,89.12
2464,20230531,1,17,559,4,224.09,0.0,896.36,361.56
2465,20230531,4,21,241,3,392.24,0.0,1176.72,643.68
2466,20230531,7,30,156,4,83.21,0.0,332.84,91.96
2467,20230531,3,15,50,4,134.22,0.0,536.88,273.12
2468,20230531,1,4,5,1,658.36,0.0,658.36,352.71
2469,20230531,3,14,220,3,246.23,0.1,664.82,96.77
2470,20230531,5,5,246,3,98.3,0.0,294.9,128.1
2471,20230531,1,5,498,2,98.3,0.0,196.6,85.4
2472,20230531,4,7,448,4,569.53,0.1,2050.31,1012.99
2473,20230531,2,8,254,2,272.27,0.0,544.54,184.24
2474,20230531,6,16,406,5,706.85,0.0,3534.25,2038.35
2475,20230531,5,19,376,2,101.21,0.0,202.42,89.78
2476,20230531,2,28,160,3,609.0,0.0,1827.0,976.38
2477,20230531,6,22,23,1,453.16,0.2,362.53,80.93
2478,20230531,7,27,596,2,636.28,0.0,1272.56,640.88
2479,20230531,2,10,588,2,655.99,0.1,1180.78,516.96
2480,20230601,6,19,342,1,101.21,0.0,101.21,44.89
2481,20230601,6,1,352,3,545.21,0.0,1635.63,703.5
2482,20230601,2,3,299,2,100.1,0.05,190.19,105.79
2483,20230601,6,9,436,5,296.52,0.0,1482.6,362.3
2484,20230601,5,21,226,3,392.24,0.0,1176.72,643.68
2485,20230601,7,24,481,3,249.97,0.0,749.91,275.76
2486,20230601,6,19,69,3,101.21,0.0,303.63,134.67
2487,20230601,3,23,94,3,726.04,0.0,2178.12,1176.9
2488,20230601,2,3,498,2,100.1,0.2,160.16,75.76
2489,20230601,4,14,549,4,246.23,0.0,984.92,227.52
2490,20230601,6,11,395,4,504.67,0.0,2018.68,800.92
2491,20230601,3,18,349,2,279.59,0.0,559.18,178.24
2492,20230602,2,9,135,1,296.52,0.0,296.52,72.46
2493,20230602,1,9,332,3,296.52,0.0,889.56,217.38
2494,20230602,1,16,274,2,706.85,0.0,1413.7,815.34
2495,20230602,1,7,15,1,569.53,0.0,569.53,310.2
2496,20230602,2,24,253,1,249.97,0.2,199.98,41.93
2497,20230602,6,8,45,3,272.27,0.1,735.13,194.68
2498,20230602,4,12,583,3,884.49,0.0,2653.47,1488.18
2499,20230602,3,29,331,5,354.67,0.0,1773.35,842.0
2500,20230602,6,7,506,1,569.53,0.0,569.53,310.2
2501,20230602,7,21,53,1,392.24,0.0,392.24,214.56
2502,20230602,6,5,402,2,98.3,0.0,196.6,85.4
2503,20230602,1,4,562,1,658.36,0.0,658.36,352.71
2504,20230602,4,8,130,1,272.27,0.1,245.04,64.89
2505,20230602,1,29,92,1,354.67,0.1,319.2,132.93
2506,20230602,1,9,329,1,296.52,0.0,296.52,72.46
2507,20230603,4,22,436,1,453.16,0.0,453.16,171.56
2508,20230603,4,29,123,5,354.67,0.0,1773.35,842.0
2509,20230603,6,6,256,1,350.77,0.0,350.77,199.3
2510,20230603,1,25,419,4,387.37,0.0,1549.48,451.12
2511,20230603,5,11,235,1,504.67,0.0,504.67,200.23
2512,20230603,4,1,455,2,545.21,0.0,1090.42,469.0
2513,20230603,2,27,188,2,636.28,0.0,1272.56,640.88
2514,20230603,1,25,530,5,387.37,0.0,1936.85,563.9
2515,20230603,6,5,192,1,98.3,0.0,98.3,42.7
2516,20230603,5,14,443,1,246.23,0.0,246.23,56.88
2517,20230603,3,25,521,3,387.37,0.0,1162.11,338.34
2518,20230603,7,23,357,4,726.04,0.1,2613.74,1278.78
2519,20230603,1,17,165,3,224.09,0.0,672.27,271.17
2520,20230603,1,12,71,2,884.49,0.0,1768.98,992.12
2521,20230603,2,16,455,2,706.85,0.0,1413.7,815.34
2522,20230603,7,15,234,3,134.22,0.2,322.13,124.31
2523,20230603,2,4,539,3,658.36,0.2,1580.06,663.11
2524,20230603,2,5,159,3,98.3,0.0,294.9,128.1
2525,20230603,1,4,135,1,658.36,0.0,658.36,352.71
2526,20230603,1,29,338,2,354.67,0.0,709.34,336.8
2527,20230603,4,9,256,1,296.52,0.1,266.87,42.81
2528,20230603,6,20,267,2,191.18,0.0,382.36,193.1
2529,20230603,1,4,9,2,658.36,0.1,1185.05,573.75
2530,20230603,4,20,26,2,191.18,0.0,382.36,193.1
2531,20230604,4,8,249,3,272.27,0.0,816.81,276.36
2532,20230604,3,28,595,1,609.0,0.0,609.0,325.46
2533,20230604,3,2,431,5,706.19,0.0,3530.95,1810.2
2534,20230604,4,8,565,5,272.27,0.0,1361.35,460.6
2535,20230604,1,9,484,1,296.52,0.0,296.52,72.46
2536,20230604,6,25,211,1,387.37,0.2,309.9,35.31
2537,20230604,4,22,361,3,453.16,0.0,1359.48,514.68
2538,20230604,5,6,75,5,350.77,0.0,1753.85,996.5
2539,20230604,1,6,170,5,350.77,0.1,1578.46,821.11
2540,20230604,2,16,392,1,706.85,0.0,706.85,407.67
2541,20230604,1,6,49,3,350.77,0.0,1052.31,597.9
2542,20230604,5,16,251,1,706.85,0.0,706.85,407.67
2543,20230604,6,18,105,3,279.59,0.05,796.83,225.42
2544,20230604,4,28,421,5,609.0,0.05,2892.75,1475.05
2545,20230604,6,15,98,6,134.22,0.0,805.32,409.68
2546,20230604,6,6,409,2,350.77,0.0,701.54,398.6
2547,20230604,2,29,394,1,354.67,0.0,354.67,168.4
2548,20230604,4,6,513,5,350.77,0.0,1753.85,996.5
2549,20230604,6,24,171,3,249.97,0.0,749.91,275.76
2550,20230605,6,11,577,4,504.67,0.1,1816.81,599.05
2551,20230605,1,7,237,2,569.53,0.0,1139.06,620.4
2552,20230605,3,6,144,3,350.77,0.0,1052.31,597.9
2553,20230605,4,11,495,5,504.67,0.0,2523.35,1001.15
2554,20230605,4,21,475,2,392.24,0.1,706.03,350.67
2555,20230605,2,22,274,1,453.16,0.1,407.84,126.24
2556,20230605,5,16,352,1,706.85,0.0,706.85,407.67
2557,20230605,4,2,327,2,706.19,0.0,1412.38,724.08
2558,20230605,2,23,17,4,726.04,0.0,2904.16,1569.2
2559,20230606,4,21,580,5,392.24,0.0,1961.2,1072.8
2560,20230606,6,25,51,1,387.37,0.2,309.9,35.31
2561,20230606,2,24,232,1,249.97,0.0,249.97,91.92
2562,20230606,2,17,267,2,224.09,0.0,448.18,180.78
2563,20230606,2,11,518,1,504.67,0.0,504.67,200.23
2564,20230606,5,26,420,5,105.66,0.0,528.3,108.5
2565,20230606,7,25,394,5,387.37,0.0,1936.85,563.9
2566,20230606,2,23,226,2,726.04,0.0,1452.08,784.6
2567,20230606,2,27,533,6,636.28,0.0,3817.68,1922.64
2568,20230606,7,12,563,3,884.49,0.0,2653.47,1488.18
2569,20230606,4,6,114,4,350.77,0.0,1403.08,797.2
2570,20230606,4,30,205,1,83.21,0.0,83.21,22.99
2571,20230606,4,26,75,2,105.66,0.0,211.32,43.4
2572,20230606,1,23,203,3,726.04,0.0,2178.12,1176.9
2573,20230606,7,10,494,3,655.99,0.05,1869.57,873.84
2574,20230606,1,7,534,1,569.53,0.1,512.58,253.25
2575,20230607,5,30,294,2,83.21,0.2,133.14,12.7
2576,20230607,6,10,344,3,655.99,0.0,1967.97,972.24
2577,20230607,1,12,401,5,884.49,0.0,4422.45,2480.3
2578,20230607,4,26,290,2,105.66,0.0,211.32,43.4
2579,20230607,1,23,226,4,726.04,0.0,2904.16,1569.2
2580,20230607,6,25,259,2,387.37,0.0,774.74,225.56
2581,20230607,6,4,270,3,658.36,0.0,1975.08,1058.13
2582,20230607,4,17,297,4,224.09,0.0,896.36,361.56
2583,20230607,1,9,558,2,296.52,0.0,593.04,144.92
2584,20230607,4,27,316,2,636.28,0.0,1272.56,640.88
2585,20230607,4,16,476,2,706.85,0.0,1413.7,815.34
2586,20230607,3,18,555,1,279.59,0.1,251.63,61.16
2587,20230607,2,22,389,4,453.16,0.05,1722.01,595.61
2588,20230607,5,1,479,1,545.21,0.0,545.21,234.5
2589,20230607,1,15,557,2,134.22,0.0,268.44,136.56
2590,20230607,1,24,300,1,249.97,0.0,249.97,91.92
2591,20230608,1,10,451,1,655.99,0.0,655.99,324.08
2592,20230608,6,28,341,4,609.0,0.0,2436.0,1301.84
2593,20230608,4,29,435,1,354.67,0.0,354.67,168.4
2594,20230608,6,25,68,1,387.37,0.0,387.37,112.78
2595,20230608,6,17,22,1,224.09,0.0,224.09,90.39
2596,20230608,1,25,365,4,387.37,0.05,1472.01,373.65
2597,20230608,1,22,291,3,453.16,0.05,1291.51,446.71
2598,20230608,7,5,400,2,98.3,0.1,176.94,65.74
2599,20230608,3,23,181,2,726.04,0.0,1452.08,784.6
2600,20230608,1,28,20,1,609.0,0.0,609.0,325.46
2601,20230609,1,22,122,2,453.16,0.0,906.32,343.12
2602,20230609,4,20,182,1,191.18,0.0,191.18,96.55
2603,20230609,6,9,446,3,296.52,0.0,889.56,217.38
2604,20230609,1,17,485,3,224.09,0.0,672.27,271.17
2605,20230609,7,20,356,3,191.18,0.0,573.54,289.65
2606,20230609,3,7,185,1,569.53,0.0,569.53,310.2
2607,20230609,3,13,496,1,460.51,0.0,460.51,148.05
2608,20230609,6,23,369,3,726.04,0.0,2178.12,1176.9
2609,20230609,2,7,533,2,569.53,0.0,1139.06,620.4
2610,20230609,1,25,187,2,387.37,0.1,697.27,148.09
2611,20230609,7,25,433,1,387.37,0.0,387.37,112.78
2612,20230609,6,23,63,4,726.04,0.05,2758.95,1423.99
2613,20230609,2,18,248,3,279.59,0.0,838.77,267.36
2614,20230609,3,11,95,3,504.67,0.0,1514.01,600.69
2615,20230609,2,13,553,2,460.51,0.05,874.97,250.05
2616,20230609,6,30,143,1,83.21,0.0,83.21,22.99
2617,20230610,1,3,300,1,100.1,0.0,100.1,57.9
2618,20230610,1,22,423,3,453.16,0.0,1359.48,514.68
2619,20230610,1,20,479,2,191.18,0.0,382.36,193.1
2620,20230610,6,30,200,1,83.21,0.0,83.21,22.99
2621,20230610,4,22,221,3,453.16,0.0,1359.48,514.68
2622,20230610,3,25,394,3,387.37,0.2,929.69,105.92
2623,20230610,1,8,588,2,272.27,0.05,517.31,157.01
2624,20230610,4,3,32,2,100.1,0.0,200.2,115.8
2625,20230610,3,21,294,3,392.24,0.0,1176.72,643.68
2626,20230610,5,27,224,3,636.28,0.0,1908.84,961.32
2627,20230610,7,6,413,1,350.77,0.0,350.77,199.3
2628,20230610,5,29,560,3,354.67,0.05,1010.81,452.0
2629,20230610,1,6,265,2,350.77,0.05,666.46,363.52
2630,20230610,6,12,208,2,884.49,0.0,1768.98,992.12
2631,20230610,2,16,192,2,706.85,0.05,1343.02,744.65
2632,20230610,4,6,271,1,350.77,0.0,350.77,199.3
2633,20230610,7,27,309,1,636.28,0.0,636.28,320.44
2634,20230610,1,14,544,4,246.23,0.0,984.92,227.52
2635,20230610,2,5,538,3,98.3,0.0,294.9,128.1
2636,20230611,4,28,403,2,609.0,0.0,1218.0,650.92
2637,20230611,4,8,598,2,272.27,0.0,544.54,184.24
2638,20230611,3,20,257,4,191.18,0.0,764.72,386.2
2639,20230611,4,15,280,3,134.22,0.0,402.66,204.84
2640,20230611,1,30,192,3,83.21,0.0,249.63,68.97
2641,20230611,2,7,357,3,569.53,0.2,1366.87,588.88
2642,20230611,3,5,522,1,98.3,0.0,98.3,42.7
2643,20230611,3,8,59,2,272.27,0.0,544.54,184.24
2644,20230611,2,6,489,2,350.77,0.0,701.54,398.6
2645,20230611,2,10,30,3,655.99,0.0,1967.97,972.24
2646,20230611,2,25,404,2,387.37,0.0,774.74,225.56
2647,20230611,3,30,547,6,83.21,0.0,499.26,137.94
2648,20230611,5,19,470,3,101.21,0.05,288.45,119.49
2649,20230611,6,13,56,2,460.51,0.0,921.02,296.1
2650,20230611,5,6,511,3,350.77,0.1,947.08,492.67
2651,20230611,2,20,484,3,191.18,0.0,573.54,289.65
2652,20230611,1,26,45,1,105.66,0.0,105.66,21.7
2653,20230611,6,20,490,1,191.18,0.0,191.18,96.55
2654,20230611,1,9,280,2,296.52,0.0,593.04,144.92
2655,20230611,1,20,325,4,191.18,0.0,764.72,386.2
2656,20230611,2,20,396,4,191.18,0.05,726.48,347.96
2657,20230612,6,4,206,5,658.36,0.2,2633.44,1105.19
2658,20230612,2,15,198,3,134.22,0.0,402.66,204.84
2659,20230612,6,11,206,4,504.67,0.0,2018.68,800.92
2660,20230612,4,18,292,2,279.59,0.0,559.18,178.24
2661,20230612,2,6,88,4,350.77,0.0,1403.08,797.2
2662,20230612,2,19,344,5,101.21,0.0,506.05,224.45
2663,20230612,3,29,156,3,354.67,0.0,1064.01,505.2
2664,20230612,7,12,541,2,884.49,0.0,1768.98,992.12
2665,20230612,7,2,379,2,706.19,0.0,1412.38,724.08
2666,20230612,6,4,130,5,658.36,0.0,3291.8,1763.55
2667,20230612,7,1,375,1,545.21,0.0,545.21,234.5
2668,20230612,4,8,500,4,272.27,0.05,1034.63,314.03
2669,20230612,3,14,586,3,246.23,0.0,738.69,170.64
2670,20230612,3,22,114,2,453.16,0.0,906.32,343.12
2671,20230612,1,17,524,2,224.09,0.05,425.77,158.37
2672,20230613,1,7,77,3,569.53,0.0,1708.59,930.6
2673,20230613,2,25,4,1,387.37,0.05,368.0,93.41
2674,20230613,5,9,462,6,296.52,0.0,1779.12,434.76
2675,20230613,1,28,492,2,609.0,0.0,1218.0,650.92
2676,20230613,1,7,149,1,569.53,0.0,569.53,310.2
2677,20230613,3,10,450,2,655.99,0.1,1180.78,516.96
2678,20230613,7,1,555,1,545.21,0.0,545.21,234.5
2679,20230613,7,17,569,4,224.09,0.0,896.36,361.56
2680,20230613,7,13,423,2,460.51,0.0,921.02,296.1
2681,20230613,4,15,137,1,134.22,0.0,134.22,68.28
2682,20230613,1,10,352,4,655.99,0.0,2623.96,1296.32
2683,20230613,7,25,315,3,387.37,0.0,1162.11,338.34
2684,20230613,2,30,365,3,83.21,0.0,249.63,68.97
2685,20230613,3,14,107,1,246.23,0.05,233.92,44.57
2686,20230614,3,11,21,1,504.67,0.1,454.2,149.76
2687,20230614,2,16,366,3,706.85,0.0,2120.55,1223.01
2688,20230614,5,9,381,1,296.52,0.0,296.52,72.46
2689,20230614,4,16,51,2,706.85,0.0,1413.7,815.34
2690,20230614,1,16,520,2,706.85,0.1,1272.33,673.97
2691,20230614,5,29,108,1,354.67,0.0,354.67,168.4
2692,20230614,2,16,145,2,706.85,0.0,1413.7,815.34
2693,20230614,5,5,140,1,98.3,0.1,88.47,32.87
2694,20230614,7,25,454,6,387.37,0.05,2208.01,560.47
2695,20230614,5,30,306,6,83.21,0.0,499.26,137.94
2696,20230614,1,13,513,3,460.51,0.05,1312.45,375.07
2697,20230614,5,28,46,1,609.0,0.0,609.0,325.46
2698,20230614,2,24,19,2,249.97,0.0,499.94,183.84
2699,20230614,5,7,98,3,569.53,0.0,1708.59,930.6
2700,20230614,7,3,315,3,100.1,0.0,300.3,173.7
2701,20230614,1,1,369,1,545.21,0.0,545.21,234.5
2702,20230614,4,12,409,1,884.49,0.0,884.49,496.06
2703,20230614,2,18,430,1,279.59,0.0,279.59,89.12
2704,20230614,7,22,491,3,453.16,0.1,1223.53,378.73
2705,20230614,6,15,547,3,134.22,0.05,382.53,184.71
2706,20230614,4,24,364,2,249.97,0.0,499.94,183.84
2707,20230614,4,14,462,3,246.23,0.0,738.69,170.64
2708,20230615,7,15,591,2,134.22,0.0,268.44,136.56
2709,20230615,1,18,382,2,279.59,0.05,531.22,150.28
2710,20230615,2,16,272,3,706.85,0.0,2120.55,1223.01
2711,20230615,1,5,391,2,98.3,0.0,196.6,85.4
2712,20230615,5,29,504,1,354.67,0.0,354.67,168.4
2713,20230615,1,17,59,5,224.09,0.0,1120.45,451.95
2714,20230615,2,21,135,2,392.24,0.0,784.48,429.12
2715,20230615,3,11,421,2,504.67,0.1,908.41,299.53
2716,20230615,5,5,118,3,98.3,0.0,294.9,128.1
2717,20230615,2,4,218,2,658.36,0.0,1316.72,705.42
2718,20230615,1,30,29,2,83.21,0.0,166.42,45.98
2719,20230615,1,15,455,5,134.22,0.0,671.1,341.4
2720,20230615,2,7,389,3,569.53,0.0,1708.59,930.6
2721,20230615,6,1,137,2,545.21,0.0,1090.42,469.0
2722,20230615,1,15,196,4,134.22,0.0,536.88,273.12
2723,20230616,6,6,528,3,350.77,0.0,1052.31,597.9
2724,20230616,6,12,411,3,884.49,0.0,2653.47,1488.18
2725,20230616,6,28,83,2,609.0,0.0,1218.0,650.92
2726,20230616,2,27,501,2,636.28,0.0,1272.56,640.88
2727,20230616,3,15,111,3,134.22,0.0,402.66,204.84
2728,20230616,4,15,312,5,134.22,0.0,671.1,341.4
2729,20230616,6,11,199,5,504.67,0.0,2523.35,1001.15
2730,20230616,7,7,103,3,569.53,0.0,1708.59,930.6
2731,20230616,6,9,157,1,296.52,0.0,296.52,72.46
2732,20230616,6,12,58,5,884.49,0.0,4422.45,2480.3
2733,20230616,4,14,406,1,246.23,0.2,196.98,7.63
2734,20230616,4,22,242,2,453.16,0.0,906.32,343.12
2735,20230616,5,8,331,5,272.27,0.0,1361.35,460.6
2736,20230616,4,25,182,2,387.37,0.0,774.74,225.56
2737,20230616,6,26,128,2,105.66,0.0,211.32,43.4
2738,20230616,3,6,598,2,350.77,0.0,701.54,398.6
2739,20230616,4,4,133,3,658.36,0.0,1975.08,1058.13
2740,20230617,1,2,320,1,706.19,0.0,706.19,362.04
2741,20230617,2,10,459,1,655.99,0.0,655.99,324.08
2742,20230617,1,4,436,4,658.36,0.0,2633.44,1410.84
2743,20230617,1,27,257,1,636.28,0.0,636.28,320.44
2744,20230617,5,19,135,1,101.21,0.0,101.21,44.89
2745,20230617,3,14,417,2,246.23,0.0,492.46,113.76
2746,20230617,7,11,494,4,504.67,0.0,2018.68,800.92
2747,20230617,1,29,145,2,354.67,0.0,709.34,336.8
2748,20230617,1,27,598,4,636.28,0.0,2545.12,1281.76
2749,20230617,7,8,91,5,272.27,0.0,1361.35,460.6
2750,20230617,2,17,280,1,224.09,0.0,224.09,90.39
2751,20230618,4,2,585,1,706.19,0.0,706.19,362.04
2752,20230618,5,4,335,2,658.36,0.0,1316.72,705.42
2753,20230618,6,28,201,3,609.0,0.0,1827.0,976.38
2754,20230618,1,8,271,2,272.27,0.0,544.54,184.24
2755,20230618,7,28,410,3,609.0,0.0,1827.0,976.38
2756,20230618,5,23,379,4,726.04,0.05,2758.95,1423.99
2757,20230618,7,22,282,4,453.16,0.05,1722.01,595.61
2758,20230618,3,14,307,2,246.23,0.0,492.46,113.76
2759,20230618,7,2,148,3,706.19,0.0,2118.57,1086.12
2760,20230618,7,6,376,1,350.77,0.0,350.77,199.3
2761,20230618,6,1,583,5,545.21,0.0,2726.05,1172.5
2762,20230618,1,24,507,3,249.97,0.05,712.41,238.26
2763,20230618,1,7,342,1,569.53,0.0,569.53,310.2
2764,20230618,7,19,577,1,101.21,0.0,101.21,44.89
2765,20230619,4,8,175,3,272.27,0.0,816.81,276.36
2766,20230619,6,7,565,3,569.53,0.0,1708.59,930.6
2767,20230619,5,7,112,2,569.53,0.0,1139.06,620.4
2768,20230619,7,22,483,2,453.16,0.0,906.32,343.12
2769,20230619,6,23,412,5,726.04,0.0,3630.2,1961.5
2770,20230619,6,19,507,5,101.21,0.0,506.05,224.45
2771,20230619,7,25,118,2,387.37,0.0,774.74,225.56
2772,20230619,2,12,545,1,884.49,0.05,840.27,451.84
2773,20230619,3,29,246,1,354.67,0.0,354.67,168.4
2774,20230619,7,17,529,3,224.09,0.0,672.27,271.17
2775,20230619,1,22,209,1,453.16,0.05,430.5,148.9
2776,20230619,2,26,585,1,105.66,0.2,84.53,0.57
2777,20230620,7,22,419,2,453.16,0.0,906.32,343.12
2778,20230620,5,16,109,3,706.85,0.0,2120.55,1223.01
2779,20230620,6,18,546,5,279.59,0.0,1397.95,445.6
2780,20230620,1,7,89,2,569.53,0.0,1139.06,620.4
2781,20230620,1,18,194,1,279.59,0.0,279.59,89.12
2782,20230620,4,12,476,3,884.49,0.0,2653.47,1488.18
2783,20230620,3,2,318,3,706.19,0.0,2118.57,1086.12
2784,20230620,3,17,320,5,224.09,0.0,1120.45,451.95
2785,20230620,2,12,42,3,884.49,0.0,2653.47,1488.18
2786,20230620,2,2,349,3,706.19,0.0,2118.57,1086.12
2787,20230620,2,26,311,1,105.66,0.0,105.66,21.7
2788,20230620,1,28,61,2,609.0,0.0,1218.0,650.92
2789,20230621,3,2,318,3,706.19,0.0,2118.57,1086.12
2790,20230621,1,20,375,3,191.18,0.1,516.19,232.3
2791,20230621,3,9,57,2,296.52,0.0,593.04,144.92
2792,20230621,6,24,127,3,249.97,0.05,712.41,238.26
2793,20230621,4,17,479,1,224.09,0.0,224.09,90.39
2794,20230621,3,7,331,1,569.53,0.0,569.53,310.2
2795,20230621,2,17,327,1,224.09,0.0,224.09,90.39
2796,20230621,6,25,400,4,387.37,0.0,1549.48,451.12
2797,20230621,2,29,448,4,354.67,0.0,1418.68,673.6
2798,20230621,2,21,49,3,392.24,0.0,1176.72,643.68
2799,20230621,6,13,69,3,460.51,0.05,1312.45,375.07
2800,20230621,7,4,174,4,658.36,0.0,2633.44,1410.84
2801,20230621,2,8,52,2,272.27,0.05,517.31,157.01
2802,20230621,6,24,200,2,249.97,0.0,499.94,183.84
2803,20230621,4,25,62,5,387.37,0.0,1936.85,563.9
2804,20230621,4,27,257,4,636.28,0.0,2545.12,1281.76
2805,20230621,1,6,321,4,350.77,0.0,1403.08,797.2
2806,20230622,1,12,551,1,884.49,0.1,796.04,407.61
2807,20230622,5,4,432,2,658.36,0.0,1316.72,705.42
2808,20230622,5,7,147,4,569.53,0.05,2164.21,1126.89
2809,20230622,5,13,445,4,460.51,0.0,1842.04,592.2
2810,20230622,7,28,67,2,609.0,0.0,1218.0,650.92
2811,20230622,3,3,105,4,100.1,0.0,400.4,231.6
2812,20230622,1,23,169,2,726.04,0.05,1379.48,712.0
2813,20230622,1,17,421,3,224.09,0.0,672.27,271.17
2814,20230622,1,8,540,1,272.27,0.0,272.27,92.12
2815,20230622,4,23,315,3,726.04,0.0,2178.12,1176.9
2816,20230622,4,29,194,2,354.67,0.0,709.34,336.8
2817,20230622,1,23,427,2,726.04,0.0,1452.08,784.6
2818,20230622,1,7,374,3,569.53,0.1,1537.73,759.74
2819,20230622,1,30,225,3,83.21,0.0,249.63,68.97
2820,20230622,5,12,132,2,884.49,0.0,1768.98,992.12
2821,20230622,4,27,291,5,636.28,0.0,3181.4,1602.2
2822,20230622,2,1,161,6,545.21,0.0,3271.26,1407.0
2823,20230622,3,29,283,2,354.67,0.0,709.34,336.8
2824,20230622,7,30,79,2,83.21,0.0,166.42,45.98
2825,20230622,5,30,10,2,83.21,0.0,166.42,45.98
2826,20230623,2,2,450,1,706.19,0.0,706.19,362.04
2827,20230623,7,11,249,4,504.67,0.05,1917.75,699.99
2828,20230623,5,12,336,5,884.49,0.2,3537.96,1595.81
2829,20230623,5,27,514,3,636.28,0.0,1908.84,961.32
2830,20230623,1,18,39,3,279.59,0.05,796.83,225.42
2831,20230623,2,1,394,3,545.21,0.1,1472.07,539.94
2832,20230623,4,11,266,2,504.67,0.0,1009.34,400.46
2833,20230623,3,15,371,3,134.22,0.0,402.66,204.84
2834,20230623,3,11,494,1,504.67,0.0,504.67,200.23
2835,20230623,3,20,303,1,191.18,0.0,191.18,96.55
2836,20230623,7,28,516,1,609.0,0.0,609.0,325.46
2837,20230623,7,14,66,5,246.23,0.0,1231.15,284.4
2838,20230623,1,2,226,4,706.19,0.0,2824.76,1448.16
2839,20230623,2,26,553,2,105.66,0.0,211.32,43.4
2840,20230623,7,17,150,2,224.09,0.0,448.18,180.78
2841,20230623,1,7,159,4,569.53,0.0,2278.12,1240.8
2842,20230623,6,3,360,1,100.1,0.0,100.1,57.9
2843,20230624,2,26,251,2,105.66,0.0,211.32,43.4
2844,20230624,4,3,12,1,100.1,0.0,100.1,57.9
2845,20230624,5,9,512,2,296.52,0.0,593.04,144.92
2846,20230624,5,17,587,2,224.09,0.0,448.18,180.78
2847,20230624,6,8,424,3,272.27,0.0,816.81,276.36
2848,20230624,1,28,203,1,609.0,0.0,609.0,325.46
2849,20230624,1,17,402,1,224.09,0.0,224.09,90.39
2850,20230624,5,7,195,4,569.53,0.0,2278.12,1240.8
2851,20230624,4,15,392,1,134.22,0.0,134.22,68.28
2852,20230624,5,24,389,1,249.97,0.0,249.97,91.92
2853,20230624,5,19,85,1,101.21,0.2,80.97,24.65
2854,20230624,2,20,579,2,191.18,0.1,344.12,154.86
2855,20230624,5,24,133,2,249.97,0.0,499.94,183.84
2856,20230624,4,12,377,6,884.49,0.0,5306.94,2976.36
2857,20230625,1,8,333,4,272.27,0.05,1034.63,314.03
2858,20230625,1,2,234,4,706.19,0.1,2542.28,1165.68
2859,20230625,6,9,486,1,296.52,0.0,296.52,72.46
2860,20230625,1,3,213,1,100.1,0.0,100.1,57.9
2861,20230625,5,23,361,2,726.04,0.05,1379.48,712.0
2862,20230625,2,4,429,2,658.36,0.0,1316.72,705.42
2863,20230625,1,18,169,5,279.59,0.2,1118.36,166.01
2864,20230625,5,18,135,1,279.59,0.0,279.59,89.12
2865,20230625,2,27,316,3,636.28,0.0,1908.84,961.32
2866,20230625,4,12,336,3,884.49,0.0,2653.47,1488.18
2867,20230625,1,13,384,2,460.51,0.0,921.02,296.1
2868,20230625,7,29,585,3,354.67,0.0,1064.01,505.2
2869,20230625,5,18,397,5,279.59,0.0,1397.95,445.6
2870,20230625,1,13,483,3,460.51,0.0,1381.53,444.15
2871,20230626,2,27,451,1,636.28,0.0,636.28,320.44
2872,20230626,1,7,233,2,569.53,0.0,1139.06,620.4
2873,20230626,4,10,205,1,655.99,0.0,655.99,324.08
2874,20230626,1,20,103,5,191.18,0.0,955.9,482.75
2875,20230626,5,19,246,4,101.21,0.0,404.84,179.56
2876,20230626,7,20,39,5,191.18,0.0,955.9,482.75
2877,20230626,1,26,534,5,105.66,0.0,528.3,108.5
2878,20230626,1,17,292,5,224.09,0.0,1120.45,451.95
2879,20230626,7,23,583,4,726.04,0.0,2904.16,1569.2
2880,20230626,6,6,501,1,350.77,0.0,350.77,199.3
2881,20230626,4,5,378,3,98.3,0.1,265.41,98.61
2882,20230626,2,17,224,3,224.09,0.0,672.27,271.17
2883,20230626,1,1,321,3,545.21,0.0,1635.63,703.5
2884,20230626,4,11,568,4,504.67,0.0,2018.68,800.92
2885,20230626,7,28,399,4,609.0,0.0,2436.0,1301.84
2886,20230626,4,27,173,2,636.28,0.05,1208.93,577.25
2887,20230626,5,29,126,1,354.67,0.1,319.2,132.93
2888,20230626,4,23,113,2,726.04,0.1,1306.87,639.39
2889,20230626,7,20,540,1,191.18,0.0,191.18,96.55
2890,20230627,1,16,401,4,706.85,0.0,2827.4,1630.68
2891,20230627,1,16,58,2,706.85,0.0,1413.7,815.34
2892,20230627,1,11,409,3,504.67,0.0,1514.01,600.69
2893,20230627,1,18,537,4,279.59,0.0,1118.36,356.48
2894,20230627,5,4,335,2,658.36,0.0,1316.72,705.42
2895,20230627,4,17,298,1,224.09,0.0,224.09,90.39
2896,20230627,4,7,335,2,569.53,0.0,1139.06,620.4
2897,20230627,2,13,527,3,460.51,0.0,1381.53,444.15
2898,20230627,1,11,21,2,504.67,0.0,1009.34,400.46
2899,20230627,6,13,317,2,460.51,0.0,921.02,296.1
2900,20230627,2,21,486,1,392.24,0.0,392.24,214.56
2901,20230627,5,25,184,4,387.37,0.0,1549.48,451.12
2902,20230627,2,11,172,1,504.67,0.0,504.67,200.23
2903,20230627,1,19,567,3,101.21,0.05,288.45,119.49
2904,20230627,3,20,470,5,191.18,0.0,955.9,482.75
2905,20230627,5,2,7,3,706.19,0.0,2118.57,1086.12
2906,20230627,2,23,251,3,726.04,0.0,2178.12,1176.9
2907,20230628,3,29,474,3,354.67,0.0,1064.01,505.2
2908,20230628,2,16,542,5,706.85,0.0,3534.25,2038.35
2909,20230628,2,30,91,2,83.21,0.0,166.42,45.98
2910,20230628,6,24,433,4,249.97,0.0,999.88,367.68
2911,20230628,5,4,169,5,658.36,0.0,3291.8,1763.55
2912,20230628,1,29,298,1,354.67,0.1,319.2,132.93
2913,20230628,2,5,231,4,98.3,0.0,393.2,170.8
2914,20230628,4,16,193,4,706.85,0.0,2827.4,1630.68
2915,20230628,6,17,271,3,224.09,0.0,672.27,271.17
2916,20230628,5,17,14,2,224.09,0.1,403.36,135.96
2917,20230628,7,9,547,4,296.52,0.05,1126.78,230.54
2918,20230628,1,12,256,1,884.49,0.0,884.49,496.06
2919,20230628,2,16,575,5,706.85,0.0,3534.25,2038.35
2920,20230628,3,1,35,4,545.21,0.0,2180.84,938.0
2921,20230628,7,7,418,3,569.53,0.0,1708.59,930.6
2922,20230628,2,27,99,6,636.28,0.0,3817.68,1922.64
2923,20230628,6,14,344,4,246.23,0.0,984.92,227.52
2924,20230628,2,15,240,3,134.22,0.05,382.53,184.71
2925,20230628,2,2,567,4,706.19,0.1,2542.28,1165.68
2926,20230628,6,15,229,1,134.22,0.0,134.22,68.28
2927,20230628,3,9,155,1,296.52,0.0,296.52,72.46
2928,20230628,6,16,57,2,706.85,0.05,1343.02,744.65
2929,20230628,4,17,93,4,224.09,0.0,896.36,361.56
2930,20230629,4,23,479,2,726.04,0.0,1452.08,784.6
2931,20230629,5,28,392,3,609.0,0.05,1735.65,885.03
2932,20230629,3,29,114,1,354.67,0.0,354.67,168.4
2933,20230629,2,14,89,3,246.23,0.0,738.69,170.64
2934,20230629,6,18,499,3,279.59,0.0,838.77,267.36
2935,20230629,3,23,269,2,726.04,0.0,1452.08,784.6
2936,20230629,1,16,157,2,706.85,0.05,1343.02,744.65
2937,20230629,1,13,420,2,460.51,0.0,921.02,296.1
2938,20230629,7,19,178,3,101.21,0.0,303.63,134.67
2939,20230630,5,29,470,1,354.67,0.05,336.94,150.67
2940,20230630,5,13,299,1,460.51,0.0,460.51,148.05
2941,20230630,5,28,133,3,609.0,0.0,1827.0,976.38
2942,20230630,1,7,575,4,569.53,0.0,2278.12,1240.8
2943,20230630,3,14,538,2,246.23,0.0,492.46,113.76
2944,20230630,3,13,510,1,460.51,0.0,460.51,148.05
2945,20230630,2,4,483,4,658.36,0.1,2370.1,1147.5
2946,20230630,4,17,277,3,224.09,0.0,672.27,271.17
2947,20230630,5,24,236,3,249.97,0.1,674.92,200.77
2948,20230630,1,6,275,3,350.77,0.0,1052.31,597.9
2949,20230630,1,6,571,6,350.77,0.0,2104.62,1195.8
2950,20230630,4,18,2,4,279.59,0.05,1062.44,300.56
2951,20230630,3,15,479,2,134.22,0.0,268.44,136.56
2952,20230630,3,5,444,1,98.3,0.05,93.38,37.78
2953,20230630,1,28,344,4,609.0,0.0,2436.0,1301.84
2954,20230630,5,16,216,2,706.85,0.0,1413.7,815.34
2955,20230630,3,13,575,1,460.51,0.1,414.46,102.0
2956,20230630,1,25,468,5,387.37,0.0,1936.85,563.9
2957,20230630,5,6,11,3,350.77,0.0,1052.31,597.9
2958,20230701,6,6,372,3,350.77,0.1,947.08,492.67
2959,20230701,1,13,428,6,460.51,0.0,2763.06,888.3
2960,20230701,6,29,71,3,354.67,0.0,1064.01,505.2
2961,20230701,1,9,487,4,296.52,0.0,1186.08,289.84
2962,20230701,6,26,568,2,105.66,0.05,200.75,32.83
2963,20230701,3,8,421,5,272.27,0.0,1361.35,460.6
2964,20230701,7,3,252,3,100.1,0.0,300.3,173.7
2965,20230701,7,8,249,2,272.27,0.0,544.54,184.24
2966,20230701,5,25,524,4,387.37,0.0,1549.48,451.12
2967,20230701,1,12,190,4,884.49,0.0,3537.96,1984.24
2968,20230701,7,9,134,7,296.52,0.0,2075.64,507.22
2969,20230701,2,6,512,5,350.77,0.05,1666.16,908.81
2970,20230701,1,1,522,4,545.21,0.0,2180.84,938.0
2971,20230701,5,24,220,3,249.97,0.0,749.91,275.76
2972,20230701,6,27,498,1,636.28,0.0,636.28,320.44
2973,20230701,7,22,375,3,453.16,0.2,1087.58,242.78
2974,20230702,5,21,499,5,392.24,0.0,1961.2,1072.8
2975,20230702,5,26,450,3,105.66,0.05,301.13,49.25
2976,20230702,4,7,16,2,569.53,0.0,1139.06,620.4
2977,20230702,1,11,99,6,504.67,0.05,2876.62,1049.98
2978,20230702,3,15,328,3,134.22,0.0,402.66,204.84
2979,20230702,1,9,391,5,296.52,0.0,1482.6,362.3
2980,20230702,1,1,505,5,545.21,0.0,2726.05,1172.5
2981,20230702,1,7,86,3,569.53,0.0,1708.59,930.6
2982,20230702,5,5,502,4,98.3,0.0,393.2,170.8
2983,20230702,1,24,310,2,249.97,0.0,499.94,183.84
2984,20230702,3,29,213,3,354.67,0.0,1064.01,505.2
2985,20230702,4,20,350,7,191.18,0.2,1070.61,408.2
2986,20230702,1,2,462,6,706.19,0.0,4237.14,2172.24
2987,20230702,2,17,470,2,224.09,0.0,448.18,180.78
2988,20230702,6,20,186,7,191.18,0.0,1338.26,675.85
2989,20230702,2,12,562,4,884.49,0.1,3184.16,1630.44
2990,20230702,2,24,321,1,249.97,0.05,237.47,79.42
2991,20230702,1,11,127,1,504.67,0.0,504.67,200.23
2992,20230702,1,3,339,1,100.1,0.1,90.09,47.89
2993,20230702,1,5,347,7,98.3,0.1,619.29,230.09
2994,20230702,6,24,112,5,249.97,0.0,1249.85,459.6
2995,20230702,1,26,386,5,105.66,0.0,528.3,108.5
2996,20230702,6,30,176,4,83.21,0.0,332.84,91.96
2997,20230702,4,3,573,1,100.1,0.0,100.1,57.9
2998,20230702,6,20,480,2,191.18,0.0,382.36,193.1
2999,20230703,2,18,126,8,279.59,0.0,2236.72,712.96
3000,20230703,3,18,18,4,279.59,0.0,1118.36,356.48
3001,20230703,2,13,544,3,460.51,0.0,1381.53,444.15
3002,20230703,3,7,535,2,569.53,0.0,1139.06,620.4
3003,20230703,4,27,516,9,636.28,0.0,5726.52,2883.96
3004,20230703,4,5,188,5,98.3,0.0,491.5,213.5
3005,20230703,1,21,546,4,392.24,0.0,1568.96,858.24
3006,20230703,1,18,187,4,279.59,0.0,1118.36,356.48
3007,20230703,4,15,225,5,134.22,0.05,637.54,307.84
3008,20230703,1,26,287,1,105.66,0.0,105.66,21.7
3009,20230703,6,4,30,1,658.36,0.05,625.44,319.79
3010,20230703,6,12,122,4,884.49,0.05,3361.06,1807.34
3011,20230703,6,16,395,5,706.85,0.0,3534.25,2038.35
3012,20230703,6,24,276,3,249.97,0.0,749.91,275.76
3013,20230704,2,29,512,4,354.67,0.0,1418.68,673.6
3014,20230704,3,5,97,1,98.3,0.0,98.3,42.7
3015,20230704,1,5,332,3,98.3,0.0,294.9,128.1
3016,20230704,7,12,230,5,884.49,0.0,4422.45,2480.3
3017,20230704,7,11,544,3,504.67,0.05,1438.31,524.99
3018,20230704,1,10,513,2,655.99,0.0,1311.98,648.16
3019,20230704,5,12,335,8,884.49,0.1,6368.33,3260.89
3020,20230704,1,26,246,6,105.66,0.0,633.96,130.2
3021,20230704,1,20,196,4,191.18,0.0,764.72,386.2
3022,20230704,4,16,192,7,706.85,0.0,4947.95,2853.69
3023,20230704,2,15,243,9,134.22,0.0,1207.98,614.52
3024,20230704,7,28,207,6,609.0,0.1,3288.6,1587.36
3025,20230705,5,6,226,3,350.77,0.05,999.69,545.28
3026,20230705,4,14,54,4,246.23,0.0,984.92,227.52
3027,20230705,4,14,515,3,246.23,0.05,701.76,133.71
3028,20230705,1,11,403,3,504.67,0.0,1514.01,600.69
3029,20230705,1,12,308,4,884.49,0.0,3537.96,1984.24
3030,20230705,2,7,505,3,569.53,0.0,1708.59,930.6
3031,20230705,1,10,451,8,655.99,0.0,5247.92,2592.64
3032,20230705,4,9,203,1,296.52,0.0,296.52,72.46
3033,20230705,3,9,514,3,296.52,0.0,889.56,217.38
3034,20230705,3,20,575,6,191.18,0.0,1147.08,579.3
3035,20230705,3,29,165,5,354.67,0.0,1773.35,842.0
3036,20230705,2,14,496,6,246.23,0.0,1477.38,341.28
3037,20230705,3,10,191,4,655.99,0.0,2623.96,1296.32
3038,20230705,1,11,410,1,504.67,0.0,504.67,200.23
3039,20230705,5,14,361,3,246.23,0.0,738.69,170.64
3040,20230705,1,28,238,2,609.0,0.0,1218.0,650.92
3041,20230705,1,27,168,4,636.28,0.05,2417.86,1154.5
3042,20230705,1,13,316,6,460.51,0.05,2624.91,750.15
3043,20230705,7,24,149,4,249.97,0.0,999.88,367.68
3044,20230705,1,1,117,2,545.21,0.0,1090.42,469.0
3045,20230706,4,16,183,1,706.85,0.0,706.85,407.67
3046,20230706,1,22,495,1,453.16,0.0,453.16,171.56
3047,20230706,7,27,290,7,636.28,0.0,4453.96,2243.08
3048,20230706,1,28,458,5,609.0,0.0,3045.0,1627.3
3049,20230706,5,29,101,5,354.67,0.1,1596.02,664.67
3050,20230706,1,11,166,6,504.67,0.0,3028.02,1201.38
3051,20230706,5,10,187,1,655.99,0.0,655.99,324.08
3052,20230706,1,15,535,5,134.22,0.05,637.54,307.84
3053,20230706,6,1,181,6,545.21,0.0,3271.26,1407.0
3054,20230706,5,11,513,7,504.67,0.0,3532.69,1401.61
3055,20230706,1,15,423,2,134.22,0.0,268.44,136.56
3056,20230706,4,8,355,4,272.27,0.0,1089.08,368.48
3057,20230706,7,12,342,3,884.49,0.05,2520.8,1355.51
3058,20230706,1,6,177,5,350.77,0.0,1753.85,996.5
3059,20230706,5,6,241,4,350.77,0.0,1403.08,797.2
3060,20230706,3,8,262,4,272.27,0.0,1089.08,368.48
3061,20230706,6,8,8,6,272.27,0.0,1633.62,552.72
3062,20230706,1,22,206,2,453.16,0.0,906.32,343.12
3063,20230706,2,11,457,7,504.67,0.0,3532.69,1401.61
3064,20230706,1,29,139,8,354.67,0.0,2837.36,1347.2
3065,20230706,1,2,171,6,706.19,0.0,4237.14,2172.24
3066,20230706,7,1,359,3,545.21,0.0,1635.63,703.5
3067,20230706,4,10,403,3,655.99,0.0,1967.97,972.24
3068,20230707,1,10,107,2,655.99,0.0,1311.98,648.16
3069,20230707,5,12,394,1,884.49,0.0,884.49,496.06
3070,20230707,6,2,361,7,706.19,0.05,4696.16,2287.11
3071,20230707,6,6,447,5,350.77,0.0,1753.85,996.5
3072,20230707,5,11,192,4,504.67,0.0,2018.68,800.92
3073,20230707,2,21,395,2,392.24,0.0,784.48,429.12
3074,20230707,1,23,286,4,726.04,0.0,2904.16,1569.2
3075,20230707,4,10,338,8,655.99,0.0,5247.92,2592.64
3076,20230707,7,22,534,4,453.16,0.0,1812.64,686.24
3077,20230707,1,12,450,5,884.49,0.0,4422.45,2480.3
3078,20230707,3,6,155,5,350.77,0.2,1403.08,645.73
3079,20230707,4,24,529,5,249.97,0.0,1249.85,459.6
3080,20230707,1,21,169,5,392.24,0.0,1961.2,1072.8
3081,20230707,7,12,265,8,884.49,0.1,6368.33,3260.89
3082,20230707,6,12,256,6,884.49,0.0,5306.94,2976.36
3083,20230707,2,4,87,3,658.36,0.0,1975.08,1058.13
3084,20230707,2,17,375,1,224.09,0.0,224.09,90.39
3085,20230707,5,2,341,4,706.19,0.2,2259.81,883.21
3086,20230707,5,3,387,1,100.1,0.0,100.1,57.9
3087,20230707,6,25,510,1,387.37,0.05,368.0,93.41
3088,20230707,2,25,341,3,387.37,0.05,1104.0,280.23
3089,20230708,4,8,89,6,272.27,0.0,1633.62,552.72
3090,20230708,4,14,494,3,246.23,0.0,738.69,170.64
3091,20230708,2,17,560,5,224.09,0.0,1120.45,451.95
3092,20230708,2,17,3,3,224.09,0.0,672.27,271.17
3093,20230708,3,18,159,5,279.59,0.0,1397.95,445.6
3094,20230708,4,22,561,6,453.16,0.0,2718.96,1029.36
3095,20230708,6,17,466,4,224.09,0.0,896.36,361.56
3096,20230708,4,30,225,2,83.21,0.0,166.42,45.98
3097,20230708,4,14,334,5,246.23,0.0,1231.15,284.4
3098,20230708,7,16,335,8,706.85,0.1,5089.32,2695.88
3099,20230708,7,12,1,1,884.49,0.1,796.04,407.61
3100,20230708,2,21,580,6,392.24,0.0,2353.44,1287.36
3101,20230708,5,22,319,5,453.16,0.0,2265.8,857.8
3102,20230708,1,22,188,2,453.16,0.05,861.0,297.8
3103,20230708,4,13,275,3,460.51,0.0,1381.53,444.15
3104,20230708,7,8,376,4,272.27,0.0,1089.08,368.48
3105,20230708,1,13,128,6,460.51,0.1,2486.75,611.99
3106,20230709,2,19,196,3,101.21,0.0,303.63,134.67
3107,20230709,3,14,551,5,246.23,0.0,1231.15,284.4
3108,20230709,3,6,311,5,350.77,0.0,1753.85,996.5
3109,20230709,1,19,184,4,101.21,0.0,404.84,179.56
3110,20230709,5,24,460,3,249.97,0.0,749.91,275.76
3111,20230709,7,26,410,3,105.66,0.0,316.98,65.1
3112,20230709,1,30,447,6,83.21,0.0,499.26,137.94
3113,20230709,4,9,88,6,296.52,0.05,1690.16,345.8
3114,20230709,4,25,153,5,387.37,0.05,1840.01,467.06
3115,20230709,1,22,430,2,453.16,0.05,861.0,297.8
3116,20230709,2,7,375,6,569.53,0.0,3417.18,1861.2
3117,20230709,1,13,224,4,460.51,0.0,1842.04,592.2
3118,20230709,2,26,163,8,105.66,0.0,845.28,173.6
3119,20230709,2,7,423,2,569.53,0.0,1139.06,620.4
3120,20230709,2,14,556,3,246.23,0.0,738.69,170.64
3121,20230709,5,2,104,6,706.19,0.05,4025.28,1960.38
3122,20230709,3,15,390,3,134.22,0.0,402.66,204.84
3123,20230709,1,24,121,2,249.97,0.0,499.94,183.84
3124,20230710,4,6,6,2,350.77,0.0,701.54,398.6
3125,20230710,2,24,359,6,249.97,0.0,1499.82,551.52
3126,20230710,5,1,283,3,545.21,0.0,1635.63,703.5
3127,20230710,2,26,581,6,105.66,0.0,633.96,130.2
3128,20230710,2,1,13,2,545.21,0.05,1035.9,414.48
3129,20230710,4,20,50,2,191.18,0.0,382.36,193.1
3130,20230710,1,30,48,6,83.21,0.0,499.26,137.94
3131,20230710,7,26,53,2,105.66,0.2,169.06,1.14
3132,20230710,3,14,438,3,246.23,0.0,738.69,170.64
3133,20230710,7,27,147,6,636.28,0.1,3435.91,1540.87
3134,20230710,3,16,586,4,706.85,0.05,2686.03,1489.31
3135,20230710,2,26,309,2,105.66,0.0,211.32,43.4
3136,20230710,2,25,187,2,387.37,0.05,736.0,186.82
3137,20230710,1,28,566,5,609.0,0.0,3045.0,1627.3
3138,20230710,1,21,87,1,392.24,0.0,392.24,214.56
3139,20230710,2,2,405,1,706.19,0.0,706.19,362.04
3140,20230710,1,20,492,1,191.18,0.0,191.18,96.55
3141,20230710,3,23,74,3,726.04,0.0,2178.12,1176.9
3142,20230710,2,6,33,3,350.77,0.0,1052.31,597.9
3143,20230710,7,22,20,3,453.16,0.0,1359.48,514.68
3144,20230711,4,8,428,5,272.27,0.0,1361.35,460.6
3145,20230711,4,24,252,2,249.97,0.0,499.94,183.84
3146,20230711,2,23,470,1,726.04,0.0,726.04,392.3
3147,20230711,1,30,468,6,83.21,0.0,499.26,137.94
3148,20230711,1,23,209,6,726.04,0.0,4356.24,2353.8
3149,20230711,2,27,165,7,636.28,0.0,4453.96,2243.08
3150,20230711,1,28,435,2,609.0,0.0,1218.0,650.92
3151,20230711,1,27,474,1,636.28,0.05,604.47,288.63
3152,20230711,3,18,580,2,279.59,0.0,559.18,178.24
3153,20230711,1,14,58,5,246.23,0.0,1231.15,284.4
3154,20230711,7,16,176,2,706.85,0.2,1130.96,532.6
3155,20230711,6,23,543,6,726.04,0.0,4356.24,2353.8
3156,20230711,4,29,192,1,354.67,0.0,354.67,168.4
3157,20230711,5,17,474,5,224.09,0.0,1120.45,451.95
3158,20230711,5,6,224,3,350.77,0.0,1052.31,597.9
3159,20230711,3,20,217,4,191.18,0.0,764.72,386.2
3160,20230711,2,20,242,1,191.18,0.0,191.18,96.55
3161,20230711,7,17,507,3,224.09,0.2,537.82,136.72
3162,20230711,1,5,189,3,98.3,0.0,294.9,128.1
3163,20230712,6,24,420,1,249.97,0.0,249.97,91.92
3164,20230712,1,25,449,4,387.37,0.0,1549.48,451.12
3165,20230712,5,17,353,4,224.09,0.0,896.36,361.56
3166,20230712,6,19,474,1,101.21,0.2,80.97,24.65
3167,20230712,6,8,480,3,272.27,0.0,816.81,276.36
3168,20230712,6,22,94,1,453.16,0.0,453.16,171.56
3169,20230712,3,19,545,5,101.21,0.0,506.05,224.45
3170,20230712,3,30,441,1,83.21,0.0,83.21,22.99
3171,20230712,3,9,182,1,296.52,0.0,296.52,72.46
3172,20230712,2,17,444,1,224.09,0.0,224.09,90.39
3173,20230712,5,8,18,2,272.27,0.0,544.54,184.24
3174,20230712,3,18,584,4,279.59,0.0,1118.36,356.48
3175,20230712,2,4,279,7,658.36,0.0,4608.52,2468.97
3176,20230712,2,29,319,2,354.67,0.0,709.34,336.8
3177,20230712,5,8,241,7,272.27,0.0,1905.89,644.84
3178,20230712,5,19,208,2,101.21,0.0,202.42,89.78
3179,20230712,2,11,221,5,504.67,0.05,2397.18,874.98
3180,20230712,3,16,337,5,706.85,0.2,2827.4,1331.5
3181,20230713,2,22,553,7,453.16,0.0,3172.12,1200.92
3182,20230713,6,15,24,6,134.22,0.1,724.79,329.15
3183,20230713,1,25,478,3,387.37,0.0,1162.11,338.34
3184,20230713,5,17,293,3,224.09,0.0,672.27,271.17
3185,20230713,7,3,99,8,100.1,0.0,800.8,463.2
3186,20230713,4,29,328,4,354.67,0.0,1418.68,673.6
3187,20230713,1,7,494,1,569.53,0.05,541.05,281.72
3188,20230713,4,29,571,2,354.67,0.0,709.34,336.8
3189,20230713,1,23,214,6,726.04,0.05,4138.43,2135.99
3190,20230713,3,13,24,6,460.51,0.0,2763.06,888.3
3191,20230713,6,10,477,9,655.99,0.0,5903.91,2916.72
3192,20230713,7,4,119,2,658.36,0.0,1316.72,705.42
3193,20230713,3,5,14,2,98.3,0.1,176.94,65.74
3194,20230713,3,5,63,1,98.3,0.0,98.3,42.7
3195,20230713,5,5,302,5,98.3,0.05,466.92,188.92
3196,20230713,2,19,381,2,101.21,0.0,202.42,89.78
3197,20230714,1,1,483,2,545.21,0.0,1090.42,469.0
3198,20230714,5,16,528,5,706.85,0.0,3534.25,2038.35
3199,20230714,4,21,468,8,392.24,0.0,3137.92,1716.48
3200,20230714,7,3,247,4,100.1,0.05,380.38,211.58
3201,20230714,2,11,142,5,504.67,0.0,2523.35,1001.15
3202,20230714,7,9,158,3,296.52,0.0,889.56,217.38
3203,20230714,7,22,382,5,453.16,0.0,2265.8,857.8
3204,20230714,1,30,111,8,83.21,0.0,665.68,183.92
3205,20230714,6,17,581,1,224.09,0.0,224.09,90.39
3206,20230714,4,22,267,5,453.16,0.0,2265.8,857.8
3207,20230714,6,21,231,8,392.24,0.2,2510.34,1088.9
3208,20230714,5,23,448,9,726.04,0.0,6534.36,3530.7
3209,20230714,6,9,101,6,296.52,0.0,1779.12,434.76
3210,20230714,1,17,68,1,224.09,0.0,224.09,90.39
3211,20230715,3,11,191,3,504.67,0.0,1514.01,600.69
3212,20230715,1,28,60,3,609.0,0.0,1827.0,976.38
3213,20230715,2,5,14,5,98.3,0.0,491.5,213.5
3214,20230715,6,14,537,6,246.23,0.0,1477.38,341.28
3215,20230715,1,16,146,4,706.85,0.0,2827.4,1630.68
3216,20230715,3,11,300,3,504.67,0.0,1514.01,600.69
3217,20230715,6,7,384,4,569.53,0.0,2278.12,1240.8
3218,20230715,7,14,68,2,246.23,0.0,492.46,113.76
3219,20230715,3,5,286,5,98.3,0.0,491.5,213.5
3220,20230715,6,27,60,6,636.28,0.0,3817.68,1922.64
3221,20230715,2,18,75,4,279.59,0.0,1118.36,356.48
3222,20230715,1,16,152,7,706.85,0.0,4947.95,2853.69
3223,20230715,4,13,263,6,460.51,0.2,2210.45,335.69
3224,20230715,2,12,36,5,884.49,0.0,4422.45,2480.3
3225,20230715,1,13,92,8,460.51,0.0,3684.08,1184.4
3226,20230715,2,8,575,8,272.27,0.05,2069.25,628.05
3227,20230715,4,29,327,5,354.67,0.0,1773.35,842.0
3228,20230715,6,2,282,3,706.19,0.0,2118.57,1086.12
3229,20230715,1,4,207,1,658.36,0.0,658.36,352.71
3230,20230715,1,5,565,1,98.3,0.05,93.38,37.78
3231,20230715,7,16,20,2,706.85,0.0,1413.7,815.34
3232,20230716,6,1,113,6,545.21,0.05,3107.7,1243.44
3233,20230716,7,4,227,3,658.36,0.0,1975.08,1058.13
3234,20230716,6,10,548,7,655.99,0.0,4591.93,2268.56
3235,20230716,4,18,53,2,279.59,0.0,559.18,178.24
3236,20230716,1,16,35,4,706.85,0.05,2686.03,1489.31
3237,20230716,7,14,123,3,246.23,0.0,738.69,170.64
3238,20230716,5,4,165,3,658.36,0.0,1975.08,1058.13
3239,20230716,1,4,534,5,658.36,0.0,3291.8,1763.55
3240,20230716,1,21,519,6,392.24,0.0,2353.44,1287.36
3241,20230717,2,13,457,4,460.51,0.0,1842.04,592.2
3242,20230717,2,1,157,1,545.21,0.0,545.21,234.5
3243,20230717,3,4,266,2,658.36,0.0,1316.72,705.42
3244,20230717,5,4,299,3,658.36,0.0,1975.08,1058.13
3245,20230717,2,19,407,1,101.21,0.0,101.21,44.89
3246,20230717,1,26,405,6,105.66,0.0,633.96,130.2
3247,20230717,4,19,342,5,101.21,0.0,506.05,224.45
3248,20230717,1,28,170,4,609.0,0.1,2192.4,1058.24
3249,20230717,5,26,254,7,105.66,0.0,739.62,151.9
3250,20230717,7,30,408,2,83.21,0.0,166.42,45.98
3251,20230717,5,20,507,5,191.18,0.0,955.9,482.75
3252,20230717,1,22,322,1,453.16,0.0,453.16,171.56
3253,20230717,2,11,591,5,504.67,0.1,2271.02,748.82
3254,20230717,2,21,560,3,392.24,0.0,1176.72,643.68
3255,20230717,6,30,246,7,83.21,0.05,553.35,131.81
3256,20230717,3,14,407,3,246.23,0.0,738.69,170.64
3257,20230717,2,22,524,4,453.16,0.0,1812.64,686.24
3258,20230717,1,21,248,6,392.24,0.0,2353.44,1287.36
3259,20230717,3,11,72,4,504.67,0.0,2018.68,800.92
3260,20230717,3,27,534,1,636.28,0.0,636.28,320.44
3261,20230718,2,23,426,4,726.04,0.0,2904.16,1569.2
3262,20230718,4,10,243,2,655.99,0.1,1180.78,516.96
3263,20230718,3,17,36,1,224.09,0.0,224.09,90.39
3264,20230718,7,19,366,2,101.21,0.0,202.42,89.78
3265,20230718,1,10,243,1,655.99,0.0,655.99,324.08
3266,20230718,3,28,45,7,609.0,0.0,4263.0,2278.22
3267,20230718,2,22,523,2,453.16,0.0,906.32,343.12
3268,20230718,3,16,208,1,706.85,0.0,706.85,407.67
3269,20230718,7,28,499,3,609.0,0.0,1827.0,976.38
3270,20230718,5,9,100,1,296.52,0.0,296.52,72.46
3271,20230718,7,4,419,3,658.36,0.0,1975.08,1058.13
3272,20230718,5,8,315,3,272.27,0.0,816.81,276.36
3273,20230718,7,9,63,6,296.52,0.0,1779.12,434.76
3274,20230718,4,20,409,5,191.18,0.0,955.9,482.75
3275,20230719,4,8,275,3,272.27,0.0,816.81,276.36
3276,20230719,4,7,292,2,569.53,0.0,1139.06,620.4
3277,20230719,7,18,247,8,279.59,0.0,2236.72,712.96
3278,20230719,5,18,427,8,279.59,0.0,2236.72,712.96
3279,20230719,1,26,444,4,105.66,0.0,422.64,86.8
3280,20230719,3,11,64,4,504.67,0.0,2018.68,800.92
3281,20230719,4,17,477,3,224.09,0.0,672.27,271.17
3282,20230719,1,19,20,2,101.21,0.0,202.42,89.78
3283,20230719,7,20,174,5,191.18,0.0,955.9,482.75
3284,20230719,1,22,297,6,453.16,0.0,2718.96,1029.36
3285,20230719,5,20,89,7,191.18,0.0,1338.26,675.85
3286,20230719,7,6,461,6,350.77,0.0,2104.62,1195.8
3287,20230719,5,19,276,2,101.21,0.0,202.42,89.78
3288,20230719,4,30,214,4,83.21,0.0,332.84,91.96
3289,20230719,1,24,135,3,249.97,0.1,674.92,200.77
3290,20230719,1,21,402,3,392.24,0.0,1176.72,643.68
3291,20230719,2,4,243,3,658.36,0.0,1975.08,1058.13
3292,20230719,4,20,95,1,191.18,0.0,191.18,96.55
3293,20230719,6,9,407,3,296.52,0.0,889.56,217.38
3294,20230719,4,1,530,3,545.21,0.0,1635.63,703.5
3295,20230719,2,4,507,5,658.36,0.0,3291.8,1763.55
3296,20230719,4,22,291,2,453.16,0.0,906.32,343.12
3297,20230719,3,5,122,4,98.3,0.0,393.2,170.8
3298,20230719,7,13,418,8,460.51,0.0,3684.08,1184.4
3299,20230720,1,21,143,5,392.24,0.0,1961.2,1072.8
3300,20230720,4,26,140,7,105.66,0.0,739.62,151.9
3301,20230720,6,8,26,5,272.27,0.0,1361.35,460.6
3302,20230720,4,20,443,6,191.18,0.0,1147.08,579.3
3303,20230720,1,11,317,5,504.67,0.0,2523.35,1001.15
3304,20230720,3,27,455,8,636.28,0.0,5090.24,2563.52
3305,20230720,4,23,243,3,726.04,0.0,2178.12,1176.9
3306,20230720,2,7,380,7,569.53,0.0,3986.71,2171.4
3307,20230720,5,3,264,4,100.1,0.05,380.38,211.58
3308,20230720,6,17,86,6,224.09,0.0,1344.54,542.34
3309,20230720,6,20,251,8,191.18,0.05,1452.97,695.93
3310,20230720,7,1,588,1,545.21,0.0,545.21,234.5
3311,20230720,7,25,387,4,387.37,0.0,1549.48,451.12
3312,20230720,3,23,368,4,726.04,0.0,2904.16,1569.2
3313,20230720,1,16,295,5,706.85,0.0,3534.25,2038.35
3314,20230720,2,2,148,5,706.19,0.05,3354.4,1633.65
3315,20230720,6,4,225,5,658.36,0.0,3291.8,1763.55
3316,20230720,2,23,387,2,726.04,0.0,1452.08,784.6
3317,20230720,6,2,322,6,706.19,0.0,4237.14,2172.24
3318,20230720,4,26,416,5,105.66,0.0,528.3,108.5
3319,20230720,5,19,540,2,101.21,0.0,202.42,89.78
3320,20230720,6,30,9,8,83.21,0.0,665.68,183.92
3321,20230720,5,2,349,6,706.19,0.0,4237.14,2172.24
3322,20230720,2,6,590,4,350.77,0.0,1403.08,797.2
3323,20230721,1,5,555,1,98.3,0.1,88.47,32.87
3324,20230721,6,6,556,5,350.77,0.0,1753.85,996.5
3325,20230721,1,22,258,4,453.16,0.0,1812.64,686.24
3326,20230721,2,5,95,7,98.3,0.0,688.1,298.9
3327,20230721,7,30,449,5,83.21,0.0,416.05,114.95
3328,20230721,1,13,124,1,460.51,0.0,460.51,148.05
3329,20230721,1,5,512,2,98.3,0.0,196.6,85.4
3330,20230721,6,7,494,4,569.53,0.0,2278.12,1240.8
3331,20230721,3,26,391,1,105.66,0.0,105.66,21.7
3332,20230721,2,13,576,3,460.51,0.0,1381.53,444.15
3333,20230721,4,10,211,3,655.99,0.0,1967.97,972.24
3334,20230721,1,4,101,3,658.36,0.1,1777.57,860.62
3335,20230721,1,6,273,5,350.77,0.1,1578.46,821.11
3336,20230721,1,23,5,2,726.04,0.0,1452.08,784.6
3337,20230721,2,15,259,5,134.22,0.0,671.1,341.4
3338,20230721,2,22,291,2,453.16,0.05,861.0,297.8
3339,20230722,1,23,248,4,726.04,0.0,2904.16,1569.2
3340,20230722,5,28,228,1,609.0,0.05,578.55,295.01
3341,20230722,5,7,73,2,569.53,0.1,1025.15,506.49
3342,20230722,1,21,111,2,392.24,0.0,784.48,429.12
3343,20230722,4,18,565,1,279.59,0.0,279.59,89.12
3344,20230722,2,6,471,2,350.77,0.0,701.54,398.6
3345,20230722,1,23,433,4,726.04,0.0,2904.16,1569.2
3346,20230722,1,21,386,4,392.24,0.0,1568.96,858.24
3347,20230722,2,7,6,7,569.53,0.1,3588.04,1772.73
3348,20230722,1,2,445,3,706.19,0.05,2012.64,980.19
3349,20230722,2,21,521,5,392.24,0.0,1961.2,1072.8
3350,20230722,2,16,495,4,706.85,0.0,2827.4,1630.68
3351,20230722,2,21,193,1,392.24,0.1,353.02,175.34
3352,20230722,7,22,328,4,453.16,0.1,1631.38,504.98
3353,20230722,6,7,97,1,569.53,0.0,569.53,310.2
3354,20230722,6,3,105,5,100.1,0.0,500.5,289.5
3355,20230722,3,21,305,5,392.24,0.0,1961.2,1072.8
3356,20230723,1,15,344,2,134.22,0.0,268.44,136.56
3357,20230723,1,18,346,1,279.59,0.0,279.59,89.12
3358,20230723,1,28,142,3,609.0,0.0,1827.0,976.38
3359,20230723,1,7,485,2,569.53,0.0,1139.06,620.4
3360,20230723,7,30,446,1,83.21,0.0,83.21,22.99
3361,20230723,7,16,115,8,706.85,0.2,4523.84,2130.4
3362,20230723,2,16,242,6,706.85,0.05,4029.04,2233.96
3363,20230723,7,18,160,2,279.59,0.0,559.18,178.24
3364,20230723,5,25,115,3,387.37,0.0,1162.11,338.34
3365,20230723,2,13,195,8,460.51,0.0,3684.08,1184.4
3366,20230723,7,16,575,6,706.85,0.0,4241.1,2446.02
3367,20230723,7,7,407,3,569.53,0.0,1708.59,930.6
3368,20230723,7,23,572,5,726.04,0.0,3630.2,1961.5
3369,20230724,1,13,438,7,460.51,0.05,3062.39,875.17
3370,20230724,1,9,579,4,296.52,0.0,1186.08,289.84
3371,20230724,5,1,528,3,545.21,0.0,1635.63,703.5
3372,20230724,2,15,45,2,134.22,0.0,268.44,136.56
3373,20230724,1,12,278,4,884.49,0.0,3537.96,1984.24
3374,20230724,7,24,461,6,249.97,0.0,1499.82,551.52
3375,20230724,1,18,489,2,279.59,0.0,559.18,178.24
3376,20230724,6,17,197,6,224.09,0.0,1344.54,542.34
3377,20230724,6,20,198,1,191.18,0.1,172.06,77.43
3378,20230724,1,21,486,5,392.24,0.0,1961.2,1072.8
3379,20230724,1,8,324,7,272.27,0.0,1905.89,644.84
3380,20230724,2,12,332,8,884.49,0.0,7075.92,3968.48
3381,20230724,2,20,25,2,191.18,0.0,382.36,193.1
3382,20230724,1,4,309,2,658.36,0.0,1316.72,705.42
3383,20230724,5,1,6,4,545.21,0.0,2180.84,938.0
3384,20230724,4,21,26,6,392.24,0.0,2353.44,1287.36
3385,20230725,7,5,431,1,98.3,0.0,98.3,42.7
3386,20230725,4,21,44,1,392.24,0.05,372.63,194.95
3387,20230725,7,19,36,7,101.21,0.0,708.47,314.23
3388,20230725,7,12,194,2,884.49,0.0,1768.98,992.12
3389,20230725,5,29,179,7,354.67,0.05,2358.56,1054.67
3390,20230725,4,30,156,6,83.21,0.0,499.26,137.94
3391,20230725,6,10,451,7,655.99,0.0,4591.93,2268.56
3392,20230725,4,7,222,1,569.53,0.0,569.53,310.2
3393,20230725,6,23,515,6,726.04,0.0,4356.24,2353.8
3394,20230725,4,23,496,3,726.04,0.1,1960.31,959.09
3395,20230725,5,27,329,4,636.28,0.0,2545.12,1281.76
3396,20230725,6,19,343,6,101.21,0.0,607.26,269.34
3397,20230725,6,8,544,1,272.27,0.0,272.27,92.12
3398,20230725,6,7,95,5,569.53,0.1,2562.88,1266.24
3399,20230726,4,30,455,2,83.21,0.0,166.42,45.98
3400,20230726,6,10,107,4,655.99,0.05,2492.76,1165.12
3401,20230726,6,26,120,8,105.66,0.2,676.22,4.54
3402,20230726,2,7,379,3,569.53,0.1,1537.73,759.74
3403,20230726,2,2,370,3,706.19,0.1,1906.71,874.26
3404,20230726,4,28,102,4,609.0,0.0,2436.0,1301.84
3405,20230726,6,20,265,8,191.18,0.0,1529.44,772.4
3406,20230726,2,2,100,5,706.19,0.0,3530.95,1810.2
3407,20230726,7,26,239,2,105.66,0.0,211.32,43.4
3408,20230726,2,16,266,2,706.85,0.0,1413.7,815.34
3409,20230726,6,29,78,1,354.67,0.0,354.67,168.4
3410,20230726,4,2,74,6,706.19,0.0,4237.14,2172.24
3411,20230726,1,20,40,3,191.18,0.0,573.54,289.65
3412,20230726,1,16,448,2,706.85,0.0,1413.7,815.34
3413,20230726,7,13,27,7,460.51,0.0,3223.57,1036.35
3414,20230726,6,2,499,3,706.19,0.0,2118.57,1086.12
3415,20230727,2,29,278,3,354.67,0.0,1064.01,505.2
3416,20230727,5,4,525,5,658.36,0.0,3291.8,1763.55
3417,20230727,7,24,456,6,249.97,0.1,1349.84,401.54
3418,20230727,4,16,498,2,706.85,0.05,1343.02,744.65
3419,20230727,6,28,369,1,609.0,0.0,609.0,325.46
3420,20230727,3,6,97,5,350.77,0.0,1753.85,996.5
3421,20230727,3,29,449,3,354.67,0.05,1010.81,452.0
3422,20230727,1,25,488,3,387.37,0.0,1162.11,338.34
3423,20230727,2,29,115,8,354.67,0.0,2837.36,1347.2
3424,20230727,2,25,199,5,387.37,0.0,1936.85,563.9
3425,20230727,7,2,211,3,706.19,0.05,2012.64,980.19
3426,20230727,5,11,336,4,504.67,0.05,1917.75,699.99
3427,20230727,4,20,339,2,191.18,0.0,382.36,193.1
3428,20230727,1,26,243,1,105.66,0.0,105.66,21.7
3429,20230727,7,21,18,4,392.24,0.0,1568.96,858.24
3430,20230727,6,3,238,1,100.1,0.0,100.1,57.9
3431,20230727,2,7,410,3,569.53,0.0,1708.59,930.6
3432,20230727,6,8,428,4,272.27,0.0,1089.08,368.48
3433,20230727,6,26,150,4,105.66,0.0,422.64,86.8
3434,20230727,5,27,154,5,636.28,0.0,3181.4,1602.2
3435,20230727,1,16,298,8,706.85,0.0,5654.8,3261.36
3436,20230727,1,30,425,4,83.21,0.1,299.56,58.68
3437,20230727,7,16,581,4,706.85,0.1,2544.66,1347.94
3438,20230727,7,20,187,5,191.18,0.0,955.9,482.75
3439,20230727,2,28,317,1,609.0,0.0,609.0,325.46
3440,20230728,7,3,338,6,100.1,0.0,600.6,347.4
3441,20230728,6,20,356,3,191.18,0.05,544.86,260.97
3442,20230728,7,19,400,1,101.21,0.0,101.21,44.89
3443,20230728,6,8,180,2,272.27,0.0,544.54,184.24
3444,20230728,7,14,480,8,246.23,0.0,1969.84,455.04
3445,20230728,6,9,230,4,296.52,0.0,1186.08,289.84
3446,20230728,3,24,103,2,249.97,0.0,499.94,183.84
3447,20230728,1,25,133,5,387.37,0.0,1936.85,563.9
3448,20230728,6,1,561,5,545.21,0.0,2726.05,1172.5
3449,20230728,5,20,337,4,191.18,0.0,764.72,386.2
3450,20230728,3,25,228,5,387.37,0.0,1936.85,563.9
3451,20230728,2,20,32,3,191.18,0.0,573.54,289.65
3452,20230728,3,29,130,4,354.67,0.05,1347.75,602.67
3453,20230728,2,9,123,2,296.52,0.0,593.04,144.92
3454,20230728,5,14,457,4,246.23,0.0,984.92,227.52
3455,20230728,3,18,295,1,279.59,0.0,279.59,89.12
3456,20230728,6,26,592,2,105.66,0.0,211.32,43.4
3457,20230729,2,8,53,1,272.27,0.05,258.66,78.51
3458,20230729,1,17,445,5,224.09,0.0,1120.45,451.95
3459,20230729,3,29,385,1,354.67,0.0,354.67,168.4
3460,20230729,3,7,454,4,569.53,0.05,2164.21,1126.89
3461,20230729,4,11,45,3,504.67,0.0,1514.01,600.69
3462,20230729,6,6,572,5,350.77,0.0,1753.85,996.5
3463,20230729,2,4,14,6,658.36,0.0,3950.16,2116.26
3464,20230729,7,12,519,6,884.49,0.0,5306.94,2976.36
3465,20230729,2,28,422,3,609.0,0.1,1644.3,793.68
3466,20230729,5,7,206,3,569.53,0.0,1708.59,930.6
3467,20230729,2,14,139,1,246.23,0.0,246.23,56.88
3468,20230729,5,24,281,5,249.97,0.0,1249.85,459.6
3469,20230729,5,1,144,1,545.21,0.0,545.21,234.5
3470,20230729,1,9,401,3,296.52,0.0,889.56,217.38
3471,20230729,1,16,338,2,706.85,0.0,1413.7,815.34
3472,20230729,7,30,534,4,83.21,0.0,332.84,91.96
3473,20230729,6,16,121,5,706.85,0.0,3534.25,2038.35
3474,20230730,1,30,397,2,83.21,0.0,166.42,45.98
3475,20230730,1,12,142,5,884.49,0.0,4422.45,2480.3
3476,20230730,3,8,425,1,272.27,0.0,272.27,92.12
3477,20230730,4,5,511,2,98.3,0.0,196.6,85.4
3478,20230730,1,7,558,4,569.53,0.0,2278.12,1240.8
3479,20230730,1,10,345,5,655.99,0.0,3279.95,1620.4
3480,20230730,5,5,437,2,98.3,0.05,186.77,75.57
3481,20230730,4,20,275,2,191.18,0.0,382.36,193.1
3482,20230730,1,3,91,5,100.1,0.0,500.5,289.5
3483,20230730,7,9,118,5,296.52,0.2,1186.08,65.78
3484,20230730,7,6,376,6,350.77,0.0,2104.62,1195.8
3485,20230730,4,13,50,6,460.51,0.0,2763.06,888.3
3486,20230730,1,14,243,5,246.23,0.0,1231.15,284.4
3487,20230730,4,19,315,2,101.21,0.0,202.42,89.78
3488,20230730,7,14,103,3,246.23,0.0,738.69,170.64
3489,20230730,7,11,386,6,504.67,0.0,3028.02,1201.38
3490,20230730,3,1,196,3,545.21,0.0,1635.63,703.5
3491,20230731,4,29,119,1,354.67,0.0,354.67,168.4
3492,20230731,3,2,577,4,706.19,0.1,2542.28,1165.68
3493,20230731,1,19,553,4,101.21,0.0,404.84,179.56
3494,20230731,1,26,265,1,105.66,0.0,105.66,21.7
3495,20230731,4,25,116,4,387.37,0.0,1549.48,451.12
3496,20230731,2,24,540,6,249.97,0.0,1499.82,551.52
3497,20230731,4,1,515,5,545.21,0.2,2180.84,627.29
3498,20230731,7,14,295,1,246.23,0.0,246.23,56.88
3499,20230731,6,28,78,1,609.0,0.0,609.0,325.46
3500,20230731,7,21,407,4,392.24,0.0,1568.96,858.24
3501,20230731,3,19,461,5,101.21,0.05,480.75,199.15
3502,20230731,6,10,260,3,655.99,0.0,1967.97,972.24
3503,20230731,1,10,104,1,655.99,0.0,655.99,324.08
3504,20230801,5,4,485,1,658.36,0.0,658.36,352.71
3505,20230801,2,29,31,2,354.67,0.0,709.34,336.8
3506,20230801,7,18,383,4,279.59,0.0,1118.36,356.48
3507,20230801,4,18,233,4,279.59,0.0,1118.36,356.48
3508,20230801,4,3,419,1,100.1,0.1,90.09,47.89
3509,20230801,1,2,258,1,706.19,0.0,706.19,362.04
3510,20230801,2,26,313,6,105.66,0.0,633.96,130.2
3511,20230801,5,15,402,2,134.22,0.0,268.44,136.56
3512,20230801,4,4,484,4,658.36,0.0,2633.44,1410.84
3513,20230801,1,27,433,3,636.28,0.0,1908.84,961.32
3514,20230801,2,6,8,5,350.77,0.0,1753.85,996.5
3515,20230801,1,29,370,3,354.67,0.0,1064.01,505.2
3516,20230801,7,24,36,3,249.97,0.0,749.91,275.76
3517,20230801,3,10,515,1,655.99,0.0,655.99,324.08
3518,20230801,4,18,578,5,279.59,0.0,1397.95,445.6
3519,20230801,2,19,180,2,101.21,0.0,202.42,89.78
3520,20230801,2,3,443,1,100.1,0.0,100.1,57.9
3521,20230802,6,27,151,4,636.28,0.0,2545.12,1281.76
3522,20230802,2,6,586,6,350.77,0.0,2104.62,1195.8
3523,20230802,4,20,48,3,191.18,0.0,573.54,289.65
3524,20230802,1,8,6,3,272.27,0.05,775.97,235.52
3525,20230802,2,20,331,2,191.18,0.0,382.36,193.1
3526,20230802,5,13,301,1,460.51,0.0,460.51,148.05
3527,20230802,2,15,119,3,134.22,0.0,402.66,204.84
3528,20230802,2,5,131,2,98.3,0.05,186.77,75.57
3529,20230802,1,8,116,3,272.27,0.0,816.81,276.36
3530,20230802,3,13,54,5,460.51,0.0,2302.55,740.25
3531,20230802,1,16,333,5,706.85,0.0,3534.25,2038.35
3532,20230802,6,22,19,4,453.16,0.05,1722.01,595.61
3533,20230802,3,1,132,3,545.21,0.0,1635.63,703.5
3534,20230802,4,18,307,3,279.59,0.0,838.77,267.36
3535,20230802,6,11,507,5,504.67,0.0,2523.35,1001.15
3536,20230802,3,14,253,3,246.23,0.0,738.69,170.64
3537,20230802,1,5,188,6,98.3,0.0,589.8,256.2
3538,20230802,2,28,258,2,609.0,0.0,1218.0,650.92
3539,20230802,2,30,128,3,83.21,0.0,249.63,68.97
3540,20230802,7,14,358,4,246.23,0.1,886.43,129.03
3541,20230802,1,16,488,1,706.85,0.0,706.85,407.67
3542,20230803,3,30,577,4,83.21,0.0,332.84,91.96
3543,20230803,7,2,21,1,706.19,0.0,706.19,362.04
3544,20230803,6,20,326,2,191.18,0.0,382.36,193.1
3545,20230803,1,25,572,2,387.37,0.0,774.74,225.56
3546,20230803,2,19,369,3,101.21,0.0,303.63,134.67
3547,20230803,4,3,229,6,100.1,0.05,570.57,317.37
3548,20230803,4,3,498,4,100.1,0.0,400.4,231.6
3549,20230803,1,12,548,1,884.49,0.05,840.27,451.84
3550,20230803,1,25,440,3,387.37,0.0,1162.11,338.34
3551,20230803,4,3,31,2,100.1,0.0,200.2,115.8
3552,20230803,6,12,147,2,884.49,0.0,1768.98,992.12
3553,20230803,1,11,213,1,504.67,0.0,504.67,200.23
3554,20230803,3,27,580,3,636.28,0.0,1908.84,961.32
3555,20230803,5,16,54,1,706.85,0.0,706.85,407.67
3556,20230803,6,3,143,1,100.1,0.0,100.1,57.9
3557,20230803,4,1,580,4,545.21,0.0,2180.84,938.0
3558,20230803,5,12,526,5,884.49,0.05,4201.33,2259.18
3559,20230803,4,29,559,5,354.67,0.0,1773.35,842.0
3560,20230803,1,20,493,6,191.18,0.0,1147.08,579.3
3561,20230803,3,3,523,3,100.1,0.0,300.3,173.7
3562,20230804,4,17,153,5,224.09,0.0,1120.45,451.95
3563,20230804,3,9,135,3,296.52,0.0,889.56,217.38
3564,20230804,1,3,87,1,100.1,0.0,100.1,57.9
3565,20230804,3,6,559,2,350.77,0.0,701.54,398.6
3566,20230804,7,14,304,5,246.23,0.05,1169.59,222.84
3567,20230804,7,7,480,1,569.53,0.0,569.53,310.2
3568,20230804,1,16,529,6,706.85,0.0,4241.1,2446.02
3569,20230804,5,30,477,1,83.21,0.0,83.21,22.99
3570,20230804,7,30,314,2,83.21,0.0,166.42,45.98
3571,20230804,1,24,214,2,249.97,0.0,499.94,183.84
3572,20230804,7,23,592,5,726.04,0.0,3630.2,1961.5
3573,20230804,2,21,399,3,392.24,0.0,1176.72,643.68
3574,20230804,5,27,7,2,636.28,0.1,1145.3,513.62
3575,20230804,4,6,237,1,350.77,0.0,350.77,199.3
3576,20230804,1,23,198,1,726.04,0.0,726.04,392.3
3577,20230804,3,10,15,1,655.99,0.0,655.99,324.08
3578,20230804,1,21,308,1,392.24,0.0,392.24,214.56
3579,20230804,2,18,74,4,279.59,0.0,1118.36,356.48
3580,20230804,4,3,287,6,100.1,0.0,600.6,347.4
3581,20230804,2,7,170,4,569.53,0.0,2278.12,1240.8
3582,20230804,1,11,431,1,504.67,0.0,504.67,200.23
3583,20230805,5,28,214,5,609.0,0.0,3045.0,1627.3
3584,20230805,4,3,407,3,100.1,0.0,300.3,173.7
3585,20230805,1,7,572,3,569.53,0.0,1708.59,930.6
3586,20230805,6,4,29,2,658.36,0.1,1185.05,573.75
3587,20230805,1,28,584,1,609.0,0.0,609.0,325.46
3588,20230805,4,28,294,1,609.0,0.05,578.55,295.01
3589,20230805,1,26,85,3,105.66,0.0,316.98,65.1
3590,20230805,7,15,107,4,134.22,0.0,536.88,273.12
3591,20230805,5,2,287,1,706.19,0.0,706.19,362.04
3592,20230805,7,15,234,2,134.22,0.0,268.44,136.56
3593,20230805,3,24,280,2,249.97,0.0,499.94,183.84
3594,20230805,2,30,87,1,83.21,0.0,83.21,22.99
3595,20230805,2,17,467,3,224.09,0.05,638.66,237.56
3596,20230806,6,11,46,5,504.67,0.0,2523.35,1001.15
3597,20230806,7,9,121,2,296.52,0.0,593.04,144.92
3598,20230806,4,25,416,3,387.37,0.0,1162.11,338.34
3599,20230806,6,7,565,2,569.53,0.0,1139.06,620.4
3600,20230806,4,20,484,5,191.18,0.0,955.9,482.75
3601,20230806,1,1,225,2,545.21,0.05,1035.9,414.48
3602,20230806,4,2,527,4,706.19,0.0,2824.76,1448.16
3603,20230806,4,30,141,2,83.21,0.0,166.42,45.98
3604,20230806,1,27,314,2,636.28,0.0,1272.56,640.88
3605,20230806,1,22,348,3,453.16,0.0,1359.48,514.68
3606,20230806,1,2,550,3,706.19,0.0,2118.57,1086.12
3607,20230806,7,21,403,3,392.24,0.0,1176.72,643.68
3608,20230806,4,14,46,3,246.23,0.0,738.69,170.64
3609,20230806,4,4,21,3,658.36,0.0,1975.08,1058.13
3610,20230806,1,12,591,1,884.49,0.0,884.49,496.06
3611,20230806,1,26,203,3,105.66,0.05,301.13,49.25
3612,20230806,6,15,428,5,134.22,0.0,671.1,341.4
3613,20230806,3,26,129,1,105.66,0.1,95.09,11.13
3614,20230806,2,22,550,2,453.16,0.0,906.32,343.12
3615,20230806,3,17,481,3,224.09,0.0,672.27,271.17
3616,20230807,2,6,153,5,350.77,0.0,1753.85,996.5
3617,20230807,4,21,420,4,392.24,0.0,1568.96,858.24
3618,20230807,7,15,324,2,134.22,0.05,255.02,123.14
3619,20230807,5,14,108,1,246.23,0.0,246.23,56.88
3620,20230807,6,16,427,1,706.85,0.0,706.85,407.67
3621,20230807,3,10,347,4,655.99,0.0,2623.96,1296.32
3622,20230807,2,6,189,4,350.77,0.0,1403.08,797.2
3623,20230807,3,25,129,5,387.37,0.0,1936.85,563.9
3624,20230807,5,21,516,1,392.24,0.05,372.63,194.95
3625,20230807,4,8,117,3,272.27,0.0,816.81,276.36
3626,20230807,1,23,172,5,726.04,0.0,3630.2,1961.5
3627,20230807,7,8,331,2,272.27,0.0,544.54,184.24
3628,20230807,1,27,222,5,636.28,0.0,3181.4,1602.2
3629,20230807,7,1,142,2,545.21,0.0,1090.42,469.0
3630,20230807,7,4,340,3,658.36,0.0,1975.08,1058.13
3631,20230807,4,26,565,5,105.66,0.0,528.3,108.5
3632,20230807,7,2,506,2,706.19,0.0,1412.38,724.08
3633,20230807,5,14,28,2,246.23,0.1,443.21,64.51
3634,20230807,7,9,548,1,296.52,0.0,296.52,72.46
3635,20230807,2,9,258,3,296.52,0.0,889.56,217.38
3636,20230807,6,28,442,2,609.0,0.0,1218.0,650.92
3637,20230807,5,8,119,2,272.27,0.0,544.54,184.24
3638,20230807,2,16,421,2,706.85,0.05,1343.02,744.65
3639,20230807,1,23,15,3,726.04,0.0,2178.12,1176.9
3640,20230808,1,6,384,1,350.77,0.0,350.77,199.3
3641,20230808,1,12,313,4,884.49,0.0,3537.96,1984.24
3642,20230808,2,20,453,3,191.18,0.0,573.54,289.65
3643,20230808,7,1,15,5,545.21,0.05,2589.75,1036.2
3644,20230808,2,4,268,3,658.36,0.0,1975.08,1058.13
3645,20230808,1,22,248,1,453.16,0.05,430.5,148.9
3646,20230808,7,19,41,2,101.21,0.0,202.42,89.78
3647,20230808,5,21,452,2,392.24,0.0,784.48,429.12
3648,20230808,4,25,536,3,387.37,0.0,1162.11,338.34
3649,20230809,1,4,481,3,658.36,0.0,1975.08,1058.13
3650,20230809,1,13,278,1,460.51,0.0,460.51,148.05
3651,20230809,4,22,435,5,453.16,0.0,2265.8,857.8
3652,20230809,3,3,98,2,100.1,0.0,200.2,115.8
3653,20230809,6,27,596,1,636.28,0.0,636.28,320.44
3654,20230809,2,19,547,6,101.21,0.0,607.26,269.34
3655,20230809,2,8,562,2,272.27,0.0,544.54,184.24
3656,20230809,2,22,262,2,453.16,0.0,906.32,343.12
3657,20230809,4,6,285,2,350.77,0.0,701.54,398.6
3658,20230809,1,30,519,6,83.21,0.0,499.26,137.94
3659,20230809,6,27,445,2,636.28,0.0,1272.56,640.88
3660,20230809,6,8,555,4,272.27,0.05,1034.63,314.03
3661,20230809,2,19,216,1,101.21,0.05,96.15,39.83
3662,20230809,6,28,562,5,609.0,0.0,3045.0,1627.3
3663,20230809,5,23,557,4,726.04,0.05,2758.95,1423.99
3664,20230809,4,28,384,4,609.0,0.0,2436.0,1301.84
3665,20230809,4,7,41,1,569.53,0.0,569.53,310.2
3666,20230810,7,20,63,1,191.18,0.0,191.18,96.55
3667,20230810,7,6,368,3,350.77,0.0,1052.31,597.9
3668,20230810,7,14,482,2,246.23,0.0,492.46,113.76
3669,20230810,2,21,245,2,392.24,0.0,784.48,429.12
3670,20230810,5,21,505,4,392.24,0.0,1568.96,858.24
3671,20230810,1,3,39,1,100.1,0.0,100.1,57.9
3672,20230810,4,18,368,3,279.59,0.0,838.77,267.36
3673,20230810,7,14,42,3,246.23,0.0,738.69,170.64
3674,20230810,3,7,303,3,569.53,0.0,1708.59,930.6
3675,20230810,1,14,530,5,246.23,0.0,1231.15,284.4
3676,20230810,2,2,582,4,706.19,0.0,2824.76,1448.16
3677,20230810,1,7,523,4,569.53,0.0,2278.12,1240.8
3678,20230810,2,17,42,1,224.09,0.0,224.09,90.39
3679,20230811,7,4,342,2,658.36,0.1,1185.05,573.75
3680,20230811,1,7,345,1,569.53,0.0,569.53,310.2
3681,20230811,3,25,119,6,387.37,0.0,2324.22,676.68
3682,20230811,5,6,526,2,350.77,0.0,701.54,398.6
3683,20230811,4,10,564,1,655.99,0.0,655.99,324.08
3684,20230811,3,6,273,1,350.77,0.0,350.77,199.3
3685,20230811,3,10,459,3,655.99,0.0,1967.97,972.24
3686,20230811,7,12,136,1,884.49,0.0,884.49,496.06
3687,20230811,7,20,392,4,191.18,0.0,764.72,386.2
3688,20230811,4,17,314,1,224.09,0.0,224.09,90.39
3689,20230812,3,24,246,3,249.97,0.1,674.92,200.77
3690,20230812,2,7,423,2,569.53,0.0,1139.06,620.4
3691,20230812,1,13,337,4,460.51,0.1,1657.84,408.0
3692,20230812,7,3,31,2,100.1,0.0,200.2,115.8
3693,20230812,6,16,7,2,706.85,0.0,1413.7,815.34
3694,20230812,4,25,116,1,387.37,0.0,387.37,112.78
3695,20230812,1,25,225,3,387.37,0.0,1162.11,338.34
3696,20230812,2,14,75,4,246.23,0.0,984.92,227.52
3697,20230812,7,19,147,5,101.21,0.0,506.05,224.45
3698,20230812,4,3,173,1,100.1,0.0,100.1,57.9
3699,20230812,5,13,430,2,460.51,0.0,921.02,296.1
3700,20230812,2,17,565,6,224.09,0.0,1344.54,542.34
3701,20230812,6,3,505,3,100.1,0.2,240.24,113.64
3702,20230812,5,30,214,3,83.21,0.0,249.63,68.97
3703,20230813,5,23,167,5,726.04,0.0,3630.2,1961.5
3704,20230813,3,7,206,1,569.53,0.0,569.53,310.2
3705,20230813,1,25,456,2,387.37,0.0,774.74,225.56
3706,20230813,7,14,145,1,246.23,0.0,246.23,56.88
3707,20230813,6,22,460,3,453.16,0.0,1359.48,514.68
3708,20230813,3,22,366,5,453.16,0.0,2265.8,857.8
3709,20230813,7,8,464,4,272.27,0.0,1089.08,368.48
3710,20230813,4,13,571,1,460.51,0.0,460.51,148.05
3711,20230813,5,26,267,3,105.66,0.0,316.98,65.1
3712,20230813,5,1,144,4,545.21,0.0,2180.84,938.0
3713,20230813,1,1,156,2,545.21,0.0,1090.42,469.0
3714,20230813,4,13,238,1,460.51,0.0,460.51,148.05
3715,20230813,2,17,169,3,224.09,0.0,672.27,271.17
3716,20230813,6,6,597,1,350.77,0.0,350.77,199.3
3717,20230813,4,4,203,1,658.36,0.0,658.36,352.71
3718,20230813,3,13,191,5,460.51,0.0,2302.55,740.25
3719,20230813,7,21,350,1,392.24,0.0,392.24,214.56
3720,20230813,1,24,439,5,249.97,0.0,1249.85,459.6
3721,20230814,4,26,105,2,105.66,0.05,200.75,32.83
3722,20230814,4,5,396,3,98.3,0.0,294.9,128.1
3723,20230814,1,4,319,1,658.36,0.05,625.44,319.79
3724,20230814,7,14,264,4,246.23,0.0,984.92,227.52
3725,20230814,3,28,226,1,609.0,0.0,609.0,325.46
3726,20230814,7,4,62,3,658.36,0.0,1975.08,1058.13
3727,20230814,2,12,41,3,884.49,0.0,2653.47,1488.18
3728,20230814,3,11,526,1,504.67,0.0,504.67,200.23
3729,20230814,6,7,540,3,569.53,0.0,1708.59,930.6
3730,20230814,7,7,592,1,569.53,0.0,569.53,310.2
3731,20230814,1,16,539,2,706.85,0.0,1413.7,815.34
3732,20230814,4,16,459,1,706.85,0.0,706.85,407.67
3733,20230814,6,17,179,3,224.09,0.0,672.27,271.17
3734,20230814,2,4,410,2,658.36,0.0,1316.72,705.42
3735,20230814,5,3,283,3,100.1,0.0,300.3,173.7
3736,20230814,2,5,489,5,98.3,0.0,491.5,213.5
3737,20230814,3,28,384,2,609.0,0.0,1218.0,650.92
3738,20230814,2,18,536,2,279.59,0.05,531.22,150.28
3739,20230814,7,5,397,1,98.3,0.0,98.3,42.7
3740,20230814,2,28,136,2,609.0,0.0,1218.0,650.92
3741,20230815,4,10,321,1,655.99,0.0,655.99,324.08
3742,20230815,6,8,256,4,272.27,0.0,1089.08,368.48
3743,20230815,4,21,491,4,392.24,0.0,1568.96,858.24
3744,20230815,7,27,425,2,636.28,0.0,1272.56,640.88
3745,20230815,6,17,306,1,224.09,0.0,224.09,90.39
3746,20230815,5,5,302,5,98.3,0.0,491.5,213.5
3747,20230815,3,29,333,1,354.67,0.0,354.67,168.4
3748,20230815,3,17,281,6,224.09,0.0,1344.54,542.34
3749,20230815,1,11,446,1,504.67,0.0,504.67,200.23
3750,20230815,7,11,563,4,504.67,0.0,2018.68,800.92
3751,20230815,6,11,361,5,504.67,0.0,2523.35,1001.15
3752,20230815,1,6,478,6,350.77,0.0,2104.62,1195.8
3753,20230815,2,8,39,3,272.27,0.0,816.81,276.36
3754,20230815,7,27,542,3,636.28,0.0,1908.84,961.32
3755,20230816,7,20,335,1,191.18,0.0,191.18,96.55
3756,20230816,1,15,73,4,134.22,0.2,429.5,165.74
3757,20230816,6,26,332,1,105.66,0.0,105.66,21.7
3758,20230816,2,26,482,1,105.66,0.0,105.66,21.7
3759,20230816,7,11,3,3,504.67,0.05,1438.31,524.99
3760,20230816,7,21,183,2,392.24,0.0,784.48,429.12
3761,20230816,5,6,302,1,350.77,0.0,350.77,199.3
3762,20230816,1,20,403,2,191.18,0.0,382.36,193.1
3763,20230816,1,15,17,4,134.22,0.0,536.88,273.12
3764,20230816,2,3,180,2,100.1,0.0,200.2,115.8
3765,20230816,1,13,200,2,460.51,0.05,874.97,250.05
3766,20230816,1,17,399,2,224.09,0.0,448.18,180.78
3767,20230816,7,26,571,5,105.66,0.0,528.3,108.5
3768,20230816,6,8,437,4,272.27,0.0,1089.08,368.48
3769,20230816,5,4,443,2,658.36,0.0,1316.72,705.42
3770,20230816,4,1,160,3,545.21,0.0,1635.63,703.5
3771,20230816,3,18,397,3,279.59,0.0,838.77,267.36
3772,20230816,3,16,366,4,706.85,0.0,2827.4,1630.68
3773,20230816,1,22,120,3,453.16,0.0,1359.48,514.68
3774,20230816,7,13,259,1,460.51,0.0,460.51,148.05
3775,20230816,2,4,294,3,658.36,0.1,1777.57,860.62
3776,20230817,3,13,195,3,460.51,0.1,1243.38,306.0
3777,20230817,1,5,281,1,98.3,0.0,98.3,42.7
3778,20230817,7,28,305,1,609.0,0.0,609.0,325.46
3779,20230817,7,27,341,3,636.28,0.2,1527.07,579.55
3780,20230817,4,25,167,2,387.37,0.0,774.74,225.56
3781,20230817,4,29,261,1,354.67,0.0,354.67,168.4
3782,20230817,3,21,278,3,392.24,0.0,1176.72,643.68
3783,20230817,1,4,358,2,658.36,0.0,1316.72,705.42
3784,20230817,6,22,352,2,453.16,0.0,906.32,343.12
3785,20230818,4,5,4,3,98.3,0.1,265.41,98.61
3786,20230818,6,18,563,2,279.59,0.0,559.18,178.24
3787,20230818,3,2,193,4,706.19,0.0,2824.76,1448.16
3788,20230818,4,19,378,4,101.21,0.0,404.84,179.56
3789,20230818,1,23,271,1,726.04,0.1,653.44,319.7
3790,20230818,5,29,219,1,354.67,0.0,354.67,168.4
3791,20230818,1,5,146,5,98.3,0.0,491.5,213.5
3792,20230818,4,25,200,3,387.37,0.0,1162.11,338.34
3793,20230818,6,12,256,5,884.49,0.0,4422.45,2480.3
3794,20230818,3,10,15,5,655.99,0.1,2951.96,1292.41
3795,20230818,7,5,40,2,98.3,0.0,196.6,85.4
3796,20230818,1,10,50,4,655.99,0.05,2492.76,1165.12
3797,20230818,2,15,289,4,134.22,0.0,536.88,273.12
3798,20230818,5,11,563,4,504.67,0.05,1917.75,699.99
3799,20230818,5,26,284,4,105.66,0.0,422.64,86.8
3800,20230818,6,20,17,5,191.18,0.0,955.9,482.75
3801,20230818,3,25,564,2,387.37,0.1,697.27,148.09
3802,20230818,7,29,44,3,354.67,0.0,1064.01,505.2
3803,20230818,2,3,159,4,100.1,0.0,400.4,231.6
3804,20230818,4,1,164,1,545.21,0.0,545.21,234.5
3805,20230818,1,22,535,3,453.16,0.1,1223.53,378.73
3806,20230818,5,23,565,1,726.04,0.0,726.04,392.3
3807,20230819,2,6,297,4,350.77,0.0,1403.08,797.2
3808,20230819,3,3,228,1,100.1,0.0,100.1,57.9
3809,20230819,4,11,109,4,504.67,0.0,2018.68,800.92
3810,20230819,3,3,389,5,100.1,0.0,500.5,289.5
3811,20230819,4,23,370,4,726.04,0.0,2904.16,1569.2
3812,20230819,4,14,136,1,246.23,0.0,246.23,56.88
3813,20230819,2,5,279,1,98.3,0.0,98.3,42.7
3814,20230819,7,5,289,2,98.3,0.0,196.6,85.4
3815,20230819,7,15,521,4,134.22,0.0,536.88,273.12
3816,20230819,2,25,54,4,387.37,0.0,1549.48,451.12
3817,20230819,4,20,369,1,191.18,0.0,191.18,96.55
3818,20230820,6,2,310,1,706.19,0.0,706.19,362.04
3819,20230820,5,5,191,2,98.3,0.2,157.28,46.08
3820,20230820,7,16,342,4,706.85,0.0,2827.4,1630.68
3821,20230820,7,15,339,1,134.22,0.0,134.22,68.28
3822,20230820,7,14,189,6,246.23,0.0,1477.38,341.28
3823,20230820,7,12,427,3,884.49,0.0,2653.47,1488.18
3824,20230820,3,25,558,3,387.37,0.0,1162.11,338.34
3825,20230820,7,16,49,1,706.85,0.2,565.48,266.3
3826,20230820,1,24,410,2,249.97,0.0,499.94,183.84
3827,20230820,6,26,375,3,105.66,0.0,316.98,65.1
3828,20230820,5,3,415,2,100.1,0.0,200.2,115.8
3829,20230820,4,19,144,1,101.21,0.1,91.09,34.77
3830,20230820,6,30,418,1,83.21,0.0,83.21,22.99
3831,20230820,3,26,105,4,105.66,0.0,422.64,86.8
3832,20230820,1,10,295,2,655.99,0.0,1311.98,648.16
3833,20230820,6,28,321,4,609.0,0.0,2436.0,1301.84
3834,20230820,1,26,410,2,105.66,0.0,211.32,43.4
3835,20230820,1,20,1,5,191.18,0.0,955.9,482.75
3836,20230820,4,5,94,2,98.3,0.0,196.6,85.4
3837,20230820,5,4,1,3,658.36,0.0,1975.08,1058.13
3838,20230820,4,1,274,6,545.21,0.05,3107.7,1243.44
3839,20230820,1,19,303,3,101.21,0.0,303.63,134.67
3840,20230820,2,28,387,2,609.0,0.0,1218.0,650.92
3841,20230820,7,29,475,1,354.67,0.0,354.67,168.4
3842,20230820,1,14,390,3,246.23,0.0,738.69,170.64
3843,20230821,7,6,558,4,350.77,0.0,1403.08,797.2
3844,20230821,3,30,115,3,83.21,0.0,249.63,68.97
3845,20230821,2,9,424,2,296.52,0.0,593.04,144.92
3846,20230821,4,23,36,4,726.04,0.0,2904.16,1569.2
3847,20230821,4,2,241,3,706.19,0.0,2118.57,1086.12
3848,20230821,6,12,394,1,884.49,0.0,884.49,496.06
3849,20230821,5,1,59,4,545.21,0.0,2180.84,938.0
3850,20230821,7,25,119,2,387.37,0.1,697.27,148.09
3851,20230821,3,28,60,2,609.0,0.0,1218.0,650.92
3852,20230821,1,29,397,3,354.67,0.0,1064.01,505.2
3853,20230821,1,23,77,3,726.04,0.0,2178.12,1176.9
3854,20230821,3,4,409,3,658.36,0.0,1975.08,1058.13
3855,20230821,2,27,294,2,636.28,0.1,1145.3,513.62
3856,20230821,7,22,420,4,453.16,0.0,1812.64,686.24
3857,20230821,3,14,149,1,246.23,0.0,246.23,56.88
3858,20230822,1,15,156,2,134.22,0.0,268.44,136.56
3859,20230822,1,23,481,2,726.04,0.05,1379.48,712.0
3860,20230822,2,28,582,2,609.0,0.0,1218.0,650.92
3861,20230822,1,10,559,4,655.99,0.0,2623.96,1296.32
3862,20230822,1,29,281,2,354.67,0.0,709.34,336.8
3863,20230822,1,16,335,5,706.85,0.0,3534.25,2038.35
3864,20230822,1,2,287,4,706.19,0.0,2824.76,1448.16
3865,20230822,1,19,26,5,101.21,0.0,506.05,224.45
3866,20230822,7,4,582,3,658.36,0.0,1975.08,1058.13
3867,20230822,1,10,409,6,655.99,0.0,3935.94,1944.48
3868,20230822,5,19,512,3,101.21,0.2,242.9,73.94
3869,20230822,1,23,206,2,726.04,0.1,1306.87,639.39
3870,20230822,1,12,89,3,884.49,0.0,2653.47,1488.18
3871,20230822,6,13,442,2,460.51,0.0,921.02,296.1
3872,20230822,4,8,27,4,272.27,0.0,1089.08,368.48
3873,20230822,1,19,237,1,101.21,0.0,101.21,44.89
3874,20230822,1,16,239,2,706.85,0.0,1413.7,815.34
3875,20230822,3,30,147,6,83.21,0.0,499.26,137.94
3876,20230822,4,17,18,3,224.09,0.0,672.27,271.17
3877,20230823,5,9,387,3,296.52,0.0,889.56,217.38
3878,20230823,1,12,115,1,884.49,0.0,884.49,496.06
3879,20230823,4,25,228,1,387.37,0.0,387.37,112.78
3880,20230823,3,6,580,2,350.77,0.0,701.54,398.6
3881,20230823,6,18,25,3,279.59,0.0,838.77,267.36
3882,20230823,7,11,427,1,504.67,0.0,504.67,200.23
3883,20230823,1,4,367,2,658.36,0.0,1316.72,705.42
3884,20230823,6,24,55,1,249.97,0.0,249.97,91.92
3885,20230823,4,30,215,3,83.21,0.0,249.63,68.97
3886,20230823,5,7,336,1,569.53,0.0,569.53,310.2
3887,20230823,2,4,404,5,658.36,0.0,3291.8,1763.55
3888,20230823,6,28,134,4,609.0,0.1,2192.4,1058.24
3889,20230823,3,15,456,2,134.22,0.0,268.44,136.56
3890,20230823,7,11,277,2,504.67,0.0,1009.34,400.46
3891,20230823,6,15,573,2,134.22,0.0,268.44,136.56
3892,20230823,7,28,531,4,609.0,0.0,2436.0,1301.84
3893,20230823,2,18,559,1,279.59,0.2,223.67,33.2
3894,20230823,3,20,527,3,191.18,0.0,573.54,289.65
3895,20230823,6,30,420,4,83.21,0.0,332.84,91.96
3896,20230824,6,19,65,1,101.21,0.0,101.21,44.89
3897,20230824,5,2,329,3,706.19,0.0,2118.57,1086.12
3898,20230824,1,23,261,1,726.04,0.0,726.04,392.3
3899,20230824,4,22,299,2,453.16,0.0,906.32,343.12
3900,20230824,1,7,121,3,569.53,0.1,1537.73,759.74
3901,20230824,2,29,183,1,354.67,0.0,354.67,168.4
3902,20230824,3,10,484,3,655.99,0.0,1967.97,972.24
3903,20230824,6,12,294,1,884.49,0.0,884.49,496.06
3904,20230824,6,23,112,2,726.04,0.0,1452.08,784.6
3905,20230824,5,21,295,2,392.24,0.0,784.48,429.12
3906,20230824,4,18,567,2,279.59,0.05,531.22,150.28
3907,20230824,5,21,475,2,392.24,0.1,706.03,350.67
3908,20230824,2,18,504,3,279.59,0.0,838.77,267.36
3909,20230824,6,14,373,3,246.23,0.05,701.76,133.71
3910,20230824,5,14,477,2,246.23,0.0,492.46,113.76
3911,20230824,2,13,271,2,460.51,0.05,874.97,250.05
3912,20230824,2,17,183,2,224.09,0.0,448.18,180.78
3913,20230824,7,20,269,1,191.18,0.0,191.18,96.55
3914,20230824,2,20,525,3,191.18,0.1,516.19,232.3
3915,20230824,6,25,217,4,387.37,0.2,1239.58,141.22
3916,20230824,1,22,90,2,453.16,0.0,906.32,343.12
3917,20230825,1,28,52,1,609.0,0.0,609.0,325.46
3918,20230825,3,24,254,1,249.97,0.0,249.97,91.92
3919,20230825,2,10,568,2,655.99,0.0,1311.98,648.16
3920,20230825,5,2,241,6,706.19,0.0,4237.14,2172.24
3921,20230825,4,19,22,2,101.21,0.0,202.42,89.78
3922,20230825,7,4,336,3,658.36,0.0,1975.08,1058.13
3923,20230825,1,10,42,1,655.99,0.0,655.99,324.08
3924,20230825,3,5,560,3,98.3,0.0,294.9,128.1
3925,20230825,4,10,179,4,655.99,0.1,2361.56,1033.92
3926,20230825,1,16,458,2,706.85,0.0,1413.7,815.34
3927,20230825,4,26,537,2,105.66,0.0,211.32,43.4
3928,20230825,2,4,173,5,658.36,0.0,3291.8,1763.55
3929,20230825,6,6,599,5,350.77,0.05,1666.16,908.81
3930,20230825,1,13,169,1,460.51,0.0,460.51,148.05
3931,20230826,6,28,4,2,609.0,0.0,1218.0,650.92
3932,20230826,5,22,524,2,453.16,0.0,906.32,343.12
3933,20230826,2,15,307,5,134.22,0.0,671.1,341.4
3934,20230826,6,7,446,4,569.53,0.0,2278.12,1240.8
3935,20230826,1,3,327,3,100.1,0.0,300.3,173.7
3936,20230826,1,29,77,2,354.67,0.0,709.34,336.8
3937,20230826,1,4,289,3,658.36,0.0,1975.08,1058.13
3938,20230826,1,10,588,2,655.99,0.0,1311.98,648.16
3939,20230826,1,30,174,4,83.21,0.1,299.56,58.68
3940,20230826,3,24,537,5,249.97,0.0,1249.85,459.6
3941,20230826,2,17,280,2,224.09,0.0,448.18,180.78
3942,20230826,1,23,560,2,726.04,0.1,1306.87,639.39
3943,20230826,1,25,494,5,387.37,0.0,1936.85,563.9
3944,20230826,3,19,288,1,101.21,0.0,101.21,44.89
3945,20230826,3,5,448,1,98.3,0.0,98.3,42.7
3946,20230827,7,22,512,2,453.16,0.0,906.32,343.12
3947,20230827,1,2,199,4,706.19,0.0,2824.76,1448.16
3948,20230827,5,17,2,2,224.09,0.2,358.54,91.14
3949,20230827,5,3,124,2,100.1,0.0,200.2,115.8
3950,20230827,1,13,520,3,460.51,0.0,1381.53,444.15
3951,20230827,1,16,123,2,706.85,0.0,1413.7,815.34
3952,20230827,2,2,80,4,706.19,0.0,2824.76,1448.16
3953,20230827,1,8,147,4,272.27,0.0,1089.08,368.48
3954,20230827,7,22,413,4,453.16,0.0,1812.64,686.24
3955,20230827,4,5,247,3,98.3,0.0,294.9,128.1
3956,20230827,2,20,38,4,191.18,0.0,764.72,386.2
3957,20230827,4,1,11,5,545.21,0.0,2726.05,1172.5
3958,20230827,7,5,116,5,98.3,0.0,491.5,213.5
3959,20230827,6,23,314,1,726.04,0.0,726.04,392.3
3960,20230827,3,29,397,1,354.67,0.0,354.67,168.4
3961,20230827,6,4,590,4,658.36,0.0,2633.44,1410.84
3962,20230827,1,24,363,5,249.97,0.0,1249.85,459.6
3963,20230827,1,4,441,4,658.36,0.0,2633.44,1410.84
3964,20230827,4,20,384,4,191.18,0.0,764.72,386.2
3965,20230828,1,15,443,1,134.22,0.0,134.22,68.28
3966,20230828,1,30,49,1,83.21,0.1,74.89,14.67
3967,20230828,3,17,180,1,224.09,0.05,212.89,79.19
3968,20230828,7,3,357,3,100.1,0.1,270.27,143.67
3969,20230828,1,6,314,1,350.77,0.0,350.77,199.3
3970,20230828,3,2,114,1,706.19,0.0,706.19,362.04
3971,20230828,6,3,391,4,100.1,0.0,400.4,231.6
3972,20230828,4,24,40,1,249.97,0.05,237.47,79.42
3973,20230828,2,25,232,4,387.37,0.0,1549.48,451.12
3974,20230828,6,7,512,3,569.53,0.1,1537.73,759.74
3975,20230828,4,21,131,1,392.24,0.0,392.24,214.56
3976,20230828,5,8,129,2,272.27,0.0,544.54,184.24
3977,20230828,6,29,166,2,354.67,0.0,709.34,336.8
3978,20230828,2,15,179,4,134.22,0.0,536.88,273.12
3979,20230828,7,8,68,1,272.27,0.0,272.27,92.12
3980,20230829,4,29,318,3,354.67,0.1,957.61,398.8
3981,20230829,1,4,390,2,658.36,0.0,1316.72,705.42
3982,20230829,6,27,320,2,636.28,0.0,1272.56,640.88
3983,20230829,6,23,65,2,726.04,0.0,1452.08,784.6
3984,20230829,7,1,46,2,545.21,0.05,1035.9,414.48
3985,20230829,3,23,521,3,726.04,0.0,2178.12,1176.9
3986,20230829,4,1,479,3,545.21,0.05,1553.85,621.72
3987,20230829,3,15,589,2,134.22,0.0,268.44,136.56
3988,20230829,3,22,284,3,453.16,0.0,1359.48,514.68
3989,20230829,3,15,389,3,134.22,0.0,402.66,204.84
3990,20230829,1,7,78,1,569.53,0.0,569.53,310.2
3991,20230829,6,17,260,2,224.09,0.0,448.18,180.78
3992,20230829,4,9,132,4,296.52,0.1,1067.47,171.23
3993,20230829,7,13,286,3,460.51,0.05,1312.45,375.07
3994,20230829,6,9,78,2,296.52,0.0,593.04,144.92
3995,20230829,1,18,34,3,279.59,0.0,838.77,267.36
3996,20230829,2,27,412,2,636.28,0.0,1272.56,640.88
3997,20230829,1,1,274,5,545.21,0.0,2726.05,1172.5
3998,20230830,1,24,370,1,249.97,0.05,237.47,79.42
3999,20230830,1,5,378,2,98.3,0.0,196.6,85.4
4000,20230830,4,27,429,1,636.28,0.0,636.28,320.44
4001,20230830,5,7,351,1,569.53,0.0,569.53,310.2
4002,20230830,6,30,373,3,83.21,0.0,249.63,68.97
4003,20230830,3,2,552,3,706.19,0.1,1906.71,874.26
4004,20230830,5,8,349,2,272.27,0.0,544.54,184.24
4005,20230830,1,23,430,1,726.04,0.0,726.04,392.3
4006,20230830,1,5,346,5,98.3,0.0,491.5,213.5
4007,20230830,1,12,581,2,884.49,0.0,1768.98,992.12
4008,20230830,6,12,275,4,884.49,0.0,3537.96,1984.24
4009,20230830,1,17,538,2,224.09,0.0,448.18,180.78
4010,20230830,7,26,526,3,105.66,0.0,316.98,65.1
4011,20230830,3,8,553,2,272.27,0.0,544.54,184.24
4012,20230830,7,22,87,3,453.16,0.05,1291.51,446.71
4013,20230830,1,9,261,1,296.52,0.0,296.52,72.46
4014,20230830,7,14,73,3,246.23,0.0,738.69,170.64
4015,20230830,7,29,154,4,354.67,0.0,1418.68,673.6
4016,20230830,1,3,286,1,100.1,0.0,100.1,57.9
4017,20230830,6,25,395,3,387.37,0.0,1162.11,338.34
4018,20230830,1,19,500,5,101.21,0.0,506.05,224.45
4019,20230831,5,24,590,1,249.97,0.0,249.97,91.92
4020,20230831,7,26,380,3,105.66,0.05,301.13,49.25
4021,20230831,4,26,280,3,105.66,0.0,316.98,65.1
4022,20230831,7,7,310,4,569.53,0.0,2278.12,1240.8
4023,20230831,3,29,380,1,354.67,0.0,354.67,168.4
4024,20230831,1,8,131,2,272.27,0.0,544.54,184.24
4025,20230831,2,26,424,2,105.66,0.0,211.32,43.4
4026,20230831,2,19,534,3,101.21,0.0,303.63,134.67
4027,20230831,6,26,466,4,105.66,0.0,422.64,86.8
4028,20230831,2,7,94,2,569.53,0.0,1139.06,620.4
4029,20230831,1,12,98,1,884.49,0.0,884.49,496.06
4030,20230831,4,4,483,4,658.36,0.0,2633.44,1410.84
4031,20230831,1,10,414,2,655.99,0.0,1311.98,648.16
4032,20230831,1,18,138,3,279.59,0.0,838.77,267.36
4033,20230831,6,29,434,2,354.67,0.0,709.34,336.8
4034,20230831,2,22,207,5,453.16,0.0,2265.8,857.8
4035,20230831,3,18,437,1,279.59,0.0,279.59,89.12
4036,20230831,5,10,530,4,655.99,0.0,2623.96,1296.32
4037,20230831,1,28,524,1,609.0,0.0,609.0,325.46
4038,20230901,4,30,449,5,83.21,0.1,374.44,73.34
4039,20230901,4,29,35,4,354.67,0.0,1418.68,673.6
4040,20230901,5,19,578,2,101.21,0.0,202.42,89.78
4041,20230901,1,26,275,6,105.66,0.0,633.96,130.2
4042,20230901,6,19,102,4,101.21,0.0,404.84,179.56
4043,20230901,7,29,203,3,354.67,0.0,1064.01,505.2
4044,20230901,7,20,22,2,191.18,0.0,382.36,193.1
4045,20230901,4,28,166,2,609.0,0.0,1218.0,650.92
4046,20230901,2,1,574,6,545.21,0.0,3271.26,1407.0
4047,20230901,6,11,597,1,504.67,0.0,504.67,200.23
4048,20230901,7,3,79,2,100.1,0.0,200.2,115.8
4049,20230901,3,28,420,6,609.0,0.0,3654.0,1952.76
4050,20230901,1,30,346,3,83.21,0.0,249.63,68.97
4051,20230901,2,29,115,1,354.67,0.0,354.67,168.4
4052,20230901,4,29,416,2,354.67,0.0,709.34,336.8
4053,20230901,2,13,174,1,460.51,0.0,460.51,148.05
4054,20230901,1,18,41,3,279.59,0.0,838.77,267.36
4055,20230901,2,16,406,3,706.85,0.0,2120.55,1223.01
4056,20230901,6,15,435,1,134.22,0.0,134.22,68.28
4057,20230901,7,13,86,3,460.51,0.0,1381.53,444.15
4058,20230901,5,28,574,6,609.0,0.0,3654.0,1952.76
4059,20230901,5,22,124,2,453.16,0.0,906.32,343.12
4060,20230902,1,22,547,1,453.16,0.0,453.16,171.56
4061,20230902,6,14,6,3,246.23,0.0,738.69,170.64
4062,20230902,1,18,268,1,279.59,0.0,279.59,89.12
4063,20230902,1,29,112,5,354.67,0.1,1596.02,664.67
4064,20230902,2,17,106,4,224.09,0.0,896.36,361.56
4065,20230902,2,3,598,4,100.1,0.0,400.4,231.6
4066,20230902,3,20,407,3,191.18,0.0,573.54,289.65
4067,20230902,7,30,536,3,83.21,0.0,249.63,68.97
4068,20230902,6,24,157,1,249.97,0.0,249.97,91.92
4069,20230902,3,10,27,4,655.99,0.0,2623.96,1296.32
4070,20230902,6,24,582,4,249.97,0.0,999.88,367.68
4071,20230902,1,26,90,2,105.66,0.0,211.32,43.4
4072,20230902,1,29,121,3,354.67,0.0,1064.01,505.2
4073,20230902,1,6,508,3,350.77,0.0,1052.31,597.9
4074,20230902,6,5,345,2,98.3,0.0,196.6,85.4
4075,20230903,4,4,64,1,658.36,0.0,658.36,352.71
4076,20230903,6,12,396,1,884.49,0.0,884.49,496.06
4077,20230903,4,9,538,1,296.52,0.0,296.52,72.46
4078,20230903,2,16,475,4,706.85,0.0,2827.4,1630.68
4079,20230903,2,5,52,3,98.3,0.0,294.9,128.1
4080,20230903,7,17,535,3,224.09,0.1,605.04,203.94
4081,20230903,2,14,503,1,246.23,0.0,246.23,56.88
4082,20230903,2,3,413,5,100.1,0.0,500.5,289.5
4083,20230903,2,25,239,4,387.37,0.0,1549.48,451.12
4084,20230903,3,6,394,2,350.77,0.0,701.54,398.6
4085,20230903,6,26,75,3,105.66,0.0,316.98,65.1
4086,20230903,7,19,461,2,101.21,0.0,202.42,89.78
4087,20230903,6,30,341,1,83.21,0.0,83.21,22.99
4088,20230904,7,4,241,4,658.36,0.0,2633.44,1410.84
4089,20230904,2,24,350,4,249.97,0.0,999.88,367.68
4090,20230904,2,16,211,4,706.85,0.0,2827.4,1630.68
4091,20230904,4,25,582,6,387.37,0.0,2324.22,676.68
4092,20230904,5,20,352,3,191.18,0.0,573.54,289.65
4093,20230904,3,19,459,1,101.21,0.0,101.21,44.89
4094,20230904,5,24,121,2,249.97,0.0,499.94,183.84
4095,20230904,3,24,106,4,249.97,0.05,949.89,317.69
4096,20230904,1,25,109,3,387.37,0.0,1162.11,338.34
4097,20230904,7,28,219,1,609.0,0.0,609.0,325.46
4098,20230904,6,2,376,5,706.19,0.0,3530.95,1810.2
4099,20230904,1,17,170,2,224.09,0.2,358.54,91.14
4100,20230905,2,29,527,1,354.67,0.0,354.67,168.4
4101,20230905,2,2,595,4,706.19,0.0,2824.76,1448.16
4102,20230905,6,20,105,3,191.18,0.2,458.83,174.94
4103,20230905,7,12,491,3,884.49,0.0,2653.47,1488.18
4104,20230905,5,29,189,4,354.67,0.0,1418.68,673.6
4105,20230905,1,11,401,3,504.67,0.0,1514.01,600.69
4106,20230905,1,22,574,2,453.16,0.05,861.0,297.8
4107,20230905,3,7,162,3,569.53,0.0,1708.59,930.6
4108,20230905,5,8,334,3,272.27,0.0,816.81,276.36
4109,20230905,2,24,479,2,249.97,0.05,474.94,158.84
4110,20230905,7,14,167,3,246.23,0.0,738.69,170.64
4111,20230905,3,9,476,3,296.52,0.0,889.56,217.38
4112,20230905,5,7,122,1,569.53,0.0,569.53,310.2
4113,20230905,1,29,481,4,354.67,0.0,1418.68,673.6
4114,20230905,1,15,560,1,134.22,0.0,134.22,68.28
4115,20230905,4,21,268,4,392.24,0.0,1568.96,858.24
4116,20230905,2,9,461,3,296.52,0.0,889.56,217.38
4117,20230905,3,12,153,5,884.49,0.0,4422.45,2480.3
4118,20230905,1,19,199,4,101.21,0.0,404.84,179.56
4119,20230905,5,10,301,2,655.99,0.0,1311.98,648.16
4120,20230905,2,5,373,1,98.3,0.0,98.3,42.7
4121,20230905,4,8,318,2,272.27,0.0,544.54,184.24
4122,20230905,5,17,517,1,224.09,0.0,224.09,90.39
4123,20230905,5,10,481,1,655.99,0.0,655.99,324.08
4124,20230905,5,13,399,5,460.51,0.0,2302.55,740.25
4125,20230905,1,27,415,3,636.28,0.0,1908.84,961.32
4126,20230905,1,10,347,3,655.99,0.0,1967.97,972.24
4127,20230905,2,6,327,5,350.77,0.0,1753.85,996.5
4128,20230906,3,2,61,3,706.19,0.0,2118.57,1086.12
4129,20230906,4,23,280,3,726.04,0.0,2178.12,1176.9
4130,20230906,3,23,344,1,726.04,0.0,726.04,392.3
4131,20230906,4,27,384,4,636.28,0.0,2545.12,1281.76
4132,20230906,7,25,377,2,387.37,0.0,774.74,225.56
4133,20230906,1,25,137,4,387.37,0.0,1549.48,451.12
4134,20230906,4,24,34,1,249.97,0.0,249.97,91.92
4135,20230906,3,30,552,1,83.21,0.0,83.21,22.99
4136,20230906,1,2,428,4,706.19,0.0,2824.76,1448.16
4137,20230906,2,1,336,2,545.21,0.0,1090.42,469.0
4138,20230906,6,6,92,1,350.77,0.1,315.69,164.22
4139,20230906,1,17,69,4,224.09,0.0,896.36,361.56
4140,20230906,7,26,504,1,105.66,0.0,105.66,21.7
4141,20230906,4,23,36,3,726.04,0.1,1960.31,959.09
4142,20230906,1,25,396,5,387.37,0.0,1936.85,563.9
4143,20230906,4,13,95,3,460.51,0.1,1243.38,306.0
4144,20230906,5,24,159,1,249.97,0.1,224.97,66.92
4145,20230906,7,7,526,3,569.53,0.0,1708.59,930.6
4146,20230907,2,13,269,5,460.51,0.0,2302.55,740.25
4147,20230907,2,6,7,5,350.77,0.0,1753.85,996.5
4148,20230907,4,22,181,3,453.16,0.0,1359.48,514.68
4149,20230907,4,21,501,2,392.24,0.0,784.48,429.12
4150,20230907,2,13,347,4,460.51,0.0,1842.04,592.2
4151,20230907,4,14,529,2,246.23,0.2,393.97,15.27
4152,20230907,1,29,499,1,354.67,0.0,354.67,168.4
4153,20230907,2,29,321,5,354.67,0.05,1684.68,753.33
4154,20230907,2,16,265,4,706.85,0.05,2686.03,1489.31
4155,20230907,2,10,456,2,655.99,0.0,1311.98,648.16
4156,20230907,3,9,284,1,296.52,0.0,296.52,72.46
4157,20230907,1,5,246,1,98.3,0.0,98.3,42.7
4158,20230907,4,2,283,2,706.19,0.0,1412.38,724.08
4159,20230907,4,9,598,3,296.52,0.0,889.56,217.38
4160,20230907,1,5,392,4,98.3,0.0,393.2,170.8
4161,20230907,7,6,203,1,350.77,0.1,315.69,164.22
4162,20230907,3,16,133,3,706.85,0.0,2120.55,1223.01
4163,20230907,1,5,235,2,98.3,0.05,186.77,75.57
4164,20230907,2,20,82,4,191.18,0.05,726.48,347.96
4165,20230908,2,21,104,2,392.24,0.0,784.48,429.12
4166,20230908,4,14,122,4,246.23,0.0,984.92,227.52
4167,20230908,6,23,72,3,726.04,0.0,2178.12,1176.9
4168,20230908,2,28,87,4,609.0,0.0,2436.0,1301.84
4169,20230908,7,4,210,1,658.36,0.1,592.52,286.87
4170,20230908,4,4,491,4,658.36,0.0,2633.44,1410.84
4171,20230908,2,19,77,2,101.21,0.0,202.42,89.78
4172,20230908,2,29,108,3,354.67,0.0,1064.01,505.2
4173,20230908,7,28,156,3,609.0,0.0,1827.0,976.38
4174,20230908,7,30,478,2,83.21,0.05,158.1,37.66
4175,20230908,5,29,486,1,354.67,0.0,354.67,168.4
4176,20230908,1,24,42,1,249.97,0.0,249.97,91.92
4177,20230908,2,22,48,2,453.16,0.0,906.32,343.12
4178,20230908,5,13,128,3,460.51,0.0,1381.53,444.15
4179,20230908,1,21,338,1,392.24,0.0,392.24,214.56
4180,20230908,4,18,525,4,279.59,0.0,1118.36,356.48
4181,20230908,3,28,326,3,609.0,0.05,1735.65,885.03
4182,20230908,4,9,101,4,296.52,0.0,1186.08,289.84
4183,20230908,3,21,587,3,392.24,0.0,1176.72,643.68
4184,20230909,1,9,204,2,296.52,0.0,593.04,144.92
4185,20230909,4,6,245,4,350.77,0.0,1403.08,797.2
4186,20230909,5,2,515,4,706.19,0.0,2824.76,1448.16
4187,20230909,7,4,384,1,658.36,0.2,526.69,221.04
4188,20230909,7,15,222,3,134.22,0.0,402.66,204.84
4189,20230909,4,28,107,2,609.0,0.0,1218.0,650.92
4190,20230909,2,16,136,6,706.85,0.0,4241.1,2446.02
4191,20230909,4,15,193,1,134.22,0.05,127.51,61.57
4192,20230909,5,12,178,1,884.49,0.0,884.49,496.06
4193,20230909,1,4,589,3,658.36,0.2,1580.06,663.11
4194,20230909,5,20,65,1,191.18,0.0,191.18,96.55
4195,20230909,1,15,393,1,134.22,0.0,134.22,68.28
4196,20230909,4,5,256,3,98.3,0.0,294.9,128.1
4197,20230909,1,1,74,3,545.21,0.0,1635.63,703.5
4198,20230909,1,29,107,1,354.67,0.1,319.2,132.93
4199,20230909,1,15,72,2,134.22,0.0,268.44,136.56
4200,20230909,5,8,552,2,272.27,0.0,544.54,184.24
4201,20230909,4,24,1,5,249.97,0.0,1249.85,459.6
4202,20230909,6,19,322,4,101.21,0.0,404.84,179.56
4203,20230909,4,1,60,2,545.21,0.05,1035.9,414.48
4204,20230910,4,30,256,3,83.21,0.1,224.67,44.01
4205,20230910,6,15,137,3,134.22,0.0,402.66,204.84
4206,20230910,4,12,569,1,884.49,0.0,884.49,496.06
4207,20230910,1,9,428,1,296.52,0.0,296.52,72.46
4208,20230910,4,19,210,4,101.21,0.0,404.84,179.56
4209,20230910,3,2,80,3,706.19,0.0,2118.57,1086.12
4210,20230910,3,18,475,3,279.59,0.0,838.77,267.36
4211,20230910,4,20,275,3,191.18,0.0,573.54,289.65
4212,20230910,2,8,255,1,272.27,0.0,272.27,92.12
4213,20230910,4,9,174,5,296.52,0.0,1482.6,362.3
4214,20230910,2,13,584,3,460.51,0.0,1381.53,444.15
4215,20230910,2,21,379,4,392.24,0.0,1568.96,858.24
4216,20230910,1,30,2,5,83.21,0.0,416.05,114.95
4217,20230910,7,17,426,5,224.09,0.2,896.36,227.86
4218,20230910,4,14,193,3,246.23,0.0,738.69,170.64
4219,20230911,4,1,450,3,545.21,0.0,1635.63,703.5
4220,20230911,3,15,431,1,134.22,0.0,134.22,68.28
4221,20230911,6,9,232,2,296.52,0.0,593.04,144.92
4222,20230911,2,16,48,1,706.85,0.0,706.85,407.67
4223,20230911,6,22,108,2,453.16,0.1,815.69,252.49
4224,20230911,5,26,317,2,105.66,0.2,169.06,1.14
4225,20230911,5,17,223,2,224.09,0.0,448.18,180.78
4226,20230911,3,6,410,1,350.77,0.0,350.77,199.3
4227,20230911,1,15,124,6,134.22,0.05,765.05,369.41
4228,20230911,1,29,143,5,354.67,0.1,1596.02,664.67
4229,20230911,5,6,50,1,350.77,0.0,350.77,199.3
4230,20230911,7,21,340,1,392.24,0.0,392.24,214.56
4231,20230912,3,9,496,3,296.52,0.1,800.6,128.42
4232,20230912,6,17,127,3,224.09,0.05,638.66,237.56
4233,20230912,2,23,158,1,726.04,0.2,580.83,247.09
4234,20230912,6,23,16,3,726.04,0.0,2178.12,1176.9
4235,20230912,6,3,335,1,100.1,0.2,80.08,37.88
4236,20230912,1,18,524,2,279.59,0.0,559.18,178.24
4237,20230912,7,26,477,3,105.66,0.0,316.98,65.1
4238,20230912,3,2,167,4,706.19,0.0,2824.76,1448.16
4239,20230912,7,10,400,3,655.99,0.0,1967.97,972.24
4240,20230912,6,7,242,2,569.53,0.0,1139.06,620.4
4241,20230912,7,4,31,2,658.36,0.0,1316.72,705.42
4242,20230912,2,3,55,1,100.1,0.0,100.1,57.9
4243,20230912,4,15,55,1,134.22,0.0,134.22,68.28
4244,20230912,2,5,504,3,98.3,0.05,280.15,113.35
4245,20230912,1,27,405,1,636.28,0.0,636.28,320.44
4246,20230912,6,6,404,5,350.77,0.0,1753.85,996.5
4247,20230913,7,5,13,5,98.3,0.0,491.5,213.5
4248,20230913,1,8,398,5,272.27,0.0,1361.35,460.6
4249,20230913,4,18,76,4,279.59,0.05,1062.44,300.56
4250,20230913,4,24,227,2,249.97,0.0,499.94,183.84
4251,20230913,7,16,201,3,706.85,0.0,2120.55,1223.01
4252,20230913,1,24,532,2,249.97,0.0,499.94,183.84
4253,20230913,1,17,433,4,224.09,0.0,896.36,361.56
4254,20230913,7,4,472,2,658.36,0.2,1053.38,442.08
4255,20230913,6,7,146,1,569.53,0.0,569.53,310.2
4256,20230913,1,1,138,3,545.21,0.0,1635.63,703.5
4257,20230913,1,10,288,4,655.99,0.0,2623.96,1296.32
4258,20230913,2,20,81,1,191.18,0.0,191.18,96.55
4259,20230913,3,3,497,3,100.1,0.0,300.3,173.7
4260,20230913,2,8,384,5,272.27,0.0,1361.35,460.6
4261,20230913,5,23,114,2,726.04,0.0,1452.08,784.6
4262,20230913,6,5,132,1,98.3,0.0,98.3,42.7
4263,20230913,1,13,370,3,460.51,0.1,1243.38,306.0
4264,20230913,3,26,395,1,105.66,0.0,105.66,21.7
4265,20230913,2,24,152,1,249.97,0.0,249.97,91.92
4266,20230913,1,17,25,2,224.09,0.2,358.54,91.14
4267,20230913,2,17,34,2,224.09,0.0,448.18,180.78
4268,20230914,1,10,262,1,655.99,0.1,590.39,258.48
4269,20230914,1,21,387,1,392.24,0.0,392.24,214.56
4270,20230914,1,22,450,2,453.16,0.05,861.0,297.8
4271,20230914,1,2,141,4,706.19,0.05,2683.52,1306.92
4272,20230914,1,25,237,2,387.37,0.0,774.74,225.56
4273,20230914,1,15,264,4,134.22,0.0,536.88,273.12
4274,20230914,7,29,163,1,354.67,0.0,354.67,168.4
4275,20230914,5,8,507,6,272.27,0.0,1633.62,552.72
4276,20230914,1,8,435,3,272.27,0.0,816.81,276.36
4277,20230914,1,20,539,2,191.18,0.0,382.36,193.1
4278,20230914,7,16,145,2,706.85,0.0,1413.7,815.34
4279,20230914,6,3,426,2,100.1,0.0,200.2,115.8
4280,20230914,2,4,514,3,658.36,0.05,1876.33,959.38
4281,20230914,2,3,429,1,100.1,0.0,100.1,57.9
4282,20230914,1,1,69,1,545.21,0.0,545.21,234.5
4283,20230914,1,5,192,1,98.3,0.0,98.3,42.7
4284,20230914,3,14,414,5,246.23,0.0,1231.15,284.4
4285,20230914,6,26,221,3,105.66,0.1,285.28,33.4
4286,20230915,1,11,428,2,504.67,0.2,807.47,198.59
4287,20230915,1,29,438,2,354.67,0.0,709.34,336.8
4288,20230915,7,6,491,3,350.77,0.0,1052.31,597.9
4289,20230915,1,11,470,2,504.67,0.0,1009.34,400.46
4290,20230915,4,14,150,4,246.23,0.0,984.92,227.52
4291,20230915,3,17,338,2,224.09,0.0,448.18,180.78
4292,20230915,1,27,30,3,636.28,0.05,1813.4,865.88
4293,20230915,7,7,278,3,569.53,0.0,1708.59,930.6
4294,20230915,3,21,110,4,392.24,0.0,1568.96,858.24
4295,20230915,5,28,572,2,609.0,0.0,1218.0,650.92
4296,20230915,6,30,413,2,83.21,0.0,166.42,45.98
4297,20230915,3,19,26,3,101.21,0.05,288.45,119.49
4298,20230915,3,16,472,1,706.85,0.0,706.85,407.67
4299,20230915,7,30,220,2,83.21,0.0,166.42,45.98
4300,20230915,5,13,237,3,460.51,0.0,1381.53,444.15
4301,20230915,2,29,489,3,354.67,0.1,957.61,398.8
4302,20230915,5,19,219,4,101.21,0.05,384.6,159.32
4303,20230915,7,21,199,3,392.24,0.2,941.38,408.34
4304,20230916,2,26,332,1,105.66,0.0,105.66,21.7
4305,20230916,6,3,568,1,100.1,0.0,100.1,57.9
4306,20230916,1,16,293,2,706.85,0.0,1413.7,815.34
4307,20230916,4,21,499,4,392.24,0.0,1568.96,858.24
4308,20230916,4,4,521,3,658.36,0.0,1975.08,1058.13
4309,20230916,3,1,82,3,545.21,0.0,1635.63,703.5
4310,20230916,3,4,422,1,658.36,0.1,592.52,286.87
4311,20230916,4,30,436,2,83.21,0.0,166.42,45.98
4312,20230916,2,4,50,2,658.36,0.0,1316.72,705.42
4313,20230916,2,6,139,3,350.77,0.1,947.08,492.67
4314,20230916,6,2,21,4,706.19,0.0,2824.76,1448.16
4315,20230916,2,15,530,2,134.22,0.0,268.44,136.56
4316,20230916,6,27,141,3,636.28,0.0,1908.84,961.32
4317,20230917,1,6,391,2,350.77,0.0,701.54,398.6
4318,20230917,4,15,403,3,134.22,0.0,402.66,204.84
4319,20230917,1,22,383,4,453.16,0.0,1812.64,686.24
4320,20230917,1,10,421,3,655.99,0.0,1967.97,972.24
4321,20230917,4,6,431,4,350.77,0.0,1403.08,797.2
4322,20230917,2,6,458,1,350.77,0.0,350.77,199.3
4323,20230917,1,23,90,1,726.04,0.2,580.83,247.09
4324,20230917,5,30,426,2,83.21,0.0,166.42,45.98
4325,20230917,2,8,305,2,272.27,0.0,544.54,184.24
4326,20230917,3,10,482,1,655.99,0.0,655.99,324.08
4327,20230917,4,24,329,5,249.97,0.0,1249.85,459.6
4328,20230917,7,22,557,4,453.16,0.0,1812.64,686.24
4329,20230917,1,22,263,4,453.16,0.1,1631.38,504.98
4330,20230917,2,2,551,2,706.19,0.0,1412.38,724.08
4331,20230917,1,26,20,2,105.66,0.0,211.32,43.4
4332,20230917,2,16,104,4,706.85,0.0,2827.4,1630.68
4333,20230918,7,4,104,2,658.36,0.0,1316.72,705.42
4334,20230918,4,10,301,4,655.99,0.2,2099.17,771.53
4335,20230918,7,4,558,2,658.36,0.05,1250.88,639.58
4336,20230918,1,3,564,2,100.1,0.05,190.19,105.79
4337,20230918,3,13,28,1,460.51,0.05,437.48,125.02
4338,20230918,7,20,410,5,191.18,0.0,955.9,482.75
4339,20230918,2,13,484,3,460.51,0.0,1381.53,444.15
4340,20230918,6,29,570,4,354.67,0.0,1418.68,673.6
4341,20230918,1,8,78,3,272.27,0.0,816.81,276.36
4342,20230918,2,7,380,3,569.53,0.0,1708.59,930.6
4343,20230918,2,29,434,3,354.67,0.0,1064.01,505.2
4344,20230918,4,1,539,3,545.21,0.0,1635.63,703.5
4345,20230918,3,14,539,3,246.23,0.2,590.95,22.9
4346,20230918,4,12,364,1,884.49,0.0,884.49,496.06
4347,20230918,1,16,393,5,706.85,0.0,3534.25,2038.35
4348,20230918,6,6,553,1,350.77,0.0,350.77,199.3
4349,20230918,2,5,69,2,98.3,0.0,196.6,85.4
4350,20230918,4,29,276,2,354.67,0.0,709.34,336.8
4351,20230918,3,23,385,1,726.04,0.0,726.04,392.3
4352,20230918,4,22,526,5,453.16,0.1,2039.22,631.22
4353,20230918,3,25,201,2,387.37,0.0,774.74,225.56
4354,20230918,7,1,400,1,545.21,0.0,545.21,234.5
4355,20230919,1,25,522,4,387.37,0.0,1549.48,451.12
4356,20230919,4,10,191,1,655.99,0.0,655.99,324.08
4357,20230919,1,4,457,5,658.36,0.0,3291.8,1763.55
4358,20230919,3,22,306,3,453.16,0.0,1359.48,514.68
4359,20230919,2,25,21,3,387.37,0.0,1162.11,338.34
4360,20230919,2,11,576,1,504.67,0.0,504.67,200.23
4361,20230919,4,20,48,5,191.18,0.0,955.9,482.75
4362,20230919,2,16,390,2,706.85,0.0,1413.7,815.34
4363,20230919,3,5,560,1,98.3,0.0,98.3,42.7
4364,20230919,6,30,552,2,83.21,0.0,166.42,45.98
4365,20230919,6,27,181,4,636.28,0.0,2545.12,1281.76
4366,20230919,3,24,270,2,249.97,0.0,499.94,183.84
4367,20230919,2,4,330,2,658.36,0.0,1316.72,705.42
4368,20230919,3,30,522,3,83.21,0.0,249.63,68.97
4369,20230919,1,18,249,2,279.59,0.0,559.18,178.24
4370,20230920,4,20,98,1,191.18,0.0,191.18,96.55
4371,20230920,3,7,129,4,569.53,0.0,2278.12,1240.8
4372,20230920,6,8,166,1,272.27,0.0,272.27,92.12
4373,20230920,7,27,297,3,636.28,0.0,1908.84,961.32
4374,20230920,6,20,440,5,191.18,0.0,955.9,482.75
4375,20230920,4,13,478,3,460.51,0.1,1243.38,306.0
4376,20230920,6,21,301,4,392.24,0.2,1255.17,544.45
4377,20230920,2,27,249,1,636.28,0.05,604.47,288.63
4378,20230920,4,11,196,1,504.67,0.05,479.44,175.0
4379,20230920,4,19,432,3,101.21,0.0,303.63,134.67
4380,20230920,2,9,235,2,296.52,0.0,593.04,144.92
4381,20230920,3,18,454,2,279.59,0.05,531.22,150.28
4382,20230920,5,19,450,3,101.21,0.0,303.63,134.67
4383,20230920,4,13,154,2,460.51,0.0,921.02,296.1
4384,20230920,3,23,121,1,726.04,0.0,726.04,392.3
4385,20230920,7,8,256,3,272.27,0.0,816.81,276.36
4386,20230920,6,19,420,2,101.21,0.05,192.3,79.66
4387,20230920,1,14,564,4,246.23,0.0,984.92,227.52
4388,20230920,5,11,131,3,504.67,0.0,1514.01,600.69
4389,20230921,2,15,2,1,134.22,0.0,134.22,68.28
4390,20230921,7,29,167,3,354.67,0.0,1064.01,505.2
4391,20230921,6,18,71,3,279.59,0.0,838.77,267.36
4392,20230921,2,18,396,5,279.59,0.0,1397.95,445.6
4393,20230921,2,17,139,3,224.09,0.0,672.27,271.17
4394,20230921,3,14,43,1,246.23,0.2,196.98,7.63
4395,20230921,7,12,403,3,884.49,0.0,2653.47,1488.18
4396,20230921,4,29,265,3,354.67,0.05,1010.81,452.0
4397,20230921,3,30,478,2,83.21,0.0,166.42,45.98
4398,20230921,2,2,338,3,706.19,0.05,2012.64,980.19
4399,20230921,7,14,505,1,246.23,0.0,246.23,56.88
4400,20230922,2,15,521,2,134.22,0.0,268.44,136.56
4401,20230922,4,11,437,3,504.67,0.0,1514.01,600.69
4402,20230922,7,16,186,5,706.85,0.0,3534.25,2038.35
4403,20230922,7,5,502,5,98.3,0.0,491.5,213.5
4404,20230922,1,5,33,4,98.3,0.0,393.2,170.8
4405,20230922,2,28,63,1,609.0,0.0,609.0,325.46
4406,20230922,3,13,316,3,460.51,0.05,1312.45,375.07
4407,20230922,6,11,209,1,504.67,0.0,504.67,200.23
4408,20230922,1,22,29,2,453.16,0.0,906.32,343.12
4409,20230922,1,4,6,4,658.36,0.0,2633.44,1410.84
4410,20230922,1,6,11,1,350.77,0.0,350.77,199.3
4411,20230922,3,30,451,5,83.21,0.0,416.05,114.95
4412,20230922,1,25,34,4,387.37,0.0,1549.48,451.12
4413,20230922,6,10,383,1,655.99,0.0,655.99,324.08
4414,20230922,4,6,56,1,350.77,0.0,350.77,199.3
4415,20230922,4,26,298,3,105.66,0.0,316.98,65.1
4416,20230923,4,22,461,4,453.16,0.0,1812.64,686.24
4417,20230923,1,17,360,2,224.09,0.0,448.18,180.78
4418,20230923,1,9,600,4,296.52,0.0,1186.08,289.84
4419,20230923,2,13,533,2,460.51,0.0,921.02,296.1
4420,20230923,3,24,387,4,249.97,0.0,999.88,367.68
4421,20230923,3,21,228,1,392.24,0.0,392.24,214.56
4422,20230923,2,15,211,1,134.22,0.0,134.22,68.28
4423,20230923,1,12,93,4,884.49,0.05,3361.06,1807.34
4424,20230923,5,7,438,2,569.53,0.0,1139.06,620.4
4425,20230923,1,27,10,1,636.28,0.0,636.28,320.44
4426,20230923,2,24,45,6,249.97,0.0,1499.82,551.52
4427,20230923,6,17,492,1,224.09,0.05,212.89,79.19
4428,20230924,3,21,332,3,392.24,0.0,1176.72,643.68
4429,20230924,3,20,453,1,191.18,0.0,191.18,96.55
4430,20230924,2,25,366,3,387.37,0.0,1162.11,338.34
4431,20230924,2,22,536,4,453.16,0.0,1812.64,686.24
4432,20230924,1,5,190,3,98.3,0.0,294.9,128.1
4433,20230924,2,2,558,2,706.19,0.0,1412.38,724.08
4434,20230924,4,4,285,1,658.36,0.0,658.36,352.71
4435,20230924,7,16,278,2,706.85,0.0,1413.7,815.34
4436,20230924,1,30,366,1,83.21,0.1,74.89,14.67
4437,20230924,4,15,101,2,134.22,0.0,268.44,136.56
4438,20230924,2,27,539,2,636.28,0.05,1208.93,577.25
4439,20230924,2,18,41,2,279.59,0.0,559.18,178.24
4440,20230924,2,1,435,1,545.21,0.0,545.21,234.5
4441,20230924,1,12,565,3,884.49,0.0,2653.47,1488.18
4442,20230924,1,23,351,2,726.04,0.0,1452.08,784.6
4443,20230925,1,20,503,5,191.18,0.0,955.9,482.75
4444,20230925,4,9,96,1,296.52,0.1,266.87,42.81
4445,20230925,1,5,403,4,98.3,0.05,373.54,151.14
4446,20230925,7,21,378,3,392.24,0.0,1176.72,643.68
4447,20230925,3,29,124,1,354.67,0.0,354.67,168.4
4448,20230925,1,11,324,1,504.67,0.0,504.67,200.23
4449,20230925,1,11,15,3,504.67,0.0,1514.01,600.69
4450,20230925,4,29,226,1,354.67,0.0,354.67,168.4
4451,20230925,4,12,302,3,884.49,0.0,2653.47,1488.18
4452,20230925,3,1,143,4,545.21,0.05,2071.8,828.96
4453,20230925,7,21,510,5,392.24,0.0,1961.2,1072.8
4454,20230925,4,24,292,2,249.97,0.0,499.94,183.84
4455,20230925,1,19,523,1,101.21,0.2,80.97,24.65
4456,20230925,1,3,542,4,100.1,0.0,400.4,231.6
4457,20230925,5,21,1,2,392.24,0.0,784.48,429.12
4458,20230925,6,28,368,3,609.0,0.0,1827.0,976.38
4459,20230925,1,10,74,2,655.99,0.0,1311.98,648.16
4460,20230926,1,11,536,3,504.67,0.0,1514.01,600.69
4461,20230926,5,30,464,5,83.21,0.0,416.05,114.95
4462,20230926,3,2,277,4,706.19,0.0,2824.76,1448.16
4463,20230926,1,16,6,1,706.85,0.1,636.17,336.99
4464,20230926,5,15,41,1,134.22,0.0,134.22,68.28
4465,20230926,4,25,556,2,387.37,0.0,774.74,225.56
4466,20230926,4,28,533,3,609.0,0.0,1827.0,976.38
4467,20230926,5,5,273,2,98.3,0.1,176.94,65.74
4468,20230926,7,8,20,2,272.27,0.1,490.09,129.79
4469,20230926,4,9,331,3,296.52,0.0,889.56,217.38
4470,20230926,7,24,295,5,249.97,0.0,1249.85,459.6
4471,20230926,5,21,194,1,392.24,0.1,353.02,175.34
4472,20230926,5,22,459,4,453.16,0.0,1812.64,686.24
4473,20230926,6,10,428,3,655.99,0.0,1967.97,972.24
4474,20230926,2,9,534,4,296.52,0.2,948.86,52.62
4475,20230926,2,12,589,1,884.49,0.0,884.49,496.06
4476,20230926,4,24,174,5,249.97,0.0,1249.85,459.6
4477,20230927,2,29,328,5,354.67,0.0,1773.35,842.0
4478,20230927,6,21,377,1,392.24,0.0,392.24,214.56
4479,20230927,1,22,312,3,453.16,0.0,1359.48,514.68
4480,20230927,4,4,121,2,658.36,0.0,1316.72,705.42
4481,20230927,7,21,417,4,392.24,0.1,1412.06,701.34
4482,20230927,6,16,126,1,706.85,0.0,706.85,407.67
4483,20230927,1,24,121,3,249.97,0.0,749.91,275.76
4484,20230927,4,4,304,3,658.36,0.0,1975.08,1058.13
4485,20230927,4,15,573,4,134.22,0.0,536.88,273.12
4486,20230927,1,10,433,5,655.99,0.05,3115.95,1456.4
4487,20230927,1,5,491,2,98.3,0.0,196.6,85.4
4488,20230927,4,30,403,2,83.21,0.0,166.42,45.98
4489,20230927,1,6,547,2,350.77,0.2,561.23,258.29
4490,20230928,6,25,172,2,387.37,0.05,736.0,186.82
4491,20230928,7,17,26,3,224.09,0.05,638.66,237.56
4492,20230928,6,30,213,4,83.21,0.0,332.84,91.96
4493,20230928,6,23,370,3,726.04,0.0,2178.12,1176.9
4494,20230928,4,2,101,3,706.19,0.0,2118.57,1086.12
4495,20230928,5,8,469,5,272.27,0.0,1361.35,460.6
4496,20230928,4,11,328,2,504.67,0.0,1009.34,400.46
4497,20230928,1,27,351,2,636.28,0.0,1272.56,640.88
4498,20230928,5,26,252,3,105.66,0.0,316.98,65.1
4499,20230928,6,25,154,5,387.37,0.0,1936.85,563.9
4500,20230928,6,25,198,4,387.37,0.0,1549.48,451.12
4501,20230928,1,11,352,3,504.67,0.0,1514.01,600.69
4502,20230928,6,24,109,1,249.97,0.0,249.97,91.92
4503,20230928,4,16,141,5,706.85,0.0,3534.25,2038.35
4504,20230928,3,14,391,2,246.23,0.1,443.21,64.51
4505,20230928,4,1,218,1,545.21,0.0,545.21,234.5
4506,20230928,1,22,291,2,453.16,0.1,815.69,252.49
4507,20230928,7,2,28,1,706.19,0.05,670.88,326.73
4508,20230928,7,1,420,3,545.21,0.0,1635.63,703.5
4509,20230928,6,25,475,1,387.37,0.0,387.37,112.78
4510,20230928,2,27,552,1,636.28,0.0,636.28,320.44
4511,20230928,3,2,503,4,706.19,0.0,2824.76,1448.16
4512,20230929,4,6,213,3,350.77,0.0,1052.31,597.9
4513,20230929,6,14,89,1,246.23,0.0,246.23,56.88
4514,20230929,1,21,38,3,392.24,0.0,1176.72,643.68
4515,20230929,1,10,82,1,655.99,0.0,655.99,324.08
4516,20230929,1,13,112,4,460.51,0.0,1842.04,592.2
4517,20230929,7,30,122,4,83.21,0.0,332.84,91.96
4518,20230929,6,19,293,3,101.21,0.0,303.63,134.67
4519,20230929,1,16,423,2,706.85,0.0,1413.7,815.34
4520,20230929,2,15,588,5,134.22,0.0,671.1,341.4
4521,20230929,3,2,443,3,706.19,0.0,2118.57,1086.12
4522,20230929,6,30,379,5,83.21,0.0,416.05,114.95
4523,20230929,5,10,109,2,655.99,0.0,1311.98,648.16
4524,20230929,4,13,594,3,460.51,0.0,1381.53,444.15
4525,20230930,4,14,150,1,246.23,0.0,246.23,56.88
4526,20230930,1,5,451,5,98.3,0.0,491.5,213.5
4527,20230930,4,21,386,1,392.24,0.0,392.24,214.56
4528,20230930,1,9,455,1,296.52,0.0,296.52,72.46
4529,20230930,2,5,440,4,98.3,0.0,393.2,170.8
4530,20230930,1,29,47,5,354.67,0.2,1418.68,487.33
4531,20230930,4,6,527,4,350.77,0.0,1403.08,797.2
4532,20230930,2,19,105,1,101.21,0.0,101.21,44.89
4533,20230930,5,28,576,2,609.0,0.0,1218.0,650.92
4534,20230930,3,21,506,4,392.24,0.0,1568.96,858.24
4535,20230930,7,20,562,3,191.18,0.0,573.54,289.65
4536,20230930,7,25,18,1,387.37,0.0,387.37,112.78
4537,20230930,2,9,582,1,296.52,0.0,296.52,72.46
4538,20230930,6,24,403,2,249.97,0.0,499.94,183.84
4539,20231001,1,7,394,2,569.53,0.05,1082.11,563.45
4540,20231001,6,18,224,1,279.59,0.0,279.59,89.12
4541,20231001,5,28,49,2,609.0,0.0,1218.0,650.92
4542,20231001,5,30,560,4,83.21,0.0,332.84,91.96
4543,20231001,4,12,429,1,884.49,0.0,884.49,496.06
4544,20231001,1,30,553,1,83.21,0.0,83.21,22.99
4545,20231001,7,8,448,3,272.27,0.0,816.81,276.36
4546,20231001,6,13,578,4,460.51,0.0,1842.04,592.2
4547,20231001,2,12,502,2,884.49,0.05,1680.53,903.67
4548,20231001,1,27,517,5,636.28,0.0,3181.4,1602.2
4549,20231001,5,12,317,4,884.49,0.0,3537.96,1984.24
4550,20231001,1,20,581,2,191.18,0.0,382.36,193.1
4551,20231001,1,16,250,3,706.85,0.0,2120.55,1223.01
4552,20231001,1,25,480,2,387.37,0.0,774.74,225.56
4553,20231001,3,18,356,3,279.59,0.0,838.77,267.36
4554,20231001,1,14,226,2,246.23,0.0,492.46,113.76
4555,20231002,2,2,85,4,706.19,0.0,2824.76,1448.16
4556,20231002,4,12,482,1,884.49,0.0,884.49,496.06
4557,20231002,3,14,251,4,246.23,0.0,984.92,227.52
4558,20231002,4,15,107,5,134.22,0.0,671.1,341.4
4559,20231002,2,23,28,1,726.04,0.2,580.83,247.09
4560,20231002,4,19,352,2,101.21,0.0,202.42,89.78
4561,20231002,7,25,442,3,387.37,0.0,1162.11,338.34
4562,20231002,4,25,147,4,387.37,0.0,1549.48,451.12
4563,20231002,5,18,174,5,279.59,0.05,1328.05,375.7
4564,20231002,4,5,244,2,98.3,0.0,196.6,85.4
4565,20231002,2,10,555,3,655.99,0.0,1967.97,972.24
4566,20231002,6,5,312,2,98.3,0.0,196.6,85.4
4567,20231002,7,30,206,3,83.21,0.05,237.15,56.49
4568,20231002,1,8,359,3,272.27,0.0,816.81,276.36
4569,20231002,4,21,545,4,392.24,0.05,1490.51,779.79
4570,20231003,2,29,416,4,354.67,0.0,1418.68,673.6
4571,20231003,2,8,328,4,272.27,0.0,1089.08,368.48
4572,20231003,1,11,45,3,504.67,0.0,1514.01,600.69
4573,20231003,1,23,267,5,726.04,0.1,3267.18,1598.48
4574,20231003,3,12,228,4,884.49,0.0,3537.96,1984.24
4575,20231003,7,20,523,3,191.18,0.1,516.19,232.3
4576,20231003,3,6,27,5,350.77,0.0,1753.85,996.5
4577,20231003,7,15,504,2,134.22,0.05,255.02,123.14
4578,20231003,1,14,85,2,246.23,0.1,443.21,64.51
4579,20231003,1,29,112,3,354.67,0.1,957.61,398.8
4580,20231003,7,15,200,1,134.22,0.0,134.22,68.28
4581,20231003,6,16,36,2,706.85,0.0,1413.7,815.34
4582,20231003,7,6,219,1,350.77,0.1,315.69,164.22
4583,20231003,3,3,370,5,100.1,0.0,500.5,289.5
4584,20231003,2,11,142,2,504.67,0.0,1009.34,400.46
4585,20231003,4,25,256,2,387.37,0.0,774.74,225.56
4586,20231003,7,28,59,3,609.0,0.0,1827.0,976.38
4587,20231003,3,15,418,3,134.22,0.0,402.66,204.84
4588,20231004,3,14,539,3,246.23,0.0,738.69,170.64
4589,20231004,7,15,587,1,134.22,0.0,134.22,68.28
4590,20231004,2,29,301,2,354.67,0.0,709.34,336.8
4591,20231004,2,27,577,4,636.28,0.0,2545.12,1281.76
4592,20231004,1,10,320,2,655.99,0.0,1311.98,648.16
4593,20231004,2,6,304,4,350.77,0.05,1332.93,727.05
4594,20231004,1,29,34,1,354.67,0.0,354.67,168.4
4595,20231004,2,15,97,4,134.22,0.0,536.88,273.12
4596,20231004,2,26,380,5,105.66,0.0,528.3,108.5
4597,20231004,3,22,139,2,453.16,0.0,906.32,343.12
4598,20231004,3,16,538,2,706.85,0.0,1413.7,815.34
4599,20231004,1,24,436,1,249.97,0.1,224.97,66.92
4600,20231004,6,3,41,5,100.1,0.0,500.5,289.5
4601,20231004,5,3,405,4,100.1,0.0,400.4,231.6
4602,20231004,7,26,515,4,105.66,0.0,422.64,86.8
4603,20231004,6,13,518,5,460.51,0.0,2302.55,740.25
4604,20231004,6,16,24,5,706.85,0.0,3534.25,2038.35
4605,20231004,3,13,324,5,460.51,0.0,2302.55,740.25
4606,20231005,2,6,424,4,350.77,0.0,1403.08,797.2
4607,20231005,3,5,288,3,98.3,0.05,280.15,113.35
4608,20231005,7,3,419,5,100.1,0.1,450.45,239.45
4609,20231005,7,4,143,1,658.36,0.0,658.36,352.71
4610,20231005,7,22,505,1,453.16,0.05,430.5,148.9
4611,20231005,1,15,269,3,134.22,0.0,402.66,204.84
4612,20231005,5,28,374,3,609.0,0.0,1827.0,976.38
4613,20231005,5,4,573,2,658.36,0.0,1316.72,705.42
4614,20231005,3,12,69,2,884.49,0.1,1592.08,815.22
4615,20231005,6,30,499,4,83.21,0.2,266.27,25.39
4616,20231005,7,22,273,3,453.16,0.0,1359.48,514.68
4617,20231005,4,17,394,1,224.09,0.0,224.09,90.39
4618,20231005,4,12,258,2,884.49,0.0,1768.98,992.12
4619,20231005,1,27,322,4,636.28,0.05,2417.86,1154.5
4620,20231005,6,2,242,4,706.19,0.0,2824.76,1448.16
4621,20231005,2,16,523,2,706.85,0.05,1343.02,744.65
4622,20231006,3,8,213,3,272.27,0.0,816.81,276.36
4623,20231006,4,10,151,5,655.99,0.0,3279.95,1620.4
4624,20231006,5,19,13,4,101.21,0.0,404.84,179.56
4625,20231006,1,21,95,1,392.24,0.0,392.24,214.56
4626,20231006,2,8,13,4,272.27,0.0,1089.08,368.48
4627,20231006,7,26,13,5,105.66,0.0,528.3,108.5
4628,20231006,3,5,278,3,98.3,0.0,294.9,128.1
4629,20231006,1,4,312,1,658.36,0.05,625.44,319.79
4630,20231006,7,21,372,2,392.24,0.05,745.26,389.9
4631,20231006,7,16,211,3,706.85,0.0,2120.55,1223.01
4632,20231006,2,14,370,1,246.23,0.0,246.23,56.88
4633,20231006,4,2,150,2,706.19,0.0,1412.38,724.08
4634,20231006,3,9,572,4,296.52,0.0,1186.08,289.84
4635,20231006,6,13,371,1,460.51,0.05,437.48,125.02
4636,20231007,2,26,6,4,105.66,0.0,422.64,86.8
4637,20231007,1,4,258,2,658.36,0.0,1316.72,705.42
4638,20231007,2,5,21,4,98.3,0.0,393.2,170.8
4639,20231007,6,17,316,4,224.09,0.0,896.36,361.56
4640,20231007,4,4,41,2,658.36,0.0,1316.72,705.42
4641,20231007,1,30,335,5,83.21,0.0,416.05,114.95
4642,20231007,1,16,298,3,706.85,0.0,2120.55,1223.01
4643,20231007,4,3,322,2,100.1,0.0,200.2,115.8
4644,20231007,4,29,544,4,354.67,0.05,1347.75,602.67
4645,20231007,1,13,578,6,460.51,0.0,2763.06,888.3
4646,20231007,3,2,443,3,706.19,0.0,2118.57,1086.12
4647,20231007,3,14,182,3,246.23,0.0,738.69,170.64
4648,20231007,1,25,102,3,387.37,0.0,1162.11,338.34
4649,20231007,5,19,511,3,101.21,0.0,303.63,134.67
4650,20231007,4,6,137,4,350.77,0.0,1403.08,797.2
4651,20231007,4,23,561,2,726.04,0.0,1452.08,784.6
4652,20231007,7,19,107,4,101.21,0.0,404.84,179.56
4653,20231007,1,8,297,1,272.27,0.0,272.27,92.12
4654,20231008,4,8,411,2,272.27,0.1,490.09,129.79
4655,20231008,1,17,228,2,224.09,0.0,448.18,180.78
4656,20231008,7,23,280,5,726.04,0.0,3630.2,1961.5
4657,20231008,1,5,396,3,98.3,0.0,294.9,128.1
4658,20231008,4,11,266,1,504.67,0.0,504.67,200.23
4659,20231008,5,22,110,4,453.16,0.0,1812.64,686.24
4660,20231008,3,7,506,1,569.53,0.0,569.53,310.2
4661,20231008,1,25,464,4,387.37,0.0,1549.48,451.12
4662,20231008,5,13,131,3,460.51,0.0,1381.53,444.15
4663,20231008,4,25,297,2,387.37,0.0,774.74,225.56
4664,20231008,6,25,324,3,387.37,0.05,1104.0,280.23
4665,20231008,3,6,248,1,350.77,0.0,350.77,199.3
4666,20231008,6,23,370,4,726.04,0.0,2904.16,1569.2
4667,20231008,6,1,446,5,545.21,0.0,2726.05,1172.5
4668,20231008,2,12,413,3,884.49,0.0,2653.47,1488.18
4669,20231008,5,1,186,1,545.21,0.0,545.21,234.5
4670,20231009,1,25,278,5,387.37,0.0,1936.85,563.9
4671,20231009,1,1,440,1,545.21,0.0,545.21,234.5
4672,20231009,3,27,586,3,636.28,0.0,1908.84,961.32
4673,20231009,6,18,371,1,279.59,0.0,279.59,89.12
4674,20231009,1,15,593,5,134.22,0.0,671.1,341.4
4675,20231009,3,24,312,5,249.97,0.0,1249.85,459.6
4676,20231009,1,29,292,4,354.67,0.0,1418.68,673.6
4677,20231009,4,23,490,5,726.04,0.0,3630.2,1961.5
4678,20231009,7,4,369,1,658.36,0.0,658.36,352.71
4679,20231009,1,2,350,1,706.19,0.0,706.19,362.04
4680,20231010,6,11,211,1,504.67,0.0,504.67,200.23
4681,20231010,7,17,583,4,224.09,0.0,896.36,361.56
4682,20231010,3,8,433,4,272.27,0.0,1089.08,368.48
4683,20231010,6,16,126,4,706.85,0.0,2827.4,1630.68
4684,20231010,2,20,169,3,191.18,0.0,573.54,289.65
4685,20231010,2,11,503,3,504.67,0.2,1211.21,297.89
4686,20231010,1,20,217,2,191.18,0.05,363.24,173.98
4687,20231010,6,27,567,4,636.28,0.1,2290.61,1027.25
4688,20231010,2,2,305,5,706.19,0.2,2824.76,1104.01
4689,20231010,1,18,381,2,279.59,0.0,559.18,178.24
4690,20231010,2,17,487,4,224.09,0.0,896.36,361.56
4691,20231010,5,9,71,5,296.52,0.0,1482.6,362.3
4692,20231010,5,2,596,3,706.19,0.0,2118.57,1086.12
4693,20231010,1,6,131,2,350.77,0.0,701.54,398.6
4694,20231010,5,21,368,2,392.24,0.0,784.48,429.12
4695,20231010,5,12,116,5,884.49,0.1,3980.2,2038.06
4696,20231010,6,14,18,2,246.23,0.0,492.46,113.76
4697,20231011,4,22,38,2,453.16,0.0,906.32,343.12
4698,20231011,4,23,515,4,726.04,0.0,2904.16,1569.2
4699,20231011,4,22,588,5,453.16,0.0,2265.8,857.8
4700,20231011,7,7,464,3,569.53,0.0,1708.59,930.6
4701,20231011,7,16,258,1,706.85,0.0,706.85,407.67
4702,20231011,5,5,459,3,98.3,0.0,294.9,128.1
4703,20231011,5,30,544,1,83.21,0.0,83.21,22.99
4704,20231011,6,12,116,4,884.49,0.05,3361.06,1807.34
4705,20231011,2,6,201,4,350.77,0.0,1403.08,797.2
4706,20231011,6,5,541,4,98.3,0.1,353.88,131.48
4707,20231011,5,14,595,1,246.23,0.0,246.23,56.88
4708,20231011,5,18,559,3,279.59,0.0,838.77,267.36
4709,20231012,4,20,522,5,191.18,0.2,764.72,291.57
4710,20231012,7,23,82,3,726.04,0.0,2178.12,1176.9
4711,20231012,3,25,309,1,387.37,0.0,387.37,112.78
4712,20231012,2,2,489,4,706.19,0.1,2542.28,1165.68
4713,20231012,2,7,257,1,569.53,0.0,569.53,310.2
4714,20231012,7,16,39,1,706.85,0.0,706.85,407.67
4715,20231012,6,5,392,2,98.3,0.05,186.77,75.57
4716,20231012,7,21,148,4,392.24,0.0,1568.96,858.24
4717,20231012,6,12,347,3,884.49,0.05,2520.8,1355.51
4718,20231012,7,16,311,3,706.85,0.2,1696.44,798.9
4719,20231012,3,17,189,3,224.09,0.2,537.82,136.72
4720,20231012,2,6,38,4,350.77,0.0,1403.08,797.2
4721,20231012,6,29,392,6,354.67,0.2,1702.42,584.8
4722,20231012,6,10,181,3,655.99,0.0,1967.97,972.24
4723,20231012,4,8,112,5,272.27,0.1,1225.21,324.46
4724,20231012,1,20,530,2,191.18,0.1,344.12,154.86
4725,20231012,5,4,289,2,658.36,0.0,1316.72,705.42
4726,20231012,3,1,23,3,545.21,0.0,1635.63,703.5
4727,20231012,6,29,527,1,354.67,0.0,354.67,168.4
4728,20231012,3,15,422,2,134.22,0.05,255.02,123.14
4729,20231013,4,10,100,5,655.99,0.0,3279.95,1620.4
4730,20231013,3,25,517,3,387.37,0.0,1162.11,338.34
4731,20231013,5,4,468,3,658.36,0.0,1975.08,1058.13
4732,20231013,1,28,192,1,609.0,0.0,609.0,325.46
4733,20231013,2,27,526,5,636.28,0.0,3181.4,1602.2
4734,20231013,4,5,252,2,98.3,0.0,196.6,85.4
4735,20231013,2,1,79,2,545.21,0.0,1090.42,469.0
4736,20231013,6,7,253,1,569.53,0.0,569.53,310.2
4737,20231013,3,11,283,2,504.67,0.0,1009.34,400.46
4738,20231013,3,13,237,2,460.51,0.0,921.02,296.1
4739,20231013,2,22,190,6,453.16,0.0,2718.96,1029.36
4740,20231013,6,5,27,2,98.3,0.0,196.6,85.4
4741,20231014,1,21,263,1,392.24,0.0,392.24,214.56
4742,20231014,7,16,358,4,706.85,0.0,2827.4,1630.68
4743,20231014,1,1,562,1,545.21,0.0,545.21,234.5
4744,20231014,2,19,77,3,101.21,0.0,303.63,134.67
4745,20231014,6,10,359,1,655.99,0.05,623.19,291.28
4746,20231014,5,5,117,4,98.3,0.0,393.2,170.8
4747,20231014,5,17,545,2,224.09,0.0,448.18,180.78
4748,20231014,1,9,413,5,296.52,0.0,1482.6,362.3
4749,20231014,4,16,580,3,706.85,0.0,2120.55,1223.01
4750,20231014,3,30,407,4,83.21,0.0,332.84,91.96
4751,20231014,6,30,410,1,83.21,0.0,83.21,22.99
4752,20231014,1,28,363,3,609.0,0.0,1827.0,976.38
4753,20231014,2,10,521,2,655.99,0.0,1311.98,648.16
4754,20231014,1,18,197,5,279.59,0.0,1397.95,445.6
4755,20231014,5,29,94,4,354.67,0.0,1418.68,673.6
4756,20231014,2,24,360,2,249.97,0.0,499.94,183.84
4757,20231014,2,7,69,2,569.53,0.0,1139.06,620.4
4758,20231014,5,16,512,3,706.85,0.0,2120.55,1223.01
4759,20231014,2,24,247,3,249.97,0.2,599.93,125.78
4760,20231015,6,20,262,3,191.18,0.0,573.54,289.65
4761,20231015,2,12,502,3,884.49,0.0,2653.47,1488.18
4762,20231015,3,10,249,2,655.99,0.0,1311.98,648.16
4763,20231015,7,30,323,3,83.21,0.0,249.63,68.97
4764,20231015,3,30,354,4,83.21,0.0,332.84,91.96
4765,20231015,3,9,208,3,296.52,0.0,889.56,217.38
4766,20231015,3,16,109,4,706.85,0.05,2686.03,1489.31
4767,20231015,1,4,580,2,658.36,0.05,1250.88,639.58
4768,20231015,1,23,401,4,726.04,0.2,2323.33,988.37
4769,20231015,3,12,558,4,884.49,0.0,3537.96,1984.24
4770,20231015,1,16,571,1,706.85,0.0,706.85,407.67
4771,20231015,7,13,271,3,460.51,0.0,1381.53,444.15
4772,20231015,1,30,192,5,83.21,0.05,395.25,94.15
4773,20231015,2,29,459,1,354.67,0.0,354.67,168.4
4774,20231015,4,5,175,4,98.3,0.0,393.2,170.8
4775,20231015,4,10,574,3,655.99,0.0,1967.97,972.24
4776,20231015,5,22,421,2,453.16,0.0,906.32,343.12
4777,20231015,7,14,206,4,246.23,0.2,787.94,30.54
4778,20231015,1,6,529,6,350.77,0.0,2104.62,1195.8
4779,20231015,3,12,378,4,884.49,0.0,3537.96,1984.24
4780,20231016,3,27,310,1,636.28,0.0,636.28,320.44
4781,20231016,6,3,475,3,100.1,0.1,270.27,143.67
4782,20231016,6,13,344,4,460.51,0.0,1842.04,592.2
4783,20231016,5,22,153,4,453.16,0.0,1812.64,686.24
4784,20231016,7,23,412,3,726.04,0.0,2178.12,1176.9
4785,20231016,1,10,107,6,655.99,0.2,3148.75,1157.29
4786,20231016,5,7,128,4,569.53,0.0,2278.12,1240.8
4787,20231016,7,8,340,3,272.27,0.1,735.13,194.68
4788,20231016,1,12,379,3,884.49,0.2,2122.78,957.49
4789,20231016,5,10,540,2,655.99,0.1,1180.78,516.96
4790,20231016,2,11,160,1,504.67,0.0,504.67,200.23
4791,20231016,5,24,4,1,249.97,0.1,224.97,66.92
4792,20231016,6,24,472,2,249.97,0.0,499.94,183.84
4793,20231016,7,2,554,5,706.19,0.0,3530.95,1810.2
4794,20231017,5,13,36,3,460.51,0.0,1381.53,444.15
4795,20231017,2,22,382,3,453.16,0.05,1291.51,446.71
4796,20231017,2,24,440,2,249.97,0.0,499.94,183.84
4797,20231017,1,11,143,3,504.67,0.0,1514.01,600.69
4798,20231017,3,4,125,2,658.36,0.0,1316.72,705.42
4799,20231017,5,10,308,3,655.99,0.0,1967.97,972.24
4800,20231017,3,9,351,3,296.52,0.0,889.56,217.38
4801,20231017,7,7,47,1,569.53,0.0,569.53,310.2
4802,20231017,2,21,497,3,392.24,0.0,1176.72,643.68
4803,20231017,1,13,206,2,460.51,0.0,921.02,296.1
4804,20231017,4,25,374,5,387.37,0.0,1936.85,563.9
4805,20231017,5,12,140,1,884.49,0.0,884.49,496.06
4806,20231017,2,24,376,4,249.97,0.0,999.88,367.68
4807,20231017,2,9,163,2,296.52,0.0,593.04,144.92
4808,20231017,3,28,201,3,609.0,0.0,1827.0,976.38
4809,20231017,5,17,564,2,224.09,0.05,425.77,158.37
4810,20231017,1,22,193,3,453.16,0.0,1359.48,514.68
4811,20231017,2,28,128,1,609.0,0.05,578.55,295.01
4812,20231017,7,4,534,3,658.36,0.0,1975.08,1058.13
4813,20231017,5,10,496,3,655.99,0.2,1574.38,578.65
4814,20231018,6,29,268,4,354.67,0.0,1418.68,673.6
4815,20231018,3,23,336,2,726.04,0.0,1452.08,784.6
4816,20231018,2,17,539,4,224.09,0.0,896.36,361.56
4817,20231018,1,16,356,3,706.85,0.0,2120.55,1223.01
4818,20231018,5,18,462,2,279.59,0.0,559.18,178.24
4819,20231018,4,22,110,2,453.16,0.0,906.32,343.12
4820,20231018,7,25,89,3,387.37,0.0,1162.11,338.34
4821,20231018,5,26,225,3,105.66,0.2,253.58,1.7
4822,20231018,6,23,32,1,726.04,0.05,689.74,356.0
4823,20231018,6,27,245,2,636.28,0.0,1272.56,640.88
4824,20231018,4,9,235,1,296.52,0.0,296.52,72.46
4825,20231018,1,8,205,3,272.27,0.0,816.81,276.36
4826,20231018,6,3,287,3,100.1,0.0,300.3,173.7
4827,20231018,1,10,73,1,655.99,0.0,655.99,324.08
4828,20231018,4,28,403,5,609.0,0.05,2892.75,1475.05
4829,20231018,1,29,261,2,354.67,0.0,709.34,336.8
4830,20231018,5,10,546,2,655.99,0.0,1311.98,648.16
4831,20231019,6,10,55,2,655.99,0.0,1311.98,648.16
4832,20231019,6,23,166,2,726.04,0.05,1379.48,712.0
4833,20231019,1,27,258,2,636.28,0.0,1272.56,640.88
4834,20231019,1,24,582,2,249.97,0.0,499.94,183.84
4835,20231019,6,8,221,2,272.27,0.1,490.09,129.79
4836,20231019,6,8,118,5,272.27,0.0,1361.35,460.6
4837,20231019,7,6,61,5,350.77,0.0,1753.85,996.5
4838,20231019,6,5,247,2,98.3,0.05,186.77,75.57
4839,20231019,3,4,397,3,658.36,0.0,1975.08,1058.13
4840,20231019,1,11,509,1,504.67,0.0,504.67,200.23
4841,20231019,4,30,569,3,83.21,0.0,249.63,68.97
4842,20231019,6,25,356,1,387.37,0.0,387.37,112.78
4843,20231019,3,30,536,1,83.21,0.0,83.21,22.99
4844,20231019,5,14,189,1,246.23,0.0,246.23,56.88
4845,20231019,2,28,213,5,609.0,0.0,3045.0,1627.3
4846,20231020,4,1,184,2,545.21,0.05,1035.9,414.48
4847,20231020,1,21,24,1,392.24,0.1,353.02,175.34
4848,20231020,1,1,187,1,545.21,0.0,545.21,234.5
4849,20231020,5,24,121,5,249.97,0.05,1187.36,397.11
4850,20231020,1,3,384,4,100.1,0.0,400.4,231.6
4851,20231020,2,30,439,5,83.21,0.0,416.05,114.95
4852,20231020,1,21,198,3,392.24,0.0,1176.72,643.68
4853,20231020,2,15,228,4,134.22,0.0,536.88,273.12
4854,20231020,5,23,496,4,726.04,0.0,2904.16,1569.2
4855,20231020,6,9,468,4,296.52,0.0,1186.08,289.84
4856,20231020,7,15,226,3,134.22,0.0,402.66,204.84
4857,20231020,4,28,451,4,609.0,0.0,2436.0,1301.84
4858,20231021,7,28,293,1,609.0,0.0,609.0,325.46
4859,20231021,2,20,535,1,191.18,0.0,191.18,96.55
4860,20231021,4,1,215,5,545.21,0.0,2726.05,1172.5
4861,20231021,5,13,7,1,460.51,0.0,460.51,148.05
4862,20231021,2,24,182,3,249.97,0.0,749.91,275.76
4863,20231021,1,22,112,1,453.16,0.0,453.16,171.56
4864,20231021,1,11,105,1,504.67,0.0,504.67,200.23
4865,20231021,2,4,193,3,658.36,0.0,1975.08,1058.13
4866,20231021,1,1,449,2,545.21,0.2,872.34,250.92
4867,20231021,6,20,366,3,191.18,0.0,573.54,289.65
4868,20231021,4,6,318,4,350.77,0.0,1403.08,797.2
4869,20231021,2,26,600,3,105.66,0.0,316.98,65.1
4870,20231021,1,7,295,2,569.53,0.0,1139.06,620.4
4871,20231021,2,7,481,4,569.53,0.0,2278.12,1240.8
4872,20231022,5,7,256,4,569.53,0.0,2278.12,1240.8
4873,20231022,6,17,234,3,224.09,0.0,672.27,271.17
4874,20231022,4,16,12,1,706.85,0.0,706.85,407.67
4875,20231022,3,21,419,2,392.24,0.0,784.48,429.12
4876,20231022,5,2,258,2,706.19,0.0,1412.38,724.08
4877,20231022,2,11,359,4,504.67,0.1,1816.81,599.05
4878,20231022,6,1,183,3,545.21,0.0,1635.63,703.5
4879,20231022,7,17,177,5,224.09,0.05,1064.43,395.93
4880,20231022,2,27,308,1,636.28,0.0,636.28,320.44
4881,20231022,3,12,465,5,884.49,0.0,4422.45,2480.3
4882,20231022,4,20,512,1,191.18,0.2,152.94,58.31
4883,20231022,2,26,167,5,105.66,0.0,528.3,108.5
4884,20231022,7,9,414,4,296.52,0.05,1126.78,230.54
4885,20231022,7,17,53,1,224.09,0.0,224.09,90.39
4886,20231022,1,23,530,5,726.04,0.05,3448.69,1779.99
4887,20231022,2,15,467,3,134.22,0.0,402.66,204.84
4888,20231022,6,18,456,3,279.59,0.0,838.77,267.36
4889,20231022,4,23,290,5,726.04,0.0,3630.2,1961.5
4890,20231022,1,12,62,3,884.49,0.0,2653.47,1488.18
4891,20231022,1,17,46,2,224.09,0.05,425.77,158.37
4892,20231022,1,27,164,2,636.28,0.0,1272.56,640.88
4893,20231023,2,25,29,1,387.37,0.0,387.37,112.78
4894,20231023,1,3,184,3,100.1,0.1,270.27,143.67
4895,20231023,4,30,321,3,83.21,0.0,249.63,68.97
4896,20231023,2,10,126,2,655.99,0.0,1311.98,648.16
4897,20231023,6,11,43,2,504.67,0.2,807.47,198.59
4898,20231023,3,22,246,4,453.16,0.0,1812.64,686.24
4899,20231023,2,5,58,2,98.3,0.0,196.6,85.4
4900,20231023,2,21,406,1,392.24,0.0,392.24,214.56
4901,20231023,4,28,375,3,609.0,0.0,1827.0,976.38
4902,20231023,2,21,410,1,392.24,0.05,372.63,194.95
4903,20231023,6,5,454,1,98.3,0.1,88.47,32.87
4904,20231023,6,12,280,4,884.49,0.0,3537.96,1984.24
4905,20231023,1,25,251,2,387.37,0.05,736.0,186.82
4906,20231023,2,2,569,5,706.19,0.0,3530.95,1810.2
4907,20231023,7,23,410,3,726.04,0.0,2178.12,1176.9
4908,20231024,4,27,78,1,636.28,0.0,636.28,320.44
4909,20231024,5,16,94,2,706.85,0.0,1413.7,815.34
4910,20231024,2,4,9,1,658.36,0.05,625.44,319.79
4911,20231024,1,30,173,1,83.21,0.05,79.05,18.83
4912,20231024,3,13,111,1,460.51,0.0,460.51,148.05
4913,20231024,4,2,410,2,706.19,0.0,1412.38,724.08
4914,20231024,2,17,505,4,224.09,0.0,896.36,361.56
4915,20231024,3,17,174,1,224.09,0.0,224.09,90.39
4916,20231024,1,27,496,2,636.28,0.0,1272.56,640.88
4917,20231024,1,23,239,2,726.04,0.0,1452.08,784.6
4918,20231024,5,19,170,1,101.21,0.05,96.15,39.83
4919,20231025,1,29,488,1,354.67,0.0,354.67,168.4
4920,20231025,3,10,528,4,655.99,0.0,2623.96,1296.32
4921,20231025,2,1,333,1,545.21,0.0,545.21,234.5
4922,20231025,5,8,268,2,272.27,0.0,544.54,184.24
4923,20231025,2,19,299,3,101.21,0.0,303.63,134.67
4924,20231025,5,21,490,5,392.24,0.0,1961.2,1072.8
4925,20231025,5,17,258,2,224.09,0.0,448.18,180.78
4926,20231025,1,20,203,2,191.18,0.0,382.36,193.1
4927,20231025,2,28,480,4,609.0,0.0,2436.0,1301.84
4928,20231025,1,26,334,1,105.66,0.0,105.66,21.7
4929,20231025,2,27,590,4,636.28,0.2,2036.1,772.74
4930,20231026,5,19,356,2,101.21,0.0,202.42,89.78
4931,20231026,1,3,88,3,100.1,0.0,300.3,173.7
4932,20231026,7,4,324,2,658.36,0.05,1250.88,639.58
4933,20231026,4,20,46,1,191.18,0.0,191.18,96.55
4934,20231026,1,9,38,3,296.52,0.0,889.56,217.38
4935,20231026,4,22,183,2,453.16,0.0,906.32,343.12
4936,20231026,5,9,516,1,296.52,0.0,296.52,72.46
4937,20231026,7,1,499,5,545.21,0.0,2726.05,1172.5
4938,20231027,1,13,71,1,460.51,0.1,414.46,102.0
4939,20231027,5,10,231,6,655.99,0.0,3935.94,1944.48
4940,20231027,5,22,157,5,453.16,0.0,2265.8,857.8
4941,20231027,3,27,443,1,636.28,0.0,636.28,320.44
4942,20231027,4,13,371,2,460.51,0.0,921.02,296.1
4943,20231027,1,23,102,3,726.04,0.0,2178.12,1176.9
4944,20231027,3,11,464,3,504.67,0.0,1514.01,600.69
4945,20231027,7,27,341,2,636.28,0.0,1272.56,640.88
4946,20231027,7,25,492,1,387.37,0.0,387.37,112.78
4947,20231027,1,14,487,2,246.23,0.0,492.46,113.76
4948,20231027,1,9,104,3,296.52,0.1,800.6,128.42
4949,20231027,1,20,470,2,191.18,0.0,382.36,193.1
4950,20231027,6,4,521,1,658.36,0.0,658.36,352.71
4951,20231027,4,18,542,2,279.59,0.0,559.18,178.24
4952,20231027,1,1,496,1,545.21,0.0,545.21,234.5
4953,20231027,6,3,422,2,100.1,0.0,200.2,115.8
4954,20231028,6,17,385,2,224.09,0.0,448.18,180.78
4955,20231028,3,11,182,1,504.67,0.0,504.67,200.23
4956,20231028,6,23,117,4,726.04,0.1,2613.74,1278.78
4957,20231028,6,17,554,1,224.09,0.0,224.09,90.39
4958,20231028,5,24,86,5,249.97,0.0,1249.85,459.6
4959,20231028,1,18,532,4,279.59,0.0,1118.36,356.48
4960,20231028,1,21,514,4,392.24,0.0,1568.96,858.24
4961,20231028,3,8,355,3,272.27,0.0,816.81,276.36
4962,20231028,7,22,494,5,453.16,0.0,2265.8,857.8
4963,20231028,4,25,469,1,387.37,0.05,368.0,93.41
4964,20231028,7,9,557,2,296.52,0.0,593.04,144.92
4965,20231028,5,9,408,3,296.52,0.0,889.56,217.38
4966,20231028,1,19,299,4,101.21,0.0,404.84,179.56
4967,20231028,3,11,393,3,504.67,0.0,1514.01,600.69
4968,20231028,6,28,308,4,609.0,0.0,2436.0,1301.84
4969,20231028,4,21,490,2,392.24,0.0,784.48,429.12
4970,20231028,5,18,145,3,279.59,0.0,838.77,267.36
4971,20231028,7,30,98,3,83.21,0.1,224.67,44.01
4972,20231028,6,13,44,3,460.51,0.0,1381.53,444.15
4973,20231028,7,7,256,1,569.53,0.0,569.53,310.2
4974,20231028,4,22,254,1,453.16,0.0,453.16,171.56
4975,20231028,3,17,562,4,224.09,0.0,896.36,361.56
4976,20231029,4,13,57,2,460.51,0.0,921.02,296.1
4977,20231029,4,12,479,1,884.49,0.1,796.04,407.61
4978,20231029,4,18,437,3,279.59,0.0,838.77,267.36
4979,20231029,3,4,533,4,658.36,0.0,2633.44,1410.84
4980,20231029,5,13,486,5,460.51,0.0,2302.55,740.25
4981,20231029,2,2,430,2,706.19,0.0,1412.38,724.08
4982,20231029,7,25,176,6,387.37,0.0,2324.22,676.68
4983,20231029,1,25,453,2,387.37,0.0,774.74,225.56
4984,20231029,3,15,594,2,134.22,0.0,268.44,136.56
4985,20231029,4,12,349,2,884.49,0.1,1592.08,815.22
4986,20231029,6,30,498,3,83.21,0.0,249.63,68.97
4987,20231029,2,20,217,3,191.18,0.0,573.54,289.65
4988,20231029,4,3,432,1,100.1,0.0,100.1,57.9
4989,20231029,7,15,216,1,134.22,0.0,134.22,68.28
4990,20231029,4,23,377,5,726.04,0.0,3630.2,1961.5
4991,20231029,7,19,499,5,101.21,0.1,455.44,173.84
4992,20231030,1,30,509,5,83.21,0.0,416.05,114.95
4993,20231030,2,7,269,2,569.53,0.0,1139.06,620.4
4994,20231030,2,1,77,5,545.21,0.0,2726.05,1172.5
4995,20231030,4,23,260,1,726.04,0.0,726.04,392.3
4996,20231030,7,1,286,2,545.21,0.0,1090.42,469.0
4997,20231030,3,16,557,2,706.85,0.2,1130.96,532.6
4998,20231030,3,21,292,3,392.24,0.05,1117.88,584.84
4999,20231030,1,11,464,4,504.67,0.0,2018.68,800.92
5000,20231030,7,18,317,1,279.59,0.0,279.59,89.12
5001,20231030,4,22,535,2,453.16,0.05,861.0,297.8
5002,20231030,7,7,552,4,569.53,0.05,2164.21,1126.89
5003,20231030,4,23,184,5,726.04,0.0,3630.2,1961.5
5004,20231030,2,20,101,5,191.18,0.0,955.9,482.75
5005,20231030,1,3,306,3,100.1,0.05,285.28,158.68
5006,20231030,1,15,571,3,134.22,0.0,402.66,204.84
5007,20231030,4,13,336,1,460.51,0.0,460.51,148.05
5008,20231030,4,12,295,3,884.49,0.05,2520.8,1355.51
5009,20231031,7,27,336,4,636.28,0.0,2545.12,1281.76
5010,20231031,2,24,231,2,249.97,0.0,499.94,183.84
5011,20231031,2,13,500,1,460.51,0.0,460.51,148.05
5012,20231031,1,26,502,2,105.66,0.0,211.32,43.4
5013,20231031,3,25,204,2,387.37,0.1,697.27,148.09
5014,20231031,1,10,266,2,655.99,0.05,1246.38,582.56
5015,20231031,4,16,591,1,706.85,0.0,706.85,407.67
5016,20231031,3,2,354,1,706.19,0.0,706.19,362.04
5017,20231031,2,18,42,5,279.59,0.0,1397.95,445.6
5018,20231031,2,21,320,3,392.24,0.0,1176.72,643.68
5019,20231031,1,21,243,1,392.24,0.0,392.24,214.56
5020,20231031,1,28,308,1,609.0,0.1,548.1,264.56
5021,20231031,1,6,245,3,350.77,0.0,1052.31,597.9
5022,20231031,3,5,561,1,98.3,0.0,98.3,42.7
5023,20231031,1,10,588,2,655.99,0.1,1180.78,516.96
5024,20231101,1,7,199,2,569.53,0.0,1139.06,620.4
5025,20231101,2,2,417,1,706.19,0.0,706.19,362.04
5026,20231101,6,29,217,3,354.67,0.0,1064.01,505.2
5027,20231101,1,26,235,3,105.66,0.0,316.98,65.1
5028,20231101,5,26,60,1,105.66,0.0,105.66,21.7
5029,20231101,5,21,10,1,392.24,0.0,392.24,214.56
5030,20231101,1,11,458,3,504.67,0.0,1514.01,600.69
5031,20231101,4,2,118,1,706.19,0.0,706.19,362.04
5032,20231101,1,29,510,3,354.67,0.0,1064.01,505.2
5033,20231101,3,6,15,3,350.77,0.0,1052.31,597.9
5034,20231101,3,19,495,2,101.21,0.05,192.3,79.66
5035,20231101,3,20,533,3,191.18,0.05,544.86,260.97
5036,20231101,4,28,341,4,609.0,0.0,2436.0,1301.84
5037,20231101,6,24,109,1,249.97,0.0,249.97,91.92
5038,20231102,1,23,429,5,726.04,0.2,2904.16,1235.46
5039,20231102,3,24,14,2,249.97,0.0,499.94,183.84
5040,20231102,1,1,201,3,545.21,0.0,1635.63,703.5
5041,20231102,2,23,298,1,726.04,0.0,726.04,392.3
5042,20231102,4,7,461,2,569.53,0.0,1139.06,620.4
5043,20231102,2,22,378,2,453.16,0.0,906.32,343.12
5044,20231102,6,12,364,2,884.49,0.0,1768.98,992.12
5045,20231102,1,11,47,3,504.67,0.0,1514.01,600.69
5046,20231102,3,1,171,2,545.21,0.0,1090.42,469.0
5047,20231102,4,21,499,1,392.24,0.0,392.24,214.56
5048,20231102,4,18,394,1,279.59,0.0,279.59,89.12
5049,20231102,7,1,27,2,545.21,0.0,1090.42,469.0
5050,20231102,1,19,266,2,101.21,0.0,202.42,89.78
5051,20231102,2,7,514,2,569.53,0.05,1082.11,563.45
5052,20231102,6,7,232,1,569.53,0.0,569.53,310.2
5053,20231102,3,11,205,2,504.67,0.0,1009.34,400.46
5054,20231103,4,12,424,5,884.49,0.2,3537.96,1595.81
5055,20231103,2,6,593,2,350.77,0.0,701.54,398.6
5056,20231103,2,15,512,2,134.22,0.0,268.44,136.56
5057,20231103,3,6,502,1,350.77,0.0,350.77,199.3
5058,20231103,6,14,400,2,246.23,0.0,492.46,113.76
5059,20231103,3,29,189,3,354.67,0.0,1064.01,505.2
5060,20231103,4,15,395,1,134.22,0.0,134.22,68.28
5061,20231103,1,16,295,3,706.85,0.0,2120.55,1223.01
5062,20231103,3,24,467,3,249.97,0.1,674.92,200.77
5063,20231103,6,26,242,2,105.66,0.0,211.32,43.4
5064,20231103,2,10,386,4,655.99,0.1,2361.56,1033.92
5065,20231103,2,10,281,1,655.99,0.0,655.99,324.08
5066,20231103,5,15,400,1,134.22,0.05,127.51,61.57
5067,20231103,5,23,577,3,726.04,0.0,2178.12,1176.9
5068,20231104,1,1,380,3,545.21,0.0,1635.63,703.5
5069,20231104,4,1,433,1,545.21,0.0,545.21,234.5
5070,20231104,7,6,364,3,350.77,0.0,1052.31,597.9
5071,20231104,4,28,85,3,609.0,0.0,1827.0,976.38
5072,20231104,1,16,482,3,706.85,0.0,2120.55,1223.01
5073,20231104,2,11,173,1,504.67,0.05,479.44,175.0
5074,20231104,5,17,309,3,224.09,0.0,672.27,271.17
5075,20231104,7,1,324,3,545.21,0.0,1635.63,703.5
5076,20231104,6,21,583,2,392.24,0.0,784.48,429.12
5077,20231104,1,17,542,3,224.09,0.05,638.66,237.56
5078,20231104,7,22,100,3,453.16,0.0,1359.48,514.68
5079,20231104,5,25,134,2,387.37,0.1,697.27,148.09
5080,20231104,1,26,255,4,105.66,0.0,422.64,86.8
5081,20231104,1,20,382,1,191.18,0.05,181.62,86.99
5082,20231104,1,7,397,1,569.53,0.0,569.53,310.2
5083,20231104,1,30,296,3,83.21,0.0,249.63,68.97
5084,20231104,2,9,244,2,296.52,0.0,593.04,144.92
5085,20231104,5,28,195,1,609.0,0.0,609.0,325.46
5086,20231104,6,7,256,1,569.53,0.0,569.53,310.2
5087,20231104,3,21,147,4,392.24,0.0,1568.96,858.24
5088,20231105,2,5,442,2,98.3,0.0,196.6,85.4
5089,20231105,2,16,483,4,706.85,0.2,2261.92,1065.2
5090,20231105,6,11,464,2,504.67,0.0,1009.34,400.46
5091,20231105,3,15,43,2,134.22,0.1,241.6,109.72
5092,20231105,4,27,439,2,636.28,0.0,1272.56,640.88
5093,20231105,5,22,75,3,453.16,0.0,1359.48,514.68
5094,20231105,1,6,133,3,350.77,0.0,1052.31,597.9
5095,20231105,4,12,471,2,884.49,0.0,1768.98,992.12
5096,20231105,1,30,97,2,83.21,0.2,133.14,12.7
5097,20231105,4,2,75,1,706.19,0.1,635.57,291.42
5098,20231105,6,19,11,1,101.21,0.0,101.21,44.89
5099,20231105,1,11,105,1,504.67,0.0,504.67,200.23
5100,20231105,3,12,257,3,884.49,0.0,2653.47,1488.18
5101,20231105,1,11,478,1,504.67,0.0,504.67,200.23
5102,20231105,6,30,422,1,83.21,0.0,83.21,22.99
5103,20231105,1,18,79,3,279.59,0.0,838.77,267.36
5104,20231105,1,8,312,4,272.27,0.0,1089.08,368.48
5105,20231105,1,23,538,2,726.04,0.0,1452.08,784.6
5106,20231105,1,22,10,1,453.16,0.0,453.16,171.56
5107,20231105,4,21,236,1,392.24,0.0,392.24,214.56
5108,20231106,5,7,64,3,569.53,0.0,1708.59,930.6
5109,20231106,1,3,394,3,100.1,0.0,300.3,173.7
5110,20231106,1,21,557,4,392.24,0.0,1568.96,858.24
5111,20231106,6,2,288,1,706.19,0.05,670.88,326.73
5112,20231106,5,3,296,1,100.1,0.0,100.1,57.9
5113,20231106,1,18,11,1,279.59,0.0,279.59,89.12
5114,20231106,4,22,263,2,453.16,0.0,906.32,343.12
5115,20231106,2,7,24,1,569.53,0.0,569.53,310.2
5116,20231106,4,13,331,2,460.51,0.2,736.82,111.9
5117,20231106,1,18,53,3,279.59,0.0,838.77,267.36
5118,20231106,5,29,574,1,354.67,0.0,354.67,168.4
5119,20231106,7,12,550,2,884.49,0.0,1768.98,992.12
5120,20231106,6,15,234,5,134.22,0.0,671.1,341.4
5121,20231106,6,9,115,1,296.52,0.0,296.52,72.46
5122,20231106,4,23,540,2,726.04,0.0,1452.08,784.6
5123,20231106,1,8,174,4,272.27,0.0,1089.08,368.48
5124,20231106,1,16,571,3,706.85,0.0,2120.55,1223.01
5125,20231106,7,27,138,1,636.28,0.0,636.28,320.44
5126,20231106,1,29,463,3,354.67,0.0,1064.01,505.2
5127,20231107,6,29,502,2,354.67,0.0,709.34,336.8
5128,20231107,5,29,245,3,354.67,0.0,1064.01,505.2
5129,20231107,5,7,334,3,569.53,0.0,1708.59,930.6
5130,20231107,2,2,403,3,706.19,0.0,2118.57,1086.12
5131,20231107,3,2,574,2,706.19,0.0,1412.38,724.08
5132,20231107,1,4,123,4,658.36,0.0,2633.44,1410.84
5133,20231107,5,24,335,4,249.97,0.0,999.88,367.68
5134,20231107,6,30,494,1,83.21,0.0,83.21,22.99
5135,20231107,5,11,236,3,504.67,0.0,1514.01,600.69
5136,20231107,4,20,103,2,191.18,0.0,382.36,193.1
5137,20231107,3,30,308,2,83.21,0.0,166.42,45.98
5138,20231107,3,23,391,2,726.04,0.1,1306.87,639.39
5139,20231107,7,4,388,3,658.36,0.0,1975.08,1058.13
5140,20231107,3,20,302,5,191.18,0.0,955.9,482.75
5141,20231107,5,1,243,1,545.21,0.05,517.95,207.24
5142,20231107,6,5,374,3,98.3,0.05,280.15,113.35
5143,20231107,7,18,466,2,279.59,0.0,559.18,178.24
5144,20231107,6,7,536,2,569.53,0.0,1139.06,620.4
5145,20231107,6,10,550,3,655.99,0.0,1967.97,972.24
5146,20231107,1,26,541,3,105.66,0.0,316.98,65.1
5147,20231107,4,13,484,3,460.51,0.0,1381.53,444.15
5148,20231108,3,21,577,2,392.24,0.0,784.48,429.12
5149,20231108,4,3,3,1,100.1,0.0,100.1,57.9
5150,20231108,2,16,297,1,706.85,0.0,706.85,407.67
5151,20231108,1,2,163,4,706.19,0.0,2824.76,1448.16
5152,20231108,3,3,504,2,100.1,0.05,190.19,105.79
5153,20231108,7,15,560,2,134.22,0.0,268.44,136.56
5154,20231108,5,6,56,1,350.77,0.05,333.23,181.76
5155,20231108,4,7,200,2,569.53,0.0,1139.06,620.4
5156,20231108,1,16,218,1,706.85,0.0,706.85,407.67
5157,20231108,7,13,486,5,460.51,0.0,2302.55,740.25
5158,20231108,3,6,474,4,350.77,0.0,1403.08,797.2
5159,20231108,1,26,190,2,105.66,0.0,211.32,43.4
5160,20231109,6,5,74,2,98.3,0.1,176.94,65.74
5161,20231109,5,15,456,1,134.22,0.0,134.22,68.28
5162,20231109,4,21,357,2,392.24,0.1,706.03,350.67
5163,20231109,5,12,536,2,884.49,0.1,1592.08,815.22
5164,20231109,3,18,215,1,279.59,0.0,279.59,89.12
5165,20231109,6,19,451,3,101.21,0.0,303.63,134.67
5166,20231109,6,11,276,4,504.67,0.0,2018.68,800.92
5167,20231109,3,17,202,1,224.09,0.0,224.09,90.39
5168,20231109,6,6,358,3,350.77,0.0,1052.31,597.9
5169,20231109,5,18,210,4,279.59,0.05,1062.44,300.56
5170,20231109,6,23,209,1,726.04,0.0,726.04,392.3
5171,20231109,3,13,183,1,460.51,0.0,460.51,148.05
5172,20231109,7,7,487,4,569.53,0.0,2278.12,1240.8
5173,20231109,6,3,514,1,100.1,0.0,100.1,57.9
5174,20231109,2,4,354,4,658.36,0.0,2633.44,1410.84
5175,20231109,5,8,557,3,272.27,0.05,775.97,235.52
5176,20231109,4,1,307,4,545.21,0.2,1744.67,501.83
5177,20231109,6,21,193,4,392.24,0.0,1568.96,858.24
5178,20231109,7,4,233,4,658.36,0.05,2501.77,1279.17
5179,20231109,6,15,546,4,134.22,0.0,536.88,273.12
5180,20231109,1,17,248,2,224.09,0.0,448.18,180.78
5181,20231109,2,7,18,3,569.53,0.0,1708.59,930.6
5182,20231109,2,29,501,1,354.67,0.0,354.67,168.4
5183,20231109,6,27,198,1,636.28,0.0,636.28,320.44
5184,20231109,2,15,177,2,134.22,0.0,268.44,136.56
5185,20231110,6,21,351,2,392.24,0.0,784.48,429.12
5186,20231110,3,18,311,3,279.59,0.0,838.77,267.36
5187,20231110,5,27,164,5,636.28,0.0,3181.4,1602.2
5188,20231110,4,28,286,2,609.0,0.0,1218.0,650.92
5189,20231110,5,25,141,3,387.37,0.0,1162.11,338.34
5190,20231110,6,23,83,1,726.04,0.0,726.04,392.3
5191,20231110,2,26,530,4,105.66,0.0,422.64,86.8
5192,20231110,2,3,461,1,100.1,0.0,100.1,57.9
5193,20231110,5,29,45,4,354.67,0.0,1418.68,673.6
5194,20231110,4,24,326,2,249.97,0.0,499.94,183.84
5195,20231110,7,8,394,1,272.27,0.0,272.27,92.12
5196,20231110,7,19,527,1,101.21,0.0,101.21,44.89
5197,20231110,5,3,255,1,100.1,0.0,100.1,57.9
5198,20231110,5,12,163,3,884.49,0.0,2653.47,1488.18
5199,20231110,1,7,503,3,569.53,0.05,1623.16,845.17
5200,20231110,5,3,483,2,100.1,0.0,200.2,115.8
5201,20231111,4,5,49,4,98.3,0.05,373.54,151.14
5202,20231111,1,21,435,1,392.24,0.0,392.24,214.56
5203,20231111,4,27,26,2,636.28,0.0,1272.56,640.88
5204,20231111,5,12,73,1,884.49,0.0,884.49,496.06
5205,20231111,1,30,182,4,83.21,0.0,332.84,91.96
5206,20231111,3,25,156,1,387.37,0.0,387.37,112.78
5207,20231111,3,27,276,2,636.28,0.0,1272.56,640.88
5208,20231111,4,26,543,2,105.66,0.0,211.32,43.4
5209,20231111,7,9,523,3,296.52,0.05,845.08,172.9
5210,20231111,4,2,403,2,706.19,0.0,1412.38,724.08
5211,20231111,4,2,585,4,706.19,0.0,2824.76,1448.16
5212,20231111,6,12,122,2,884.49,0.0,1768.98,992.12
5213,20231112,1,3,246,2,100.1,0.0,200.2,115.8
5214,20231112,4,16,345,1,706.85,0.0,706.85,407.67
5215,20231112,2,30,109,3,83.21,0.0,249.63,68.97
5216,20231112,2,18,445,2,279.59,0.0,559.18,178.24
5217,20231112,4,14,221,1,246.23,0.0,246.23,56.88
5218,20231112,2,6,207,2,350.77,0.0,701.54,398.6
5219,20231112,4,29,142,4,354.67,0.0,1418.68,673.6
5220,20231112,5,2,450,4,706.19,0.0,2824.76,1448.16
5221,20231112,2,28,344,3,609.0,0.05,1735.65,885.03
5222,20231112,4,21,529,4,392.24,0.0,1568.96,858.24
5223,20231112,5,12,269,3,884.49,0.0,2653.47,1488.18
5224,20231112,2,13,78,2,460.51,0.0,921.02,296.1
5225,20231112,1,30,277,4,83.21,0.1,299.56,58.68
5226,20231112,4,30,441,1,83.21,0.0,83.21,22.99
5227,20231112,3,24,478,3,249.97,0.0,749.91,275.76
5228,20231112,1,3,212,3,100.1,0.0,300.3,173.7
5229,20231113,1,18,487,2,279.59,0.0,559.18,178.24
5230,20231113,3,14,501,3,246.23,0.0,738.69,170.64
5231,20231113,1,2,47,3,706.19,0.0,2118.57,1086.12
5232,20231113,2,19,197,3,101.21,0.0,303.63,134.67
5233,20231113,7,2,502,2,706.19,0.0,1412.38,724.08
5234,20231113,7,28,35,2,609.0,0.0,1218.0,650.92
5235,20231113,1,9,345,1,296.52,0.0,296.52,72.46
5236,20231113,7,15,373,2,134.22,0.1,241.6,109.72
5237,20231113,2,19,273,1,101.21,0.0,101.21,44.89
5238,20231113,5,17,494,1,224.09,0.0,224.09,90.39
5239,20231113,7,2,212,1,706.19,0.0,706.19,362.04
5240,20231113,1,3,28,1,100.1,0.0,100.1,57.9
5241,20231113,7,4,150,1,658.36,0.0,658.36,352.71
5242,20231113,1,19,188,3,101.21,0.0,303.63,134.67
5243,20231113,1,5,253,3,98.3,0.0,294.9,128.1
5244,20231113,7,27,532,3,636.28,0.0,1908.84,961.32
5245,20231114,7,13,150,1,460.51,0.0,460.51,148.05
5246,20231114,6,7,250,3,569.53,0.0,1708.59,930.6
5247,20231114,7,6,476,1,350.77,0.0,350.77,199.3
5248,20231114,1,7,169,3,569.53,0.0,1708.59,930.6
5249,20231114,4,22,32,4,453.16,0.0,1812.64,686.24
5250,20231114,3,22,572,3,453.16,0.05,1291.51,446.71
5251,20231114,7,11,59,3,504.67,0.0,1514.01,600.69
5252,20231114,6,23,438,2,726.04,0.0,1452.08,784.6
5253,20231114,1,4,265,2,658.36,0.0,1316.72,705.42
5254,20231114,3,1,535,3,545.21,0.0,1635.63,703.5
5255,20231114,1,13,400,2,460.51,0.0,921.02,296.1
5256,20231114,1,6,523,1,350.77,0.05,333.23,181.76
5257,20231114,1,14,512,3,246.23,0.0,738.69,170.64
5258,20231114,3,19,389,3,101.21,0.0,303.63,134.67
5259,20231114,1,17,188,2,224.09,0.0,448.18,180.78
5260,20231114,1,25,579,4,387.37,0.0,1549.48,451.12
5261,20231114,2,24,209,2,249.97,0.0,499.94,183.84
5262,20231114,1,18,377,4,279.59,0.0,1118.36,356.48
5263,20231114,6,24,138,2,249.97,0.0,499.94,183.84
5264,20231114,6,19,23,5,101.21,0.05,480.75,199.15
5265,20231114,6,24,447,5,249.97,0.0,1249.85,459.6
5266,20231115,6,28,401,1,609.0,0.0,609.0,325.46
5267,20231115,7,21,202,2,392.24,0.0,784.48,429.12
5268,20231115,1,4,214,4,658.36,0.0,2633.44,1410.84
5269,20231115,4,27,234,1,636.28,0.0,636.28,320.44
5270,20231115,6,28,108,2,609.0,0.0,1218.0,650.92
5271,20231115,7,25,73,4,387.37,0.0,1549.48,451.12
5272,20231115,3,26,312,1,105.66,0.0,105.66,21.7
5273,20231115,2,24,427,2,249.97,0.0,499.94,183.84
5274,20231115,5,6,230,1,350.77,0.0,350.77,199.3
5275,20231115,3,3,496,2,100.1,0.1,180.18,95.78
5276,20231115,4,17,288,3,224.09,0.0,672.27,271.17
5277,20231115,1,28,420,2,609.0,0.0,1218.0,650.92
5278,20231115,7,10,563,2,655.99,0.0,1311.98,648.16
5279,20231115,3,6,403,2,350.77,0.0,701.54,398.6
5280,20231115,2,16,3,3,706.85,0.0,2120.55,1223.01
5281,20231115,5,23,99,3,726.04,0.0,2178.12,1176.9
5282,20231115,7,9,404,2,296.52,0.0,593.04,144.92
5283,20231115,1,9,191,3,296.52,0.0,889.56,217.38
5284,20231115,7,7,177,3,569.53,0.0,1708.59,930.6
5285,20231116,5,5,479,3,98.3,0.0,294.9,128.1
5286,20231116,2,1,524,1,545.21,0.0,545.21,234.5
5287,20231116,4,21,187,4,392.24,0.0,1568.96,858.24
5288,20231116,1,13,551,4,460.51,0.0,1842.04,592.2
5289,20231116,2,13,180,3,460.51,0.0,1381.53,444.15
5290,20231116,4,23,237,3,726.04,0.0,2178.12,1176.9
5291,20231116,4,13,481,3,460.51,0.1,1243.38,306.0
5292,20231116,5,3,415,2,100.1,0.05,190.19,105.79
5293,20231116,6,2,147,1,706.19,0.0,706.19,362.04
5294,20231116,3,11,298,1,504.67,0.0,504.67,200.23
5295,20231116,6,11,511,2,504.67,0.1,908.41,299.53
5296,20231116,5,29,543,1,354.67,0.1,319.2,132.93
5297,20231116,1,3,262,1,100.1,0.0,100.1,57.9
5298,20231116,1,19,247,2,101.21,0.1,182.18,69.54
5299,20231116,5,17,573,2,224.09,0.0,448.18,180.78
5300,20231116,1,12,538,3,884.49,0.0,2653.47,1488.18
5301,20231116,2,28,13,2,609.0,0.1,1096.2,529.12
5302,20231116,1,3,360,3,100.1,0.0,300.3,173.7
5303,20231116,5,25,187,1,387.37,0.0,387.37,112.78
5304,20231116,5,8,57,3,272.27,0.0,816.81,276.36
5305,20231116,4,1,335,4,545.21,0.0,2180.84,938.0
5306,20231116,6,13,521,1,460.51,0.0,460.51,148.05
5307,20231116,2,2,579,4,706.19,0.0,2824.76,1448.16
5308,20231116,4,20,63,1,191.18,0.05,181.62,86.99
5309,20231117,1,11,299,2,504.67,0.0,1009.34,400.46
5310,20231117,3,27,80,1,636.28,0.0,636.28,320.44
5311,20231117,7,13,392,2,460.51,0.0,921.02,296.1
5312,20231117,2,18,446,4,279.59,0.0,1118.36,356.48
5313,20231117,3,6,223,1,350.77,0.0,350.77,199.3
5314,20231117,4,20,138,2,191.18,0.0,382.36,193.1
5315,20231117,3,13,99,2,460.51,0.05,874.97,250.05
5316,20231117,7,10,340,1,655.99,0.0,655.99,324.08
5317,20231117,1,10,344,4,655.99,0.0,2623.96,1296.32
5318,20231117,6,4,531,3,658.36,0.2,1580.06,663.11
5319,20231117,5,2,42,1,706.19,0.0,706.19,362.04
5320,20231117,1,13,503,1,460.51,0.0,460.51,148.05
5321,20231117,7,8,590,2,272.27,0.0,544.54,184.24
5322,20231117,6,21,93,3,392.24,0.0,1176.72,643.68
5323,20231117,4,1,26,4,545.21,0.0,2180.84,938.0
5324,20231117,6,16,177,1,706.85,0.1,636.17,336.99
5325,20231117,2,1,279,2,545.21,0.0,1090.42,469.0
5326,20231117,7,10,315,4,655.99,0.0,2623.96,1296.32
5327,20231117,5,14,351,3,246.23,0.0,738.69,170.64
5328,20231117,2,24,139,1,249.97,0.0,249.97,91.92
5329,20231118,1,5,592,3,98.3,0.0,294.9,128.1
5330,20231118,1,20,410,4,191.18,0.0,764.72,386.2
5331,20231118,7,12,230,4,884.49,0.0,3537.96,1984.24
5332,20231118,4,18,397,4,279.59,0.05,1062.44,300.56
5333,20231118,4,9,24,3,296.52,0.0,889.56,217.38
5334,20231118,1,9,276,4,296.52,0.0,1186.08,289.84
5335,20231118,4,11,67,2,504.67,0.0,1009.34,400.46
5336,20231118,3,20,299,3,191.18,0.0,573.54,289.65
5337,20231118,2,17,295,1,224.09,0.0,224.09,90.39
5338,20231118,7,11,428,1,504.67,0.2,403.74,99.3
5339,20231118,2,10,325,2,655.99,0.0,1311.98,648.16
5340,20231118,2,17,427,2,224.09,0.0,448.18,180.78
5341,20231118,4,13,258,5,460.51,0.05,2187.42,625.12
5342,20231118,1,24,584,1,249.97,0.0,249.97,91.92
5343,20231118,1,20,132,3,191.18,0.05,544.86,260.97
5344,20231118,3,12,261,3,884.49,0.0,2653.47,1488.18
5345,20231118,5,1,285,1,545.21,0.0,545.21,234.5
5346,20231118,6,11,88,4,504.67,0.0,2018.68,800.92
5347,20231118,1,1,90,2,545.21,0.0,1090.42,469.0
5348,20231118,1,14,318,4,246.23,0.0,984.92,227.52
5349,20231118,3,25,324,3,387.37,0.0,1162.11,338.34
5350,20231118,7,28,183,2,609.0,0.0,1218.0,650.92
5351,20231118,4,15,137,2,134.22,0.0,268.44,136.56
5352,20231119,1,27,25,2,636.28,0.0,1272.56,640.88
5353,20231119,7,20,449,1,191.18,0.0,191.18,96.55
5354,20231119,1,9,169,2,296.52,0.0,593.04,144.92
5355,20231119,4,26,357,4,105.66,0.0,422.64,86.8
5356,20231119,7,28,452,4,609.0,0.0,2436.0,1301.84
5357,20231119,3,14,199,5,246.23,0.05,1169.59,222.84
5358,20231119,3,29,548,1,354.67,0.0,354.67,168.4
5359,20231119,6,27,90,3,636.28,0.0,1908.84,961.32
5360,20231119,4,8,575,3,272.27,0.0,816.81,276.36
5361,20231119,7,1,89,1,545.21,0.0,545.21,234.5
5362,20231119,7,13,148,2,460.51,0.0,921.02,296.1
5363,20231120,1,17,251,2,224.09,0.0,448.18,180.78
5364,20231120,1,13,315,2,460.51,0.0,921.02,296.1
5365,20231120,7,11,394,2,504.67,0.0,1009.34,400.46
5366,20231120,1,7,353,3,569.53,0.0,1708.59,930.6
5367,20231120,7,28,74,1,609.0,0.0,609.0,325.46
5368,20231120,4,2,300,2,706.19,0.05,1341.76,653.46
5369,20231120,5,24,132,2,249.97,0.0,499.94,183.84
5370,20231120,2,13,323,2,460.51,0.0,921.02,296.1
5371,20231120,7,13,360,3,460.51,0.0,1381.53,444.15
5372,20231120,6,11,447,1,504.67,0.0,504.67,200.23
5373,20231120,3,15,568,2,134.22,0.0,268.44,136.56
5374,20231120,1,4,556,3,658.36,0.2,1580.06,663.11
5375,20231120,4,15,325,2,134.22,0.0,268.44,136.56
5376,20231120,4,1,298,1,545.21,0.0,545.21,234.5
5377,20231120,4,21,53,2,392.24,0.2,627.58,272.22
5378,20231120,5,10,452,3,655.99,0.0,1967.97,972.24
5379,20231121,1,14,569,1,246.23,0.0,246.23,56.88
5380,20231121,2,21,186,3,392.24,0.0,1176.72,643.68
5381,20231121,7,22,361,2,453.16,0.1,815.69,252.49
5382,20231121,4,23,96,2,726.04,0.05,1379.48,712.0
5383,20231121,6,13,459,3,460.51,0.0,1381.53,444.15
5384,20231121,6,27,454,3,636.28,0.0,1908.84,961.32
5385,20231121,6,22,508,2,453.16,0.05,861.0,297.8
5386,20231121,1,18,103,2,279.59,0.0,559.18,178.24
5387,20231121,5,9,386,3,296.52,0.2,711.65,39.47
5388,20231121,4,23,407,1,726.04,0.0,726.04,392.3
5389,20231121,3,16,520,1,706.85,0.0,706.85,407.67
5390,20231121,3,3,274,2,100.1,0.05,190.19,105.79
5391,20231121,7,28,369,1,609.0,0.05,578.55,295.01
5392,20231121,2,28,138,1,609.0,0.05,578.55,295.01
5393,20231122,4,23,372,1,726.04,0.0,726.04,392.3
5394,20231122,5,19,210,1,101.21,0.0,101.21,44.89
5395,20231122,2,24,400,2,249.97,0.0,499.94,183.84
5396,20231122,5,6,441,2,350.77,0.0,701.54,398.6
5397,20231122,7,20,96,1,191.18,0.05,181.62,86.99
5398,20231122,1,2,276,1,706.19,0.0,706.19,362.04
5399,20231122,5,3,498,2,100.1,0.0,200.2,115.8
5400,20231122,6,6,345,3,350.77,0.0,1052.31,597.9
5401,20231122,4,14,61,4,246.23,0.0,984.92,227.52
5402,20231122,3,22,323,3,453.16,0.0,1359.48,514.68
5403,20231122,2,17,470,3,224.09,0.0,672.27,271.17
5404,20231122,1,14,153,2,246.23,0.0,492.46,113.76
5405,20231122,1,10,590,1,655.99,0.1,590.39,258.48
5406,20231122,1,12,199,1,884.49,0.0,884.49,496.06
5407,20231122,6,6,571,4,350.77,0.0,1403.08,797.2
5408,20231122,2,11,498,2,504.67,0.05,958.87,349.99
5409,20231122,1,4,326,3,658.36,0.0,1975.08,1058.13
5410,20231122,2,6,189,2,350.77,0.0,701.54,398.6
5411,20231122,7,19,490,5,101.21,0.0,506.05,224.45
5412,20231123,1,27,394,2,636.28,0.05,1208.93,577.25
5413,20231123,4,18,457,5,279.59,0.05,1328.05,375.7
5414,20231123,5,29,521,1,354.67,0.0,354.67,168.4
5415,20231123,5,26,141,2,105.66,0.0,211.32,43.4
5416,20231123,6,9,261,2,296.52,0.0,593.04,144.92
5417,20231123,7,15,360,3,134.22,0.0,402.66,204.84
5418,20231123,3,28,338,1,609.0,0.0,609.0,325.46
5419,20231123,1,29,110,1,354.67,0.0,354.67,168.4
5420,20231123,5,9,366,1,296.52,0.0,296.52,72.46
5421,20231123,1,3,20,4,100.1,0.0,400.4,231.6
5422,20231123,5,19,280,3,101.21,0.0,303.63,134.67
5423,20231123,3,6,266,1,350.77,0.0,350.77,199.3
5424,20231123,4,11,319,1,504.67,0.1,454.2,149.76
5425,20231123,1,1,146,1,545.21,0.0,545.21,234.5
5426,20231123,3,18,324,2,279.59,0.0,559.18,178.24
5427,20231124,4,5,520,4,98.3,0.0,393.2,170.8
5428,20231124,7,11,73,1,504.67,0.05,479.44,175.0
5429,20231124,5,3,487,1,100.1,0.0,100.1,57.9
5430,20231124,4,14,373,2,246.23,0.0,492.46,113.76
5431,20231124,1,21,517,1,392.24,0.0,392.24,214.56
5432,20231124,7,11,390,4,504.67,0.0,2018.68,800.92
5433,20231124,4,13,415,4,460.51,0.0,1842.04,592.2
5434,20231124,7,24,86,3,249.97,0.1,674.92,200.77
5435,20231124,1,8,97,1,272.27,0.0,272.27,92.12
5436,20231124,2,17,486,2,224.09,0.0,448.18,180.78
5437,20231124,4,8,585,2,272.27,0.0,544.54,184.24
5438,20231124,3,10,500,3,655.99,0.0,1967.97,972.24
5439,20231124,4,12,230,5,884.49,0.1,3980.2,2038.06
5440,20231124,7,18,75,3,279.59,0.0,838.77,267.36
5441,20231124,7,14,61,1,246.23,0.0,246.23,56.88
5442,20231124,2,20,294,2,191.18,0.0,382.36,193.1
5443,20231124,2,11,45,4,504.67,0.0,2018.68,800.92
5444,20231124,2,7,236,1,569.53,0.0,569.53,310.2
5445,20231124,7,4,94,3,658.36,0.0,1975.08,1058.13
5446,20231124,3,2,366,1,706.19,0.1,635.57,291.42
5447,20231124,1,6,200,1,350.77,0.0,350.77,199.3
5448,20231125,4,20,327,2,191.18,0.0,382.36,193.1
5449,20231125,2,20,70,4,191.18,0.0,764.72,386.2
5450,20231125,5,28,327,4,609.0,0.05,2314.2,1180.04
5451,20231125,5,1,256,3,545.21,0.0,1635.63,703.5
5452,20231125,4,12,321,3,884.49,0.0,2653.47,1488.18
5453,20231125,7,30,123,4,83.21,0.0,332.84,91.96
5454,20231125,3,12,487,4,884.49,0.0,3537.96,1984.24
5455,20231125,4,6,430,1,350.77,0.1,315.69,164.22
5456,20231125,2,7,477,1,569.53,0.0,569.53,310.2
5457,20231125,2,19,390,1,101.21,0.05,96.15,39.83
5458,20231126,6,26,83,1,105.66,0.0,105.66,21.7
5459,20231126,5,10,256,2,655.99,0.05,1246.38,582.56
5460,20231126,7,10,273,2,655.99,0.2,1049.58,385.76
5461,20231126,1,19,58,3,101.21,0.0,303.63,134.67
5462,20231126,3,30,113,2,83.21,0.0,166.42,45.98
5463,20231126,6,15,80,1,134.22,0.0,134.22,68.28
5464,20231126,4,30,415,3,83.21,0.0,249.63,68.97
5465,20231126,2,26,28,1,105.66,0.0,105.66,21.7
5466,20231126,2,22,581,2,453.16,0.0,906.32,343.12
5467,20231126,2,29,422,3,354.67,0.0,1064.01,505.2
5468,20231126,4,1,58,1,545.21,0.0,545.21,234.5
5469,20231126,7,17,268,1,224.09,0.1,201.68,67.98
5470,20231126,2,18,596,1,279.59,0.0,279.59,89.12
5471,20231126,3,20,208,2,191.18,0.0,382.36,193.1
5472,20231126,6,27,367,4,636.28,0.0,2545.12,1281.76
5473,20231126,1,14,445,1,246.23,0.0,246.23,56.88
5474,20231126,2,29,453,2,354.67,0.0,709.34,336.8
5475,20231126,2,10,67,2,655.99,0.0,1311.98,648.16
5476,20231126,1,5,331,3,98.3,0.0,294.9,128.1
5477,20231126,3,10,205,1,655.99,0.0,655.99,324.08
5478,20231126,4,12,310,1,884.49,0.05,840.27,451.84
5479,20231126,1,1,71,4,545.21,0.0,2180.84,938.0
5480,20231126,5,15,276,2,134.22,0.0,268.44,136.56
5481,20231126,4,27,118,2,636.28,0.0,1272.56,640.88
5482,20231126,7,17,402,3,224.09,0.1,605.04,203.94
5483,20231127,7,22,240,4,453.16,0.0,1812.64,686.24
5484,20231127,3,27,532,2,636.28,0.0,1272.56,640.88
5485,20231127,5,24,48,2,249.97,0.0,499.94,183.84
5486,20231127,3,22,117,4,453.16,0.0,1812.64,686.24
5487,20231127,7,16,416,3,706.85,0.0,2120.55,1223.01
5488,20231127,4,4,428,2,658.36,0.0,1316.72,705.42
5489,20231127,1,24,37,1,249.97,0.0,249.97,91.92
5490,20231127,5,7,406,3,569.53,0.0,1708.59,930.6
5491,20231127,7,27,241,3,636.28,0.0,1908.84,961.32
5492,20231127,3,9,84,4,296.52,0.0,1186.08,289.84
5493,20231127,3,15,485,2,134.22,0.0,268.44,136.56
5494,20231127,6,7,387,1,569.53,0.0,569.53,310.2
5495,20231127,7,11,498,1,504.67,0.0,504.67,200.23
5496,20231127,7,22,316,2,453.16,0.0,906.32,343.12
5497,20231127,3,16,1,1,706.85,0.1,636.17,336.99
5498,20231127,7,27,523,2,636.28,0.0,1272.56,640.88
5499,20231127,1,9,141,2,296.52,0.1,533.74,85.62
5500,20231127,6,5,177,4,98.3,0.0,393.2,170.8
5501,20231127,2,3,442,4,100.1,0.0,400.4,231.6
5502,20231127,2,28,76,1,609.0,0.1,548.1,264.56
5503,20231128,6,1,324,3,545.21,0.05,1553.85,621.72
5504,20231128,1,3,282,4,100.1,0.2,320.32,151.52
5505,20231128,3,30,346,2,83.21,0.0,166.42,45.98
5506,20231128,7,23,129,2,726.04,0.0,1452.08,784.6
5507,20231128,7,17,61,1,224.09,0.0,224.09,90.39
5508,20231128,3,18,463,1,279.59,0.0,279.59,89.12
5509,20231128,1,11,200,2,504.67,0.0,1009.34,400.46
5510,20231128,2,26,120,2,105.66,0.0,211.32,43.4
5511,20231128,2,1,363,3,545.21,0.0,1635.63,703.5
5512,20231128,2,25,157,3,387.37,0.0,1162.11,338.34
5513,20231128,2,20,308,1,191.18,0.2,152.94,58.31
5514,20231128,4,7,146,2,569.53,0.0,1139.06,620.4
5515,20231128,4,2,44,1,706.19,0.0,706.19,362.04
5516,20231128,4,11,563,2,504.67,0.0,1009.34,400.46
5517,20231128,1,25,25,4,387.37,0.0,1549.48,451.12
5518,20231129,2,29,278,3,354.67,0.1,957.61,398.8
5519,20231129,7,16,209,5,706.85,0.2,2827.4,1331.5
5520,20231129,7,6,314,1,350.77,0.05,333.23,181.76
5521,20231129,7,24,135,4,249.97,0.0,999.88,367.68
5522,20231129,7,18,574,1,279.59,0.2,223.67,33.2
5523,20231129,6,6,543,4,350.77,0.05,1332.93,727.05
5524,20231129,6,28,5,3,609.0,0.0,1827.0,976.38
5525,20231129,1,29,135,1,354.67,0.1,319.2,132.93
5526,20231129,6,14,39,4,246.23,0.0,984.92,227.52
5527,20231129,7,19,434,2,101.21,0.0,202.42,89.78
5528,20231129,1,13,594,3,460.51,0.1,1243.38,306.0
5529,20231129,1,2,455,4,706.19,0.0,2824.76,1448.16
5530,20231129,1,11,529,1,504.67,0.1,454.2,149.76
5531,20231129,6,26,563,4,105.66,0.0,422.64,86.8
5532,20231129,4,1,27,1,545.21,0.0,545.21,234.5
5533,20231129,5,29,199,1,354.67,0.0,354.67,168.4
5534,20231129,1,30,79,3,83.21,0.0,249.63,68.97
5535,20231129,4,25,242,1,387.37,0.0,387.37,112.78
5536,20231130,7,9,598,3,296.52,0.0,889.56,217.38
5537,20231130,2,20,54,2,191.18,0.05,363.24,173.98
5538,20231130,2,13,573,3,460.51,0.0,1381.53,444.15
5539,20231130,2,18,278,1,279.59,0.0,279.59,89.12
5540,20231130,1,23,506,1,726.04,0.0,726.04,392.3
5541,20231130,7,2,63,2,706.19,0.0,1412.38,724.08
5542,20231130,6,27,133,2,636.28,0.0,1272.56,640.88
5543,20231130,7,1,356,1,545.21,0.0,545.21,234.5
5544,20231130,1,16,164,1,706.85,0.0,706.85,407.67
5545,20231130,7,5,383,1,98.3,0.0,98.3,42.7
5546,20231201,1,26,579,7,105.66,0.0,739.62,151.9
5547,20231201,7,7,426,6,569.53,0.0,3417.18,1861.2
5548,20231201,1,27,331,6,636.28,0.0,3817.68,1922.64
5549,20231201,6,12,52,2,884.49,0.2,1415.18,638.32
5550,20231201,2,17,271,9,224.09,0.0,2016.81,813.51
5551,20231201,7,23,227,6,726.04,0.0,4356.24,2353.8
5552,20231201,6,25,286,7,387.37,0.0,2711.59,789.46
5553,20231201,1,2,449,6,706.19,0.0,4237.14,2172.24
5554,20231201,2,30,366,6,83.21,0.0,499.26,137.94
5555,20231201,3,17,588,3,224.09,0.0,672.27,271.17
5556,20231201,1,8,479,1,272.27,0.0,272.27,92.12
5557,20231201,2,16,339,8,706.85,0.0,5654.8,3261.36
5558,20231201,5,23,281,4,726.04,0.05,2758.95,1423.99
5559,20231201,5,27,335,5,636.28,0.0,3181.4,1602.2
5560,20231201,1,18,599,4,279.59,0.0,1118.36,356.48
5561,20231201,2,25,34,8,387.37,0.2,2479.17,282.45
5562,20231201,7,20,593,10,191.18,0.0,1911.8,965.5
5563,20231201,7,3,17,8,100.1,0.0,800.8,463.2
5564,20231202,6,5,46,5,98.3,0.0,491.5,213.5
5565,20231202,1,27,453,4,636.28,0.0,2545.12,1281.76
5566,20231202,6,18,36,1,279.59,0.0,279.59,89.12
5567,20231202,4,6,181,3,350.77,0.0,1052.31,597.9
5568,20231202,6,29,117,4,354.67,0.0,1418.68,673.6
5569,20231202,2,1,372,8,545.21,0.0,4361.68,1876.0
5570,20231202,1,30,184,5,83.21,0.0,416.05,114.95
5571,20231202,6,9,428,5,296.52,0.0,1482.6,362.3
5572,20231202,1,17,276,4,224.09,0.0,896.36,361.56
5573,20231202,4,22,467,4,453.16,0.0,1812.64,686.24
5574,20231202,1,30,22,2,83.21,0.0,166.42,45.98
5575,20231202,4,6,185,5,350.77,0.05,1666.16,908.81
5576,20231202,1,30,465,10,83.21,0.0,832.1,229.9
5577,20231203,3,23,133,1,726.04,0.0,726.04,392.3
5578,20231203,2,27,69,8,636.28,0.0,5090.24,2563.52
5579,20231203,1,16,471,1,706.85,0.0,706.85,407.67
5580,20231203,7,8,256,1,272.27,0.0,272.27,92.12
5581,20231203,1,4,507,3,658.36,0.0,1975.08,1058.13
5582,20231203,7,19,449,3,101.21,0.0,303.63,134.67
5583,20231203,4,11,126,2,504.67,0.1,908.41,299.53
5584,20231203,3,15,391,2,134.22,0.1,241.6,109.72
5585,20231203,1,3,256,8,100.1,0.0,800.8,463.2
5586,20231203,2,13,187,1,460.51,0.0,460.51,148.05
5587,20231203,5,8,378,5,272.27,0.0,1361.35,460.6
5588,20231203,6,5,357,3,98.3,0.0,294.9,128.1
5589,20231203,6,25,488,6,387.37,0.0,2324.22,676.68
5590,20231203,4,16,327,2,706.85,0.0,1413.7,815.34
5591,20231204,6,18,162,4,279.59,0.0,1118.36,356.48
5592,20231204,7,2,262,6,706.19,0.0,4237.14,2172.24
5593,20231204,2,13,325,2,460.51,0.0,921.02,296.1
5594,20231204,2,2,531,9,706.19,0.0,6355.71,3258.36
5595,20231204,4,14,240,2,246.23,0.0,492.46,113.76
5596,20231204,4,26,51,2,105.66,0.0,211.32,43.4
5597,20231204,2,17,388,2,224.09,0.0,448.18,180.78
5598,20231204,5,27,184,7,636.28,0.0,4453.96,2243.08
5599,20231204,2,15,403,8,134.22,0.1,966.38,438.86
5600,20231204,1,17,541,2,224.09,0.0,448.18,180.78
5601,20231204,4,8,523,6,272.27,0.0,1633.62,552.72
5602,20231204,2,18,414,5,279.59,0.0,1397.95,445.6
5603,20231204,5,9,459,6,296.52,0.05,1690.16,345.8
5604,20231204,6,3,19,4,100.1,0.0,400.4,231.6
5605,20231204,2,30,487,3,83.21,0.0,249.63,68.97
5606,20231204,4,29,223,8,354.67,0.0,2837.36,1347.2
5607,20231205,7,6,14,6,350.77,0.0,2104.62,1195.8
5608,20231205,5,7,131,3,569.53,0.0,1708.59,930.6
5609,20231205,7,6,251,2,350.77,0.1,631.39,328.45
5610,20231205,1,3,248,3,100.1,0.0,300.3,173.7
5611,20231205,1,14,276,2,246.23,0.0,492.46,113.76
5612,20231205,5,30,415,5,83.21,0.0,416.05,114.95
5613,20231205,7,21,108,5,392.24,0.0,1961.2,1072.8
5614,20231205,2,9,517,4,296.52,0.05,1126.78,230.54
5615,20231205,2,4,173,6,658.36,0.0,3950.16,2116.26
5616,20231205,4,9,285,7,296.52,0.0,2075.64,507.22
5617,20231205,7,14,390,1,246.23,0.0,246.23,56.88
5618,20231205,1,4,460,5,658.36,0.0,3291.8,1763.55
5619,20231205,1,20,49,1,191.18,0.0,191.18,96.55
5620,20231205,1,19,245,1,101.21,0.05,96.15,39.83
5621,20231205,7,29,295,6,354.67,0.0,2128.02,1010.4
5622,20231205,6,23,91,2,726.04,0.0,1452.08,784.6
5623,20231205,2,27,123,10,636.28,0.0,6362.8,3204.4
5624,20231205,4,17,223,1,224.09,0.1,201.68,67.98
5625,20231205,7,18,205,5,279.59,0.0,1397.95,445.6
5626,20231205,7,13,369,7,460.51,0.0,3223.57,1036.35
5627,20231205,1,11,94,6,504.67,0.0,3028.02,1201.38
5628,20231206,6,23,31,9,726.04,0.05,6207.64,3203.98
5629,20231206,1,2,415,9,706.19,0.0,6355.71,3258.36
5630,20231206,1,7,594,5,569.53,0.0,2847.65,1551.0
5631,20231206,7,20,160,5,191.18,0.0,955.9,482.75
5632,20231206,1,19,426,8,101.21,0.0,809.68,359.12
5633,20231206,7,9,337,6,296.52,0.05,1690.16,345.8
5634,20231206,3,5,126,8,98.3,0.0,786.4,341.6
5635,20231206,4,9,130,3,296.52,0.0,889.56,217.38
5636,20231206,1,8,111,1,272.27,0.0,272.27,92.12
5637,20231206,3,22,486,7,453.16,0.0,3172.12,1200.92
5638,20231206,3,15,252,9,134.22,0.0,1207.98,614.52
5639,20231206,1,18,517,6,279.59,0.0,1677.54,534.72
5640,20231206,1,13,105,1,460.51,0.0,460.51,148.05
5641,20231206,1,14,520,5,246.23,0.05,1169.59,222.84
5642,20231206,3,7,289,2,569.53,0.05,1082.11,563.45
5643,20231206,3,18,28,2,279.59,0.0,559.18,178.24
5644,20231206,7,8,481,7,272.27,0.0,1905.89,644.84
5645,20231206,1,21,47,5,392.24,0.0,1961.2,1072.8
5646,20231206,4,18,478,4,279.59,0.0,1118.36,356.48
5647,20231207,7,7,325,6,569.53,0.0,3417.18,1861.2
5648,20231207,3,3,77,5,100.1,0.0,500.5,289.5
5649,20231207,4,22,444,2,453.16,0.0,906.32,343.12
5650,20231207,1,21,438,4,392.24,0.0,1568.96,858.24
5651,20231207,3,28,233,2,609.0,0.0,1218.0,650.92
5652,20231207,6,5,185,2,98.3,0.0,196.6,85.4
5653,20231207,3,1,432,1,545.21,0.0,545.21,234.5
5654,20231207,7,18,159,6,279.59,0.0,1677.54,534.72
5655,20231207,4,25,420,3,387.37,0.0,1162.11,338.34
5656,20231207,1,30,485,9,83.21,0.0,748.89,206.91
5657,20231207,5,24,86,4,249.97,0.0,999.88,367.68
5658,20231208,3,4,41,2,658.36,0.1,1185.05,573.75
5659,20231208,2,8,248,5,272.27,0.0,1361.35,460.6
5660,20231208,4,22,465,1,453.16,0.0,453.16,171.56
5661,20231208,2,18,174,2,279.59,0.2,447.34,66.4
5662,20231208,2,25,347,4,387.37,0.0,1549.48,451.12
5663,20231208,4,27,263,4,636.28,0.0,2545.12,1281.76
5664,20231208,1,17,215,2,224.09,0.0,448.18,180.78
5665,20231208,1,29,520,6,354.67,0.05,2021.62,904.0
5666,20231208,2,16,36,4,706.85,0.0,2827.4,1630.68
5667,20231208,2,24,213,6,249.97,0.0,1499.82,551.52
5668,20231208,7,2,147,5,706.19,0.0,3530.95,1810.2
5669,20231208,1,13,600,8,460.51,0.0,3684.08,1184.4
5670,20231208,2,27,203,3,636.28,0.05,1813.4,865.88
5671,20231208,1,13,68,2,460.51,0.0,921.02,296.1
5672,20231208,2,14,434,6,246.23,0.0,1477.38,341.28
5673,20231208,1,7,484,5,569.53,0.1,2562.88,1266.24
5674,20231208,1,4,344,6,658.36,0.0,3950.16,2116.26
5675,20231209,2,20,545,1,191.18,0.0,191.18,96.55
5676,20231209,5,13,93,6,460.51,0.0,2763.06,888.3
5677,20231209,4,23,395,8,726.04,0.0,5808.32,3138.4
5678,20231209,4,26,499,9,105.66,0.0,950.94,195.3
5679,20231209,6,23,62,1,726.04,0.0,726.04,392.3
5680,20231209,4,19,553,8,101.21,0.0,809.68,359.12
5681,20231209,1,5,490,6,98.3,0.05,560.31,226.71
5682,20231209,4,14,93,8,246.23,0.0,1969.84,455.04
5683,20231209,4,6,293,4,350.77,0.05,1332.93,727.05
5684,20231209,2,28,395,4,609.0,0.0,2436.0,1301.84
5685,20231209,6,10,460,1,655.99,0.0,655.99,324.08
5686,20231209,1,23,360,4,726.04,0.0,2904.16,1569.2
5687,20231209,3,6,450,3,350.77,0.0,1052.31,597.9
5688,20231209,7,9,61,4,296.52,0.05,1126.78,230.54
5689,20231209,1,11,485,4,504.67,0.1,1816.81,599.05
5690,20231209,3,4,222,7,658.36,0.0,4608.52,2468.97
5691,20231210,2,22,429,3,453.16,0.0,1359.48,514.68
5692,20231210,6,5,454,1,98.3,0.0,98.3,42.7
5693,20231210,1,9,599,10,296.52,0.0,2965.2,724.6
5694,20231210,1,14,422,6,246.23,0.05,1403.51,267.41
5695,20231210,4,6,167,2,350.77,0.05,666.46,363.52
5696,20231210,4,27,529,7,636.28,0.0,4453.96,2243.08
5697,20231210,4,23,406,7,726.04,0.1,4574.05,2237.87
5698,20231210,1,26,452,1,105.66,0.0,105.66,21.7
5699,20231210,7,29,379,3,354.67,0.0,1064.01,505.2
5700,20231210,6,23,516,5,726.04,0.0,3630.2,1961.5
5701,20231210,3,10,78,2,655.99,0.2,1049.58,385.76
5702,20231210,3,17,540,9,224.09,0.0,2016.81,813.51
5703,20231210,1,28,10,4,609.0,0.1,2192.4,1058.24
5704,20231211,1,23,56,2,726.04,0.0,1452.08,784.6
5705,20231211,1,8,348,1,272.27,0.0,272.27,92.12
5706,20231211,5,4,592,2,658.36,0.0,1316.72,705.42
5707,20231211,6,5,478,1,98.3,0.0,98.3,42.7
5708,20231211,6,17,575,8,224.09,0.0,1792.72,723.12
5709,20231211,3,29,414,9,354.67,0.2,2553.62,877.19
5710,20231211,4,12,257,3,884.49,0.0,2653.47,1488.18
5711,20231211,1,27,406,8,636.28,0.2,4072.19,1545.47
5712,20231211,2,24,80,4,249.97,0.0,999.88,367.68
5713,20231211,1,5,105,2,98.3,0.0,196.6,85.4
5714,20231211,2,7,3,2,569.53,0.0,1139.06,620.4
5715,20231211,6,6,396,4,350.77,0.0,1403.08,797.2
5716,20231211,3,7,527,4,569.53,0.0,2278.12,1240.8
5717,20231211,5,25,436,3,387.37,0.05,1104.0,280.23
5718,20231211,1,25,413,6,387.37,0.0,2324.22,676.68
5719,20231211,3,10,529,2,655.99,0.0,1311.98,648.16
5720,20231211,2,8,200,5,272.27,0.0,1361.35,460.6
5721,20231211,3,15,36,10,134.22,0.0,1342.2,682.8
5722,20231211,7,30,482,3,83.21,0.1,224.67,44.01
5723,20231211,5,28,51,10,609.0,0.0,6090.0,3254.6
5724,20231211,2,12,468,7,884.49,0.2,4953.14,2234.13
5725,20231211,2,11,352,5,504.67,0.0,2523.35,1001.15
5726,20231211,1,16,189,7,706.85,0.1,4453.16,2358.9
5727,20231212,6,17,76,3,224.09,0.0,672.27,271.17
5728,20231212,2,6,234,6,350.77,0.1,1894.16,985.34
5729,20231212,7,13,558,8,460.51,0.0,3684.08,1184.4
5730,20231212,5,3,473,5,100.1,0.0,500.5,289.5
5731,20231212,4,10,535,8,655.99,0.05,4985.52,2330.24
5732,20231212,3,15,484,4,134.22,0.0,536.88,273.12
5733,20231212,1,27,270,10,636.28,0.1,5726.52,2568.12
5734,20231212,6,20,520,7,191.18,0.1,1204.43,542.02
5735,20231212,5,7,65,8,569.53,0.0,4556.24,2481.6
5736,20231212,2,29,542,4,354.67,0.2,1134.94,389.86
5737,20231212,6,24,481,1,249.97,0.1,224.97,66.92
5738,20231212,1,29,424,2,354.67,0.0,709.34,336.8
5739,20231212,6,22,109,3,453.16,0.0,1359.48,514.68
5740,20231212,3,13,543,6,460.51,0.0,2763.06,888.3
5741,20231212,7,27,115,7,636.28,0.0,4453.96,2243.08
5742,20231213,3,9,224,6,296.52,0.05,1690.16,345.8
5743,20231213,4,19,360,2,101.21,0.0,202.42,89.78
5744,20231213,3,3,409,6,100.1,0.0,600.6,347.4
5745,20231213,4,16,34,8,706.85,0.0,5654.8,3261.36
5746,20231213,6,26,532,9,105.66,0.0,950.94,195.3
5747,20231213,6,7,594,5,569.53,0.0,2847.65,1551.0
5748,20231213,5,20,313,5,191.18,0.0,955.9,482.75
5749,20231213,4,14,47,3,246.23,0.0,738.69,170.64
5750,20231213,5,24,423,9,249.97,0.0,2249.73,827.28
5751,20231213,7,15,342,3,134.22,0.05,382.53,184.71
5752,20231213,2,15,306,6,134.22,0.0,805.32,409.68
5753,20231213,1,13,239,4,460.51,0.1,1657.84,408.0
5754,20231213,5,17,289,8,224.09,0.0,1792.72,723.12
5755,20231213,7,25,217,8,387.37,0.05,2944.01,747.29
5756,20231213,6,11,30,3,504.67,0.0,1514.01,600.69
5757,20231213,2,30,217,5,83.21,0.2,332.84,31.74
5758,20231213,2,27,367,8,636.28,0.0,5090.24,2563.52
5759,20231213,4,28,541,3,609.0,0.0,1827.0,976.38
5760,20231213,2,1,535,5,545.21,0.1,2453.45,899.9
5761,20231213,1,1,363,2,545.21,0.0,1090.42,469.0
5762,20231214,1,6,237,3,350.77,0.0,1052.31,597.9
5763,20231214,3,21,590,7,392.24,0.0,2745.68,1501.92
5764,20231214,6,15,547,1,134.22,0.0,134.22,68.28
5765,20231214,4,10,561,6,655.99,0.0,3935.94,1944.48
5766,20231214,5,7,162,4,569.53,0.0,2278.12,1240.8
5767,20231214,7,24,538,9,249.97,0.0,2249.73,827.28
5768,20231214,1,24,287,8,249.97,0.0,1999.76,735.36
5769,20231214,6,11,592,1,504.67,0.0,504.67,200.23
5770,20231214,6,8,443,7,272.27,0.0,1905.89,644.84
5771,20231214,1,3,536,10,100.1,0.0,1001.0,579.0
5772,20231214,1,2,267,7,706.19,0.0,4943.33,2534.28
5773,20231214,1,3,121,8,100.1,0.1,720.72,383.12
5774,20231214,5,8,161,4,272.27,0.0,1089.08,368.48
5775,20231214,6,16,285,10,706.85,0.05,6715.08,3723.27
5776,20231214,2,6,586,6,350.77,0.0,2104.62,1195.8
5777,20231214,2,20,562,2,191.18,0.05,363.24,173.98
5778,20231214,5,27,152,6,636.28,0.0,3817.68,1922.64
5779,20231214,2,9,483,2,296.52,0.1,533.74,85.62
5780,20231214,5,15,74,3,134.22,0.0,402.66,204.84
5781,20231214,2,11,145,1,504.67,0.0,504.67,200.23
5782,20231215,7,27,205,3,636.28,0.0,1908.84,961.32
5783,20231215,7,21,55,5,392.24,0.0,1961.2,1072.8
5784,20231215,1,20,257,4,191.18,0.0,764.72,386.2
5785,20231215,3,10,473,2,655.99,0.0,1311.98,648.16
5786,20231215,2,5,322,1,98.3,0.0,98.3,42.7
5787,20231215,4,25,470,1,387.37,0.1,348.63,74.04
5788,20231215,6,13,341,6,460.51,0.0,2763.06,888.3
5789,20231215,7,24,248,1,249.97,0.0,249.97,91.92
5790,20231215,4,26,131,2,105.66,0.0,211.32,43.4
5791,20231215,5,1,195,6,545.21,0.0,3271.26,1407.0
5792,20231215,7,13,296,5,460.51,0.0,2302.55,740.25
5793,20231215,4,15,194,5,134.22,0.0,671.1,341.4
5794,20231215,1,10,182,6,655.99,0.0,3935.94,1944.48
5795,20231215,1,15,59,9,134.22,0.0,1207.98,614.52
5796,20231215,2,20,299,3,191.18,0.0,573.54,289.65
5797,20231215,3,9,517,7,296.52,0.2,1660.51,92.09
5798,20231215,1,30,440,4,83.21,0.0,332.84,91.96
5799,20231215,7,20,9,10,191.18,0.05,1816.21,869.91
5800,20231215,5,18,61,6,279.59,0.0,1677.54,534.72
5801,20231215,5,30,429,4,83.21,0.0,332.84,91.96
5802,20231215,1,21,149,2,392.24,0.0,784.48,429.12
5803,20231215,2,24,461,6,249.97,0.0,1499.82,551.52
5804,20231215,3,12,414,4,884.49,0.0,3537.96,1984.24
5805,20231216,4,30,429,7,83.21,0.0,582.47,160.93
5806,20231216,6,10,188,6,655.99,0.0,3935.94,1944.48
5807,20231216,3,25,54,3,387.37,0.0,1162.11,338.34
5808,20231216,1,29,448,3,354.67,0.0,1064.01,505.2
5809,20231216,1,19,501,6,101.21,0.0,607.26,269.34
5810,20231216,7,20,600,7,191.18,0.0,1338.26,675.85
5811,20231216,3,13,380,2,460.51,0.2,736.82,111.9
5812,20231216,7,20,277,8,191.18,0.0,1529.44,772.4
5813,20231216,4,11,402,2,504.67,0.0,1009.34,400.46
5814,20231216,5,21,252,4,392.24,0.0,1568.96,858.24
5815,20231216,4,8,520,6,272.27,0.0,1633.62,552.72
5816,20231216,1,29,242,4,354.67,0.0,1418.68,673.6
5817,20231216,4,2,109,2,706.19,0.1,1271.14,582.84
5818,20231216,5,14,567,5,246.23,0.0,1231.15,284.4
5819,20231216,2,6,20,2,350.77,0.05,666.46,363.52
5820,20231216,4,26,391,6,105.66,0.0,633.96,130.2
5821,20231216,6,14,205,1,246.23,0.0,246.23,56.88
5822,20231217,2,8,157,9,272.27,0.0,2450.43,829.08
5823,20231217,1,15,510,9,134.22,0.05,1147.58,554.12
5824,20231217,1,20,462,6,191.18,0.0,1147.08,579.3
5825,20231217,6,14,190,10,246.23,0.0,2462.3,568.8
5826,20231217,3,3,335,1,100.1,0.0,100.1,57.9
5827,20231217,6,11,361,1,504.67,0.0,504.67,200.23
5828,20231217,4,21,269,6,392.24,0.0,2353.44,1287.36
5829,20231217,1,27,302,9,636.28,0.1,5153.87,2311.31
5830,20231217,2,11,322,1,504.67,0.0,504.67,200.23
5831,20231217,6,10,154,6,655.99,0.2,3148.75,1157.29
5832,20231217,6,20,119,4,191.18,0.0,764.72,386.2
5833,20231218,1,8,369,7,272.27,0.0,1905.89,644.84
5834,20231218,7,29,281,7,354.67,0.0,2482.69,1178.8
5835,20231218,4,10,218,1,655.99,0.1,590.39,258.48
5836,20231218,1,9,223,10,296.52,0.0,2965.2,724.6
5837,20231218,3,26,219,1,105.66,0.0,105.66,21.7
5838,20231218,4,30,344,10,83.21,0.0,832.1,229.9
5839,20231218,5,15,66,5,134.22,0.05,637.54,307.84
5840,20231218,1,12,205,2,884.49,0.0,1768.98,992.12
5841,20231218,1,22,448,10,453.16,0.0,4531.6,1715.6
5842,20231218,7,2,229,8,706.19,0.2,4519.62,1766.42
5843,20231218,5,19,540,5,101.21,0.05,480.75,199.15
5844,20231219,5,3,521,3,100.1,0.0,300.3,173.7
5845,20231219,4,11,75,9,504.67,0.0,4542.03,1802.07
5846,20231219,7,1,267,1,545.21,0.0,545.21,234.5
5847,20231219,6,11,426,7,504.67,0.0,3532.69,1401.61
5848,20231219,7,26,112,5,105.66,0.0,528.3,108.5
5849,20231219,3,12,147,1,884.49,0.0,884.49,496.06
5850,20231219,4,30,219,3,83.21,0.0,249.63,68.97
5851,20231219,7,10,396,4,655.99,0.0,2623.96,1296.32
5852,20231219,1,14,341,2,246.23,0.05,467.84,89.14
5853,20231219,7,8,225,8,272.27,0.0,2178.16,736.96
5854,20231219,7,21,462,2,392.24,0.0,784.48,429.12
5855,20231219,2,2,411,1,706.19,0.1,635.57,291.42
5856,20231219,3,17,155,5,224.09,0.0,1120.45,451.95
5857,20231219,1,21,108,8,392.24,0.0,3137.92,1716.48
5858,20231219,1,6,305,4,350.77,0.0,1403.08,797.2
5859,20231219,5,28,474,5,609.0,0.0,3045.0,1627.3
5860,20231219,6,19,255,1,101.21,0.05,96.15,39.83
5861,20231219,2,2,22,6,706.19,0.0,4237.14,2172.24
5862,20231219,1,25,8,2,387.37,0.05,736.0,186.82
5863,20231219,4,18,417,9,279.59,0.0,2516.31,802.08
5864,20231219,2,4,397,3,658.36,0.0,1975.08,1058.13
5865,20231219,2,10,331,4,655.99,0.0,2623.96,1296.32
5866,20231220,1,16,276,5,706.85,0.0,3534.25,2038.35
5867,20231220,7,23,43,10,726.04,0.0,7260.4,3923.0
5868,20231220,7,2,585,10,706.19,0.0,7061.9,3620.4
5869,20231220,2,27,111,1,636.28,0.0,636.28,320.44
5870,20231220,1,12,325,2,884.49,0.0,1768.98,992.12
5871,20231220,2,3,476,2,100.1,0.0,200.2,115.8
5872,20231220,3,8,575,6,272.27,0.0,1633.62,552.72
5873,20231221,2,28,419,6,609.0,0.0,3654.0,1952.76
5874,20231221,3,6,328,8,350.77,0.0,2806.16,1594.4
5875,20231221,4,24,408,9,249.97,0.0,2249.73,827.28
5876,20231221,2,1,259,1,545.21,0.0,545.21,234.5
5877,20231221,2,21,364,7,392.24,0.0,2745.68,1501.92
5878,20231221,5,14,363,8,246.23,0.0,1969.84,455.04
5879,20231221,2,7,542,2,569.53,0.0,1139.06,620.4
5880,20231221,1,3,437,2,100.1,0.05,190.19,105.79
5881,20231221,5,11,288,5,504.67,0.05,2397.18,874.98
5882,20231221,5,12,504,6,884.49,0.2,4245.55,1914.97
5883,20231221,7,9,332,6,296.52,0.0,1779.12,434.76
5884,20231222,5,13,550,8,460.51,0.0,3684.08,1184.4
5885,20231222,4,19,242,3,101.21,0.0,303.63,134.67
5886,20231222,2,12,37,1,884.49,0.0,884.49,496.06
5887,20231222,2,16,259,7,706.85,0.1,4453.16,2358.9
5888,20231222,1,5,340,7,98.3,0.0,688.1,298.9
5889,20231222,1,9,274,2,296.52,0.0,593.04,144.92
5890,20231222,1,6,200,6,350.77,0.1,1894.16,985.34
5891,20231222,7,20,154,5,191.18,0.0,955.9,482.75
5892,20231222,2,8,540,1,272.27,0.0,272.27,92.12
5893,20231222,1,3,242,9,100.1,0.0,900.9,521.1
5894,20231222,7,29,404,9,354.67,0.0,3192.03,1515.6
5895,20231223,6,30,421,7,83.21,0.0,582.47,160.93
5896,20231223,7,19,516,6,101.21,0.0,607.26,269.34
5897,20231223,3,15,569,5,134.22,0.0,671.1,341.4
5898,20231223,4,29,345,7,354.67,0.0,2482.69,1178.8
5899,20231223,1,3,23,3,100.1,0.0,300.3,173.7
5900,20231223,6,24,597,2,249.97,0.0,499.94,183.84
5901,20231223,5,3,329,4,100.1,0.0,400.4,231.6
5902,20231223,3,24,207,7,249.97,0.0,1749.79,643.44
5903,20231223,4,12,155,1,884.49,0.0,884.49,496.06
5904,20231223,7,25,594,8,387.37,0.0,3098.96,902.24
5905,20231223,2,27,30,2,636.28,0.0,1272.56,640.88
5906,20231223,1,7,440,7,569.53,0.0,3986.71,2171.4
5907,20231223,1,16,298,8,706.85,0.05,5372.06,2978.62
5908,20231223,2,12,352,3,884.49,0.0,2653.47,1488.18
5909,20231223,1,12,564,7,884.49,0.0,6191.43,3472.42
5910,20231223,7,27,150,1,636.28,0.0,636.28,320.44
5911,20231223,6,21,455,2,392.24,0.0,784.48,429.12
5912,20231224,6,4,237,2,658.36,0.0,1316.72,705.42
5913,20231224,5,21,491,6,392.24,0.1,2118.1,1052.02
5914,20231224,1,3,167,4,100.1,0.1,360.36,191.56
5915,20231224,6,14,152,1,246.23,0.0,246.23,56.88
5916,20231224,7,16,386,5,706.85,0.0,3534.25,2038.35
5917,20231224,3,8,289,4,272.27,0.0,1089.08,368.48
5918,20231224,3,7,345,6,569.53,0.0,3417.18,1861.2
5919,20231224,1,12,34,2,884.49,0.2,1415.18,638.32
5920,20231224,7,7,135,2,569.53,0.2,911.25,392.59
5921,20231224,3,6,533,2,350.77,0.0,701.54,398.6
5922,20231224,6,9,519,3,296.52,0.0,889.56,217.38
5923,20231224,5,4,360,8,658.36,0.0,5266.88,2821.68
5924,20231224,7,15,161,6,134.22,0.0,805.32,409.68
5925,20231224,1,23,266,4,726.04,0.0,2904.16,1569.2
5926,20231224,6,4,333,10,658.36,0.0,6583.6,3527.1
5927,20231224,3,28,339,8,609.0,0.05,4628.4,2360.08
5928,20231224,2,2,411,6,706.19,0.05,4025.28,1960.38
5929,20231224,6,19,208,10,101.21,0.0,1012.1,448.9
5930,20231224,4,2,441,4,706.19,0.05,2683.52,1306.92
5931,20231225,2,5,406,2,98.3,0.05,186.77,75.57
5932,20231225,2,25,542,2,387.37,0.0,774.74,225.56
5933,20231225,6,1,234,5,545.21,0.1,2453.45,899.9
5934,20231225,6,29,488,2,354.67,0.0,709.34,336.8
5935,20231225,5,10,158,1,655.99,0.0,655.99,324.08
5936,20231225,1,3,463,6,100.1,0.0,600.6,347.4
5937,20231225,3,23,265,4,726.04,0.0,2904.16,1569.2
5938,20231225,4,21,372,3,392.24,0.05,1117.88,584.84
5939,20231225,5,14,572,6,246.23,0.0,1477.38,341.28
5940,20231225,5,3,206,7,100.1,0.2,560.56,265.16
5941,20231225,2,4,516,3,658.36,0.0,1975.08,1058.13
5942,20231225,1,19,102,3,101.21,0.0,303.63,134.67
5943,20231225,4,13,425,1,460.51,0.2,368.41,55.95
5944,20231225,7,24,421,6,249.97,0.0,1499.82,551.52
5945,20231225,1,3,266,4,100.1,0.0,400.4,231.6
5946,20231225,7,21,110,10,392.24,0.0,3922.4,2145.6
5947,20231226,4,8,319,7,272.27,0.0,1905.89,644.84
5948,20231226,2,4,67,4,658.36,0.05,2501.77,1279.17
5949,20231226,2,7,375,7,569.53,0.0,3986.71,2171.4
5950,20231226,3,11,581,4,504.67,0.05,1917.75,699.99
5951,20231226,4,20,103,1,191.18,0.0,191.18,96.55
5952,20231226,3,10,205,7,655.99,0.0,4591.93,2268.56
5953,20231226,2,9,193,5,296.52,0.0,1482.6,362.3
5954,20231226,1,15,474,6,134.22,0.0,805.32,409.68
5955,20231226,1,10,148,5,655.99,0.0,3279.95,1620.4
5956,20231226,4,23,115,5,726.04,0.0,3630.2,1961.5
5957,20231227,6,5,552,7,98.3,0.05,653.69,264.49
5958,20231227,2,4,306,5,658.36,0.0,3291.8,1763.55
5959,20231227,4,24,568,3,249.97,0.05,712.41,238.26
5960,20231227,7,25,552,5,387.37,0.05,1840.01,467.06
5961,20231227,1,11,78,4,504.67,0.05,1917.75,699.99
5962,20231227,6,30,334,2,83.21,0.05,158.1,37.66
5963,20231227,5,24,598,4,249.97,0.0,999.88,367.68
5964,20231227,4,14,235,2,246.23,0.0,492.46,113.76
5965,20231227,2,7,477,8,569.53,0.0,4556.24,2481.6
5966,20231227,4,12,291,7,884.49,0.1,5572.29,2853.28
5967,20231227,1,9,249,5,296.52,0.0,1482.6,362.3
5968,20231227,5,21,459,2,392.24,0.0,784.48,429.12
5969,20231227,7,20,72,3,191.18,0.0,573.54,289.65
5970,20231227,7,28,473,6,609.0,0.0,3654.0,1952.76
5971,20231228,6,12,195,2,884.49,0.0,1768.98,992.12
5972,20231228,3,14,100,6,246.23,0.0,1477.38,341.28
5973,20231228,1,5,506,4,98.3,0.0,393.2,170.8
5974,20231228,4,30,186,1,83.21,0.0,83.21,22.99
5975,20231228,1,28,67,2,609.0,0.0,1218.0,650.92
5976,20231228,1,16,139,1,706.85,0.0,706.85,407.67
5977,20231228,2,12,412,2,884.49,0.0,1768.98,992.12
5978,20231228,2,28,240,7,609.0,0.0,4263.0,2278.22
5979,20231228,5,26,340,6,105.66,0.0,633.96,130.2
5980,20231228,3,21,442,7,392.24,0.0,2745.68,1501.92
5981,20231228,3,20,9,8,191.18,0.0,1529.44,772.4
5982,20231229,2,11,324,8,504.67,0.0,4037.36,1601.84
5983,20231229,5,1,132,10,545.21,0.0,5452.1,2345.0
5984,20231229,1,24,41,9,249.97,0.0,2249.73,827.28
5985,20231229,5,27,453,4,636.28,0.0,2545.12,1281.76
5986,20231229,1,4,506,6,658.36,0.0,3950.16,2116.26
5987,20231229,1,22,172,4,453.16,0.0,1812.64,686.24
5988,20231229,7,29,65,6,354.67,0.0,2128.02,1010.4
5989,20231229,4,25,383,9,387.37,0.05,3312.01,840.7
5990,20231229,4,18,430,8,279.59,0.0,2236.72,712.96
5991,20231229,5,29,47,4,354.67,0.0,1418.68,673.6
5992,20231229,4,20,38,2,191.18,0.05,363.24,173.98
5993,20231229,6,9,253,1,296.52,0.05,281.69,57.63
5994,20231229,2,16,386,9,706.85,0.0,6361.65,3669.03
5995,20231229,1,16,136,6,706.85,0.05,4029.04,2233.96
5996,20231229,6,10,64,7,655.99,0.0,4591.93,2268.56
5997,20231229,1,30,60,2,83.21,0.0,166.42,45.98
5998,20231229,2,4,576,2,658.36,0.0,1316.72,705.42
5999,20231229,6,27,542,4,636.28,0.05,2417.86,1154.5
6000,20231230,3,23,187,2,726.04,0.0,1452.08,784.6
6001,20231230,2,23,287,2,726.04,0.05,1379.48,712.0
6002,20231230,5,20,228,6,191.18,0.05,1089.73,521.95
6003,20231230,1,1,341,10,545.21,0.0,5452.1,2345.0
6004,20231230,1,7,518,4,569.53,0.05,2164.21,1126.89
6005,20231230,5,21,404,5,392.24,0.0,1961.2,1072.8
6006,20231230,2,12,132,2,884.49,0.0,1768.98,992.12
6007,20231230,2,16,229,6,706.85,0.05,4029.04,2233.96
6008,20231230,1,27,286,6,636.28,0.0,3817.68,1922.64
6009,20231230,2,16,589,2,706.85,0.0,1413.7,815.34
6010,20231230,4,24,149,4,249.97,0.0,999.88,367.68
6011,20231230,7,15,284,4,134.22,0.0,536.88,273.12
6012,20231230,5,28,558,5,609.0,0.0,3045.0,1627.3
6013,20231230,1,14,537,7,246.23,0.0,1723.61,398.16
6014,20231230,6,11,133,10,504.67,0.0,5046.7,2002.3
6015,20231231,2,6,57,6,350.77,0.0,2104.62,1195.8
6016,20231231,2,15,399,4,134.22,0.0,536.88,273.12
6017,20231231,1,11,548,5,504.67,0.2,2018.68,496.48
6018,20231231,7,7,133,6,569.53,0.0,3417.18,1861.2
6019,20231231,3,5,533,4,98.3,0.0,393.2,170.8
6020,20231231,1,20,378,2,191.18,0.0,382.36,193.1
6021,20231231,2,14,239,2,246.23,0.0,492.46,113.76
6022,20231231,1,11,237,5,504.67,0.0,2523.35,1001.15
6023,20231231,3,17,420,10,224.09,0.1,2016.81,679.81
6024,20231231,4,13,323,4,460.51,0.05,1749.94,500.1
6025,20231231,3,25,354,8,387.37,0.0,3098.96,902.24
6026,20231231,6,14,430,6,246.23,0.2,1181.9,45.8
6027,20231231,5,8,262,7,272.27,0.1,1715.3,454.25
6028,20231231,4,13,320,6,460.51,0.0,2763.06,888.3
6029,20240101,4,10,224,4,655.99,0.0,2623.96,1296.32
6030,20240101,1,23,305,6,726.04,0.1,3920.62,1918.18
6031,20240101,7,21,360,3,392.24,0.0,1176.72,643.68
6032,20240101,4,27,148,2,636.28,0.0,1272.56,640.88
6033,20240101,6,24,5,2,249.97,0.2,399.95,83.85
6034,20240101,2,26,227,1,105.66,0.0,105.66,21.7
6035,20240101,5,14,352,5,246.23,0.0,1231.15,284.4
6036,20240101,6,17,381,1,224.09,0.0,224.09,90.39
6037,20240101,7,25,452,5,387.37,0.0,1936.85,563.9
6038,20240101,4,26,323,4,105.66,0.0,422.64,86.8
6039,20240101,2,22,183,3,453.16,0.05,1291.51,446.71
6040,20240101,3,14,266,3,246.23,0.0,738.69,170.64
6041,20240101,4,10,100,7,655.99,0.0,4591.93,2268.56
6042,20240101,5,16,284,5,706.85,0.1,3180.82,1684.93
6043,20240101,4,29,47,2,354.67,0.1,638.41,265.87
6044,20240101,5,4,181,3,658.36,0.0,1975.08,1058.13
6045,20240101,6,22,408,6,453.16,0.0,2718.96,1029.36
6046,20240101,2,28,166,3,609.0,0.05,1735.65,885.03
6047,20240101,2,21,321,7,392.24,0.0,2745.68,1501.92
6048,20240101,5,25,387,5,387.37,0.0,1936.85,563.9
6049,20240101,5,12,394,5,884.49,0.05,4201.33,2259.18
6050,20240101,4,12,116,3,884.49,0.0,2653.47,1488.18
6051,20240102,1,8,304,2,272.27,0.0,544.54,184.24
6052,20240102,4,3,216,1,100.1,0.0,100.1,57.9
6053,20240102,3,19,378,5,101.21,0.0,506.05,224.45
6054,20240102,1,3,364,1,100.1,0.0,100.1,57.9
6055,20240102,2,25,315,3,387.37,0.0,1162.11,338.34
6056,20240102,3,11,251,1,504.67,0.0,504.67,200.23
6057,20240102,1,18,572,2,279.59,0.0,559.18,178.24
6058,20240102,7,6,365,7,350.77,0.05,2332.62,1272.33
6059,20240102,4,11,560,3,504.67,0.0,1514.01,600.69
6060,20240102,1,24,89,6,249.97,0.0,1499.82,551.52
6061,20240102,4,22,518,6,453.16,0.0,2718.96,1029.36
6062,20240102,1,12,443,2,884.49,0.0,1768.98,992.12
6063,20240102,3,5,273,2,98.3,0.0,196.6,85.4
6064,20240102,3,4,210,2,658.36,0.0,1316.72,705.42
6065,20240102,1,14,400,3,246.23,0.0,738.69,170.64
6066,20240102,5,20,175,5,191.18,0.0,955.9,482.75
6067,20240102,5,13,479,3,460.51,0.0,1381.53,444.15
6068,20240102,4,7,576,3,569.53,0.0,1708.59,930.6
6069,20240103,4,5,512,7,98.3,0.0,688.1,298.9
6070,20240103,2,21,354,5,392.24,0.0,1961.2,1072.8
6071,20240103,1,19,591,4,101.21,0.0,404.84,179.56
6072,20240103,2,4,289,5,658.36,0.1,2962.62,1434.37
6073,20240103,5,15,564,1,134.22,0.0,134.22,68.28
6074,20240103,2,12,175,4,884.49,0.0,3537.96,1984.24
6075,20240103,5,27,370,5,636.28,0.0,3181.4,1602.2
6076,20240103,2,23,166,4,726.04,0.0,2904.16,1569.2
6077,20240103,5,6,489,5,350.77,0.1,1578.46,821.11
6078,20240103,7,5,180,1,98.3,0.0,98.3,42.7
6079,20240103,2,11,437,2,504.67,0.05,958.87,349.99
6080,20240103,4,30,370,5,83.21,0.0,416.05,114.95
6081,20240103,1,30,95,4,83.21,0.0,332.84,91.96
6082,20240104,2,14,281,5,246.23,0.0,1231.15,284.4
6083,20240104,7,24,519,5,249.97,0.0,1249.85,459.6
6084,20240104,3,22,275,7,453.16,0.0,3172.12,1200.92
6085,20240104,5,1,282,1,545.21,0.0,545.21,234.5
6086,20240104,6,12,155,1,884.49,0.0,884.49,496.06
6087,20240104,5,11,375,2,504.67,0.0,1009.34,400.46
6088,20240104,1,28,485,1,609.0,0.0,609.0,325.46
6089,20240104,5,2,215,7,706.19,0.0,4943.33,2534.28
6090,20240104,6,17,72,3,224.09,0.0,672.27,271.17
6091,20240104,4,11,557,3,504.67,0.05,1438.31,524.99
6092,20240105,7,13,465,4,460.51,0.0,1842.04,592.2
6093,20240105,6,13,310,5,460.51,0.0,2302.55,740.25
6094,20240105,2,12,555,4,884.49,0.1,3184.16,1630.44
6095,20240105,4,26,480,5,105.66,0.0,528.3,108.5
6096,20240105,5,6,275,5,350.77,0.0,1753.85,996.5
6097,20240105,5,16,395,6,706.85,0.0,4241.1,2446.02
6098,20240105,3,15,491,1,134.22,0.0,134.22,68.28
6099,20240105,6,9,141,3,296.52,0.0,889.56,217.38
6100,20240105,6,1,529,3,545.21,0.0,1635.63,703.5
6101,20240105,1,22,187,8,453.16,0.0,3625.28,1372.48
6102,20240105,6,3,589,1,100.1,0.0,100.1,57.9
6103,20240105,1,26,304,4,105.66,0.0,422.64,86.8
6104,20240105,6,2,387,7,706.19,0.05,4696.16,2287.11
6105,20240105,4,10,36,2,655.99,0.05,1246.38,582.56
6106,20240105,2,16,394,5,706.85,0.05,3357.54,1861.64
6107,20240105,7,4,250,3,658.36,0.0,1975.08,1058.13
6108,20240105,6,23,2,3,726.04,0.05,2069.21,1067.99
6109,20240105,1,1,239,4,545.21,0.0,2180.84,938.0
6110,20240105,2,13,485,3,460.51,0.0,1381.53,444.15
6111,20240105,2,2,372,5,706.19,0.0,3530.95,1810.2
6112,20240105,2,30,282,6,83.21,0.0,499.26,137.94
6113,20240105,1,21,540,1,392.24,0.0,392.24,214.56
6114,20240105,3,1,421,5,545.21,0.0,2726.05,1172.5
6115,20240105,4,19,440,7,101.21,0.0,708.47,314.23
6116,20240106,7,17,118,6,224.09,0.05,1277.31,475.11
6117,20240106,6,4,67,7,658.36,0.0,4608.52,2468.97
6118,20240106,1,30,127,2,83.21,0.0,166.42,45.98
6119,20240106,7,10,40,2,655.99,0.05,1246.38,582.56
6120,20240106,4,18,591,3,279.59,0.0,838.77,267.36
6121,20240106,1,23,137,1,726.04,0.0,726.04,392.3
6122,20240106,5,28,54,8,609.0,0.0,4872.0,2603.68
6123,20240106,3,11,407,5,504.67,0.0,2523.35,1001.15
6124,20240106,6,1,276,2,545.21,0.0,1090.42,469.0
6125,20240106,7,22,73,6,453.16,0.05,2583.01,893.41
6126,20240106,7,28,130,5,609.0,0.1,2740.5,1322.8
6127,20240106,7,7,312,1,569.53,0.2,455.62,196.29
6128,20240106,6,18,463,2,279.59,0.05,531.22,150.28
6129,20240106,2,2,243,3,706.19,0.0,2118.57,1086.12
6130,20240106,4,17,284,4,224.09,0.0,896.36,361.56
6131,20240106,4,23,555,3,726.04,0.05,2069.21,1067.99
6132,20240106,3,3,585,2,100.1,0.0,200.2,115.8
6133,20240106,5,23,269,6,726.04,0.0,4356.24,2353.8
6134,20240106,1,5,527,4,98.3,0.0,393.2,170.8
6135,20240106,6,6,472,4,350.77,0.0,1403.08,797.2
6136,20240106,3,6,302,2,350.77,0.0,701.54,398.6
6137,20240106,7,25,507,3,387.37,0.05,1104.0,280.23
6138,20240106,1,22,130,2,453.16,0.0,906.32,343.12
6139,20240107,6,17,566,4,224.09,0.0,896.36,361.56
6140,20240107,3,5,439,5,98.3,0.0,491.5,213.5
6141,20240107,4,20,445,8,191.18,0.0,1529.44,772.4
6142,20240107,4,21,216,2,392.24,0.0,784.48,429.12
6143,20240107,4,11,361,5,504.67,0.1,2271.02,748.82
6144,20240107,3,14,161,1,246.23,0.0,246.23,56.88
6145,20240107,1,15,461,3,134.22,0.0,402.66,204.84
6146,20240107,7,27,349,4,636.28,0.0,2545.12,1281.76
6147,20240107,1,15,187,3,134.22,0.0,402.66,204.84
6148,20240107,2,8,477,1,272.27,0.0,272.27,92.12
6149,20240107,2,13,184,1,460.51,0.0,460.51,148.05
6150,20240107,5,24,141,1,249.97,0.0,249.97,91.92
6151,20240107,1,24,373,3,249.97,0.0,749.91,275.76
6152,20240107,4,4,552,2,658.36,0.0,1316.72,705.42
6153,20240107,6,17,537,4,224.09,0.05,851.54,316.74
6154,20240107,2,7,393,5,569.53,0.05,2705.27,1408.62
6155,20240107,6,21,239,4,392.24,0.0,1568.96,858.24
6156,20240107,6,30,444,2,83.21,0.0,166.42,45.98
6157,20240108,4,20,487,6,191.18,0.0,1147.08,579.3
6158,20240108,3,15,114,5,134.22,0.0,671.1,341.4
6159,20240108,3,18,264,3,279.59,0.05,796.83,225.42
6160,20240108,2,15,229,4,134.22,0.05,510.04,246.28
6161,20240108,2,1,132,5,545.21,0.1,2453.45,899.9
6162,20240108,7,1,206,3,545.21,0.0,1635.63,703.5
6163,20240108,7,13,1,6,460.51,0.1,2486.75,611.99
6164,20240108,3,26,201,5,105.66,0.0,528.3,108.5
6165,20240108,3,8,143,6,272.27,0.0,1633.62,552.72
6166,20240108,7,24,81,1,249.97,0.0,249.97,91.92
6167,20240108,7,15,244,3,134.22,0.0,402.66,204.84
6168,20240108,2,5,457,3,98.3,0.0,294.9,128.1
6169,20240108,1,13,431,5,460.51,0.0,2302.55,740.25
6170,20240108,2,5,576,2,98.3,0.1,176.94,65.74
6171,20240108,7,2,438,4,706.19,0.0,2824.76,1448.16
6172,20240108,6,5,119,5,98.3,0.0,491.5,213.5
6173,20240108,7,14,44,2,246.23,0.0,492.46,113.76
6174,20240108,2,30,522,2,83.21,0.0,166.42,45.98
6175,20240108,4,22,284,6,453.16,0.2,2175.17,485.57
6176,20240109,2,24,102,1,249.97,0.05,237.47,79.42
6177,20240109,7,21,493,6,392.24,0.0,2353.44,1287.36
6178,20240109,2,2,150,9,706.19,0.05,6037.92,2940.57
6179,20240109,1,6,568,6,350.77,0.0,2104.62,1195.8
6180,20240109,7,17,283,6,224.09,0.05,1277.31,475.11
6181,20240109,7,25,406,2,387.37,0.1,697.27,148.09
6182,20240109,3,7,158,6,569.53,0.0,3417.18,1861.2
6183,20240109,4,2,467,5,706.19,0.0,3530.95,1810.2
6184,20240109,4,25,424,4,387.37,0.0,1549.48,451.12
6185,20240109,2,1,376,4,545.21,0.0,2180.84,938.0
6186,20240109,1,8,565,3,272.27,0.1,735.13,194.68
6187,20240109,2,13,327,6,460.51,0.1,2486.75,611.99
6188,20240109,2,4,249,3,658.36,0.05,1876.33,959.38
6189,20240109,1,5,220,1,98.3,0.0,98.3,42.7
6190,20240109,3,22,532,7,453.16,0.0,3172.12,1200.92
6191,20240109,4,27,261,2,636.28,0.0,1272.56,640.88
6192,20240109,7,10,6,3,655.99,0.0,1967.97,972.24
6193,20240109,1,4,253,1,658.36,0.0,658.36,352.71
6194,20240109,1,25,583,3,387.37,0.0,1162.11,338.34
6195,20240110,3,8,162,2,272.27,0.0,544.54,184.24
6196,20240110,5,26,141,4,105.66,0.0,422.64,86.8
6197,20240110,4,19,500,2,101.21,0.05,192.3,79.66
6198,20240110,1,20,513,1,191.18,0.05,181.62,86.99
6199,20240110,1,24,297,8,249.97,0.0,1999.76,735.36
6200,20240110,1,9,443,3,296.52,0.0,889.56,217.38
6201,20240110,2,28,415,3,609.0,0.0,1827.0,976.38
6202,20240110,6,11,298,4,504.67,0.0,2018.68,800.92
6203,20240110,4,7,82,3,569.53,0.2,1366.87,588.88
6204,20240110,6,12,112,5,884.49,0.0,4422.45,2480.3
6205,20240110,4,28,332,3,609.0,0.05,1735.65,885.03
6206,20240110,6,2,416,3,706.19,0.0,2118.57,1086.12
6207,20240110,2,24,526,5,249.97,0.0,1249.85,459.6
6208,20240110,6,29,108,7,354.67,0.0,2482.69,1178.8
6209,20240110,7,13,459,1,460.51,0.0,460.51,148.05
6210,20240110,2,5,418,1,98.3,0.0,98.3,42.7
6211,20240111,6,25,68,8,387.37,0.0,3098.96,902.24
6212,20240111,7,23,499,4,726.04,0.05,2758.95,1423.99
6213,20240111,7,1,237,2,545.21,0.05,1035.9,414.48
6214,20240111,7,24,116,5,249.97,0.0,1249.85,459.6
6215,20240111,4,17,279,4,224.09,0.0,896.36,361.56
6216,20240111,1,30,371,3,83.21,0.1,224.67,44.01
6217,20240111,1,21,203,5,392.24,0.0,1961.2,1072.8
6218,20240111,2,28,398,4,609.0,0.0,2436.0,1301.84
6219,20240111,6,28,530,5,609.0,0.0,3045.0,1627.3
6220,20240111,7,27,169,2,636.28,0.0,1272.56,640.88
6221,20240111,6,22,577,7,453.16,0.0,3172.12,1200.92
6222,20240111,6,29,384,2,354.67,0.0,709.34,336.8
6223,20240111,4,26,342,2,105.66,0.0,211.32,43.4
6224,20240111,5,16,381,3,706.85,0.0,2120.55,1223.01
6225,20240111,7,2,45,4,706.19,0.0,2824.76,1448.16
6226,20240111,3,14,311,4,246.23,0.0,984.92,227.52
6227,20240112,5,12,174,4,884.49,0.0,3537.96,1984.24
6228,20240112,6,9,382,5,296.52,0.1,1334.34,214.04
6229,20240112,6,24,99,4,249.97,0.0,999.88,367.68
6230,20240112,6,10,149,3,655.99,0.0,1967.97,972.24
6231,20240112,1,28,62,6,609.0,0.05,3471.3,1770.06
6232,20240112,5,18,42,3,279.59,0.0,838.77,267.36
6233,20240112,5,21,101,3,392.24,0.0,1176.72,643.68
6234,20240112,5,1,302,5,545.21,0.0,2726.05,1172.5
6235,20240112,3,15,222,5,134.22,0.0,671.1,341.4
6236,20240112,6,1,462,5,545.21,0.0,2726.05,1172.5
6237,20240112,6,15,173,1,134.22,0.0,134.22,68.28
6238,20240112,3,6,216,7,350.77,0.0,2455.39,1395.1
6239,20240113,7,27,24,3,636.28,0.0,1908.84,961.32
6240,20240113,5,8,192,3,272.27,0.0,816.81,276.36
6241,20240113,6,12,108,1,884.49,0.0,884.49,496.06
6242,20240113,1,21,131,4,392.24,0.1,1412.06,701.34
6243,20240113,1,29,312,5,354.67,0.0,1773.35,842.0
6244,20240113,1,4,435,3,658.36,0.0,1975.08,1058.13
6245,20240113,7,7,575,1,569.53,0.0,569.53,310.2
6246,20240113,6,29,90,3,354.67,0.0,1064.01,505.2
6247,20240113,6,14,123,6,246.23,0.0,1477.38,341.28
6248,20240113,2,8,175,3,272.27,0.0,816.81,276.36
6249,20240113,7,11,44,2,504.67,0.0,1009.34,400.46
6250,20240113,3,18,418,3,279.59,0.0,838.77,267.36
6251,20240113,1,2,397,8,706.19,0.0,5649.52,2896.32
6252,20240113,1,9,406,2,296.52,0.0,593.04,144.92
6253,20240113,5,11,397,1,504.67,0.1,454.2,149.76
6254,20240114,2,17,509,5,224.09,0.0,1120.45,451.95
6255,20240114,4,25,294,1,387.37,0.0,387.37,112.78
6256,20240114,2,18,403,7,279.59,0.0,1957.13,623.84
6257,20240114,5,19,450,5,101.21,0.0,506.05,224.45
6258,20240114,1,2,279,8,706.19,0.0,5649.52,2896.32
6259,20240114,6,11,271,1,504.67,0.0,504.67,200.23
6260,20240114,2,6,89,6,350.77,0.0,2104.62,1195.8
6261,20240114,4,21,226,2,392.24,0.0,784.48,429.12
6262,20240114,3,6,206,6,350.77,0.0,2104.62,1195.8
6263,20240114,6,25,485,2,387.37,0.0,774.74,225.56
6264,20240114,5,17,245,5,224.09,0.0,1120.45,451.95
6265,20240114,5,22,95,5,453.16,0.0,2265.8,857.8
6266,20240114,2,15,208,7,134.22,0.0,939.54,477.96
6267,20240114,6,5,588,2,98.3,0.0,196.6,85.4
6268,20240114,2,28,87,8,609.0,0.0,4872.0,2603.68
6269,20240114,6,18,599,5,279.59,0.0,1397.95,445.6
6270,20240114,3,1,457,6,545.21,0.0,3271.26,1407.0
6271,20240114,5,17,331,4,224.09,0.0,896.36,361.56
6272,20240114,3,13,184,3,460.51,0.0,1381.53,444.15
6273,20240114,3,21,265,7,392.24,0.0,2745.68,1501.92
6274,20240115,3,1,198,5,545.21,0.0,2726.05,1172.5
6275,20240115,7,1,221,5,545.21,0.0,2726.05,1172.5
6276,20240115,4,8,100,1,272.27,0.0,272.27,92.12
6277,20240115,2,15,426,6,134.22,0.0,805.32,409.68
6278,20240115,3,4,417,2,658.36,0.2,1053.38,442.08
6279,20240115,2,2,197,5,706.19,0.0,3530.95,1810.2
6280,20240115,1,25,350,5,387.37,0.0,1936.85,563.9
6281,20240115,1,28,359,3,609.0,0.0,1827.0,976.38
6282,20240115,4,22,322,1,453.16,0.0,453.16,171.56
6283,20240115,1,9,123,6,296.52,0.0,1779.12,434.76
6284,20240115,7,18,186,3,279.59,0.1,754.89,183.48
6285,20240115,3,11,10,7,504.67,0.05,3356.06,1224.98
6286,20240115,3,30,7,5,83.21,0.0,416.05,114.95
6287,20240115,1,6,255,6,350.77,0.0,2104.62,1195.8
6288,20240115,6,11,207,1,504.67,0.0,504.67,200.23
6289,20240115,3,2,536,1,706.19,0.0,706.19,362.04
6290,20240116,2,27,335,7,636.28,0.0,4453.96,2243.08
6291,20240116,5,16,268,5,706.85,0.0,3534.25,2038.35
6292,20240116,7,19,571,4,101.21,0.0,404.84,179.56
6293,20240116,3,9,390,6,296.52,0.0,1779.12,434.76
6294,20240116,3,14,346,3,246.23,0.0,738.69,170.64
6295,20240116,4,21,345,8,392.24,0.0,3137.92,1716.48
6296,20240116,2,19,404,2,101.21,0.0,202.42,89.78
6297,20240116,3,7,174,5,569.53,0.0,2847.65,1551.0
6298,20240116,2,30,566,1,83.21,0.0,83.21,22.99
6299,20240116,1,14,75,7,246.23,0.0,1723.61,398.16
6300,20240116,5,10,35,6,655.99,0.0,3935.94,1944.48
6301,20240116,2,12,79,5,884.49,0.0,4422.45,2480.3
6302,20240116,4,5,351,5,98.3,0.0,491.5,213.5
6303,20240116,6,4,134,2,658.36,0.0,1316.72,705.42
6304,20240116,2,4,99,2,658.36,0.0,1316.72,705.42
6305,20240116,4,13,172,4,460.51,0.0,1842.04,592.2
6306,20240116,6,18,98,2,279.59,0.0,559.18,178.24
6307,20240116,1,24,421,2,249.97,0.0,499.94,183.84
6308,20240116,3,25,451,2,387.37,0.0,774.74,225.56
6309,20240116,3,19,217,5,101.21,0.1,455.44,173.84
6310,20240116,2,14,221,1,246.23,0.0,246.23,56.88
6311,20240116,1,28,308,2,609.0,0.0,1218.0,650.92
6312,20240116,1,30,148,7,83.21,0.05,553.35,131.81
6313,20240117,6,23,421,5,726.04,0.0,3630.2,1961.5
6314,20240117,4,8,153,8,272.27,0.05,2069.25,628.05
6315,20240117,6,7,135,2,569.53,0.0,1139.06,620.4
6316,20240117,2,22,450,5,453.16,0.0,2265.8,857.8
6317,20240117,5,3,206,6,100.1,0.0,600.6,347.4
6318,20240117,7,27,441,8,636.28,0.05,4835.73,2309.01
6319,20240117,4,7,120,6,569.53,0.0,3417.18,1861.2
6320,20240117,1,21,8,5,392.24,0.0,1961.2,1072.8
6321,20240117,1,3,599,5,100.1,0.0,500.5,289.5
6322,20240117,4,29,196,5,354.67,0.0,1773.35,842.0
6323,20240117,3,21,511,5,392.24,0.0,1961.2,1072.8
6324,20240117,4,16,467,4,706.85,0.0,2827.4,1630.68
6325,20240117,2,21,369,1,392.24,0.1,353.02,175.34
6326,20240118,1,11,99,3,504.67,0.0,1514.01,600.69
6327,20240118,2,16,415,3,706.85,0.0,2120.55,1223.01
6328,20240118,6,29,447,3,354.67,0.0,1064.01,505.2
6329,20240118,7,25,23,4,387.37,0.0,1549.48,451.12
6330,20240118,3,24,165,7,249.97,0.0,1749.79,643.44
6331,20240118,1,15,86,7,134.22,0.05,892.56,430.98
6332,20240118,2,12,429,4,884.49,0.0,3537.96,1984.24
6333,20240118,3,20,303,5,191.18,0.0,955.9,482.75
6334,20240118,5,5,56,5,98.3,0.0,491.5,213.5
6335,20240118,1,30,541,7,83.21,0.0,582.47,160.93
6336,20240118,3,1,597,4,545.21,0.0,2180.84,938.0
6337,20240118,5,13,491,3,460.51,0.0,1381.53,444.15
6338,20240118,6,20,295,3,191.18,0.0,573.54,289.65
6339,20240118,7,30,436,7,83.21,0.05,553.35,131.81
6340,20240119,1,17,64,1,224.09,0.0,224.09,90.39
6341,20240119,2,13,156,7,460.51,0.0,3223.57,1036.35
6342,20240119,2,6,49,9,350.77,0.2,2525.54,1162.31
6343,20240119,2,11,552,2,504.67,0.0,1009.34,400.46
6344,20240119,1,16,274,6,706.85,0.0,4241.1,2446.02
6345,20240119,1,5,264,2,98.3,0.1,176.94,65.74
6346,20240119,2,8,433,3,272.27,0.1,735.13,194.68
6347,20240119,3,11,323,2,504.67,0.0,1009.34,400.46
6348,20240119,6,10,487,5,655.99,0.0,3279.95,1620.4
6349,20240119,4,18,57,4,279.59,0.0,1118.36,356.48
6350,20240119,3,1,577,5,545.21,0.0,2726.05,1172.5
6351,20240119,4,8,307,2,272.27,0.0,544.54,184.24
6352,20240119,2,27,103,3,636.28,0.0,1908.84,961.32
6353,20240119,5,16,160,3,706.85,0.0,2120.55,1223.01
6354,20240119,6,20,183,2,191.18,0.0,382.36,193.1
6355,20240119,2,27,63,8,636.28,0.0,5090.24,2563.52
6356,20240119,5,4,53,7,658.36,0.0,4608.52,2468.97
6357,20240119,2,21,317,2,392.24,0.0,784.48,429.12
6358,20240119,6,13,343,5,460.51,0.1,2072.3,510.0
6359,20240119,7,12,515,4,884.49,0.0,3537.96,1984.24
6360,20240119,4,1,413,1,545.21,0.0,545.21,234.5
6361,20240119,5,21,314,3,392.24,0.0,1176.72,643.68
6362,20240120,1,22,551,6,453.16,0.0,2718.96,1029.36
6363,20240120,2,5,249,1,98.3,0.1,88.47,32.87
6364,20240120,2,11,565,3,504.67,0.0,1514.01,600.69
6365,20240120,3,16,573,6,706.85,0.1,3816.99,2021.91
6366,20240120,2,12,160,5,884.49,0.1,3980.2,2038.06
6367,20240120,4,8,164,5,272.27,0.05,1293.28,392.53
6368,20240120,3,10,537,4,655.99,0.0,2623.96,1296.32
6369,20240120,1,13,231,1,460.51,0.0,460.51,148.05
6370,20240120,3,10,5,2,655.99,0.0,1311.98,648.16
6371,20240120,3,9,503,3,296.52,0.1,800.6,128.42
6372,20240120,6,28,352,4,609.0,0.0,2436.0,1301.84
6373,20240120,1,22,449,1,453.16,0.0,453.16,171.56
6374,20240120,5,9,351,7,296.52,0.05,1971.86,403.44
6375,20240120,5,30,362,5,83.21,0.0,416.05,114.95
6376,20240120,5,7,327,5,569.53,0.0,2847.65,1551.0
6377,20240120,5,20,373,5,191.18,0.0,955.9,482.75
6378,20240120,1,26,219,3,105.66,0.0,316.98,65.1
6379,20240121,7,24,151,6,249.97,0.0,1499.82,551.52
6380,20240121,2,10,347,2,655.99,0.0,1311.98,648.16
6381,20240121,4,22,5,3,453.16,0.0,1359.48,514.68
6382,20240121,3,11,229,6,504.67,0.0,3028.02,1201.38
6383,20240121,7,12,284,3,884.49,0.0,2653.47,1488.18
6384,20240121,2,12,466,5,884.49,0.0,4422.45,2480.3
6385,20240121,2,7,281,4,569.53,0.0,2278.12,1240.8
6386,20240121,7,1,237,8,545.21,0.0,4361.68,1876.0
6387,20240121,1,25,206,6,387.37,0.0,2324.22,676.68
6388,20240121,5,18,307,2,279.59,0.0,559.18,178.24
6389,20240121,1,26,555,6,105.66,0.1,570.56,66.8
6390,20240121,2,12,79,1,884.49,0.0,884.49,496.06
6391,20240121,3,10,45,5,655.99,0.05,3115.95,1456.4
6392,20240121,4,25,242,8,387.37,0.0,3098.96,902.24
6393,20240121,1,15,335,1,134.22,0.0,134.22,68.28
6394,20240121,5,18,416,6,279.59,0.05,1593.66,450.84
6395,20240121,7,5,85,4,98.3,0.0,393.2,170.8
6396,20240121,1,19,160,6,101.21,0.0,607.26,269.34
6397,20240121,1,9,509,6,296.52,0.05,1690.16,345.8
6398,20240121,3,6,369,4,350.77,0.1,1262.77,656.89
6399,20240121,6,24,255,9,249.97,0.1,2024.76,602.31
6400,20240121,3,20,399,2,191.18,0.05,363.24,173.98
6401,20240121,3,7,113,1,569.53,0.0,569.53,310.2
6402,20240121,7,15,336,2,134.22,0.0,268.44,136.56
6403,20240121,1,30,195,3,83.21,0.0,249.63,68.97
6404,20240121,1,26,101,5,105.66,0.0,528.3,108.5
6405,20240121,3,24,175,2,249.97,0.0,499.94,183.84
6406,20240121,4,16,160,6,706.85,0.0,4241.1,2446.02
6407,20240121,3,17,465,3,224.09,0.0,672.27,271.17
6408,20240121,1,30,387,5,83.21,0.0,416.05,114.95
6409,20240121,5,4,57,8,658.36,0.0,5266.88,2821.68
6410,20240121,4,8,170,8,272.27,0.0,2178.16,736.96
6411,20240122,5,13,590,3,460.51,0.0,1381.53,444.15
6412,20240122,2,6,211,7,350.77,0.0,2455.39,1395.1
6413,20240122,4,30,149,4,83.21,0.0,332.84,91.96
6414,20240122,5,12,391,7,884.49,0.0,6191.43,3472.42
6415,20240122,3,24,236,5,249.97,0.0,1249.85,459.6
6416,20240122,2,8,235,3,272.27,0.0,816.81,276.36
6417,20240122,1,25,190,2,387.37,0.0,774.74,225.56
6418,20240122,4,11,491,3,504.67,0.05,1438.31,524.99
6419,20240122,2,7,80,5,569.53,0.0,2847.65,1551.0
6420,20240122,1,28,150,5,609.0,0.0,3045.0,1627.3
6421,20240122,3,12,161,4,884.49,0.0,3537.96,1984.24
6422,20240122,1,5,360,3,98.3,0.1,265.41,98.61
6423,20240122,6,8,437,6,272.27,0.0,1633.62,552.72
6424,20240122,5,12,486,2,884.49,0.0,1768.98,992.12
6425,20240122,1,8,88,6,272.27,0.0,1633.62,552.72
6426,20240122,4,6,565,7,350.77,0.0,2455.39,1395.1
6427,20240122,1,27,254,5,636.28,0.0,3181.4,1602.2
6428,20240122,7,23,493,5,726.04,0.0,3630.2,1961.5
6429,20240123,1,18,373,1,279.59,0.0,279.59,89.12
6430,20240123,2,4,216,6,658.36,0.1,3555.14,1721.24
6431,20240123,1,26,100,8,105.66,0.0,845.28,173.6
6432,20240123,7,3,388,6,100.1,0.0,600.6,347.4
6433,20240123,7,1,161,8,545.21,0.0,4361.68,1876.0
6434,20240123,2,16,518,1,706.85,0.1,636.17,336.99
6435,20240123,5,10,133,2,655.99,0.0,1311.98,648.16
6436,20240123,5,29,357,6,354.67,0.05,2021.62,904.0
6437,20240123,1,2,399,1,706.19,0.1,635.57,291.42
6438,20240123,5,3,307,3,100.1,0.1,270.27,143.67
6439,20240123,7,19,563,4,101.21,0.0,404.84,179.56
6440,20240123,7,3,278,5,100.1,0.05,475.48,264.47
6441,20240123,1,25,552,1,387.37,0.0,387.37,112.78
6442,20240123,3,16,4,2,706.85,0.0,1413.7,815.34
6443,20240124,2,20,2,8,191.18,0.0,1529.44,772.4
6444,20240124,3,26,262,3,105.66,0.0,316.98,65.1
6445,20240124,7,26,67,2,105.66,0.0,211.32,43.4
6446,20240124,1,20,308,2,191.18,0.0,382.36,193.1
6447,20240124,7,17,106,4,224.09,0.0,896.36,361.56
6448,20240124,4,22,573,1,453.16,0.0,453.16,171.56
6449,20240124,5,5,437,3,98.3,0.0,294.9,128.1
6450,20240124,5,3,83,3,100.1,0.0,300.3,173.7
6451,20240124,4,6,599,6,350.77,0.0,2104.62,1195.8
6452,20240124,3,17,205,6,224.09,0.0,1344.54,542.34
6453,20240124,4,25,412,5,387.37,0.05,1840.01,467.06
6454,20240124,1,4,109,4,658.36,0.0,2633.44,1410.84
6455,20240124,6,30,141,5,83.21,0.0,416.05,114.95
6456,20240124,4,28,492,2,609.0,0.0,1218.0,650.92
6457,20240124,1,29,371,2,354.67,0.0,709.34,336.8
6458,20240125,7,21,404,3,392.24,0.0,1176.72,643.68
6459,20240125,4,21,496,6,392.24,0.0,2353.44,1287.36
6460,20240125,7,18,560,1,279.59,0.0,279.59,89.12
6461,20240125,6,19,530,5,101.21,0.0,506.05,224.45
6462,20240125,2,21,152,3,392.24,0.0,1176.72,643.68
6463,20240125,6,20,492,3,191.18,0.0,573.54,289.65
6464,20240125,5,8,281,4,272.27,0.0,1089.08,368.48
6465,20240125,2,2,131,5,706.19,0.0,3530.95,1810.2
6466,20240125,1,6,415,1,350.77,0.0,350.77,199.3
6467,20240125,2,12,224,1,884.49,0.0,884.49,496.06
6468,20240125,7,27,422,8,636.28,0.0,5090.24,2563.52
6469,20240125,6,22,142,6,453.16,0.0,2718.96,1029.36
6470,20240125,2,20,160,1,191.18,0.0,191.18,96.55
6471,20240125,2,10,247,3,655.99,0.05,1869.57,873.84
6472,20240125,1,13,299,5,460.51,0.0,2302.55,740.25
6473,20240125,5,13,243,4,460.51,0.1,1657.84,408.0
6474,20240126,1,23,126,1,726.04,0.0,726.04,392.3
6475,20240126,4,19,454,3,101.21,0.0,303.63,134.67
6476,20240126,6,9,586,3,296.52,0.0,889.56,217.38
6477,20240126,5,15,525,2,134.22,0.0,268.44,136.56
6478,20240126,4,15,415,2,134.22,0.0,268.44,136.56
6479,20240126,1,6,11,3,350.77,0.0,1052.31,597.9
6480,20240126,7,3,288,5,100.1,0.05,475.48,264.47
6481,20240126,6,29,112,6,354.67,0.0,2128.02,1010.4
6482,20240126,2,21,187,7,392.24,0.05,2608.4,1364.64
6483,20240126,5,28,231,2,609.0,0.0,1218.0,650.92
6484,20240126,1,19,237,3,101.21,0.1,273.27,104.31
6485,20240126,2,1,206,7,545.21,0.0,3816.47,1641.5
6486,20240127,4,5,236,7,98.3,0.0,688.1,298.9
6487,20240127,7,2,387,2,706.19,0.0,1412.38,724.08
6488,20240127,3,17,135,3,224.09,0.05,638.66,237.56
6489,20240127,1,23,228,7,726.04,0.0,5082.28,2746.1
6490,20240127,7,17,20,6,224.09,0.0,1344.54,542.34
6491,20240127,3,26,89,5,105.66,0.0,528.3,108.5
6492,20240127,3,25,218,1,387.37,0.0,387.37,112.78
6493,20240127,7,15,567,5,134.22,0.0,671.1,341.4
6494,20240127,7,9,310,1,296.52,0.0,296.52,72.46
6495,20240127,3,23,474,3,726.04,0.0,2178.12,1176.9
6496,20240127,2,28,489,7,609.0,0.0,4263.0,2278.22
6497,20240127,4,9,267,3,296.52,0.0,889.56,217.38
6498,20240127,6,4,404,6,658.36,0.1,3555.14,1721.24
6499,20240127,3,27,139,1,636.28,0.0,636.28,320.44
6500,20240127,5,12,290,2,884.49,0.0,1768.98,992.12
6501,20240127,4,20,77,4,191.18,0.0,764.72,386.2
6502,20240128,3,4,245,5,658.36,0.0,3291.8,1763.55
6503,20240128,4,12,355,2,884.49,0.0,1768.98,992.12
6504,20240128,7,11,573,5,504.67,0.0,2523.35,1001.15
6505,20240128,6,25,336,3,387.37,0.0,1162.11,338.34
6506,20240128,1,25,36,3,387.37,0.0,1162.11,338.34
6507,20240128,6,9,563,7,296.52,0.0,2075.64,507.22
6508,20240128,1,27,249,3,636.28,0.0,1908.84,961.32
6509,20240128,2,2,536,6,706.19,0.0,4237.14,2172.24
6510,20240128,6,18,323,4,279.59,0.0,1118.36,356.48
6511,20240128,5,18,509,7,279.59,0.0,1957.13,623.84
6512,20240128,6,18,597,6,279.59,0.0,1677.54,534.72
6513,20240128,1,16,178,3,706.85,0.0,2120.55,1223.01
6514,20240128,4,2,195,3,706.19,0.05,2012.64,980.19
6515,20240128,1,17,515,8,224.09,0.0,1792.72,723.12
6516,20240128,2,22,490,7,453.16,0.0,3172.12,1200.92
6517,20240128,2,3,123,5,100.1,0.0,500.5,289.5
6518,20240128,3,21,318,3,392.24,0.0,1176.72,643.68
6519,20240128,5,11,272,7,504.67,0.0,3532.69,1401.61
6520,20240128,1,18,125,4,279.59,0.2,894.69,132.81
6521,20240128,1,30,291,1,83.21,0.0,83.21,22.99
6522,20240128,7,7,504,1,569.53,0.0,569.53,310.2
6523,20240128,3,30,146,6,83.21,0.0,499.26,137.94
6524,20240128,4,15,84,5,134.22,0.0,671.1,341.4
6525,20240129,1,8,208,5,272.27,0.05,1293.28,392.53
6526,20240129,6,28,205,1,609.0,0.1,548.1,264.56
6527,20240129,1,13,52,2,460.51,0.0,921.02,296.1
6528,20240129,2,1,359,2,545.21,0.1,981.38,359.96
6529,20240129,2,13,581,3,460.51,0.0,1381.53,444.15
6530,20240129,6,13,70,2,460.51,0.1,828.92,204.0
6531,20240129,5,4,578,6,658.36,0.0,3950.16,2116.26
6532,20240129,7,2,392,6,706.19,0.0,4237.14,2172.24
6533,20240129,4,23,79,5,726.04,0.0,3630.2,1961.5
6534,20240129,3,22,257,3,453.16,0.0,1359.48,514.68
6535,20240129,5,19,61,8,101.21,0.0,809.68,359.12
6536,20240129,1,18,545,3,279.59,0.0,838.77,267.36
6537,20240129,1,20,262,3,191.18,0.05,544.86,260.97
6538,20240129,1,21,163,6,392.24,0.1,2118.1,1052.02
6539,20240129,4,29,542,2,354.67,0.0,709.34,336.8
6540,20240129,4,10,582,5,655.99,0.0,3279.95,1620.4
6541,20240129,5,25,269,7,387.37,0.0,2711.59,789.46
6542,20240129,2,16,157,2,706.85,0.0,1413.7,815.34
6543,20240129,2,27,315,3,636.28,0.0,1908.84,961.32
6544,20240130,4,5,64,3,98.3,0.05,280.15,113.35
6545,20240130,2,16,285,3,706.85,0.0,2120.55,1223.01
6546,20240130,4,5,339,7,98.3,0.0,688.1,298.9
6547,20240130,5,2,209,8,706.19,0.0,5649.52,2896.32
6548,20240130,4,22,110,4,453.16,0.0,1812.64,686.24
6549,20240130,5,9,197,1,296.52,0.0,296.52,72.46
6550,20240130,6,16,197,3,706.85,0.0,2120.55,1223.01
6551,20240130,1,25,148,2,387.37,0.1,697.27,148.09
6552,20240130,3,20,364,2,191.18,0.0,382.36,193.1
6553,20240130,4,1,424,3,545.21,0.0,1635.63,703.5
6554,20240130,4,8,462,1,272.27,0.0,272.27,92.12
6555,20240130,2,9,566,3,296.52,0.0,889.56,217.38
6556,20240130,1,20,562,1,191.18,0.0,191.18,96.55
6557,20240130,5,28,48,3,609.0,0.0,1827.0,976.38
6558,20240130,2,5,515,1,98.3,0.0,98.3,42.7
6559,20240131,7,3,522,4,100.1,0.0,400.4,231.6
6560,20240131,6,26,16,1,105.66,0.0,105.66,21.7
6561,20240131,1,16,89,8,706.85,0.0,5654.8,3261.36
6562,20240131,1,17,242,3,224.09,0.0,672.27,271.17
6563,20240131,1,15,336,3,134.22,0.0,402.66,204.84
6564,20240131,3,26,240,5,105.66,0.0,528.3,108.5
6565,20240131,6,26,399,4,105.66,0.0,422.64,86.8
6566,20240131,3,6,235,5,350.77,0.1,1578.46,821.11
6567,20240131,1,8,444,5,272.27,0.0,1361.35,460.6
6568,20240131,1,8,92,4,272.27,0.1,980.17,259.57
6569,20240201,4,5,415,1,98.3,0.0,98.3,42.7
6570,20240201,2,6,196,4,350.77,0.05,1332.93,727.05
6571,20240201,2,9,166,2,296.52,0.0,593.04,144.92
6572,20240201,3,19,480,4,101.21,0.0,404.84,179.56
6573,20240201,3,15,33,1,134.22,0.0,134.22,68.28
6574,20240201,3,28,528,1,609.0,0.0,609.0,325.46
6575,20240201,1,6,237,1,350.77,0.0,350.77,199.3
6576,20240201,4,19,76,1,101.21,0.0,101.21,44.89
6577,20240201,1,14,183,1,246.23,0.1,221.61,32.26
6578,20240201,1,9,320,1,296.52,0.2,237.22,13.16
6579,20240201,3,12,64,3,884.49,0.2,2122.78,957.49
6580,20240201,4,2,598,4,706.19,0.0,2824.76,1448.16
6581,20240201,4,3,462,4,100.1,0.0,400.4,231.6
6582,20240201,2,9,75,3,296.52,0.0,889.56,217.38
6583,20240201,1,14,35,3,246.23,0.0,738.69,170.64
6584,20240201,7,19,279,2,101.21,0.0,202.42,89.78
6585,20240201,5,14,255,1,246.23,0.0,246.23,56.88
6586,20240201,1,10,559,2,655.99,0.0,1311.98,648.16
6587,20240201,1,3,274,3,100.1,0.0,300.3,173.7
6588,20240201,4,3,476,4,100.1,0.0,400.4,231.6
6589,20240201,7,4,242,2,658.36,0.0,1316.72,705.42
6590,20240202,7,24,376,2,249.97,0.0,499.94,183.84
6591,20240202,7,23,412,1,726.04,0.0,726.04,392.3
6592,20240202,5,29,160,2,354.67,0.05,673.87,301.33
6593,20240202,5,2,45,3,706.19,0.0,2118.57,1086.12
6594,20240202,5,6,473,2,350.77,0.0,701.54,398.6
6595,20240202,4,5,500,2,98.3,0.0,196.6,85.4
6596,20240202,2,22,500,2,453.16,0.0,906.32,343.12
6597,20240202,2,13,35,3,460.51,0.0,1381.53,444.15
6598,20240202,6,30,497,1,83.21,0.0,83.21,22.99
6599,20240202,5,20,553,3,191.18,0.0,573.54,289.65
6600,20240202,4,13,31,2,460.51,0.0,921.02,296.1
6601,20240202,1,14,391,2,246.23,0.0,492.46,113.76
6602,20240202,4,11,51,2,504.67,0.0,1009.34,400.46
6603,20240202,6,29,203,1,354.67,0.0,354.67,168.4
6604,20240202,1,25,250,2,387.37,0.0,774.74,225.56
6605,20240202,5,12,160,2,884.49,0.0,1768.98,992.12
6606,20240202,6,29,250,1,354.67,0.0,354.67,168.4
6607,20240203,1,23,224,2,726.04,0.0,1452.08,784.6
6608,20240203,5,4,558,1,658.36,0.0,658.36,352.71
6609,20240203,2,18,144,2,279.59,0.0,559.18,178.24
6610,20240203,1,27,242,1,636.28,0.0,636.28,320.44
6611,20240203,2,3,117,2,100.1,0.1,180.18,95.78
6612,20240203,2,7,7,2,569.53,0.0,1139.06,620.4
6613,20240203,6,8,506,4,272.27,0.0,1089.08,368.48
6614,20240203,7,10,364,5,655.99,0.0,3279.95,1620.4
6615,20240203,7,5,5,1,98.3,0.0,98.3,42.7
6616,20240203,6,27,596,3,636.28,0.0,1908.84,961.32
6617,20240203,3,5,134,2,98.3,0.0,196.6,85.4
6618,20240204,2,18,490,3,279.59,0.0,838.77,267.36
6619,20240204,6,27,598,2,636.28,0.1,1145.3,513.62
6620,20240204,2,22,63,1,453.16,0.0,453.16,171.56
6621,20240204,4,1,484,5,545.21,0.2,2180.84,627.29
6622,20240204,4,5,126,1,98.3,0.0,98.3,42.7
6623,20240204,3,10,244,2,655.99,0.0,1311.98,648.16
6624,20240204,1,17,291,4,224.09,0.05,851.54,316.74
6625,20240204,5,19,20,4,101.21,0.0,404.84,179.56
6626,20240204,6,21,61,1,392.24,0.0,392.24,214.56
6627,20240204,6,15,66,4,134.22,0.0,536.88,273.12
6628,20240204,1,7,268,1,569.53,0.0,569.53,310.2
6629,20240204,5,16,10,3,706.85,0.0,2120.55,1223.01
6630,20240204,2,4,400,3,658.36,0.1,1777.57,860.62
6631,20240205,5,27,577,1,636.28,0.1,572.65,256.81
6632,20240205,1,6,523,5,350.77,0.0,1753.85,996.5
6633,20240205,7,7,536,2,569.53,0.0,1139.06,620.4
6634,20240205,6,30,467,2,83.21,0.0,166.42,45.98
6635,20240205,2,29,137,4,354.67,0.0,1418.68,673.6
6636,20240205,7,4,513,1,658.36,0.0,658.36,352.71
6637,20240205,4,6,465,3,350.77,0.0,1052.31,597.9
6638,20240205,1,19,212,2,101.21,0.0,202.42,89.78
6639,20240205,7,16,205,2,706.85,0.0,1413.7,815.34
6640,20240205,6,25,178,3,387.37,0.0,1162.11,338.34
6641,20240205,4,15,149,2,134.22,0.0,268.44,136.56
6642,20240205,3,17,589,3,224.09,0.1,605.04,203.94
6643,20240205,1,11,162,4,504.67,0.1,1816.81,599.05
6644,20240205,7,11,499,3,504.67,0.0,1514.01,600.69
6645,20240205,1,6,201,2,350.77,0.0,701.54,398.6
6646,20240205,2,10,359,4,655.99,0.0,2623.96,1296.32
6647,20240205,4,5,531,5,98.3,0.0,491.5,213.5
6648,20240205,6,28,195,4,609.0,0.0,2436.0,1301.84
6649,20240205,2,9,141,4,296.52,0.0,1186.08,289.84
6650,20240205,6,24,459,1,249.97,0.0,249.97,91.92
6651,20240206,4,16,326,2,706.85,0.0,1413.7,815.34
6652,20240206,7,8,93,1,272.27,0.05,258.66,78.51
6653,20240206,4,30,336,2,83.21,0.0,166.42,45.98
6654,20240206,2,2,151,2,706.19,0.0,1412.38,724.08
6655,20240206,6,3,183,4,100.1,0.0,400.4,231.6
6656,20240206,7,8,586,3,272.27,0.0,816.81,276.36
6657,20240206,7,9,505,4,296.52,0.0,1186.08,289.84
6658,20240206,2,8,453,4,272.27,0.0,1089.08,368.48
6659,20240206,1,11,23,1,504.67,0.0,504.67,200.23
6660,20240206,2,10,137,3,655.99,0.0,1967.97,972.24
6661,20240206,1,21,35,3,392.24,0.0,1176.72,643.68
6662,20240206,4,11,557,1,504.67,0.0,504.67,200.23
6663,20240206,2,10,558,1,655.99,0.0,655.99,324.08
6664,20240206,1,2,580,1,706.19,0.0,706.19,362.04
6665,20240206,5,13,119,1,460.51,0.0,460.51,148.05
6666,20240206,1,11,596,3,504.67,0.0,1514.01,600.69
6667,20240206,2,3,595,4,100.1,0.2,320.32,151.52
6668,20240206,6,13,323,2,460.51,0.0,921.02,296.1
6669,20240206,3,20,460,4,191.18,0.05,726.48,347.96
6670,20240206,7,22,526,2,453.16,0.0,906.32,343.12
6671,20240207,4,16,125,2,706.85,0.0,1413.7,815.34
6672,20240207,7,1,151,3,545.21,0.0,1635.63,703.5
6673,20240207,5,21,118,2,392.24,0.0,784.48,429.12
6674,20240207,5,26,590,1,105.66,0.0,105.66,21.7
6675,20240207,1,3,37,2,100.1,0.05,190.19,105.79
6676,20240207,5,16,176,2,706.85,0.0,1413.7,815.34
6677,20240207,1,26,238,1,105.66,0.05,100.38,16.42
6678,20240207,2,7,8,2,569.53,0.0,1139.06,620.4
6679,20240207,6,24,70,1,249.97,0.0,249.97,91.92
6680,20240207,6,5,479,3,98.3,0.1,265.41,98.61
6681,20240207,3,2,539,3,706.19,0.0,2118.57,1086.12
6682,20240207,4,30,575,4,83.21,0.05,316.2,75.32
6683,20240207,7,26,437,3,105.66,0.05,301.13,49.25
6684,20240207,6,4,54,3,658.36,0.05,1876.33,959.38
6685,20240208,2,11,263,1,504.67,0.0,504.67,200.23
6686,20240208,2,10,552,2,655.99,0.0,1311.98,648.16
6687,20240208,6,3,176,2,100.1,0.0,200.2,115.8
6688,20240208,6,10,417,2,655.99,0.0,1311.98,648.16
6689,20240208,1,11,450,3,504.67,0.0,1514.01,600.69
6690,20240208,2,5,511,3,98.3,0.0,294.9,128.1
6691,20240208,3,11,589,2,504.67,0.0,1009.34,400.46
6692,20240208,4,6,597,4,350.77,0.0,1403.08,797.2
6693,20240208,4,1,438,2,545.21,0.0,1090.42,469.0
6694,20240208,4,29,595,2,354.67,0.0,709.34,336.8
6695,20240208,1,11,489,2,504.67,0.0,1009.34,400.46
6696,20240208,6,17,534,3,224.09,0.0,672.27,271.17
6697,20240208,2,21,594,3,392.24,0.0,1176.72,643.68
6698,20240208,7,4,181,4,658.36,0.0,2633.44,1410.84
6699,20240208,6,20,411,4,191.18,0.0,764.72,386.2
6700,20240208,2,29,237,1,354.67,0.0,354.67,168.4
6701,20240208,1,19,597,3,101.21,0.0,303.63,134.67
6702,20240208,7,14,32,2,246.23,0.0,492.46,113.76
6703,20240208,7,7,100,2,569.53,0.0,1139.06,620.4
6704,20240208,2,5,372,4,98.3,0.0,393.2,170.8
6705,20240209,1,5,118,3,98.3,0.05,280.15,113.35
6706,20240209,1,3,123,1,100.1,0.0,100.1,57.9
6707,20240209,5,2,332,2,706.19,0.0,1412.38,724.08
6708,20240209,3,29,266,1,354.67,0.05,336.94,150.67
6709,20240209,6,10,35,1,655.99,0.0,655.99,324.08
6710,20240209,6,16,412,5,706.85,0.0,3534.25,2038.35
6711,20240209,5,14,575,1,246.23,0.0,246.23,56.88
6712,20240209,1,20,316,4,191.18,0.0,764.72,386.2
6713,20240209,2,16,55,1,706.85,0.0,706.85,407.67
6714,20240209,7,17,318,2,224.09,0.0,448.18,180.78
6715,20240209,4,16,187,3,706.85,0.0,2120.55,1223.01
6716,20240209,6,16,16,3,706.85,0.0,2120.55,1223.01
6717,20240209,4,9,423,1,296.52,0.0,296.52,72.46
6718,20240209,4,6,293,1,350.77,0.0,350.77,199.3
6719,20240209,6,16,571,1,706.85,0.0,706.85,407.67
6720,20240209,6,18,369,5,279.59,0.2,1118.36,166.01
6721,20240209,3,16,423,1,706.85,0.0,706.85,407.67
6722,20240209,1,19,435,1,101.21,0.0,101.21,44.89
6723,20240210,3,17,284,2,224.09,0.05,425.77,158.37
6724,20240210,1,19,340,3,101.21,0.0,303.63,134.67
6725,20240210,7,24,258,1,249.97,0.0,249.97,91.92
6726,20240210,4,3,434,2,100.1,0.0,200.2,115.8
6727,20240210,5,16,298,4,706.85,0.0,2827.4,1630.68
6728,20240210,4,6,282,5,350.77,0.0,1753.85,996.5
6729,20240210,2,17,348,1,224.09,0.05,212.89,79.19
6730,20240210,5,12,166,2,884.49,0.05,1680.53,903.67
6731,20240210,4,25,97,1,387.37,0.0,387.37,112.78
6732,20240210,5,28,401,4,609.0,0.0,2436.0,1301.84
6733,20240210,4,3,530,3,100.1,0.0,300.3,173.7
6734,20240210,4,15,164,3,134.22,0.0,402.66,204.84
6735,20240210,6,1,380,1,545.21,0.0,545.21,234.5
6736,20240210,1,9,119,2,296.52,0.0,593.04,144.92
6737,20240210,1,21,13,3,392.24,0.0,1176.72,643.68
6738,20240210,5,26,297,1,105.66,0.0,105.66,21.7
6739,20240211,4,10,207,1,655.99,0.0,655.99,324.08
6740,20240211,3,26,584,1,105.66,0.1,95.09,11.13
6741,20240211,4,18,413,3,279.59,0.0,838.77,267.36
6742,20240211,4,21,6,2,392.24,0.0,784.48,429.12
6743,20240211,7,2,492,4,706.19,0.0,2824.76,1448.16
6744,20240211,3,15,479,2,134.22,0.0,268.44,136.56
6745,20240211,3,3,100,1,100.1,0.05,95.09,52.89
6746,20240211,2,4,401,4,658.36,0.0,2633.44,1410.84
6747,20240211,2,2,249,3,706.19,0.05,2012.64,980.19
6748,20240211,5,14,476,3,246.23,0.0,738.69,170.64
6749,20240211,2,13,360,1,460.51,0.0,460.51,148.05
6750,20240211,4,17,312,3,224.09,0.0,672.27,271.17
6751,20240211,7,13,382,2,460.51,0.0,921.02,296.1
6752,20240211,2,16,280,1,706.85,0.0,706.85,407.67
6753,20240211,2,17,266,4,224.09,0.0,896.36,361.56
6754,20240211,2,28,538,1,609.0,0.0,609.0,325.46
6755,20240212,1,29,448,2,354.67,0.1,638.41,265.87
6756,20240212,5,2,450,4,706.19,0.05,2683.52,1306.92
6757,20240212,2,23,339,1,726.04,0.1,653.44,319.7
6758,20240212,7,5,248,3,98.3,0.0,294.9,128.1
6759,20240212,3,10,112,2,655.99,0.0,1311.98,648.16
6760,20240212,1,7,81,3,569.53,0.0,1708.59,930.6
6761,20240212,1,6,356,3,350.77,0.1,947.08,492.67
6762,20240212,2,26,451,4,105.66,0.0,422.64,86.8
6763,20240212,3,15,58,3,134.22,0.0,402.66,204.84
6764,20240212,7,7,47,3,569.53,0.05,1623.16,845.17
6765,20240212,4,29,96,2,354.67,0.1,638.41,265.87
6766,20240212,1,12,528,3,884.49,0.0,2653.47,1488.18
6767,20240212,6,4,185,2,658.36,0.0,1316.72,705.42
6768,20240212,5,27,14,1,636.28,0.0,636.28,320.44
6769,20240212,4,26,473,1,105.66,0.0,105.66,21.7
6770,20240212,5,7,347,1,569.53,0.0,569.53,310.2
6771,20240212,2,21,143,3,392.24,0.1,1059.05,526.01
6772,20240212,7,23,139,3,726.04,0.0,2178.12,1176.9
6773,20240212,2,19,581,3,101.21,0.0,303.63,134.67
6774,20240212,4,14,458,2,246.23,0.0,492.46,113.76
6775,20240213,1,6,238,1,350.77,0.05,333.23,181.76
6776,20240213,4,8,405,1,272.27,0.0,272.27,92.12
6777,20240213,5,3,515,3,100.1,0.0,300.3,173.7
6778,20240213,2,21,190,4,392.24,0.05,1490.51,779.79
6779,20240213,4,11,557,5,504.67,0.05,2397.18,874.98
6780,20240213,2,6,385,3,350.77,0.05,999.69,545.28
6781,20240213,1,30,51,1,83.21,0.0,83.21,22.99
6782,20240213,2,10,150,4,655.99,0.0,2623.96,1296.32
6783,20240213,1,29,559,4,354.67,0.0,1418.68,673.6
6784,20240213,5,13,556,1,460.51,0.0,460.51,148.05
6785,20240213,5,18,91,2,279.59,0.0,559.18,178.24
6786,20240213,4,8,15,4,272.27,0.0,1089.08,368.48
6787,20240214,7,30,480,4,83.21,0.0,332.84,91.96
6788,20240214,6,3,138,1,100.1,0.0,100.1,57.9
6789,20240214,3,22,531,3,453.16,0.0,1359.48,514.68
6790,20240214,1,20,599,4,191.18,0.0,764.72,386.2
6791,20240214,6,11,593,2,504.67,0.0,1009.34,400.46
6792,20240214,3,6,485,1,350.77,0.0,350.77,199.3
6793,20240214,6,7,114,1,569.53,0.0,569.53,310.2
6794,20240214,7,22,494,2,453.16,0.1,815.69,252.49
6795,20240214,3,27,411,1,636.28,0.05,604.47,288.63
6796,20240214,6,19,309,3,101.21,0.0,303.63,134.67
6797,20240214,3,29,15,4,354.67,0.1,1276.81,531.73
6798,20240214,1,2,174,2,706.19,0.0,1412.38,724.08
6799,20240214,6,10,107,5,655.99,0.0,3279.95,1620.4
6800,20240214,2,8,565,3,272.27,0.0,816.81,276.36
6801,20240215,6,30,154,1,83.21,0.0,83.21,22.99
6802,20240215,7,2,396,4,706.19,0.0,2824.76,1448.16
6803,20240215,7,20,223,1,191.18,0.0,191.18,96.55
6804,20240215,4,11,350,1,504.67,0.0,504.67,200.23
6805,20240215,2,23,543,2,726.04,0.05,1379.48,712.0
6806,20240215,5,19,552,3,101.21,0.2,242.9,73.94
6807,20240215,4,15,104,2,134.22,0.0,268.44,136.56
6808,20240215,4,6,293,2,350.77,0.0,701.54,398.6
6809,20240215,4,7,451,1,569.53,0.0,569.53,310.2
6810,20240215,3,27,199,2,636.28,0.0,1272.56,640.88
6811,20240215,1,20,81,4,191.18,0.0,764.72,386.2
6812,20240215,2,6,133,2,350.77,0.0,701.54,398.6
6813,20240215,1,15,242,1,134.22,0.0,134.22,68.28
6814,20240215,1,25,370,1,387.37,0.05,368.0,93.41
6815,20240215,3,17,434,2,224.09,0.0,448.18,180.78
6816,20240215,1,25,91,1,387.37,0.0,387.37,112.78
6817,20240215,1,13,114,3,460.51,0.0,1381.53,444.15
6818,20240215,1,5,20,1,98.3,0.0,98.3,42.7
6819,20240215,5,9,515,2,296.52,0.05,563.39,115.27
6820,20240216,1,18,55,1,279.59,0.0,279.59,89.12
6821,20240216,5,4,11,3,658.36,0.0,1975.08,1058.13
6822,20240216,3,11,81,2,504.67,0.0,1009.34,400.46
6823,20240216,3,22,209,2,453.16,0.2,725.06,161.86
6824,20240216,4,23,404,1,726.04,0.05,689.74,356.0
6825,20240216,4,19,326,3,101.21,0.0,303.63,134.67
6826,20240216,6,5,246,2,98.3,0.0,196.6,85.4
6827,20240216,3,15,473,5,134.22,0.0,671.1,341.4
6828,20240216,7,20,65,5,191.18,0.05,908.1,434.96
6829,20240216,1,10,173,4,655.99,0.0,2623.96,1296.32
6830,20240216,1,26,435,3,105.66,0.0,316.98,65.1
6831,20240216,1,22,337,2,453.16,0.05,861.0,297.8
6832,20240216,2,11,102,4,504.67,0.0,2018.68,800.92
6833,20240216,4,6,411,3,350.77,0.0,1052.31,597.9
6834,20240216,7,26,537,4,105.66,0.0,422.64,86.8
6835,20240216,6,1,231,1,545.21,0.0,545.21,234.5
6836,20240216,1,11,438,3,504.67,0.0,1514.01,600.69
6837,20240216,3,9,153,1,296.52,0.0,296.52,72.46
6838,20240216,1,5,510,1,98.3,0.0,98.3,42.7
6839,20240217,6,29,558,2,354.67,0.1,638.41,265.87
6840,20240217,1,13,532,2,460.51,0.05,874.97,250.05
6841,20240217,6,13,471,4,460.51,0.0,1842.04,592.2
6842,20240217,1,10,483,2,655.99,0.0,1311.98,648.16
6843,20240217,3,22,576,1,453.16,0.05,430.5,148.9
6844,20240217,4,5,331,1,98.3,0.0,98.3,42.7
6845,20240217,6,9,282,1,296.52,0.0,296.52,72.46
6846,20240217,6,15,590,2,134.22,0.0,268.44,136.56
6847,20240217,1,5,294,3,98.3,0.0,294.9,128.1
6848,20240217,4,8,211,4,272.27,0.0,1089.08,368.48
6849,20240217,1,22,417,1,453.16,0.0,453.16,171.56
6850,20240217,6,24,537,2,249.97,0.0,499.94,183.84
6851,20240217,1,11,354,3,504.67,0.0,1514.01,600.69
6852,20240217,2,12,439,1,884.49,0.0,884.49,496.06
6853,20240217,5,20,96,4,191.18,0.0,764.72,386.2
6854,20240218,1,26,10,1,105.66,0.05,100.38,16.42
6855,20240218,3,14,119,2,246.23,0.0,492.46,113.76
6856,20240218,5,7,361,2,569.53,0.0,1139.06,620.4
6857,20240218,6,7,1,1,569.53,0.0,569.53,310.2
6858,20240218,1,19,471,1,101.21,0.0,101.21,44.89
6859,20240218,1,19,30,2,101.21,0.0,202.42,89.78
6860,20240218,6,2,361,2,706.19,0.0,1412.38,724.08
6861,20240218,6,27,134,2,636.28,0.0,1272.56,640.88
6862,20240218,1,2,32,1,706.19,0.1,635.57,291.42
6863,20240218,3,12,284,3,884.49,0.2,2122.78,957.49
6864,20240218,4,19,553,2,101.21,0.0,202.42,89.78
6865,20240218,6,2,494,2,706.19,0.0,1412.38,724.08
6866,20240218,7,26,64,1,105.66,0.1,95.09,11.13
6867,20240218,4,29,25,3,354.67,0.0,1064.01,505.2
6868,20240218,4,23,200,3,726.04,0.0,2178.12,1176.9
6869,20240219,6,8,504,3,272.27,0.1,735.13,194.68
6870,20240219,1,28,573,1,609.0,0.0,609.0,325.46
6871,20240219,3,1,132,3,545.21,0.0,1635.63,703.5
6872,20240219,2,11,30,2,504.67,0.0,1009.34,400.46
6873,20240219,3,2,257,3,706.19,0.0,2118.57,1086.12
6874,20240219,1,17,500,4,224.09,0.0,896.36,361.56
6875,20240219,2,10,398,2,655.99,0.0,1311.98,648.16
6876,20240219,1,30,303,1,83.21,0.0,83.21,22.99
6877,20240219,3,4,253,2,658.36,0.0,1316.72,705.42
6878,20240219,5,22,394,1,453.16,0.0,453.16,171.56
6879,20240219,6,27,561,2,636.28,0.0,1272.56,640.88
6880,20240219,3,10,524,4,655.99,0.0,2623.96,1296.32
6881,20240219,4,6,415,1,350.77,0.0,350.77,199.3
6882,20240219,4,7,15,4,569.53,0.0,2278.12,1240.8
6883,20240219,1,1,327,3,545.21,0.0,1635.63,703.5
6884,20240219,2,12,223,3,884.49,0.1,2388.12,1222.83
6885,20240219,4,4,94,2,658.36,0.0,1316.72,705.42
6886,20240219,1,13,324,3,460.51,0.0,1381.53,444.15
6887,20240219,3,30,328,2,83.21,0.0,166.42,45.98
6888,20240219,6,17,554,1,224.09,0.0,224.09,90.39
6889,20240220,7,21,11,2,392.24,0.0,784.48,429.12
6890,20240220,1,23,202,3,726.04,0.0,2178.12,1176.9
6891,20240220,3,19,33,3,101.21,0.1,273.27,104.31
6892,20240220,6,3,591,3,100.1,0.0,300.3,173.7
6893,20240220,1,22,401,4,453.16,0.0,1812.64,686.24
6894,20240220,5,22,185,3,453.16,0.05,1291.51,446.71
6895,20240220,3,23,464,4,726.04,0.0,2904.16,1569.2
6896,20240220,4,4,585,1,658.36,0.0,658.36,352.71
6897,20240220,3,1,271,2,545.21,0.0,1090.42,469.0
6898,20240220,2,4,466,1,658.36,0.0,658.36,352.71
6899,20240220,3,21,501,2,392.24,0.0,784.48,429.12
6900,20240220,3,13,96,4,460.51,0.0,1842.04,592.2
6901,20240220,2,24,301,1,249.97,0.0,249.97,91.92
6902,20240220,5,13,180,2,460.51,0.2,736.82,111.9
6903,20240220,2,10,295,2,655.99,0.0,1311.98,648.16
6904,20240221,6,4,22,3,658.36,0.0,1975.08,1058.13
6905,20240221,7,22,280,3,453.16,0.0,1359.48,514.68
6906,20240221,4,23,410,2,726.04,0.0,1452.08,784.6
6907,20240221,2,26,459,2,105.66,0.0,211.32,43.4
6908,20240221,1,30,154,3,83.21,0.0,249.63,68.97
6909,20240221,2,10,240,3,655.99,0.05,1869.57,873.84
6910,20240221,4,28,387,2,609.0,0.0,1218.0,650.92
6911,20240221,1,8,273,1,272.27,0.0,272.27,92.12
6912,20240221,1,18,568,1,279.59,0.1,251.63,61.16
6913,20240221,4,19,76,5,101.21,0.05,480.75,199.15
6914,20240221,6,9,444,3,296.52,0.0,889.56,217.38
6915,20240221,4,29,419,3,354.67,0.05,1010.81,452.0
6916,20240221,2,15,505,1,134.22,0.05,127.51,61.57
6917,20240221,4,11,139,4,504.67,0.0,2018.68,800.92
6918,20240221,1,15,498,3,134.22,0.0,402.66,204.84
6919,20240221,1,25,594,2,387.37,0.0,774.74,225.56
6920,20240221,5,20,31,2,191.18,0.0,382.36,193.1
6921,20240222,1,1,144,1,545.21,0.0,545.21,234.5
6922,20240222,7,28,455,4,609.0,0.0,2436.0,1301.84
6923,20240222,6,22,565,1,453.16,0.0,453.16,171.56
6924,20240222,4,19,197,3,101.21,0.0,303.63,134.67
6925,20240222,4,25,482,2,387.37,0.0,774.74,225.56
6926,20240222,2,2,479,3,706.19,0.1,1906.71,874.26
6927,20240222,1,13,163,2,460.51,0.0,921.02,296.1
6928,20240222,7,11,372,2,504.67,0.0,1009.34,400.46
6929,20240222,2,8,551,5,272.27,0.0,1361.35,460.6
6930,20240222,1,1,319,2,545.21,0.0,1090.42,469.0
6931,20240222,6,15,59,1,134.22,0.0,134.22,68.28
6932,20240222,3,6,240,2,350.77,0.0,701.54,398.6
6933,20240222,2,5,223,3,98.3,0.0,294.9,128.1
6934,20240222,5,19,119,1,101.21,0.0,101.21,44.89
6935,20240222,3,5,567,1,98.3,0.0,98.3,42.7
6936,20240222,6,20,379,3,191.18,0.0,573.54,289.65
6937,20240222,3,15,521,3,134.22,0.1,362.39,164.57
6938,20240222,2,19,162,1,101.21,0.05,96.15,39.83
6939,20240223,7,30,218,1,83.21,0.0,83.21,22.99
6940,20240223,2,7,108,1,569.53,0.0,569.53,310.2
6941,20240223,4,26,308,2,105.66,0.0,211.32,43.4
6942,20240223,4,10,474,2,655.99,0.05,1246.38,582.56
6943,20240223,6,9,100,3,296.52,0.0,889.56,217.38
6944,20240223,1,23,524,1,726.04,0.0,726.04,392.3
6945,20240223,2,25,428,3,387.37,0.0,1162.11,338.34
6946,20240223,7,28,1,1,609.0,0.0,609.0,325.46
6947,20240223,4,9,370,3,296.52,0.0,889.56,217.38
6948,20240223,6,15,392,3,134.22,0.05,382.53,184.71
6949,20240223,2,21,423,3,392.24,0.0,1176.72,643.68
6950,20240223,1,30,220,2,83.21,0.05,158.1,37.66
6951,20240223,2,21,346,2,392.24,0.0,784.48,429.12
6952,20240223,5,19,497,2,101.21,0.2,161.94,49.3
6953,20240223,6,1,590,3,545.21,0.0,1635.63,703.5
6954,20240223,4,23,55,3,726.04,0.0,2178.12,1176.9
6955,20240223,1,24,117,3,249.97,0.0,749.91,275.76
6956,20240224,1,29,445,2,354.67,0.0,709.34,336.8
6957,20240224,1,20,57,1,191.18,0.0,191.18,96.55
6958,20240224,1,13,246,1,460.51,0.0,460.51,148.05
6959,20240224,1,20,34,3,191.18,0.0,573.54,289.65
6960,20240224,2,25,539,2,387.37,0.0,774.74,225.56
6961,20240224,3,30,552,3,83.21,0.0,249.63,68.97
6962,20240224,1,29,74,4,354.67,0.0,1418.68,673.6
6963,20240224,1,6,54,2,350.77,0.0,701.54,398.6
6964,20240224,1,18,67,1,279.59,0.0,279.59,89.12
6965,20240224,2,30,371,3,83.21,0.0,249.63,68.97
6966,20240224,6,14,559,1,246.23,0.0,246.23,56.88
6967,20240224,6,22,98,4,453.16,0.0,1812.64,686.24
6968,20240224,7,5,284,4,98.3,0.0,393.2,170.8
6969,20240224,5,24,597,2,249.97,0.0,499.94,183.84
6970,20240224,2,18,427,5,279.59,0.1,1258.16,305.8
6971,20240224,6,6,189,1,350.77,0.0,350.77,199.3
6972,20240224,3,13,567,2,460.51,0.0,921.02,296.1
6973,20240224,4,2,68,3,706.19,0.0,2118.57,1086.12
6974,20240224,1,13,532,2,460.51,0.0,921.02,296.1
6975,20240224,3,28,374,4,609.0,0.0,2436.0,1301.84
6976,20240224,4,24,150,1,249.97,0.0,249.97,91.92
6977,20240225,4,15,483,3,134.22,0.0,402.66,204.84
6978,20240225,2,25,535,3,387.37,0.0,1162.11,338.34
6979,20240225,2,23,436,3,726.04,0.0,2178.12,1176.9
6980,20240225,4,19,64,2,101.21,0.0,202.42,89.78
6981,20240225,6,24,383,3,249.97,0.0,749.91,275.76
6982,20240225,2,11,438,2,504.67,0.0,1009.34,400.46
6983,20240225,7,24,467,2,249.97,0.0,499.94,183.84
6984,20240225,1,27,148,2,636.28,0.0,1272.56,640.88
6985,20240225,5,29,508,2,354.67,0.05,673.87,301.33
6986,20240225,2,21,417,3,392.24,0.0,1176.72,643.68
6987,20240225,5,2,376,1,706.19,0.0,706.19,362.04
6988,20240225,6,30,195,1,83.21,0.0,83.21,22.99
6989,20240225,5,18,234,2,279.59,0.0,559.18,178.24
6990,20240225,1,17,534,3,224.09,0.0,672.27,271.17
6991,20240225,6,9,63,3,296.52,0.0,889.56,217.38
6992,20240226,4,8,570,3,272.27,0.05,775.97,235.52
6993,20240226,4,5,223,1,98.3,0.05,93.38,37.78
6994,20240226,4,30,43,3,83.21,0.0,249.63,68.97
6995,20240226,4,3,327,4,100.1,0.0,400.4,231.6
6996,20240226,2,16,162,3,706.85,0.0,2120.55,1223.01
6997,20240226,1,9,543,3,296.52,0.05,845.08,172.9
6998,20240226,7,20,235,3,191.18,0.0,573.54,289.65
6999,20240226,6,29,102,2,354.67,0.0,709.34,336.8
7000,20240226,6,24,437,1,249.97,0.0,249.97,91.92
7001,20240226,1,12,551,3,884.49,0.0,2653.47,1488.18
7002,20240226,2,26,42,3,105.66,0.0,316.98,65.1
7003,20240226,4,15,439,4,134.22,0.0,536.88,273.12
7004,20240226,1,28,16,2,609.0,0.0,1218.0,650.92
7005,20240226,1,14,3,3,246.23,0.0,738.69,170.64
7006,20240226,7,2,113,1,706.19,0.05,670.88,326.73
7007,20240226,7,3,286,4,100.1,0.0,400.4,231.6
7008,20240226,3,29,390,3,354.67,0.0,1064.01,505.2
7009,20240226,6,30,3,2,83.21,0.0,166.42,45.98
7010,20240227,4,7,437,2,569.53,0.0,1139.06,620.4
7011,20240227,1,22,151,2,453.16,0.0,906.32,343.12
7012,20240227,7,27,512,2,636.28,0.0,1272.56,640.88
7013,20240227,7,6,186,2,350.77,0.0,701.54,398.6
7014,20240227,2,9,207,1,296.52,0.0,296.52,72.46
7015,20240227,1,14,221,1,246.23,0.0,246.23,56.88
7016,20240227,3,13,323,3,460.51,0.0,1381.53,444.15
7017,20240227,2,8,446,5,272.27,0.0,1361.35,460.6
7018,20240227,6,20,423,1,191.18,0.0,191.18,96.55
7019,20240227,7,27,119,3,636.28,0.0,1908.84,961.32
7020,20240227,2,29,150,1,354.67,0.0,354.67,168.4
7021,20240227,2,9,212,1,296.52,0.05,281.69,57.63
7022,20240227,4,20,12,1,191.18,0.0,191.18,96.55
7023,20240227,5,8,417,1,272.27,0.2,217.82,37.67
7024,20240227,7,9,546,3,296.52,0.0,889.56,217.38
7025,20240227,6,5,320,1,98.3,0.05,93.38,37.78
7026,20240228,4,19,232,2,101.21,0.0,202.42,89.78
7027,20240228,4,18,370,2,279.59,0.0,559.18,178.24
7028,20240228,2,20,422,1,191.18,0.0,191.18,96.55
7029,20240228,1,13,278,1,460.51,0.0,460.51,148.05
7030,20240228,2,12,565,1,884.49,0.0,884.49,496.06
7031,20240228,1,1,222,2,545.21,0.0,1090.42,469.0
7032,20240228,2,2,220,1,706.19,0.0,706.19,362.04
7033,20240228,7,6,582,1,350.77,0.0,350.77,199.3
7034,20240228,7,11,57,4,504.67,0.0,2018.68,800.92
7035,20240228,1,3,442,1,100.1,0.0,100.1,57.9
7036,20240228,5,18,575,1,279.59,0.0,279.59,89.12
7037,20240228,4,22,433,4,453.16,0.0,1812.64,686.24
7038,20240228,4,18,86,1,279.59,0.0,279.59,89.12
7039,20240228,4,28,363,3,609.0,0.0,1827.0,976.38
7040,20240228,2,2,329,1,706.19,0.0,706.19,362.04
7041,20240229,1,16,152,4,706.85,0.0,2827.4,1630.68
7042,20240229,1,1,7,2,545.21,0.0,1090.42,469.0
7043,20240229,6,6,108,2,350.77,0.0,701.54,398.6
7044,20240229,2,25,258,1,387.37,0.0,387.37,112.78
7045,20240229,3,19,157,2,101.21,0.0,202.42,89.78
7046,20240229,4,22,322,2,453.16,0.0,906.32,343.12
7047,20240229,6,11,249,3,504.67,0.1,1362.61,449.29
7048,20240229,7,30,392,4,83.21,0.0,332.84,91.96
7049,20240229,1,4,474,1,658.36,0.0,658.36,352.71
7050,20240229,2,21,296,1,392.24,0.0,392.24,214.56
7051,20240229,3,20,564,1,191.18,0.0,191.18,96.55
7052,20240229,5,9,371,3,296.52,0.0,889.56,217.38
7053,20240229,1,7,516,3,569.53,0.0,1708.59,930.6
7054,20240301,4,19,421,4,101.21,0.0,404.84,179.56
7055,20240301,4,27,510,3,636.28,0.0,1908.84,961.32
7056,20240301,7,19,560,2,101.21,0.0,202.42,89.78
7057,20240301,5,9,577,1,296.52,0.0,296.52,72.46
7058,20240301,1,6,165,6,350.77,0.0,2104.62,1195.8
7059,20240301,1,7,195,2,569.53,0.0,1139.06,620.4
7060,20240301,6,5,413,1,98.3,0.0,98.3,42.7
7061,20240301,6,9,376,2,296.52,0.0,593.04,144.92
7062,20240301,7,7,537,1,569.53,0.0,569.53,310.2
7063,20240301,7,26,20,1,105.66,0.05,100.38,16.42
7064,20240301,4,4,286,3,658.36,0.0,1975.08,1058.13
7065,20240301,1,9,547,2,296.52,0.0,593.04,144.92
7066,20240301,6,15,474,1,134.22,0.0,134.22,68.28
7067,20240301,1,23,433,1,726.04,0.0,726.04,392.3
7068,20240301,6,26,263,4,105.66,0.0,422.64,86.8
7069,20240301,4,26,302,4,105.66,0.1,380.38,44.54
7070,20240301,4,12,11,4,884.49,0.1,3184.16,1630.44
7071,20240301,6,10,152,2,655.99,0.0,1311.98,648.16
7072,20240302,6,12,250,4,884.49,0.0,3537.96,1984.24
7073,20240302,4,13,134,2,460.51,0.0,921.02,296.1
7074,20240302,1,1,514,3,545.21,0.0,1635.63,703.5
7075,20240302,2,4,262,4,658.36,0.0,2633.44,1410.84
7076,20240302,2,28,69,3,609.0,0.0,1827.0,976.38
7077,20240302,3,5,156,1,98.3,0.0,98.3,42.7
7078,20240302,1,3,64,1,100.1,0.05,95.09,52.89
7079,20240302,3,27,248,3,636.28,0.0,1908.84,961.32
7080,20240302,7,26,159,5,105.66,0.0,528.3,108.5
7081,20240302,5,21,432,2,392.24,0.0,784.48,429.12
7082,20240302,2,25,288,2,387.37,0.0,774.74,225.56
7083,20240302,3,28,421,3,609.0,0.0,1827.0,976.38
7084,20240302,1,20,341,1,191.18,0.0,191.18,96.55
7085,20240302,3,10,304,1,655.99,0.0,655.99,324.08
7086,20240302,7,28,122,2,609.0,0.0,1218.0,650.92
7087,20240302,2,13,71,3,460.51,0.0,1381.53,444.15
7088,20240302,2,4,72,4,658.36,0.2,2106.75,884.15
7089,20240302,4,6,173,1,350.77,0.0,350.77,199.3
7090,20240302,5,29,123,1,354.67,0.0,354.67,168.4
7091,20240302,6,26,174,1,105.66,0.0,105.66,21.7
7092,20240302,2,8,276,2,272.27,0.0,544.54,184.24
7093,20240303,1,27,236,3,636.28,0.0,1908.84,961.32
7094,20240303,1,18,17,1,279.59,0.0,279.59,89.12
7095,20240303,1,27,473,5,636.28,0.0,3181.4,1602.2
7096,20240303,1,21,98,2,392.24,0.0,784.48,429.12
7097,20240303,6,24,518,1,249.97,0.05,237.47,79.42
7098,20240303,1,8,269,4,272.27,0.0,1089.08,368.48
7099,20240303,5,19,559,1,101.21,0.0,101.21,44.89
7100,20240303,3,7,8,3,569.53,0.2,1366.87,588.88
7101,20240303,5,21,437,1,392.24,0.05,372.63,194.95
7102,20240303,1,26,75,2,105.66,0.0,211.32,43.4
7103,20240303,5,28,478,6,609.0,0.1,3288.6,1587.36
7104,20240303,1,24,101,4,249.97,0.0,999.88,367.68
7105,20240303,7,18,279,2,279.59,0.0,559.18,178.24
7106,20240303,1,30,225,1,83.21,0.0,83.21,22.99
7107,20240303,4,3,135,1,100.1,0.0,100.1,57.9
7108,20240304,5,12,11,3,884.49,0.0,2653.47,1488.18
7109,20240304,4,24,251,6,249.97,0.0,1499.82,551.52
7110,20240304,2,12,142,2,884.49,0.0,1768.98,992.12
7111,20240304,3,21,399,1,392.24,0.1,353.02,175.34
7112,20240304,1,17,56,2,224.09,0.0,448.18,180.78
7113,20240304,6,7,85,3,569.53,0.0,1708.59,930.6
7114,20240304,5,16,490,2,706.85,0.0,1413.7,815.34
7115,20240304,4,7,219,3,569.53,0.0,1708.59,930.6
7116,20240304,7,25,76,4,387.37,0.1,1394.53,296.17
7117,20240304,1,4,451,3,658.36,0.0,1975.08,1058.13
7118,20240304,7,26,322,4,105.66,0.0,422.64,86.8
7119,20240304,6,5,84,4,98.3,0.0,393.2,170.8
7120,20240304,2,1,300,3,545.21,0.0,1635.63,703.5
7121,20240304,6,2,365,1,706.19,0.2,564.95,220.8
7122,20240304,1,30,275,4,83.21,0.0,332.84,91.96
7123,20240304,6,24,517,1,249.97,0.0,249.97,91.92
7124,20240304,1,13,17,1,460.51,0.0,460.51,148.05
7125,20240305,7,22,447,3,453.16,0.0,1359.48,514.68
7126,20240305,7,12,485,2,884.49,0.0,1768.98,992.12
7127,20240305,7,2,29,2,706.19,0.0,1412.38,724.08
7128,20240305,1,7,96,4,569.53,0.1,2050.31,1012.99
7129,20240305,5,5,386,2,98.3,0.0,196.6,85.4
7130,20240305,7,18,239,5,279.59,0.0,1397.95,445.6
7131,20240305,6,29,1,1,354.67,0.0,354.67,168.4
7132,20240305,5,20,480,2,191.18,0.0,382.36,193.1
7133,20240305,2,3,494,1,100.1,0.0,100.1,57.9
7134,20240305,4,15,399,4,134.22,0.0,536.88,273.12
7135,20240305,1,17,357,3,224.09,0.0,672.27,271.17
7136,20240305,6,26,442,3,105.66,0.0,316.98,65.1
7137,20240305,4,20,191,4,191.18,0.0,764.72,386.2
7138,20240305,4,14,530,1,246.23,0.0,246.23,56.88
7139,20240305,7,5,580,3,98.3,0.0,294.9,128.1
7140,20240305,5,10,175,3,655.99,0.0,1967.97,972.24
7141,20240305,2,19,439,2,101.21,0.0,202.42,89.78
7142,20240305,4,17,279,2,224.09,0.0,448.18,180.78
7143,20240306,7,11,328,1,504.67,0.0,504.67,200.23
7144,20240306,3,4,159,3,658.36,0.0,1975.08,1058.13
7145,20240306,1,23,385,4,726.04,0.0,2904.16,1569.2
7146,20240306,5,23,532,1,726.04,0.05,689.74,356.0
7147,20240306,1,4,437,2,658.36,0.0,1316.72,705.42
7148,20240306,4,23,246,1,726.04,0.0,726.04,392.3
7149,20240306,6,27,562,1,636.28,0.0,636.28,320.44
7150,20240306,1,24,533,5,249.97,0.2,999.88,209.63
7151,20240306,1,15,350,3,134.22,0.0,402.66,204.84
7152,20240306,6,16,19,1,706.85,0.0,706.85,407.67
7153,20240306,1,26,293,3,105.66,0.0,316.98,65.1
7154,20240306,4,28,296,1,609.0,0.0,609.0,325.46
7155,20240306,1,15,363,4,134.22,0.0,536.88,273.12
7156,20240306,6,4,479,1,658.36,0.05,625.44,319.79
7157,20240306,4,13,345,4,460.51,0.05,1749.94,500.1
7158,20240306,3,29,40,1,354.67,0.0,354.67,168.4
7159,20240306,6,16,584,2,706.85,0.0,1413.7,815.34
7160,20240307,7,27,365,1,636.28,0.05,604.47,288.63
7161,20240307,1,22,291,2,453.16,0.0,906.32,343.12
7162,20240307,1,9,349,5,296.52,0.1,1334.34,214.04
7163,20240307,1,10,228,2,655.99,0.0,1311.98,648.16
7164,20240307,7,17,463,1,224.09,0.0,224.09,90.39
7165,20240307,1,1,257,3,545.21,0.0,1635.63,703.5
7166,20240307,7,23,324,3,726.04,0.0,2178.12,1176.9
7167,20240307,4,21,262,2,392.24,0.0,784.48,429.12
7168,20240307,2,16,6,1,706.85,0.0,706.85,407.67
7169,20240307,7,2,317,2,706.19,0.0,1412.38,724.08
7170,20240307,4,18,166,1,279.59,0.0,279.59,89.12
7171,20240307,1,29,405,1,354.67,0.0,354.67,168.4
7172,20240307,3,23,198,6,726.04,0.0,4356.24,2353.8
7173,20240307,1,15,437,1,134.22,0.0,134.22,68.28
7174,20240307,1,2,207,3,706.19,0.0,2118.57,1086.12
7175,20240307,1,17,583,3,224.09,0.05,638.66,237.56
7176,20240307,4,22,278,2,453.16,0.0,906.32,343.12
7177,20240307,3,10,282,2,655.99,0.0,1311.98,648.16
7178,20240307,2,21,118,4,392.24,0.0,1568.96,858.24
7179,20240307,1,12,36,5,884.49,0.0,4422.45,2480.3
7180,20240308,6,17,370,4,224.09,0.1,806.72,271.92
7181,20240308,1,2,99,3,706.19,0.05,2012.64,980.19
7182,20240308,3,26,598,3,105.66,0.05,301.13,49.25
7183,20240308,5,19,16,3,101.21,0.1,273.27,104.31
7184,20240308,4,15,229,1,134.22,0.05,127.51,61.57
7185,20240308,3,8,377,2,272.27,0.0,544.54,184.24
7186,20240308,1,19,277,2,101.21,0.0,202.42,89.78
7187,20240308,1,3,88,1,100.1,0.0,100.1,57.9
7188,20240308,4,8,431,2,272.27,0.2,435.63,75.33
7189,20240308,4,21,532,2,392.24,0.0,784.48,429.12
7190,20240309,4,2,554,3,706.19,0.0,2118.57,1086.12
7191,20240309,7,19,281,3,101.21,0.0,303.63,134.67
7192,20240309,1,23,592,1,726.04,0.0,726.04,392.3
7193,20240309,4,4,442,4,658.36,0.0,2633.44,1410.84
7194,20240309,1,16,302,1,706.85,0.0,706.85,407.67
7195,20240309,1,6,439,4,350.77,0.0,1403.08,797.2
7196,20240309,5,30,87,3,83.21,0.0,249.63,68.97
7197,20240309,2,3,408,3,100.1,0.05,285.28,158.68
7198,20240309,7,14,126,3,246.23,0.0,738.69,170.64
7199,20240309,1,8,218,2,272.27,0.0,544.54,184.24
7200,20240309,2,15,458,3,134.22,0.0,402.66,204.84
7201,20240309,1,9,179,4,296.52,0.0,1186.08,289.84
7202,20240309,7,6,41,3,350.77,0.0,1052.31,597.9
7203,20240309,4,25,452,2,387.37,0.0,774.74,225.56
7204,20240309,4,3,140,3,100.1,0.0,300.3,173.7
7205,20240309,5,17,222,1,224.09,0.0,224.09,90.39
7206,20240309,5,25,36,4,387.37,0.0,1549.48,451.12
7207,20240310,4,16,539,1,706.85,0.0,706.85,407.67
7208,20240310,5,17,538,4,224.09,0.0,896.36,361.56
7209,20240310,1,18,111,2,279.59,0.0,559.18,178.24
7210,20240310,3,7,461,4,569.53,0.1,2050.31,1012.99
7211,20240310,1,24,172,2,249.97,0.0,499.94,183.84
7212,20240310,4,17,584,1,224.09,0.1,201.68,67.98
7213,20240310,4,15,313,2,134.22,0.0,268.44,136.56
7214,20240310,1,23,115,4,726.04,0.1,2613.74,1278.78
7215,20240310,3,23,91,2,726.04,0.1,1306.87,639.39
7216,20240310,3,2,446,5,706.19,0.0,3530.95,1810.2
7217,20240310,5,27,102,2,636.28,0.0,1272.56,640.88
7218,20240310,1,20,562,3,191.18,0.2,458.83,174.94
7219,20240310,3,25,234,2,387.37,0.0,774.74,225.56
7220,20240310,7,29,65,3,354.67,0.05,1010.81,452.0
7221,20240310,7,9,452,3,296.52,0.0,889.56,217.38
7222,20240310,5,25,568,3,387.37,0.0,1162.11,338.34
7223,20240310,3,9,69,4,296.52,0.05,1126.78,230.54
7224,20240310,4,15,34,2,134.22,0.0,268.44,136.56
7225,20240310,7,10,546,4,655.99,0.0,2623.96,1296.32
7226,20240310,6,26,74,2,105.66,0.1,190.19,22.27
7227,20240310,6,7,165,4,569.53,0.0,2278.12,1240.8
7228,20240310,1,1,131,2,545.21,0.0,1090.42,469.0
7229,20240310,3,21,535,1,392.24,0.0,392.24,214.56
7230,20240310,3,5,333,3,98.3,0.0,294.9,128.1
7231,20240310,6,12,469,1,884.49,0.0,884.49,496.06
7232,20240311,1,25,116,2,387.37,0.0,774.74,225.56
7233,20240311,2,6,63,5,350.77,0.0,1753.85,996.5
7234,20240311,5,16,478,1,706.85,0.05,671.51,372.33
7235,20240311,4,24,63,1,249.97,0.0,249.97,91.92
7236,20240311,4,15,178,1,134.22,0.1,120.8,54.86
7237,20240311,4,26,432,4,105.66,0.0,422.64,86.8
7238,20240311,3,29,404,2,354.67,0.05,673.87,301.33
7239,20240311,5,6,481,2,350.77,0.0,701.54,398.6
7240,20240311,2,30,552,1,83.21,0.0,83.21,22.99
7241,20240311,4,16,522,1,706.85,0.1,636.17,336.99
7242,20240311,2,28,61,4,609.0,0.1,2192.4,1058.24
7243,20240311,1,7,561,5,569.53,0.0,2847.65,1551.0
7244,20240312,6,23,221,4,726.04,0.0,2904.16,1569.2
7245,20240312,4,26,160,4,105.66,0.0,422.64,86.8
7246,20240312,2,27,109,3,636.28,0.0,1908.84,961.32
7247,20240312,2,28,311,2,609.0,0.0,1218.0,650.92
7248,20240312,4,29,390,3,354.67,0.0,1064.01,505.2
7249,20240312,2,8,483,2,272.27,0.05,517.31,157.01
7250,20240312,4,2,235,3,706.19,0.0,2118.57,1086.12
7251,20240312,3,29,375,1,354.67,0.0,354.67,168.4
7252,20240312,4,26,477,1,105.66,0.0,105.66,21.7
7253,20240312,5,15,4,4,134.22,0.0,536.88,273.12
7254,20240312,2,12,1,2,884.49,0.0,1768.98,992.12
7255,20240312,4,19,257,1,101.21,0.0,101.21,44.89
7256,20240312,6,2,276,5,706.19,0.0,3530.95,1810.2
7257,20240312,6,12,94,1,884.49,0.0,884.49,496.06
7258,20240312,2,28,456,4,609.0,0.0,2436.0,1301.84
7259,20240312,2,12,230,5,884.49,0.0,4422.45,2480.3
7260,20240312,3,3,28,4,100.1,0.0,400.4,231.6
7261,20240312,1,20,505,2,191.18,0.0,382.36,193.1
7262,20240312,7,13,491,5,460.51,0.05,2187.42,625.12
7263,20240312,7,11,483,4,504.67,0.0,2018.68,800.92
7264,20240313,6,7,56,5,569.53,0.0,2847.65,1551.0
7265,20240313,4,26,474,3,105.66,0.0,316.98,65.1
7266,20240313,3,12,533,4,884.49,0.0,3537.96,1984.24
7267,20240313,4,19,421,1,101.21,0.0,101.21,44.89
7268,20240313,1,24,341,3,249.97,0.0,749.91,275.76
7269,20240313,1,17,18,2,224.09,0.0,448.18,180.78
7270,20240313,5,26,395,4,105.66,0.0,422.64,86.8
7271,20240313,7,6,522,3,350.77,0.0,1052.31,597.9
7272,20240313,5,9,415,2,296.52,0.0,593.04,144.92
7273,20240313,7,6,502,2,350.77,0.0,701.54,398.6
7274,20240313,2,22,144,3,453.16,0.0,1359.48,514.68
7275,20240313,4,24,537,4,249.97,0.0,999.88,367.68
7276,20240313,1,20,197,2,191.18,0.0,382.36,193.1
7277,20240313,2,26,328,2,105.66,0.0,211.32,43.4
7278,20240313,4,7,355,3,569.53,0.0,1708.59,930.6
7279,20240313,1,19,579,1,101.21,0.0,101.21,44.89
7280,20240313,7,11,125,3,504.67,0.0,1514.01,600.69
7281,20240313,1,17,63,5,224.09,0.0,1120.45,451.95
7282,20240314,3,26,440,1,105.66,0.0,105.66,21.7
7283,20240314,4,5,272,2,98.3,0.05,186.77,75.57
7284,20240314,6,1,583,5,545.21,0.0,2726.05,1172.5
7285,20240314,2,6,540,1,350.77,0.0,350.77,199.3
7286,20240314,3,6,578,3,350.77,0.2,841.85,387.44
7287,20240314,7,8,257,3,272.27,0.0,816.81,276.36
7288,20240314,1,12,376,3,884.49,0.0,2653.47,1488.18
7289,20240314,7,15,155,1,134.22,0.0,134.22,68.28
7290,20240314,1,3,137,1,100.1,0.0,100.1,57.9
7291,20240314,4,5,95,3,98.3,0.0,294.9,128.1
7292,20240314,1,1,3,3,545.21,0.1,1472.07,539.94
7293,20240314,5,27,161,4,636.28,0.0,2545.12,1281.76
7294,20240314,1,7,528,2,569.53,0.05,1082.11,563.45
7295,20240315,1,1,324,5,545.21,0.0,2726.05,1172.5
7296,20240315,3,16,592,3,706.85,0.05,2014.52,1116.98
7297,20240315,5,24,522,4,249.97,0.0,999.88,367.68
7298,20240315,2,10,149,1,655.99,0.0,655.99,324.08
7299,20240315,1,7,92,3,569.53,0.0,1708.59,930.6
7300,20240315,5,26,391,2,105.66,0.0,211.32,43.4
7301,20240315,3,21,155,2,392.24,0.0,784.48,429.12
7302,20240315,2,5,393,1,98.3,0.0,98.3,42.7
7303,20240315,1,14,15,4,246.23,0.0,984.92,227.52
7304,20240315,4,12,338,1,884.49,0.0,884.49,496.06
7305,20240315,4,10,575,3,655.99,0.0,1967.97,972.24
7306,20240315,1,18,401,3,279.59,0.1,754.89,183.48
7307,20240315,1,10,591,4,655.99,0.0,2623.96,1296.32
7308,20240315,1,8,424,4,272.27,0.0,1089.08,368.48
7309,20240315,1,6,306,2,350.77,0.0,701.54,398.6
7310,20240315,1,25,222,2,387.37,0.0,774.74,225.56
7311,20240315,4,13,165,2,460.51,0.0,921.02,296.1
7312,20240315,1,29,26,3,354.67,0.05,1010.81,452.0
7313,20240315,7,26,472,1,105.66,0.0,105.66,21.7
7314,20240315,3,2,213,2,706.19,0.0,1412.38,724.08
7315,20240315,7,21,502,3,392.24,0.0,1176.72,643.68
7316,20240315,6,29,11,2,354.67,0.0,709.34,336.8
7317,20240315,1,2,496,3,706.19,0.05,2012.64,980.19
7318,20240315,4,24,192,2,249.97,0.0,499.94,183.84
7319,20240316,3,9,248,5,296.52,0.0,1482.6,362.3
7320,20240316,2,4,165,3,658.36,0.0,1975.08,1058.13
7321,20240316,2,23,552,4,726.04,0.0,2904.16,1569.2
7322,20240316,4,25,40,4,387.37,0.0,1549.48,451.12
7323,20240316,7,13,403,5,460.51,0.0,2302.55,740.25
7324,20240316,6,19,489,3,101.21,0.0,303.63,134.67
7325,20240316,3,23,314,1,726.04,0.0,726.04,392.3
7326,20240316,2,19,364,3,101.21,0.0,303.63,134.67
7327,20240316,2,21,255,1,392.24,0.0,392.24,214.56
7328,20240316,2,18,290,1,279.59,0.0,279.59,89.12
7329,20240316,2,12,165,5,884.49,0.05,4201.33,2259.18
7330,20240316,1,4,405,3,658.36,0.0,1975.08,1058.13
7331,20240316,4,9,474,3,296.52,0.0,889.56,217.38
7332,20240316,4,17,592,3,224.09,0.0,672.27,271.17
7333,20240316,3,29,572,1,354.67,0.0,354.67,168.4
7334,20240317,3,18,451,1,279.59,0.0,279.59,89.12
7335,20240317,7,11,593,1,504.67,0.05,479.44,175.0
7336,20240317,2,7,186,1,569.53,0.0,569.53,310.2
7337,20240317,6,13,134,3,460.51,0.05,1312.45,375.07
7338,20240317,4,24,457,1,249.97,0.0,249.97,91.92
7339,20240317,1,4,584,4,658.36,0.0,2633.44,1410.84
7340,20240317,7,10,292,5,655.99,0.0,3279.95,1620.4
7341,20240317,7,20,461,1,191.18,0.1,172.06,77.43
7342,20240317,6,5,439,1,98.3,0.0,98.3,42.7
7343,20240317,3,10,170,6,655.99,0.0,3935.94,1944.48
7344,20240317,4,25,302,3,387.37,0.0,1162.11,338.34
7345,20240317,2,15,599,1,134.22,0.0,134.22,68.28
7346,20240318,5,6,118,3,350.77,0.2,841.85,387.44
7347,20240318,7,11,553,6,504.67,0.0,3028.02,1201.38
7348,20240318,2,13,210,2,460.51,0.0,921.02,296.1
7349,20240318,6,8,591,1,272.27,0.0,272.27,92.12
7350,20240318,7,29,502,3,354.67,0.0,1064.01,505.2
7351,20240318,2,15,537,4,134.22,0.05,510.04,246.28
7352,20240318,3,16,189,1,706.85,0.0,706.85,407.67
7353,20240318,1,25,249,4,387.37,0.0,1549.48,451.12
7354,20240318,3,4,32,2,658.36,0.0,1316.72,705.42
7355,20240318,1,8,206,1,272.27,0.0,272.27,92.12
7356,20240318,4,21,62,2,392.24,0.0,784.48,429.12
7357,20240318,7,29,392,3,354.67,0.0,1064.01,505.2
7358,20240318,4,23,300,3,726.04,0.0,2178.12,1176.9
7359,20240318,2,5,38,2,98.3,0.0,196.6,85.4
7360,20240318,1,17,275,5,224.09,0.0,1120.45,451.95
7361,20240318,1,9,509,1,296.52,0.0,296.52,72.46
7362,20240318,3,14,440,5,246.23,0.0,1231.15,284.4
7363,20240319,1,6,567,3,350.77,0.0,1052.31,597.9
7364,20240319,2,9,545,3,296.52,0.0,889.56,217.38
7365,20240319,2,12,276,5,884.49,0.0,4422.45,2480.3
7366,20240319,2,24,141,5,249.97,0.0,1249.85,459.6
7367,20240319,3,29,315,2,354.67,0.05,673.87,301.33
7368,20240319,3,14,449,2,246.23,0.0,492.46,113.76
7369,20240319,1,7,563,1,569.53,0.0,569.53,310.2
7370,20240319,4,24,330,1,249.97,0.0,249.97,91.92
7371,20240319,7,12,219,5,884.49,0.0,4422.45,2480.3
7372,20240319,7,20,600,3,191.18,0.0,573.54,289.65
7373,20240319,1,9,185,1,296.52,0.0,296.52,72.46
7374,20240319,1,14,20,4,246.23,0.0,984.92,227.52
7375,20240319,1,15,46,2,134.22,0.0,268.44,136.56
7376,20240319,5,6,541,1,350.77,0.0,350.77,199.3
7377,20240319,7,10,5,4,655.99,0.2,2099.17,771.53
7378,20240319,4,4,512,3,658.36,0.0,1975.08,1058.13
7379,20240319,7,12,470,3,884.49,0.0,2653.47,1488.18
7380,20240320,6,13,171,4,460.51,0.1,1657.84,408.0
7381,20240320,1,30,94,3,83.21,0.05,237.15,56.49
7382,20240320,6,22,261,6,453.16,0.0,2718.96,1029.36
7383,20240320,7,18,140,3,279.59,0.0,838.77,267.36
7384,20240320,4,21,355,4,392.24,0.0,1568.96,858.24
7385,20240320,6,18,107,4,279.59,0.0,1118.36,356.48
7386,20240320,5,26,6,5,105.66,0.0,528.3,108.5
7387,20240320,7,7,302,1,569.53,0.0,569.53,310.2
7388,20240320,1,5,231,4,98.3,0.0,393.2,170.8
7389,20240320,2,1,447,3,545.21,0.0,1635.63,703.5
7390,20240320,7,27,239,4,636.28,0.0,2545.12,1281.76
7391,20240320,6,29,15,4,354.67,0.0,1418.68,673.6
7392,20240320,2,28,309,1,609.0,0.0,609.0,325.46
7393,20240320,6,20,395,2,191.18,0.0,382.36,193.1
7394,20240320,7,23,518,2,726.04,0.0,1452.08,784.6
7395,20240320,7,27,528,4,636.28,0.0,2545.12,1281.76
7396,20240320,2,22,78,2,453.16,0.0,906.32,343.12
7397,20240320,5,24,537,1,249.97,0.0,249.97,91.92
7398,20240321,1,14,223,2,246.23,0.0,492.46,113.76
7399,20240321,4,21,311,5,392.24,0.0,1961.2,1072.8
7400,20240321,7,8,383,4,272.27,0.0,1089.08,368.48
7401,20240321,4,8,419,5,272.27,0.0,1361.35,460.6
7402,20240321,3,14,77,2,246.23,0.0,492.46,113.76
7403,20240321,1,23,403,2,726.04,0.0,1452.08,784.6
7404,20240321,4,26,176,1,105.66,0.0,105.66,21.7
7405,20240321,4,26,108,2,105.66,0.0,211.32,43.4
7406,20240321,1,29,516,6,354.67,0.0,2128.02,1010.4
7407,20240321,2,4,578,3,658.36,0.0,1975.08,1058.13
7408,20240321,5,12,319,3,884.49,0.05,2520.8,1355.51
7409,20240321,1,3,412,1,100.1,0.0,100.1,57.9
7410,20240321,1,18,258,4,279.59,0.05,1062.44,300.56
7411,20240321,2,29,17,3,354.67,0.0,1064.01,505.2
7412,20240322,4,13,260,4,460.51,0.0,1842.04,592.2
7413,20240322,2,18,246,3,279.59,0.0,838.77,267.36
7414,20240322,1,9,243,2,296.52,0.0,593.04,144.92
7415,20240322,1,2,260,2,706.19,0.0,1412.38,724.08
7416,20240322,7,15,370,3,134.22,0.0,402.66,204.84
7417,20240322,2,14,586,1,246.23,0.0,246.23,56.88
7418,20240322,1,16,274,3,706.85,0.0,2120.55,1223.01
7419,20240322,7,18,205,4,279.59,0.05,1062.44,300.56
7420,20240322,5,10,245,3,655.99,0.0,1967.97,972.24
7421,20240322,7,8,18,4,272.27,0.0,1089.08,368.48
7422,20240322,4,29,536,3,354.67,0.0,1064.01,505.2
7423,20240322,6,12,509,2,884.49,0.0,1768.98,992.12
7424,20240322,6,23,597,2,726.04,0.0,1452.08,784.6
7425,20240322,3,25,593,3,387.37,0.0,1162.11,338.34
7426,20240322,4,10,28,4,655.99,0.0,2623.96,1296.32
7427,20240322,2,17,292,5,224.09,0.0,1120.45,451.95
7428,20240322,1,10,477,4,655.99,0.0,2623.96,1296.32
7429,20240322,6,3,13,2,100.1,0.0,200.2,115.8
7430,20240322,1,8,246,3,272.27,0.2,653.45,113.0
7431,20240322,6,7,41,1,569.53,0.0,569.53,310.2
7432,20240322,3,30,90,5,83.21,0.0,416.05,114.95
7433,20240322,3,3,413,3,100.1,0.0,300.3,173.7
7434,20240322,2,7,22,2,569.53,0.0,1139.06,620.4
7435,20240323,4,13,320,4,460.51,0.0,1842.04,592.2
7436,20240323,4,30,14,4,83.21,0.0,332.84,91.96
7437,20240323,5,6,260,2,350.77,0.0,701.54,398.6
7438,20240323,4,16,16,1,706.85,0.0,706.85,407.67
7439,20240323,2,13,103,2,460.51,0.0,921.02,296.1
7440,20240323,1,25,562,1,387.37,0.0,387.37,112.78
7441,20240323,7,26,483,5,105.66,0.0,528.3,108.5
7442,20240323,6,29,479,1,354.67,0.0,354.67,168.4
7443,20240323,3,5,600,1,98.3,0.0,98.3,42.7
7444,20240323,6,18,587,1,279.59,0.0,279.59,89.12
7445,20240323,4,17,145,2,224.09,0.1,403.36,135.96
7446,20240323,1,25,481,2,387.37,0.2,619.79,70.61
7447,20240323,1,12,336,4,884.49,0.0,3537.96,1984.24
7448,20240323,1,5,271,3,98.3,0.05,280.15,113.35
7449,20240323,2,14,54,4,246.23,0.0,984.92,227.52
7450,20240323,5,25,353,4,387.37,0.0,1549.48,451.12
7451,20240323,3,6,577,2,350.77,0.0,701.54,398.6
7452,20240323,1,28,418,4,609.0,0.0,2436.0,1301.84
7453,20240324,6,26,213,3,105.66,0.1,285.28,33.4
7454,20240324,6,3,355,4,100.1,0.05,380.38,211.58
7455,20240324,3,5,174,3,98.3,0.0,294.9,128.1
7456,20240324,4,18,192,3,279.59,0.0,838.77,267.36
7457,20240324,4,30,558,2,83.21,0.0,166.42,45.98
7458,20240324,4,7,126,2,569.53,0.0,1139.06,620.4
7459,20240324,3,24,215,2,249.97,0.0,499.94,183.84
7460,20240324,2,21,444,5,392.24,0.0,1961.2,1072.8
7461,20240324,1,19,349,5,101.21,0.0,506.05,224.45
7462,20240324,4,15,19,4,134.22,0.0,536.88,273.12
7463,20240324,2,26,365,4,105.66,0.0,422.64,86.8
7464,20240324,2,19,80,4,101.21,0.0,404.84,179.56
7465,20240324,2,7,183,3,569.53,0.2,1366.87,588.88
7466,20240324,3,2,103,4,706.19,0.0,2824.76,1448.16
7467,20240324,3,9,17,1,296.52,0.0,296.52,72.46
7468,20240325,1,9,76,3,296.52,0.0,889.56,217.38
7469,20240325,6,3,541,3,100.1,0.0,300.3,173.7
7470,20240325,1,24,111,1,249.97,0.0,249.97,91.92
7471,20240325,1,14,107,1,246.23,0.1,221.61,32.26
7472,20240325,1,23,347,1,726.04,0.05,689.74,356.0
7473,20240325,6,4,503,1,658.36,0.0,658.36,352.71
7474,20240325,1,24,459,1,249.97,0.1,224.97,66.92
7475,20240325,4,23,454,1,726.04,0.0,726.04,392.3
7476,20240325,6,27,93,2,636.28,0.1,1145.3,513.62
7477,20240325,2,16,229,4,706.85,0.0,2827.4,1630.68
7478,20240325,3,22,532,4,453.16,0.0,1812.64,686.24
7479,20240325,1,14,323,2,246.23,0.0,492.46,113.76
7480,20240325,4,28,29,4,609.0,0.0,2436.0,1301.84
7481,20240325,4,11,520,1,504.67,0.0,504.67,200.23
7482,20240325,2,28,487,1,609.0,0.0,609.0,325.46
7483,20240325,4,11,212,1,504.67,0.2,403.74,99.3
7484,20240325,6,17,541,3,224.09,0.0,672.27,271.17
7485,20240325,2,20,516,2,191.18,0.0,382.36,193.1
7486,20240325,5,14,138,1,246.23,0.1,221.61,32.26
7487,20240325,7,8,317,2,272.27,0.0,544.54,184.24
7488,20240326,3,1,434,5,545.21,0.0,2726.05,1172.5
7489,20240326,4,28,265,3,609.0,0.0,1827.0,976.38
7490,20240326,2,20,15,5,191.18,0.0,955.9,482.75
7491,20240326,4,29,108,5,354.67,0.0,1773.35,842.0
7492,20240326,2,24,316,1,249.97,0.0,249.97,91.92
7493,20240326,7,24,570,1,249.97,0.1,224.97,66.92
7494,20240326,1,13,459,2,460.51,0.1,828.92,204.0
7495,20240326,6,10,319,3,655.99,0.0,1967.97,972.24
7496,20240326,7,18,569,2,279.59,0.0,559.18,178.24
7497,20240326,1,16,556,2,706.85,0.0,1413.7,815.34
7498,20240326,1,2,98,3,706.19,0.1,1906.71,874.26
7499,20240326,2,16,380,4,706.85,0.0,2827.4,1630.68
7500,20240326,4,28,426,6,609.0,0.0,3654.0,1952.76
7501,20240326,7,23,259,1,726.04,0.05,689.74,356.0
7502,20240326,4,23,153,1,726.04,0.0,726.04,392.3
7503,20240326,1,26,257,2,105.66,0.0,211.32,43.4
7504,20240326,4,25,283,5,387.37,0.1,1743.16,370.22
7505,20240326,6,5,125,3,98.3,0.0,294.9,128.1
7506,20240326,5,2,394,2,706.19,0.05,1341.76,653.46
7507,20240326,7,28,110,2,609.0,0.0,1218.0,650.92
7508,20240326,3,30,459,3,83.21,0.0,249.63,68.97
7509,20240326,1,8,385,5,272.27,0.0,1361.35,460.6
7510,20240326,1,10,583,2,655.99,0.0,1311.98,648.16
7511,20240326,2,18,319,1,279.59,0.0,279.59,89.12
7512,20240326,5,25,563,1,387.37,0.0,387.37,112.78
7513,20240327,3,6,438,1,350.77,0.0,350.77,199.3
7514,20240327,3,25,116,2,387.37,0.0,774.74,225.56
7515,20240327,5,9,441,3,296.52,0.0,889.56,217.38
7516,20240327,7,24,347,5,249.97,0.0,1249.85,459.6
7517,20240327,1,13,94,3,460.51,0.0,1381.53,444.15
7518,20240327,6,14,117,1,246.23,0.05,233.92,44.57
7519,20240327,5,17,546,3,224.09,0.0,672.27,271.17
7520,20240327,2,6,206,1,350.77,0.05,333.23,181.76
7521,20240327,2,21,401,3,392.24,0.0,1176.72,643.68
7522,20240327,2,13,5,3,460.51,0.0,1381.53,444.15
7523,20240327,2,7,19,1,569.53,0.0,569.53,310.2
7524,20240327,1,20,249,5,191.18,0.0,955.9,482.75
7525,20240327,3,16,77,1,706.85,0.0,706.85,407.67
7526,20240327,3,15,154,3,134.22,0.0,402.66,204.84
7527,20240327,1,19,39,2,101.21,0.0,202.42,89.78
7528,20240327,4,8,475,2,272.27,0.0,544.54,184.24
7529,20240328,4,4,562,1,658.36,0.0,658.36,352.71
7530,20240328,1,2,15,5,706.19,0.0,3530.95,1810.2
7531,20240328,6,25,367,3,387.37,0.0,1162.11,338.34
7532,20240328,1,16,487,3,706.85,0.0,2120.55,1223.01
7533,20240328,2,23,7,5,726.04,0.0,3630.2,1961.5
7534,20240328,4,22,327,5,453.16,0.0,2265.8,857.8
7535,20240328,3,20,477,3,191.18,0.0,573.54,289.65
7536,20240328,1,24,416,1,249.97,0.0,249.97,91.92
7537,20240328,2,13,283,3,460.51,0.0,1381.53,444.15
7538,20240328,1,5,565,3,98.3,0.0,294.9,128.1
7539,20240328,1,7,33,3,569.53,0.0,1708.59,930.6
7540,20240328,6,19,115,3,101.21,0.0,303.63,134.67
7541,20240328,6,26,48,1,105.66,0.0,105.66,21.7
7542,20240329,2,6,230,1,350.77,0.0,350.77,199.3
7543,20240329,3,16,129,2,706.85,0.0,1413.7,815.34
7544,20240329,3,13,256,1,460.51,0.0,460.51,148.05
7545,20240329,1,30,199,4,83.21,0.0,332.84,91.96
7546,20240329,6,18,548,1,279.59,0.0,279.59,89.12
7547,20240329,1,21,537,2,392.24,0.05,745.26,389.9
7548,20240329,2,10,584,2,655.99,0.05,1246.38,582.56
7549,20240329,3,15,510,3,134.22,0.0,402.66,204.84
7550,20240329,4,7,363,2,569.53,0.0,1139.06,620.4
7551,20240329,6,15,174,3,134.22,0.0,402.66,204.84
7552,20240329,1,17,95,5,224.09,0.0,1120.45,451.95
7553,20240329,2,9,508,1,296.52,0.0,296.52,72.46
7554,20240329,1,13,186,1,460.51,0.1,414.46,102.0
7555,20240329,5,11,361,3,504.67,0.0,1514.01,600.69
7556,20240330,6,23,278,2,726.04,0.0,1452.08,784.6
7557,20240330,1,12,151,4,884.49,0.05,3361.06,1807.34
7558,20240330,4,11,405,1,504.67,0.0,504.67,200.23
7559,20240330,1,22,466,4,453.16,0.0,1812.64,686.24
7560,20240330,2,22,16,2,453.16,0.0,906.32,343.12
7561,20240330,6,27,519,3,636.28,0.0,1908.84,961.32
7562,20240330,2,9,449,4,296.52,0.0,1186.08,289.84
7563,20240330,4,21,114,3,392.24,0.0,1176.72,643.68
7564,20240330,4,26,593,4,105.66,0.0,422.64,86.8
7565,20240330,3,16,413,3,706.85,0.1,1908.5,1010.96
7566,20240330,1,15,390,2,134.22,0.0,268.44,136.56
7567,20240330,1,18,379,3,279.59,0.0,838.77,267.36
7568,20240330,5,22,365,1,453.16,0.0,453.16,171.56
7569,20240330,3,5,406,5,98.3,0.0,491.5,213.5
7570,20240330,4,28,121,2,609.0,0.05,1157.1,590.02
7571,20240330,5,14,400,2,246.23,0.0,492.46,113.76
7572,20240330,7,30,431,1,83.21,0.0,83.21,22.99
7573,20240330,2,10,457,3,655.99,0.0,1967.97,972.24
7574,20240331,7,16,303,4,706.85,0.0,2827.4,1630.68
7575,20240331,2,25,144,5,387.37,0.0,1936.85,563.9
7576,20240331,4,13,284,5,460.51,0.0,2302.55,740.25
7577,20240331,3,27,144,1,636.28,0.0,636.28,320.44
7578,20240331,1,24,516,5,249.97,0.0,1249.85,459.6
7579,20240331,1,28,62,2,609.0,0.05,1157.1,590.02
7580,20240331,5,13,142,2,460.51,0.0,921.02,296.1
7581,20240331,4,21,278,5,392.24,0.0,1961.2,1072.8
7582,20240331,6,27,142,3,636.28,0.0,1908.84,961.32
7583,20240331,3,12,4,3,884.49,0.0,2653.47,1488.18
7584,20240331,4,20,16,1,191.18,0.1,172.06,77.43
7585,20240331,6,18,148,1,279.59,0.0,279.59,89.12
7586,20240331,2,16,508,1,706.85,0.0,706.85,407.67
7587,20240331,7,13,420,5,460.51,0.0,2302.55,740.25
7588,20240401,1,7,365,5,569.53,0.0,2847.65,1551.0
7589,20240401,2,13,439,2,460.51,0.0,921.02,296.1
7590,20240401,2,14,423,2,246.23,0.0,492.46,113.76
7591,20240401,7,21,153,1,392.24,0.0,392.24,214.56
7592,20240401,6,1,415,4,545.21,0.2,1744.67,501.83
7593,20240401,5,12,66,2,884.49,0.0,1768.98,992.12
7594,20240401,1,13,51,4,460.51,0.2,1473.63,223.79
7595,20240401,6,23,585,1,726.04,0.1,653.44,319.7
7596,20240401,6,23,330,4,726.04,0.0,2904.16,1569.2
7597,20240401,6,25,597,4,387.37,0.0,1549.48,451.12
7598,20240401,1,3,233,1,100.1,0.0,100.1,57.9
7599,20240401,7,21,98,1,392.24,0.0,392.24,214.56
7600,20240401,1,16,392,4,706.85,0.0,2827.4,1630.68
7601,20240401,6,26,79,3,105.66,0.0,316.98,65.1
7602,20240401,7,28,424,4,609.0,0.0,2436.0,1301.84
7603,20240401,7,22,51,2,453.16,0.0,906.32,343.12
7604,20240401,7,6,258,4,350.77,0.0,1403.08,797.2
7605,20240401,1,11,228,5,504.67,0.0,2523.35,1001.15
7606,20240402,2,18,109,1,279.59,0.05,265.61,75.14
7607,20240402,7,14,375,1,246.23,0.0,246.23,56.88
7608,20240402,2,26,226,3,105.66,0.0,316.98,65.1
7609,20240402,6,13,474,1,460.51,0.0,460.51,148.05
7610,20240402,3,4,88,3,658.36,0.0,1975.08,1058.13
7611,20240402,6,15,70,2,134.22,0.1,241.6,109.72
7612,20240402,6,15,119,4,134.22,0.0,536.88,273.12
7613,20240402,5,17,584,4,224.09,0.0,896.36,361.56
7614,20240402,1,11,108,2,504.67,0.0,1009.34,400.46
7615,20240402,4,26,488,5,105.66,0.0,528.3,108.5
7616,20240402,1,3,303,1,100.1,0.05,95.09,52.89
7617,20240402,2,22,160,5,453.16,0.0,2265.8,857.8
7618,20240402,5,17,480,4,224.09,0.0,896.36,361.56
7619,20240402,7,5,45,4,98.3,0.0,393.2,170.8
7620,20240402,2,1,256,3,545.21,0.0,1635.63,703.5
7621,20240402,4,19,262,5,101.21,0.0,506.05,224.45
7622,20240402,6,2,61,2,706.19,0.0,1412.38,724.08
7623,20240402,2,20,573,4,191.18,0.05,726.48,347.96
7624,20240402,2,27,223,5,636.28,0.0,3181.4,1602.2
7625,20240402,1,1,37,4,545.21,0.0,2180.84,938.0
7626,20240402,4,29,530,1,354.67,0.2,283.74,97.47
7627,20240402,4,13,462,3,460.51,0.0,1381.53,444.15
7628,20240402,1,24,498,5,249.97,0.2,999.88,209.63
7629,20240403,7,27,228,2,636.28,0.0,1272.56,640.88
7630,20240403,5,14,436,4,246.23,0.0,984.92,227.52
7631,20240403,2,13,2,4,460.51,0.2,1473.63,223.79
7632,20240403,4,28,593,4,609.0,0.0,2436.0,1301.84
7633,20240403,4,26,301,4,105.66,0.0,422.64,86.8
7634,20240403,3,29,331,4,354.67,0.1,1276.81,531.73
7635,20240403,3,3,294,3,100.1,0.05,285.28,158.68
7636,20240403,4,4,500,1,658.36,0.0,658.36,352.71
7637,20240403,4,10,249,3,655.99,0.0,1967.97,972.24
7638,20240404,6,11,487,2,504.67,0.0,1009.34,400.46
7639,20240404,1,27,71,1,636.28,0.0,636.28,320.44
7640,20240404,1,24,533,4,249.97,0.0,999.88,367.68
7641,20240404,7,18,210,1,279.59,0.0,279.59,89.12
7642,20240404,6,21,50,3,392.24,0.0,1176.72,643.68
7643,20240404,5,16,334,3,706.85,0.0,2120.55,1223.01
7644,20240404,5,4,469,3,658.36,0.0,1975.08,1058.13
7645,20240404,1,19,103,4,101.21,0.0,404.84,179.56
7646,20240404,7,2,272,3,706.19,0.0,2118.57,1086.12
7647,20240404,1,14,568,2,246.23,0.0,492.46,113.76
7648,20240404,3,15,318,5,134.22,0.0,671.1,341.4
7649,20240404,5,1,364,4,545.21,0.0,2180.84,938.0
7650,20240404,4,24,355,2,249.97,0.0,499.94,183.84
7651,20240405,3,3,122,1,100.1,0.0,100.1,57.9
7652,20240405,2,21,215,2,392.24,0.0,784.48,429.12
7653,20240405,4,16,300,6,706.85,0.0,4241.1,2446.02
7654,20240405,5,28,79,4,609.0,0.0,2436.0,1301.84
7655,20240405,6,12,548,2,884.49,0.0,1768.98,992.12
7656,20240405,1,27,120,3,636.28,0.0,1908.84,961.32
7657,20240405,4,8,179,2,272.27,0.0,544.54,184.24
7658,20240405,2,20,575,3,191.18,0.0,573.54,289.65
7659,20240405,7,3,152,5,100.1,0.1,450.45,239.45
7660,20240405,4,16,318,3,706.85,0.0,2120.55,1223.01
7661,20240405,6,13,582,1,460.51,0.0,460.51,148.05
7662,20240406,2,17,14,1,224.09,0.0,224.09,90.39
7663,20240406,3,18,581,3,279.59,0.0,838.77,267.36
7664,20240406,7,12,98,3,884.49,0.0,2653.47,1488.18
7665,20240406,1,10,42,4,655.99,0.05,2492.76,1165.12
7666,20240406,3,11,599,1,504.67,0.0,504.67,200.23
7667,20240406,3,26,187,3,105.66,0.0,316.98,65.1
7668,20240406,1,17,523,2,224.09,0.0,448.18,180.78
7669,20240406,6,15,243,3,134.22,0.0,402.66,204.84
7670,20240406,2,3,77,3,100.1,0.0,300.3,173.7
7671,20240406,6,5,470,1,98.3,0.0,98.3,42.7
7672,20240406,4,21,52,1,392.24,0.0,392.24,214.56
7673,20240406,3,27,17,4,636.28,0.0,2545.12,1281.76
7674,20240406,4,12,579,3,884.49,0.1,2388.12,1222.83
7675,20240406,7,22,14,2,453.16,0.0,906.32,343.12
7676,20240406,2,21,152,1,392.24,0.05,372.63,194.95
7677,20240406,1,19,462,3,101.21,0.05,288.45,119.49
7678,20240406,6,29,233,1,354.67,0.1,319.2,132.93
7679,20240406,1,6,165,4,350.77,0.05,1332.93,727.05
7680,20240407,6,9,35,2,296.52,0.0,593.04,144.92
7681,20240407,1,29,490,3,354.67,0.0,1064.01,505.2
7682,20240407,3,23,388,3,726.04,0.0,2178.12,1176.9
7683,20240407,4,4,67,4,658.36,0.05,2501.77,1279.17
7684,20240407,2,11,571,4,504.67,0.0,2018.68,800.92
7685,20240407,7,29,452,4,354.67,0.0,1418.68,673.6
7686,20240407,7,5,199,3,98.3,0.0,294.9,128.1
7687,20240407,6,9,374,1,296.52,0.0,296.52,72.46
7688,20240407,1,4,413,3,658.36,0.0,1975.08,1058.13
7689,20240407,3,3,91,5,100.1,0.05,475.48,264.47
7690,20240408,7,2,378,2,706.19,0.0,1412.38,724.08
7691,20240408,3,12,280,2,884.49,0.0,1768.98,992.12
7692,20240408,6,6,289,4,350.77,0.0,1403.08,797.2
7693,20240408,5,27,214,3,636.28,0.0,1908.84,961.32
7694,20240408,7,30,320,1,83.21,0.0,83.21,22.99
7695,20240408,6,6,589,1,350.77,0.0,350.77,199.3
7696,20240408,7,20,545,1,191.18,0.0,191.18,96.55
7697,20240408,2,8,421,2,272.27,0.0,544.54,184.24
7698,20240408,1,2,298,4,706.19,0.0,2824.76,1448.16
7699,20240408,7,17,25,3,224.09,0.0,672.27,271.17
7700,20240408,6,19,548,3,101.21,0.0,303.63,134.67
7701,20240408,7,26,406,3,105.66,0.0,316.98,65.1
7702,20240408,3,24,106,1,249.97,0.0,249.97,91.92
7703,20240408,7,4,320,3,658.36,0.1,1777.57,860.62
7704,20240408,2,30,29,2,83.21,0.0,166.42,45.98
7705,20240408,1,8,52,1,272.27,0.0,272.27,92.12
7706,20240408,2,22,44,2,453.16,0.1,815.69,252.49
7707,20240409,5,17,158,3,224.09,0.0,672.27,271.17
7708,20240409,2,15,201,2,134.22,0.0,268.44,136.56
7709,20240409,7,29,490,2,354.67,0.0,709.34,336.8
7710,20240409,1,21,82,2,392.24,0.05,745.26,389.9
7711,20240409,2,2,465,3,706.19,0.0,2118.57,1086.12
7712,20240409,1,9,50,1,296.52,0.0,296.52,72.46
7713,20240410,1,15,390,5,134.22,0.0,671.1,341.4
7714,20240410,2,2,228,6,706.19,0.0,4237.14,2172.24
7715,20240410,4,20,566,5,191.18,0.0,955.9,482.75
7716,20240410,7,22,468,3,453.16,0.0,1359.48,514.68
7717,20240410,7,1,111,1,545.21,0.0,545.21,234.5
7718,20240410,6,2,381,4,706.19,0.05,2683.52,1306.92
7719,20240410,3,28,210,2,609.0,0.05,1157.1,590.02
7720,20240410,2,12,73,1,884.49,0.0,884.49,496.06
7721,20240410,7,29,243,3,354.67,0.0,1064.01,505.2
7722,20240410,7,26,75,3,105.66,0.0,316.98,65.1
7723,20240410,6,18,80,2,279.59,0.0,559.18,178.24
7724,20240410,1,29,185,3,354.67,0.0,1064.01,505.2
7725,20240410,6,17,453,5,224.09,0.0,1120.45,451.95
7726,20240410,2,6,143,2,350.77,0.0,701.54,398.6
7727,20240410,6,13,223,2,460.51,0.1,828.92,204.0
7728,20240410,1,25,440,5,387.37,0.05,1840.01,467.06
7729,20240411,7,4,298,1,658.36,0.1,592.52,286.87
7730,20240411,2,28,247,1,609.0,0.0,609.0,325.46
7731,20240411,6,4,317,2,658.36,0.0,1316.72,705.42
7732,20240411,1,16,9,5,706.85,0.05,3357.54,1861.64
7733,20240411,2,16,222,1,706.85,0.0,706.85,407.67
7734,20240411,6,5,284,6,98.3,0.0,589.8,256.2
7735,20240411,6,4,338,4,658.36,0.05,2501.77,1279.17
7736,20240411,2,29,532,1,354.67,0.05,336.94,150.67
7737,20240411,6,7,151,4,569.53,0.0,2278.12,1240.8
7738,20240411,2,2,187,1,706.19,0.0,706.19,362.04
7739,20240411,5,11,134,3,504.67,0.0,1514.01,600.69
7740,20240411,6,22,230,3,453.16,0.0,1359.48,514.68
7741,20240412,2,22,79,2,453.16,0.05,861.0,297.8
7742,20240412,1,26,35,1,105.66,0.0,105.66,21.7
7743,20240412,1,19,293,2,101.21,0.1,182.18,69.54
7744,20240412,1,22,347,1,453.16,0.1,407.84,126.24
7745,20240412,7,22,240,3,453.16,0.0,1359.48,514.68
7746,20240412,1,19,378,1,101.21,0.0,101.21,44.89
7747,20240412,6,22,141,1,453.16,0.0,453.16,171.56
7748,20240412,3,5,242,3,98.3,0.0,294.9,128.1
7749,20240412,3,20,315,4,191.18,0.0,764.72,386.2
7750,20240412,4,9,38,1,296.52,0.05,281.69,57.63
7751,20240412,2,5,578,5,98.3,0.0,491.5,213.5
7752,20240412,1,4,342,3,658.36,0.0,1975.08,1058.13
7753,20240412,6,29,432,1,354.67,0.0,354.67,168.4
7754,20240412,4,23,120,1,726.04,0.0,726.04,392.3
7755,20240412,6,26,257,2,105.66,0.0,211.32,43.4
7756,20240412,2,24,272,2,249.97,0.2,399.95,83.85
7757,20240412,2,21,6,3,392.24,0.0,1176.72,643.68
7758,20240412,1,20,40,3,191.18,0.0,573.54,289.65
7759,20240412,1,13,368,2,460.51,0.0,921.02,296.1
7760,20240412,7,24,27,6,249.97,0.0,1499.82,551.52
7761,20240412,3,13,58,4,460.51,0.0,1842.04,592.2
7762,20240413,2,17,399,1,224.09,0.0,224.09,90.39
7763,20240413,7,16,25,5,706.85,0.2,2827.4,1331.5
7764,20240413,2,28,297,2,609.0,0.0,1218.0,650.92
7765,20240413,4,22,403,3,453.16,0.0,1359.48,514.68
7766,20240413,7,12,464,2,884.49,0.0,1768.98,992.12
7767,20240413,3,24,27,3,249.97,0.0,749.91,275.76
7768,20240413,3,26,488,1,105.66,0.0,105.66,21.7
7769,20240413,6,5,144,1,98.3,0.0,98.3,42.7
7770,20240413,5,11,125,4,504.67,0.05,1917.75,699.99
7771,20240413,3,19,184,3,101.21,0.05,288.45,119.49
7772,20240413,4,30,451,1,83.21,0.0,83.21,22.99
7773,20240413,7,5,288,6,98.3,0.0,589.8,256.2
7774,20240413,2,15,465,5,134.22,0.0,671.1,341.4
7775,20240413,4,29,377,3,354.67,0.0,1064.01,505.2
7776,20240413,3,16,71,1,706.85,0.0,706.85,407.67
7777,20240413,4,12,347,1,884.49,0.0,884.49,496.06
7778,20240413,6,4,132,2,658.36,0.0,1316.72,705.42
7779,20240413,4,6,184,3,350.77,0.0,1052.31,597.9
7780,20240413,1,26,471,2,105.66,0.1,190.19,22.27
7781,20240414,4,29,353,3,354.67,0.0,1064.01,505.2
7782,20240414,4,3,415,3,100.1,0.0,300.3,173.7
7783,20240414,1,13,421,3,460.51,0.0,1381.53,444.15
7784,20240414,1,8,517,1,272.27,0.0,272.27,92.12
7785,20240414,3,4,129,4,658.36,0.0,2633.44,1410.84
7786,20240414,4,5,462,3,98.3,0.0,294.9,128.1
7787,20240414,3,21,235,3,392.24,0.0,1176.72,643.68
7788,20240414,7,24,13,3,249.97,0.05,712.41,238.26
7789,20240414,4,14,337,5,246.23,0.0,1231.15,284.4
7790,20240414,1,20,106,1,191.18,0.0,191.18,96.55
7791,20240414,1,1,18,4,545.21,0.0,2180.84,938.0
7792,20240414,2,10,80,4,655.99,0.0,2623.96,1296.32
7793,20240414,2,5,350,2,98.3,0.0,196.6,85.4
7794,20240414,3,24,569,2,249.97,0.05,474.94,158.84
7795,20240414,3,19,199,4,101.21,0.05,384.6,159.32
7796,20240414,2,17,79,2,224.09,0.0,448.18,180.78
7797,20240414,7,21,375,2,392.24,0.1,706.03,350.67
7798,20240414,3,7,482,2,569.53,0.0,1139.06,620.4
7799,20240414,4,3,49,4,100.1,0.0,400.4,231.6
7800,20240414,1,11,448,2,504.67,0.0,1009.34,400.46
7801,20240414,1,20,309,4,191.18,0.0,764.72,386.2
7802,20240415,3,5,106,3,98.3,0.0,294.9,128.1
7803,20240415,7,19,75,4,101.21,0.0,404.84,179.56
7804,20240415,6,2,210,2,706.19,0.0,1412.38,724.08
7805,20240415,6,25,399,2,387.37,0.05,736.0,186.82
7806,20240415,3,21,379,3,392.24,0.0,1176.72,643.68
7807,20240415,3,29,549,1,354.67,0.1,319.2,132.93
7808,20240415,5,30,583,5,83.21,0.0,416.05,114.95
7809,20240415,2,2,152,3,706.19,0.0,2118.57,1086.12
7810,20240415,1,7,481,3,569.53,0.0,1708.59,930.6
7811,20240415,1,27,145,3,636.28,0.0,1908.84,961.32
7812,20240415,6,14,418,5,246.23,0.0,1231.15,284.4
7813,20240416,1,14,568,4,246.23,0.05,935.67,178.27
7814,20240416,7,21,432,1,392.24,0.0,392.24,214.56
7815,20240416,3,7,295,2,569.53,0.0,1139.06,620.4
7816,20240416,2,2,571,2,706.19,0.05,1341.76,653.46
7817,20240416,1,29,365,3,354.67,0.0,1064.01,505.2
7818,20240416,1,21,11,4,392.24,0.05,1490.51,779.79
7819,20240416,6,1,412,3,545.21,0.0,1635.63,703.5
7820,20240416,2,25,491,1,387.37,0.0,387.37,112.78
7821,20240416,1,2,39,3,706.19,0.0,2118.57,1086.12
7822,20240416,1,25,562,1,387.37,0.0,387.37,112.78
7823,20240416,2,27,55,4,636.28,0.0,2545.12,1281.76
7824,20240416,3,8,544,6,272.27,0.05,1551.94,471.04
7825,20240416,7,14,84,2,246.23,0.0,492.46,113.76
7826,20240416,1,23,14,3,726.04,0.0,2178.12,1176.9
7827,20240416,2,17,442,2,224.09,0.0,448.18,180.78
7828,20240416,4,26,364,3,105.66,0.2,253.58,1.7
7829,20240416,6,5,351,5,98.3,0.0,491.5,213.5
7830,20240416,5,21,298,1,392.24,0.1,353.02,175.34
7831,20240416,1,9,185,1,296.52,0.05,281.69,57.63
7832,20240416,2,14,246,4,246.23,0.0,984.92,227.52
7833,20240417,5,21,475,3,392.24,0.0,1176.72,643.68
7834,20240417,6,4,103,2,658.36,0.0,1316.72,705.42
7835,20240417,1,14,31,3,246.23,0.0,738.69,170.64
7836,20240417,1,4,329,2,658.36,0.0,1316.72,705.42
7837,20240417,2,8,373,2,272.27,0.0,544.54,184.24
7838,20240417,6,7,258,3,569.53,0.0,1708.59,930.6
7839,20240417,1,24,597,1,249.97,0.1,224.97,66.92
7840,20240417,7,15,152,5,134.22,0.0,671.1,341.4
7841,20240417,4,23,251,4,726.04,0.0,2904.16,1569.2
7842,20240417,2,25,523,6,387.37,0.1,2091.8,444.26
7843,20240417,6,14,342,2,246.23,0.0,492.46,113.76
7844,20240417,5,2,196,5,706.19,0.2,2824.76,1104.01
7845,20240417,6,28,371,2,609.0,0.0,1218.0,650.92
7846,20240418,2,17,388,1,224.09,0.1,201.68,67.98
7847,20240418,3,15,98,3,134.22,0.05,382.53,184.71
7848,20240418,5,10,66,4,655.99,0.0,2623.96,1296.32
7849,20240418,2,30,540,2,83.21,0.0,166.42,45.98
7850,20240418,2,20,421,5,191.18,0.0,955.9,482.75
7851,20240418,1,20,463,2,191.18,0.0,382.36,193.1
7852,20240418,3,19,258,1,101.21,0.0,101.21,44.89
7853,20240418,1,6,74,2,350.77,0.0,701.54,398.6
7854,20240418,6,5,389,2,98.3,0.0,196.6,85.4
7855,20240418,3,21,591,1,392.24,0.05,372.63,194.95
7856,20240418,7,24,105,3,249.97,0.0,749.91,275.76
7857,20240418,1,28,128,1,609.0,0.0,609.0,325.46
7858,20240418,2,1,501,2,545.21,0.0,1090.42,469.0
7859,20240418,5,9,259,3,296.52,0.0,889.56,217.38
7860,20240418,2,25,551,1,387.37,0.0,387.37,112.78
7861,20240418,3,6,586,1,350.77,0.0,350.77,199.3
7862,20240418,1,26,12,4,105.66,0.0,422.64,86.8
7863,20240418,7,19,252,3,101.21,0.0,303.63,134.67
7864,20240418,3,25,47,3,387.37,0.05,1104.0,280.23
7865,20240418,4,14,311,4,246.23,0.0,984.92,227.52
7866,20240418,1,30,328,3,83.21,0.1,224.67,44.01
7867,20240418,1,5,126,4,98.3,0.0,393.2,170.8
7868,20240418,6,8,439,2,272.27,0.0,544.54,184.24
7869,20240419,7,26,93,3,105.66,0.0,316.98,65.1
7870,20240419,4,26,306,3,105.66,0.0,316.98,65.1
7871,20240419,4,10,328,1,655.99,0.1,590.39,258.48
7872,20240419,2,20,220,2,191.18,0.05,363.24,173.98
7873,20240419,5,15,156,5,134.22,0.05,637.54,307.84
7874,20240419,1,2,151,1,706.19,0.0,706.19,362.04
7875,20240419,3,2,535,2,706.19,0.0,1412.38,724.08
7876,20240419,1,14,72,3,246.23,0.0,738.69,170.64
7877,20240419,1,11,531,1,504.67,0.0,504.67,200.23
7878,20240419,1,14,20,3,246.23,0.0,738.69,170.64
7879,20240419,1,11,186,4,504.67,0.0,2018.68,800.92
7880,20240419,2,4,105,5,658.36,0.0,3291.8,1763.55
7881,20240420,4,10,507,5,655.99,0.05,3115.95,1456.4
7882,20240420,7,14,594,2,246.23,0.0,492.46,113.76
7883,20240420,1,19,193,1,101.21,0.0,101.21,44.89
7884,20240420,1,23,367,2,726.04,0.0,1452.08,784.6
7885,20240420,1,12,460,2,884.49,0.05,1680.53,903.67
7886,20240420,1,28,292,1,609.0,0.0,609.0,325.46
7887,20240420,4,19,355,4,101.21,0.05,384.6,159.32
7888,20240420,1,20,594,1,191.18,0.0,191.18,96.55
7889,20240420,4,26,331,4,105.66,0.0,422.64,86.8
7890,20240420,6,4,557,4,658.36,0.0,2633.44,1410.84
7891,20240420,4,8,587,1,272.27,0.0,272.27,92.12
7892,20240420,2,17,48,2,224.09,0.0,448.18,180.78
7893,20240420,3,5,537,4,98.3,0.0,393.2,170.8
7894,20240420,2,24,83,1,249.97,0.0,249.97,91.92
7895,20240420,4,23,295,1,726.04,0.0,726.04,392.3
7896,20240420,7,20,135,5,191.18,0.0,955.9,482.75
7897,20240420,1,24,292,4,249.97,0.0,999.88,367.68
7898,20240420,7,22,564,2,453.16,0.0,906.32,343.12
7899,20240420,1,10,285,1,655.99,0.1,590.39,258.48
7900,20240420,6,10,434,4,655.99,0.0,2623.96,1296.32
7901,20240421,1,19,528,4,101.21,0.1,364.36,139.08
7902,20240421,2,21,524,5,392.24,0.0,1961.2,1072.8
7903,20240421,5,15,318,1,134.22,0.0,134.22,68.28
7904,20240421,5,27,539,4,636.28,0.0,2545.12,1281.76
7905,20240421,2,14,79,2,246.23,0.0,492.46,113.76
7906,20240421,3,6,326,1,350.77,0.0,350.77,199.3
7907,20240421,4,3,190,1,100.1,0.0,100.1,57.9
7908,20240421,4,14,200,3,246.23,0.05,701.76,133.71
7909,20240421,1,16,423,6,706.85,0.2,3392.88,1597.8
7910,20240421,2,18,282,2,279.59,0.2,447.34,66.4
7911,20240421,6,24,453,5,249.97,0.0,1249.85,459.6
7912,20240421,3,18,382,1,279.59,0.0,279.59,89.12
7913,20240421,5,11,372,1,504.67,0.0,504.67,200.23
7914,20240421,1,21,403,2,392.24,0.05,745.26,389.9
7915,20240421,6,23,575,3,726.04,0.0,2178.12,1176.9
7916,20240421,7,24,103,1,249.97,0.0,249.97,91.92
7917,20240421,7,2,15,3,706.19,0.0,2118.57,1086.12
7918,20240422,3,28,27,1,609.0,0.0,609.0,325.46
7919,20240422,5,26,239,3,105.66,0.0,316.98,65.1
7920,20240422,5,13,107,1,460.51,0.0,460.51,148.05
7921,20240422,1,6,52,3,350.77,0.0,1052.31,597.9
7922,20240422,1,13,269,3,460.51,0.0,1381.53,444.15
7923,20240422,4,11,98,2,504.67,0.0,1009.34,400.46
7924,20240422,6,9,262,3,296.52,0.0,889.56,217.38
7925,20240422,6,11,196,1,504.67,0.0,504.67,200.23
7926,20240422,4,20,507,1,191.18,0.0,191.18,96.55
7927,20240422,7,9,257,2,296.52,0.0,593.04,144.92
7928,20240422,3,30,292,3,83.21,0.0,249.63,68.97
7929,20240422,1,1,498,3,545.21,0.0,1635.63,703.5
7930,20240422,1,9,97,3,296.52,0.0,889.56,217.38
7931,20240422,7,3,292,3,100.1,0.0,300.3,173.7
7932,20240422,5,22,405,4,453.16,0.0,1812.64,686.24
7933,20240422,2,25,202,3,387.37,0.0,1162.11,338.34
7934,20240422,3,13,515,3,460.51,0.0,1381.53,444.15
7935,20240423,3,11,534,1,504.67,0.0,504.67,200.23
7936,20240423,1,2,364,4,706.19,0.0,2824.76,1448.16
7937,20240423,4,17,295,2,224.09,0.1,403.36,135.96
7938,20240423,7,18,233,5,279.59,0.05,1328.05,375.7
7939,20240423,5,4,292,4,658.36,0.0,2633.44,1410.84
7940,20240423,7,27,531,2,636.28,0.0,1272.56,640.88
7941,20240423,1,13,364,1,460.51,0.0,460.51,148.05
7942,20240423,4,19,356,3,101.21,0.0,303.63,134.67
7943,20240423,6,2,569,3,706.19,0.0,2118.57,1086.12
7944,20240423,6,24,252,3,249.97,0.0,749.91,275.76
7945,20240423,6,23,18,1,726.04,0.0,726.04,392.3
7946,20240423,3,15,456,1,134.22,0.0,134.22,68.28
7947,20240423,6,16,454,1,706.85,0.0,706.85,407.67
7948,20240423,7,14,483,1,246.23,0.05,233.92,44.57
7949,20240423,1,29,212,4,354.67,0.1,1276.81,531.73
7950,20240423,3,8,102,4,272.27,0.0,1089.08,368.48
7951,20240423,3,30,302,4,83.21,0.0,332.84,91.96
7952,20240423,4,21,189,1,392.24,0.0,392.24,214.56
7953,20240423,2,3,90,2,100.1,0.0,200.2,115.8
7954,20240423,2,7,15,1,569.53,0.0,569.53,310.2
7955,20240423,6,1,559,1,545.21,0.0,545.21,234.5
7956,20240423,4,26,395,3,105.66,0.0,316.98,65.1
7957,20240423,7,3,167,4,100.1,0.0,400.4,231.6
7958,20240423,1,28,104,5,609.0,0.0,3045.0,1627.3
7959,20240424,1,2,15,3,706.19,0.0,2118.57,1086.12
7960,20240424,4,30,473,6,83.21,0.0,499.26,137.94
7961,20240424,2,11,437,1,504.67,0.0,504.67,200.23
7962,20240424,6,19,241,5,101.21,0.0,506.05,224.45
7963,20240424,5,21,399,3,392.24,0.0,1176.72,643.68
7964,20240424,1,20,205,2,191.18,0.0,382.36,193.1
7965,20240424,6,15,430,2,134.22,0.0,268.44,136.56
7966,20240424,3,10,475,4,655.99,0.05,2492.76,1165.12
7967,20240424,2,28,257,1,609.0,0.0,609.0,325.46
7968,20240424,6,25,441,3,387.37,0.0,1162.11,338.34
7969,20240424,6,14,405,3,246.23,0.1,664.82,96.77
7970,20240424,4,29,323,3,354.67,0.0,1064.01,505.2
7971,20240424,2,3,285,3,100.1,0.0,300.3,173.7
7972,20240424,1,24,210,2,249.97,0.1,449.95,133.85
7973,20240424,2,8,110,2,272.27,0.0,544.54,184.24
7974,20240425,1,16,432,1,706.85,0.0,706.85,407.67
7975,20240425,3,2,386,3,706.19,0.0,2118.57,1086.12
7976,20240425,4,26,597,2,105.66,0.0,211.32,43.4
7977,20240425,7,11,181,2,504.67,0.05,958.87,349.99
7978,20240425,4,23,418,3,726.04,0.0,2178.12,1176.9
7979,20240425,5,8,45,3,272.27,0.0,816.81,276.36
7980,20240425,1,5,571,3,98.3,0.0,294.9,128.1
7981,20240425,2,15,493,3,134.22,0.0,402.66,204.84
7982,20240425,7,6,562,3,350.77,0.0,1052.31,597.9
7983,20240425,7,22,178,3,453.16,0.0,1359.48,514.68
7984,20240425,1,7,23,2,569.53,0.0,1139.06,620.4
7985,20240425,2,24,427,1,249.97,0.0,249.97,91.92
7986,20240425,4,24,505,2,249.97,0.1,449.95,133.85
7987,20240425,1,8,331,6,272.27,0.05,1551.94,471.04
7988,20240425,4,24,534,2,249.97,0.05,474.94,158.84
7989,20240425,1,10,354,1,655.99,0.1,590.39,258.48
7990,20240425,6,1,92,2,545.21,0.0,1090.42,469.0
7991,20240425,3,6,467,4,350.77,0.2,1122.46,516.58
7992,20240425,4,1,125,4,545.21,0.0,2180.84,938.0
7993,20240425,1,11,170,1,504.67,0.0,504.67,200.23
7994,20240425,5,19,382,1,101.21,0.0,101.21,44.89
7995,20240425,6,22,541,2,453.16,0.05,861.0,297.8
7996,20240425,3,12,37,6,884.49,0.0,5306.94,2976.36
7997,20240425,2,30,333,4,83.21,0.0,332.84,91.96
7998,20240426,4,27,135,2,636.28,0.0,1272.56,640.88
7999,20240426,4,29,317,1,354.67,0.0,354.67,168.4
8000,20240426,6,30,273,1,83.21,0.0,83.21,22.99
8001,20240426,4,14,589,3,246.23,0.0,738.69,170.64
8002,20240426,2,5,547,3,98.3,0.0,294.9,128.1
8003,20240426,7,4,209,5,658.36,0.0,3291.8,1763.55
8004,20240426,6,19,560,4,101.21,0.0,404.84,179.56
8005,20240426,3,20,385,2,191.18,0.05,363.24,173.98
8006,20240426,7,27,350,3,636.28,0.0,1908.84,961.32
8007,20240426,5,7,254,5,569.53,0.0,2847.65,1551.0
8008,20240426,5,20,245,3,191.18,0.0,573.54,289.65
8009,20240426,1,18,151,3,279.59,0.0,838.77,267.36
8010,20240426,5,17,88,3,224.09,0.05,638.66,237.56
8011,20240426,1,26,109,1,105.66,0.0,105.66,21.7
8012,20240426,4,6,126,5,350.77,0.2,1403.08,645.73
8013,20240426,2,12,460,4,884.49,0.0,3537.96,1984.24
8014,20240426,3,21,311,2,392.24,0.0,784.48,429.12
8015,20240426,1,5,243,1,98.3,0.0,98.3,42.7
8016,20240426,1,23,506,1,726.04,0.0,726.04,392.3
8017,20240426,6,18,224,2,279.59,0.05,531.22,150.28
8018,20240427,5,19,579,2,101.21,0.05,192.3,79.66
8019,20240427,5,1,304,5,545.21,0.0,2726.05,1172.5
8020,20240427,1,22,599,4,453.16,0.05,1722.01,595.61
8021,20240427,5,30,37,5,83.21,0.0,416.05,114.95
8022,20240427,1,11,286,1,504.67,0.05,479.44,175.0
8023,20240427,5,11,25,5,504.67,0.0,2523.35,1001.15
8024,20240427,7,13,153,2,460.51,0.0,921.02,296.1
8025,20240427,6,13,39,1,460.51,0.0,460.51,148.05
8026,20240427,2,6,144,2,350.77,0.0,701.54,398.6
8027,20240427,5,27,131,4,636.28,0.0,2545.12,1281.76
8028,20240427,4,4,356,4,658.36,0.0,2633.44,1410.84
8029,20240427,1,24,325,3,249.97,0.0,749.91,275.76
8030,20240427,1,13,264,4,460.51,0.0,1842.04,592.2
8031,20240427,1,13,121,3,460.51,0.0,1381.53,444.15
8032,20240427,2,13,560,2,460.51,0.0,921.02,296.1
8033,20240427,3,4,322,4,658.36,0.0,2633.44,1410.84
8034,20240427,4,5,344,3,98.3,0.0,294.9,128.1
8035,20240427,3,17,459,4,224.09,0.0,896.36,361.56
8036,20240427,3,5,332,3,98.3,0.0,294.9,128.1
8037,20240428,2,16,289,4,706.85,0.0,2827.4,1630.68
8038,20240428,6,17,536,2,224.09,0.05,425.77,158.37
8039,20240428,6,21,31,1,392.24,0.0,392.24,214.56
8040,20240428,1,30,359,3,83.21,0.05,237.15,56.49
8041,20240428,4,2,490,1,706.19,0.0,706.19,362.04
8042,20240428,1,7,297,2,569.53,0.0,1139.06,620.4
8043,20240428,7,5,62,3,98.3,0.0,294.9,128.1
8044,20240428,3,19,474,4,101.21,0.0,404.84,179.56
8045,20240428,6,3,158,2,100.1,0.0,200.2,115.8
8046,20240428,2,14,336,4,246.23,0.05,935.67,178.27
8047,20240428,7,27,159,5,636.28,0.0,3181.4,1602.2
8048,20240428,1,22,375,3,453.16,0.0,1359.48,514.68
8049,20240428,2,10,196,3,655.99,0.0,1967.97,972.24
8050,20240428,7,6,588,2,350.77,0.1,631.39,328.45
8051,20240428,4,11,554,1,504.67,0.0,504.67,200.23
8052,20240428,2,15,566,3,134.22,0.2,322.13,124.31
8053,20240428,1,22,509,5,453.16,0.0,2265.8,857.8
8054,20240429,4,1,64,1,545.21,0.2,436.17,125.46
8055,20240429,2,17,169,3,224.09,0.0,672.27,271.17
8056,20240429,6,20,457,5,191.18,0.0,955.9,482.75
8057,20240429,3,10,38,4,655.99,0.0,2623.96,1296.32
8058,20240429,6,14,249,4,246.23,0.0,984.92,227.52
8059,20240429,4,10,103,4,655.99,0.0,2623.96,1296.32
8060,20240429,2,19,336,3,101.21,0.0,303.63,134.67
8061,20240429,7,27,331,1,636.28,0.0,636.28,320.44
8062,20240429,2,20,465,1,191.18,0.0,191.18,96.55
8063,20240429,1,24,363,4,249.97,0.0,999.88,367.68
8064,20240429,4,20,496,4,191.18,0.0,764.72,386.2
8065,20240429,5,16,226,2,706.85,0.0,1413.7,815.34
8066,20240430,7,17,349,2,224.09,0.0,448.18,180.78
8067,20240430,2,23,8,2,726.04,0.0,1452.08,784.6
8068,20240430,3,11,319,2,504.67,0.0,1009.34,400.46
8069,20240430,7,8,432,2,272.27,0.0,544.54,184.24
8070,20240430,2,14,401,2,246.23,0.0,492.46,113.76
8071,20240430,6,5,54,1,98.3,0.0,98.3,42.7
8072,20240430,7,7,166,4,569.53,0.0,2278.12,1240.8
8073,20240430,5,30,265,4,83.21,0.0,332.84,91.96
8074,20240430,4,20,589,4,191.18,0.0,764.72,386.2
8075,20240430,7,15,308,3,134.22,0.0,402.66,204.84
8076,20240430,7,6,584,5,350.77,0.0,1753.85,996.5
8077,20240430,2,29,126,1,354.67,0.0,354.67,168.4
8078,20240430,2,14,328,1,246.23,0.0,246.23,56.88
8079,20240430,2,10,66,3,655.99,0.0,1967.97,972.24
8080,20240430,7,1,141,3,545.21,0.0,1635.63,703.5
8081,20240430,2,2,481,2,706.19,0.0,1412.38,724.08
8082,20240430,3,24,34,2,249.97,0.0,499.94,183.84
8083,20240501,2,15,264,1,134.22,0.0,134.22,68.28
8084,20240501,3,27,320,5,636.28,0.0,3181.4,1602.2
8085,20240501,6,26,393,4,105.66,0.0,422.64,86.8
8086,20240501,6,8,303,2,272.27,0.0,544.54,184.24
8087,20240501,2,6,385,5,350.77,0.0,1753.85,996.5
8088,20240501,1,3,80,1,100.1,0.0,100.1,57.9
8089,20240501,4,9,436,2,296.52,0.0,593.04,144.92
8090,20240501,1,25,51,5,387.37,0.0,1936.85,563.9
8091,20240501,2,5,148,4,98.3,0.0,393.2,170.8
8092,20240501,4,22,164,4,453.16,0.0,1812.64,686.24
8093,20240501,5,23,313,2,726.04,0.0,1452.08,784.6
8094,20240501,3,13,182,1,460.51,0.05,437.48,125.02
8095,20240501,1,21,426,2,392.24,0.0,784.48,429.12
8096,20240501,1,10,488,2,655.99,0.0,1311.98,648.16
8097,20240501,2,13,174,3,460.51,0.0,1381.53,444.15
8098,20240501,6,21,110,4,392.24,0.0,1568.96,858.24
8099,20240501,5,10,211,1,655.99,0.0,655.99,324.08
8100,20240501,2,27,5,3,636.28,0.0,1908.84,961.32
8101,20240502,7,9,175,3,296.52,0.0,889.56,217.38
8102,20240502,4,13,7,2,460.51,0.05,874.97,250.05
8103,20240502,4,2,413,1,706.19,0.0,706.19,362.04
8104,20240502,6,7,167,2,569.53,0.0,1139.06,620.4
8105,20240502,3,23,14,2,726.04,0.2,1161.66,494.18
8106,20240502,2,3,353,1,100.1,0.05,95.09,52.89
8107,20240502,1,19,207,2,101.21,0.0,202.42,89.78
8108,20240502,6,19,186,5,101.21,0.05,480.75,199.15
8109,20240502,3,21,284,2,392.24,0.0,784.48,429.12
8110,20240502,3,10,386,3,655.99,0.0,1967.97,972.24
8111,20240502,1,16,579,2,706.85,0.0,1413.7,815.34
8112,20240502,5,24,117,1,249.97,0.0,249.97,91.92
8113,20240502,6,17,55,1,224.09,0.0,224.09,90.39
8114,20240502,5,25,89,2,387.37,0.05,736.0,186.82
8115,20240502,4,19,212,2,101.21,0.0,202.42,89.78
8116,20240503,4,1,498,1,545.21,0.0,545.21,234.5
8117,20240503,6,4,407,3,658.36,0.0,1975.08,1058.13
8118,20240503,7,15,459,1,134.22,0.0,134.22,68.28
8119,20240503,1,4,337,2,658.36,0.0,1316.72,705.42
8120,20240503,1,29,377,5,354.67,0.0,1773.35,842.0
8121,20240503,7,9,550,5,296.52,0.0,1482.6,362.3
8122,20240503,6,25,488,3,387.37,0.0,1162.11,338.34
8123,20240503,4,5,130,5,98.3,0.0,491.5,213.5
8124,20240503,1,1,22,4,545.21,0.0,2180.84,938.0
8125,20240503,1,3,459,1,100.1,0.0,100.1,57.9
8126,20240503,4,16,261,3,706.85,0.0,2120.55,1223.01
8127,20240503,2,8,593,4,272.27,0.0,1089.08,368.48
8128,20240503,4,3,30,1,100.1,0.0,100.1,57.9
8129,20240503,2,2,145,1,706.19,0.0,706.19,362.04
8130,20240503,5,22,60,4,453.16,0.0,1812.64,686.24
8131,20240504,2,10,217,2,655.99,0.1,1180.78,516.96
8132,20240504,2,20,121,3,191.18,0.0,573.54,289.65
8133,20240504,3,28,312,2,609.0,0.0,1218.0,650.92
8134,20240504,7,9,66,2,296.52,0.0,593.04,144.92
8135,20240504,3,22,280,3,453.16,0.0,1359.48,514.68
8136,20240504,3,4,38,5,658.36,0.0,3291.8,1763.55
8137,20240505,3,17,527,2,224.09,0.1,403.36,135.96
8138,20240505,1,18,488,1,279.59,0.0,279.59,89.12
8139,20240505,2,15,557,2,134.22,0.0,268.44,136.56
8140,20240505,5,11,403,3,504.67,0.05,1438.31,524.99
8141,20240505,7,24,308,1,249.97,0.0,249.97,91.92
8142,20240505,4,2,178,2,706.19,0.0,1412.38,724.08
8143,20240505,5,13,440,2,460.51,0.0,921.02,296.1
8144,20240505,3,11,514,3,504.67,0.0,1514.01,600.69
8145,20240505,1,24,99,2,249.97,0.0,499.94,183.84
8146,20240505,5,8,488,4,272.27,0.0,1089.08,368.48
8147,20240505,5,11,480,4,504.67,0.0,2018.68,800.92
8148,20240505,5,6,424,1,350.77,0.0,350.77,199.3
8149,20240505,7,11,135,3,504.67,0.0,1514.01,600.69
8150,20240505,1,6,327,2,350.77,0.0,701.54,398.6
8151,20240505,1,21,46,1,392.24,0.0,392.24,214.56
8152,20240505,2,10,299,3,655.99,0.0,1967.97,972.24
8153,20240505,1,13,324,2,460.51,0.0,921.02,296.1
8154,20240505,7,4,280,3,658.36,0.0,1975.08,1058.13
8155,20240505,2,20,600,1,191.18,0.0,191.18,96.55
8156,20240505,5,30,504,1,83.21,0.0,83.21,22.99
8157,20240505,3,8,593,4,272.27,0.0,1089.08,368.48
8158,20240506,2,1,193,1,545.21,0.0,545.21,234.5
8159,20240506,1,7,422,4,569.53,0.0,2278.12,1240.8
8160,20240506,4,22,271,2,453.16,0.05,861.0,297.8
8161,20240506,4,26,363,1,105.66,0.0,105.66,21.7
8162,20240506,3,18,495,4,279.59,0.0,1118.36,356.48
8163,20240506,2,28,42,3,609.0,0.0,1827.0,976.38
8164,20240506,7,11,540,1,504.67,0.0,504.67,200.23
8165,20240506,7,13,134,3,460.51,0.0,1381.53,444.15
8166,20240506,3,22,186,4,453.16,0.0,1812.64,686.24
8167,20240506,1,10,522,4,655.99,0.0,2623.96,1296.32
8168,20240506,6,4,305,3,658.36,0.0,1975.08,1058.13
8169,20240507,1,6,211,1,350.77,0.0,350.77,199.3
8170,20240507,6,1,188,5,545.21,0.0,2726.05,1172.5
8171,20240507,4,3,207,2,100.1,0.0,200.2,115.8
8172,20240507,6,18,446,1,279.59,0.05,265.61,75.14
8173,20240507,7,10,455,1,655.99,0.0,655.99,324.08
8174,20240507,5,4,595,1,658.36,0.0,658.36,352.71
8175,20240507,7,12,493,5,884.49,0.0,4422.45,2480.3
8176,20240507,5,27,223,3,636.28,0.0,1908.84,961.32
8177,20240507,7,3,570,3,100.1,0.0,300.3,173.7
8178,20240507,2,11,508,3,504.67,0.1,1362.61,449.29
8179,20240507,2,27,253,4,636.28,0.05,2417.86,1154.5
8180,20240507,4,14,483,3,246.23,0.0,738.69,170.64
8181,20240507,4,22,301,4,453.16,0.0,1812.64,686.24
8182,20240507,2,12,466,5,884.49,0.0,4422.45,2480.3
8183,20240508,3,6,380,3,350.77,0.05,999.69,545.28
8184,20240508,5,8,560,1,272.27,0.0,272.27,92.12
8185,20240508,2,3,210,1,100.1,0.0,100.1,57.9
8186,20240508,2,30,354,4,83.21,0.0,332.84,91.96
8187,20240508,5,10,192,1,655.99,0.05,623.19,291.28
8188,20240508,2,2,377,1,706.19,0.1,635.57,291.42
8189,20240508,1,16,449,2,706.85,0.0,1413.7,815.34
8190,20240508,3,12,511,1,884.49,0.0,884.49,496.06
8191,20240508,1,1,422,1,545.21,0.0,545.21,234.5
8192,20240508,4,20,449,1,191.18,0.1,172.06,77.43
8193,20240508,4,4,578,2,658.36,0.0,1316.72,705.42
8194,20240508,7,1,342,2,545.21,0.0,1090.42,469.0
8195,20240508,3,22,275,3,453.16,0.0,1359.48,514.68
8196,20240509,7,24,118,2,249.97,0.0,499.94,183.84
8197,20240509,3,22,20,4,453.16,0.2,1450.11,323.71
8198,20240509,3,20,221,2,191.18,0.0,382.36,193.1
8199,20240509,4,19,123,3,101.21,0.0,303.63,134.67
8200,20240509,7,6,484,2,350.77,0.0,701.54,398.6
8201,20240509,1,28,13,2,609.0,0.0,1218.0,650.92
8202,20240509,2,19,24,3,101.21,0.1,273.27,104.31
8203,20240509,4,11,472,5,504.67,0.1,2271.02,748.82
8204,20240509,1,28,177,1,609.0,0.0,609.0,325.46
8205,20240509,4,30,114,5,83.21,0.0,416.05,114.95
8206,20240509,7,13,11,4,460.51,0.0,1842.04,592.2
8207,20240509,7,24,542,2,249.97,0.0,499.94,183.84
8208,20240509,1,8,71,1,272.27,0.0,272.27,92.12
8209,20240509,4,25,277,4,387.37,0.0,1549.48,451.12
8210,20240509,1,29,182,4,354.67,0.0,1418.68,673.6
8211,20240509,1,23,271,1,726.04,0.0,726.04,392.3
8212,20240509,6,11,32,2,504.67,0.05,958.87,349.99
8213,20240509,5,7,578,1,569.53,0.0,569.53,310.2
8214,20240509,6,20,442,1,191.18,0.0,191.18,96.55
8215,20240509,4,17,43,2,224.09,0.0,448.18,180.78
8216,20240509,6,17,171,4,224.09,0.0,896.36,361.56
8217,20240510,4,20,515,2,191.18,0.05,363.24,173.98
8218,20240510,6,6,37,3,350.77,0.0,1052.31,597.9
8219,20240510,4,11,90,1,504.67,0.0,504.67,200.23
8220,20240510,3,21,535,3,392.24,0.0,1176.72,643.68
8221,20240510,2,4,180,2,658.36,0.0,1316.72,705.42
8222,20240510,6,18,448,1,279.59,0.0,279.59,89.12
8223,20240510,4,9,137,4,296.52,0.0,1186.08,289.84
8224,20240510,5,2,554,1,706.19,0.0,706.19,362.04
8225,20240510,3,17,295,3,224.09,0.0,672.27,271.17
8226,20240510,5,13,136,1,460.51,0.0,460.51,148.05
8227,20240510,1,13,396,2,460.51,0.0,921.02,296.1
8228,20240510,2,20,302,4,191.18,0.0,764.72,386.2
8229,20240510,6,17,583,4,224.09,0.0,896.36,361.56
8230,20240510,1,28,596,3,609.0,0.0,1827.0,976.38
8231,20240510,2,7,323,3,569.53,0.0,1708.59,930.6
8232,20240510,7,8,162,1,272.27,0.0,272.27,92.12
8233,20240510,2,26,215,2,105.66,0.05,200.75,32.83
8234,20240511,5,26,269,4,105.66,0.0,422.64,86.8
8235,20240511,3,13,236,1,460.51,0.0,460.51,148.05
8236,20240511,1,22,140,5,453.16,0.0,2265.8,857.8
8237,20240511,4,5,76,4,98.3,0.0,393.2,170.8
8238,20240511,4,30,556,4,83.21,0.05,316.2,75.32
8239,20240511,6,13,515,1,460.51,0.0,460.51,148.05
8240,20240511,7,25,478,3,387.37,0.0,1162.11,338.34
8241,20240511,3,6,168,1,350.77,0.05,333.23,181.76
8242,20240511,1,18,599,5,279.59,0.0,1397.95,445.6
8243,20240511,7,26,89,2,105.66,0.0,211.32,43.4
8244,20240511,1,10,118,1,655.99,0.0,655.99,324.08
8245,20240511,4,2,170,1,706.19,0.0,706.19,362.04
8246,20240511,1,7,590,2,569.53,0.0,1139.06,620.4
8247,20240511,6,15,271,4,134.22,0.0,536.88,273.12
8248,20240511,7,14,77,1,246.23,0.0,246.23,56.88
8249,20240512,1,1,437,3,545.21,0.0,1635.63,703.5
8250,20240512,4,1,331,1,545.21,0.0,545.21,234.5
8251,20240512,6,26,451,1,105.66,0.1,95.09,11.13
8252,20240512,4,8,553,5,272.27,0.05,1293.28,392.53
8253,20240512,1,29,222,2,354.67,0.0,709.34,336.8
8254,20240512,2,2,192,3,706.19,0.05,2012.64,980.19
8255,20240512,1,26,11,4,105.66,0.1,380.38,44.54
8256,20240512,3,21,187,5,392.24,0.0,1961.2,1072.8
8257,20240512,4,11,273,4,504.67,0.0,2018.68,800.92
8258,20240512,3,6,363,3,350.77,0.0,1052.31,597.9
8259,20240512,3,1,156,4,545.21,0.0,2180.84,938.0
8260,20240512,2,28,199,1,609.0,0.0,609.0,325.46
8261,20240512,2,24,345,4,249.97,0.0,999.88,367.68
8262,20240512,5,20,114,2,191.18,0.0,382.36,193.1
8263,20240512,3,20,329,4,191.18,0.05,726.48,347.96
8264,20240512,1,18,81,4,279.59,0.0,1118.36,356.48
8265,20240512,7,24,95,2,249.97,0.05,474.94,158.84
8266,20240512,5,16,237,3,706.85,0.0,2120.55,1223.01
8267,20240512,6,22,276,3,453.16,0.0,1359.48,514.68
8268,20240512,6,4,29,3,658.36,0.0,1975.08,1058.13
8269,20240512,3,17,427,3,224.09,0.0,672.27,271.17
8270,20240512,1,22,547,6,453.16,0.2,2175.17,485.57
8271,20240512,1,30,208,3,83.21,0.05,237.15,56.49
8272,20240513,3,2,278,2,706.19,0.0,1412.38,724.08
8273,20240513,2,18,233,4,279.59,0.0,1118.36,356.48
8274,20240513,3,24,396,4,249.97,0.0,999.88,367.68
8275,20240513,4,10,34,1,655.99,0.0,655.99,324.08
8276,20240513,4,24,339,3,249.97,0.0,749.91,275.76
8277,20240513,1,25,147,3,387.37,0.0,1162.11,338.34
8278,20240513,2,15,100,2,134.22,0.0,268.44,136.56
8279,20240513,2,9,21,3,296.52,0.0,889.56,217.38
8280,20240513,5,29,173,3,354.67,0.0,1064.01,505.2
8281,20240513,1,16,275,5,706.85,0.05,3357.54,1861.64
8282,20240513,3,18,480,6,279.59,0.0,1677.54,534.72
8283,20240513,6,11,306,6,504.67,0.0,3028.02,1201.38
8284,20240513,1,28,308,3,609.0,0.0,1827.0,976.38
8285,20240513,7,10,213,2,655.99,0.05,1246.38,582.56
8286,20240513,4,7,84,5,569.53,0.0,2847.65,1551.0
8287,20240513,4,24,148,3,249.97,0.0,749.91,275.76
8288,20240514,2,12,177,3,884.49,0.0,2653.47,1488.18
8289,20240514,2,21,456,1,392.24,0.0,392.24,214.56
8290,20240514,6,6,25,3,350.77,0.05,999.69,545.28
8291,20240514,4,16,220,4,706.85,0.0,2827.4,1630.68
8292,20240514,6,27,147,5,636.28,0.0,3181.4,1602.2
8293,20240514,4,30,349,3,83.21,0.0,249.63,68.97
8294,20240514,1,25,223,3,387.37,0.0,1162.11,338.34
8295,20240514,7,21,218,2,392.24,0.0,784.48,429.12
8296,20240514,1,9,234,5,296.52,0.0,1482.6,362.3
8297,20240514,7,28,53,2,609.0,0.0,1218.0,650.92
8298,20240514,1,4,39,4,658.36,0.0,2633.44,1410.84
8299,20240514,6,23,352,2,726.04,0.0,1452.08,784.6
8300,20240514,4,4,333,1,658.36,0.0,658.36,352.71
8301,20240514,4,24,532,3,249.97,0.0,749.91,275.76
8302,20240515,4,24,495,3,249.97,0.0,749.91,275.76
8303,20240515,4,12,234,2,884.49,0.0,1768.98,992.12
8304,20240515,2,10,31,1,655.99,0.0,655.99,324.08
8305,20240515,2,11,308,1,504.67,0.0,504.67,200.23
8306,20240515,7,2,550,4,706.19,0.0,2824.76,1448.16
8307,20240515,6,4,537,2,658.36,0.0,1316.72,705.42
8308,20240515,2,6,576,1,350.77,0.0,350.77,199.3
8309,20240515,7,29,398,3,354.67,0.0,1064.01,505.2
8310,20240515,6,2,464,2,706.19,0.0,1412.38,724.08
8311,20240515,2,22,517,1,453.16,0.0,453.16,171.56
8312,20240515,7,25,396,2,387.37,0.0,774.74,225.56
8313,20240515,7,15,496,4,134.22,0.2,429.5,165.74
8314,20240515,1,9,550,5,296.52,0.0,1482.6,362.3
8315,20240515,5,25,148,1,387.37,0.0,387.37,112.78
8316,20240515,6,5,396,3,98.3,0.0,294.9,128.1
8317,20240515,2,16,78,3,706.85,0.0,2120.55,1223.01
8318,20240515,1,17,533,2,224.09,0.0,448.18,180.78
8319,20240515,1,1,13,5,545.21,0.0,2726.05,1172.5
8320,20240515,2,30,210,1,83.21,0.0,83.21,22.99
8321,20240516,4,5,491,1,98.3,0.0,98.3,42.7
8322,20240516,1,4,555,4,658.36,0.0,2633.44,1410.84
8323,20240516,3,6,396,2,350.77,0.05,666.46,363.52
8324,20240516,7,2,350,1,706.19,0.0,706.19,362.04
8325,20240516,1,14,84,3,246.23,0.0,738.69,170.64
8326,20240516,7,2,27,2,706.19,0.05,1341.76,653.46
8327,20240516,2,26,182,1,105.66,0.0,105.66,21.7
8328,20240516,1,18,4,5,279.59,0.0,1397.95,445.6
8329,20240516,5,2,113,5,706.19,0.0,3530.95,1810.2
8330,20240516,3,6,594,5,350.77,0.0,1753.85,996.5
8331,20240516,7,15,200,6,134.22,0.0,805.32,409.68
8332,20240516,5,19,20,2,101.21,0.05,192.3,79.66
8333,20240517,6,9,38,1,296.52,0.0,296.52,72.46
8334,20240517,7,8,205,3,272.27,0.0,816.81,276.36
8335,20240517,1,9,525,1,296.52,0.0,296.52,72.46
8336,20240517,1,28,348,3,609.0,0.0,1827.0,976.38
8337,20240517,5,2,23,2,706.19,0.0,1412.38,724.08
8338,20240517,3,7,472,2,569.53,0.0,1139.06,620.4
8339,20240517,3,8,580,2,272.27,0.0,544.54,184.24
8340,20240517,1,5,540,1,98.3,0.05,93.38,37.78
8341,20240517,3,30,11,1,83.21,0.0,83.21,22.99
8342,20240517,7,18,71,4,279.59,0.0,1118.36,356.48
8343,20240517,4,9,126,4,296.52,0.0,1186.08,289.84
8344,20240517,1,22,46,1,453.16,0.0,453.16,171.56
8345,20240517,1,30,268,1,83.21,0.05,79.05,18.83
8346,20240518,5,12,528,6,884.49,0.1,4776.25,2445.67
8347,20240518,3,6,234,3,350.77,0.0,1052.31,597.9
8348,20240518,4,18,267,4,279.59,0.0,1118.36,356.48
8349,20240518,1,27,145,1,636.28,0.0,636.28,320.44
8350,20240518,4,2,109,2,706.19,0.0,1412.38,724.08
8351,20240518,2,16,288,3,706.85,0.0,2120.55,1223.01
8352,20240518,7,5,470,1,98.3,0.0,98.3,42.7
8353,20240518,7,21,221,5,392.24,0.1,1765.08,876.68
8354,20240518,3,21,121,1,392.24,0.05,372.63,194.95
8355,20240518,1,2,335,4,706.19,0.0,2824.76,1448.16
8356,20240518,1,28,334,2,609.0,0.0,1218.0,650.92
8357,20240518,2,2,39,3,706.19,0.05,2012.64,980.19
8358,20240518,4,29,17,2,354.67,0.0,709.34,336.8
8359,20240518,4,1,214,5,545.21,0.0,2726.05,1172.5
8360,20240518,1,4,323,2,658.36,0.0,1316.72,705.42
8361,20240519,2,20,274,2,191.18,0.1,344.12,154.86
8362,20240519,1,27,491,3,636.28,0.0,1908.84,961.32
8363,20240519,2,7,471,3,569.53,0.0,1708.59,930.6
8364,20240519,2,27,244,2,636.28,0.0,1272.56,640.88
8365,20240519,1,21,331,1,392.24,0.0,392.24,214.56
8366,20240519,1,12,58,1,884.49,0.0,884.49,496.06
8367,20240519,5,28,59,4,609.0,0.1,2192.4,1058.24
8368,20240519,5,11,235,1,504.67,0.0,504.67,200.23
8369,20240519,1,1,67,4,545.21,0.05,2071.8,828.96
8370,20240519,5,6,144,4,350.77,0.0,1403.08,797.2
8371,20240519,1,24,55,3,249.97,0.05,712.41,238.26
8372,20240519,3,29,158,5,354.67,0.05,1684.68,753.33
8373,20240519,4,6,206,2,350.77,0.0,701.54,398.6
8374,20240519,4,13,102,2,460.51,0.0,921.02,296.1
8375,20240519,5,22,598,2,453.16,0.05,861.0,297.8
8376,20240519,4,14,592,4,246.23,0.0,984.92,227.52
8377,20240519,2,21,211,2,392.24,0.0,784.48,429.12
8378,20240519,1,11,260,3,504.67,0.0,1514.01,600.69
8379,20240519,1,14,61,2,246.23,0.0,492.46,113.76
8380,20240519,6,19,145,3,101.21,0.0,303.63,134.67
8381,20240520,6,11,254,1,504.67,0.0,504.67,200.23
8382,20240520,3,17,170,1,224.09,0.0,224.09,90.39
8383,20240520,1,17,112,3,224.09,0.0,672.27,271.17
8384,20240520,5,8,209,1,272.27,0.2,217.82,37.67
8385,20240520,4,27,211,2,636.28,0.0,1272.56,640.88
8386,20240520,5,18,594,4,279.59,0.0,1118.36,356.48
8387,20240520,5,7,416,3,569.53,0.0,1708.59,930.6
8388,20240520,2,2,269,1,706.19,0.0,706.19,362.04
8389,20240520,1,8,72,2,272.27,0.0,544.54,184.24
8390,20240520,6,24,346,1,249.97,0.0,249.97,91.92
8391,20240520,2,26,423,4,105.66,0.0,422.64,86.8
8392,20240520,4,21,4,1,392.24,0.0,392.24,214.56
8393,20240520,6,21,421,1,392.24,0.0,392.24,214.56
8394,20240520,4,16,330,3,706.85,0.1,1908.5,1010.96
8395,20240520,3,10,550,4,655.99,0.0,2623.96,1296.32
8396,20240520,6,17,403,3,224.09,0.05,638.66,237.56
8397,20240520,1,8,376,5,272.27,0.0,1361.35,460.6
8398,20240520,2,13,323,6,460.51,0.0,2763.06,888.3
8399,20240520,4,29,453,4,354.67,0.1,1276.81,531.73
8400,20240520,3,17,8,4,224.09,0.0,896.36,361.56
8401,20240520,5,5,330,4,98.3,0.0,393.2,170.8
8402,20240520,1,4,266,4,658.36,0.05,2501.77,1279.17
8403,20240521,7,26,370,1,105.66,0.0,105.66,21.7
8404,20240521,2,24,473,3,249.97,0.0,749.91,275.76
8405,20240521,5,13,587,1,460.51,0.0,460.51,148.05
8406,20240521,4,27,241,3,636.28,0.0,1908.84,961.32
8407,20240521,2,30,361,2,83.21,0.0,166.42,45.98
8408,20240521,7,27,11,2,636.28,0.0,1272.56,640.88
8409,20240521,1,18,9,2,279.59,0.0,559.18,178.24
8410,20240521,3,30,189,3,83.21,0.2,199.7,19.04
8411,20240521,4,8,234,1,272.27,0.0,272.27,92.12
8412,20240521,1,6,89,3,350.77,0.05,999.69,545.28
8413,20240521,1,22,509,3,453.16,0.0,1359.48,514.68
8414,20240521,5,7,324,6,569.53,0.0,3417.18,1861.2
8415,20240521,6,20,3,4,191.18,0.0,764.72,386.2
8416,20240521,1,7,183,2,569.53,0.0,1139.06,620.4
8417,20240521,7,28,382,1,609.0,0.0,609.0,325.46
8418,20240522,2,5,197,3,98.3,0.0,294.9,128.1
8419,20240522,4,21,367,5,392.24,0.0,1961.2,1072.8
8420,20240522,2,26,61,4,105.66,0.0,422.64,86.8
8421,20240522,7,29,521,3,354.67,0.0,1064.01,505.2
8422,20240522,2,15,10,6,134.22,0.0,805.32,409.68
8423,20240522,3,24,536,5,249.97,0.0,1249.85,459.6
8424,20240522,7,11,12,3,504.67,0.05,1438.31,524.99
8425,20240522,1,30,145,4,83.21,0.0,332.84,91.96
8426,20240522,2,14,57,3,246.23,0.2,590.95,22.9
8427,20240522,6,6,54,1,350.77,0.0,350.77,199.3
8428,20240522,7,11,529,2,504.67,0.0,1009.34,400.46
8429,20240522,4,30,234,2,83.21,0.0,166.42,45.98
8430,20240522,6,8,148,2,272.27,0.0,544.54,184.24
8431,20240522,2,8,63,3,272.27,0.05,775.97,235.52
8432,20240522,7,25,568,5,387.37,0.0,1936.85,563.9
8433,20240522,4,25,517,2,387.37,0.05,736.0,186.82
8434,20240523,6,9,343,4,296.52,0.0,1186.08,289.84
8435,20240523,3,9,492,1,296.52,0.0,296.52,72.46
8436,20240523,1,23,384,4,726.04,0.0,2904.16,1569.2
8437,20240523,5,20,103,2,191.18,0.0,382.36,193.1
8438,20240523,6,1,353,2,545.21,0.0,1090.42,469.0
8439,20240523,5,26,304,4,105.66,0.0,422.64,86.8
8440,20240523,7,24,166,2,249.97,0.1,449.95,133.85
8441,20240523,7,6,301,1,350.77,0.0,350.77,199.3
8442,20240523,6,24,75,3,249.97,0.0,749.91,275.76
8443,20240523,1,22,583,2,453.16,0.0,906.32,343.12
8444,20240523,3,19,183,1,101.21,0.05,96.15,39.83
8445,20240523,7,6,554,1,350.77,0.0,350.77,199.3
8446,20240523,3,4,199,4,658.36,0.0,2633.44,1410.84
8447,20240523,1,24,588,3,249.97,0.1,674.92,200.77
8448,20240523,6,20,453,3,191.18,0.0,573.54,289.65
8449,20240523,2,1,262,1,545.21,0.05,517.95,207.24
8450,20240523,1,15,390,5,134.22,0.0,671.1,341.4
8451,20240524,4,18,290,2,279.59,0.0,559.18,178.24
8452,20240524,5,23,596,4,726.04,0.0,2904.16,1569.2
8453,20240524,1,6,385,3,350.77,0.2,841.85,387.44
8454,20240524,1,11,585,2,504.67,0.0,1009.34,400.46
8455,20240524,5,15,121,3,134.22,0.1,362.39,164.57
8456,20240524,3,5,548,3,98.3,0.0,294.9,128.1
8457,20240524,1,7,493,1,569.53,0.0,569.53,310.2
8458,20240524,4,28,309,3,609.0,0.1,1644.3,793.68
8459,20240524,4,18,443,1,279.59,0.1,251.63,61.16
8460,20240524,3,2,45,1,706.19,0.0,706.19,362.04
8461,20240524,4,19,393,1,101.21,0.0,101.21,44.89
8462,20240524,1,9,401,3,296.52,0.0,889.56,217.38
8463,20240524,1,16,175,1,706.85,0.0,706.85,407.67
8464,20240524,1,12,286,3,884.49,0.0,2653.47,1488.18
8465,20240524,4,28,25,1,609.0,0.0,609.0,325.46
8466,20240524,4,2,34,2,706.19,0.0,1412.38,724.08
8467,20240525,1,10,113,1,655.99,0.0,655.99,324.08
8468,20240525,2,7,173,5,569.53,0.0,2847.65,1551.0
8469,20240525,4,10,41,2,655.99,0.0,1311.98,648.16
8470,20240525,5,21,549,3,392.24,0.05,1117.88,584.84
8471,20240525,7,8,115,1,272.27,0.1,245.04,64.89
8472,20240525,3,21,523,2,392.24,0.1,706.03,350.67
8473,20240525,4,4,290,3,658.36,0.0,1975.08,1058.13
8474,20240525,3,5,135,3,98.3,0.0,294.9,128.1
8475,20240525,4,13,157,1,460.51,0.1,414.46,102.0
8476,20240525,2,4,10,5,658.36,0.0,3291.8,1763.55
8477,20240525,3,26,467,5,105.66,0.0,528.3,108.5
8478,20240525,6,5,597,2,98.3,0.0,196.6,85.4
8479,20240525,2,23,177,1,726.04,0.0,726.04,392.3
8480,20240525,3,14,414,4,246.23,0.0,984.92,227.52
8481,20240525,1,22,408,3,453.16,0.0,1359.48,514.68
8482,20240525,5,26,183,2,105.66,0.0,211.32,43.4
8483,20240525,2,23,408,5,726.04,0.0,3630.2,1961.5
8484,20240525,6,1,174,1,545.21,0.0,545.21,234.5
8485,20240525,1,21,71,4,392.24,0.0,1568.96,858.24
8486,20240526,2,16,162,3,706.85,0.0,2120.55,1223.01
8487,20240526,6,14,453,3,246.23,0.0,738.69,170.64
8488,20240526,1,20,422,4,191.18,0.0,764.72,386.2
8489,20240526,2,3,443,3,100.1,0.0,300.3,173.7
8490,20240526,3,30,598,4,83.21,0.0,332.84,91.96
8491,20240526,1,12,253,4,884.49,0.0,3537.96,1984.24
8492,20240526,1,12,32,1,884.49,0.0,884.49,496.06
8493,20240527,2,21,462,4,392.24,0.1,1412.06,701.34
8494,20240527,2,3,369,2,100.1,0.0,200.2,115.8
8495,20240527,4,29,356,3,354.67,0.0,1064.01,505.2
8496,20240527,4,17,467,1,224.09,0.0,224.09,90.39
8497,20240527,6,11,358,3,504.67,0.05,1438.31,524.99
8498,20240527,7,9,575,3,296.52,0.0,889.56,217.38
8499,20240527,6,24,237,3,249.97,0.05,712.41,238.26
8500,20240527,2,25,111,4,387.37,0.0,1549.48,451.12
8501,20240527,1,3,399,3,100.1,0.0,300.3,173.7
8502,20240527,3,30,163,2,83.21,0.0,166.42,45.98
8503,20240527,6,8,384,2,272.27,0.0,544.54,184.24
8504,20240527,1,16,505,5,706.85,0.0,3534.25,2038.35
8505,20240527,4,18,503,3,279.59,0.0,838.77,267.36
8506,20240527,1,26,41,4,105.66,0.1,380.38,44.54
8507,20240527,7,24,19,4,249.97,0.05,949.89,317.69
8508,20240527,7,1,22,5,545.21,0.0,2726.05,1172.5
8509,20240528,6,27,251,1,636.28,0.0,636.28,320.44
8510,20240528,6,19,392,1,101.21,0.0,101.21,44.89
8511,20240528,6,8,490,2,272.27,0.0,544.54,184.24
8512,20240528,5,25,495,4,387.37,0.05,1472.01,373.65
8513,20240528,5,3,463,5,100.1,0.0,500.5,289.5
8514,20240528,4,3,19,3,100.1,0.0,300.3,173.7
8515,20240528,1,19,12,2,101.21,0.0,202.42,89.78
8516,20240528,4,3,510,1,100.1,0.0,100.1,57.9
8517,20240528,5,30,47,3,83.21,0.0,249.63,68.97
8518,20240528,5,29,340,1,354.67,0.0,354.67,168.4
8519,20240528,4,16,423,2,706.85,0.0,1413.7,815.34
8520,20240528,2,26,503,5,105.66,0.0,528.3,108.5
8521,20240528,6,2,256,4,706.19,0.05,2683.52,1306.92
8522,20240528,4,25,599,3,387.37,0.0,1162.11,338.34
8523,20240528,4,17,273,1,224.09,0.0,224.09,90.39
8524,20240528,1,11,293,2,504.67,0.0,1009.34,400.46
8525,20240528,1,12,465,4,884.49,0.0,3537.96,1984.24
8526,20240528,7,15,338,1,134.22,0.1,120.8,54.86
8527,20240528,4,1,534,1,545.21,0.0,545.21,234.5
8528,20240528,5,13,566,3,460.51,0.0,1381.53,444.15
8529,20240528,6,13,239,2,460.51,0.0,921.02,296.1
8530,20240528,1,2,283,3,706.19,0.05,2012.64,980.19
8531,20240528,5,30,133,1,83.21,0.0,83.21,22.99
8532,20240529,5,11,412,5,504.67,0.2,2018.68,496.48
8533,20240529,4,12,582,3,884.49,0.05,2520.8,1355.51
8534,20240529,3,19,442,3,101.21,0.0,303.63,134.67
8535,20240529,3,19,131,1,101.21,0.0,101.21,44.89
8536,20240529,1,7,139,1,569.53,0.0,569.53,310.2
8537,20240529,4,9,315,4,296.52,0.0,1186.08,289.84
8538,20240529,3,5,14,1,98.3,0.0,98.3,42.7
8539,20240529,5,18,527,4,279.59,0.0,1118.36,356.48
8540,20240529,2,4,255,1,658.36,0.0,658.36,352.71
8541,20240529,5,28,384,2,609.0,0.05,1157.1,590.02
8542,20240529,6,12,442,3,884.49,0.0,2653.47,1488.18
8543,20240529,1,4,569,2,658.36,0.05,1250.88,639.58
8544,20240529,7,1,249,5,545.21,0.0,2726.05,1172.5
8545,20240529,1,22,349,3,453.16,0.05,1291.51,446.71
8546,20240529,4,12,346,3,884.49,0.0,2653.47,1488.18
8547,20240529,4,25,223,1,387.37,0.0,387.37,112.78
8548,20240529,2,23,170,4,726.04,0.0,2904.16,1569.2
8549,20240529,2,25,249,1,387.37,0.0,387.37,112.78
8550,20240529,7,19,488,1,101.21,0.0,101.21,44.89
8551,20240529,7,22,1,3,453.16,0.2,1087.58,242.78
8552,20240529,4,27,94,4,636.28,0.0,2545.12,1281.76
8553,20240529,7,21,587,4,392.24,0.0,1568.96,858.24
8554,20240530,3,8,263,5,272.27,0.05,1293.28,392.53
8555,20240530,6,10,224,3,655.99,0.0,1967.97,972.24
8556,20240530,1,11,257,3,504.67,0.0,1514.01,600.69
8557,20240530,3,16,192,2,706.85,0.0,1413.7,815.34
8558,20240530,4,18,505,3,279.59,0.05,796.83,225.42
8559,20240530,4,24,133,2,249.97,0.0,499.94,183.84
8560,20240530,1,14,499,1,246.23,0.1,221.61,32.26
8561,20240530,4,9,79,3,296.52,0.0,889.56,217.38
8562,20240530,6,27,41,3,636.28,0.1,1717.96,770.44
8563,20240530,1,24,597,4,249.97,0.0,999.88,367.68
8564,20240530,7,16,39,1,706.85,0.1,636.17,336.99
8565,20240530,7,21,474,4,392.24,0.05,1490.51,779.79
8566,20240530,4,2,310,2,706.19,0.0,1412.38,724.08
8567,20240530,2,9,338,2,296.52,0.0,593.04,144.92
8568,20240530,5,24,89,2,249.97,0.0,499.94,183.84
8569,20240531,4,10,251,1,655.99,0.05,623.19,291.28
8570,20240531,1,1,503,5,545.21,0.0,2726.05,1172.5
8571,20240531,3,8,5,3,272.27,0.0,816.81,276.36
8572,20240531,6,19,285,3,101.21,0.0,303.63,134.67
8573,20240531,7,5,438,3,98.3,0.0,294.9,128.1
8574,20240531,6,1,99,1,545.21,0.0,545.21,234.5
8575,20240531,7,21,353,3,392.24,0.0,1176.72,643.68
8576,20240531,7,29,157,1,354.67,0.0,354.67,168.4
8577,20240531,1,28,299,2,609.0,0.0,1218.0,650.92
8578,20240531,6,5,447,4,98.3,0.0,393.2,170.8
8579,20240531,2,7,239,3,569.53,0.1,1537.73,759.74
8580,20240531,1,28,596,3,609.0,0.0,1827.0,976.38
8581,20240531,1,14,396,1,246.23,0.0,246.23,56.88
8582,20240531,1,16,146,1,706.85,0.0,706.85,407.67
8583,20240531,7,23,375,2,726.04,0.0,1452.08,784.6
8584,20240531,3,27,511,2,636.28,0.0,1272.56,640.88
8585,20240601,5,5,528,4,98.3,0.0,393.2,170.8
8586,20240601,1,7,377,2,569.53,0.0,1139.06,620.4
8587,20240601,4,8,42,3,272.27,0.1,735.13,194.68
8588,20240601,6,24,250,3,249.97,0.0,749.91,275.76
8589,20240601,5,26,428,1,105.66,0.0,105.66,21.7
8590,20240601,1,15,410,3,134.22,0.2,322.13,124.31
8591,20240601,5,23,593,4,726.04,0.1,2613.74,1278.78
8592,20240601,3,20,173,1,191.18,0.0,191.18,96.55
8593,20240601,6,8,305,2,272.27,0.0,544.54,184.24
8594,20240601,1,18,498,2,279.59,0.0,559.18,178.24
8595,20240601,6,15,452,1,134.22,0.0,134.22,68.28
8596,20240601,1,11,239,3,504.67,0.0,1514.01,600.69
8597,20240601,7,26,195,4,105.66,0.0,422.64,86.8
8598,20240601,1,1,97,3,545.21,0.0,1635.63,703.5
8599,20240601,7,11,74,1,504.67,0.0,504.67,200.23
8600,20240601,2,19,194,4,101.21,0.05,384.6,159.32
8601,20240601,7,11,132,1,504.67,0.0,504.67,200.23
8602,20240602,3,19,494,6,101.21,0.0,607.26,269.34
8603,20240602,1,8,408,1,272.27,0.0,272.27,92.12
8604,20240602,5,28,385,1,609.0,0.0,609.0,325.46
8605,20240602,1,19,227,2,101.21,0.0,202.42,89.78
8606,20240602,2,13,493,3,460.51,0.05,1312.45,375.07
8607,20240602,2,15,410,2,134.22,0.1,241.6,109.72
8608,20240602,4,1,213,3,545.21,0.0,1635.63,703.5
8609,20240602,3,14,580,1,246.23,0.0,246.23,56.88
8610,20240602,5,4,300,4,658.36,0.0,2633.44,1410.84
8611,20240602,3,12,122,3,884.49,0.0,2653.47,1488.18
8612,20240602,3,16,276,4,706.85,0.0,2827.4,1630.68
8613,20240602,2,9,282,3,296.52,0.0,889.56,217.38
8614,20240602,4,16,142,3,706.85,0.05,2014.52,1116.98
8615,20240602,2,19,117,1,101.21,0.0,101.21,44.89
8616,20240602,1,1,530,1,545.21,0.0,545.21,234.5
8617,20240603,4,26,55,5,105.66,0.0,528.3,108.5
8618,20240603,2,28,118,1,609.0,0.0,609.0,325.46
8619,20240603,4,2,223,5,706.19,0.0,3530.95,1810.2
8620,20240603,5,14,334,1,246.23,0.0,246.23,56.88
8621,20240603,1,22,292,3,453.16,0.0,1359.48,514.68
8622,20240603,4,18,528,4,279.59,0.0,1118.36,356.48
8623,20240603,5,21,168,4,392.24,0.0,1568.96,858.24
8624,20240603,1,12,526,1,884.49,0.0,884.49,496.06
8625,20240603,5,9,128,1,296.52,0.05,281.69,57.63
8626,20240603,3,21,465,4,392.24,0.0,1568.96,858.24
8627,20240603,7,15,177,3,134.22,0.0,402.66,204.84
8628,20240603,2,3,268,2,100.1,0.2,160.16,75.76
8629,20240603,1,1,193,1,545.21,0.0,545.21,234.5
8630,20240603,1,10,266,1,655.99,0.05,623.19,291.28
8631,20240604,4,18,528,3,279.59,0.1,754.89,183.48
8632,20240604,1,23,71,2,726.04,0.0,1452.08,784.6
8633,20240604,6,9,60,4,296.52,0.0,1186.08,289.84
8634,20240604,7,26,332,3,105.66,0.0,316.98,65.1
8635,20240604,6,26,442,3,105.66,0.0,316.98,65.1
8636,20240604,4,20,50,3,191.18,0.0,573.54,289.65
8637,20240604,3,9,416,3,296.52,0.05,845.08,172.9
8638,20240604,3,4,144,4,658.36,0.2,2106.75,884.15
8639,20240604,7,26,338,1,105.66,0.0,105.66,21.7
8640,20240604,2,3,159,4,100.1,0.0,400.4,231.6
8641,20240604,2,4,285,1,658.36,0.1,592.52,286.87
8642,20240604,5,14,397,2,246.23,0.05,467.84,89.14
8643,20240604,5,2,325,2,706.19,0.0,1412.38,724.08
8644,20240604,3,2,308,5,706.19,0.0,3530.95,1810.2
8645,20240604,6,24,387,5,249.97,0.2,999.88,209.63
8646,20240604,7,1,59,1,545.21,0.0,545.21,234.5
8647,20240604,1,17,73,4,224.09,0.0,896.36,361.56
8648,20240604,5,21,287,3,392.24,0.0,1176.72,643.68
8649,20240604,4,14,472,2,246.23,0.1,443.21,64.51
8650,20240604,4,6,51,1,350.77,0.05,333.23,181.76
8651,20240605,6,18,406,2,279.59,0.0,559.18,178.24
8652,20240605,2,5,485,3,98.3,0.0,294.9,128.1
8653,20240605,7,8,406,4,272.27,0.0,1089.08,368.48
8654,20240605,4,8,237,2,272.27,0.0,544.54,184.24
8655,20240605,3,30,569,3,83.21,0.0,249.63,68.97
8656,20240605,4,18,42,6,279.59,0.0,1677.54,534.72
8657,20240605,2,12,61,1,884.49,0.0,884.49,496.06
8658,20240605,5,16,172,1,706.85,0.0,706.85,407.67
8659,20240605,1,26,488,1,105.66,0.0,105.66,21.7
8660,20240605,5,15,447,3,134.22,0.0,402.66,204.84
8661,20240605,3,19,349,4,101.21,0.0,404.84,179.56
8662,20240605,1,29,264,1,354.67,0.0,354.67,168.4
8663,20240605,2,29,449,4,354.67,0.0,1418.68,673.6
8664,20240605,4,30,318,2,83.21,0.05,158.1,37.66
8665,20240605,1,20,149,2,191.18,0.0,382.36,193.1
8666,20240605,2,15,420,5,134.22,0.1,603.99,274.29
8667,20240606,5,22,290,1,453.16,0.05,430.5,148.9
8668,20240606,1,4,540,2,658.36,0.0,1316.72,705.42
8669,20240606,3,22,404,3,453.16,0.0,1359.48,514.68
8670,20240606,5,18,417,6,279.59,0.0,1677.54,534.72
8671,20240606,5,3,340,1,100.1,0.05,95.09,52.89
8672,20240606,7,2,152,5,706.19,0.0,3530.95,1810.2
8673,20240606,1,11,580,2,504.67,0.0,1009.34,400.46
8674,20240606,1,2,213,3,706.19,0.1,1906.71,874.26
8675,20240606,6,20,73,1,191.18,0.0,191.18,96.55
8676,20240606,2,7,204,3,569.53,0.0,1708.59,930.6
8677,20240606,5,4,24,1,658.36,0.05,625.44,319.79
8678,20240606,2,24,33,4,249.97,0.05,949.89,317.69
8679,20240606,4,21,266,3,392.24,0.0,1176.72,643.68
8680,20240606,4,18,409,1,279.59,0.1,251.63,61.16
8681,20240606,4,14,439,2,246.23,0.0,492.46,113.76
8682,20240606,2,13,550,4,460.51,0.1,1657.84,408.0
8683,20240606,3,30,43,2,83.21,0.0,166.42,45.98
8684,20240606,2,8,544,1,272.27,0.0,272.27,92.12
8685,20240606,3,18,43,3,279.59,0.0,838.77,267.36
8686,20240607,4,12,580,3,884.49,0.0,2653.47,1488.18
8687,20240607,7,12,526,3,884.49,0.0,2653.47,1488.18
8688,20240607,5,21,580,2,392.24,0.0,784.48,429.12
8689,20240607,1,27,288,2,636.28,0.0,1272.56,640.88
8690,20240607,3,20,310,4,191.18,0.0,764.72,386.2
8691,20240607,3,18,452,1,279.59,0.0,279.59,89.12
8692,20240607,6,3,127,1,100.1,0.0,100.1,57.9
8693,20240607,2,24,214,3,249.97,0.0,749.91,275.76
8694,20240607,3,15,295,3,134.22,0.05,382.53,184.71
8695,20240607,2,8,554,2,272.27,0.0,544.54,184.24
8696,20240607,5,28,136,3,609.0,0.1,1644.3,793.68
8697,20240607,1,23,479,2,726.04,0.0,1452.08,784.6
8698,20240607,2,17,36,4,224.09,0.2,717.09,182.29
8699,20240607,6,14,166,5,246.23,0.0,1231.15,284.4
8700,20240607,6,30,388,2,83.21,0.0,166.42,45.98
8701,20240607,4,4,420,5,658.36,0.0,3291.8,1763.55
8702,20240607,4,9,405,1,296.52,0.0,296.52,72.46
8703,20240607,6,22,562,1,453.16,0.0,453.16,171.56
8704,20240607,6,26,520,2,105.66,0.0,211.32,43.4
8705,20240607,1,16,587,1,706.85,0.0,706.85,407.67
8706,20240608,2,12,531,2,884.49,0.0,1768.98,992.12
8707,20240608,3,18,355,4,279.59,0.05,1062.44,300.56
8708,20240608,1,10,459,3,655.99,0.0,1967.97,972.24
8709,20240608,2,1,48,2,545.21,0.2,872.34,250.92
8710,20240608,1,12,257,1,884.49,0.0,884.49,496.06
8711,20240608,6,14,108,1,246.23,0.0,246.23,56.88
8712,20240608,1,6,160,3,350.77,0.0,1052.31,597.9
8713,20240608,6,29,595,3,354.67,0.0,1064.01,505.2
8714,20240608,1,1,553,1,545.21,0.0,545.21,234.5
8715,20240608,2,10,232,4,655.99,0.0,2623.96,1296.32
8716,20240608,1,5,325,3,98.3,0.0,294.9,128.1
8717,20240608,4,24,179,3,249.97,0.0,749.91,275.76
8718,20240608,4,6,402,2,350.77,0.0,701.54,398.6
8719,20240608,4,2,207,1,706.19,0.05,670.88,326.73
8720,20240608,2,22,103,5,453.16,0.0,2265.8,857.8
8721,20240608,1,8,110,4,272.27,0.0,1089.08,368.48
8722,20240608,4,16,78,2,706.85,0.0,1413.7,815.34
8723,20240609,3,26,250,3,105.66,0.0,316.98,65.1
8724,20240609,3,10,140,3,655.99,0.0,1967.97,972.24
8725,20240609,7,9,577,1,296.52,0.0,296.52,72.46
8726,20240609,1,23,528,1,726.04,0.0,726.04,392.3
8727,20240609,4,24,534,3,249.97,0.0,749.91,275.76
8728,20240609,6,16,52,1,706.85,0.0,706.85,407.67
8729,20240609,4,12,521,1,884.49,0.0,884.49,496.06
8730,20240609,6,1,15,4,545.21,0.0,2180.84,938.0
8731,20240609,4,3,547,3,100.1,0.0,300.3,173.7
8732,20240609,4,5,414,3,98.3,0.05,280.15,113.35
8733,20240609,7,4,140,1,658.36,0.0,658.36,352.71
8734,20240609,3,18,392,2,279.59,0.0,559.18,178.24
8735,20240609,4,19,575,4,101.21,0.05,384.6,159.32
8736,20240609,3,14,241,1,246.23,0.0,246.23,56.88
8737,20240609,6,11,457,3,504.67,0.0,1514.01,600.69
8738,20240609,3,21,170,1,392.24,0.0,392.24,214.56
8739,20240609,1,24,515,4,249.97,0.0,999.88,367.68
8740,20240610,4,10,340,3,655.99,0.05,1869.57,873.84
8741,20240610,4,24,491,3,249.97,0.0,749.91,275.76
8742,20240610,4,4,195,2,658.36,0.0,1316.72,705.42
8743,20240610,7,4,296,5,658.36,0.0,3291.8,1763.55
8744,20240610,1,3,482,3,100.1,0.1,270.27,143.67
8745,20240610,2,27,129,5,636.28,0.0,3181.4,1602.2
8746,20240610,4,22,548,2,453.16,0.0,906.32,343.12
8747,20240610,7,1,397,4,545.21,0.05,2071.8,828.96
8748,20240610,2,1,482,2,545.21,0.05,1035.9,414.48
8749,20240610,5,24,210,3,249.97,0.1,674.92,200.77
8750,20240610,3,22,384,3,453.16,0.0,1359.48,514.68
8751,20240611,7,10,538,3,655.99,0.0,1967.97,972.24
8752,20240611,2,10,568,1,655.99,0.0,655.99,324.08
8753,20240611,3,25,80,1,387.37,0.0,387.37,112.78
8754,20240611,6,17,496,1,224.09,0.2,179.27,45.57
8755,20240611,2,18,258,3,279.59,0.05,796.83,225.42
8756,20240611,5,12,571,3,884.49,0.2,2122.78,957.49
8757,20240611,1,16,539,1,706.85,0.0,706.85,407.67
8758,20240611,1,18,201,3,279.59,0.0,838.77,267.36
8759,20240611,2,10,491,2,655.99,0.0,1311.98,648.16
8760,20240611,3,28,454,1,609.0,0.0,609.0,325.46
8761,20240611,4,26,22,3,105.66,0.0,316.98,65.1
8762,20240611,5,21,218,1,392.24,0.0,392.24,214.56
8763,20240611,3,24,13,3,249.97,0.0,749.91,275.76
8764,20240611,6,29,332,3,354.67,0.1,957.61,398.8
8765,20240612,1,25,378,1,387.37,0.0,387.37,112.78
8766,20240612,1,1,239,3,545.21,0.0,1635.63,703.5
8767,20240612,4,17,79,1,224.09,0.0,224.09,90.39
8768,20240612,6,3,297,1,100.1,0.0,100.1,57.9
8769,20240612,2,14,148,4,246.23,0.0,984.92,227.52
8770,20240612,7,4,371,4,658.36,0.0,2633.44,1410.84
8771,20240612,1,13,486,4,460.51,0.0,1842.04,592.2
8772,20240612,3,13,150,3,460.51,0.2,1105.22,167.84
8773,20240612,4,21,465,4,392.24,0.0,1568.96,858.24
8774,20240612,1,29,53,5,354.67,0.1,1596.02,664.67
8775,20240612,4,22,502,1,453.16,0.0,453.16,171.56
8776,20240612,2,17,165,1,224.09,0.0,224.09,90.39
8777,20240612,2,22,82,1,453.16,0.0,453.16,171.56
8778,20240612,2,17,404,2,224.09,0.0,448.18,180.78
8779,20240612,4,27,189,4,636.28,0.0,2545.12,1281.76
8780,20240612,2,19,429,2,101.21,0.0,202.42,89.78
8781,20240612,3,9,365,3,296.52,0.0,889.56,217.38
8782,20240612,2,11,262,2,504.67,0.0,1009.34,400.46
8783,20240612,2,23,289,6,726.04,0.0,4356.24,2353.8
8784,20240612,5,6,430,3,350.77,0.05,999.69,545.28
8785,20240612,4,13,277,5,460.51,0.0,2302.55,740.25
8786,20240613,7,6,262,5,350.77,0.0,1753.85,996.5
8787,20240613,6,7,538,2,569.53,0.0,1139.06,620.4
8788,20240613,7,8,571,4,272.27,0.0,1089.08,368.48
8789,20240613,1,1,352,3,545.21,0.0,1635.63,703.5
8790,20240613,6,17,401,3,224.09,0.0,672.27,271.17
8791,20240613,3,29,362,2,354.67,0.1,638.41,265.87
8792,20240613,1,17,347,1,224.09,0.0,224.09,90.39
8793,20240613,2,27,398,3,636.28,0.0,1908.84,961.32
8794,20240613,1,29,247,2,354.67,0.0,709.34,336.8
8795,20240613,7,26,263,4,105.66,0.0,422.64,86.8
8796,20240613,6,10,171,3,655.99,0.0,1967.97,972.24
8797,20240613,6,30,423,3,83.21,0.0,249.63,68.97
8798,20240613,1,9,453,3,296.52,0.0,889.56,217.38
8799,20240614,2,11,171,1,504.67,0.0,504.67,200.23
8800,20240614,3,29,382,1,354.67,0.1,319.2,132.93
8801,20240614,1,21,170,3,392.24,0.0,1176.72,643.68
8802,20240614,7,7,567,3,569.53,0.0,1708.59,930.6
8803,20240614,4,29,134,2,354.67,0.0,709.34,336.8
8804,20240614,7,14,313,5,246.23,0.0,1231.15,284.4
8805,20240614,2,27,135,1,636.28,0.0,636.28,320.44
8806,20240614,7,7,113,1,569.53,0.0,569.53,310.2
8807,20240614,2,9,2,4,296.52,0.05,1126.78,230.54
8808,20240614,1,9,488,3,296.52,0.0,889.56,217.38
8809,20240614,6,27,468,1,636.28,0.05,604.47,288.63
8810,20240614,1,23,426,1,726.04,0.0,726.04,392.3
8811,20240614,4,3,68,2,100.1,0.0,200.2,115.8
8812,20240614,1,28,61,5,609.0,0.0,3045.0,1627.3
8813,20240614,4,10,361,3,655.99,0.0,1967.97,972.24
8814,20240614,3,5,590,5,98.3,0.1,442.35,164.35
8815,20240614,5,5,283,2,98.3,0.0,196.6,85.4
8816,20240614,1,1,104,3,545.21,0.0,1635.63,703.5
8817,20240614,3,11,568,3,504.67,0.0,1514.01,600.69
8818,20240614,4,28,43,5,609.0,0.05,2892.75,1475.05
8819,20240615,3,5,509,3,98.3,0.0,294.9,128.1
8820,20240615,2,20,343,4,191.18,0.0,764.72,386.2
8821,20240615,1,20,358,6,191.18,0.0,1147.08,579.3
8822,20240615,4,21,192,2,392.24,0.0,784.48,429.12
8823,20240615,6,7,167,4,569.53,0.1,2050.31,1012.99
8824,20240615,6,12,198,4,884.49,0.0,3537.96,1984.24
8825,20240615,1,21,329,2,392.24,0.0,784.48,429.12
8826,20240615,5,25,149,4,387.37,0.05,1472.01,373.65
8827,20240615,7,28,447,3,609.0,0.05,1735.65,885.03
8828,20240615,3,28,300,4,609.0,0.0,2436.0,1301.84
8829,20240615,7,21,549,2,392.24,0.0,784.48,429.12
8830,20240615,1,29,199,1,354.67,0.0,354.67,168.4
8831,20240615,3,11,460,5,504.67,0.0,2523.35,1001.15
8832,20240615,2,30,418,4,83.21,0.0,332.84,91.96
8833,20240615,7,14,257,4,246.23,0.1,886.43,129.03
8834,20240615,5,19,585,2,101.21,0.0,202.42,89.78
8835,20240615,6,16,259,4,706.85,0.05,2686.03,1489.31
8836,20240615,7,12,590,5,884.49,0.0,4422.45,2480.3
8837,20240616,5,14,434,5,246.23,0.0,1231.15,284.4
8838,20240616,6,4,482,1,658.36,0.0,658.36,352.71
8839,20240616,3,14,267,1,246.23,0.0,246.23,56.88
8840,20240616,1,18,545,6,279.59,0.0,1677.54,534.72
8841,20240616,4,11,234,3,504.67,0.0,1514.01,600.69
8842,20240616,5,11,16,1,504.67,0.0,504.67,200.23
8843,20240616,4,16,560,2,706.85,0.0,1413.7,815.34
8844,20240616,4,21,93,1,392.24,0.0,392.24,214.56
8845,20240616,3,19,322,2,101.21,0.0,202.42,89.78
8846,20240616,4,19,408,3,101.21,0.0,303.63,134.67
8847,20240616,4,28,410,1,609.0,0.0,609.0,325.46
8848,20240616,2,13,512,1,460.51,0.0,460.51,148.05
8849,20240616,4,27,452,4,636.28,0.0,2545.12,1281.76
8850,20240616,2,18,209,3,279.59,0.0,838.77,267.36
8851,20240616,1,4,5,1,658.36,0.0,658.36,352.71
8852,20240616,7,22,267,4,453.16,0.2,1450.11,323.71
8853,20240616,5,20,577,4,191.18,0.0,764.72,386.2
8854,20240616,6,11,538,1,504.67,0.0,504.67,200.23
8855,20240617,7,24,255,4,249.97,0.05,949.89,317.69
8856,20240617,1,20,155,4,191.18,0.0,764.72,386.2
8857,20240617,6,21,114,1,392.24,0.05,372.63,194.95
8858,20240617,1,12,58,1,884.49,0.0,884.49,496.06
8859,20240617,5,11,250,5,504.67,0.0,2523.35,1001.15
8860,20240617,5,8,564,5,272.27,0.05,1293.28,392.53
8861,20240617,4,10,304,2,655.99,0.0,1311.98,648.16
8862,20240617,3,12,162,4,884.49,0.0,3537.96,1984.24
8863,20240617,7,2,154,5,706.19,0.05,3354.4,1633.65
8864,20240617,1,12,286,5,884.49,0.0,4422.45,2480.3
8865,20240617,5,27,341,1,636.28,0.0,636.28,320.44
8866,20240617,7,6,346,3,350.77,0.0,1052.31,597.9
8867,20240617,4,13,584,1,460.51,0.0,460.51,148.05
8868,20240617,4,1,190,1,545.21,0.0,545.21,234.5
8869,20240617,5,5,572,4,98.3,0.0,393.2,170.8
8870,20240618,2,7,554,3,569.53,0.05,1623.16,845.17
8871,20240618,2,19,413,2,101.21,0.05,192.3,79.66
8872,20240618,6,16,478,2,706.85,0.0,1413.7,815.34
8873,20240618,7,21,294,3,392.24,0.1,1059.05,526.01
8874,20240618,5,16,304,3,706.85,0.0,2120.55,1223.01
8875,20240618,1,6,53,4,350.77,0.05,1332.93,727.05
8876,20240618,4,10,503,4,655.99,0.0,2623.96,1296.32
8877,20240618,6,18,28,1,279.59,0.0,279.59,89.12
8878,20240618,1,22,321,6,453.16,0.0,2718.96,1029.36
8879,20240618,5,11,186,4,504.67,0.0,2018.68,800.92
8880,20240618,2,26,379,2,105.66,0.0,211.32,43.4
8881,20240618,2,26,499,1,105.66,0.0,105.66,21.7
8882,20240618,6,27,585,3,636.28,0.0,1908.84,961.32
8883,20240619,1,1,259,2,545.21,0.0,1090.42,469.0
8884,20240619,3,7,177,4,569.53,0.0,2278.12,1240.8
8885,20240619,2,17,331,1,224.09,0.0,224.09,90.39
8886,20240619,4,16,76,2,706.85,0.0,1413.7,815.34
8887,20240619,6,29,468,2,354.67,0.0,709.34,336.8
8888,20240619,4,10,309,5,655.99,0.0,3279.95,1620.4
8889,20240619,6,27,148,3,636.28,0.0,1908.84,961.32
8890,20240619,2,28,67,1,609.0,0.1,548.1,264.56
8891,20240619,5,16,513,3,706.85,0.05,2014.52,1116.98
8892,20240619,5,19,485,3,101.21,0.0,303.63,134.67
8893,20240619,2,9,109,2,296.52,0.1,533.74,85.62
8894,20240619,7,27,56,4,636.28,0.1,2290.61,1027.25
8895,20240619,7,18,101,3,279.59,0.0,838.77,267.36
8896,20240619,2,30,369,2,83.21,0.05,158.1,37.66
8897,20240619,2,7,481,2,569.53,0.0,1139.06,620.4
8898,20240619,7,28,238,1,609.0,0.0,609.0,325.46
8899,20240619,7,10,118,2,655.99,0.0,1311.98,648.16
8900,20240620,5,7,472,4,569.53,0.0,2278.12,1240.8
8901,20240620,4,11,316,2,504.67,0.0,1009.34,400.46
8902,20240620,3,20,485,6,191.18,0.0,1147.08,579.3
8903,20240620,1,7,220,4,569.53,0.0,2278.12,1240.8
8904,20240620,1,14,101,3,246.23,0.0,738.69,170.64
8905,20240620,1,27,121,5,636.28,0.0,3181.4,1602.2
8906,20240620,5,25,277,5,387.37,0.0,1936.85,563.9
8907,20240620,1,25,318,4,387.37,0.05,1472.01,373.65
8908,20240620,1,26,157,4,105.66,0.2,338.11,2.27
8909,20240620,4,2,402,4,706.19,0.0,2824.76,1448.16
8910,20240620,1,8,591,3,272.27,0.05,775.97,235.52
8911,20240620,7,25,403,1,387.37,0.0,387.37,112.78
8912,20240620,2,24,58,3,249.97,0.0,749.91,275.76
8913,20240620,4,9,53,4,296.52,0.0,1186.08,289.84
8914,20240620,1,22,577,3,453.16,0.0,1359.48,514.68
8915,20240620,6,15,134,3,134.22,0.0,402.66,204.84
8916,20240620,7,27,456,4,636.28,0.0,2545.12,1281.76
8917,20240620,2,20,545,4,191.18,0.05,726.48,347.96
8918,20240620,4,2,221,2,706.19,0.0,1412.38,724.08
8919,20240621,4,6,91,3,350.77,0.0,1052.31,597.9
8920,20240621,6,9,447,2,296.52,0.0,593.04,144.92
8921,20240621,4,1,494,2,545.21,0.1,981.38,359.96
8922,20240621,3,4,7,3,658.36,0.0,1975.08,1058.13
8923,20240621,5,22,258,2,453.16,0.0,906.32,343.12
8924,20240621,2,15,552,1,134.22,0.0,134.22,68.28
8925,20240621,1,28,192,4,609.0,0.0,2436.0,1301.84
8926,20240621,5,13,40,1,460.51,0.1,414.46,102.0
8927,20240621,2,4,499,4,658.36,0.0,2633.44,1410.84
8928,20240621,1,5,575,3,98.3,0.0,294.9,128.1
8929,20240621,1,29,402,2,354.67,0.0,709.34,336.8
8930,20240622,1,8,103,1,272.27,0.0,272.27,92.12
8931,20240622,1,18,15,4,279.59,0.0,1118.36,356.48
8932,20240622,6,20,425,1,191.18,0.0,191.18,96.55
8933,20240622,2,5,88,3,98.3,0.0,294.9,128.1
8934,20240622,7,9,242,2,296.52,0.0,593.04,144.92
8935,20240622,6,1,489,4,545.21,0.0,2180.84,938.0
8936,20240622,2,24,571,2,249.97,0.05,474.94,158.84
8937,20240622,3,18,152,3,279.59,0.0,838.77,267.36
8938,20240622,6,26,130,2,105.66,0.2,169.06,1.14
8939,20240622,3,29,303,2,354.67,0.0,709.34,336.8
8940,20240622,7,27,298,3,636.28,0.0,1908.84,961.32
8941,20240622,4,11,139,5,504.67,0.0,2523.35,1001.15
8942,20240622,6,7,281,4,569.53,0.0,2278.12,1240.8
8943,20240622,3,4,305,3,658.36,0.0,1975.08,1058.13
8944,20240622,3,2,107,1,706.19,0.0,706.19,362.04
8945,20240622,5,21,213,2,392.24,0.0,784.48,429.12
8946,20240623,2,2,98,5,706.19,0.05,3354.4,1633.65
8947,20240623,6,3,41,1,100.1,0.0,100.1,57.9
8948,20240623,7,19,91,3,101.21,0.0,303.63,134.67
8949,20240623,4,29,27,2,354.67,0.0,709.34,336.8
8950,20240623,2,9,63,3,296.52,0.0,889.56,217.38
8951,20240623,6,30,412,2,83.21,0.05,158.1,37.66
8952,20240623,1,16,247,4,706.85,0.05,2686.03,1489.31
8953,20240623,3,11,496,2,504.67,0.0,1009.34,400.46
8954,20240623,2,4,259,3,658.36,0.0,1975.08,1058.13
8955,20240623,1,27,153,4,636.28,0.0,2545.12,1281.76
8956,20240623,4,16,434,4,706.85,0.0,2827.4,1630.68
8957,20240623,1,9,563,3,296.52,0.0,889.56,217.38
8958,20240624,4,21,68,1,392.24,0.1,353.02,175.34
8959,20240624,5,9,504,3,296.52,0.0,889.56,217.38
8960,20240624,3,5,172,2,98.3,0.1,176.94,65.74
8961,20240624,5,28,334,2,609.0,0.0,1218.0,650.92
8962,20240624,3,22,141,2,453.16,0.0,906.32,343.12
8963,20240624,2,13,231,3,460.51,0.0,1381.53,444.15
8964,20240624,3,3,399,2,100.1,0.1,180.18,95.78
8965,20240624,5,28,32,3,609.0,0.0,1827.0,976.38
8966,20240624,3,10,331,2,655.99,0.0,1311.98,648.16
8967,20240624,7,8,213,2,272.27,0.0,544.54,184.24
8968,20240624,2,2,577,3,706.19,0.0,2118.57,1086.12
8969,20240624,5,17,7,2,224.09,0.0,448.18,180.78
8970,20240624,1,28,216,1,609.0,0.0,609.0,325.46
8971,20240624,6,16,420,3,706.85,0.0,2120.55,1223.01
8972,20240624,4,9,461,4,296.52,0.0,1186.08,289.84
8973,20240624,1,9,84,3,296.52,0.0,889.56,217.38
8974,20240624,1,23,183,1,726.04,0.0,726.04,392.3
8975,20240625,4,10,73,2,655.99,0.0,1311.98,648.16
8976,20240625,7,16,267,4,706.85,0.1,2544.66,1347.94
8977,20240625,1,17,470,1,224.09,0.0,224.09,90.39
8978,20240625,2,24,405,5,249.97,0.0,1249.85,459.6
8979,20240625,5,7,95,6,569.53,0.2,2733.74,1177.76
8980,20240625,5,6,540,2,350.77,0.0,701.54,398.6
8981,20240625,6,26,231,1,105.66,0.0,105.66,21.7
8982,20240625,1,15,438,1,134.22,0.05,127.51,61.57
8983,20240625,1,27,276,1,636.28,0.0,636.28,320.44
8984,20240625,6,17,36,3,224.09,0.0,672.27,271.17
8985,20240625,1,29,256,3,354.67,0.1,957.61,398.8
8986,20240625,1,26,566,1,105.66,0.0,105.66,21.7
8987,20240625,6,22,526,2,453.16,0.0,906.32,343.12
8988,20240625,1,7,486,3,569.53,0.0,1708.59,930.6
8989,20240625,6,30,561,1,83.21,0.0,83.21,22.99
8990,20240626,1,20,579,2,191.18,0.0,382.36,193.1
8991,20240626,1,7,395,6,569.53,0.05,3246.32,1690.34
8992,20240626,7,20,89,1,191.18,0.0,191.18,96.55
8993,20240626,2,25,567,2,387.37,0.0,774.74,225.56
8994,20240626,7,29,356,4,354.67,0.0,1418.68,673.6
8995,20240626,1,14,377,2,246.23,0.0,492.46,113.76
8996,20240626,5,27,546,2,636.28,0.0,1272.56,640.88
8997,20240626,1,15,365,4,134.22,0.05,510.04,246.28
8998,20240626,1,20,204,1,191.18,0.0,191.18,96.55
8999,20240626,1,28,195,1,609.0,0.0,609.0,325.46
9000,20240626,3,12,512,2,884.49,0.0,1768.98,992.12
9001,20240626,1,13,366,4,460.51,0.0,1842.04,592.2
9002,20240626,7,24,41,2,249.97,0.05,474.94,158.84
9003,20240626,4,4,64,4,658.36,0.05,2501.77,1279.17
9004,20240626,5,10,346,3,655.99,0.0,1967.97,972.24
9005,20240626,2,3,520,4,100.1,0.0,400.4,231.6
9006,20240626,1,17,323,3,224.09,0.2,537.82,136.72
9007,20240627,3,30,34,3,83.21,0.0,249.63,68.97
9008,20240627,1,30,315,3,83.21,0.0,249.63,68.97
9009,20240627,3,3,531,3,100.1,0.2,240.24,113.64
9010,20240627,2,28,259,2,609.0,0.0,1218.0,650.92
9011,20240627,7,4,111,4,658.36,0.1,2370.1,1147.5
9012,20240627,7,24,221,2,249.97,0.0,499.94,183.84
9013,20240627,2,3,515,1,100.1,0.1,90.09,47.89
9014,20240627,5,14,475,2,246.23,0.0,492.46,113.76
9015,20240627,1,1,134,3,545.21,0.0,1635.63,703.5
9016,20240627,3,15,436,1,134.22,0.0,134.22,68.28
9017,20240627,1,25,33,3,387.37,0.0,1162.11,338.34
9018,20240627,1,18,322,2,279.59,0.0,559.18,178.24
9019,20240627,2,2,555,3,706.19,0.0,2118.57,1086.12
9020,20240627,5,28,136,4,609.0,0.05,2314.2,1180.04
9021,20240627,5,5,561,3,98.3,0.0,294.9,128.1
9022,20240627,6,3,354,1,100.1,0.1,90.09,47.89
9023,20240628,1,1,176,2,545.21,0.0,1090.42,469.0
9024,20240628,2,30,155,5,83.21,0.0,416.05,114.95
9025,20240628,6,4,365,1,658.36,0.0,658.36,352.71
9026,20240628,1,9,401,1,296.52,0.0,296.52,72.46
9027,20240628,1,1,407,4,545.21,0.0,2180.84,938.0
9028,20240628,1,24,93,1,249.97,0.05,237.47,79.42
9029,20240628,4,20,187,3,191.18,0.0,573.54,289.65
9030,20240628,1,11,212,3,504.67,0.0,1514.01,600.69
9031,20240628,4,23,95,4,726.04,0.0,2904.16,1569.2
9032,20240628,7,7,181,3,569.53,0.05,1623.16,845.17
9033,20240628,1,24,288,3,249.97,0.0,749.91,275.76
9034,20240628,2,11,328,3,504.67,0.0,1514.01,600.69
9035,20240628,7,23,58,3,726.04,0.1,1960.31,959.09
9036,20240628,3,21,494,2,392.24,0.0,784.48,429.12
9037,20240628,4,16,371,1,706.85,0.0,706.85,407.67
9038,20240628,3,28,182,1,609.0,0.0,609.0,325.46
9039,20240628,5,30,106,3,83.21,0.0,249.63,68.97
9040,20240628,7,27,538,4,636.28,0.0,2545.12,1281.76
9041,20240628,6,3,285,5,100.1,0.0,500.5,289.5
9042,20240628,2,5,41,4,98.3,0.0,393.2,170.8
9043,20240628,2,22,189,1,453.16,0.0,453.16,171.56
9044,20240628,1,4,275,1,658.36,0.0,658.36,352.71
9045,20240628,6,14,155,3,246.23,0.0,738.69,170.64
9046,20240628,1,24,511,3,249.97,0.0,749.91,275.76
9047,20240628,2,22,576,5,453.16,0.2,1812.64,404.64
9048,20240628,7,23,398,5,726.04,0.0,3630.2,1961.5
9049,20240628,6,27,139,3,636.28,0.0,1908.84,961.32
9050,20240629,6,19,41,3,101.21,0.0,303.63,134.67
9051,20240629,1,26,428,1,105.66,0.0,105.66,21.7
9052,20240629,5,16,309,3,706.85,0.0,2120.55,1223.01
9053,20240629,5,27,144,5,636.28,0.0,3181.4,1602.2
9054,20240629,2,8,573,1,272.27,0.0,272.27,92.12
9055,20240629,4,2,421,2,706.19,0.0,1412.38,724.08
9056,20240629,7,23,193,4,726.04,0.0,2904.16,1569.2
9057,20240629,7,22,332,2,453.16,0.05,861.0,297.8
9058,20240629,2,5,157,1,98.3,0.0,98.3,42.7
9059,20240629,2,30,481,2,83.21,0.0,166.42,45.98
9060,20240629,7,12,386,2,884.49,0.0,1768.98,992.12
9061,20240629,5,27,159,3,636.28,0.0,1908.84,961.32
9062,20240629,1,14,596,3,246.23,0.05,701.76,133.71
9063,20240629,3,24,121,1,249.97,0.0,249.97,91.92
9064,20240629,4,29,240,5,354.67,0.0,1773.35,842.0
9065,20240629,7,25,521,3,387.37,0.0,1162.11,338.34
9066,20240629,3,21,145,4,392.24,0.1,1412.06,701.34
9067,20240630,1,13,23,1,460.51,0.0,460.51,148.05
9068,20240630,2,26,155,4,105.66,0.0,422.64,86.8
9069,20240630,1,10,456,2,655.99,0.0,1311.98,648.16
9070,20240630,6,19,66,1,101.21,0.0,101.21,44.89
9071,20240630,4,28,321,3,609.0,0.0,1827.0,976.38
9072,20240630,5,14,452,2,246.23,0.0,492.46,113.76
9073,20240630,3,15,401,2,134.22,0.1,241.6,109.72
9074,20240630,1,26,370,4,105.66,0.0,422.64,86.8
9075,20240630,5,13,15,2,460.51,0.0,921.02,296.1
9076,20240630,3,16,38,1,706.85,0.0,706.85,407.67
9077,20240630,6,19,250,1,101.21,0.0,101.21,44.89
9078,20240630,1,13,418,5,460.51,0.05,2187.42,625.12
9079,20240630,2,27,161,3,636.28,0.05,1813.4,865.88
9080,20240630,2,19,273,1,101.21,0.0,101.21,44.89
9081,20240630,3,2,174,3,706.19,0.0,2118.57,1086.12
9082,20240630,3,29,252,3,354.67,0.0,1064.01,505.2
9083,20240630,6,10,171,1,655.99,0.0,655.99,324.08
9084,20240630,5,13,301,2,460.51,0.0,921.02,296.1
9085,20240701,6,16,304,5,706.85,0.05,3357.54,1861.64
9086,20240701,7,7,212,2,569.53,0.0,1139.06,620.4
9087,20240701,1,23,210,1,726.04,0.0,726.04,392.3
9088,20240701,1,10,413,2,655.99,0.1,1180.78,516.96
9089,20240701,7,19,157,3,101.21,0.0,303.63,134.67
9090,20240701,7,8,538,3,272.27,0.0,816.81,276.36
9091,20240701,3,21,1,2,392.24,0.0,784.48,429.12
9092,20240701,2,10,20,3,655.99,0.0,1967.97,972.24
9093,20240701,2,15,513,1,134.22,0.2,107.38,41.44
9094,20240701,5,5,302,4,98.3,0.0,393.2,170.8
9095,20240701,6,2,192,6,706.19,0.05,4025.28,1960.38
9096,20240701,1,24,526,5,249.97,0.0,1249.85,459.6
9097,20240701,2,5,597,8,98.3,0.0,786.4,341.6
9098,20240702,1,30,582,1,83.21,0.2,66.57,6.35
9099,20240702,6,19,179,1,101.21,0.05,96.15,39.83
9100,20240702,2,14,229,1,246.23,0.0,246.23,56.88
9101,20240702,4,17,189,3,224.09,0.0,672.27,271.17
9102,20240702,1,26,106,3,105.66,0.0,316.98,65.1
9103,20240702,7,1,441,5,545.21,0.0,2726.05,1172.5
9104,20240702,1,15,116,4,134.22,0.0,536.88,273.12
9105,20240702,6,10,14,7,655.99,0.0,4591.93,2268.56
9106,20240702,1,29,517,4,354.67,0.1,1276.81,531.73
9107,20240702,3,16,146,5,706.85,0.0,3534.25,2038.35
9108,20240702,4,4,98,6,658.36,0.0,3950.16,2116.26
9109,20240702,1,17,236,1,224.09,0.0,224.09,90.39
9110,20240702,6,17,368,2,224.09,0.0,448.18,180.78
9111,20240702,7,25,278,6,387.37,0.0,2324.22,676.68
9112,20240702,5,2,153,4,706.19,0.0,2824.76,1448.16
9113,20240702,1,15,147,2,134.22,0.0,268.44,136.56
9114,20240702,3,5,187,1,98.3,0.05,93.38,37.78
9115,20240702,5,1,523,8,545.21,0.0,4361.68,1876.0
9116,20240702,6,25,22,7,387.37,0.0,2711.59,789.46
9117,20240702,3,1,84,7,545.21,0.0,3816.47,1641.5
9118,20240702,1,18,252,3,279.59,0.0,838.77,267.36
9119,20240703,6,18,28,1,279.59,0.0,279.59,89.12
9120,20240703,2,4,293,2,658.36,0.0,1316.72,705.42
9121,20240703,7,24,116,3,249.97,0.0,749.91,275.76
9122,20240703,2,17,310,5,224.09,0.0,1120.45,451.95
9123,20240703,7,18,503,7,279.59,0.0,1957.13,623.84
9124,20240703,7,9,20,5,296.52,0.0,1482.6,362.3
9125,20240703,3,29,61,3,354.67,0.0,1064.01,505.2
9126,20240703,6,7,174,5,569.53,0.05,2705.27,1408.62
9127,20240703,2,17,467,1,224.09,0.05,212.89,79.19
9128,20240703,7,18,382,6,279.59,0.0,1677.54,534.72
9129,20240703,5,8,141,1,272.27,0.1,245.04,64.89
9130,20240703,3,30,480,5,83.21,0.0,416.05,114.95
9131,20240703,4,4,521,1,658.36,0.0,658.36,352.71
9132,20240703,1,17,343,3,224.09,0.0,672.27,271.17
9133,20240703,1,30,70,3,83.21,0.0,249.63,68.97
9134,20240703,1,2,586,3,706.19,0.0,2118.57,1086.12
9135,20240703,7,10,466,4,655.99,0.0,2623.96,1296.32
9136,20240703,7,5,352,7,98.3,0.0,688.1,298.9
9137,20240703,6,18,220,7,279.59,0.0,1957.13,623.84
9138,20240703,4,22,531,2,453.16,0.0,906.32,343.12
9139,20240703,6,13,101,2,460.51,0.0,921.02,296.1
9140,20240704,3,29,204,7,354.67,0.0,2482.69,1178.8
9141,20240704,1,21,277,4,392.24,0.0,1568.96,858.24
9142,20240704,2,30,7,4,83.21,0.2,266.27,25.39
9143,20240704,3,15,523,5,134.22,0.0,671.1,341.4
9144,20240704,6,16,421,6,706.85,0.0,4241.1,2446.02
9145,20240704,2,24,519,1,249.97,0.0,249.97,91.92
9146,20240704,3,12,81,5,884.49,0.0,4422.45,2480.3
9147,20240704,6,23,66,7,726.04,0.0,5082.28,2746.1
9148,20240704,1,13,145,7,460.51,0.05,3062.39,875.17
9149,20240704,4,30,195,5,83.21,0.05,395.25,94.15
9150,20240705,3,12,129,5,884.49,0.0,4422.45,2480.3
9151,20240705,1,26,458,1,105.66,0.0,105.66,21.7
9152,20240705,6,10,549,5,655.99,0.0,3279.95,1620.4
9153,20240705,7,22,483,3,453.16,0.05,1291.51,446.71
9154,20240705,4,6,294,3,350.77,0.0,1052.31,597.9
9155,20240705,5,28,81,5,609.0,0.0,3045.0,1627.3
9156,20240705,5,14,506,4,246.23,0.0,984.92,227.52
9157,20240705,1,24,492,3,249.97,0.0,749.91,275.76
9158,20240705,5,6,197,2,350.77,0.0,701.54,398.6
9159,20240705,7,21,79,1,392.24,0.05,372.63,194.95
9160,20240705,7,3,150,8,100.1,0.0,800.8,463.2
9161,20240705,2,6,33,7,350.77,0.0,2455.39,1395.1
9162,20240705,6,12,405,8,884.49,0.05,6722.12,3614.68
9163,20240705,1,6,539,6,350.77,0.0,2104.62,1195.8
9164,20240705,1,15,412,8,134.22,0.0,1073.76,546.24
9165,20240705,2,16,383,4,706.85,0.0,2827.4,1630.68
9166,20240706,5,26,158,7,105.66,0.2,591.7,3.98
9167,20240706,2,10,410,3,655.99,0.1,1771.17,775.44
9168,20240706,7,1,594,1,545.21,0.0,545.21,234.5
9169,20240706,1,12,24,1,884.49,0.0,884.49,496.06
9170,20240706,7,16,134,6,706.85,0.0,4241.1,2446.02
9171,20240706,7,7,556,7,569.53,0.0,3986.71,2171.4
9172,20240706,1,15,491,5,134.22,0.0,671.1,341.4
9173,20240706,1,29,358,2,354.67,0.0,709.34,336.8
9174,20240706,6,11,216,3,504.67,0.0,1514.01,600.69
9175,20240706,4,27,76,3,636.28,0.0,1908.84,961.32
9176,20240706,1,2,232,1,706.19,0.0,706.19,362.04
9177,20240706,3,21,137,2,392.24,0.0,784.48,429.12
9178,20240706,6,12,555,1,884.49,0.0,884.49,496.06
9179,20240706,7,21,381,5,392.24,0.0,1961.2,1072.8
9180,20240706,1,12,396,2,884.49,0.0,1768.98,992.12
9181,20240706,1,29,22,8,354.67,0.0,2837.36,1347.2
9182,20240706,2,22,237,2,453.16,0.0,906.32,343.12
9183,20240706,2,15,197,3,134.22,0.1,362.39,164.57
9184,20240706,7,4,402,1,658.36,0.0,658.36,352.71
9185,20240706,4,18,330,6,279.59,0.0,1677.54,534.72
9186,20240706,4,5,229,3,98.3,0.0,294.9,128.1
9187,20240707,1,18,335,3,279.59,0.0,838.77,267.36
9188,20240707,7,1,579,5,545.21,0.05,2589.75,1036.2
9189,20240707,3,16,341,1,706.85,0.0,706.85,407.67
9190,20240707,4,24,543,8,249.97,0.0,1999.76,735.36
9191,20240707,5,8,34,2,272.27,0.05,517.31,157.01
9192,20240707,4,13,131,3,460.51,0.0,1381.53,444.15
9193,20240707,3,24,198,6,249.97,0.0,1499.82,551.52
9194,20240707,5,20,335,1,191.18,0.0,191.18,96.55
9195,20240707,4,13,218,5,460.51,0.0,2302.55,740.25
9196,20240707,1,27,583,4,636.28,0.0,2545.12,1281.76
9197,20240707,1,18,353,6,279.59,0.0,1677.54,534.72
9198,20240707,7,14,6,5,246.23,0.0,1231.15,284.4
9199,20240707,4,10,483,6,655.99,0.0,3935.94,1944.48
9200,20240707,3,27,536,7,636.28,0.1,4008.56,1797.68
9201,20240707,5,17,45,3,224.09,0.1,605.04,203.94
9202,20240707,1,26,141,2,105.66,0.0,211.32,43.4
9203,20240707,6,21,139,6,392.24,0.0,2353.44,1287.36
9204,20240707,3,4,401,6,658.36,0.0,3950.16,2116.26
9205,20240707,3,30,161,1,83.21,0.0,83.21,22.99
9206,20240707,1,1,451,1,545.21,0.0,545.21,234.5
9207,20240707,2,29,551,3,354.67,0.0,1064.01,505.2
9208,20240707,2,21,462,2,392.24,0.1,706.03,350.67
9209,20240707,1,8,88,6,272.27,0.0,1633.62,552.72
9210,20240708,6,28,495,6,609.0,0.05,3471.3,1770.06
9211,20240708,6,29,450,5,354.67,0.0,1773.35,842.0
9212,20240708,3,19,347,6,101.21,0.0,607.26,269.34
9213,20240708,6,30,469,6,83.21,0.1,449.33,88.01
9214,20240708,2,19,61,4,101.21,0.2,323.87,98.59
9215,20240708,1,7,389,5,569.53,0.0,2847.65,1551.0
9216,20240708,6,12,53,4,884.49,0.0,3537.96,1984.24
9217,20240708,6,25,47,2,387.37,0.1,697.27,148.09
9218,20240708,1,17,363,4,224.09,0.0,896.36,361.56
9219,20240708,5,11,368,2,504.67,0.0,1009.34,400.46
9220,20240709,1,27,561,2,636.28,0.0,1272.56,640.88
9221,20240709,3,6,195,1,350.77,0.0,350.77,199.3
9222,20240709,2,17,19,8,224.09,0.0,1792.72,723.12
9223,20240709,2,22,515,2,453.16,0.0,906.32,343.12
9224,20240709,4,3,455,5,100.1,0.0,500.5,289.5
9225,20240709,4,21,585,1,392.24,0.0,392.24,214.56
9226,20240709,6,22,313,6,453.16,0.1,2447.06,757.46
9227,20240709,4,29,251,1,354.67,0.0,354.67,168.4
9228,20240709,6,28,292,1,609.0,0.0,609.0,325.46
9229,20240709,7,27,251,3,636.28,0.0,1908.84,961.32
9230,20240709,2,23,473,1,726.04,0.0,726.04,392.3
9231,20240709,1,12,553,8,884.49,0.0,7075.92,3968.48
9232,20240709,7,29,347,6,354.67,0.0,2128.02,1010.4
9233,20240709,2,14,372,5,246.23,0.0,1231.15,284.4
9234,20240709,7,5,377,4,98.3,0.0,393.2,170.8
9235,20240709,7,17,285,5,224.09,0.2,896.36,227.86
9236,20240709,7,9,18,3,296.52,0.0,889.56,217.38
9237,20240709,5,1,186,2,545.21,0.0,1090.42,469.0
9238,20240710,1,6,34,3,350.77,0.0,1052.31,597.9
9239,20240710,7,26,245,3,105.66,0.0,316.98,65.1
9240,20240710,7,26,98,2,105.66,0.0,211.32,43.4
9241,20240710,3,25,580,3,387.37,0.0,1162.11,338.34
9242,20240710,2,30,202,3,83.21,0.0,249.63,68.97
9243,20240710,2,12,519,3,884.49,0.0,2653.47,1488.18
9244,20240710,6,7,580,1,569.53,0.0,569.53,310.2
9245,20240710,5,23,116,3,726.04,0.0,2178.12,1176.9
9246,20240710,1,11,356,2,504.67,0.05,958.87,349.99
9247,20240710,1,15,586,5,134.22,0.05,637.54,307.84
9248,20240710,1,10,2,8,655.99,0.0,5247.92,2592.64
9249,20240710,7,24,307,6,249.97,0.0,1499.82,551.52
9250,20240710,1,9,391,3,296.52,0.0,889.56,217.38
9251,20240710,5,5,99,1,98.3,0.0,98.3,42.7
9252,20240710,7,5,373,1,98.3,0.05,93.38,37.78
9253,20240710,2,1,344,6,545.21,0.05,3107.7,1243.44
9254,20240710,1,4,498,7,658.36,0.0,4608.52,2468.97
9255,20240710,1,27,259,3,636.28,0.05,1813.4,865.88
9256,20240710,4,26,299,3,105.66,0.0,316.98,65.1
9257,20240710,7,2,242,3,706.19,0.0,2118.57,1086.12
9258,20240710,5,9,19,1,296.52,0.0,296.52,72.46
9259,20240711,7,12,504,3,884.49,0.0,2653.47,1488.18
9260,20240711,1,5,141,3,98.3,0.0,294.9,128.1
9261,20240711,6,26,13,2,105.66,0.0,211.32,43.4
9262,20240711,4,10,455,4,655.99,0.0,2623.96,1296.32
9263,20240711,4,23,244,1,726.04,0.0,726.04,392.3
9264,20240711,2,26,517,6,105.66,0.0,633.96,130.2
9265,20240711,1,17,349,5,224.09,0.0,1120.45,451.95
9266,20240711,3,25,224,6,387.37,0.0,2324.22,676.68
9267,20240711,3,5,70,4,98.3,0.0,393.2,170.8
9268,20240711,7,14,204,8,246.23,0.0,1969.84,455.04
9269,20240711,7,19,279,1,101.21,0.2,80.97,24.65
9270,20240711,7,12,164,3,884.49,0.05,2520.8,1355.51
9271,20240711,5,14,393,5,246.23,0.0,1231.15,284.4
9272,20240711,2,13,320,2,460.51,0.0,921.02,296.1
9273,20240711,6,27,140,1,636.28,0.0,636.28,320.44
9274,20240711,4,28,180,5,609.0,0.05,2892.75,1475.05
9275,20240711,4,9,388,5,296.52,0.0,1482.6,362.3
9276,20240711,7,13,235,7,460.51,0.0,3223.57,1036.35
9277,20240711,3,3,402,1,100.1,0.0,100.1,57.9
9278,20240711,1,18,576,4,279.59,0.0,1118.36,356.48
9279,20240712,1,22,328,8,453.16,0.0,3625.28,1372.48
9280,20240712,7,20,311,5,191.18,0.0,955.9,482.75
9281,20240712,2,6,103,5,350.77,0.1,1578.46,821.11
9282,20240712,5,17,239,5,224.09,0.0,1120.45,451.95
9283,20240712,4,8,450,6,272.27,0.0,1633.62,552.72
9284,20240712,1,22,596,5,453.16,0.0,2265.8,857.8
9285,20240712,5,9,210,2,296.52,0.0,593.04,144.92
9286,20240712,4,5,498,4,98.3,0.0,393.2,170.8
9287,20240712,2,22,74,1,453.16,0.0,453.16,171.56
9288,20240712,6,11,224,2,504.67,0.0,1009.34,400.46
9289,20240712,5,25,357,7,387.37,0.0,2711.59,789.46
9290,20240712,5,4,371,6,658.36,0.0,3950.16,2116.26
9291,20240712,1,14,461,2,246.23,0.0,492.46,113.76
9292,20240713,6,17,87,3,224.09,0.0,672.27,271.17
9293,20240713,5,27,255,5,636.28,0.0,3181.4,1602.2
9294,20240713,4,25,397,1,387.37,0.0,387.37,112.78
9295,20240713,4,17,244,3,224.09,0.05,638.66,237.56
9296,20240713,7,11,70,1,504.67,0.0,504.67,200.23
9297,20240713,5,6,24,5,350.77,0.0,1753.85,996.5
9298,20240713,3,19,45,2,101.21,0.0,202.42,89.78
9299,20240713,1,12,344,5,884.49,0.0,4422.45,2480.3
9300,20240713,6,17,546,6,224.09,0.0,1344.54,542.34
9301,20240713,4,17,597,7,224.09,0.0,1568.63,632.73
9302,20240713,1,19,220,1,101.21,0.0,101.21,44.89
9303,20240713,4,1,507,2,545.21,0.0,1090.42,469.0
9304,20240713,2,27,206,2,636.28,0.05,1208.93,577.25
9305,20240713,7,10,424,1,655.99,0.0,655.99,324.08
9306,20240714,5,14,235,7,246.23,0.0,1723.61,398.16
9307,20240714,4,30,187,1,83.21,0.1,74.89,14.67
9308,20240714,7,28,335,2,609.0,0.05,1157.1,590.02
9309,20240714,4,2,30,5,706.19,0.0,3530.95,1810.2
9310,20240714,4,16,406,8,706.85,0.0,5654.8,3261.36
9311,20240714,4,27,426,5,636.28,0.0,3181.4,1602.2
9312,20240714,1,16,486,5,706.85,0.0,3534.25,2038.35
9313,20240714,1,14,437,6,246.23,0.0,1477.38,341.28
9314,20240714,1,20,109,4,191.18,0.0,764.72,386.2
9315,20240714,2,1,163,7,545.21,0.0,3816.47,1641.5
9316,20240714,7,16,313,3,706.85,0.05,2014.52,1116.98
9317,20240714,1,24,187,1,249.97,0.0,249.97,91.92
9318,20240715,1,23,312,7,726.04,0.0,5082.28,2746.1
9319,20240715,4,23,457,1,726.04,0.0,726.04,392.3
9320,20240715,7,20,386,1,191.18,0.0,191.18,96.55
9321,20240715,2,12,291,3,884.49,0.0,2653.47,1488.18
9322,20240715,1,13,4,4,460.51,0.0,1842.04,592.2
9323,20240715,2,8,450,4,272.27,0.0,1089.08,368.48
9324,20240715,1,7,558,6,569.53,0.0,3417.18,1861.2
9325,20240715,6,18,326,1,279.59,0.0,279.59,89.12
9326,20240715,1,5,245,4,98.3,0.0,393.2,170.8
9327,20240715,4,16,499,7,706.85,0.05,4700.55,2606.29
9328,20240715,2,7,234,1,569.53,0.0,569.53,310.2
9329,20240715,7,13,12,5,460.51,0.0,2302.55,740.25
9330,20240715,4,2,419,1,706.19,0.0,706.19,362.04
9331,20240715,6,19,403,7,101.21,0.0,708.47,314.23
9332,20240715,5,21,286,6,392.24,0.1,2118.1,1052.02
9333,20240715,1,25,381,3,387.37,0.0,1162.11,338.34
9334,20240715,1,30,60,1,83.21,0.0,83.21,22.99
9335,20240715,1,4,505,1,658.36,0.0,658.36,352.71
9336,20240715,1,12,412,8,884.49,0.05,6722.12,3614.68
9337,20240716,6,7,233,2,569.53,0.0,1139.06,620.4
9338,20240716,2,9,392,9,296.52,0.0,2668.68,652.14
9339,20240716,7,6,400,1,350.77,0.0,350.77,199.3
9340,20240716,1,21,9,3,392.24,0.0,1176.72,643.68
9341,20240716,4,13,599,3,460.51,0.05,1312.45,375.07
9342,20240716,4,1,41,1,545.21,0.0,545.21,234.5
9343,20240716,7,1,530,5,545.21,0.0,2726.05,1172.5
9344,20240716,4,7,95,5,569.53,0.0,2847.65,1551.0
9345,20240716,5,10,18,2,655.99,0.0,1311.98,648.16
9346,20240716,2,21,526,4,392.24,0.0,1568.96,858.24
9347,20240716,4,24,365,1,249.97,0.0,249.97,91.92
9348,20240716,7,27,185,6,636.28,0.0,3817.68,1922.64
9349,20240716,6,1,435,7,545.21,0.0,3816.47,1641.5
9350,20240717,6,19,319,3,101.21,0.0,303.63,134.67
9351,20240717,7,18,175,1,279.59,0.0,279.59,89.12
9352,20240717,1,16,508,1,706.85,0.1,636.17,336.99
9353,20240717,1,29,444,6,354.67,0.1,1915.22,797.6
9354,20240717,4,15,558,5,134.22,0.0,671.1,341.4
9355,20240717,5,12,569,3,884.49,0.2,2122.78,957.49
9356,20240717,6,27,103,6,636.28,0.0,3817.68,1922.64
9357,20240717,2,10,304,6,655.99,0.0,3935.94,1944.48
9358,20240717,7,23,451,5,726.04,0.2,2904.16,1235.46
9359,20240717,2,28,521,8,609.0,0.0,4872.0,2603.68
9360,20240717,5,7,537,4,569.53,0.05,2164.21,1126.89
9361,20240717,3,5,79,5,98.3,0.0,491.5,213.5
9362,20240717,2,19,383,7,101.21,0.0,708.47,314.23
9363,20240717,4,18,358,5,279.59,0.0,1397.95,445.6
9364,20240717,6,24,254,1,249.97,0.0,249.97,91.92
9365,20240717,1,21,288,5,392.24,0.0,1961.2,1072.8
9366,20240717,7,4,314,1,658.36,0.0,658.36,352.71
9367,20240717,6,27,314,7,636.28,0.0,4453.96,2243.08
9368,20240717,4,4,444,1,658.36,0.0,658.36,352.71
9369,20240718,7,9,85,1,296.52,0.0,296.52,72.46
9370,20240718,1,24,105,2,249.97,0.0,499.94,183.84
9371,20240718,2,6,557,5,350.77,0.0,1753.85,996.5
9372,20240718,6,3,96,3,100.1,0.2,240.24,113.64
9373,20240718,4,27,526,7,636.28,0.1,4008.56,1797.68
9374,20240718,1,13,458,5,460.51,0.1,2072.3,510.0
9375,20240718,4,26,485,6,105.66,0.1,570.56,66.8
9376,20240718,1,7,473,2,569.53,0.0,1139.06,620.4
9377,20240718,5,1,21,1,545.21,0.0,545.21,234.5
9378,20240718,1,1,200,3,545.21,0.0,1635.63,703.5
9379,20240718,4,18,210,3,279.59,0.0,838.77,267.36
9380,20240718,4,24,267,5,249.97,0.0,1249.85,459.6
9381,20240718,1,22,299,5,453.16,0.05,2152.51,744.51
9382,20240718,5,28,575,4,609.0,0.0,2436.0,1301.84
9383,20240718,7,22,453,7,453.16,0.0,3172.12,1200.92
9384,20240718,7,21,549,4,392.24,0.0,1568.96,858.24
9385,20240718,1,28,276,3,609.0,0.0,1827.0,976.38
9386,20240718,1,15,23,4,134.22,0.0,536.88,273.12
9387,20240718,1,2,461,5,706.19,0.05,3354.4,1633.65
9388,20240718,2,9,500,5,296.52,0.1,1334.34,214.04
9389,20240718,4,15,549,3,134.22,0.0,402.66,204.84
9390,20240718,2,14,39,2,246.23,0.0,492.46,113.76
9391,20240718,2,18,479,1,279.59,0.0,279.59,89.12
9392,20240719,2,3,477,1,100.1,0.0,100.1,57.9
9393,20240719,2,24,66,1,249.97,0.0,249.97,91.92
9394,20240719,5,29,39,5,354.67,0.0,1773.35,842.0
9395,20240719,6,25,530,5,387.37,0.0,1936.85,563.9
9396,20240719,2,29,336,1,354.67,0.0,354.67,168.4
9397,20240719,1,7,553,3,569.53,0.05,1623.16,845.17
9398,20240719,3,4,507,6,658.36,0.0,3950.16,2116.26
9399,20240719,7,23,350,6,726.04,0.0,4356.24,2353.8
9400,20240719,5,22,506,8,453.16,0.0,3625.28,1372.48
9401,20240719,2,22,21,1,453.16,0.1,407.84,126.24
9402,20240719,1,3,137,6,100.1,0.0,600.6,347.4
9403,20240720,5,21,580,5,392.24,0.0,1961.2,1072.8
9404,20240720,4,16,271,5,706.85,0.0,3534.25,2038.35
9405,20240720,1,11,55,5,504.67,0.0,2523.35,1001.15
9406,20240720,7,2,380,4,706.19,0.0,2824.76,1448.16
9407,20240720,1,15,81,3,134.22,0.0,402.66,204.84
9408,20240720,1,4,194,3,658.36,0.0,1975.08,1058.13
9409,20240720,1,15,501,2,134.22,0.0,268.44,136.56
9410,20240720,4,16,162,4,706.85,0.0,2827.4,1630.68
9411,20240720,1,2,484,6,706.19,0.0,4237.14,2172.24
9412,20240720,4,26,77,1,105.66,0.0,105.66,21.7
9413,20240720,1,2,400,8,706.19,0.0,5649.52,2896.32
9414,20240720,7,29,453,3,354.67,0.2,851.21,292.4
9415,20240720,5,29,60,1,354.67,0.2,283.74,97.47
9416,20240721,1,16,469,1,706.85,0.0,706.85,407.67
9417,20240721,7,13,139,6,460.51,0.0,2763.06,888.3
9418,20240721,1,9,583,3,296.52,0.0,889.56,217.38
9419,20240721,7,10,48,4,655.99,0.0,2623.96,1296.32
9420,20240721,1,5,182,2,98.3,0.05,186.77,75.57
9421,20240721,6,21,130,5,392.24,0.0,1961.2,1072.8
9422,20240721,7,18,298,5,279.59,0.0,1397.95,445.6
9423,20240721,7,9,398,2,296.52,0.0,593.04,144.92
9424,20240721,1,11,220,4,504.67,0.0,2018.68,800.92
9425,20240722,3,24,337,4,249.97,0.0,999.88,367.68
9426,20240722,1,1,57,3,545.21,0.0,1635.63,703.5
9427,20240722,7,8,528,3,272.27,0.0,816.81,276.36
9428,20240722,7,29,511,4,354.67,0.0,1418.68,673.6
9429,20240722,4,15,237,3,134.22,0.1,362.39,164.57
9430,20240722,4,28,598,1,609.0,0.0,609.0,325.46
9431,20240722,6,9,78,7,296.52,0.0,2075.64,507.22
9432,20240722,6,2,166,6,706.19,0.0,4237.14,2172.24
9433,20240722,2,4,484,2,658.36,0.0,1316.72,705.42
9434,20240722,1,28,45,7,609.0,0.0,4263.0,2278.22
9435,20240722,1,1,42,2,545.21,0.0,1090.42,469.0
9436,20240722,5,29,581,2,354.67,0.0,709.34,336.8
9437,20240722,5,2,598,5,706.19,0.1,3177.86,1457.11
9438,20240722,2,26,477,5,105.66,0.0,528.3,108.5
9439,20240722,7,19,291,1,101.21,0.2,80.97,24.65
9440,20240722,7,25,284,5,387.37,0.0,1936.85,563.9
9441,20240723,6,12,376,7,884.49,0.0,6191.43,3472.42
9442,20240723,2,8,476,7,272.27,0.0,1905.89,644.84
9443,20240723,4,11,243,7,504.67,0.0,3532.69,1401.61
9444,20240723,7,23,223,4,726.04,0.0,2904.16,1569.2
9445,20240723,7,1,129,2,545.21,0.0,1090.42,469.0
9446,20240723,2,16,534,6,706.85,0.05,4029.04,2233.96
9447,20240723,6,6,5,6,350.77,0.05,1999.39,1090.57
9448,20240723,4,30,292,7,83.21,0.0,582.47,160.93
9449,20240723,6,9,409,6,296.52,0.0,1779.12,434.76
9450,20240723,5,6,97,3,350.77,0.0,1052.31,597.9
9451,20240723,2,15,158,2,134.22,0.1,241.6,109.72
9452,20240724,3,28,202,1,609.0,0.0,609.0,325.46
9453,20240724,4,26,40,7,105.66,0.0,739.62,151.9
9454,20240724,1,24,324,2,249.97,0.0,499.94,183.84
9455,20240724,7,5,460,1,98.3,0.05,93.38,37.78
9456,20240724,2,7,38,4,569.53,0.0,2278.12,1240.8
9457,20240724,2,22,425,3,453.16,0.0,1359.48,514.68
9458,20240724,2,9,221,8,296.52,0.0,2372.16,579.68
9459,20240724,7,7,278,2,569.53,0.2,911.25,392.59
9460,20240724,1,24,579,4,249.97,0.0,999.88,367.68
9461,20240724,1,2,568,3,706.19,0.0,2118.57,1086.12
9462,20240724,7,12,190,5,884.49,0.0,4422.45,2480.3
9463,20240724,6,9,289,8,296.52,0.0,2372.16,579.68
9464,20240724,3,4,544,8,658.36,0.0,5266.88,2821.68
9465,20240725,1,3,438,2,100.1,0.0,200.2,115.8
9466,20240725,1,23,217,3,726.04,0.0,2178.12,1176.9
9467,20240725,3,27,139,3,636.28,0.0,1908.84,961.32
9468,20240725,5,20,478,3,191.18,0.0,573.54,289.65
9469,20240725,1,23,191,1,726.04,0.0,726.04,392.3
9470,20240725,4,9,92,6,296.52,0.05,1690.16,345.8
9471,20240725,4,14,431,7,246.23,0.0,1723.61,398.16
9472,20240725,4,5,523,5,98.3,0.0,491.5,213.5
9473,20240725,1,10,75,3,655.99,0.0,1967.97,972.24
9474,20240725,6,7,514,3,569.53,0.0,1708.59,930.6
9475,20240725,5,13,116,3,460.51,0.0,1381.53,444.15
9476,20240725,2,24,491,1,249.97,0.0,249.97,91.92
9477,20240725,1,19,518,1,101.21,0.0,101.21,44.89
9478,20240725,7,12,345,1,884.49,0.0,884.49,496.06
9479,20240725,7,16,594,4,706.85,0.0,2827.4,1630.68
9480,20240725,1,23,347,5,726.04,0.0,3630.2,1961.5
9481,20240725,2,17,413,4,224.09,0.0,896.36,361.56
9482,20240725,4,25,226,3,387.37,0.0,1162.11,338.34
9483,20240725,1,15,334,5,134.22,0.0,671.1,341.4
9484,20240725,1,2,430,5,706.19,0.0,3530.95,1810.2
9485,20240725,7,1,97,7,545.21,0.05,3625.65,1450.68
9486,20240725,5,10,374,7,655.99,0.0,4591.93,2268.56
9487,20240725,2,9,111,6,296.52,0.05,1690.16,345.8
9488,20240725,4,19,462,3,101.21,0.0,303.63,134.67
9489,20240725,4,24,52,1,249.97,0.05,237.47,79.42
9490,20240726,1,30,366,7,83.21,0.0,582.47,160.93
9491,20240726,2,8,175,6,272.27,0.0,1633.62,552.72
9492,20240726,2,6,408,1,350.77,0.0,350.77,199.3
9493,20240726,2,21,155,7,392.24,0.0,2745.68,1501.92
9494,20240726,6,13,230,6,460.51,0.1,2486.75,611.99
9495,20240726,1,9,252,7,296.52,0.0,2075.64,507.22
9496,20240726,4,30,359,2,83.21,0.0,166.42,45.98
9497,20240726,4,22,413,4,453.16,0.0,1812.64,686.24
9498,20240726,4,7,166,5,569.53,0.0,2847.65,1551.0
9499,20240726,7,8,310,3,272.27,0.05,775.97,235.52
9500,20240726,4,17,455,1,224.09,0.0,224.09,90.39
9501,20240726,2,7,552,4,569.53,0.05,2164.21,1126.89
9502,20240726,1,25,57,5,387.37,0.0,1936.85,563.9
9503,20240726,6,23,455,6,726.04,0.0,4356.24,2353.8
9504,20240726,2,28,231,6,609.0,0.05,3471.3,1770.06
9505,20240727,7,29,471,1,354.67,0.0,354.67,168.4
9506,20240727,1,26,396,6,105.66,0.0,633.96,130.2
9507,20240727,7,30,149,3,83.21,0.0,249.63,68.97
9508,20240727,7,14,588,6,246.23,0.0,1477.38,341.28
9509,20240727,2,13,429,4,460.51,0.05,1749.94,500.1
9510,20240727,4,5,300,2,98.3,0.0,196.6,85.4
9511,20240727,6,18,133,2,279.59,0.05,531.22,150.28
9512,20240727,2,20,296,3,191.18,0.0,573.54,289.65
9513,20240727,6,4,268,3,658.36,0.2,1580.06,663.11
9514,20240727,5,28,110,5,609.0,0.2,2436.0,1018.3
9515,20240727,1,2,151,6,706.19,0.0,4237.14,2172.24
9516,20240728,2,6,597,6,350.77,0.0,2104.62,1195.8
9517,20240728,4,22,417,1,453.16,0.0,453.16,171.56
9518,20240728,6,19,288,1,101.21,0.0,101.21,44.89
9519,20240728,3,11,396,7,504.67,0.0,3532.69,1401.61
9520,20240728,5,15,187,8,134.22,0.0,1073.76,546.24
9521,20240728,7,15,198,5,134.22,0.0,671.1,341.4
9522,20240728,5,23,413,5,726.04,0.0,3630.2,1961.5
9523,20240728,5,3,259,2,100.1,0.0,200.2,115.8
9524,20240728,6,6,80,5,350.77,0.0,1753.85,996.5
9525,20240728,4,23,29,1,726.04,0.0,726.04,392.3
9526,20240728,6,20,345,3,191.18,0.0,573.54,289.65
9527,20240728,2,1,501,6,545.21,0.0,3271.26,1407.0
9528,20240728,1,13,423,1,460.51,0.05,437.48,125.02
9529,20240728,5,17,409,3,224.09,0.0,672.27,271.17
9530,20240728,1,14,538,3,246.23,0.1,664.82,96.77
9531,20240728,6,24,371,8,249.97,0.05,1899.77,635.37
9532,20240728,7,23,231,6,726.04,0.0,4356.24,2353.8
9533,20240728,4,6,161,5,350.77,0.0,1753.85,996.5
9534,20240728,4,27,386,2,636.28,0.0,1272.56,640.88
9535,20240728,7,1,323,5,545.21,0.0,2726.05,1172.5
9536,20240729,3,23,519,4,726.04,0.0,2904.16,1569.2
9537,20240729,6,30,377,6,83.21,0.0,499.26,137.94
9538,20240729,1,20,555,3,191.18,0.05,544.86,260.97
9539,20240729,3,29,268,5,354.67,0.0,1773.35,842.0
9540,20240729,6,16,587,8,706.85,0.0,5654.8,3261.36
9541,20240729,2,7,373,7,569.53,0.0,3986.71,2171.4
9542,20240729,4,5,429,8,98.3,0.0,786.4,341.6
9543,20240729,3,21,567,5,392.24,0.0,1961.2,1072.8
9544,20240729,7,9,333,8,296.52,0.0,2372.16,579.68
9545,20240729,2,3,466,5,100.1,0.0,500.5,289.5
9546,20240729,5,15,575,1,134.22,0.0,134.22,68.28
9547,20240729,2,16,325,1,706.85,0.0,706.85,407.67
9548,20240729,1,30,568,7,83.21,0.0,582.47,160.93
9549,20240729,2,30,43,1,83.21,0.0,83.21,22.99
9550,20240730,4,28,528,2,609.0,0.0,1218.0,650.92
9551,20240730,3,16,353,7,706.85,0.0,4947.95,2853.69
9552,20240730,3,30,17,4,83.21,0.1,299.56,58.68
9553,20240730,5,20,411,1,191.18,0.0,191.18,96.55
9554,20240730,1,1,65,3,545.21,0.0,1635.63,703.5
9555,20240730,2,11,465,2,504.67,0.0,1009.34,400.46
9556,20240730,6,13,424,2,460.51,0.0,921.02,296.1
9557,20240730,2,11,46,4,504.67,0.0,2018.68,800.92
9558,20240730,5,10,283,6,655.99,0.0,3935.94,1944.48
9559,20240730,3,20,221,5,191.18,0.0,955.9,482.75
9560,20240730,6,7,80,5,569.53,0.0,2847.65,1551.0
9561,20240730,6,7,8,5,569.53,0.0,2847.65,1551.0
9562,20240731,2,5,268,4,98.3,0.0,393.2,170.8
9563,20240731,2,27,226,1,636.28,0.0,636.28,320.44
9564,20240731,2,30,283,3,83.21,0.0,249.63,68.97
9565,20240731,1,24,406,2,249.97,0.0,499.94,183.84
9566,20240731,5,8,279,3,272.27,0.0,816.81,276.36
9567,20240731,4,24,345,4,249.97,0.05,949.89,317.69
9568,20240731,6,20,343,1,191.18,0.0,191.18,96.55
9569,20240731,7,25,470,6,387.37,0.0,2324.22,676.68
9570,20240731,2,26,402,3,105.66,0.2,253.58,1.7
9571,20240731,2,27,468,3,636.28,0.0,1908.84,961.32
9572,20240731,7,5,417,4,98.3,0.1,353.88,131.48
9573,20240731,2,28,36,6,609.0,0.1,3288.6,1587.36
9574,20240731,2,13,363,5,460.51,0.0,2302.55,740.25
9575,20240731,5,4,367,5,658.36,0.0,3291.8,1763.55
9576,20240731,2,13,249,7,460.51,0.0,3223.57,1036.35
9577,20240731,1,13,100,1,460.51,0.0,460.51,148.05
9578,20240801,4,3,487,2,100.1,0.0,200.2,115.8
9579,20240801,5,6,526,3,350.77,0.2,841.85,387.44
9580,20240801,7,2,371,1,706.19,0.0,706.19,362.04
9581,20240801,7,5,66,4,98.3,0.0,393.2,170.8
9582,20240801,5,4,402,3,658.36,0.0,1975.08,1058.13
9583,20240801,2,26,580,3,105.66,0.0,316.98,65.1
9584,20240801,1,3,261,1,100.1,0.0,100.1,57.9
9585,20240801,3,24,139,1,249.97,0.0,249.97,91.92
9586,20240801,6,18,135,1,279.59,0.0,279.59,89.12
9587,20240801,2,18,86,3,279.59,0.0,838.77,267.36
9588,20240801,5,9,382,4,296.52,0.0,1186.08,289.84
9589,20240801,7,8,305,3,272.27,0.0,816.81,276.36
9590,20240801,6,30,317,5,83.21,0.0,416.05,114.95
9591,20240801,7,24,208,3,249.97,0.0,749.91,275.76
9592,20240801,4,11,53,4,504.67,0.0,2018.68,800.92
9593,20240802,6,8,10,4,272.27,0.0,1089.08,368.48
9594,20240802,5,18,323,1,279.59,0.0,279.59,89.12
9595,20240802,3,9,144,2,296.52,0.0,593.04,144.92
9596,20240802,6,21,405,2,392.24,0.0,784.48,429.12
9597,20240802,1,13,489,3,460.51,0.05,1312.45,375.07
9598,20240802,4,11,482,3,504.67,0.0,1514.01,600.69
9599,20240802,4,5,181,2,98.3,0.0,196.6,85.4
9600,20240802,2,2,459,3,706.19,0.0,2118.57,1086.12
9601,20240802,4,18,519,4,279.59,0.0,1118.36,356.48
9602,20240802,2,29,18,3,354.67,0.0,1064.01,505.2
9603,20240802,4,22,498,1,453.16,0.0,453.16,171.56
9604,20240802,2,7,98,2,569.53,0.0,1139.06,620.4
9605,20240802,4,25,154,5,387.37,0.2,1549.48,176.53
9606,20240802,1,16,149,4,706.85,0.0,2827.4,1630.68
9607,20240802,7,23,382,2,726.04,0.0,1452.08,784.6
9608,20240802,2,7,142,1,569.53,0.1,512.58,253.25
9609,20240803,2,11,181,1,504.67,0.0,504.67,200.23
9610,20240803,1,19,548,3,101.21,0.0,303.63,134.67
9611,20240803,5,2,483,1,706.19,0.0,706.19,362.04
9612,20240803,1,22,237,4,453.16,0.0,1812.64,686.24
9613,20240803,4,21,453,1,392.24,0.0,392.24,214.56
9614,20240803,4,4,249,3,658.36,0.0,1975.08,1058.13
9615,20240803,5,2,378,4,706.19,0.0,2824.76,1448.16
9616,20240803,1,27,427,3,636.28,0.0,1908.84,961.32
9617,20240803,6,26,431,1,105.66,0.0,105.66,21.7
9618,20240803,7,12,557,3,884.49,0.0,2653.47,1488.18
9619,20240803,4,16,349,4,706.85,0.1,2544.66,1347.94
9620,20240803,2,30,48,3,83.21,0.0,249.63,68.97
9621,20240803,1,16,211,4,706.85,0.0,2827.4,1630.68
9622,20240803,1,24,222,4,249.97,0.0,999.88,367.68
9623,20240803,1,1,495,3,545.21,0.0,1635.63,703.5
9624,20240803,1,26,213,1,105.66,0.0,105.66,21.7
9625,20240803,2,9,462,4,296.52,0.0,1186.08,289.84
9626,20240803,1,8,69,5,272.27,0.05,1293.28,392.53
9627,20240804,1,25,91,2,387.37,0.1,697.27,148.09
9628,20240804,4,26,175,2,105.66,0.0,211.32,43.4
9629,20240804,3,3,287,4,100.1,0.0,400.4,231.6
9630,20240804,6,23,120,5,726.04,0.0,3630.2,1961.5
9631,20240804,7,13,381,3,460.51,0.0,1381.53,444.15
9632,20240804,6,1,253,3,545.21,0.0,1635.63,703.5
9633,20240804,5,12,198,3,884.49,0.0,2653.47,1488.18
9634,20240804,2,7,127,1,569.53,0.0,569.53,310.2
9635,20240804,3,17,573,1,224.09,0.0,224.09,90.39
9636,20240804,1,9,450,3,296.52,0.0,889.56,217.38
9637,20240804,4,21,394,2,392.24,0.0,784.48,429.12
9638,20240804,3,5,305,3,98.3,0.0,294.9,128.1
9639,20240805,1,24,345,1,249.97,0.0,249.97,91.92
9640,20240805,7,14,42,4,246.23,0.0,984.92,227.52
9641,20240805,7,8,371,1,272.27,0.0,272.27,92.12
9642,20240805,1,9,195,5,296.52,0.0,1482.6,362.3
9643,20240805,5,7,300,1,569.53,0.0,569.53,310.2
9644,20240805,4,28,155,1,609.0,0.0,609.0,325.46
9645,20240805,1,3,450,3,100.1,0.0,300.3,173.7
9646,20240805,1,28,406,1,609.0,0.05,578.55,295.01
9647,20240805,3,24,44,3,249.97,0.0,749.91,275.76
9648,20240805,6,8,422,3,272.27,0.0,816.81,276.36
9649,20240805,5,7,165,4,569.53,0.1,2050.31,1012.99
9650,20240805,6,17,511,3,224.09,0.0,672.27,271.17
9651,20240805,6,21,509,3,392.24,0.0,1176.72,643.68
9652,20240805,4,4,162,2,658.36,0.1,1185.05,573.75
9653,20240805,2,12,214,1,884.49,0.0,884.49,496.06
9654,20240805,6,22,362,4,453.16,0.0,1812.64,686.24
9655,20240805,5,5,28,3,98.3,0.0,294.9,128.1
9656,20240805,2,5,314,5,98.3,0.05,466.92,188.92
9657,20240805,4,8,487,3,272.27,0.0,816.81,276.36
9658,20240805,3,15,429,2,134.22,0.05,255.02,123.14
9659,20240805,1,24,292,1,249.97,0.0,249.97,91.92
9660,20240805,7,16,417,1,706.85,0.0,706.85,407.67
9661,20240806,1,29,396,5,354.67,0.0,1773.35,842.0
9662,20240806,5,23,249,3,726.04,0.0,2178.12,1176.9
9663,20240806,2,12,44,2,884.49,0.0,1768.98,992.12
9664,20240806,3,8,54,3,272.27,0.0,816.81,276.36
9665,20240806,1,8,85,1,272.27,0.0,272.27,92.12
9666,20240806,1,22,137,1,453.16,0.1,407.84,126.24
9667,20240806,1,20,284,1,191.18,0.05,181.62,86.99
9668,20240806,1,25,293,2,387.37,0.0,774.74,225.56
9669,20240806,6,30,179,1,83.21,0.0,83.21,22.99
9670,20240806,3,10,239,4,655.99,0.05,2492.76,1165.12
9671,20240806,6,1,243,3,545.21,0.0,1635.63,703.5
9672,20240806,2,23,451,2,726.04,0.0,1452.08,784.6
9673,20240806,6,18,370,1,279.59,0.05,265.61,75.14
9674,20240806,4,8,454,5,272.27,0.2,1089.08,188.33
9675,20240806,6,11,447,1,504.67,0.0,504.67,200.23
9676,20240806,3,23,355,4,726.04,0.0,2904.16,1569.2
9677,20240806,1,5,555,3,98.3,0.0,294.9,128.1
9678,20240806,2,10,176,1,655.99,0.0,655.99,324.08
9679,20240806,1,27,372,1,636.28,0.0,636.28,320.44
9680,20240807,7,20,472,2,191.18,0.0,382.36,193.1
9681,20240807,4,6,511,2,350.77,0.05,666.46,363.52
9682,20240807,2,7,54,4,569.53,0.0,2278.12,1240.8
9683,20240807,2,24,156,1,249.97,0.0,249.97,91.92
9684,20240807,7,21,582,3,392.24,0.0,1176.72,643.68
9685,20240807,1,19,575,3,101.21,0.1,273.27,104.31
9686,20240807,4,3,14,3,100.1,0.0,300.3,173.7
9687,20240807,2,19,246,2,101.21,0.0,202.42,89.78
9688,20240807,5,2,361,2,706.19,0.0,1412.38,724.08
9689,20240807,4,30,95,1,83.21,0.05,79.05,18.83
9690,20240807,4,2,240,2,706.19,0.2,1129.9,441.6
9691,20240807,2,23,285,1,726.04,0.0,726.04,392.3
9692,20240807,7,7,281,2,569.53,0.0,1139.06,620.4
9693,20240807,3,24,33,1,249.97,0.0,249.97,91.92
9694,20240807,2,5,566,3,98.3,0.0,294.9,128.1
9695,20240807,4,12,485,4,884.49,0.0,3537.96,1984.24
9696,20240807,1,26,411,1,105.66,0.0,105.66,21.7
9697,20240807,4,15,66,2,134.22,0.0,268.44,136.56
9698,20240807,7,26,55,4,105.66,0.0,422.64,86.8
9699,20240807,7,17,246,1,224.09,0.0,224.09,90.39
9700,20240807,1,29,103,5,354.67,0.0,1773.35,842.0
9701,20240807,3,28,37,2,609.0,0.0,1218.0,650.92
9702,20240807,6,20,338,5,191.18,0.0,955.9,482.75
9703,20240808,4,24,57,4,249.97,0.0,999.88,367.68
9704,20240808,4,17,257,1,224.09,0.0,224.09,90.39
9705,20240808,4,3,444,4,100.1,0.0,400.4,231.6
9706,20240808,2,11,251,5,504.67,0.0,2523.35,1001.15
9707,20240808,2,26,108,4,105.66,0.0,422.64,86.8
9708,20240808,2,22,165,5,453.16,0.0,2265.8,857.8
9709,20240808,1,24,108,4,249.97,0.0,999.88,367.68
9710,20240808,6,24,525,1,249.97,0.1,224.97,66.92
9711,20240808,2,26,130,1,105.66,0.0,105.66,21.7
9712,20240808,6,14,409,1,246.23,0.0,246.23,56.88
9713,20240808,1,27,551,6,636.28,0.1,3435.91,1540.87
9714,20240808,3,2,413,5,706.19,0.0,3530.95,1810.2
9715,20240809,3,7,446,4,569.53,0.0,2278.12,1240.8
9716,20240809,1,22,440,1,453.16,0.0,453.16,171.56
9717,20240809,7,6,502,2,350.77,0.0,701.54,398.6
9718,20240809,4,9,205,2,296.52,0.0,593.04,144.92
9719,20240809,6,2,145,4,706.19,0.0,2824.76,1448.16
9720,20240809,4,15,325,2,134.22,0.0,268.44,136.56
9721,20240809,7,26,95,6,105.66,0.0,633.96,130.2
9722,20240809,2,20,473,2,191.18,0.0,382.36,193.1
9723,20240809,4,29,401,3,354.67,0.0,1064.01,505.2
9724,20240809,5,11,56,3,504.67,0.2,1211.21,297.89
9725,20240809,3,1,134,3,545.21,0.0,1635.63,703.5
9726,20240810,7,2,121,1,706.19,0.0,706.19,362.04
9727,20240810,3,20,322,2,191.18,0.2,305.89,116.63
9728,20240810,5,30,309,3,83.21,0.0,249.63,68.97
9729,20240810,6,30,179,2,83.21,0.2,133.14,12.7
9730,20240810,7,25,82,3,387.37,0.2,929.69,105.92
9731,20240810,1,22,12,2,453.16,0.0,906.32,343.12
9732,20240810,1,7,329,2,569.53,0.0,1139.06,620.4
9733,20240810,2,24,392,1,249.97,0.0,249.97,91.92
9734,20240810,1,19,320,1,101.21,0.0,101.21,44.89
9735,20240810,7,13,570,3,460.51,0.05,1312.45,375.07
9736,20240811,4,1,503,1,545.21,0.0,545.21,234.5
9737,20240811,2,26,78,2,105.66,0.1,190.19,22.27
9738,20240811,6,7,173,2,569.53,0.0,1139.06,620.4
9739,20240811,1,17,202,2,224.09,0.0,448.18,180.78
9740,20240811,7,19,7,4,101.21,0.0,404.84,179.56
9741,20240811,7,29,294,2,354.67,0.05,673.87,301.33
9742,20240811,3,4,500,1,658.36,0.0,658.36,352.71
9743,20240811,6,3,143,3,100.1,0.0,300.3,173.7
9744,20240811,4,16,206,3,706.85,0.0,2120.55,1223.01
9745,20240811,7,21,218,1,392.24,0.0,392.24,214.56
9746,20240811,5,4,546,4,658.36,0.0,2633.44,1410.84
9747,20240811,1,28,141,1,609.0,0.0,609.0,325.46
9748,20240811,1,21,395,4,392.24,0.0,1568.96,858.24
9749,20240811,4,3,125,2,100.1,0.05,190.19,105.79
9750,20240811,5,28,512,2,609.0,0.0,1218.0,650.92
9751,20240811,5,20,261,5,191.18,0.0,955.9,482.75
9752,20240811,3,24,71,3,249.97,0.0,749.91,275.76
9753,20240811,3,22,203,1,453.16,0.0,453.16,171.56
9754,20240812,2,19,179,3,101.21,0.0,303.63,134.67
9755,20240812,6,5,260,3,98.3,0.0,294.9,128.1
9756,20240812,1,3,451,4,100.1,0.0,400.4,231.6
9757,20240812,1,17,223,4,224.09,0.0,896.36,361.56
9758,20240812,1,24,516,1,249.97,0.0,249.97,91.92
9759,20240812,4,12,122,3,884.49,0.1,2388.12,1222.83
9760,20240812,6,15,22,2,134.22,0.0,268.44,136.56
9761,20240812,6,25,536,1,387.37,0.0,387.37,112.78
9762,20240812,6,4,509,4,658.36,0.0,2633.44,1410.84
9763,20240812,5,23,468,2,726.04,0.0,1452.08,784.6
9764,20240812,1,24,301,6,249.97,0.0,1499.82,551.52
9765,20240812,6,23,592,3,726.04,0.0,2178.12,1176.9
9766,20240812,1,6,403,4,350.77,0.0,1403.08,797.2
9767,20240812,4,7,323,2,569.53,0.0,1139.06,620.4
9768,20240812,1,18,189,2,279.59,0.0,559.18,178.24
9769,20240812,1,15,445,1,134.22,0.0,134.22,68.28
9770,20240812,5,9,374,1,296.52,0.0,296.52,72.46
9771,20240812,2,25,59,2,387.37,0.0,774.74,225.56
9772,20240813,2,8,47,1,272.27,0.05,258.66,78.51
9773,20240813,7,2,133,1,706.19,0.0,706.19,362.04
9774,20240813,1,25,442,2,387.37,0.0,774.74,225.56
9775,20240813,2,22,11,4,453.16,0.0,1812.64,686.24
9776,20240813,2,10,256,3,655.99,0.0,1967.97,972.24
9777,20240813,5,28,240,3,609.0,0.0,1827.0,976.38
9778,20240813,4,14,442,3,246.23,0.0,738.69,170.64
9779,20240813,4,2,290,4,706.19,0.0,2824.76,1448.16
9780,20240813,1,22,153,1,453.16,0.0,453.16,171.56
9781,20240813,2,4,204,1,658.36,0.0,658.36,352.71
9782,20240814,3,6,467,3,350.77,0.0,1052.31,597.9
9783,20240814,7,18,108,1,279.59,0.0,279.59,89.12
9784,20240814,1,21,600,5,392.24,0.0,1961.2,1072.8
9785,20240814,2,28,367,3,609.0,0.0,1827.0,976.38
9786,20240814,5,20,16,4,191.18,0.0,764.72,386.2
9787,20240814,7,19,464,1,101.21,0.0,101.21,44.89
9788,20240814,1,19,365,4,101.21,0.0,404.84,179.56
9789,20240814,7,16,573,3,706.85,0.0,2120.55,1223.01
9790,20240814,1,13,228,3,460.51,0.1,1243.38,306.0
9791,20240814,1,17,294,1,224.09,0.1,201.68,67.98
9792,20240814,2,28,458,3,609.0,0.0,1827.0,976.38
9793,20240814,5,7,366,1,569.53,0.0,569.53,310.2
9794,20240814,2,23,244,2,726.04,0.0,1452.08,784.6
9795,20240814,2,1,172,3,545.21,0.0,1635.63,703.5
9796,20240814,2,9,273,1,296.52,0.0,296.52,72.46
9797,20240814,7,7,272,1,569.53,0.0,569.53,310.2
9798,20240815,1,9,170,1,296.52,0.0,296.52,72.46
9799,20240815,2,8,14,2,272.27,0.0,544.54,184.24
9800,20240815,2,18,262,4,279.59,0.0,1118.36,356.48
9801,20240815,2,11,213,3,504.67,0.0,1514.01,600.69
9802,20240815,7,17,380,4,224.09,0.0,896.36,361.56
9803,20240815,6,4,529,5,658.36,0.0,3291.8,1763.55
9804,20240815,6,1,305,3,545.21,0.0,1635.63,703.5
9805,20240815,1,16,196,2,706.85,0.2,1130.96,532.6
9806,20240815,2,7,151,3,569.53,0.1,1537.73,759.74
9807,20240815,1,30,407,1,83.21,0.0,83.21,22.99
9808,20240815,3,10,394,4,655.99,0.0,2623.96,1296.32
9809,20240815,5,15,528,4,134.22,0.0,536.88,273.12
9810,20240815,3,18,495,4,279.59,0.0,1118.36,356.48
9811,20240815,6,24,143,2,249.97,0.0,499.94,183.84
9812,20240815,5,27,565,2,636.28,0.1,1145.3,513.62
9813,20240815,2,22,315,1,453.16,0.0,453.16,171.56
9814,20240815,6,28,356,1,609.0,0.0,609.0,325.46
9815,20240815,6,20,207,1,191.18,0.05,181.62,86.99
9816,20240816,4,18,332,1,279.59,0.2,223.67,33.2
9817,20240816,3,13,575,4,460.51,0.0,1842.04,592.2
9818,20240816,4,6,56,1,350.77,0.0,350.77,199.3
9819,20240816,6,6,326,3,350.77,0.05,999.69,545.28
9820,20240816,4,5,276,2,98.3,0.0,196.6,85.4
9821,20240816,1,29,104,4,354.67,0.0,1418.68,673.6
9822,20240816,2,23,89,1,726.04,0.0,726.04,392.3
9823,20240816,1,17,50,2,224.09,0.0,448.18,180.78
9824,20240816,1,29,368,2,354.67,0.0,709.34,336.8
9825,20240816,6,17,535,3,224.09,0.0,672.27,271.17
9826,20240816,7,7,452,3,569.53,0.1,1537.73,759.74
9827,20240816,7,10,399,1,655.99,0.0,655.99,324.08
9828,20240816,2,6,73,2,350.77,0.0,701.54,398.6
9829,20240816,6,18,353,1,279.59,0.2,223.67,33.2
9830,20240816,6,19,328,3,101.21,0.0,303.63,134.67
9831,20240817,1,5,198,3,98.3,0.0,294.9,128.1
9832,20240817,3,5,577,1,98.3,0.0,98.3,42.7
9833,20240817,2,29,89,2,354.67,0.0,709.34,336.8
9834,20240817,6,29,138,1,354.67,0.1,319.2,132.93
9835,20240817,2,3,143,2,100.1,0.0,200.2,115.8
9836,20240817,2,7,361,2,569.53,0.0,1139.06,620.4
9837,20240817,2,22,566,2,453.16,0.0,906.32,343.12
9838,20240817,3,22,505,1,453.16,0.0,453.16,171.56
9839,20240817,7,2,183,1,706.19,0.0,706.19,362.04
9840,20240817,6,1,128,1,545.21,0.0,545.21,234.5
9841,20240817,1,21,95,2,392.24,0.0,784.48,429.12
9842,20240817,1,30,596,2,83.21,0.0,166.42,45.98
9843,20240817,6,26,331,3,105.66,0.0,316.98,65.1
9844,20240817,6,3,30,4,100.1,0.0,400.4,231.6
9845,20240817,7,17,9,3,224.09,0.05,638.66,237.56
9846,20240817,4,10,441,5,655.99,0.0,3279.95,1620.4
9847,20240817,1,11,240,2,504.67,0.0,1009.34,400.46
9848,20240818,2,29,569,3,354.67,0.0,1064.01,505.2
9849,20240818,4,9,38,4,296.52,0.0,1186.08,289.84
9850,20240818,4,15,103,2,134.22,0.0,268.44,136.56
9851,20240818,7,27,284,3,636.28,0.0,1908.84,961.32
9852,20240818,7,9,535,1,296.52,0.0,296.52,72.46
9853,20240818,1,24,148,3,249.97,0.0,749.91,275.76
9854,20240818,1,16,213,1,706.85,0.0,706.85,407.67
9855,20240818,4,18,191,3,279.59,0.2,671.02,99.61
9856,20240818,1,30,417,3,83.21,0.0,249.63,68.97
9857,20240818,4,25,372,2,387.37,0.0,774.74,225.56
9858,20240818,1,17,335,4,224.09,0.1,806.72,271.92
9859,20240818,1,9,162,2,296.52,0.0,593.04,144.92
9860,20240818,2,27,224,1,636.28,0.2,509.02,193.18
9861,20240818,1,20,430,4,191.18,0.0,764.72,386.2
9862,20240818,2,19,397,2,101.21,0.0,202.42,89.78
9863,20240818,3,13,361,1,460.51,0.1,414.46,102.0
9864,20240818,4,10,209,4,655.99,0.0,2623.96,1296.32
9865,20240818,7,8,127,2,272.27,0.1,490.09,129.79
9866,20240818,5,23,108,1,726.04,0.05,689.74,356.0
9867,20240818,3,21,372,1,392.24,0.0,392.24,214.56
9868,20240818,5,5,225,1,98.3,0.05,93.38,37.78
9869,20240818,2,10,88,1,655.99,0.0,655.99,324.08
9870,20240818,5,19,155,3,101.21,0.0,303.63,134.67
9871,20240818,4,19,339,2,101.21,0.0,202.42,89.78
9872,20240819,7,21,424,3,392.24,0.05,1117.88,584.84
9873,20240819,4,11,192,4,504.67,0.0,2018.68,800.92
9874,20240819,7,17,335,3,224.09,0.0,672.27,271.17
9875,20240819,6,8,473,3,272.27,0.1,735.13,194.68
9876,20240819,5,23,452,4,726.04,0.0,2904.16,1569.2
9877,20240819,1,15,401,3,134.22,0.0,402.66,204.84
9878,20240819,7,7,8,3,569.53,0.0,1708.59,930.6
9879,20240819,7,10,501,1,655.99,0.0,655.99,324.08
9880,20240819,4,5,527,2,98.3,0.0,196.6,85.4
9881,20240819,6,7,52,3,569.53,0.05,1623.16,845.17
9882,20240819,4,5,214,5,98.3,0.1,442.35,164.35
9883,20240819,1,17,434,1,224.09,0.0,224.09,90.39
9884,20240819,4,8,449,3,272.27,0.05,775.97,235.52
9885,20240819,4,27,2,3,636.28,0.0,1908.84,961.32
9886,20240820,5,7,529,5,569.53,0.0,2847.65,1551.0
9887,20240820,5,16,29,3,706.85,0.0,2120.55,1223.01
9888,20240820,7,19,92,3,101.21,0.0,303.63,134.67
9889,20240820,5,17,92,2,224.09,0.0,448.18,180.78
9890,20240820,2,4,534,1,658.36,0.0,658.36,352.71
9891,20240820,2,12,372,3,884.49,0.0,2653.47,1488.18
9892,20240820,4,9,371,5,296.52,0.05,1408.47,288.17
9893,20240820,1,1,262,1,545.21,0.0,545.21,234.5
9894,20240820,7,17,203,1,224.09,0.0,224.09,90.39
9895,20240820,6,21,446,1,392.24,0.0,392.24,214.56
9896,20240820,1,27,285,3,636.28,0.0,1908.84,961.32
9897,20240820,2,10,235,4,655.99,0.0,2623.96,1296.32
9898,20240820,2,6,61,5,350.77,0.1,1578.46,821.11
9899,20240820,5,6,385,6,350.77,0.0,2104.62,1195.8
9900,20240820,2,9,91,4,296.52,0.0,1186.08,289.84
9901,20240820,3,4,569,3,658.36,0.05,1876.33,959.38
9902,20240821,7,2,135,3,706.19,0.0,2118.57,1086.12
9903,20240821,1,21,516,2,392.24,0.0,784.48,429.12
9904,20240821,6,5,211,2,98.3,0.0,196.6,85.4
9905,20240821,7,25,581,3,387.37,0.0,1162.11,338.34
9906,20240821,7,3,407,3,100.1,0.05,285.28,158.68
9907,20240821,4,27,206,5,636.28,0.1,2863.26,1284.06
9908,20240821,4,19,481,2,101.21,0.0,202.42,89.78
9909,20240821,4,5,414,1,98.3,0.0,98.3,42.7
9910,20240821,2,17,445,4,224.09,0.0,896.36,361.56
9911,20240821,4,30,543,2,83.21,0.0,166.42,45.98
9912,20240821,2,19,64,2,101.21,0.0,202.42,89.78
9913,20240821,2,24,128,3,249.97,0.0,749.91,275.76
9914,20240821,1,26,178,2,105.66,0.0,211.32,43.4
9915,20240821,6,12,26,1,884.49,0.0,884.49,496.06
9916,20240821,4,22,232,4,453.16,0.05,1722.01,595.61
9917,20240821,1,30,457,1,83.21,0.05,79.05,18.83
9918,20240821,1,22,467,3,453.16,0.0,1359.48,514.68
9919,20240821,5,5,233,1,98.3,0.0,98.3,42.7
9920,20240821,4,5,65,4,98.3,0.0,393.2,170.8
9921,20240821,2,18,272,3,279.59,0.0,838.77,267.36
9922,20240822,7,26,425,1,105.66,0.0,105.66,21.7
9923,20240822,1,5,400,2,98.3,0.05,186.77,75.57
9924,20240822,6,11,420,3,504.67,0.0,1514.01,600.69
9925,20240822,6,24,340,2,249.97,0.0,499.94,183.84
9926,20240822,2,10,74,1,655.99,0.1,590.39,258.48
9927,20240822,3,5,387,1,98.3,0.0,98.3,42.7
9928,20240822,4,20,77,3,191.18,0.0,573.54,289.65
9929,20240822,4,17,81,3,224.09,0.0,672.27,271.17
9930,20240822,2,17,428,3,224.09,0.0,672.27,271.17
9931,20240822,1,21,130,1,392.24,0.1,353.02,175.34
9932,20240822,2,11,173,3,504.67,0.0,1514.01,600.69
9933,20240822,4,6,259,1,350.77,0.0,350.77,199.3
9934,20240822,6,7,260,3,569.53,0.0,1708.59,930.6
9935,20240822,5,10,492,1,655.99,0.0,655.99,324.08
9936,20240822,3,29,455,2,354.67,0.0,709.34,336.8
9937,20240822,1,16,31,4,706.85,0.0,2827.4,1630.68
9938,20240822,1,1,439,1,545.21,0.0,545.21,234.5
9939,20240823,7,17,390,2,224.09,0.0,448.18,180.78
9940,20240823,2,27,380,1,636.28,0.0,636.28,320.44
9941,20240823,4,22,15,4,453.16,0.0,1812.64,686.24
9942,20240823,6,18,124,1,279.59,0.0,279.59,89.12
9943,20240823,5,25,572,3,387.37,0.0,1162.11,338.34
9944,20240823,7,29,510,2,354.67,0.0,709.34,336.8
9945,20240823,6,26,412,3,105.66,0.0,316.98,65.1
9946,20240823,4,28,214,1,609.0,0.0,609.0,325.46
9947,20240823,1,21,131,6,392.24,0.0,2353.44,1287.36
9948,20240823,6,8,392,2,272.27,0.0,544.54,184.24
9949,20240823,6,29,129,2,354.67,0.0,709.34,336.8
9950,20240823,4,23,399,2,726.04,0.1,1306.87,639.39
9951,20240823,5,6,449,4,350.77,0.05,1332.93,727.05
9952,20240823,6,9,340,2,296.52,0.0,593.04,144.92
9953,20240824,6,18,234,1,279.59,0.0,279.59,89.12
9954,20240824,1,22,283,1,453.16,0.1,407.84,126.24
9955,20240824,6,5,350,1,98.3,0.0,98.3,42.7
9956,20240824,2,30,566,3,83.21,0.1,224.67,44.01
9957,20240824,7,26,3,2,105.66,0.0,211.32,43.4
9958,20240824,7,28,30,2,609.0,0.1,1096.2,529.12
9959,20240824,4,12,504,2,884.49,0.0,1768.98,992.12
9960,20240824,3,30,120,3,83.21,0.0,249.63,68.97
9961,20240824,3,23,324,1,726.04,0.0,726.04,392.3
9962,20240824,1,18,54,3,279.59,0.0,838.77,267.36
9963,20240824,2,19,148,3,101.21,0.0,303.63,134.67
9964,20240824,1,23,528,4,726.04,0.05,2758.95,1423.99
9965,20240824,6,12,266,5,884.49,0.0,4422.45,2480.3
9966,20240824,5,30,406,1,83.21,0.0,83.21,22.99
9967,20240824,6,1,250,1,545.21,0.1,490.69,179.98
9968,20240824,2,25,406,2,387.37,0.1,697.27,148.09
9969,20240825,3,22,102,1,453.16,0.0,453.16,171.56
9970,20240825,7,4,233,1,658.36,0.0,658.36,352.71
9971,20240825,2,4,387,4,658.36,0.0,2633.44,1410.84
9972,20240825,4,27,543,1,636.28,0.0,636.28,320.44
9973,20240825,7,29,39,3,354.67,0.0,1064.01,505.2
9974,20240825,2,1,171,1,545.21,0.0,545.21,234.5
9975,20240825,4,23,396,3,726.04,0.0,2178.12,1176.9
9976,20240825,1,1,377,1,545.21,0.0,545.21,234.5
9977,20240825,7,26,575,1,105.66,0.0,105.66,21.7
9978,20240826,3,26,242,1,105.66,0.0,105.66,21.7
9979,20240826,3,2,565,4,706.19,0.0,2824.76,1448.16
9980,20240826,6,14,241,4,246.23,0.0,984.92,227.52
9981,20240826,1,5,224,3,98.3,0.0,294.9,128.1
9982,20240826,5,3,309,4,100.1,0.0,400.4,231.6
9983,20240826,7,11,267,2,504.67,0.0,1009.34,400.46
9984,20240826,1,16,341,2,706.85,0.0,1413.7,815.34
9985,20240826,7,23,280,5,726.04,0.0,3630.2,1961.5
9986,20240826,4,17,76,2,224.09,0.0,448.18,180.78
9987,20240826,2,10,77,4,655.99,0.0,2623.96,1296.32
9988,20240826,6,19,339,3,101.21,0.0,303.63,134.67
9989,20240826,2,3,181,2,100.1,0.0,200.2,115.8
9990,20240826,2,11,256,2,504.67,0.0,1009.34,400.46
9991,20240826,6,24,325,2,249.97,0.05,474.94,158.84
9992,20240826,2,3,73,3,100.1,0.1,270.27,143.67
9993,20240826,5,14,95,5,246.23,0.0,1231.15,284.4
9994,20240826,5,9,214,1,296.52,0.0,296.52,72.46
9995,20240826,5,18,17,3,279.59,0.0,838.77,267.36
9996,20240826,2,13,184,6,460.51,0.2,2210.45,335.69
9997,20240826,1,20,308,2,191.18,0.0,382.36,193.1
9998,20240827,6,30,73,6,83.21,0.0,499.26,137.94
9999,20240827,7,26,421,1,105.66,0.0,105.66,21.7
10000,20240827,6,1,535,1,545.21,0.05,517.95,207.24
10001,20240827,3,9,235,3,296.52,0.0,889.56,217.38
10002,20240827,3,10,100,1,655.99,0.05,623.19,291.28
10003,20240827,3,1,72,4,545.21,0.1,1962.76,719.92
10004,20240827,2,5,581,2,98.3,0.05,186.77,75.57
10005,20240827,7,2,147,3,706.19,0.0,2118.57,1086.12
10006,20240827,5,19,314,2,101.21,0.0,202.42,89.78
10007,20240827,4,7,593,1,569.53,0.05,541.05,281.72
10008,20240827,2,6,477,3,350.77,0.0,1052.31,597.9
10009,20240827,2,12,456,4,884.49,0.0,3537.96,1984.24
10010,20240827,5,1,376,4,545.21,0.0,2180.84,938.0
10011,20240828,3,3,136,3,100.1,0.0,300.3,173.7
10012,20240828,1,23,410,1,726.04,0.0,726.04,392.3
10013,20240828,7,16,10,2,706.85,0.0,1413.7,815.34
10014,20240828,3,18,20,3,279.59,0.0,838.77,267.36
10015,20240828,4,27,317,1,636.28,0.0,636.28,320.44
10016,20240828,6,14,558,2,246.23,0.05,467.84,89.14
10017,20240828,5,11,274,3,504.67,0.2,1211.21,297.89
10018,20240828,2,28,68,1,609.0,0.0,609.0,325.46
10019,20240828,3,4,577,1,658.36,0.0,658.36,352.71
10020,20240828,3,26,19,1,105.66,0.0,105.66,21.7
10021,20240828,4,9,212,1,296.52,0.0,296.52,72.46
10022,20240828,7,28,40,1,609.0,0.0,609.0,325.46
10023,20240828,4,20,230,2,191.18,0.0,382.36,193.1
10024,20240829,3,9,407,2,296.52,0.1,533.74,85.62
10025,20240829,5,16,208,2,706.85,0.0,1413.7,815.34
10026,20240829,6,11,442,3,504.67,0.0,1514.01,600.69
10027,20240829,7,6,217,5,350.77,0.0,1753.85,996.5
10028,20240829,2,27,250,6,636.28,0.0,3817.68,1922.64
10029,20240829,5,14,507,3,246.23,0.0,738.69,170.64
10030,20240829,7,14,427,3,246.23,0.0,738.69,170.64
10031,20240829,7,13,15,6,460.51,0.0,2763.06,888.3
10032,20240829,6,27,520,2,636.28,0.0,1272.56,640.88
10033,20240829,6,16,218,1,706.85,0.0,706.85,407.67
10034,20240829,5,8,196,4,272.27,0.0,1089.08,368.48
10035,20240829,7,24,13,4,249.97,0.0,999.88,367.68
10036,20240829,3,30,317,1,83.21,0.0,83.21,22.99
10037,20240830,3,15,424,5,134.22,0.0,671.1,341.4
10038,20240830,2,25,225,2,387.37,0.05,736.0,186.82
10039,20240830,2,29,172,3,354.67,0.05,1010.81,452.0
10040,20240830,4,14,15,3,246.23,0.1,664.82,96.77
10041,20240830,7,14,22,3,246.23,0.0,738.69,170.64
10042,20240830,6,21,568,1,392.24,0.0,392.24,214.56
10043,20240830,5,19,553,1,101.21,0.1,91.09,34.77
10044,20240830,3,19,113,5,101.21,0.0,506.05,224.45
10045,20240830,5,11,555,3,504.67,0.0,1514.01,600.69
10046,20240830,4,12,85,2,884.49,0.0,1768.98,992.12
10047,20240830,3,4,552,1,658.36,0.1,592.52,286.87
10048,20240830,1,9,50,3,296.52,0.0,889.56,217.38
10049,20240831,6,5,499,1,98.3,0.0,98.3,42.7
10050,20240831,3,24,415,4,249.97,0.0,999.88,367.68
10051,20240831,3,12,362,6,884.49,0.0,5306.94,2976.36
10052,20240831,5,30,466,4,83.21,0.0,332.84,91.96
10053,20240831,7,25,134,1,387.37,0.0,387.37,112.78
10054,20240831,7,3,556,5,100.1,0.05,475.48,264.47
10055,20240831,2,4,377,1,658.36,0.0,658.36,352.71
10056,20240831,6,6,97,3,350.77,0.1,947.08,492.67
10057,20240831,4,24,499,1,249.97,0.0,249.97,91.92
10058,20240831,3,2,60,1,706.19,0.0,706.19,362.04
10059,20240831,2,2,554,3,706.19,0.0,2118.57,1086.12
10060,20240831,5,26,331,4,105.66,0.0,422.64,86.8
10061,20240831,2,9,541,2,296.52,0.0,593.04,144.92
10062,20240901,6,29,67,2,354.67,0.0,709.34,336.8
10063,20240901,5,21,386,4,392.24,0.0,1568.96,858.24
10064,20240901,7,22,501,6,453.16,0.0,2718.96,1029.36
10065,20240901,4,5,115,3,98.3,0.05,280.15,113.35
10066,20240901,2,10,347,1,655.99,0.2,524.79,192.88
10067,20240901,2,19,526,3,101.21,0.0,303.63,134.67
10068,20240901,2,23,186,1,726.04,0.05,689.74,356.0
10069,20240901,6,24,142,4,249.97,0.1,899.89,267.69
10070,20240901,5,20,41,4,191.18,0.0,764.72,386.2
10071,20240901,2,16,130,3,706.85,0.0,2120.55,1223.01
10072,20240901,7,6,322,1,350.77,0.1,315.69,164.22
10073,20240901,3,10,454,1,655.99,0.05,623.19,291.28
10074,20240901,6,9,3,4,296.52,0.0,1186.08,289.84
10075,20240902,7,5,223,4,98.3,0.0,393.2,170.8
10076,20240902,4,22,150,4,453.16,0.0,1812.64,686.24
10077,20240902,6,11,300,2,504.67,0.05,958.87,349.99
10078,20240902,1,5,111,1,98.3,0.0,98.3,42.7
10079,20240902,2,15,193,4,134.22,0.0,536.88,273.12
10080,20240902,7,17,102,3,224.09,0.05,638.66,237.56
10081,20240902,7,5,322,1,98.3,0.05,93.38,37.78
10082,20240902,7,16,465,3,706.85,0.0,2120.55,1223.01
10083,20240902,1,23,281,2,726.04,0.2,1161.66,494.18
10084,20240902,2,30,334,2,83.21,0.0,166.42,45.98
10085,20240902,7,17,544,5,224.09,0.0,1120.45,451.95
10086,20240902,3,15,406,3,134.22,0.0,402.66,204.84
10087,20240902,1,14,56,5,246.23,0.0,1231.15,284.4
10088,20240902,7,11,145,3,504.67,0.0,1514.01,600.69
10089,20240902,2,15,388,4,134.22,0.0,536.88,273.12
10090,20240902,1,27,370,1,636.28,0.0,636.28,320.44
10091,20240902,2,16,445,2,706.85,0.05,1343.02,744.65
10092,20240902,6,1,102,3,545.21,0.0,1635.63,703.5
10093,20240902,3,1,41,1,545.21,0.0,545.21,234.5
10094,20240903,7,11,483,2,504.67,0.0,1009.34,400.46
10095,20240903,6,25,287,5,387.37,0.0,1936.85,563.9
10096,20240903,1,16,419,3,706.85,0.0,2120.55,1223.01
10097,20240903,4,13,73,3,460.51,0.0,1381.53,444.15
10098,20240903,6,24,220,1,249.97,0.0,249.97,91.92
10099,20240903,2,19,65,1,101.21,0.0,101.21,44.89
10100,20240903,7,24,355,2,249.97,0.0,499.94,183.84
10101,20240903,4,7,468,6,569.53,0.05,3246.32,1690.34
10102,20240903,3,12,283,1,884.49,0.0,884.49,496.06
10103,20240903,2,20,505,2,191.18,0.0,382.36,193.1
10104,20240903,4,30,593,5,83.21,0.05,395.25,94.15
10105,20240903,3,13,230,6,460.51,0.0,2763.06,888.3
10106,20240903,5,30,337,2,83.21,0.1,149.78,29.34
10107,20240903,6,14,517,1,246.23,0.0,246.23,56.88
10108,20240903,5,24,226,1,249.97,0.0,249.97,91.92
10109,20240903,5,3,204,1,100.1,0.0,100.1,57.9
10110,20240903,1,1,320,4,545.21,0.0,2180.84,938.0
10111,20240903,7,30,14,1,83.21,0.1,74.89,14.67
10112,20240903,3,6,556,2,350.77,0.0,701.54,398.6
10113,20240903,7,25,14,3,387.37,0.0,1162.11,338.34
10114,20240903,6,30,595,3,83.21,0.0,249.63,68.97
10115,20240903,2,10,513,3,655.99,0.0,1967.97,972.24
10116,20240904,7,20,69,2,191.18,0.0,382.36,193.1
10117,20240904,5,19,265,5,101.21,0.0,506.05,224.45
10118,20240904,5,4,548,3,658.36,0.0,1975.08,1058.13
10119,20240904,1,3,213,1,100.1,0.0,100.1,57.9
10120,20240904,2,7,305,2,569.53,0.1,1025.15,506.49
10121,20240904,2,17,527,6,224.09,0.0,1344.54,542.34
10122,20240904,1,6,399,3,350.77,0.0,1052.31,597.9
10123,20240904,1,8,389,3,272.27,0.0,816.81,276.36
10124,20240904,6,8,43,3,272.27,0.0,816.81,276.36
10125,20240904,1,29,182,3,354.67,0.05,1010.81,452.0
10126,20240904,1,13,321,5,460.51,0.1,2072.3,510.0
10127,20240904,1,4,69,1,658.36,0.0,658.36,352.71
10128,20240904,3,19,16,2,101.21,0.0,202.42,89.78
10129,20240905,7,11,588,3,504.67,0.0,1514.01,600.69
10130,20240905,3,29,500,2,354.67,0.0,709.34,336.8
10131,20240905,7,14,298,1,246.23,0.0,246.23,56.88
10132,20240905,1,22,512,1,453.16,0.0,453.16,171.56
10133,20240905,1,29,81,1,354.67,0.0,354.67,168.4
10134,20240905,4,27,223,3,636.28,0.0,1908.84,961.32
10135,20240905,1,15,134,3,134.22,0.0,402.66,204.84
10136,20240905,7,6,445,2,350.77,0.0,701.54,398.6
10137,20240905,5,16,342,3,706.85,0.0,2120.55,1223.01
10138,20240905,4,12,579,3,884.49,0.0,2653.47,1488.18
10139,20240905,1,7,344,2,569.53,0.1,1025.15,506.49
10140,20240905,1,8,461,6,272.27,0.0,1633.62,552.72
10141,20240905,3,19,543,1,101.21,0.0,101.21,44.89
10142,20240905,3,12,187,5,884.49,0.0,4422.45,2480.3
10143,20240905,4,20,445,1,191.18,0.0,191.18,96.55
10144,20240905,2,9,249,4,296.52,0.0,1186.08,289.84
10145,20240905,3,5,492,5,98.3,0.0,491.5,213.5
10146,20240905,1,22,442,5,453.16,0.0,2265.8,857.8
10147,20240905,2,15,66,3,134.22,0.05,382.53,184.71
10148,20240905,4,25,186,2,387.37,0.0,774.74,225.56
10149,20240905,5,4,47,3,658.36,0.0,1975.08,1058.13
10150,20240905,5,24,257,2,249.97,0.0,499.94,183.84
10151,20240906,1,15,220,1,134.22,0.0,134.22,68.28
10152,20240906,7,24,390,3,249.97,0.0,749.91,275.76
10153,20240906,4,26,413,2,105.66,0.0,211.32,43.4
10154,20240906,1,17,160,5,224.09,0.05,1064.43,395.93
10155,20240906,5,16,409,4,706.85,0.0,2827.4,1630.68
10156,20240906,5,2,51,3,706.19,0.0,2118.57,1086.12
10157,20240906,6,15,45,5,134.22,0.1,603.99,274.29
10158,20240906,7,23,176,2,726.04,0.0,1452.08,784.6
10159,20240906,1,28,275,1,609.0,0.0,609.0,325.46
10160,20240906,3,22,552,4,453.16,0.0,1812.64,686.24
10161,20240906,5,6,53,3,350.77,0.0,1052.31,597.9
10162,20240906,1,5,372,2,98.3,0.0,196.6,85.4
10163,20240906,2,5,467,1,98.3,0.0,98.3,42.7
10164,20240906,4,17,236,1,224.09,0.0,224.09,90.39
10165,20240906,2,14,144,2,246.23,0.05,467.84,89.14
10166,20240907,4,29,272,1,354.67,0.1,319.2,132.93
10167,20240907,4,3,327,3,100.1,0.1,270.27,143.67
10168,20240907,6,23,594,4,726.04,0.0,2904.16,1569.2
10169,20240907,6,21,362,4,392.24,0.2,1255.17,544.45
10170,20240907,2,20,57,2,191.18,0.05,363.24,173.98
10171,20240907,5,27,147,2,636.28,0.0,1272.56,640.88
10172,20240907,3,28,332,2,609.0,0.0,1218.0,650.92
10173,20240907,2,12,516,3,884.49,0.0,2653.47,1488.18
10174,20240907,7,15,32,3,134.22,0.0,402.66,204.84
10175,20240907,4,5,163,3,98.3,0.0,294.9,128.1
10176,20240907,7,5,261,1,98.3,0.0,98.3,42.7
10177,20240907,5,3,599,3,100.1,0.0,300.3,173.7
10178,20240907,1,6,267,3,350.77,0.1,947.08,492.67
10179,20240907,3,24,456,2,249.97,0.0,499.94,183.84
10180,20240907,5,6,255,1,350.77,0.0,350.77,199.3
10181,20240907,6,30,550,3,83.21,0.0,249.63,68.97
10182,20240907,3,1,289,2,545.21,0.0,1090.42,469.0
10183,20240907,4,20,346,1,191.18,0.0,191.18,96.55
10184,20240908,5,4,98,2,658.36,0.0,1316.72,705.42
10185,20240908,6,27,350,3,636.28,0.0,1908.84,961.32
10186,20240908,1,22,470,4,453.16,0.0,1812.64,686.24
10187,20240908,7,11,49,1,504.67,0.05,479.44,175.0
10188,20240908,7,22,534,5,453.16,0.0,2265.8,857.8
10189,20240908,3,30,478,4,83.21,0.2,266.27,25.39
10190,20240908,4,18,157,2,279.59,0.1,503.26,122.32
10191,20240908,6,29,202,2,354.67,0.0,709.34,336.8
10192,20240908,4,11,110,3,504.67,0.0,1514.01,600.69
10193,20240908,7,4,6,1,658.36,0.0,658.36,352.71
10194,20240908,4,22,430,2,453.16,0.1,815.69,252.49
10195,20240908,1,20,488,6,191.18,0.0,1147.08,579.3
10196,20240908,1,13,394,2,460.51,0.0,921.02,296.1
10197,20240909,5,9,377,3,296.52,0.0,889.56,217.38
10198,20240909,2,21,586,1,392.24,0.0,392.24,214.56
10199,20240909,1,7,97,4,569.53,0.0,2278.12,1240.8
10200,20240909,7,21,386,1,392.24,0.0,392.24,214.56
10201,20240909,1,5,441,4,98.3,0.0,393.2,170.8
10202,20240909,2,4,270,2,658.36,0.0,1316.72,705.42
10203,20240909,2,10,251,4,655.99,0.0,2623.96,1296.32
10204,20240909,2,29,512,2,354.67,0.0,709.34,336.8
10205,20240909,6,7,400,5,569.53,0.0,2847.65,1551.0
10206,20240909,1,20,499,1,191.18,0.0,191.18,96.55
10207,20240909,6,23,378,2,726.04,0.0,1452.08,784.6
10208,20240909,2,19,257,1,101.21,0.0,101.21,44.89
10209,20240909,3,20,159,2,191.18,0.05,363.24,173.98
10210,20240909,1,23,306,3,726.04,0.0,2178.12,1176.9
10211,20240909,1,17,527,1,224.09,0.05,212.89,79.19
10212,20240909,4,18,426,2,279.59,0.2,447.34,66.4
10213,20240909,6,15,458,4,134.22,0.0,536.88,273.12
10214,20240909,3,25,417,1,387.37,0.0,387.37,112.78
10215,20240909,6,7,210,3,569.53,0.0,1708.59,930.6
10216,20240910,3,9,257,3,296.52,0.0,889.56,217.38
10217,20240910,4,22,398,4,453.16,0.0,1812.64,686.24
10218,20240910,6,24,447,2,249.97,0.0,499.94,183.84
10219,20240910,6,15,296,1,134.22,0.0,134.22,68.28
10220,20240910,4,22,171,3,453.16,0.0,1359.48,514.68
10221,20240910,1,20,292,3,191.18,0.0,573.54,289.65
10222,20240910,5,8,96,3,272.27,0.0,816.81,276.36
10223,20240910,1,10,322,3,655.99,0.0,1967.97,972.24
10224,20240910,6,17,159,3,224.09,0.0,672.27,271.17
10225,20240910,1,7,333,3,569.53,0.2,1366.87,588.88
10226,20240910,1,16,331,3,706.85,0.0,2120.55,1223.01
10227,20240910,1,16,303,1,706.85,0.1,636.17,336.99
10228,20240910,3,19,204,2,101.21,0.0,202.42,89.78
10229,20240911,3,24,4,2,249.97,0.0,499.94,183.84
10230,20240911,1,1,275,3,545.21,0.0,1635.63,703.5
10231,20240911,6,19,287,5,101.21,0.0,506.05,224.45
10232,20240911,6,3,381,3,100.1,0.0,300.3,173.7
10233,20240911,6,24,348,2,249.97,0.0,499.94,183.84
10234,20240911,5,13,529,1,460.51,0.0,460.51,148.05
10235,20240911,7,3,379,4,100.1,0.0,400.4,231.6
10236,20240911,5,12,463,2,884.49,0.0,1768.98,992.12
10237,20240911,5,21,369,1,392.24,0.0,392.24,214.56
10238,20240911,1,25,215,3,387.37,0.05,1104.0,280.23
10239,20240911,1,4,582,5,658.36,0.0,3291.8,1763.55
10240,20240911,7,15,327,3,134.22,0.0,402.66,204.84
10241,20240911,6,26,477,5,105.66,0.0,528.3,108.5
10242,20240911,1,24,298,2,249.97,0.05,474.94,158.84
10243,20240911,3,9,199,5,296.52,0.0,1482.6,362.3
10244,20240911,4,16,125,4,706.85,0.0,2827.4,1630.68
10245,20240911,2,2,372,3,706.19,0.1,1906.71,874.26
10246,20240911,5,15,531,2,134.22,0.05,255.02,123.14
10247,20240912,7,10,396,4,655.99,0.0,2623.96,1296.32
10248,20240912,5,22,371,5,453.16,0.0,2265.8,857.8
10249,20240912,5,24,50,2,249.97,0.0,499.94,183.84
10250,20240912,6,6,70,6,350.77,0.0,2104.62,1195.8
10251,20240912,4,3,447,2,100.1,0.1,180.18,95.78
10252,20240912,5,4,442,2,658.36,0.0,1316.72,705.42
10253,20240912,2,30,115,3,83.21,0.0,249.63,68.97
10254,20240912,5,8,259,4,272.27,0.0,1089.08,368.48
10255,20240912,5,9,333,3,296.52,0.0,889.56,217.38
10256,20240912,7,4,584,2,658.36,0.0,1316.72,705.42
10257,20240912,6,1,358,3,545.21,0.05,1553.85,621.72
10258,20240912,7,30,404,4,83.21,0.0,332.84,91.96
10259,20240912,4,10,397,3,655.99,0.0,1967.97,972.24
10260,20240912,1,15,262,4,134.22,0.0,536.88,273.12
10261,20240912,1,13,147,1,460.51,0.0,460.51,148.05
10262,20240912,7,13,473,4,460.51,0.0,1842.04,592.2
10263,20240912,1,4,592,3,658.36,0.0,1975.08,1058.13
10264,20240912,6,16,115,1,706.85,0.0,706.85,407.67
10265,20240912,1,18,568,1,279.59,0.1,251.63,61.16
10266,20240912,6,6,444,4,350.77,0.0,1403.08,797.2
10267,20240912,4,14,211,2,246.23,0.0,492.46,113.76
10268,20240913,1,5,362,5,98.3,0.05,466.92,188.92
10269,20240913,6,27,449,1,636.28,0.0,636.28,320.44
10270,20240913,1,9,426,2,296.52,0.0,593.04,144.92
10271,20240913,6,22,126,3,453.16,0.0,1359.48,514.68
10272,20240913,6,20,12,1,191.18,0.0,191.18,96.55
10273,20240913,3,17,114,4,224.09,0.0,896.36,361.56
10274,20240913,1,15,18,3,134.22,0.0,402.66,204.84
10275,20240913,1,8,243,4,272.27,0.0,1089.08,368.48
10276,20240913,1,11,159,1,504.67,0.0,504.67,200.23
10277,20240913,1,13,319,4,460.51,0.05,1749.94,500.1
10278,20240913,6,19,265,3,101.21,0.0,303.63,134.67
10279,20240913,2,7,409,2,569.53,0.1,1025.15,506.49
10280,20240913,1,2,426,1,706.19,0.0,706.19,362.04
10281,20240913,4,13,139,3,460.51,0.0,1381.53,444.15
10282,20240913,7,1,107,1,545.21,0.0,545.21,234.5
10283,20240913,7,15,139,1,134.22,0.0,134.22,68.28
10284,20240913,6,14,110,1,246.23,0.0,246.23,56.88
10285,20240913,3,6,303,2,350.77,0.0,701.54,398.6
10286,20240914,3,5,461,2,98.3,0.1,176.94,65.74
10287,20240914,4,2,311,4,706.19,0.0,2824.76,1448.16
10288,20240914,3,13,172,1,460.51,0.0,460.51,148.05
10289,20240914,7,24,523,2,249.97,0.0,499.94,183.84
10290,20240914,5,1,157,4,545.21,0.05,2071.8,828.96
10291,20240914,7,2,510,2,706.19,0.0,1412.38,724.08
10292,20240914,5,10,194,6,655.99,0.0,3935.94,1944.48
10293,20240914,4,1,50,3,545.21,0.0,1635.63,703.5
10294,20240914,4,21,365,3,392.24,0.0,1176.72,643.68
10295,20240914,2,4,574,2,658.36,0.0,1316.72,705.42
10296,20240915,7,2,473,1,706.19,0.0,706.19,362.04
10297,20240915,7,8,190,1,272.27,0.0,272.27,92.12
10298,20240915,2,26,338,2,105.66,0.0,211.32,43.4
10299,20240915,1,21,374,3,392.24,0.0,1176.72,643.68
10300,20240915,2,14,104,3,246.23,0.0,738.69,170.64
10301,20240915,3,25,310,4,387.37,0.0,1549.48,451.12
10302,20240915,1,25,29,4,387.37,0.1,1394.53,296.17
10303,20240915,7,7,266,3,569.53,0.05,1623.16,845.17
10304,20240915,6,28,411,3,609.0,0.0,1827.0,976.38
10305,20240915,3,17,435,1,224.09,0.0,224.09,90.39
10306,20240915,1,15,169,2,134.22,0.05,255.02,123.14
10307,20240915,6,8,62,2,272.27,0.05,517.31,157.01
10308,20240915,5,4,218,2,658.36,0.0,1316.72,705.42
10309,20240915,1,18,190,1,279.59,0.0,279.59,89.12
10310,20240915,1,4,544,3,658.36,0.0,1975.08,1058.13
10311,20240915,1,7,121,1,569.53,0.2,455.62,196.29
10312,20240915,7,27,181,3,636.28,0.0,1908.84,961.32
10313,20240915,3,8,341,3,272.27,0.0,816.81,276.36
10314,20240915,2,7,62,1,569.53,0.0,569.53,310.2
10315,20240915,6,1,559,5,545.21,0.0,2726.05,1172.5
10316,20240915,4,30,172,3,83.21,0.0,249.63,68.97
10317,20240915,7,3,8,1,100.1,0.05,95.09,52.89
10318,20240915,6,19,170,4,101.21,0.0,404.84,179.56
10319,20240916,7,2,198,3,706.19,0.0,2118.57,1086.12
10320,20240916,1,24,370,2,249.97,0.0,499.94,183.84
10321,20240916,7,21,112,1,392.24,0.0,392.24,214.56
10322,20240916,6,22,180,3,453.16,0.05,1291.51,446.71
10323,20240916,2,8,3,3,272.27,0.0,816.81,276.36
10324,20240916,1,21,154,1,392.24,0.0,392.24,214.56
10325,20240916,6,13,237,3,460.51,0.0,1381.53,444.15
10326,20240916,1,21,338,5,392.24,0.0,1961.2,1072.8
10327,20240916,3,12,102,2,884.49,0.0,1768.98,992.12
10328,20240916,4,27,243,2,636.28,0.0,1272.56,640.88
10329,20240916,1,2,411,2,706.19,0.0,1412.38,724.08
10330,20240917,2,7,202,1,569.53,0.0,569.53,310.2
10331,20240917,4,20,42,1,191.18,0.0,191.18,96.55
10332,20240917,3,1,259,2,545.21,0.0,1090.42,469.0
10333,20240917,4,7,156,5,569.53,0.0,2847.65,1551.0
10334,20240917,7,3,487,3,100.1,0.0,300.3,173.7
10335,20240917,2,11,193,1,504.67,0.0,504.67,200.23
10336,20240917,2,19,550,3,101.21,0.2,242.9,73.94
10337,20240917,1,12,334,1,884.49,0.0,884.49,496.06
10338,20240917,4,18,60,2,279.59,0.0,559.18,178.24
10339,20240917,5,15,18,2,134.22,0.0,268.44,136.56
10340,20240917,6,4,275,4,658.36,0.0,2633.44,1410.84
10341,20240917,3,16,424,3,706.85,0.0,2120.55,1223.01
10342,20240917,5,12,311,1,884.49,0.0,884.49,496.06
10343,20240917,7,1,124,1,545.21,0.0,545.21,234.5
10344,20240917,6,21,81,3,392.24,0.1,1059.05,526.01
10345,20240917,6,17,532,4,224.09,0.0,896.36,361.56
10346,20240917,3,6,480,5,350.77,0.2,1403.08,645.73
10347,20240917,7,14,508,4,246.23,0.0,984.92,227.52
10348,20240917,6,26,318,3,105.66,0.05,301.13,49.25
10349,20240917,6,28,349,4,609.0,0.0,2436.0,1301.84
10350,20240917,6,15,521,2,134.22,0.1,241.6,109.72
10351,20240918,1,12,594,1,884.49,0.0,884.49,496.06
10352,20240918,7,29,517,2,354.67,0.0,709.34,336.8
10353,20240918,1,23,126,6,726.04,0.0,4356.24,2353.8
10354,20240918,5,7,334,4,569.53,0.0,2278.12,1240.8
10355,20240918,4,11,280,3,504.67,0.0,1514.01,600.69
10356,20240918,6,21,31,1,392.24,0.0,392.24,214.56
10357,20240918,6,20,241,2,191.18,0.0,382.36,193.1
10358,20240918,4,8,255,2,272.27,0.1,490.09,129.79
10359,20240918,6,5,503,2,98.3,0.0,196.6,85.4
10360,20240919,6,25,121,4,387.37,0.0,1549.48,451.12
10361,20240919,2,12,145,1,884.49,0.0,884.49,496.06
10362,20240919,1,14,335,4,246.23,0.0,984.92,227.52
10363,20240919,7,8,443,1,272.27,0.1,245.04,64.89
10364,20240919,6,7,179,4,569.53,0.0,2278.12,1240.8
10365,20240919,6,28,534,1,609.0,0.0,609.0,325.46
10366,20240919,4,8,560,2,272.27,0.0,544.54,184.24
10367,20240919,1,27,169,5,636.28,0.05,3022.33,1443.13
10368,20240919,2,2,296,5,706.19,0.0,3530.95,1810.2
10369,20240919,7,13,386,2,460.51,0.0,921.02,296.1
10370,20240919,1,12,552,2,884.49,0.0,1768.98,992.12
10371,20240919,1,7,546,1,569.53,0.0,569.53,310.2
10372,20240919,7,13,401,3,460.51,0.0,1381.53,444.15
10373,20240919,1,10,362,1,655.99,0.0,655.99,324.08
10374,20240920,7,21,406,1,392.24,0.0,392.24,214.56
10375,20240920,6,25,584,3,387.37,0.0,1162.11,338.34
10376,20240920,4,26,589,1,105.66,0.0,105.66,21.7
10377,20240920,1,1,360,4,545.21,0.0,2180.84,938.0
10378,20240920,4,21,596,2,392.24,0.1,706.03,350.67
10379,20240920,4,2,140,4,706.19,0.05,2683.52,1306.92
10380,20240920,7,7,584,2,569.53,0.0,1139.06,620.4
10381,20240920,1,22,50,4,453.16,0.05,1722.01,595.61
10382,20240920,1,28,455,5,609.0,0.0,3045.0,1627.3
10383,20240920,1,5,519,1,98.3,0.0,98.3,42.7
10384,20240920,4,24,389,4,249.97,0.0,999.88,367.68
10385,20240920,1,9,212,2,296.52,0.0,593.04,144.92
10386,20240920,1,30,344,1,83.21,0.0,83.21,22.99
10387,20240920,1,8,386,1,272.27,0.0,272.27,92.12
10388,20240920,3,20,25,5,191.18,0.0,955.9,482.75
10389,20240921,2,13,185,4,460.51,0.0,1842.04,592.2
10390,20240921,4,1,197,3,545.21,0.0,1635.63,703.5
10391,20240921,1,15,233,3,134.22,0.0,402.66,204.84
10392,20240921,4,25,57,3,387.37,0.0,1162.11,338.34
10393,20240921,2,19,269,1,101.21,0.0,101.21,44.89
10394,20240921,2,28,273,2,609.0,0.0,1218.0,650.92
10395,20240921,1,5,536,4,98.3,0.0,393.2,170.8
10396,20240921,6,23,516,3,726.04,0.0,2178.12,1176.9
10397,20240921,3,4,32,4,658.36,0.2,2106.75,884.15
10398,20240921,4,30,217,1,83.21,0.1,74.89,14.67
10399,20240921,2,11,435,6,504.67,0.0,3028.02,1201.38
10400,20240921,4,5,537,5,98.3,0.0,491.5,213.5
10401,20240921,1,10,262,1,655.99,0.0,655.99,324.08
10402,20240922,1,8,252,3,272.27,0.0,816.81,276.36
10403,20240922,2,11,593,1,504.67,0.0,504.67,200.23
10404,20240922,7,16,128,5,706.85,0.2,2827.4,1331.5
10405,20240922,4,3,37,2,100.1,0.0,200.2,115.8
10406,20240922,2,14,42,3,246.23,0.0,738.69,170.64
10407,20240922,1,17,64,1,224.09,0.1,201.68,67.98
10408,20240922,1,7,522,1,569.53,0.0,569.53,310.2
10409,20240922,6,25,577,1,387.37,0.0,387.37,112.78
10410,20240922,5,11,317,3,504.67,0.0,1514.01,600.69
10411,20240922,4,16,147,4,706.85,0.0,2827.4,1630.68
10412,20240922,4,16,132,3,706.85,0.0,2120.55,1223.01
10413,20240922,1,8,162,4,272.27,0.2,871.26,150.66
10414,20240922,7,1,56,5,545.21,0.0,2726.05,1172.5
10415,20240922,1,17,250,3,224.09,0.0,672.27,271.17
10416,20240922,5,19,339,4,101.21,0.0,404.84,179.56
10417,20240922,6,26,356,1,105.66,0.0,105.66,21.7
10418,20240922,4,20,364,1,191.18,0.0,191.18,96.55
10419,20240922,3,25,476,4,387.37,0.0,1549.48,451.12
10420,20240922,4,28,2,3,609.0,0.0,1827.0,976.38
10421,20240922,6,7,47,4,569.53,0.05,2164.21,1126.89
10422,20240923,4,27,72,4,636.28,0.0,2545.12,1281.76
10423,20240923,4,12,29,1,884.49,0.0,884.49,496.06
10424,20240923,6,17,429,1,224.09,0.05,212.89,79.19
10425,20240923,2,5,500,1,98.3,0.0,98.3,42.7
10426,20240923,3,20,22,5,191.18,0.0,955.9,482.75
10427,20240923,3,16,587,3,706.85,0.0,2120.55,1223.01
10428,20240923,1,24,597,5,249.97,0.0,1249.85,459.6
10429,20240923,4,8,118,1,272.27,0.0,272.27,92.12
10430,20240923,2,27,506,4,636.28,0.05,2417.86,1154.5
10431,20240923,1,11,368,1,504.67,0.0,504.67,200.23
10432,20240923,1,22,564,6,453.16,0.0,2718.96,1029.36
10433,20240923,2,4,37,1,658.36,0.0,658.36,352.71
10434,20240923,1,1,130,4,545.21,0.05,2071.8,828.96
10435,20240923,4,8,172,2,272.27,0.0,544.54,184.24
10436,20240924,4,21,167,5,392.24,0.0,1961.2,1072.8
10437,20240924,5,7,68,3,569.53,0.0,1708.59,930.6
10438,20240924,5,12,126,4,884.49,0.0,3537.96,1984.24
10439,20240924,7,21,54,2,392.24,0.0,784.48,429.12
10440,20240924,1,13,516,3,460.51,0.0,1381.53,444.15
10441,20240924,6,15,489,2,134.22,0.0,268.44,136.56
10442,20240924,7,17,458,3,224.09,0.0,672.27,271.17
10443,20240924,1,1,365,5,545.21,0.0,2726.05,1172.5
10444,20240924,5,2,19,1,706.19,0.0,706.19,362.04
10445,20240924,6,19,321,1,101.21,0.0,101.21,44.89
10446,20240924,6,15,36,4,134.22,0.0,536.88,273.12
10447,20240925,3,8,258,1,272.27,0.0,272.27,92.12
10448,20240925,4,25,156,2,387.37,0.0,774.74,225.56
10449,20240925,7,3,524,2,100.1,0.0,200.2,115.8
10450,20240925,6,28,161,4,609.0,0.05,2314.2,1180.04
10451,20240925,6,21,251,1,392.24,0.0,392.24,214.56
10452,20240925,1,13,112,1,460.51,0.0,460.51,148.05
10453,20240925,2,25,587,1,387.37,0.2,309.9,35.31
10454,20240925,2,20,530,2,191.18,0.0,382.36,193.1
10455,20240925,3,1,540,1,545.21,0.0,545.21,234.5
10456,20240925,4,28,298,3,609.0,0.0,1827.0,976.38
10457,20240925,4,25,463,3,387.37,0.0,1162.11,338.34
10458,20240925,5,6,593,1,350.77,0.0,350.77,199.3
10459,20240925,2,26,53,1,105.66,0.0,105.66,21.7
10460,20240925,5,29,514,3,354.67,0.0,1064.01,505.2
10461,20240925,2,19,269,2,101.21,0.0,202.42,89.78
10462,20240925,1,25,469,2,387.37,0.0,774.74,225.56
10463,20240925,1,27,139,4,636.28,0.0,2545.12,1281.76
10464,20240926,4,6,266,4,350.77,0.0,1403.08,797.2
10465,20240926,1,9,500,3,296.52,0.0,889.56,217.38
10466,20240926,5,26,519,2,105.66,0.0,211.32,43.4
10467,20240926,4,23,179,1,726.04,0.0,726.04,392.3
10468,20240926,5,24,261,2,249.97,0.0,499.94,183.84
10469,20240926,5,9,146,4,296.52,0.0,1186.08,289.84
10470,20240926,2,3,163,3,100.1,0.0,300.3,173.7
10471,20240926,2,25,408,2,387.37,0.0,774.74,225.56
10472,20240926,1,30,332,1,83.21,0.0,83.21,22.99
10473,20240926,7,22,198,1,453.16,0.1,407.84,126.24
10474,20240926,7,13,504,3,460.51,0.0,1381.53,444.15
10475,20240926,7,7,64,3,569.53,0.0,1708.59,930.6
10476,20240926,3,11,90,1,504.67,0.0,504.67,200.23
10477,20240926,6,10,229,3,655.99,0.05,1869.57,873.84
10478,20240926,3,23,548,5,726.04,0.0,3630.2,1961.5
10479,20240926,4,10,495,4,655.99,0.0,2623.96,1296.32
10480,20240926,2,21,596,2,392.24,0.0,784.48,429.12
10481,20240926,3,12,340,3,884.49,0.0,2653.47,1488.18
10482,20240926,2,30,452,5,83.21,0.0,416.05,114.95
10483,20240926,1,20,393,2,191.18,0.0,382.36,193.1
10484,20240927,6,19,600,1,101.21,0.0,101.21,44.89
10485,20240927,2,4,491,2,658.36,0.05,1250.88,639.58
10486,20240927,3,11,268,4,504.67,0.0,2018.68,800.92
10487,20240927,3,26,99,2,105.66,0.0,211.32,43.4
10488,20240927,6,9,10,1,296.52,0.05,281.69,57.63
10489,20240927,7,22,353,3,453.16,0.0,1359.48,514.68
10490,20240927,1,22,192,4,453.16,0.0,1812.64,686.24
10491,20240927,1,14,1,3,246.23,0.0,738.69,170.64
10492,20240927,2,25,458,3,387.37,0.0,1162.11,338.34
10493,20240928,4,23,6,2,726.04,0.0,1452.08,784.6
10494,20240928,4,13,517,1,460.51,0.0,460.51,148.05
10495,20240928,7,14,190,5,246.23,0.0,1231.15,284.4
10496,20240928,4,21,465,2,392.24,0.1,706.03,350.67
10497,20240928,6,23,51,4,726.04,0.0,2904.16,1569.2
10498,20240928,7,22,270,4,453.16,0.0,1812.64,686.24
10499,20240928,5,6,221,2,350.77,0.0,701.54,398.6
10500,20240928,7,15,595,1,134.22,0.0,134.22,68.28
10501,20240928,1,27,131,3,636.28,0.0,1908.84,961.32
10502,20240928,5,28,547,1,609.0,0.0,609.0,325.46
10503,20240928,7,9,286,1,296.52,0.1,266.87,42.81
10504,20240928,6,8,225,2,272.27,0.05,517.31,157.01
10505,20240928,1,13,220,1,460.51,0.0,460.51,148.05
10506,20240928,1,24,214,1,249.97,0.0,249.97,91.92
10507,20240928,7,1,322,4,545.21,0.0,2180.84,938.0
10508,20240928,2,6,12,3,350.77,0.0,1052.31,597.9
10509,20240928,5,25,488,3,387.37,0.0,1162.11,338.34
10510,20240929,1,30,336,3,83.21,0.2,199.7,19.04
10511,20240929,1,9,115,2,296.52,0.0,593.04,144.92
10512,20240929,4,26,311,4,105.66,0.0,422.64,86.8
10513,20240929,4,21,329,4,392.24,0.0,1568.96,858.24
10514,20240929,7,14,541,1,246.23,0.0,246.23,56.88
10515,20240929,4,30,431,2,83.21,0.0,166.42,45.98
10516,20240929,7,13,99,3,460.51,0.1,1243.38,306.0
10517,20240929,2,22,281,1,453.16,0.05,430.5,148.9
10518,20240929,7,26,414,1,105.66,0.0,105.66,21.7
10519,20240929,5,4,412,3,658.36,0.05,1876.33,959.38
10520,20240929,4,28,317,4,609.0,0.0,2436.0,1301.84
10521,20240929,4,26,421,1,105.66,0.0,105.66,21.7
10522,20240929,7,28,200,1,609.0,0.0,609.0,325.46
10523,20240930,1,20,589,3,191.18,0.0,573.54,289.65
10524,20240930,5,20,420,4,191.18,0.1,688.25,309.73
10525,20240930,1,2,309,2,706.19,0.0,1412.38,724.08
10526,20240930,7,19,372,1,101.21,0.0,101.21,44.89
10527,20240930,2,27,104,1,636.28,0.0,636.28,320.44
10528,20240930,6,24,431,3,249.97,0.0,749.91,275.76
10529,20240930,1,6,140,1,350.77,0.05,333.23,181.76
10530,20240930,2,25,594,3,387.37,0.0,1162.11,338.34
10531,20240930,2,6,512,3,350.77,0.0,1052.31,597.9
10532,20240930,3,5,286,5,98.3,0.0,491.5,213.5
10533,20240930,7,15,196,1,134.22,0.0,134.22,68.28
10534,20240930,2,16,386,4,706.85,0.0,2827.4,1630.68
10535,20240930,2,13,180,4,460.51,0.0,1842.04,592.2
10536,20240930,6,10,560,3,655.99,0.0,1967.97,972.24
10537,20240930,1,24,388,3,249.97,0.0,749.91,275.76
10538,20241001,1,4,246,4,658.36,0.0,2633.44,1410.84
10539,20241001,3,11,233,5,504.67,0.0,2523.35,1001.15
10540,20241001,1,16,54,3,706.85,0.05,2014.52,1116.98
10541,20241001,4,25,381,5,387.37,0.0,1936.85,563.9
10542,20241001,2,26,190,4,105.66,0.0,422.64,86.8
10543,20241001,1,27,542,4,636.28,0.0,2545.12,1281.76
10544,20241001,6,27,152,2,636.28,0.0,1272.56,640.88
10545,20241001,6,4,497,3,658.36,0.0,1975.08,1058.13
10546,20241001,1,16,10,1,706.85,0.0,706.85,407.67
10547,20241001,3,12,253,4,884.49,0.0,3537.96,1984.24
10548,20241001,7,12,101,1,884.49,0.0,884.49,496.06
10549,20241001,6,19,581,4,101.21,0.05,384.6,159.32
10550,20241001,3,2,396,3,706.19,0.0,2118.57,1086.12
10551,20241001,1,19,127,1,101.21,0.0,101.21,44.89
10552,20241001,2,5,595,3,98.3,0.0,294.9,128.1
10553,20241001,5,19,337,2,101.21,0.0,202.42,89.78
10554,20241001,2,1,380,1,545.21,0.0,545.21,234.5
10555,20241001,6,22,504,3,453.16,0.0,1359.48,514.68
10556,20241001,4,27,600,4,636.28,0.0,2545.12,1281.76
10557,20241002,3,20,56,5,191.18,0.0,955.9,482.75
10558,20241002,2,22,330,3,453.16,0.0,1359.48,514.68
10559,20241002,1,17,204,3,224.09,0.0,672.27,271.17
10560,20241002,3,4,36,3,658.36,0.0,1975.08,1058.13
10561,20241002,5,27,152,3,636.28,0.0,1908.84,961.32
10562,20241002,7,22,117,1,453.16,0.0,453.16,171.56
10563,20241002,6,20,577,2,191.18,0.0,382.36,193.1
10564,20241002,1,10,112,3,655.99,0.2,1574.38,578.65
10565,20241002,5,30,505,1,83.21,0.2,66.57,6.35
10566,20241002,6,6,422,3,350.77,0.0,1052.31,597.9
10567,20241002,1,5,307,2,98.3,0.0,196.6,85.4
10568,20241002,6,27,190,1,636.28,0.0,636.28,320.44
10569,20241002,1,12,577,4,884.49,0.05,3361.06,1807.34
10570,20241002,5,26,413,4,105.66,0.0,422.64,86.8
10571,20241002,1,19,112,3,101.21,0.0,303.63,134.67
10572,20241002,4,29,237,2,354.67,0.0,709.34,336.8
10573,20241002,6,17,220,4,224.09,0.05,851.54,316.74
10574,20241002,3,2,206,5,706.19,0.0,3530.95,1810.2
10575,20241002,4,14,273,4,246.23,0.0,984.92,227.52
10576,20241002,1,12,250,4,884.49,0.05,3361.06,1807.34
10577,20241002,4,16,364,4,706.85,0.0,2827.4,1630.68
10578,20241003,1,23,79,3,726.04,0.0,2178.12,1176.9
10579,20241003,6,22,56,4,453.16,0.0,1812.64,686.24
10580,20241003,1,14,162,3,246.23,0.05,701.76,133.71
10581,20241003,2,18,551,2,279.59,0.1,503.26,122.32
10582,20241003,7,24,588,1,249.97,0.05,237.47,79.42
10583,20241003,5,11,58,1,504.67,0.0,504.67,200.23
10584,20241003,7,13,185,2,460.51,0.2,736.82,111.9
10585,20241003,3,16,148,2,706.85,0.05,1343.02,744.65
10586,20241003,6,12,407,3,884.49,0.0,2653.47,1488.18
10587,20241003,7,19,44,1,101.21,0.0,101.21,44.89
10588,20241003,4,1,587,1,545.21,0.0,545.21,234.5
10589,20241003,2,15,283,2,134.22,0.0,268.44,136.56
10590,20241003,7,21,133,3,392.24,0.0,1176.72,643.68
10591,20241003,7,6,304,3,350.77,0.05,999.69,545.28
10592,20241003,6,13,304,2,460.51,0.0,921.02,296.1
10593,20241003,4,21,547,3,392.24,0.0,1176.72,643.68
10594,20241003,3,14,163,4,246.23,0.0,984.92,227.52
10595,20241003,3,29,151,4,354.67,0.0,1418.68,673.6
10596,20241003,4,19,466,4,101.21,0.05,384.6,159.32
10597,20241003,6,18,357,4,279.59,0.0,1118.36,356.48
10598,20241003,1,11,229,3,504.67,0.0,1514.01,600.69
10599,20241003,5,23,507,2,726.04,0.0,1452.08,784.6
10600,20241003,4,4,240,2,658.36,0.0,1316.72,705.42
10601,20241003,1,29,336,1,354.67,0.0,354.67,168.4
10602,20241003,1,29,392,2,354.67,0.0,709.34,336.8
10603,20241003,4,22,477,2,453.16,0.0,906.32,343.12
10604,20241004,2,10,472,4,655.99,0.0,2623.96,1296.32
10605,20241004,4,18,361,4,279.59,0.0,1118.36,356.48
10606,20241004,2,2,235,3,706.19,0.0,2118.57,1086.12
10607,20241004,3,12,104,1,884.49,0.0,884.49,496.06
10608,20241004,2,14,99,1,246.23,0.1,221.61,32.26
10609,20241004,1,24,323,3,249.97,0.0,749.91,275.76
10610,20241004,3,20,518,3,191.18,0.0,573.54,289.65
10611,20241004,2,25,443,1,387.37,0.0,387.37,112.78
10612,20241004,2,29,280,1,354.67,0.0,354.67,168.4
10613,20241004,4,4,224,3,658.36,0.05,1876.33,959.38
10614,20241004,7,28,514,3,609.0,0.0,1827.0,976.38
10615,20241004,4,25,5,4,387.37,0.0,1549.48,451.12
10616,20241004,4,2,535,2,706.19,0.05,1341.76,653.46
10617,20241004,6,16,281,2,706.85,0.0,1413.7,815.34
10618,20241005,1,12,424,3,884.49,0.0,2653.47,1488.18
10619,20241005,1,4,198,4,658.36,0.0,2633.44,1410.84
10620,20241005,7,29,71,3,354.67,0.1,957.61,398.8
10621,20241005,1,26,589,5,105.66,0.1,475.47,55.67
10622,20241005,3,22,10,3,453.16,0.0,1359.48,514.68
10623,20241005,1,4,253,3,658.36,0.0,1975.08,1058.13
10624,20241005,2,11,199,2,504.67,0.0,1009.34,400.46
10625,20241005,2,5,64,2,98.3,0.1,176.94,65.74
10626,20241005,3,29,139,2,354.67,0.0,709.34,336.8
10627,20241005,5,24,219,2,249.97,0.05,474.94,158.84
10628,20241005,4,29,346,5,354.67,0.05,1684.68,753.33
10629,20241005,4,11,13,2,504.67,0.2,807.47,198.59
10630,20241005,7,27,415,3,636.28,0.0,1908.84,961.32
10631,20241005,2,6,277,5,350.77,0.0,1753.85,996.5
10632,20241005,7,12,505,1,884.49,0.0,884.49,496.06
10633,20241005,2,13,110,1,460.51,0.0,460.51,148.05
10634,20241005,4,21,529,2,392.24,0.0,784.48,429.12
10635,20241005,2,13,70,1,460.51,0.0,460.51,148.05
10636,20241005,3,2,317,3,706.19,0.0,2118.57,1086.12
10637,20241005,1,23,428,3,726.04,0.0,2178.12,1176.9
10638,20241005,1,2,541,6,706.19,0.05,4025.28,1960.38
10639,20241005,5,12,92,4,884.49,0.05,3361.06,1807.34
10640,20241005,4,27,284,2,636.28,0.0,1272.56,640.88
10641,20241006,2,18,519,1,279.59,0.0,279.59,89.12
10642,20241006,1,27,128,4,636.28,0.0,2545.12,1281.76
10643,20241006,4,17,340,5,224.09,0.2,896.36,227.86
10644,20241006,6,30,178,1,83.21,0.0,83.21,22.99
10645,20241006,2,19,242,2,101.21,0.05,192.3,79.66
10646,20241006,2,24,560,2,249.97,0.0,499.94,183.84
10647,20241006,2,6,523,1,350.77,0.0,350.77,199.3
10648,20241006,3,30,351,1,83.21,0.2,66.57,6.35
10649,20241006,4,2,524,5,706.19,0.1,3177.86,1457.11
10650,20241006,4,16,438,2,706.85,0.0,1413.7,815.34
10651,20241006,7,13,306,5,460.51,0.0,2302.55,740.25
10652,20241006,4,1,161,2,545.21,0.0,1090.42,469.0
10653,20241006,5,17,362,1,224.09,0.05,212.89,79.19
10654,20241006,4,10,146,3,655.99,0.0,1967.97,972.24
10655,20241006,7,9,87,1,296.52,0.0,296.52,72.46
10656,20241006,6,11,537,2,504.67,0.0,1009.34,400.46
10657,20241007,7,12,335,1,884.49,0.0,884.49,496.06
10658,20241007,6,20,82,4,191.18,0.0,764.72,386.2
10659,20241007,7,17,74,2,224.09,0.0,448.18,180.78
10660,20241007,2,25,409,1,387.37,0.0,387.37,112.78
10661,20241007,6,11,216,1,504.67,0.0,504.67,200.23
10662,20241007,7,2,189,5,706.19,0.0,3530.95,1810.2
10663,20241007,7,13,279,3,460.51,0.0,1381.53,444.15
10664,20241007,2,23,587,3,726.04,0.0,2178.12,1176.9
10665,20241007,7,19,571,3,101.21,0.0,303.63,134.67
10666,20241007,4,17,126,2,224.09,0.0,448.18,180.78
10667,20241007,3,26,267,5,105.66,0.0,528.3,108.5
10668,20241007,5,29,131,2,354.67,0.0,709.34,336.8
10669,20241007,2,3,208,2,100.1,0.05,190.19,105.79
10670,20241007,1,8,363,2,272.27,0.0,544.54,184.24
10671,20241007,5,17,458,2,224.09,0.0,448.18,180.78
10672,20241007,3,13,340,1,460.51,0.0,460.51,148.05
10673,20241007,5,21,596,1,392.24,0.0,392.24,214.56
10674,20241007,4,5,490,1,98.3,0.0,98.3,42.7
10675,20241007,1,9,524,3,296.52,0.0,889.56,217.38
10676,20241007,7,19,423,3,101.21,0.0,303.63,134.67
10677,20241007,6,3,34,1,100.1,0.0,100.1,57.9
10678,20241008,7,14,498,2,246.23,0.0,492.46,113.76
10679,20241008,1,2,66,6,706.19,0.0,4237.14,2172.24
10680,20241008,2,18,10,3,279.59,0.0,838.77,267.36
10681,20241008,3,24,255,4,249.97,0.2,799.9,167.7
10682,20241008,1,9,389,2,296.52,0.0,593.04,144.92
10683,20241008,6,9,451,3,296.52,0.0,889.56,217.38
10684,20241008,3,23,317,6,726.04,0.0,4356.24,2353.8
10685,20241008,1,9,212,2,296.52,0.0,593.04,144.92
10686,20241008,3,29,25,2,354.67,0.0,709.34,336.8
10687,20241008,1,7,100,3,569.53,0.0,1708.59,930.6
10688,20241008,1,21,513,4,392.24,0.0,1568.96,858.24
10689,20241008,1,29,506,3,354.67,0.0,1064.01,505.2
10690,20241008,4,20,292,5,191.18,0.0,955.9,482.75
10691,20241008,1,11,351,5,504.67,0.0,2523.35,1001.15
10692,20241008,7,14,371,1,246.23,0.1,221.61,32.26
10693,20241009,7,11,292,1,504.67,0.05,479.44,175.0
10694,20241009,6,1,460,4,545.21,0.0,2180.84,938.0
10695,20241009,5,16,296,3,706.85,0.0,2120.55,1223.01
10696,20241009,1,12,254,4,884.49,0.0,3537.96,1984.24
10697,20241009,6,28,45,5,609.0,0.0,3045.0,1627.3
10698,20241009,7,12,160,5,884.49,0.0,4422.45,2480.3
10699,20241009,5,12,427,2,884.49,0.05,1680.53,903.67
10700,20241009,4,3,382,1,100.1,0.05,95.09,52.89
10701,20241009,5,16,184,1,706.85,0.05,671.51,372.33
10702,20241009,4,27,136,2,636.28,0.0,1272.56,640.88
10703,20241009,7,2,560,3,706.19,0.0,2118.57,1086.12
10704,20241009,3,4,361,3,658.36,0.0,1975.08,1058.13
10705,20241009,3,3,121,4,100.1,0.0,400.4,231.6
10706,20241009,4,3,352,1,100.1,0.0,100.1,57.9
10707,20241009,5,29,51,3,354.67,0.0,1064.01,505.2
10708,20241009,7,5,139,4,98.3,0.0,393.2,170.8
10709,20241009,4,9,382,1,296.52,0.0,296.52,72.46
10710,20241009,2,16,42,3,706.85,0.0,2120.55,1223.01
10711,20241009,4,21,154,4,392.24,0.0,1568.96,858.24
10712,20241009,1,3,80,2,100.1,0.0,200.2,115.8
10713,20241010,4,10,166,4,655.99,0.0,2623.96,1296.32
10714,20241010,1,15,515,5,134.22,0.05,637.54,307.84
10715,20241010,6,13,272,2,460.51,0.0,921.02,296.1
10716,20241010,6,22,40,5,453.16,0.0,2265.8,857.8
10717,20241010,7,14,176,1,246.23,0.0,246.23,56.88
10718,20241010,6,12,29,4,884.49,0.0,3537.96,1984.24
10719,20241010,2,6,100,1,350.77,0.0,350.77,199.3
10720,20241010,6,1,182,2,545.21,0.0,1090.42,469.0
10721,20241010,6,21,101,2,392.24,0.0,784.48,429.12
10722,20241010,3,4,417,2,658.36,0.0,1316.72,705.42
10723,20241010,5,20,187,4,191.18,0.0,764.72,386.2
10724,20241010,3,28,82,2,609.0,0.0,1218.0,650.92
10725,20241010,6,8,285,2,272.27,0.0,544.54,184.24
10726,20241010,5,30,494,4,83.21,0.05,316.2,75.32
10727,20241010,4,4,72,3,658.36,0.0,1975.08,1058.13
10728,20241010,1,8,575,5,272.27,0.0,1361.35,460.6
10729,20241010,5,24,340,4,249.97,0.0,999.88,367.68
10730,20241010,4,10,281,4,655.99,0.0,2623.96,1296.32
10731,20241010,7,19,372,1,101.21,0.0,101.21,44.89
10732,20241010,4,29,583,4,354.67,0.0,1418.68,673.6
10733,20241010,5,1,533,1,545.21,0.0,545.21,234.5
10734,20241010,3,14,39,4,246.23,0.0,984.92,227.52
10735,20241011,2,13,427,1,460.51,0.05,437.48,125.02
10736,20241011,1,28,322,3,609.0,0.0,1827.0,976.38
10737,20241011,2,15,441,4,134.22,0.0,536.88,273.12
10738,20241011,7,2,582,4,706.19,0.0,2824.76,1448.16
10739,20241011,5,18,287,3,279.59,0.05,796.83,225.42
10740,20241011,1,26,316,3,105.66,0.0,316.98,65.1
10741,20241011,7,21,70,2,392.24,0.0,784.48,429.12
10742,20241011,1,13,361,3,460.51,0.0,1381.53,444.15
10743,20241011,5,8,598,4,272.27,0.0,1089.08,368.48
10744,20241011,2,8,95,3,272.27,0.0,816.81,276.36
10745,20241011,3,13,250,2,460.51,0.0,921.02,296.1
10746,20241012,1,15,283,2,134.22,0.0,268.44,136.56
10747,20241012,2,11,57,3,504.67,0.1,1362.61,449.29
10748,20241012,1,21,482,4,392.24,0.0,1568.96,858.24
10749,20241012,2,3,89,5,100.1,0.0,500.5,289.5
10750,20241012,1,20,566,2,191.18,0.05,363.24,173.98
10751,20241012,2,16,295,1,706.85,0.1,636.17,336.99
10752,20241012,1,10,479,2,655.99,0.0,1311.98,648.16
10753,20241012,3,8,2,2,272.27,0.0,544.54,184.24
10754,20241012,5,5,481,3,98.3,0.0,294.9,128.1
10755,20241012,4,7,198,2,569.53,0.0,1139.06,620.4
10756,20241012,1,11,10,3,504.67,0.0,1514.01,600.69
10757,20241012,1,6,122,1,350.77,0.0,350.77,199.3
10758,20241012,5,8,241,3,272.27,0.0,816.81,276.36
10759,20241012,2,7,48,4,569.53,0.0,2278.12,1240.8
10760,20241012,6,23,500,1,726.04,0.0,726.04,392.3
10761,20241012,5,25,71,1,387.37,0.0,387.37,112.78
10762,20241013,7,27,430,4,636.28,0.0,2545.12,1281.76
10763,20241013,2,29,79,3,354.67,0.2,851.21,292.4
10764,20241013,5,2,104,3,706.19,0.0,2118.57,1086.12
10765,20241013,1,2,135,4,706.19,0.05,2683.52,1306.92
10766,20241013,4,7,252,4,569.53,0.0,2278.12,1240.8
10767,20241013,6,26,273,2,105.66,0.0,211.32,43.4
10768,20241013,2,4,276,1,658.36,0.0,658.36,352.71
10769,20241013,4,24,313,3,249.97,0.0,749.91,275.76
10770,20241013,5,20,494,2,191.18,0.0,382.36,193.1
10771,20241013,5,15,86,6,134.22,0.0,805.32,409.68
10772,20241013,6,27,313,3,636.28,0.0,1908.84,961.32
10773,20241013,5,10,242,2,655.99,0.0,1311.98,648.16
10774,20241013,7,11,167,4,504.67,0.0,2018.68,800.92
10775,20241013,3,20,469,3,191.18,0.0,573.54,289.65
10776,20241013,2,10,390,1,655.99,0.0,655.99,324.08
10777,20241013,7,16,58,2,706.85,0.05,1343.02,744.65
10778,20241014,1,29,71,2,354.67,0.0,709.34,336.8
10779,20241014,1,4,220,2,658.36,0.05,1250.88,639.58
10780,20241014,4,21,565,2,392.24,0.05,745.26,389.9
10781,20241014,1,22,70,1,453.16,0.0,453.16,171.56
10782,20241014,6,14,128,3,246.23,0.0,738.69,170.64
10783,20241014,7,8,27,1,272.27,0.0,272.27,92.12
10784,20241015,7,21,539,3,392.24,0.0,1176.72,643.68
10785,20241015,3,14,574,2,246.23,0.05,467.84,89.14
10786,20241015,4,30,591,1,83.21,0.0,83.21,22.99
10787,20241015,6,12,17,1,884.49,0.0,884.49,496.06
10788,20241015,6,16,525,1,706.85,0.0,706.85,407.67
10789,20241015,2,2,445,3,706.19,0.0,2118.57,1086.12
10790,20241015,1,10,125,1,655.99,0.05,623.19,291.28
10791,20241015,2,4,545,1,658.36,0.0,658.36,352.71
10792,20241015,6,14,48,4,246.23,0.0,984.92,227.52
10793,20241015,2,29,113,2,354.67,0.0,709.34,336.8
10794,20241015,4,8,381,1,272.27,0.05,258.66,78.51
10795,20241015,1,21,470,4,392.24,0.0,1568.96,858.24
10796,20241015,3,21,273,1,392.24,0.0,392.24,214.56
10797,20241015,5,7,171,2,569.53,0.1,1025.15,506.49
10798,20241016,1,26,186,2,105.66,0.0,211.32,43.4
10799,20241016,1,10,88,3,655.99,0.0,1967.97,972.24
10800,20241016,3,26,246,2,105.66,0.0,211.32,43.4
10801,20241016,2,4,247,1,658.36,0.0,658.36,352.71
10802,20241016,2,16,197,1,706.85,0.05,671.51,372.33
10803,20241016,7,6,566,3,350.77,0.0,1052.31,597.9
10804,20241016,4,26,128,3,105.66,0.05,301.13,49.25
10805,20241016,7,14,76,2,246.23,0.05,467.84,89.14
10806,20241016,5,28,205,2,609.0,0.0,1218.0,650.92
10807,20241016,4,6,181,2,350.77,0.0,701.54,398.6
10808,20241016,1,9,254,1,296.52,0.0,296.52,72.46
10809,20241016,4,2,122,4,706.19,0.0,2824.76,1448.16
10810,20241016,7,9,450,2,296.52,0.05,563.39,115.27
10811,20241016,6,9,565,4,296.52,0.05,1126.78,230.54
10812,20241016,2,1,239,4,545.21,0.1,1962.76,719.92
10813,20241016,3,13,69,1,460.51,0.0,460.51,148.05
10814,20241017,6,8,95,3,272.27,0.0,816.81,276.36
10815,20241017,7,2,384,2,706.19,0.05,1341.76,653.46
10816,20241017,2,22,282,5,453.16,0.0,2265.8,857.8
10817,20241017,4,19,384,1,101.21,0.0,101.21,44.89
10818,20241017,7,22,282,2,453.16,0.1,815.69,252.49
10819,20241017,1,20,290,1,191.18,0.0,191.18,96.55
10820,20241017,1,14,173,4,246.23,0.1,886.43,129.03
10821,20241017,4,19,455,3,101.21,0.0,303.63,134.67
10822,20241017,2,9,419,1,296.52,0.0,296.52,72.46
10823,20241017,5,6,211,3,350.77,0.0,1052.31,597.9
10824,20241017,6,7,141,2,569.53,0.1,1025.15,506.49
10825,20241017,6,28,103,2,609.0,0.0,1218.0,650.92
10826,20241017,5,9,343,4,296.52,0.05,1126.78,230.54
10827,20241017,1,28,160,4,609.0,0.05,2314.2,1180.04
10828,20241017,2,30,424,3,83.21,0.05,237.15,56.49
10829,20241017,2,2,111,3,706.19,0.0,2118.57,1086.12
10830,20241018,7,29,256,1,354.67,0.0,354.67,168.4
10831,20241018,1,4,436,1,658.36,0.0,658.36,352.71
10832,20241018,1,11,318,4,504.67,0.0,2018.68,800.92
10833,20241018,3,9,127,3,296.52,0.0,889.56,217.38
10834,20241018,2,21,177,4,392.24,0.0,1568.96,858.24
10835,20241018,2,14,35,3,246.23,0.0,738.69,170.64
10836,20241018,3,1,97,3,545.21,0.0,1635.63,703.5
10837,20241018,6,8,430,1,272.27,0.0,272.27,92.12
10838,20241018,1,20,520,5,191.18,0.0,955.9,482.75
10839,20241018,6,25,444,4,387.37,0.0,1549.48,451.12
10840,20241018,1,29,497,1,354.67,0.05,336.94,150.67
10841,20241018,4,18,27,3,279.59,0.0,838.77,267.36
10842,20241018,7,19,324,1,101.21,0.1,91.09,34.77
10843,20241018,3,19,212,2,101.21,0.0,202.42,89.78
10844,20241018,1,11,51,1,504.67,0.05,479.44,175.0
10845,20241019,4,16,480,3,706.85,0.0,2120.55,1223.01
10846,20241019,4,10,563,3,655.99,0.05,1869.57,873.84
10847,20241019,2,23,581,1,726.04,0.0,726.04,392.3
10848,20241019,1,3,72,2,100.1,0.0,200.2,115.8
10849,20241019,2,23,94,4,726.04,0.0,2904.16,1569.2
10850,20241019,4,26,336,4,105.66,0.0,422.64,86.8
10851,20241019,1,11,438,4,504.67,0.0,2018.68,800.92
10852,20241019,3,6,308,4,350.77,0.0,1403.08,797.2
10853,20241019,4,30,514,1,83.21,0.0,83.21,22.99
10854,20241019,7,11,289,1,504.67,0.1,454.2,149.76
10855,20241019,2,14,350,5,246.23,0.0,1231.15,284.4
10856,20241019,1,7,526,2,569.53,0.0,1139.06,620.4
10857,20241019,5,21,68,1,392.24,0.0,392.24,214.56
10858,20241019,1,21,43,2,392.24,0.0,784.48,429.12
10859,20241020,3,6,505,3,350.77,0.2,841.85,387.44
10860,20241020,5,12,278,1,884.49,0.0,884.49,496.06
10861,20241020,5,30,87,4,83.21,0.0,332.84,91.96
10862,20241020,1,24,293,4,249.97,0.0,999.88,367.68
10863,20241020,1,13,426,5,460.51,0.0,2302.55,740.25
10864,20241020,3,20,493,1,191.18,0.0,191.18,96.55
10865,20241020,2,19,335,3,101.21,0.0,303.63,134.67
10866,20241020,3,14,59,5,246.23,0.0,1231.15,284.4
10867,20241020,6,16,18,5,706.85,0.0,3534.25,2038.35
10868,20241020,1,11,441,3,504.67,0.0,1514.01,600.69
10869,20241020,6,2,402,3,706.19,0.0,2118.57,1086.12
10870,20241020,7,21,420,2,392.24,0.2,627.58,272.22
10871,20241020,7,22,401,3,453.16,0.0,1359.48,514.68
10872,20241020,1,22,362,2,453.16,0.1,815.69,252.49
10873,20241020,7,25,15,1,387.37,0.2,309.9,35.31
10874,20241020,4,24,112,4,249.97,0.0,999.88,367.68
10875,20241020,2,27,252,1,636.28,0.05,604.47,288.63
10876,20241020,3,7,150,2,569.53,0.0,1139.06,620.4
10877,20241020,6,10,211,5,655.99,0.0,3279.95,1620.4
10878,20241021,3,16,560,3,706.85,0.0,2120.55,1223.01
10879,20241021,3,29,184,1,354.67,0.0,354.67,168.4
10880,20241021,5,7,323,1,569.53,0.0,569.53,310.2
10881,20241021,2,22,133,5,453.16,0.1,2039.22,631.22
10882,20241021,7,30,273,2,83.21,0.0,166.42,45.98
10883,20241021,7,20,274,3,191.18,0.0,573.54,289.65
10884,20241021,6,1,467,2,545.21,0.1,981.38,359.96
10885,20241021,2,28,475,3,609.0,0.0,1827.0,976.38
10886,20241021,7,10,452,2,655.99,0.0,1311.98,648.16
10887,20241021,1,21,520,1,392.24,0.0,392.24,214.56
10888,20241021,4,4,187,2,658.36,0.0,1316.72,705.42
10889,20241021,3,13,372,2,460.51,0.0,921.02,296.1
10890,20241021,1,27,135,2,636.28,0.0,1272.56,640.88
10891,20241022,7,30,158,4,83.21,0.0,332.84,91.96
10892,20241022,7,21,72,5,392.24,0.0,1961.2,1072.8
10893,20241022,5,4,432,1,658.36,0.0,658.36,352.71
10894,20241022,1,14,573,5,246.23,0.0,1231.15,284.4
10895,20241022,5,2,368,3,706.19,0.0,2118.57,1086.12
10896,20241022,4,7,558,2,569.53,0.1,1025.15,506.49
10897,20241022,3,20,522,3,191.18,0.0,573.54,289.65
10898,20241022,1,12,327,5,884.49,0.0,4422.45,2480.3
10899,20241022,7,14,153,3,246.23,0.1,664.82,96.77
10900,20241023,7,10,193,1,655.99,0.1,590.39,258.48
10901,20241023,2,22,395,3,453.16,0.0,1359.48,514.68
10902,20241023,1,29,354,4,354.67,0.0,1418.68,673.6
10903,20241023,1,27,295,3,636.28,0.0,1908.84,961.32
10904,20241023,2,4,99,4,658.36,0.0,2633.44,1410.84
10905,20241023,7,7,35,1,569.53,0.05,541.05,281.72
10906,20241023,7,4,122,3,658.36,0.0,1975.08,1058.13
10907,20241023,4,21,555,2,392.24,0.0,784.48,429.12
10908,20241023,7,8,168,3,272.27,0.0,816.81,276.36
10909,20241023,1,12,94,1,884.49,0.1,796.04,407.61
10910,20241023,2,20,119,1,191.18,0.1,172.06,77.43
10911,20241023,7,15,52,1,134.22,0.0,134.22,68.28
10912,20241023,3,23,26,4,726.04,0.0,2904.16,1569.2
10913,20241023,2,5,388,4,98.3,0.05,373.54,151.14
10914,20241023,7,8,128,5,272.27,0.0,1361.35,460.6
10915,20241024,2,14,427,4,246.23,0.0,984.92,227.52
10916,20241024,6,11,266,3,504.67,0.0,1514.01,600.69
10917,20241024,1,16,547,5,706.85,0.05,3357.54,1861.64
10918,20241024,1,21,426,2,392.24,0.0,784.48,429.12
10919,20241024,1,16,146,4,706.85,0.0,2827.4,1630.68
10920,20241024,2,15,124,4,134.22,0.0,536.88,273.12
10921,20241024,1,11,229,1,504.67,0.05,479.44,175.0
10922,20241024,4,20,114,3,191.18,0.05,544.86,260.97
10923,20241024,6,7,429,4,569.53,0.2,1822.5,785.18
10924,20241024,4,12,292,1,884.49,0.0,884.49,496.06
10925,20241024,3,12,150,4,884.49,0.0,3537.96,1984.24
10926,20241024,2,16,257,4,706.85,0.0,2827.4,1630.68
10927,20241024,3,12,516,4,884.49,0.05,3361.06,1807.34
10928,20241025,6,5,184,3,98.3,0.0,294.9,128.1
10929,20241025,2,29,324,3,354.67,0.1,957.61,398.8
10930,20241025,5,8,462,3,272.27,0.05,775.97,235.52
10931,20241025,4,23,266,1,726.04,0.05,689.74,356.0
10932,20241025,6,1,12,4,545.21,0.1,1962.76,719.92
10933,20241025,2,20,190,4,191.18,0.0,764.72,386.2
10934,20241025,3,23,93,4,726.04,0.0,2904.16,1569.2
10935,20241025,2,16,413,3,706.85,0.1,1908.5,1010.96
10936,20241025,1,23,191,2,726.04,0.0,1452.08,784.6
10937,20241025,1,29,400,4,354.67,0.0,1418.68,673.6
10938,20241025,2,6,600,4,350.77,0.0,1403.08,797.2
10939,20241025,6,26,407,2,105.66,0.0,211.32,43.4
10940,20241025,7,27,388,3,636.28,0.2,1527.07,579.55
10941,20241025,2,9,483,1,296.52,0.0,296.52,72.46
10942,20241025,4,26,489,4,105.66,0.0,422.64,86.8
10943,20241025,1,26,498,3,105.66,0.0,316.98,65.1
10944,20241025,3,12,426,3,884.49,0.0,2653.47,1488.18
10945,20241025,1,7,94,3,569.53,0.0,1708.59,930.6
10946,20241025,2,18,358,3,279.59,0.0,838.77,267.36
10947,20241025,7,14,129,1,246.23,0.2,196.98,7.63
10948,20241026,3,16,280,5,706.85,0.0,3534.25,2038.35
10949,20241026,4,22,412,3,453.16,0.0,1359.48,514.68
10950,20241026,1,24,475,2,249.97,0.0,499.94,183.84
10951,20241026,3,20,294,2,191.18,0.0,382.36,193.1
10952,20241026,1,27,402,3,636.28,0.0,1908.84,961.32
10953,20241026,7,29,454,2,354.67,0.0,709.34,336.8
10954,20241026,4,11,254,2,504.67,0.0,1009.34,400.46
10955,20241026,3,16,316,1,706.85,0.0,706.85,407.67
10956,20241026,4,15,73,6,134.22,0.05,765.05,369.41
10957,20241026,1,27,532,4,636.28,0.0,2545.12,1281.76
10958,20241026,7,22,557,1,453.16,0.0,453.16,171.56
10959,20241026,2,27,291,2,636.28,0.1,1145.3,513.62
10960,20241026,7,7,380,4,569.53,0.0,2278.12,1240.8
10961,20241026,7,5,280,3,98.3,0.0,294.9,128.1
10962,20241026,3,22,243,1,453.16,0.0,453.16,171.56
10963,20241026,1,2,72,3,706.19,0.0,2118.57,1086.12
10964,20241026,6,13,136,1,460.51,0.0,460.51,148.05
10965,20241026,3,18,328,1,279.59,0.0,279.59,89.12
10966,20241026,4,30,352,1,83.21,0.0,83.21,22.99
10967,20241026,5,10,344,1,655.99,0.0,655.99,324.08
10968,20241027,2,22,192,3,453.16,0.0,1359.48,514.68
10969,20241027,5,8,234,4,272.27,0.0,1089.08,368.48
10970,20241027,7,19,504,5,101.21,0.2,404.84,123.24
10971,20241027,1,10,360,2,655.99,0.0,1311.98,648.16
10972,20241027,3,22,65,3,453.16,0.0,1359.48,514.68
10973,20241027,6,3,229,1,100.1,0.0,100.1,57.9
10974,20241027,7,10,181,1,655.99,0.05,623.19,291.28
10975,20241027,2,19,546,3,101.21,0.0,303.63,134.67
10976,20241027,4,2,335,3,706.19,0.0,2118.57,1086.12
10977,20241027,6,17,180,3,224.09,0.0,672.27,271.17
10978,20241027,2,11,444,1,504.67,0.0,504.67,200.23
10979,20241027,3,5,24,1,98.3,0.0,98.3,42.7
10980,20241027,3,9,139,4,296.52,0.2,948.86,52.62
10981,20241028,2,2,218,3,706.19,0.0,2118.57,1086.12
10982,20241028,4,28,459,1,609.0,0.05,578.55,295.01
10983,20241028,3,30,144,1,83.21,0.0,83.21,22.99
10984,20241028,6,25,138,1,387.37,0.0,387.37,112.78
10985,20241028,5,24,385,2,249.97,0.0,499.94,183.84
10986,20241028,3,20,443,5,191.18,0.0,955.9,482.75
10987,20241028,5,13,131,4,460.51,0.0,1842.04,592.2
10988,20241028,3,24,280,4,249.97,0.05,949.89,317.69
10989,20241028,5,2,19,4,706.19,0.0,2824.76,1448.16
10990,20241028,5,30,26,5,83.21,0.0,416.05,114.95
10991,20241028,7,16,432,1,706.85,0.2,565.48,266.3
10992,20241028,6,19,594,2,101.21,0.0,202.42,89.78
10993,20241028,4,1,144,4,545.21,0.0,2180.84,938.0
10994,20241028,7,16,10,1,706.85,0.0,706.85,407.67
10995,20241028,7,8,482,1,272.27,0.0,272.27,92.12
10996,20241029,4,11,187,4,504.67,0.0,2018.68,800.92
10997,20241029,2,19,493,4,101.21,0.0,404.84,179.56
10998,20241029,4,27,35,3,636.28,0.0,1908.84,961.32
10999,20241029,3,24,139,4,249.97,0.0,999.88,367.68
11000,20241029,7,23,371,2,726.04,0.0,1452.08,784.6
11001,20241029,2,21,266,3,392.24,0.0,1176.72,643.68
11002,20241029,3,11,512,4,504.67,0.05,1917.75,699.99
11003,20241029,1,4,215,3,658.36,0.0,1975.08,1058.13
11004,20241029,2,9,586,3,296.52,0.0,889.56,217.38
11005,20241029,1,18,55,1,279.59,0.0,279.59,89.12
11006,20241029,7,2,104,3,706.19,0.0,2118.57,1086.12
11007,20241029,5,9,75,3,296.52,0.0,889.56,217.38
11008,20241029,2,18,141,2,279.59,0.0,559.18,178.24
11009,20241029,7,30,313,1,83.21,0.0,83.21,22.99
11010,20241029,7,30,158,3,83.21,0.0,249.63,68.97
11011,20241029,3,11,239,5,504.67,0.0,2523.35,1001.15
11012,20241029,7,23,312,3,726.04,0.0,2178.12,1176.9
11013,20241029,3,1,298,1,545.21,0.0,545.21,234.5
11014,20241029,5,21,311,3,392.24,0.0,1176.72,643.68
11015,20241029,4,11,128,1,504.67,0.0,504.67,200.23
11016,20241030,5,10,353,6,655.99,0.0,3935.94,1944.48
11017,20241030,6,12,508,3,884.49,0.0,2653.47,1488.18
11018,20241030,2,6,352,3,350.77,0.0,1052.31,597.9
11019,20241030,2,25,593,2,387.37,0.0,774.74,225.56
11020,20241030,5,21,394,4,392.24,0.0,1568.96,858.24
11021,20241030,1,9,581,2,296.52,0.0,593.04,144.92
11022,20241030,1,22,447,4,453.16,0.0,1812.64,686.24
11023,20241030,7,30,387,5,83.21,0.0,416.05,114.95
11024,20241030,1,30,305,2,83.21,0.0,166.42,45.98
11025,20241030,4,17,365,1,224.09,0.0,224.09,90.39
11026,20241030,2,4,517,1,658.36,0.0,658.36,352.71
11027,20241030,2,5,174,1,98.3,0.05,93.38,37.78
11028,20241030,6,10,168,3,655.99,0.0,1967.97,972.24
11029,20241030,2,4,550,2,658.36,0.0,1316.72,705.42
11030,20241030,2,24,391,2,249.97,0.05,474.94,158.84
11031,20241030,3,25,227,1,387.37,0.0,387.37,112.78
11032,20241030,6,8,400,4,272.27,0.0,1089.08,368.48
11033,20241030,7,2,272,3,706.19,0.0,2118.57,1086.12
11034,20241030,6,16,386,3,706.85,0.0,2120.55,1223.01
11035,20241030,7,20,23,3,191.18,0.05,544.86,260.97
11036,20241030,2,3,88,1,100.1,0.0,100.1,57.9
11037,20241030,7,7,504,1,569.53,0.0,569.53,310.2
11038,20241030,3,26,337,2,105.66,0.0,211.32,43.4
11039,20241031,2,3,525,1,100.1,0.0,100.1,57.9
11040,20241031,6,5,559,3,98.3,0.0,294.9,128.1
11041,20241031,2,17,467,5,224.09,0.0,1120.45,451.95
11042,20241031,1,24,384,2,249.97,0.0,499.94,183.84
11043,20241031,2,30,283,4,83.21,0.05,316.2,75.32
11044,20241031,3,12,545,2,884.49,0.0,1768.98,992.12
11045,20241031,1,6,473,3,350.77,0.0,1052.31,597.9
11046,20241031,6,2,509,3,706.19,0.0,2118.57,1086.12
11047,20241031,6,18,589,2,279.59,0.0,559.18,178.24
11048,20241031,2,14,192,2,246.23,0.0,492.46,113.76
11049,20241031,4,17,52,2,224.09,0.0,448.18,180.78
11050,20241101,4,30,592,2,83.21,0.0,166.42,45.98
11051,20241101,7,27,575,1,636.28,0.0,636.28,320.44
11052,20241101,1,9,457,2,296.52,0.0,593.04,144.92
11053,20241101,1,24,399,1,249.97,0.05,237.47,79.42
11054,20241101,7,4,553,1,658.36,0.0,658.36,352.71
11055,20241101,4,15,315,2,134.22,0.0,268.44,136.56
11056,20241101,7,13,356,3,460.51,0.0,1381.53,444.15
11057,20241101,4,6,273,3,350.77,0.0,1052.31,597.9
11058,20241101,3,22,1,2,453.16,0.0,906.32,343.12
11059,20241101,5,13,420,2,460.51,0.05,874.97,250.05
11060,20241101,3,19,326,2,101.21,0.0,202.42,89.78
11061,20241101,6,29,325,2,354.67,0.0,709.34,336.8
11062,20241101,3,1,290,1,545.21,0.0,545.21,234.5
11063,20241101,6,12,171,3,884.49,0.05,2520.8,1355.51
11064,20241101,5,1,287,3,545.21,0.05,1553.85,621.72
11065,20241101,6,4,539,2,658.36,0.2,1053.38,442.08
11066,20241101,1,2,245,2,706.19,0.0,1412.38,724.08
11067,20241101,1,6,320,4,350.77,0.0,1403.08,797.2
11068,20241101,2,1,449,2,545.21,0.2,872.34,250.92
11069,20241101,5,8,77,1,272.27,0.05,258.66,78.51
11070,20241101,6,25,560,3,387.37,0.0,1162.11,338.34
11071,20241102,2,8,14,2,272.27,0.0,544.54,184.24
11072,20241102,3,13,112,3,460.51,0.0,1381.53,444.15
11073,20241102,3,23,406,1,726.04,0.0,726.04,392.3
11074,20241102,2,13,403,3,460.51,0.0,1381.53,444.15
11075,20241102,4,1,566,1,545.21,0.0,545.21,234.5
11076,20241102,5,23,328,2,726.04,0.0,1452.08,784.6
11077,20241102,6,4,517,2,658.36,0.0,1316.72,705.42
11078,20241102,2,16,286,2,706.85,0.0,1413.7,815.34
11079,20241102,5,2,263,4,706.19,0.0,2824.76,1448.16
11080,20241102,2,29,210,1,354.67,0.0,354.67,168.4
11081,20241102,4,27,308,2,636.28,0.0,1272.56,640.88
11082,20241102,4,28,565,1,609.0,0.05,578.55,295.01
11083,20241102,2,24,475,4,249.97,0.0,999.88,367.68
11084,20241102,4,25,494,3,387.37,0.2,929.69,105.92
11085,20241103,5,9,423,4,296.52,0.0,1186.08,289.84
11086,20241103,4,16,351,1,706.85,0.0,706.85,407.67
11087,20241103,2,28,215,1,609.0,0.0,609.0,325.46
11088,20241103,7,4,181,1,658.36,0.0,658.36,352.71
11089,20241103,5,3,140,3,100.1,0.0,300.3,173.7
11090,20241103,3,24,225,1,249.97,0.2,199.98,41.93
11091,20241103,7,3,384,2,100.1,0.0,200.2,115.8
11092,20241103,6,2,506,1,706.19,0.05,670.88,326.73
11093,20241103,2,3,443,2,100.1,0.0,200.2,115.8
11094,20241103,4,26,116,2,105.66,0.0,211.32,43.4
11095,20241103,7,16,441,3,706.85,0.0,2120.55,1223.01
11096,20241103,1,8,233,3,272.27,0.0,816.81,276.36
11097,20241103,4,6,503,2,350.77,0.0,701.54,398.6
11098,20241103,7,23,307,2,726.04,0.1,1306.87,639.39
11099,20241103,6,29,256,4,354.67,0.0,1418.68,673.6
11100,20241104,1,29,465,2,354.67,0.0,709.34,336.8
11101,20241104,1,12,327,3,884.49,0.0,2653.47,1488.18
11102,20241104,6,25,308,2,387.37,0.0,774.74,225.56
11103,20241104,1,24,42,1,249.97,0.05,237.47,79.42
11104,20241104,4,8,359,3,272.27,0.0,816.81,276.36
11105,20241104,6,14,553,2,246.23,0.0,492.46,113.76
11106,20241104,1,12,290,4,884.49,0.1,3184.16,1630.44
11107,20241104,3,23,446,4,726.04,0.05,2758.95,1423.99
11108,20241104,7,8,591,1,272.27,0.0,272.27,92.12
11109,20241104,1,17,431,1,224.09,0.0,224.09,90.39
11110,20241104,2,3,476,3,100.1,0.05,285.28,158.68
11111,20241104,6,5,353,1,98.3,0.0,98.3,42.7
11112,20241104,5,1,24,3,545.21,0.0,1635.63,703.5
11113,20241104,2,2,531,3,706.19,0.0,2118.57,1086.12
11114,20241104,6,7,435,1,569.53,0.0,569.53,310.2
11115,20241104,7,9,71,3,296.52,0.0,889.56,217.38
11116,20241104,5,17,383,2,224.09,0.05,425.77,158.37
11117,20241104,1,15,399,1,134.22,0.0,134.22,68.28
11118,20241104,3,16,556,4,706.85,0.05,2686.03,1489.31
11119,20241104,2,7,250,3,569.53,0.0,1708.59,930.6
11120,20241104,4,4,147,5,658.36,0.0,3291.8,1763.55
11121,20241104,4,25,157,1,387.37,0.1,348.63,74.04
11122,20241104,4,18,382,3,279.59,0.05,796.83,225.42
11123,20241105,4,4,156,1,658.36,0.05,625.44,319.79
11124,20241105,1,27,477,1,636.28,0.0,636.28,320.44
11125,20241105,4,15,413,1,134.22,0.0,134.22,68.28
11126,20241105,2,9,511,1,296.52,0.0,296.52,72.46
11127,20241105,2,27,292,1,636.28,0.0,636.28,320.44
11128,20241105,7,11,204,2,504.67,0.05,958.87,349.99
11129,20241105,7,16,192,1,706.85,0.0,706.85,407.67
11130,20241105,6,19,22,3,101.21,0.0,303.63,134.67
11131,20241105,6,20,486,3,191.18,0.1,516.19,232.3
11132,20241105,6,17,382,3,224.09,0.0,672.27,271.17
11133,20241105,2,13,579,1,460.51,0.0,460.51,148.05
11134,20241105,7,20,297,3,191.18,0.0,573.54,289.65
11135,20241105,1,21,470,3,392.24,0.0,1176.72,643.68
11136,20241105,1,27,323,2,636.28,0.0,1272.56,640.88
11137,20241105,4,5,188,2,98.3,0.1,176.94,65.74
11138,20241105,1,3,443,2,100.1,0.0,200.2,115.8
11139,20241105,4,12,385,5,884.49,0.0,4422.45,2480.3
11140,20241106,1,20,176,2,191.18,0.0,382.36,193.1
11141,20241106,3,18,320,3,279.59,0.0,838.77,267.36
11142,20241106,1,26,445,1,105.66,0.0,105.66,21.7
11143,20241106,7,27,181,2,636.28,0.0,1272.56,640.88
11144,20241106,6,20,109,2,191.18,0.1,344.12,154.86
11145,20241106,2,4,404,2,658.36,0.1,1185.05,573.75
11146,20241106,2,19,282,2,101.21,0.0,202.42,89.78
11147,20241106,7,8,219,1,272.27,0.0,272.27,92.12
11148,20241106,1,8,421,3,272.27,0.0,816.81,276.36
11149,20241107,1,17,566,3,224.09,0.0,672.27,271.17
11150,20241107,5,12,472,3,884.49,0.05,2520.8,1355.51
11151,20241107,2,25,314,4,387.37,0.0,1549.48,451.12
11152,20241107,1,24,51,1,249.97,0.0,249.97,91.92
11153,20241107,1,12,76,1,884.49,0.0,884.49,496.06
11154,20241107,2,2,338,1,706.19,0.05,670.88,326.73
11155,20241107,7,5,31,2,98.3,0.2,157.28,46.08
11156,20241107,7,15,534,5,134.22,0.05,637.54,307.84
11157,20241107,1,22,347,1,453.16,0.05,430.5,148.9
11158,20241107,1,21,49,2,392.24,0.0,784.48,429.12
11159,20241107,1,18,123,3,279.59,0.0,838.77,267.36
11160,20241107,6,9,348,1,296.52,0.0,296.52,72.46
11161,20241107,5,25,281,2,387.37,0.0,774.74,225.56
11162,20241107,1,9,136,2,296.52,0.0,593.04,144.92
11163,20241107,3,30,37,5,83.21,0.0,416.05,114.95
11164,20241107,7,7,319,1,569.53,0.0,569.53,310.2
11165,20241107,4,22,572,5,453.16,0.0,2265.8,857.8
11166,20241107,6,5,474,2,98.3,0.0,196.6,85.4
11167,20241107,7,11,513,2,504.67,0.0,1009.34,400.46
11168,20241107,6,3,112,4,100.1,0.0,400.4,231.6
11169,20241107,7,1,312,3,545.21,0.0,1635.63,703.5
11170,20241107,4,18,241,4,279.59,0.0,1118.36,356.48
11171,20241107,1,9,340,5,296.52,0.0,1482.6,362.3
11172,20241108,6,1,539,1,545.21,0.05,517.95,207.24
11173,20241108,4,22,306,1,453.16,0.05,430.5,148.9
11174,20241108,7,20,450,2,191.18,0.0,382.36,193.1
11175,20241108,4,3,349,1,100.1,0.0,100.1,57.9
11176,20241108,4,5,146,2,98.3,0.0,196.6,85.4
11177,20241108,4,28,568,1,609.0,0.0,609.0,325.46
11178,20241108,3,3,573,1,100.1,0.0,100.1,57.9
11179,20241108,7,10,478,1,655.99,0.0,655.99,324.08
11180,20241108,1,11,1,2,504.67,0.0,1009.34,400.46
11181,20241109,4,7,282,3,569.53,0.0,1708.59,930.6
11182,20241109,5,10,274,4,655.99,0.0,2623.96,1296.32
11183,20241109,5,18,524,4,279.59,0.0,1118.36,356.48
11184,20241109,5,30,442,2,83.21,0.1,149.78,29.34
11185,20241109,5,17,437,3,224.09,0.0,672.27,271.17
11186,20241109,2,26,251,3,105.66,0.0,316.98,65.1
11187,20241109,4,9,322,3,296.52,0.0,889.56,217.38
11188,20241109,2,2,99,3,706.19,0.0,2118.57,1086.12
11189,20241109,4,2,419,2,706.19,0.0,1412.38,724.08
11190,20241109,7,8,495,2,272.27,0.05,517.31,157.01
11191,20241109,5,18,491,3,279.59,0.0,838.77,267.36
11192,20241109,1,25,534,2,387.37,0.05,736.0,186.82
11193,20241109,4,1,183,3,545.21,0.0,1635.63,703.5
11194,20241109,1,20,205,1,191.18,0.0,191.18,96.55
11195,20241109,2,9,558,4,296.52,0.05,1126.78,230.54
11196,20241109,2,4,348,1,658.36,0.0,658.36,352.71
11197,20241109,7,16,131,1,706.85,0.0,706.85,407.67
11198,20241109,1,26,380,4,105.66,0.0,422.64,86.8
11199,20241110,5,15,258,1,134.22,0.0,134.22,68.28
11200,20241110,1,13,270,2,460.51,0.0,921.02,296.1
11201,20241110,1,28,297,4,609.0,0.0,2436.0,1301.84
11202,20241110,1,26,168,2,105.66,0.0,211.32,43.4
11203,20241110,6,28,533,4,609.0,0.0,2436.0,1301.84
11204,20241110,2,2,402,2,706.19,0.0,1412.38,724.08
11205,20241110,6,12,211,1,884.49,0.0,884.49,496.06
11206,20241110,5,30,524,2,83.21,0.0,166.42,45.98
11207,20241110,3,26,293,2,105.66,0.0,211.32,43.4
11208,20241110,4,3,28,4,100.1,0.0,400.4,231.6
11209,20241110,4,30,587,2,83.21,0.0,166.42,45.98
11210,20241110,4,26,165,2,105.66,0.05,200.75,32.83
11211,20241110,2,29,36,2,354.67,0.0,709.34,336.8
11212,20241110,3,9,112,2,296.52,0.0,593.04,144.92
11213,20241110,5,25,497,1,387.37,0.0,387.37,112.78
11214,20241110,1,23,129,4,726.04,0.0,2904.16,1569.2
11215,20241110,1,16,210,2,706.85,0.0,1413.7,815.34
11216,20241111,4,9,33,1,296.52,0.05,281.69,57.63
11217,20241111,6,23,270,2,726.04,0.0,1452.08,784.6
11218,20241111,7,30,545,3,83.21,0.0,249.63,68.97
11219,20241111,6,21,493,1,392.24,0.0,392.24,214.56
11220,20241111,1,21,93,2,392.24,0.0,784.48,429.12
11221,20241111,7,16,403,1,706.85,0.0,706.85,407.67
11222,20241111,4,23,398,2,726.04,0.0,1452.08,784.6
11223,20241111,1,20,95,1,191.18,0.05,181.62,86.99
11224,20241111,4,28,361,2,609.0,0.0,1218.0,650.92
11225,20241111,3,3,213,1,100.1,0.0,100.1,57.9
11226,20241111,2,19,103,1,101.21,0.0,101.21,44.89
11227,20241111,7,15,125,1,134.22,0.2,107.38,41.44
11228,20241111,1,25,304,1,387.37,0.0,387.37,112.78
11229,20241111,3,10,67,2,655.99,0.1,1180.78,516.96
11230,20241111,4,3,541,1,100.1,0.0,100.1,57.9
11231,20241111,1,2,301,4,706.19,0.0,2824.76,1448.16
11232,20241111,1,5,56,1,98.3,0.0,98.3,42.7
11233,20241111,6,19,595,2,101.21,0.0,202.42,89.78
11234,20241111,2,5,52,1,98.3,0.05,93.38,37.78
11235,20241111,2,21,413,3,392.24,0.0,1176.72,643.68
11236,20241111,4,14,481,3,246.23,0.0,738.69,170.64
11237,20241111,3,27,225,2,636.28,0.0,1272.56,640.88
11238,20241112,1,16,57,3,706.85,0.0,2120.55,1223.01
11239,20241112,1,13,131,2,460.51,0.0,921.02,296.1
11240,20241112,1,10,89,1,655.99,0.0,655.99,324.08
11241,20241112,1,15,597,3,134.22,0.0,402.66,204.84
11242,20241112,4,20,52,1,191.18,0.0,191.18,96.55
11243,20241112,4,28,541,1,609.0,0.0,609.0,325.46
11244,20241112,2,15,287,2,134.22,0.0,268.44,136.56
11245,20241112,4,6,200,2,350.77,0.0,701.54,398.6
11246,20241112,6,10,511,2,655.99,0.0,1311.98,648.16
11247,20241112,7,7,343,2,569.53,0.0,1139.06,620.4
11248,20241113,2,4,365,2,658.36,0.0,1316.72,705.42
11249,20241113,6,14,43,3,246.23,0.0,738.69,170.64
11250,20241113,6,10,54,4,655.99,0.0,2623.96,1296.32
11251,20241113,4,13,224,3,460.51,0.0,1381.53,444.15
11252,20241113,2,26,19,5,105.66,0.0,528.3,108.5
11253,20241113,1,4,313,3,658.36,0.05,1876.33,959.38
11254,20241113,1,6,431,2,350.77,0.0,701.54,398.6
11255,20241113,2,1,64,3,545.21,0.0,1635.63,703.5
11256,20241113,6,7,112,3,569.53,0.0,1708.59,930.6
11257,20241113,5,17,586,1,224.09,0.0,224.09,90.39
11258,20241113,3,4,88,2,658.36,0.0,1316.72,705.42
11259,20241113,7,5,341,3,98.3,0.0,294.9,128.1
11260,20241113,6,14,205,1,246.23,0.0,246.23,56.88
11261,20241113,6,2,551,1,706.19,0.0,706.19,362.04
11262,20241113,4,11,327,4,504.67,0.0,2018.68,800.92
11263,20241113,3,28,18,1,609.0,0.0,609.0,325.46
11264,20241114,7,10,222,2,655.99,0.0,1311.98,648.16
11265,20241114,5,1,47,2,545.21,0.0,1090.42,469.0
11266,20241114,5,7,550,1,569.53,0.0,569.53,310.2
11267,20241114,3,28,547,3,609.0,0.0,1827.0,976.38
11268,20241114,6,24,407,2,249.97,0.0,499.94,183.84
11269,20241114,4,14,434,1,246.23,0.0,246.23,56.88
11270,20241114,2,12,9,4,884.49,0.0,3537.96,1984.24
11271,20241114,4,19,480,2,101.21,0.0,202.42,89.78
11272,20241114,7,7,291,1,569.53,0.1,512.58,253.25
11273,20241114,2,9,599,2,296.52,0.05,563.39,115.27
11274,20241114,1,17,10,4,224.09,0.0,896.36,361.56
11275,20241114,5,24,77,2,249.97,0.0,499.94,183.84
11276,20241114,5,13,15,2,460.51,0.0,921.02,296.1
11277,20241114,6,4,333,3,658.36,0.0,1975.08,1058.13
11278,20241114,3,9,505,1,296.52,0.0,296.52,72.46
11279,20241114,6,20,2,2,191.18,0.0,382.36,193.1
11280,20241115,1,27,250,2,636.28,0.0,1272.56,640.88
11281,20241115,2,10,99,2,655.99,0.1,1180.78,516.96
11282,20241115,5,7,236,1,569.53,0.0,569.53,310.2
11283,20241115,7,11,226,3,504.67,0.1,1362.61,449.29
11284,20241115,4,19,298,2,101.21,0.0,202.42,89.78
11285,20241115,3,12,252,1,884.49,0.0,884.49,496.06
11286,20241115,6,12,327,2,884.49,0.1,1592.08,815.22
11287,20241115,7,9,386,3,296.52,0.0,889.56,217.38
11288,20241115,6,28,400,3,609.0,0.0,1827.0,976.38
11289,20241115,7,8,86,1,272.27,0.0,272.27,92.12
11290,20241115,2,30,110,3,83.21,0.0,249.63,68.97
11291,20241115,6,23,19,3,726.04,0.0,2178.12,1176.9
11292,20241115,4,16,293,4,706.85,0.0,2827.4,1630.68
11293,20241115,4,15,67,2,134.22,0.1,241.6,109.72
11294,20241115,4,8,243,4,272.27,0.0,1089.08,368.48
11295,20241115,5,2,536,1,706.19,0.0,706.19,362.04
11296,20241115,4,13,5,1,460.51,0.0,460.51,148.05
11297,20241115,3,27,326,2,636.28,0.0,1272.56,640.88
11298,20241116,7,12,411,2,884.49,0.05,1680.53,903.67
11299,20241116,5,24,323,4,249.97,0.2,799.9,167.7
11300,20241116,3,9,53,2,296.52,0.0,593.04,144.92
11301,20241116,7,1,79,1,545.21,0.0,545.21,234.5
11302,20241116,2,2,139,2,706.19,0.0,1412.38,724.08
11303,20241116,1,26,105,3,105.66,0.0,316.98,65.1
11304,20241116,7,14,272,4,246.23,0.1,886.43,129.03
11305,20241116,2,6,145,4,350.77,0.0,1403.08,797.2
11306,20241116,2,11,22,3,504.67,0.05,1438.31,524.99
11307,20241116,6,5,348,2,98.3,0.0,196.6,85.4
11308,20241116,4,18,29,1,279.59,0.05,265.61,75.14
11309,20241116,1,15,14,2,134.22,0.0,268.44,136.56
11310,20241116,2,14,167,3,246.23,0.05,701.76,133.71
11311,20241116,7,27,382,3,636.28,0.0,1908.84,961.32
11312,20241116,5,2,75,4,706.19,0.05,2683.52,1306.92
11313,20241116,7,21,367,2,392.24,0.0,784.48,429.12
11314,20241116,2,9,393,2,296.52,0.0,593.04,144.92
11315,20241116,6,22,501,4,453.16,0.0,1812.64,686.24
11316,20241116,6,6,490,3,350.77,0.0,1052.31,597.9
11317,20241116,2,2,458,2,706.19,0.0,1412.38,724.08
11318,20241116,2,4,313,1,658.36,0.0,658.36,352.71
11319,20241116,7,22,231,3,453.16,0.0,1359.48,514.68
11320,20241116,2,14,85,1,246.23,0.0,246.23,56.88
11321,20241117,6,12,170,3,884.49,0.05,2520.8,1355.51
11322,20241117,3,12,311,2,884.49,0.05,1680.53,903.67
11323,20241117,7,5,328,1,98.3,0.0,98.3,42.7
11324,20241117,2,18,416,3,279.59,0.0,838.77,267.36
11325,20241117,1,9,483,3,296.52,0.05,845.08,172.9
11326,20241117,4,6,288,1,350.77,0.05,333.23,181.76
11327,20241117,7,22,94,1,453.16,0.0,453.16,171.56
11328,20241117,3,6,243,5,350.77,0.0,1753.85,996.5
11329,20241117,2,22,2,3,453.16,0.0,1359.48,514.68
11330,20241118,2,20,77,3,191.18,0.0,573.54,289.65
11331,20241118,4,30,103,1,83.21,0.0,83.21,22.99
11332,20241118,6,18,479,2,279.59,0.2,447.34,66.4
11333,20241118,7,23,544,1,726.04,0.0,726.04,392.3
11334,20241118,2,23,69,2,726.04,0.0,1452.08,784.6
11335,20241118,7,21,593,2,392.24,0.0,784.48,429.12
11336,20241118,1,26,399,1,105.66,0.0,105.66,21.7
11337,20241118,3,26,45,1,105.66,0.0,105.66,21.7
11338,20241118,7,19,259,2,101.21,0.0,202.42,89.78
11339,20241118,3,16,57,1,706.85,0.0,706.85,407.67
11340,20241118,6,13,424,2,460.51,0.0,921.02,296.1
11341,20241118,2,25,1,1,387.37,0.0,387.37,112.78
11342,20241118,3,21,400,3,392.24,0.2,941.38,408.34
11343,20241118,2,24,235,1,249.97,0.0,249.97,91.92
11344,20241118,2,23,206,2,726.04,0.0,1452.08,784.6
11345,20241119,1,13,600,2,460.51,0.0,921.02,296.1
11346,20241119,5,17,427,1,224.09,0.0,224.09,90.39
11347,20241119,2,8,15,2,272.27,0.0,544.54,184.24
11348,20241119,4,27,392,3,636.28,0.0,1908.84,961.32
11349,20241119,2,22,132,1,453.16,0.0,453.16,171.56
11350,20241119,1,1,340,3,545.21,0.0,1635.63,703.5
11351,20241119,7,24,274,3,249.97,0.0,749.91,275.76
11352,20241119,1,27,119,1,636.28,0.0,636.28,320.44
11353,20241120,1,19,254,3,101.21,0.0,303.63,134.67
11354,20241120,4,18,562,1,279.59,0.0,279.59,89.12
11355,20241120,4,20,478,2,191.18,0.05,363.24,173.98
11356,20241120,4,15,511,1,134.22,0.0,134.22,68.28
11357,20241120,3,26,404,2,105.66,0.1,190.19,22.27
11358,20241120,4,25,495,4,387.37,0.0,1549.48,451.12
11359,20241120,6,25,273,4,387.37,0.0,1549.48,451.12
11360,20241120,7,22,322,1,453.16,0.0,453.16,171.56
11361,20241120,6,14,356,2,246.23,0.0,492.46,113.76
11362,20241120,6,23,598,3,726.04,0.0,2178.12,1176.9
11363,20241120,3,5,40,1,98.3,0.05,93.38,37.78
11364,20241120,2,7,126,1,569.53,0.0,569.53,310.2
11365,20241120,7,19,270,1,101.21,0.0,101.21,44.89
11366,20241120,4,20,527,1,191.18,0.0,191.18,96.55
11367,20241120,3,29,323,1,354.67,0.05,336.94,150.67
11368,20241120,7,20,154,3,191.18,0.1,516.19,232.3
11369,20241120,6,2,76,3,706.19,0.0,2118.57,1086.12
11370,20241120,1,13,409,2,460.51,0.0,921.02,296.1
11371,20241120,4,25,545,1,387.37,0.0,387.37,112.78
11372,20241120,5,17,346,3,224.09,0.0,672.27,271.17
11373,20241120,1,12,394,4,884.49,0.0,3537.96,1984.24
11374,20241120,1,19,304,3,101.21,0.0,303.63,134.67
11375,20241120,4,2,75,1,706.19,0.0,706.19,362.04
11376,20241120,7,1,150,1,545.21,0.05,517.95,207.24
11377,20241121,1,27,373,3,636.28,0.0,1908.84,961.32
11378,20241121,1,4,372,2,658.36,0.0,1316.72,705.42
11379,20241121,5,21,93,3,392.24,0.05,1117.88,584.84
11380,20241121,5,4,523,1,658.36,0.0,658.36,352.71
11381,20241121,6,25,85,3,387.37,0.0,1162.11,338.34
11382,20241121,4,13,112,2,460.51,0.0,921.02,296.1
11383,20241121,1,15,58,2,134.22,0.0,268.44,136.56
11384,20241121,1,16,339,2,706.85,0.0,1413.7,815.34
11385,20241122,1,16,20,2,706.85,0.0,1413.7,815.34
11386,20241122,1,22,585,3,453.16,0.0,1359.48,514.68
11387,20241122,2,8,372,3,272.27,0.0,816.81,276.36
11388,20241122,1,30,175,2,83.21,0.05,158.1,37.66
11389,20241122,1,29,75,2,354.67,0.0,709.34,336.8
11390,20241122,2,22,567,2,453.16,0.0,906.32,343.12
11391,20241122,2,6,404,4,350.77,0.0,1403.08,797.2
11392,20241122,1,13,556,2,460.51,0.0,921.02,296.1
11393,20241122,6,29,138,2,354.67,0.1,638.41,265.87
11394,20241122,6,11,173,3,504.67,0.0,1514.01,600.69
11395,20241122,6,5,122,5,98.3,0.0,491.5,213.5
11396,20241122,3,17,313,2,224.09,0.0,448.18,180.78
11397,20241122,3,4,377,1,658.36,0.1,592.52,286.87
11398,20241122,1,25,550,3,387.37,0.0,1162.11,338.34
11399,20241123,2,8,576,1,272.27,0.0,272.27,92.12
11400,20241123,4,22,298,1,453.16,0.0,453.16,171.56
11401,20241123,5,7,309,2,569.53,0.0,1139.06,620.4
11402,20241123,4,16,201,1,706.85,0.1,636.17,336.99
11403,20241123,6,10,367,1,655.99,0.0,655.99,324.08
11404,20241123,1,25,236,1,387.37,0.0,387.37,112.78
11405,20241123,6,27,185,2,636.28,0.0,1272.56,640.88
11406,20241123,2,27,308,2,636.28,0.0,1272.56,640.88
11407,20241123,3,27,340,2,636.28,0.1,1145.3,513.62
11408,20241123,2,2,380,4,706.19,0.0,2824.76,1448.16
11409,20241123,7,28,527,1,609.0,0.05,578.55,295.01
11410,20241123,5,2,133,3,706.19,0.0,2118.57,1086.12
11411,20241123,5,20,558,3,191.18,0.2,458.83,174.94
11412,20241123,7,30,209,3,83.21,0.0,249.63,68.97
11413,20241123,5,21,596,3,392.24,0.0,1176.72,643.68
11414,20241124,7,26,140,4,105.66,0.0,422.64,86.8
11415,20241124,4,2,78,3,706.19,0.1,1906.71,874.26
11416,20241124,4,29,573,3,354.67,0.0,1064.01,505.2
11417,20241124,2,28,492,2,609.0,0.05,1157.1,590.02
11418,20241124,3,22,268,1,453.16,0.0,453.16,171.56
11419,20241124,1,9,181,4,296.52,0.05,1126.78,230.54
11420,20241124,6,26,443,2,105.66,0.05,200.75,32.83
11421,20241124,6,13,471,4,460.51,0.0,1842.04,592.2
11422,20241124,7,30,220,5,83.21,0.0,416.05,114.95
11423,20241124,6,29,595,2,354.67,0.0,709.34,336.8
11424,20241124,4,7,139,2,569.53,0.0,1139.06,620.4
11425,20241124,1,5,260,4,98.3,0.0,393.2,170.8
11426,20241124,7,19,582,1,101.21,0.0,101.21,44.89
11427,20241124,6,16,363,1,706.85,0.05,671.51,372.33
11428,20241124,1,1,230,4,545.21,0.1,1962.76,719.92
11429,20241124,2,22,154,2,453.16,0.0,906.32,343.12
11430,20241124,5,24,409,2,249.97,0.0,499.94,183.84
11431,20241124,6,10,318,2,655.99,0.0,1311.98,648.16
11432,20241125,4,3,490,2,100.1,0.0,200.2,115.8
11433,20241125,1,28,44,1,609.0,0.0,609.0,325.46
11434,20241125,1,13,209,4,460.51,0.0,1842.04,592.2
11435,20241125,7,6,355,3,350.77,0.1,947.08,492.67
11436,20241125,4,8,573,1,272.27,0.0,272.27,92.12
11437,20241125,2,28,556,4,609.0,0.05,2314.2,1180.04
11438,20241125,1,22,244,4,453.16,0.0,1812.64,686.24
11439,20241125,6,6,302,4,350.77,0.0,1403.08,797.2
11440,20241125,7,26,303,4,105.66,0.05,401.51,65.67
11441,20241126,5,17,369,2,224.09,0.0,448.18,180.78
11442,20241126,2,12,339,3,884.49,0.0,2653.47,1488.18
11443,20241126,7,18,231,5,279.59,0.1,1258.16,305.8
11444,20241126,2,26,536,1,105.66,0.0,105.66,21.7
11445,20241126,4,26,218,3,105.66,0.0,316.98,65.1
11446,20241126,3,10,95,1,655.99,0.0,655.99,324.08
11447,20241126,4,16,375,2,706.85,0.0,1413.7,815.34
11448,20241126,2,19,1,4,101.21,0.0,404.84,179.56
11449,20241126,5,22,181,2,453.16,0.0,906.32,343.12
11450,20241126,6,16,306,2,706.85,0.0,1413.7,815.34
11451,20241126,5,15,1,1,134.22,0.0,134.22,68.28
11452,20241126,2,27,435,1,636.28,0.0,636.28,320.44
11453,20241126,6,1,323,1,545.21,0.0,545.21,234.5
11454,20241126,3,11,483,2,504.67,0.0,1009.34,400.46
11455,20241126,1,21,350,1,392.24,0.05,372.63,194.95
11456,20241126,2,14,322,3,246.23,0.0,738.69,170.64
11457,20241126,7,28,164,4,609.0,0.0,2436.0,1301.84
11458,20241126,4,18,587,1,279.59,0.0,279.59,89.12
11459,20241126,5,15,213,5,134.22,0.0,671.1,341.4
11460,20241127,1,14,263,2,246.23,0.0,492.46,113.76
11461,20241127,1,28,207,2,609.0,0.0,1218.0,650.92
11462,20241127,3,13,149,4,460.51,0.0,1842.04,592.2
11463,20241127,6,4,225,3,658.36,0.05,1876.33,959.38
11464,20241127,1,5,475,1,98.3,0.0,98.3,42.7
11465,20241127,5,6,430,2,350.77,0.0,701.54,398.6
11466,20241127,4,24,572,3,249.97,0.0,749.91,275.76
11467,20241127,5,19,391,1,101.21,0.05,96.15,39.83
11468,20241127,3,2,334,1,706.19,0.0,706.19,362.04
11469,20241127,7,22,107,2,453.16,0.0,906.32,343.12
11470,20241127,7,5,77,2,98.3,0.0,196.6,85.4
11471,20241127,4,8,165,1,272.27,0.0,272.27,92.12
11472,20241127,4,30,285,2,83.21,0.0,166.42,45.98
11473,20241127,7,11,282,1,504.67,0.0,504.67,200.23
11474,20241128,3,7,594,1,569.53,0.0,569.53,310.2
11475,20241128,2,4,131,1,658.36,0.05,625.44,319.79
11476,20241128,4,12,3,1,884.49,0.0,884.49,496.06
11477,20241128,2,17,183,3,224.09,0.0,672.27,271.17
11478,20241128,4,23,474,2,726.04,0.0,1452.08,784.6
11479,20241128,3,21,526,1,392.24,0.0,392.24,214.56
11480,20241128,4,30,504,4,83.21,0.0,332.84,91.96
11481,20241128,1,7,429,3,569.53,0.05,1623.16,845.17
11482,20241128,3,30,211,1,83.21,0.0,83.21,22.99
11483,20241128,7,27,257,1,636.28,0.0,636.28,320.44
11484,20241128,2,30,562,1,83.21,0.0,83.21,22.99
11485,20241128,4,3,27,3,100.1,0.05,285.28,158.68
11486,20241128,3,21,494,5,392.24,0.0,1961.2,1072.8
11487,20241128,3,16,471,3,706.85,0.0,2120.55,1223.01
11488,20241129,1,5,282,1,98.3,0.0,98.3,42.7
11489,20241129,1,22,530,1,453.16,0.0,453.16,171.56
11490,20241129,2,15,371,3,134.22,0.1,362.39,164.57
11491,20241129,4,24,204,5,249.97,0.0,1249.85,459.6
11492,20241129,2,26,345,5,105.66,0.0,528.3,108.5
11493,20241129,5,10,513,1,655.99,0.0,655.99,324.08
11494,20241129,5,23,386,2,726.04,0.05,1379.48,712.0
11495,20241129,2,12,154,5,884.49,0.0,4422.45,2480.3
11496,20241129,5,19,448,1,101.21,0.1,91.09,34.77
11497,20241129,5,20,554,1,191.18,0.05,181.62,86.99
11498,20241129,5,1,386,4,545.21,0.0,2180.84,938.0
11499,20241130,7,14,510,3,246.23,0.0,738.69,170.64
11500,20241130,4,3,90,2,100.1,0.0,200.2,115.8
11501,20241130,6,6,429,3,350.77,0.0,1052.31,597.9
11502,20241130,6,29,591,2,354.67,0.0,709.34,336.8
11503,20241130,4,23,447,1,726.04,0.0,726.04,392.3
11504,20241130,1,11,358,2,504.67,0.0,1009.34,400.46
11505,20241130,2,6,269,2,350.77,0.0,701.54,398.6
11506,20241130,5,20,52,3,191.18,0.0,573.54,289.65
11507,20241130,5,13,490,4,460.51,0.0,1842.04,592.2
11508,20241130,5,3,278,5,100.1,0.1,450.45,239.45
11509,20241130,3,12,468,2,884.49,0.0,1768.98,992.12
11510,20241130,7,14,178,4,246.23,0.0,984.92,227.52
11511,20241130,6,22,80,3,453.16,0.0,1359.48,514.68
11512,20241201,1,14,310,1,246.23,0.0,246.23,56.88
11513,20241201,7,30,192,6,83.21,0.0,499.26,137.94
11514,20241201,4,26,114,8,105.66,0.0,845.28,173.6
11515,20241201,7,29,94,6,354.67,0.0,2128.02,1010.4
11516,20241201,6,4,187,10,658.36,0.0,6583.6,3527.1
11517,20241201,1,26,408,1,105.66,0.0,105.66,21.7
11518,20241201,2,7,232,6,569.53,0.0,3417.18,1861.2
11519,20241201,7,29,566,5,354.67,0.0,1773.35,842.0
11520,20241201,5,11,572,3,504.67,0.0,1514.01,600.69
11521,20241201,5,16,503,3,706.85,0.0,2120.55,1223.01
11522,20241201,7,18,548,6,279.59,0.0,1677.54,534.72
11523,20241201,2,7,312,5,569.53,0.0,2847.65,1551.0
11524,20241201,2,2,198,8,706.19,0.05,5367.04,2613.84
11525,20241201,7,2,304,2,706.19,0.0,1412.38,724.08
11526,20241201,3,6,292,2,350.77,0.0,701.54,398.6
11527,20241201,5,23,241,6,726.04,0.0,4356.24,2353.8
11528,20241201,6,19,593,3,101.21,0.0,303.63,134.67
11529,20241201,1,22,567,4,453.16,0.0,1812.64,686.24
11530,20241201,5,15,275,4,134.22,0.0,536.88,273.12
11531,20241201,6,30,107,5,83.21,0.0,416.05,114.95
11532,20241201,7,25,225,2,387.37,0.0,774.74,225.56
11533,20241201,4,7,26,7,569.53,0.0,3986.71,2171.4
11534,20241201,4,15,494,1,134.22,0.0,134.22,68.28
11535,20241201,1,26,425,6,105.66,0.05,602.26,98.5
11536,20241202,4,4,372,5,658.36,0.2,2633.44,1105.19
11537,20241202,7,22,543,3,453.16,0.1,1223.53,378.73
11538,20241202,2,14,157,8,246.23,0.0,1969.84,455.04
11539,20241202,7,25,422,2,387.37,0.0,774.74,225.56
11540,20241202,1,12,525,9,884.49,0.0,7960.41,4464.54
11541,20241202,4,9,110,8,296.52,0.0,2372.16,579.68
11542,20241202,7,27,117,5,636.28,0.0,3181.4,1602.2
11543,20241202,6,23,2,9,726.04,0.0,6534.36,3530.7
11544,20241202,2,21,211,3,392.24,0.0,1176.72,643.68
11545,20241202,2,9,397,7,296.52,0.0,2075.64,507.22
11546,20241202,4,7,26,8,569.53,0.0,4556.24,2481.6
11547,20241202,3,9,99,5,296.52,0.1,1334.34,214.04
11548,20241202,6,21,278,4,392.24,0.0,1568.96,858.24
11549,20241203,7,24,73,2,249.97,0.1,449.95,133.85
11550,20241203,1,2,518,6,706.19,0.0,4237.14,2172.24
11551,20241203,4,16,34,7,706.85,0.0,4947.95,2853.69
11552,20241203,1,26,470,6,105.66,0.0,633.96,130.2
11553,20241203,7,22,160,7,453.16,0.0,3172.12,1200.92
11554,20241203,1,8,575,9,272.27,0.0,2450.43,829.08
11555,20241203,4,24,92,3,249.97,0.0,749.91,275.76
11556,20241203,7,18,391,2,279.59,0.05,531.22,150.28
11557,20241203,2,16,229,4,706.85,0.2,2261.92,1065.2
11558,20241203,7,10,188,6,655.99,0.0,3935.94,1944.48
11559,20241203,3,9,122,4,296.52,0.0,1186.08,289.84
11560,20241203,1,25,509,8,387.37,0.0,3098.96,902.24
11561,20241203,3,29,556,3,354.67,0.0,1064.01,505.2
11562,20241204,1,28,409,6,609.0,0.1,3288.6,1587.36
11563,20241204,4,10,428,6,655.99,0.0,3935.94,1944.48
11564,20241204,5,14,96,1,246.23,0.05,233.92,44.57
11565,20241204,1,15,169,4,134.22,0.0,536.88,273.12
11566,20241204,2,29,412,3,354.67,0.0,1064.01,505.2
11567,20241204,1,10,594,2,655.99,0.0,1311.98,648.16
11568,20241204,6,4,280,6,658.36,0.0,3950.16,2116.26
11569,20241204,1,26,273,4,105.66,0.0,422.64,86.8
11570,20241204,1,22,266,5,453.16,0.0,2265.8,857.8
11571,20241204,6,19,331,7,101.21,0.0,708.47,314.23
11572,20241204,2,10,543,9,655.99,0.0,5903.91,2916.72
11573,20241204,6,19,160,8,101.21,0.0,809.68,359.12
11574,20241204,3,1,83,3,545.21,0.05,1553.85,621.72
11575,20241204,2,14,512,4,246.23,0.0,984.92,227.52
11576,20241204,3,21,302,2,392.24,0.0,784.48,429.12
11577,20241204,1,26,89,5,105.66,0.0,528.3,108.5
11578,20241205,3,23,44,7,726.04,0.0,5082.28,2746.1
11579,20241205,3,5,113,6,98.3,0.0,589.8,256.2
11580,20241205,7,22,253,6,453.16,0.0,2718.96,1029.36
11581,20241205,7,7,138,7,569.53,0.05,3787.37,1972.06
11582,20241205,7,30,223,2,83.21,0.1,149.78,29.34
11583,20241205,1,23,217,5,726.04,0.0,3630.2,1961.5
11584,20241205,1,27,501,2,636.28,0.0,1272.56,640.88
11585,20241205,6,14,448,2,246.23,0.0,492.46,113.76
11586,20241205,2,5,242,4,98.3,0.0,393.2,170.8
11587,20241205,4,3,433,7,100.1,0.2,560.56,265.16
11588,20241205,4,20,61,3,191.18,0.0,573.54,289.65
11589,20241206,2,12,351,6,884.49,0.0,5306.94,2976.36
11590,20241206,5,27,335,9,636.28,0.0,5726.52,2883.96
11591,20241206,2,20,185,4,191.18,0.0,764.72,386.2
11592,20241206,1,4,511,8,658.36,0.0,5266.88,2821.68
11593,20241206,1,15,442,9,134.22,0.2,966.38,372.92
11594,20241206,3,4,388,5,658.36,0.0,3291.8,1763.55
11595,20241206,1,7,395,9,569.53,0.0,5125.77,2791.8
11596,20241206,6,1,283,2,545.21,0.0,1090.42,469.0
11597,20241206,6,30,189,6,83.21,0.0,499.26,137.94
11598,20241206,5,27,579,5,636.28,0.0,3181.4,1602.2
11599,20241206,6,21,475,8,392.24,0.0,3137.92,1716.48
11600,20241206,6,29,4,6,354.67,0.2,1702.42,584.8
11601,20241206,7,27,588,8,636.28,0.0,5090.24,2563.52
11602,20241206,7,27,274,8,636.28,0.05,4835.73,2309.01
11603,20241206,3,15,226,3,134.22,0.0,402.66,204.84
11604,20241207,6,7,387,5,569.53,0.0,2847.65,1551.0
11605,20241207,6,6,9,8,350.77,0.0,2806.16,1594.4
11606,20241207,6,24,10,6,249.97,0.0,1499.82,551.52
11607,20241207,5,23,100,3,726.04,0.0,2178.12,1176.9
11608,20241207,5,20,50,4,191.18,0.05,726.48,347.96
11609,20241207,1,4,171,2,658.36,0.0,1316.72,705.42
11610,20241207,7,15,329,5,134.22,0.0,671.1,341.4
11611,20241207,6,19,219,1,101.21,0.2,80.97,24.65
11612,20241207,3,28,433,2,609.0,0.05,1157.1,590.02
11613,20241207,6,16,383,3,706.85,0.0,2120.55,1223.01
11614,20241207,2,23,569,4,726.04,0.0,2904.16,1569.2
11615,20241207,5,20,483,1,191.18,0.0,191.18,96.55
11616,20241207,1,24,77,3,249.97,0.05,712.41,238.26
11617,20241207,1,28,92,3,609.0,0.0,1827.0,976.38
11618,20241207,2,13,480,3,460.51,0.0,1381.53,444.15
11619,20241207,7,4,71,1,658.36,0.0,658.36,352.71
11620,20241207,2,14,79,1,246.23,0.0,246.23,56.88
11621,20241207,6,28,256,2,609.0,0.0,1218.0,650.92
11622,20241208,3,10,569,5,655.99,0.0,3279.95,1620.4
11623,20241208,6,16,518,2,706.85,0.0,1413.7,815.34
11624,20241208,2,26,529,6,105.66,0.05,602.26,98.5
11625,20241208,6,19,512,3,101.21,0.0,303.63,134.67
11626,20241208,4,15,172,3,134.22,0.1,362.39,164.57
11627,20241208,1,23,334,3,726.04,0.0,2178.12,1176.9
11628,20241208,4,12,256,7,884.49,0.0,6191.43,3472.42
11629,20241208,6,9,139,2,296.52,0.0,593.04,144.92
11630,20241208,2,15,557,6,134.22,0.0,805.32,409.68
11631,20241208,4,12,209,2,884.49,0.0,1768.98,992.12
11632,20241208,4,12,407,10,884.49,0.0,8844.9,4960.6
11633,20241208,1,7,20,2,569.53,0.0,1139.06,620.4
11634,20241208,1,7,560,3,569.53,0.0,1708.59,930.6
11635,20241208,7,4,55,2,658.36,0.05,1250.88,639.58
11636,20241208,7,15,534,9,134.22,0.0,1207.98,614.52
11637,20241208,7,13,92,8,460.51,0.05,3499.88,1000.2
11638,20241208,5,24,316,7,249.97,0.0,1749.79,643.44
11639,20241208,7,22,376,10,453.16,0.0,4531.6,1715.6
11640,20241208,5,12,596,3,884.49,0.0,2653.47,1488.18
11641,20241209,4,10,201,6,655.99,0.0,3935.94,1944.48
11642,20241209,6,5,26,2,98.3,0.0,196.6,85.4
11643,20241209,1,23,184,1,726.04,0.0,726.04,392.3
11644,20241209,2,27,115,3,636.28,0.0,1908.84,961.32
11645,20241209,7,24,461,7,249.97,0.0,1749.79,643.44
11646,20241209,2,22,400,6,453.16,0.0,2718.96,1029.36
11647,20241209,6,22,175,2,453.16,0.0,906.32,343.12
11648,20241209,6,20,319,3,191.18,0.0,573.54,289.65
11649,20241209,2,27,434,3,636.28,0.05,1813.4,865.88
11650,20241209,1,6,440,4,350.77,0.0,1403.08,797.2
11651,20241209,2,8,322,7,272.27,0.0,1905.89,644.84
11652,20241209,7,22,588,8,453.16,0.1,3262.75,1009.95
11653,20241209,6,15,390,2,134.22,0.0,268.44,136.56
11654,20241210,4,5,318,6,98.3,0.0,589.8,256.2
11655,20241210,4,12,458,5,884.49,0.0,4422.45,2480.3
11656,20241210,4,24,359,2,249.97,0.0,499.94,183.84
11657,20241210,7,2,563,7,706.19,0.0,4943.33,2534.28
11658,20241210,7,18,383,8,279.59,0.0,2236.72,712.96
11659,20241210,4,23,251,1,726.04,0.0,726.04,392.3
11660,20241210,6,30,211,5,83.21,0.0,416.05,114.95
11661,20241210,4,25,371,4,387.37,0.0,1549.48,451.12
11662,20241210,5,8,324,4,272.27,0.0,1089.08,368.48
11663,20241210,7,22,119,1,453.16,0.0,453.16,171.56
11664,20241210,4,26,178,8,105.66,0.0,845.28,173.6
11665,20241210,4,15,279,5,134.22,0.0,671.1,341.4
11666,20241210,7,20,317,8,191.18,0.0,1529.44,772.4
11667,20241211,2,24,292,4,249.97,0.0,999.88,367.68
11668,20241211,4,5,253,6,98.3,0.0,589.8,256.2
11669,20241211,4,20,245,7,191.18,0.0,1338.26,675.85
11670,20241211,7,27,163,6,636.28,0.0,3817.68,1922.64
11671,20241211,7,10,547,4,655.99,0.0,2623.96,1296.32
11672,20241211,2,24,507,2,249.97,0.0,499.94,183.84
11673,20241211,5,11,560,3,504.67,0.0,1514.01,600.69
11674,20241211,4,22,448,2,453.16,0.0,906.32,343.12
11675,20241211,1,29,280,9,354.67,0.05,3032.43,1356.0
11676,20241211,2,24,368,3,249.97,0.0,749.91,275.76
11677,20241211,1,8,515,6,272.27,0.0,1633.62,552.72
11678,20241211,1,4,183,9,658.36,0.1,5332.72,2581.87
11679,20241211,1,23,30,5,726.04,0.0,3630.2,1961.5
11680,20241211,7,7,441,6,569.53,0.0,3417.18,1861.2
11681,20241211,5,7,595,5,569.53,0.0,2847.65,1551.0
11682,20241211,6,17,15,5,224.09,0.0,1120.45,451.95
11683,20241211,1,2,278,1,706.19,0.0,706.19,362.04
11684,20241211,2,5,416,2,98.3,0.0,196.6,85.4
11685,20241211,6,26,258,6,105.66,0.0,633.96,130.2
11686,20241212,2,30,541,10,83.21,0.0,832.1,229.9
11687,20241212,7,8,462,3,272.27,0.05,775.97,235.52
11688,20241212,4,13,462,7,460.51,0.0,3223.57,1036.35
11689,20241212,6,19,526,9,101.21,0.0,910.89,404.01
11690,20241212,1,3,56,10,100.1,0.0,1001.0,579.0
11691,20241212,1,28,267,3,609.0,0.0,1827.0,976.38
11692,20241212,2,16,194,5,706.85,0.0,3534.25,2038.35
11693,20241212,3,7,429,6,569.53,0.1,3075.46,1519.48
11694,20241212,2,30,289,2,83.21,0.0,166.42,45.98
11695,20241212,4,16,176,2,706.85,0.0,1413.7,815.34
11696,20241212,2,18,445,8,279.59,0.0,2236.72,712.96
11697,20241212,7,8,506,6,272.27,0.0,1633.62,552.72
11698,20241212,1,18,467,5,279.59,0.0,1397.95,445.6
11699,20241212,4,16,418,4,706.85,0.0,2827.4,1630.68
11700,20241212,4,27,376,4,636.28,0.0,2545.12,1281.76
11701,20241212,3,18,177,8,279.59,0.0,2236.72,712.96
11702,20241212,5,13,509,2,460.51,0.0,921.02,296.1
11703,20241212,5,17,27,4,224.09,0.0,896.36,361.56
11704,20241213,6,27,575,3,636.28,0.0,1908.84,961.32
11705,20241213,3,23,279,9,726.04,0.0,6534.36,3530.7
11706,20241213,4,8,575,6,272.27,0.0,1633.62,552.72
11707,20241213,4,19,241,3,101.21,0.0,303.63,134.67
11708,20241213,7,7,560,9,569.53,0.0,5125.77,2791.8
11709,20241213,2,24,106,9,249.97,0.0,2249.73,827.28
11710,20241213,5,2,227,6,706.19,0.0,4237.14,2172.24
11711,20241213,3,6,142,6,350.77,0.0,2104.62,1195.8
11712,20241213,5,1,50,6,545.21,0.0,3271.26,1407.0
11713,20241213,1,16,323,6,706.85,0.0,4241.1,2446.02
11714,20241213,2,2,521,5,706.19,0.2,2824.76,1104.01
11715,20241213,2,25,265,4,387.37,0.0,1549.48,451.12
11716,20241213,3,2,238,7,706.19,0.05,4696.16,2287.11
11717,20241214,5,30,362,4,83.21,0.0,332.84,91.96
11718,20241214,2,1,451,2,545.21,0.0,1090.42,469.0
11719,20241214,2,29,45,6,354.67,0.0,2128.02,1010.4
11720,20241214,1,3,365,9,100.1,0.0,900.9,521.1
11721,20241214,6,14,377,4,246.23,0.0,984.92,227.52
11722,20241214,7,11,287,2,504.67,0.0,1009.34,400.46
11723,20241214,6,23,119,7,726.04,0.0,5082.28,2746.1
11724,20241214,7,28,131,7,609.0,0.0,4263.0,2278.22
11725,20241214,1,7,286,6,569.53,0.0,3417.18,1861.2
11726,20241215,3,20,440,2,191.18,0.0,382.36,193.1
11727,20241215,6,27,186,1,636.28,0.0,636.28,320.44
11728,20241215,1,13,327,10,460.51,0.0,4605.1,1480.5
11729,20241215,5,6,325,2,350.77,0.0,701.54,398.6
11730,20241215,2,9,437,4,296.52,0.0,1186.08,289.84
11731,20241215,4,25,446,9,387.37,0.05,3312.01,840.7
11732,20241215,4,23,437,5,726.04,0.0,3630.2,1961.5
11733,20241215,1,22,582,8,453.16,0.0,3625.28,1372.48
11734,20241215,7,21,63,8,392.24,0.0,3137.92,1716.48
11735,20241215,4,1,57,5,545.21,0.0,2726.05,1172.5
11736,20241215,2,21,86,7,392.24,0.0,2745.68,1501.92
11737,20241215,1,20,595,4,191.18,0.0,764.72,386.2
11738,20241215,2,23,59,6,726.04,0.0,4356.24,2353.8
11739,20241215,5,17,538,5,224.09,0.0,1120.45,451.95
11740,20241215,7,30,53,1,83.21,0.0,83.21,22.99
11741,20241215,2,9,393,4,296.52,0.2,948.86,52.62
11742,20241216,5,28,170,3,609.0,0.0,1827.0,976.38
11743,20241216,5,24,31,1,249.97,0.0,249.97,91.92
11744,20241216,4,2,524,2,706.19,0.1,1271.14,582.84
11745,20241216,6,5,21,4,98.3,0.0,393.2,170.8
11746,20241216,7,8,519,6,272.27,0.0,1633.62,552.72
11747,20241216,1,23,139,4,726.04,0.0,2904.16,1569.2
11748,20241216,4,29,81,2,354.67,0.0,709.34,336.8
11749,20241216,7,27,362,3,636.28,0.0,1908.84,961.32
11750,20241216,1,9,314,4,296.52,0.0,1186.08,289.84
11751,20241216,6,18,290,4,279.59,0.1,1006.52,244.64
11752,20241216,3,8,395,3,272.27,0.0,816.81,276.36
11753,20241216,6,18,500,8,279.59,0.0,2236.72,712.96
11754,20241216,2,23,136,2,726.04,0.0,1452.08,784.6
11755,20241216,1,17,464,6,224.09,0.0,1344.54,542.34
11756,20241216,3,14,259,4,246.23,0.1,886.43,129.03
11757,20241216,2,21,110,3,392.24,0.0,1176.72,643.68
11758,20241216,7,19,172,7,101.21,0.1,637.62,243.38
11759,20241216,3,14,398,3,246.23,0.05,701.76,133.71
11760,20241216,7,23,362,6,726.04,0.0,4356.24,2353.8
11761,20241217,6,8,216,9,272.27,0.0,2450.43,829.08
11762,20241217,7,15,330,2,134.22,0.05,255.02,123.14
11763,20241217,1,11,512,6,504.67,0.0,3028.02,1201.38
11764,20241217,6,11,569,8,504.67,0.1,3633.62,1198.1
11765,20241217,4,16,126,1,706.85,0.0,706.85,407.67
11766,20241217,2,28,81,2,609.0,0.0,1218.0,650.92
11767,20241217,3,29,422,1,354.67,0.05,336.94,150.67
11768,20241217,7,10,210,6,655.99,0.1,3542.35,1550.89
11769,20241217,2,12,162,1,884.49,0.0,884.49,496.06
11770,20241217,5,22,43,10,453.16,0.0,4531.6,1715.6
11771,20241217,4,15,252,8,134.22,0.2,859.01,331.49
11772,20241217,4,5,436,6,98.3,0.05,560.31,226.71
11773,20241217,5,25,519,7,387.37,0.0,2711.59,789.46
11774,20241217,6,6,501,9,350.77,0.2,2525.54,1162.31
11775,20241217,6,27,596,8,636.28,0.0,5090.24,2563.52
11776,20241218,1,11,148,5,504.67,0.05,2397.18,874.98
11777,20241218,6,29,401,7,354.67,0.0,2482.69,1178.8
11778,20241218,6,29,358,8,354.67,0.05,2695.49,1205.33
11779,20241218,6,8,465,3,272.27,0.05,775.97,235.52
11780,20241218,4,22,558,6,453.16,0.0,2718.96,1029.36
11781,20241218,3,9,212,7,296.52,0.0,2075.64,507.22
11782,20241218,4,30,202,9,83.21,0.1,674.0,132.02
11783,20241218,6,11,577,2,504.67,0.0,1009.34,400.46
11784,20241218,3,3,476,4,100.1,0.1,360.36,191.56
11785,20241218,1,26,536,9,105.66,0.1,855.85,100.21
11786,20241218,7,22,17,10,453.16,0.0,4531.6,1715.6
11787,20241218,2,10,50,6,655.99,0.05,3739.14,1747.68
11788,20241218,2,1,99,1,545.21,0.0,545.21,234.5
11789,20241218,1,16,518,7,706.85,0.0,4947.95,2853.69
11790,20241219,2,14,295,5,246.23,0.0,1231.15,284.4
11791,20241219,1,10,560,8,655.99,0.1,4723.13,2067.85
11792,20241219,2,2,36,1,706.19,0.0,706.19,362.04
11793,20241219,3,29,501,6,354.67,0.0,2128.02,1010.4
11794,20241219,3,9,474,5,296.52,0.1,1334.34,214.04
11795,20241219,6,5,107,6,98.3,0.0,589.8,256.2
11796,20241219,1,8,31,8,272.27,0.0,2178.16,736.96
11797,20241219,2,27,362,2,636.28,0.0,1272.56,640.88
11798,20241219,3,18,276,8,279.59,0.0,2236.72,712.96
11799,20241219,3,18,242,2,279.59,0.0,559.18,178.24
11800,20241219,6,1,517,4,545.21,0.1,1962.76,719.92
11801,20241219,6,21,69,7,392.24,0.0,2745.68,1501.92
11802,20241219,7,16,7,10,706.85,0.0,7068.5,4076.7
11803,20241219,1,29,552,3,354.67,0.0,1064.01,505.2
11804,20241219,2,14,236,8,246.23,0.0,1969.84,455.04
11805,20241219,4,27,342,4,636.28,0.0,2545.12,1281.76
11806,20241219,7,1,261,4,545.21,0.0,2180.84,938.0
11807,20241220,3,22,397,2,453.16,0.0,906.32,343.12
11808,20241220,4,1,475,8,545.21,0.0,4361.68,1876.0
11809,20241220,2,25,239,2,387.37,0.0,774.74,225.56
11810,20241220,6,29,498,3,354.67,0.0,1064.01,505.2
11811,20241220,2,10,407,2,655.99,0.0,1311.98,648.16
11812,20241220,4,5,159,8,98.3,0.0,786.4,341.6
11813,20241220,5,7,270,9,569.53,0.05,4869.48,2535.51
11814,20241220,4,13,298,3,460.51,0.0,1381.53,444.15
11815,20241220,3,14,272,2,246.23,0.0,492.46,113.76
11816,20241220,7,16,209,5,706.85,0.0,3534.25,2038.35
11817,20241220,7,20,357,1,191.18,0.05,181.62,86.99
11818,20241221,5,6,440,7,350.77,0.0,2455.39,1395.1
11819,20241221,6,10,227,1,655.99,0.0,655.99,324.08
11820,20241221,7,28,596,7,609.0,0.05,4049.85,2065.07
11821,20241221,3,10,249,3,655.99,0.0,1967.97,972.24
11822,20241221,1,1,131,6,545.21,0.0,3271.26,1407.0
11823,20241221,1,1,516,3,545.21,0.0,1635.63,703.5
11824,20241221,6,27,351,1,636.28,0.0,636.28,320.44
11825,20241221,4,3,391,7,100.1,0.0,700.7,405.3
11826,20241221,6,28,181,2,609.0,0.2,974.4,407.32
11827,20241221,5,2,457,4,706.19,0.1,2542.28,1165.68
11828,20241221,1,29,355,8,354.67,0.0,2837.36,1347.2
11829,20241221,2,30,435,4,83.21,0.0,332.84,91.96
11830,20241221,4,27,573,1,636.28,0.0,636.28,320.44
11831,20241221,2,12,551,5,884.49,0.0,4422.45,2480.3
11832,20241221,2,5,511,1,98.3,0.0,98.3,42.7
11833,20241221,1,30,462,3,83.21,0.0,249.63,68.97
11834,20241221,2,23,494,6,726.04,0.0,4356.24,2353.8
11835,20241221,1,27,345,1,636.28,0.0,636.28,320.44
11836,20241221,1,16,199,5,706.85,0.0,3534.25,2038.35
11837,20241221,1,5,93,9,98.3,0.0,884.7,384.3
11838,20241221,4,23,321,8,726.04,0.0,5808.32,3138.4
11839,20241222,4,3,321,5,100.1,0.0,500.5,289.5
11840,20241222,1,27,63,2,636.28,0.0,1272.56,640.88
11841,20241222,3,8,546,2,272.27,0.0,544.54,184.24
11842,20241222,2,16,422,6,706.85,0.0,4241.1,2446.02
11843,20241222,1,30,215,2,83.21,0.0,166.42,45.98
11844,20241222,5,23,510,10,726.04,0.0,7260.4,3923.0
11845,20241222,5,23,228,3,726.04,0.05,2069.21,1067.99
11846,20241222,3,25,123,3,387.37,0.0,1162.11,338.34
11847,20241222,1,14,23,4,246.23,0.0,984.92,227.52
11848,20241223,1,11,293,7,504.67,0.0,3532.69,1401.61
11849,20241223,3,28,12,5,609.0,0.0,3045.0,1627.3
11850,20241223,2,14,459,6,246.23,0.0,1477.38,341.28
11851,20241223,1,22,276,9,453.16,0.0,4078.44,1544.04
11852,20241223,1,16,226,7,706.85,0.0,4947.95,2853.69
11853,20241223,1,15,52,3,134.22,0.0,402.66,204.84
11854,20241223,1,18,515,8,279.59,0.0,2236.72,712.96
11855,20241223,6,27,430,2,636.28,0.0,1272.56,640.88
11856,20241223,5,13,104,1,460.51,0.0,460.51,148.05
11857,20241223,1,20,180,4,191.18,0.0,764.72,386.2
11858,20241223,3,4,388,3,658.36,0.1,1777.57,860.62
11859,20241223,7,24,77,7,249.97,0.0,1749.79,643.44
11860,20241223,3,23,439,10,726.04,0.0,7260.4,3923.0
11861,20241223,2,23,57,4,726.04,0.0,2904.16,1569.2
11862,20241223,1,5,566,6,98.3,0.0,589.8,256.2
11863,20241223,1,14,554,4,246.23,0.1,886.43,129.03
11864,20241223,3,7,572,4,569.53,0.0,2278.12,1240.8
11865,20241223,1,23,121,8,726.04,0.0,5808.32,3138.4
11866,20241223,1,8,180,1,272.27,0.0,272.27,92.12
11867,20241223,2,8,18,4,272.27,0.0,1089.08,368.48
11868,20241224,1,11,336,6,504.67,0.0,3028.02,1201.38
11869,20241224,4,13,21,8,460.51,0.0,3684.08,1184.4
11870,20241224,5,4,382,7,658.36,0.1,4147.67,2008.12
11871,20241224,1,10,176,7,655.99,0.0,4591.93,2268.56
11872,20241224,1,29,68,7,354.67,0.2,1986.15,682.26
11873,20241224,1,11,52,5,504.67,0.1,2271.02,748.82
11874,20241224,7,22,438,6,453.16,0.0,2718.96,1029.36
11875,20241224,7,19,264,4,101.21,0.0,404.84,179.56
11876,20241224,3,12,461,4,884.49,0.0,3537.96,1984.24
11877,20241224,1,17,334,4,224.09,0.0,896.36,361.56
11878,20241224,1,18,89,8,279.59,0.0,2236.72,712.96
11879,20241224,1,28,520,1,609.0,0.0,609.0,325.46
11880,20241224,2,10,15,2,655.99,0.0,1311.98,648.16
11881,20241224,4,16,474,2,706.85,0.0,1413.7,815.34
11882,20241224,3,7,227,6,569.53,0.0,3417.18,1861.2
11883,20241224,1,17,529,7,224.09,0.0,1568.63,632.73
11884,20241224,4,7,329,1,569.53,0.0,569.53,310.2
11885,20241224,4,10,335,5,655.99,0.0,3279.95,1620.4
11886,20241224,3,27,543,5,636.28,0.0,3181.4,1602.2
11887,20241224,1,25,590,6,387.37,0.0,2324.22,676.68
11888,20241224,1,6,258,3,350.77,0.0,1052.31,597.9
11889,20241224,4,23,215,2,726.04,0.0,1452.08,784.6
11890,20241224,7,1,69,5,545.21,0.0,2726.05,1172.5
11891,20241224,6,1,429,6,545.21,0.0,3271.26,1407.0
11892,20241224,7,2,2,8,706.19,0.0,5649.52,2896.32
11893,20241224,4,6,8,1,350.77,0.0,350.77,199.3
11894,20241224,2,11,491,3,504.67,0.0,1514.01,600.69
11895,20241224,6,3,541,3,100.1,0.0,300.3,173.7
11896,20241225,7,1,397,4,545.21,0.0,2180.84,938.0
11897,20241225,2,27,433,2,636.28,0.1,1145.3,513.62
11898,20241225,6,17,589,8,224.09,0.0,1792.72,723.12
11899,20241225,5,13,255,1,460.51,0.05,437.48,125.02
11900,20241225,3,11,121,2,504.67,0.0,1009.34,400.46
11901,20241225,1,11,359,1,504.67,0.0,504.67,200.23
11902,20241225,3,23,248,2,726.04,0.0,1452.08,784.6
11903,20241225,2,15,240,6,134.22,0.0,805.32,409.68
11904,20241225,6,27,216,3,636.28,0.0,1908.84,961.32
11905,20241225,3,7,14,8,569.53,0.0,4556.24,2481.6
11906,20241225,7,10,207,6,655.99,0.2,3148.75,1157.29
11907,20241225,6,24,347,7,249.97,0.0,1749.79,643.44
11908,20241225,1,30,561,3,83.21,0.2,199.7,19.04
11909,20241225,1,17,350,9,224.09,0.0,2016.81,813.51
11910,20241225,4,26,510,4,105.66,0.0,422.64,86.8
11911,20241225,2,2,144,3,706.19,0.2,1694.86,662.41
11912,20241225,7,27,126,2,636.28,0.0,1272.56,640.88
11913,20241225,1,15,135,4,134.22,0.1,483.19,219.43
11914,20241225,4,24,358,2,249.97,0.0,499.94,183.84
11915,20241226,1,10,47,6,655.99,0.0,3935.94,1944.48
11916,20241226,7,21,333,2,392.24,0.05,745.26,389.9
11917,20241226,4,8,449,2,272.27,0.0,544.54,184.24
11918,20241226,6,16,404,4,706.85,0.0,2827.4,1630.68
11919,20241226,5,10,414,7,655.99,0.0,4591.93,2268.56
11920,20241226,5,22,151,7,453.16,0.0,3172.12,1200.92
11921,20241226,4,16,214,7,706.85,0.0,4947.95,2853.69
11922,20241226,5,15,390,8,134.22,0.2,859.01,331.49
11923,20241226,1,24,442,3,249.97,0.0,749.91,275.76
11924,20241227,1,27,423,1,636.28,0.0,636.28,320.44
11925,20241227,3,19,217,3,101.21,0.0,303.63,134.67
11926,20241227,5,2,257,2,706.19,0.0,1412.38,724.08
11927,20241227,2,2,454,5,706.19,0.0,3530.95,1810.2
11928,20241227,4,24,134,7,249.97,0.0,1749.79,643.44
11929,20241227,4,26,136,3,105.66,0.0,316.98,65.1
11930,20241227,4,2,426,8,706.19,0.05,5367.04,2613.84
11931,20241227,1,1,311,5,545.21,0.0,2726.05,1172.5
11932,20241227,1,3,510,6,100.1,0.1,540.54,287.34
11933,20241227,2,20,34,3,191.18,0.05,544.86,260.97
11934,20241227,4,27,220,8,636.28,0.0,5090.24,2563.52
11935,20241227,6,10,170,6,655.99,0.0,3935.94,1944.48
11936,20241227,2,22,437,8,453.16,0.0,3625.28,1372.48
11937,20241227,2,4,103,6,658.36,0.1,3555.14,1721.24
11938,20241227,3,10,485,3,655.99,0.0,1967.97,972.24
11939,20241228,2,2,143,1,706.19,0.0,706.19,362.04
11940,20241228,6,6,588,1,350.77,0.05,333.23,181.76
11941,20241228,2,2,479,6,706.19,0.0,4237.14,2172.24
11942,20241228,3,20,378,3,191.18,0.0,573.54,289.65
11943,20241228,6,11,105,6,504.67,0.2,2422.42,595.78
11944,20241228,1,14,274,4,246.23,0.0,984.92,227.52
11945,20241228,6,22,245,6,453.16,0.0,2718.96,1029.36
11946,20241228,7,1,352,6,545.21,0.0,3271.26,1407.0
11947,20241228,4,30,569,7,83.21,0.0,582.47,160.93
11948,20241228,4,9,306,4,296.52,0.1,1067.47,171.23
11949,20241228,2,24,29,10,249.97,0.0,2499.7,919.2
11950,20241228,1,30,432,7,83.21,0.0,582.47,160.93
11951,20241228,2,11,441,6,504.67,0.0,3028.02,1201.38
11952,20241228,2,5,43,8,98.3,0.0,786.4,341.6
11953,20241228,6,7,468,6,569.53,0.0,3417.18,1861.2
11954,20241228,6,10,149,10,655.99,0.0,6559.9,3240.8
11955,20241228,4,29,41,5,354.67,0.0,1773.35,842.0
11956,20241228,2,19,471,5,101.21,0.0,506.05,224.45
11957,20241228,7,21,405,8,392.24,0.0,3137.92,1716.48
11958,20241228,2,13,208,7,460.51,0.0,3223.57,1036.35
11959,20241229,1,9,109,5,296.52,0.1,1334.34,214.04
11960,20241229,2,22,529,5,453.16,0.0,2265.8,857.8
11961,20241229,3,4,452,5,658.36,0.0,3291.8,1763.55
11962,20241229,1,19,210,10,101.21,0.0,1012.1,448.9
11963,20241229,4,24,200,7,249.97,0.0,1749.79,643.44
11964,20241229,4,19,134,9,101.21,0.0,910.89,404.01
11965,20241229,1,21,384,4,392.24,0.0,1568.96,858.24
11966,20241229,1,15,160,8,134.22,0.0,1073.76,546.24
11967,20241229,1,6,594,7,350.77,0.0,2455.39,1395.1
11968,20241229,2,19,180,5,101.21,0.0,506.05,224.45
11969,20241229,1,25,532,2,387.37,0.0,774.74,225.56
11970,20241229,7,6,544,7,350.77,0.1,2209.85,1149.56
11971,20241229,5,5,312,4,98.3,0.0,393.2,170.8
11972,20241229,6,29,362,1,354.67,0.0,354.67,168.4
11973,20241229,4,11,23,3,504.67,0.0,1514.01,600.69
11974,20241229,4,21,124,6,392.24,0.0,2353.44,1287.36
11975,20241229,7,6,299,8,350.77,0.0,2806.16,1594.4
11976,20241229,2,30,47,7,83.21,0.0,582.47,160.93
11977,20241229,2,23,119,6,726.04,0.0,4356.24,2353.8
11978,20241230,4,24,318,1,249.97,0.0,249.97,91.92
11979,20241230,5,2,230,5,706.19,0.0,3530.95,1810.2
11980,20241230,3,19,435,8,101.21,0.1,728.71,278.15
11981,20241230,2,26,457,2,105.66,0.0,211.32,43.4
11982,20241230,1,1,92,4,545.21,0.0,2180.84,938.0
11983,20241230,4,25,574,8,387.37,0.0,3098.96,902.24
11984,20241230,1,18,279,6,279.59,0.0,1677.54,534.72
11985,20241230,1,24,515,6,249.97,0.0,1499.82,551.52
11986,20241230,1,10,213,2,655.99,0.0,1311.98,648.16
11987,20241230,2,19,371,7,101.21,0.0,708.47,314.23
11988,20241230,4,13,413,8,460.51,0.2,2947.26,447.58
11989,20241230,5,12,7,10,884.49,0.05,8402.65,4518.35
11990,20241230,2,8,380,2,272.27,0.0,544.54,184.24
11991,20241230,5,4,404,4,658.36,0.0,2633.44,1410.84
11992,20241230,1,5,307,2,98.3,0.05,186.77,75.57
11993,20241230,1,12,504,4,884.49,0.1,3184.16,1630.44
11994,20241230,3,5,530,4,98.3,0.0,393.2,170.8
11995,20241230,3,13,268,4,460.51,0.0,1842.04,592.2
11996,20241230,1,12,194,7,884.49,0.2,4953.14,2234.13
11997,20241230,5,12,9,8,884.49,0.05,6722.12,3614.68
11998,20241230,1,7,266,3,569.53,0.0,1708.59,930.6
11999,20241230,4,14,194,4,246.23,0.0,984.92,227.52
12000,20241230,4,28,66,1,609.0,0.05,578.55,295.01
