date,ville,categorie,produit,quantite,montant
2023-01-01,Dunkerque,Électroménager,Réfrigérateur,4,1549.48
2023-01-01,Roubaix,Mode,T-shirt coton,4,2018.68
2023-01-01,Valenciennes,Maison,Lampe LED,7,939.54
2023-01-01,Dunkerque,Mode,Pull laine,2,1768.98
2023-01-01,Amiens,Mode,T-shirt coton,5,2523.35
2023-01-01,Dunkerque,Mode,Pull laine,4,3361.06
2023-01-01,Tourcoing,Maison,Étagère bois,2,531.22
2023-01-01,Lille,Bricolage,Perceuse,6,633.96
2023-01-01,Tourcoing,Électroménager,Réfrigérateur,7,2711.59
2023-01-01,Tourcoing,Électroménager,Bouilloire,4,2904.16
2023-01-01,Valenciennes,Maison,Rideau occultant,6,607.26
2023-01-01,Lille,Sport,Vélo VTT,2,1090.42
2023-01-01,En ligne,Maison,Étagère bois,7,1957.13
2023-01-01,Valenciennes,Mode,Robe été,5,1482.6
2023-01-01,Lille,Maison,Rideau occultant,3,303.63
2023-01-02,Lille,Sport,Chaussures running,2,1139.06
2023-01-02,Lille,Sport,Chaussures running,8,4556.24
2023-01-02,Amiens,Bricolage,Peinture 5L,4,2436.0
2023-01-02,Roubaix,Sport,Chaussures running,2,1139.06
2023-01-02,Amiens,Sport,Chaussures running,6,3417.18
2023-01-02,Dunkerque,Électroménager,Réfrigérateur,2,774.74
2023-01-02,En ligne,Électroménager,Aspirateur,1,191.18
2023-01-02,Lille,Sport,Vélo VTT,3,1635.63
2023-01-02,En ligne,Sport,Raquette tennis,6,4237.14
2023-01-02,Dunkerque,Électroménager,Robot cuiseur,9,2249.73
2023-01-02,En ligne,Bricolage,Échelle alu,1,354.67
2023-01-02,Tourcoing,Électroménager,Bouilloire,7,5082.28
2023-01-03,Lille,Sport,Maillot bain,3,999.69
2023-01-03,Roubaix,Sport,Tapis yoga,4,2633.44
2023-01-03,Lille,Maison,Rideau occultant,3,303.63
2023-01-03,En ligne,Sport,Chaussures running,2,1139.06
2023-01-03,Roubaix,Électroménager,Robot cuiseur,1,249.97
2023-01-03,Lille,Maison,Rideau occultant,5,506.05
2023-01-03,Lille,Sport,Ballon foot,1,100.1
2023-01-03,En ligne,Bricolage,Boîte à outils,1,79.05
2023-01-03,Valenciennes,Sport,Raquette tennis,1,706.19
2023-01-03,Tourcoing,Mode,Veste hiver,2,1311.98
2023-01-03,Tourcoing,Bricolage,Perceuse,1,105.66
2023-01-03,Tourcoing,Bricolage,Échelle alu,4,1418.68
2023-01-03,Roubaix,Bricolage,Échelle alu,4,1418.68
2023-01-03,Tourcoing,Électroménager,Micro-ondes,3,1291.51
2023-01-03,Lille,Sport,Tapis yoga,4,2633.44
2023-01-03,Tourcoing,Sport,Raquette tennis,6,4237.14
2023-01-03,Amiens,Maison,Rideau occultant,6,607.26
2023-01-03,Roubaix,Mode,Pull laine,1,884.49
2023-01-04,Lille,Bricolage,Peinture 5L,3,1827.0
2023-01-04,Lille,Électroménager,Robot cuiseur,3,749.91
2023-01-04,Roubaix,Électroménager,Robot cuiseur,1,249.97
2023-01-04,Valenciennes,Électroménager,Micro-ondes,4,1812.64
2023-01-04,Roubaix,Électroménager,Micro-ondes,2,906.32
2023-01-04,Valenciennes,Électroménager,Micro-ondes,2,906.32
2023-01-04,Dunkerque,Mode,Veste hiver,1,655.99
2023-01-04,En ligne,Mode,Baskets ville,5,2072.3
2023-01-04,Valenciennes,Sport,Vélo VTT,5,2726.05
2023-01-04,Lille,Mode,Baskets ville,4,1842.04
2023-01-04,Lille,Électroménager,Réfrigérateur,8,3098.96
2023-01-04,Lille,Maison,Couette 220x240,2,448.18
2023-01-04,Roubaix,Maison,Rideau occultant,5,506.05
2023-01-04,Lille,Mode,Baskets ville,4,1842.04
2023-01-04,Valenciennes,Sport,Chaussures running,1,569.53
2023-01-04,Roubaix,Sport,Raquette tennis,4,2542.28
2023-01-04,Roubaix,Électroménager,Micro-ondes,2,815.69
2023-01-04,Roubaix,Électroménager,Bouilloire,4,2904.16
2023-01-04,Dunkerque,Électroménager,Aspirateur,4,764.72
2023-01-05,Roubaix,Sport,Tapis yoga,1,658.36
2023-01-05,Lille,Sport,Vélo VTT,6,3271.26
2023-01-05,En ligne,Mode,Robe été,2,593.04
2023-01-05,Lille,Maison,Set casseroles,5,3534.25
2023-01-05,Roubaix,Sport,Haltères 10kg,5,442.35
2023-01-05,Lille,Mode,T-shirt coton,6,3028.02
2023-01-05,Valenciennes,Bricolage,Boîte à outils,3,224.67
2023-01-05,Roubaix,Maison,Rideau occultant,3,303.63
2023-01-05,Tourcoing,Maison,Set casseroles,6,4241.1
2023-01-05,Lille,Sport,Vélo VTT,4,2180.84
2023-01-05,En ligne,Électroménager,Réfrigérateur,3,1162.11
2023-01-05,Lille,Maison,Couette 220x240,5,1064.43
2023-01-05,Roubaix,Sport,Tapis yoga,2,1316.72
2023-01-05,Valenciennes,Électroménager,Réfrigérateur,2,774.74
2023-01-05,Lille,Mode,Veste hiver,5,3279.95
2023-01-05,Lille,Électroménager,Réfrigérateur,2,774.74
2023-01-05,En ligne,Bricolage,Perceuse,6,633.96
2023-01-05,Dunkerque,Maison,Couette 220x240,4,896.36
2023-01-06,Lille,Maison,Couette 220x240,6,1210.09
2023-01-06,Roubaix,Mode,Baskets ville,6,2486.75
2023-01-06,Lille,Maison,Rideau occultant,5,506.05
2023-01-06,En ligne,Bricolage,Perceuse,8,845.28
2023-01-06,Amiens,Électroménager,Bouilloire,7,5082.28
2023-01-06,Valenciennes,Sport,Raquette tennis,2,1271.14
2023-01-06,Tourcoing,Mode,Baskets ville,2,874.97
2023-01-06,Dunkerque,Mode,Pull laine,5,4422.45
2023-01-06,Tourcoing,Électroménager,Cafetière,8,3137.92
2023-01-06,Dunkerque,Mode,Pull laine,3,2653.47
2023-01-06,Lille,Électroménager,Bouilloire,3,2178.12
2023-01-06,Roubaix,Maison,Set casseroles,6,4241.1
2023-01-06,Tourcoing,Mode,Robe été,2,563.39
2023-01-06,Tourcoing,Mode,Pull laine,1,884.49
2023-01-06,Dunkerque,Bricolage,Perceuse,4,422.64
2023-01-07,En ligne,Mode,Robe été,4,1186.08
2023-01-07,Roubaix,Maison,Set casseroles,5,3534.25
2023-01-07,En ligne,Mode,Robe été,7,2075.64
2023-01-07,Tourcoing,Sport,Chaussures running,3,1708.59
2023-01-07,Lille,Sport,Tapis yoga,5,3127.21
2023-01-07,Lille,Mode,Veste hiver,1,655.99
2023-01-07,Lille,Maison,Couette 220x240,3,672.27
2023-01-07,Lille,Bricolage,Boîte à outils,5,416.05
2023-01-07,Lille,Maison,Étagère bois,5,1397.95
2023-01-07,Amiens,Électroménager,Cafetière,1,392.24
2023-01-07,Dunkerque,Mode,Veste hiver,1,655.99
2023-01-07,Dunkerque,Électroménager,Cafetière,1,392.24
2023-01-08,Valenciennes,Bricolage,Échelle alu,3,1064.01
2023-01-08,Lille,Électroménager,Réfrigérateur,8,3098.96
2023-01-08,Amiens,Bricolage,Peinture 5L,5,3045.0
2023-01-08,Tourcoing,Électroménager,Réfrigérateur,1,387.37
2023-01-08,Roubaix,Électroménager,Micro-ondes,2,861.0
2023-01-08,Roubaix,Mode,Pull laine,5,4422.45
2023-01-08,Amiens,Sport,Tapis yoga,6,3950.16
2023-01-08,Amiens,Bricolage,Perceuse,8,845.28
2023-01-08,Lille,Électroménager,Bouilloire,4,2904.16
2023-01-08,Lille,Bricolage,Tournevis set,3,1908.84
2023-01-08,Tourcoing,Sport,Maillot bain,3,1052.31
2023-01-08,Amiens,Maison,Set casseroles,3,2120.55
2023-01-08,Dunkerque,Électroménager,Micro-ondes,3,1359.48
2023-01-08,Roubaix,Bricolage,Boîte à outils,5,416.05
2023-01-08,Lille,Électroménager,Réfrigérateur,4,1549.48
2023-01-09,Dunkerque,Sport,Maillot bain,5,1753.85
2023-01-09,Dunkerque,Maison,Set casseroles,5,3534.25
2023-01-09,Amiens,Maison,Set casseroles,4,2827.4
2023-01-09,Lille,Maison,Couette 220x240,2,448.18
2023-01-09,Valenciennes,Bricolage,Peinture 5L,2,1218.0
2023-01-09,Dunkerque,Électroménager,Robot cuiseur,5,1249.85
2023-01-09,Valenciennes,Bricolage,Échelle alu,4,1418.68
2023-01-09,Amiens,Électroménager,Micro-ondes,8,3262.75
2023-01-09,Roubaix,Électroménager,Robot cuiseur,1,249.97
2023-01-09,Roubaix,Électroménager,Aspirateur,3,544.86
2023-01-09,Dunkerque,Maison,Rideau occultant,5,455.44
2023-01-09,Valenciennes,Sport,Haltères 10kg,3,294.9
2023-01-09,Roubaix,Bricolage,Tournevis set,4,2545.12
2023-01-09,Roubaix,Électroménager,Micro-ondes,7,3172.12
2023-01-10,Amiens,Maison,Lampe LED,4,536.88
2023-01-10,Dunkerque,Maison,Rideau occultant,2,192.3
2023-01-10,Lille,Bricolage,Boîte à outils,5,416.05
2023-01-10,En ligne,Maison,Lampe LED,4,536.88
2023-01-10,Amiens,Bricolage,Échelle alu,7,2234.42
2023-01-10,Roubaix,Électroménager,Bouilloire,1,726.04
2023-01-10,Dunkerque,Mode,Jean homme,1,272.27
2023-01-10,Lille,Électroménager,Aspirateur,8,1529.44
2023-01-10,Lille,Mode,T-shirt coton,6,3028.02
2023-01-10,Amiens,Électroménager,Bouilloire,7,4574.05
2023-01-10,Roubaix,Bricolage,Échelle alu,5,1773.35
2023-01-10,Dunkerque,Bricolage,Perceuse,5,528.3
2023-01-10,Lille,Mode,Pull laine,5,4422.45
2023-01-10,Roubaix,Sport,Tapis yoga,5,2962.62
2023-01-11,Roubaix,Maison,Étagère bois,1,279.59
2023-01-11,Dunkerque,Bricolage,Tournevis set,6,3626.8
2023-01-11,Lille,Sport,Maillot bain,6,2104.62
2023-01-11,Lille,Maison,Canapé 3 places,3,738.69
2023-01-11,Tourcoing,Électroménager,Micro-ondes,5,2265.8
2023-01-11,Amiens,Mode,Robe été,7,2075.64
2023-01-11,Lille,Mode,Baskets ville,1,460.51
2023-01-11,Lille,Électroménager,Bouilloire,4,2904.16
2023-01-11,Amiens,Sport,Maillot bain,4,1403.08
2023-01-11,Dunkerque,Mode,Veste hiver,2,1311.98
2023-01-11,Amiens,Maison,Étagère bois,5,1258.16
2023-01-11,En ligne,Maison,Lampe LED,1,134.22
2023-01-11,Tourcoing,Sport,Ballon foot,3,300.3
2023-01-11,Dunkerque,Mode,T-shirt coton,1,454.2
2023-01-11,Tourcoing,Sport,Chaussures running,1,569.53
2023-01-11,En ligne,Électroménager,Aspirateur,1,172.06
2023-01-11,En ligne,Bricolage,Tournevis set,6,3817.68
2023-01-11,En ligne,Mode,Veste hiver,3,1967.97
2023-01-11,Lille,Sport,Ballon foot,3,300.3
2023-01-12,Roubaix,Maison,Rideau occultant,5,506.05
2023-01-12,Lille,Mode,Baskets ville,8,3684.08
2023-01-12,En ligne,Électroménager,Robot cuiseur,5,1249.85
2023-01-12,Lille,Bricolage,Tournevis set,3,1813.4
2023-01-12,Lille,Sport,Chaussures running,1,455.62
2023-01-12,Roubaix,Mode,Baskets ville,5,2302.55
2023-01-12,Valenciennes,Mode,Jean homme,6,1633.62
2023-01-12,Lille,Mode,Jean homme,4,871.26
2023-01-12,Lille,Sport,Tapis yoga,3,1975.08
2023-01-12,Lille,Mode,Baskets ville,8,3684.08
2023-01-12,Amiens,Sport,Ballon foot,1,100.1
2023-01-12,Valenciennes,Maison,Rideau occultant,2,202.42
2023-01-12,Lille,Bricolage,Perceuse,4,338.11
2023-01-12,Roubaix,Sport,Raquette tennis,5,3530.95
2023-01-12,Lille,Mode,Jean homme,8,2178.16
2023-01-12,En ligne,Électroménager,Cafetière,7,2745.68
2023-01-12,Valenciennes,Maison,Rideau occultant,7,673.05
2023-01-12,Lille,Sport,Maillot bain,3,1052.31
2023-01-13,Amiens,Électroménager,Aspirateur,4,764.72
2023-01-13,Tourcoing,Maison,Set casseroles,2,1130.96
2023-01-13,Lille,Bricolage,Peinture 5L,3,1827.0
2023-01-13,Roubaix,Électroménager,Réfrigérateur,2,774.74
2023-01-13,Tourcoing,Sport,Chaussures running,1,569.53
2023-01-13,Amiens,Mode,Robe été,2,593.04
2023-01-13,Roubaix,Électroménager,Robot cuiseur,7,1749.79
2023-01-13,Dunkerque,Sport,Ballon foot,3,240.24
2023-01-13,Amiens,Maison,Rideau occultant,5,506.05
2023-01-13,Roubaix,Mode,Jean homme,2,490.09
2023-01-13,Dunkerque,Bricolage,Peinture 5L,2,1218.0
2023-01-13,En ligne,Électroménager,Réfrigérateur,5,1743.16
2023-01-13,Roubaix,Bricolage,Tournevis set,1,636.28
2023-01-13,Lille,Maison,Canapé 3 places,4,984.92
2023-01-13,Valenciennes,Bricolage,Tournevis set,2,1272.56
2023-01-13,Tourcoing,Électroménager,Bouilloire,3,1960.31
2023-01-13,Lille,Bricolage,Peinture 5L,4,2436.0
2023-01-13,Lille,Sport,Chaussures running,2,1139.06
2023-01-14,Dunkerque,Maison,Set casseroles,4,2827.4
2023-01-14,En ligne,Mode,Baskets ville,6,2763.06
2023-01-14,Lille,Bricolage,Boîte à outils,1,83.21
2023-01-14,Dunkerque,Maison,Étagère bois,1,279.59
2023-01-14,Tourcoing,Mode,T-shirt coton,6,3028.02
2023-01-14,Dunkerque,Électroménager,Cafetière,3,1176.72
2023-01-14,Dunkerque,Bricolage,Boîte à outils,6,499.26
2023-01-14,Lille,Électroménager,Réfrigérateur,3,1045.9
2023-01-14,Roubaix,Sport,Vélo VTT,8,4361.68
2023-01-14,En ligne,Maison,Lampe LED,2,268.44
2023-01-14,Tourcoing,Maison,Rideau occultant,6,607.26
2023-01-14,Dunkerque,Bricolage,Perceuse,4,422.64
2023-01-14,Roubaix,Maison,Rideau occultant,7,708.47
2023-01-14,Roubaix,Mode,Pull laine,7,6191.43
2023-01-14,Tourcoing,Mode,Veste hiver,5,3279.95
2023-01-15,Dunkerque,Mode,T-shirt coton,5,2397.18
2023-01-15,Lille,Sport,Haltères 10kg,7,653.69
2023-01-15,En ligne,Mode,Pull laine,5,4422.45
2023-01-15,Lille,Maison,Couette 220x240,8,1792.72
2023-01-15,En ligne,Sport,Maillot bain,1,350.77
2023-01-15,Roubaix,Sport,Chaussures running,1,569.53
2023-01-15,Dunkerque,Maison,Étagère bois,1,279.59
2023-01-15,Roubaix,Maison,Étagère bois,1,251.63
2023-01-15,Tourcoing,Bricolage,Tournevis set,4,2545.12
2023-01-15,En ligne,Sport,Maillot bain,1,350.77
2023-01-15,Dunkerque,Sport,Vélo VTT,8,4361.68
2023-01-15,En ligne,Bricolage,Peinture 5L,5,3045.0
2023-01-15,En ligne,Sport,Raquette tennis,6,4237.14
2023-01-15,Lille,Mode,Robe été,2,563.39
2023-01-15,En ligne,Sport,Haltères 10kg,1,98.3
2023-01-15,Tourcoing,Maison,Set casseroles,1,706.85
2023-01-15,En ligne,Sport,Chaussures running,5,2562.88
2023-01-16,Lille,Maison,Étagère bois,3,838.77
2023-01-16,En ligne,Bricolage,Boîte à outils,5,416.05
2023-01-16,Lille,Bricolage,Tournevis set,2,1272.56
2023-01-16,Lille,Sport,Haltères 10kg,2,186.77
2023-01-16,Amiens,Sport,Haltères 10kg,6,589.8
2023-01-16,Valenciennes,Sport,Maillot bain,1,350.77
2023-01-16,Amiens,Bricolage,Tournevis set,7,4453.96
2023-01-16,Tourcoing,Mode,Pull laine,3,2653.47
2023-01-16,Tourcoing,Sport,Chaussures running,2,1139.06
2023-01-16,Dunkerque,Sport,Chaussures running,3,1708.59
2023-01-16,Dunkerque,Maison,Rideau occultant,7,673.05
2023-01-16,Dunkerque,Maison,Couette 220x240,5,1120.45
2023-01-16,Tourcoing,Sport,Haltères 10kg,6,589.8
2023-01-16,Valenciennes,Sport,Haltères 10kg,3,294.9
2023-01-16,Valenciennes,Sport,Chaussures running,2,1139.06
2023-01-16,Lille,Bricolage,Perceuse,8,845.28
2023-01-16,Valenciennes,Bricolage,Boîte à outils,3,249.63
2023-01-16,Roubaix,Bricolage,Tournevis set,8,5090.24
2023-01-16,Roubaix,Mode,Pull laine,6,5306.94
2023-01-16,Dunkerque,Sport,Maillot bain,3,1052.31
2023-01-16,Lille,Sport,Ballon foot,1,100.1
2023-01-17,Dunkerque,Électroménager,Cafetière,4,1568.96
2023-01-17,Dunkerque,Sport,Haltères 10kg,6,560.31
2023-01-17,Amiens,Sport,Chaussures running,7,3986.71
2023-01-17,Valenciennes,Mode,T-shirt coton,1,504.67
2023-01-17,Lille,Électroménager,Réfrigérateur,2,774.74
2023-01-17,Amiens,Maison,Couette 220x240,7,1254.9
2023-01-17,Lille,Bricolage,Tournevis set,3,1908.84
2023-01-17,Valenciennes,Sport,Vélo VTT,3,1635.63
2023-01-17,En ligne,Bricolage,Échelle alu,5,1773.35
2023-01-17,En ligne,Électroménager,Cafetière,5,1961.2
2023-01-17,Lille,Bricolage,Peinture 5L,3,1827.0
2023-01-18,Lille,Mode,Pull laine,8,7075.92
2023-01-18,Dunkerque,Mode,Baskets ville,1,460.51
2023-01-18,Lille,Maison,Couette 220x240,5,1008.41
2023-01-18,En ligne,Maison,Rideau occultant,5,506.05
2023-01-18,Lille,Électroménager,Réfrigérateur,3,1104.0
2023-01-18,Lille,Sport,Chaussures running,6,3417.18
2023-01-18,Valenciennes,Maison,Set casseroles,3,2120.55
2023-01-18,Dunkerque,Maison,Couette 220x240,5,1120.45
2023-01-18,En ligne,Sport,Raquette tennis,8,5649.52
2023-01-18,Roubaix,Maison,Étagère bois,3,838.77
2023-01-18,Lille,Sport,Raquette tennis,2,1412.38
2023-01-18,Tourcoing,Sport,Tapis yoga,6,3950.16
2023-01-18,Roubaix,Électroménager,Micro-ondes,6,2718.96
2023-01-18,Dunkerque,Mode,Veste hiver,4,2623.96
2023-01-18,Amiens,Sport,Raquette tennis,3,2118.57
2023-01-18,Amiens,Bricolage,Peinture 5L,6,3471.3
2023-01-18,Tourcoing,Mode,Baskets ville,1,414.46
2023-01-18,En ligne,Sport,Chaussures running,1,569.53
2023-01-18,Lille,Sport,Raquette tennis,5,3530.95
2023-01-18,Roubaix,Électroménager,Cafetière,3,1176.72
2023-01-19,Roubaix,Sport,Raquette tennis,4,2683.52
2023-01-19,Roubaix,Sport,Haltères 10kg,5,491.5
2023-01-19,Dunkerque,Sport,Haltères 10kg,2,196.6
2023-01-19,Dunkerque,Bricolage,Échelle alu,5,1773.35
2023-01-19,Valenciennes,Bricolage,Peinture 5L,4,2436.0
2023-01-19,Roubaix,Mode,Veste hiver,3,1574.38
2023-01-19,Lille,Mode,Jean homme,6,1633.62
2023-01-19,Dunkerque,Sport,Haltères 10kg,3,294.9
2023-01-19,Roubaix,Bricolage,Peinture 5L,5,3045.0
2023-01-19,Roubaix,Mode,Veste hiver,3,1967.97
2023-01-19,En ligne,Maison,Lampe LED,6,805.32
2023-01-19,Lille,Maison,Set casseroles,3,2120.55
2023-01-19,Roubaix,Électroménager,Cafetière,3,1176.72
2023-01-19,En ligne,Maison,Rideau occultant,6,607.26
2023-01-19,Amiens,Mode,Jean homme,8,2178.16
2023-01-19,Lille,Maison,Étagère bois,6,1677.54
2023-01-19,Amiens,Bricolage,Peinture 5L,1,578.55
2023-01-19,Lille,Sport,Ballon foot,1,100.1
2023-01-19,En ligne,Mode,Baskets ville,3,1381.53
2023-01-19,Valenciennes,Sport,Maillot bain,2,701.54
2023-01-19,Roubaix,Bricolage,Échelle alu,2,638.41
2023-01-20,Amiens,Maison,Canapé 3 places,5,1231.15
2023-01-20,Roubaix,Électroménager,Aspirateur,2,382.36
2023-01-20,Dunkerque,Électroménager,Robot cuiseur,5,1249.85
2023-01-20,Amiens,Mode,Pull laine,5,4422.45
2023-01-20,Roubaix,Bricolage,Perceuse,1,105.66
2023-01-20,Dunkerque,Électroménager,Aspirateur,4,611.78
2023-01-20,Tourcoing,Maison,Lampe LED,1,134.22
2023-01-20,En ligne,Maison,Étagère bois,4,1118.36
2023-01-20,Tourcoing,Mode,Baskets ville,4,1842.04
2023-01-20,Amiens,Mode,Robe été,1,296.52
2023-01-20,Amiens,Sport,Tapis yoga,3,1975.08
2023-01-20,Roubaix,Sport,Tapis yoga,7,4608.52
2023-01-20,Dunkerque,Bricolage,Peinture 5L,4,2436.0
2023-01-20,Roubaix,Sport,Ballon foot,2,190.19
2023-01-20,Tourcoing,Mode,Veste hiver,6,3935.94
2023-01-20,Amiens,Mode,Pull laine,2,1768.98
2023-01-20,Roubaix,Maison,Lampe LED,7,939.54
2023-01-20,Dunkerque,Sport,Chaussures running,4,2164.21
2023-01-20,Roubaix,Sport,Vélo VTT,3,1635.63
2023-01-20,Roubaix,Sport,Vélo VTT,1,436.17
2023-01-20,Lille,Sport,Ballon foot,5,500.5
2023-01-21,Lille,Maison,Étagère bois,6,1677.54
2023-01-21,Dunkerque,Maison,Set casseroles,4,2827.4
2023-01-21,Lille,Bricolage,Échelle alu,2,709.34
2023-01-21,Dunkerque,Sport,Haltères 10kg,5,491.5
2023-01-21,Lille,Bricolage,Boîte à outils,6,499.26
2023-01-21,En ligne,Mode,Baskets ville,3,1381.53
2023-01-21,En ligne,Bricolage,Peinture 5L,2,1157.1
2023-01-21,Dunkerque,Sport,Chaussures running,3,1708.59
2023-01-21,Lille,Sport,Vélo VTT,6,3271.26
2023-01-21,Dunkerque,Électroménager,Réfrigérateur,3,1162.11
2023-01-21,En ligne,Électroménager,Aspirateur,7,1338.26
2023-01-21,Amiens,Maison,Canapé 3 places,8,1969.84
2023-01-21,Amiens,Bricolage,Peinture 5L,5,3045.0
2023-01-21,Lille,Bricolage,Perceuse,3,316.98
2023-01-22,Amiens,Sport,Maillot bain,7,2455.39
2023-01-22,Amiens,Sport,Maillot bain,5,1753.85
2023-01-22,Tourcoing,Électroménager,Micro-ondes,7,3172.12
2023-01-22,Dunkerque,Mode,Veste hiver,4,2623.96
2023-01-22,Lille,Maison,Lampe LED,4,510.04
2023-01-22,Tourcoing,Maison,Rideau occultant,3,273.27
2023-01-22,Tourcoing,Maison,Rideau occultant,3,303.63
2023-01-22,Tourcoing,Maison,Canapé 3 places,5,1169.59
2023-01-22,Lille,Mode,Pull laine,6,4245.55
2023-01-22,Dunkerque,Bricolage,Boîte à outils,5,395.25
2023-01-22,Roubaix,Sport,Vélo VTT,2,1090.42
2023-01-22,Lille,Maison,Canapé 3 places,4,984.92
2023-01-22,Lille,Maison,Étagère bois,3,838.77
2023-01-22,Lille,Bricolage,Boîte à outils,6,499.26
2023-01-22,Roubaix,Bricolage,Échelle alu,7,2482.69
2023-01-22,Amiens,Bricolage,Perceuse,1,105.66
2023-01-23,Valenciennes,Mode,Veste hiver,3,1967.97
2023-01-23,Lille,Mode,Veste hiver,4,2623.96
2023-01-23,En ligne,Sport,Haltères 10kg,5,491.5
2023-01-23,Roubaix,Électroménager,Robot cuiseur,3,749.91
2023-01-23,Lille,Électroménager,Micro-ondes,4,1812.64
2023-01-23,Lille,Électroménager,Robot cuiseur,1,249.97
2023-01-23,Roubaix,Bricolage,Tournevis set,4,2545.12
2023-01-23,Roubaix,Maison,Canapé 3 places,3,590.95
2023-01-23,Dunkerque,Mode,Robe été,5,1482.6
2023-01-23,Dunkerque,Bricolage,Boîte à outils,1,83.21
2023-01-23,Roubaix,Bricolage,Boîte à outils,4,316.2
2023-01-23,Valenciennes,Maison,Rideau occultant,2,202.42
2023-01-23,Amiens,Sport,Tapis yoga,7,4608.52
2023-01-23,Roubaix,Sport,Vélo VTT,5,2726.05
2023-01-23,Lille,Sport,Tapis yoga,4,2633.44
2023-01-23,En ligne,Bricolage,Échelle alu,2,673.87
2023-01-23,Roubaix,Maison,Rideau occultant,3,303.63
2023-01-23,En ligne,Sport,Vélo VTT,3,1635.63
2023-01-23,Dunkerque,Maison,Étagère bois,1,279.59
2023-01-23,Roubaix,Mode,Veste hiver,4,2361.56
2023-01-23,Lille,Mode,Baskets ville,3,1381.53
2023-01-23,Tourcoing,Bricolage,Tournevis set,1,636.28
2023-01-24,En ligne,Mode,T-shirt coton,4,2018.68
2023-01-24,En ligne,Électroménager,Réfrigérateur,2,736.0
2023-01-24,Lille,Mode,T-shirt coton,2,1009.34
2023-01-24,Valenciennes,Sport,Raquette tennis,3,2118.57
2023-01-24,Tourcoing,Sport,Vélo VTT,1,490.69
2023-01-24,Valenciennes,Électroménager,Robot cuiseur,8,1999.76
2023-01-24,Amiens,Électroménager,Micro-ondes,5,2265.8
2023-01-24,Dunkerque,Électroménager,Bouilloire,6,4356.24
2023-01-24,En ligne,Électroménager,Robot cuiseur,1,199.98
2023-01-24,Tourcoing,Électroménager,Robot cuiseur,2,499.94
2023-01-24,En ligne,Électroménager,Aspirateur,8,1529.44
2023-01-24,Lille,Électroménager,Robot cuiseur,5,1249.85
2023-01-25,Lille,Mode,T-shirt coton,9,4542.03
2023-01-25,Amiens,Maison,Set casseroles,7,4700.55
2023-01-25,Roubaix,Bricolage,Perceuse,2,211.32
2023-01-25,Tourcoing,Électroménager,Bouilloire,5,3630.2
2023-01-25,Valenciennes,Sport,Ballon foot,1,100.1
2023-01-25,Roubaix,Maison,Canapé 3 places,6,1403.51
2023-01-25,Amiens,Bricolage,Boîte à outils,3,224.67
2023-01-25,Lille,Bricolage,Tournevis set,1,636.28
2023-01-25,Tourcoing,Sport,Vélo VTT,6,3107.7
2023-01-25,Dunkerque,Bricolage,Boîte à outils,3,249.63
2023-01-25,Dunkerque,Mode,Veste hiver,4,2623.96
2023-01-25,Dunkerque,Mode,T-shirt coton,2,1009.34
2023-01-25,Valenciennes,Électroménager,Aspirateur,2,382.36
2023-01-25,Dunkerque,Maison,Couette 220x240,8,1703.08
2023-01-26,Amiens,Électroménager,Micro-ondes,3,1359.48
2023-01-26,Valenciennes,Mode,Robe été,4,1126.78
2023-01-26,Dunkerque,Maison,Canapé 3 places,4,984.92
2023-01-26,Lille,Bricolage,Boîte à outils,4,332.84
2023-01-26,Tourcoing,Sport,Vélo VTT,7,3816.47
2023-01-26,Lille,Bricolage,Tournevis set,7,4453.96
2023-01-26,En ligne,Électroménager,Cafetière,1,372.63
2023-01-26,Dunkerque,Mode,Pull laine,3,2653.47
2023-01-26,Dunkerque,Maison,Lampe LED,1,134.22
2023-01-26,Dunkerque,Maison,Canapé 3 places,5,1231.15
2023-01-26,En ligne,Sport,Chaussures running,5,2278.12
2023-01-26,Roubaix,Bricolage,Tournevis set,5,3181.4
2023-01-26,Lille,Électroménager,Aspirateur,2,344.12
2023-01-26,Dunkerque,Bricolage,Perceuse,7,702.64
2023-01-26,Lille,Mode,Jean homme,2,544.54
2023-01-26,Lille,Bricolage,Boîte à outils,7,524.22
2023-01-26,Amiens,Électroménager,Bouilloire,4,2904.16
2023-01-26,Tourcoing,Maison,Canapé 3 places,5,1231.15
2023-01-27,En ligne,Sport,Vélo VTT,4,2180.84
2023-01-27,Lille,Bricolage,Perceuse,4,380.38
2023-01-27,Lille,Bricolage,Boîte à outils,3,249.63
2023-01-27,En ligne,Sport,Maillot bain,4,1403.08
2023-01-27,Roubaix,Sport,Chaussures running,2,1139.06
2023-01-27,Tourcoing,Électroménager,Bouilloire,5,3630.2
2023-01-27,Roubaix,Sport,Vélo VTT,2,981.38
2023-01-27,Roubaix,Maison,Couette 220x240,1,224.09
2023-01-27,Lille,Sport,Chaussures running,6,3417.18
2023-01-27,Tourcoing,Mode,Pull laine,4,3537.96
2023-01-27,Amiens,Sport,Ballon foot,2,200.2
2023-01-27,Dunkerque,Maison,Set casseroles,5,3534.25
2023-01-27,En ligne,Sport,Vélo VTT,3,1308.5
2023-01-27,Tourcoing,Maison,Étagère bois,1,279.59
2023-01-27,En ligne,Mode,Veste hiver,5,3279.95
2023-01-27,Lille,Maison,Étagère bois,1,279.59
2023-01-27,Tourcoing,Sport,Ballon foot,4,380.38
2023-01-27,Lille,Électroménager,Réfrigérateur,8,3098.96
2023-01-27,Lille,Mode,T-shirt coton,2,1009.34
2023-01-27,Roubaix,Électroménager,Aspirateur,5,955.9
2023-01-27,Dunkerque,Maison,Canapé 3 places,1,246.23
2023-01-27,Tourcoing,Électroménager,Aspirateur,5,955.9
2023-01-27,Tourcoing,Mode,Baskets ville,7,2901.21
2023-01-28,Valenciennes,Sport,Chaussures running,1,569.53
2023-01-28,Tourcoing,Sport,Tapis yoga,4,2633.44
2023-01-28,Dunkerque,Mode,Pull laine,6,5306.94
2023-01-28,Lille,Mode,Pull laine,3,2653.47
2023-01-28,Roubaix,Maison,Couette 220x240,2,448.18
2023-01-28,Lille,Maison,Lampe LED,6,805.32
2023-01-28,Tourcoing,Sport,Maillot bain,7,2455.39
2023-01-28,Valenciennes,Sport,Haltères 10kg,1,98.3
2023-01-28,Amiens,Sport,Vélo VTT,5,2726.05
2023-01-28,Tourcoing,Bricolage,Échelle alu,6,2128.02
2023-01-28,Dunkerque,Sport,Vélo VTT,1,545.21
2023-01-28,Roubaix,Électroménager,Réfrigérateur,5,1840.01
2023-01-28,Amiens,Sport,Raquette tennis,2,1412.38
2023-01-28,En ligne,Électroménager,Aspirateur,8,1376.5
2023-01-28,Lille,Mode,T-shirt coton,4,2018.68
2023-01-28,En ligne,Bricolage,Échelle alu,1,354.67
2023-01-28,Lille,Électroménager,Réfrigérateur,3,1162.11
2023-01-28,En ligne,Maison,Set casseroles,1,706.85
2023-01-29,En ligne,Sport,Ballon foot,2,200.2
2023-01-29,Lille,Maison,Couette 220x240,3,605.04
2023-01-29,Tourcoing,Bricolage,Échelle alu,1,354.67
2023-01-29,Roubaix,Mode,Veste hiver,1,655.99
2023-01-29,Amiens,Bricolage,Échelle alu,1,354.67
2023-01-29,Tourcoing,Mode,T-shirt coton,1,454.2
2023-01-29,Lille,Mode,Veste hiver,2,1311.98
2023-01-29,Roubaix,Bricolage,Boîte à outils,6,499.26
2023-01-29,Roubaix,Maison,Canapé 3 places,4,984.92
2023-01-29,Valenciennes,Mode,Baskets ville,2,921.02
2023-01-29,Lille,Maison,Rideau occultant,5,480.75
2023-01-29,Dunkerque,Maison,Couette 220x240,7,1568.63
2023-01-29,En ligne,Sport,Tapis yoga,2,1316.72
2023-01-29,En ligne,Électroménager,Robot cuiseur,1,224.97
2023-01-29,Dunkerque,Bricolage,Perceuse,5,501.88
2023-01-29,Roubaix,Bricolage,Échelle alu,2,673.87
2023-01-29,Dunkerque,Électroménager,Robot cuiseur,3,749.91
2023-01-29,En ligne,Bricolage,Échelle alu,4,1347.75
2023-01-29,Tourcoing,Électroménager,Aspirateur,4,764.72
2023-01-29,Roubaix,Électroménager,Réfrigérateur,6,2324.22
2023-01-30,Lille,Bricolage,Perceuse,4,422.64
2023-01-30,Roubaix,Maison,Lampe LED,1,134.22
2023-01-30,Tourcoing,Sport,Raquette tennis,8,5649.52
2023-01-30,Roubaix,Mode,Robe été,6,1779.12
2023-01-30,Dunkerque,Bricolage,Tournevis set,3,1908.84
2023-01-30,En ligne,Mode,T-shirt coton,6,3028.02
2023-01-30,Tourcoing,Électroménager,Aspirateur,4,764.72
2023-01-30,En ligne,Sport,Raquette tennis,4,2824.76
2023-01-30,Lille,Bricolage,Boîte à outils,4,332.84
2023-01-30,Lille,Bricolage,Échelle alu,1,283.74
2023-01-30,Roubaix,Bricolage,Peinture 5L,1,548.1
2023-01-30,Lille,Maison,Rideau occultant,3,273.27
2023-01-30,Amiens,Mode,Veste hiver,5,3279.95
2023-01-30,Tourcoing,Électroménager,Micro-ondes,5,2265.8
2023-01-30,Lille,Maison,Rideau occultant,8,809.68
2023-01-30,En ligne,Sport,Haltères 10kg,6,560.31
2023-01-30,Lille,Maison,Set casseroles,3,2120.55
2023-01-30,En ligne,Maison,Couette 220x240,5,1120.45
2023-01-30,Dunkerque,Bricolage,Boîte à outils,4,332.84
2023-01-30,Lille,Maison,Lampe LED,5,671.1
2023-01-30,Tourcoing,Mode,Pull laine,8,6722.12
2023-01-31,Lille,Bricolage,Tournevis set,7,4453.96
2023-01-31,Lille,Mode,Pull laine,3,2520.8
2023-01-31,Dunkerque,Mode,Veste hiver,2,1311.98
2023-01-31,Amiens,Bricolage,Tournevis set,5,3181.4
2023-01-31,Valenciennes,Mode,Veste hiver,4,2623.96
2023-01-31,Tourcoing,Électroménager,Aspirateur,2,382.36
2023-01-31,Lille,Mode,Veste hiver,3,1771.17
2023-01-31,Lille,Bricolage,Tournevis set,3,1908.84
2023-01-31,Roubaix,Sport,Haltères 10kg,3,294.9
2023-01-31,Amiens,Bricolage,Tournevis set,5,3022.33
2023-01-31,Lille,Sport,Maillot bain,2,701.54
2023-01-31,Tourcoing,Maison,Set casseroles,7,4947.95
2023-01-31,Lille,Bricolage,Perceuse,3,316.98
2023-02-01,Roubaix,Maison,Canapé 3 places,2,492.46
2023-02-01,Lille,Mode,Baskets ville,4,1842.04
2023-02-01,En ligne,Électroménager,Réfrigérateur,1,387.37
2023-02-01,Valenciennes,Maison,Étagère bois,5,1397.95
2023-02-01,Roubaix,Maison,Étagère bois,2,559.18
2023-02-01,Lille,Mode,Jean homme,1,258.66
2023-02-01,Dunkerque,Mode,Jean homme,2,544.54
2023-02-01,Roubaix,Mode,Baskets ville,1,460.51
2023-02-01,Lille,Sport,Haltères 10kg,1,98.3
2023-02-01,Valenciennes,Bricolage,Tournevis set,1,509.02
2023-02-01,Dunkerque,Sport,Tapis yoga,4,2633.44
2023-02-01,Tourcoing,Sport,Raquette tennis,3,2012.64
2023-02-01,En ligne,Mode,Baskets ville,2,921.02
2023-02-01,Amiens,Électroménager,Cafetière,1,392.24
2023-02-01,En ligne,Mode,Robe été,3,889.56
2023-02-01,Dunkerque,Sport,Tapis yoga,3,1975.08
2023-02-01,Amiens,Mode,Robe été,2,563.39
2023-02-01,Roubaix,Électroménager,Micro-ondes,5,2265.8
2023-02-02,Tourcoing,Mode,Veste hiver,2,1311.98
2023-02-02,Lille,Sport,Chaussures running,3,1623.16
2023-02-02,Roubaix,Électroménager,Robot cuiseur,2,499.94
2023-02-02,En ligne,Mode,Jean homme,2,517.31
2023-02-02,Dunkerque,Électroménager,Réfrigérateur,1,348.63
2023-02-02,Dunkerque,Bricolage,Tournevis set,1,636.28
2023-02-02,En ligne,Électroménager,Réfrigérateur,2,774.74
2023-02-02,Amiens,Maison,Lampe LED,2,214.75
2023-02-02,Dunkerque,Mode,Pull laine,4,3537.96
2023-02-02,Lille,Électroménager,Aspirateur,2,382.36
2023-02-02,Roubaix,Bricolage,Boîte à outils,5,395.25
2023-02-02,Lille,Sport,Vélo VTT,4,2180.84
2023-02-02,En ligne,Électroménager,Bouilloire,2,1379.48
2023-02-02,Dunkerque,Bricolage,Échelle alu,3,1064.01
2023-02-02,Valenciennes,Électroménager,Aspirateur,3,573.54
2023-02-02,Lille,Maison,Étagère bois,4,1118.36
2023-02-02,Valenciennes,Électroménager,Bouilloire,2,1452.08
2023-02-02,Roubaix,Mode,Pull laine,1,884.49
2023-02-02,Tourcoing,Bricolage,Échelle alu,3,1064.01
2023-02-03,Tourcoing,Mode,Robe été,1,281.69
2023-02-03,Dunkerque,Bricolage,Peinture 5L,2,1218.0
2023-02-03,Tourcoing,Maison,Rideau occultant,4,364.36
2023-02-03,Dunkerque,Électroménager,Réfrigérateur,3,1162.11
2023-02-03,Amiens,Sport,Ballon foot,2,200.2
2023-02-03,Amiens,Sport,Maillot bain,3,1052.31
2023-02-03,En ligne,Bricolage,Boîte à outils,3,199.7
2023-02-03,Roubaix,Électroménager,Bouilloire,3,2069.21
2023-02-03,Roubaix,Sport,Haltères 10kg,1,98.3
2023-02-03,Dunkerque,Maison,Étagère bois,3,838.77
2023-02-03,Lille,Maison,Rideau occultant,2,202.42
2023-02-03,En ligne,Électroménager,Cafetière,1,392.24
2023-02-03,Dunkerque,Sport,Chaussures running,4,2278.12
2023-02-03,Dunkerque,Maison,Étagère bois,2,559.18
2023-02-03,Amiens,Électroménager,Cafetière,3,1176.72
2023-02-03,Tourcoing,Bricolage,Perceuse,3,316.98
2023-02-03,Amiens,Bricolage,Boîte à outils,4,266.27
2023-02-03,Lille,Sport,Haltères 10kg,3,294.9
2023-02-04,Valenciennes,Maison,Canapé 3 places,3,738.69
2023-02-04,Tourcoing,Bricolage,Échelle alu,4,1418.68
2023-02-04,Amiens,Sport,Raquette tennis,1,670.88
2023-02-04,Amiens,Électroménager,Micro-ondes,1,362.53
2023-02-04,En ligne,Sport,Maillot bain,4,1403.08
2023-02-04,Dunkerque,Maison,Couette 220x240,1,224.09
2023-02-04,Tourcoing,Maison,Set casseroles,1,706.85
2023-02-04,Roubaix,Maison,Lampe LED,2,268.44
2023-02-04,Roubaix,Sport,Maillot bain,4,1332.93
2023-02-04,Amiens,Maison,Set casseroles,2,1413.7
2023-02-04,Lille,Sport,Chaussures running,4,2278.12
2023-02-04,Amiens,Sport,Chaussures running,3,1708.59
2023-02-04,Tourcoing,Sport,Ballon foot,1,100.1
2023-02-04,Valenciennes,Mode,Robe été,3,889.56
2023-02-04,Amiens,Maison,Étagère bois,1,279.59
2023-02-04,Amiens,Bricolage,Perceuse,1,105.66
2023-02-04,Lille,Mode,Baskets ville,3,1381.53
2023-02-05,Roubaix,Bricolage,Peinture 5L,1,548.1
2023-02-05,Tourcoing,Sport,Vélo VTT,1,545.21
2023-02-05,Valenciennes,Maison,Canapé 3 places,1,246.23
2023-02-05,Lille,Électroménager,Bouilloire,2,1452.08
2023-02-05,Valenciennes,Maison,Set casseroles,2,1413.7
2023-02-05,Tourcoing,Bricolage,Tournevis set,3,1908.84
2023-02-05,Lille,Électroménager,Cafetière,1,353.02
2023-02-05,Dunkerque,Bricolage,Peinture 5L,2,1218.0
2023-02-05,Amiens,Mode,Baskets ville,3,1381.53
2023-02-05,Roubaix,Électroménager,Aspirateur,1,191.18
2023-02-05,Lille,Bricolage,Peinture 5L,1,609.0
2023-02-05,Valenciennes,Maison,Rideau occultant,3,303.63
2023-02-05,Roubaix,Mode,Baskets ville,4,1842.04
2023-02-05,Lille,Bricolage,Échelle alu,2,709.34
2023-02-05,Lille,Maison,Couette 220x240,1,224.09
2023-02-06,Lille,Sport,Maillot bain,3,841.85
2023-02-06,Roubaix,Électroménager,Aspirateur,1,191.18
2023-02-06,Tourcoing,Mode,Jean homme,1,245.04
2023-02-06,Lille,Sport,Haltères 10kg,3,294.9
2023-02-06,Roubaix,Sport,Maillot bain,3,1052.31
2023-02-06,Roubaix,Sport,Maillot bain,1,350.77
2023-02-06,Amiens,Sport,Haltères 10kg,3,294.9
2023-02-06,Amiens,Électroménager,Robot cuiseur,1,224.97
2023-02-06,Lille,Sport,Vélo VTT,2,1090.42
2023-02-06,Lille,Mode,Pull laine,3,2653.47
2023-02-06,Lille,Maison,Lampe LED,3,402.66
2023-02-06,Amiens,Électroménager,Réfrigérateur,2,736.0
2023-02-06,Amiens,Maison,Rideau occultant,1,101.21
2023-02-06,Tourcoing,Maison,Lampe LED,1,134.22
2023-02-06,Amiens,Sport,Chaussures running,4,2278.12
2023-02-07,Tourcoing,Bricolage,Perceuse,1,105.66
2023-02-07,Dunkerque,Maison,Rideau occultant,2,202.42
2023-02-07,En ligne,Électroménager,Robot cuiseur,1,249.97
2023-02-07,Dunkerque,Électroménager,Micro-ondes,1,430.5
2023-02-07,Amiens,Sport,Maillot bain,3,1052.31
2023-02-07,Lille,Bricolage,Perceuse,3,301.13
2023-02-07,Amiens,Bricolage,Peinture 5L,3,1827.0
2023-02-07,En ligne,Bricolage,Tournevis set,2,1272.56
2023-02-07,Tourcoing,Maison,Couette 220x240,1,224.09
2023-02-07,Tourcoing,Maison,Couette 220x240,4,896.36
2023-02-07,En ligne,Maison,Canapé 3 places,3,664.82
2023-02-07,Tourcoing,Sport,Chaussures running,3,1708.59
2023-02-07,Lille,Bricolage,Tournevis set,1,509.02
2023-02-07,Amiens,Mode,Baskets ville,2,921.02
2023-02-07,Amiens,Électroménager,Bouilloire,3,2178.12
2023-02-08,Lille,Maison,Set casseroles,1,671.51
2023-02-08,En ligne,Mode,Baskets ville,2,921.02
2023-02-08,Roubaix,Bricolage,Tournevis set,2,1272.56
2023-02-08,Lille,Bricolage,Perceuse,3,301.13
2023-02-08,Valenciennes,Sport,Vélo VTT,3,1635.63
2023-02-08,Tourcoing,Bricolage,Peinture 5L,1,609.0
2023-02-08,Lille,Maison,Lampe LED,1,134.22
2023-02-08,Roubaix,Maison,Set casseroles,2,1413.7
2023-02-08,Amiens,Sport,Maillot bain,2,701.54
2023-02-08,Lille,Maison,Étagère bois,2,559.18
2023-02-08,Dunkerque,Bricolage,Échelle alu,5,1773.35
2023-02-08,Lille,Bricolage,Tournevis set,1,636.28
2023-02-08,Valenciennes,Sport,Ballon foot,1,100.1
2023-02-08,Valenciennes,Mode,Robe été,3,889.56
2023-02-08,Roubaix,Sport,Ballon foot,3,300.3
2023-02-08,Lille,Mode,T-shirt coton,2,1009.34
2023-02-09,Roubaix,Maison,Canapé 3 places,2,492.46
2023-02-09,Dunkerque,Mode,Robe été,4,1186.08
2023-02-09,Tourcoing,Mode,Baskets ville,3,1381.53
2023-02-09,Roubaix,Sport,Vélo VTT,3,1635.63
2023-02-09,Lille,Sport,Raquette tennis,4,2824.76
2023-02-09,Amiens,Électroménager,Robot cuiseur,1,249.97
2023-02-09,Dunkerque,Sport,Raquette tennis,3,2118.57
2023-02-09,Lille,Sport,Chaussures running,1,455.62
2023-02-09,En ligne,Électroménager,Réfrigérateur,2,774.74
2023-02-09,Dunkerque,Maison,Canapé 3 places,4,984.92
2023-02-09,Dunkerque,Bricolage,Boîte à outils,1,83.21
2023-02-09,Amiens,Électroménager,Aspirateur,2,382.36
2023-02-09,En ligne,Maison,Canapé 3 places,2,492.46
2023-02-09,Lille,Électroménager,Micro-ondes,3,1359.48
2023-02-09,Roubaix,Maison,Set casseroles,3,2120.55
2023-02-09,Amiens,Sport,Maillot bain,1,350.77
2023-02-09,Tourcoing,Mode,Robe été,1,296.52
2023-02-09,Amiens,Sport,Raquette tennis,2,1341.76
2023-02-09,Dunkerque,Sport,Raquette tennis,4,2824.76
2023-02-09,Dunkerque,Bricolage,Échelle alu,2,709.34
2023-02-10,Lille,Bricolage,Échelle alu,1,319.2
2023-02-10,Lille,Mode,Pull laine,2,1768.98
2023-02-10,Amiens,Bricolage,Tournevis set,2,1272.56
2023-02-10,Valenciennes,Mode,Pull laine,3,2653.47
2023-02-10,Dunkerque,Électroménager,Robot cuiseur,2,499.94
2023-02-10,En ligne,Sport,Tapis yoga,2,1316.72
2023-02-10,Lille,Maison,Rideau occultant,2,202.42
2023-02-10,Dunkerque,Mode,Jean homme,2,517.31
2023-02-10,Tourcoing,Électroménager,Aspirateur,1,152.94
2023-02-10,Roubaix,Mode,Jean homme,1,272.27
2023-02-10,Amiens,Sport,Ballon foot,1,90.09
2023-02-10,Tourcoing,Bricolage,Perceuse,2,211.32
2023-02-10,Amiens,Maison,Couette 220x240,2,448.18
2023-02-10,Roubaix,Mode,T-shirt coton,3,1514.01
2023-02-11,Amiens,Sport,Tapis yoga,3,1975.08
2023-02-11,Tourcoing,Maison,Rideau occultant,3,303.63
2023-02-11,Dunkerque,Électroménager,Cafetière,3,1117.88
2023-02-11,Lille,Sport,Haltères 10kg,1,98.3
2023-02-11,Tourcoing,Sport,Haltères 10kg,2,196.6
2023-02-11,Valenciennes,Mode,Pull laine,2,1680.53
2023-02-11,Tourcoing,Mode,T-shirt coton,2,1009.34
2023-02-11,Dunkerque,Mode,Pull laine,2,1768.98
2023-02-11,En ligne,Sport,Raquette tennis,1,706.19
2023-02-11,Tourcoing,Maison,Set casseroles,2,1413.7
2023-02-11,En ligne,Bricolage,Peinture 5L,4,2436.0
2023-02-11,Tourcoing,Électroménager,Bouilloire,1,580.83
2023-02-12,Roubaix,Sport,Tapis yoga,3,1975.08
2023-02-12,En ligne,Maison,Rideau occultant,3,303.63
2023-02-12,En ligne,Mode,Jean homme,4,1089.08
2023-02-12,Lille,Sport,Tapis yoga,4,2633.44
2023-02-12,Roubaix,Bricolage,Peinture 5L,1,609.0
2023-02-12,En ligne,Bricolage,Perceuse,1,105.66
2023-02-12,Amiens,Sport,Chaussures running,4,2278.12
2023-02-12,Lille,Sport,Vélo VTT,1,545.21
2023-02-12,Roubaix,Maison,Canapé 3 places,5,1231.15
2023-02-12,En ligne,Électroménager,Bouilloire,3,2178.12
2023-02-12,Dunkerque,Électroménager,Aspirateur,2,382.36
2023-02-12,En ligne,Maison,Canapé 3 places,1,246.23
2023-02-12,Dunkerque,Électroménager,Réfrigérateur,3,1045.9
2023-02-12,Lille,Électroménager,Bouilloire,2,1452.08
2023-02-12,En ligne,Sport,Raquette tennis,2,1341.76
2023-02-12,Amiens,Maison,Étagère bois,3,838.77
2023-02-12,Dunkerque,Sport,Vélo VTT,2,1035.9
2023-02-13,En ligne,Maison,Canapé 3 places,4,935.67
2023-02-13,Roubaix,Électroménager,Aspirateur,1,191.18
2023-02-13,Lille,Sport,Chaussures running,2,1139.06
2023-02-13,Valenciennes,Bricolage,Échelle alu,1,354.67
2023-02-13,Tourcoing,Mode,Veste hiver,2,1311.98
2023-02-13,Lille,Électroménager,Bouilloire,2,1452.08
2023-02-13,Amiens,Maison,Canapé 3 places,4,787.94
2023-02-13,Valenciennes,Mode,Jean homme,4,1034.63
2023-02-13,En ligne,Électroménager,Micro-ondes,3,1359.48
2023-02-13,Tourcoing,Maison,Set casseroles,3,1908.5
2023-02-13,Roubaix,Mode,Veste hiver,1,655.99
2023-02-13,En ligne,Mode,Robe été,2,593.04
2023-02-13,En ligne,Maison,Rideau occultant,2,202.42
2023-02-13,En ligne,Sport,Maillot bain,3,1052.31
2023-02-13,Valenciennes,Électroménager,Bouilloire,4,2613.74
2023-02-13,Lille,Maison,Étagère bois,3,838.77
2023-02-14,Dunkerque,Maison,Couette 220x240,2,448.18
2023-02-14,Roubaix,Bricolage,Échelle alu,1,354.67
2023-02-14,En ligne,Mode,Robe été,3,889.56
2023-02-14,Tourcoing,Sport,Ballon foot,1,80.08
2023-02-14,Tourcoing,Maison,Set casseroles,1,706.85
2023-02-14,Lille,Maison,Canapé 3 places,2,492.46
2023-02-14,Roubaix,Sport,Maillot bain,2,701.54
2023-02-14,Tourcoing,Sport,Chaussures running,4,2278.12
2023-02-14,Roubaix,Sport,Raquette tennis,1,706.19
2023-02-14,Roubaix,Sport,Tapis yoga,1,658.36
2023-02-14,Amiens,Mode,Veste hiver,3,1967.97
2023-02-14,Amiens,Électroménager,Micro-ondes,2,906.32
2023-02-14,Roubaix,Sport,Chaussures running,3,1708.59
2023-02-14,Dunkerque,Sport,Maillot bain,3,1052.31
2023-02-14,Dunkerque,Bricolage,Échelle alu,2,673.87
2023-02-15,Valenciennes,Sport,Vélo VTT,2,1090.42
2023-02-15,Roubaix,Sport,Vélo VTT,3,1308.5
2023-02-15,Valenciennes,Sport,Tapis yoga,1,658.36
2023-02-15,Lille,Mode,Baskets ville,1,460.51
2023-02-15,En ligne,Sport,Chaussures running,1,569.53
2023-02-15,Tourcoing,Mode,T-shirt coton,3,1362.61
2023-02-15,Dunkerque,Électroménager,Réfrigérateur,3,1045.9
2023-02-15,Amiens,Maison,Couette 220x240,1,201.68
2023-02-15,En ligne,Maison,Couette 220x240,3,605.04
2023-02-15,Dunkerque,Bricolage,Échelle alu,1,354.67
2023-02-15,Roubaix,Électroménager,Robot cuiseur,2,499.94
2023-02-15,En ligne,Maison,Couette 220x240,2,403.36
2023-02-15,Dunkerque,Sport,Haltères 10kg,1,98.3
2023-02-15,En ligne,Sport,Maillot bain,2,701.54
2023-02-15,Dunkerque,Bricolage,Boîte à outils,1,83.21
2023-02-15,Lille,Électroménager,Micro-ondes,2,906.32
2023-02-15,En ligne,Sport,Chaussures running,4,2278.12
2023-02-15,Tourcoing,Bricolage,Perceuse,1,100.38
2023-02-16,Lille,Maison,Étagère bois,1,251.63
2023-02-16,Tourcoing,Mode,T-shirt coton,5,2397.18
2023-02-16,Amiens,Sport,Chaussures running,2,1082.11
2023-02-16,Lille,Sport,Vélo VTT,2,1090.42
2023-02-16,Roubaix,Sport,Maillot bain,3,999.69
2023-02-16,Tourcoing,Bricolage,Peinture 5L,4,2436.0
2023-02-16,En ligne,Mode,Robe été,1,237.22
2023-02-16,Dunkerque,Électroménager,Aspirateur,3,573.54
2023-02-16,Amiens,Bricolage,Perceuse,3,301.13
2023-02-16,Dunkerque,Maison,Canapé 3 places,2,492.46
2023-02-16,Roubaix,Électroménager,Cafetière,4,1568.96
2023-02-16,Dunkerque,Maison,Rideau occultant,3,273.27
2023-02-16,Dunkerque,Mode,Pull laine,3,2653.47
2023-02-16,Tourcoing,Mode,Jean homme,3,735.13
2023-02-16,Amiens,Bricolage,Échelle alu,1,336.94
2023-02-16,Lille,Électroménager,Cafetière,3,1176.72
2023-02-16,Lille,Maison,Couette 220x240,2,425.77
2023-02-17,Tourcoing,Maison,Étagère bois,2,531.22
2023-02-17,Tourcoing,Mode,Pull laine,2,1415.18
2023-02-17,En ligne,Bricolage,Boîte à outils,3,224.67
2023-02-17,En ligne,Mode,Baskets ville,3,1381.53
2023-02-17,Lille,Bricolage,Peinture 5L,1,609.0
2023-02-17,En ligne,Bricolage,Peinture 5L,3,1827.0
2023-02-17,Roubaix,Bricolage,Tournevis set,4,2545.12
2023-02-17,Tourcoing,Électroménager,Bouilloire,1,653.44
2023-02-17,Amiens,Sport,Chaussures running,2,1139.06
2023-02-17,Lille,Sport,Haltères 10kg,3,294.9
2023-02-17,Tourcoing,Bricolage,Boîte à outils,4,332.84
2023-02-17,Lille,Sport,Tapis yoga,2,1316.72
2023-02-17,Amiens,Sport,Ballon foot,1,100.1
2023-02-18,Dunkerque,Sport,Maillot bain,3,1052.31
2023-02-18,Amiens,Bricolage,Boîte à outils,5,374.44
2023-02-18,Lille,Maison,Étagère bois,1,279.59
2023-02-18,Dunkerque,Mode,Veste hiver,2,1311.98
2023-02-18,Roubaix,Sport,Vélo VTT,3,1635.63
2023-02-18,Tourcoing,Bricolage,Perceuse,1,95.09
2023-02-18,Roubaix,Maison,Couette 220x240,1,224.09
2023-02-18,Lille,Électroménager,Cafetière,4,1568.96
2023-02-18,En ligne,Mode,Baskets ville,3,1312.45
2023-02-18,Lille,Sport,Ballon foot,4,400.4
2023-02-18,Roubaix,Électroménager,Aspirateur,2,382.36
2023-02-18,Lille,Maison,Set casseroles,2,1413.7
2023-02-18,Lille,Maison,Set casseroles,1,671.51
2023-02-18,Amiens,Mode,T-shirt coton,2,1009.34
2023-02-18,Tourcoing,Sport,Maillot bain,1,350.77
2023-02-18,Roubaix,Mode,T-shirt coton,3,1211.21
2023-02-19,Valenciennes,Mode,Baskets ville,2,828.92
2023-02-19,Roubaix,Maison,Étagère bois,2,559.18
2023-02-19,Lille,Bricolage,Peinture 5L,2,1218.0
2023-02-19,Dunkerque,Maison,Lampe LED,3,402.66
2023-02-19,Tourcoing,Maison,Lampe LED,2,268.44
2023-02-19,Dunkerque,Électroménager,Aspirateur,2,382.36
2023-02-19,Tourcoing,Maison,Lampe LED,2,268.44
2023-02-19,Tourcoing,Mode,Robe été,2,593.04
2023-02-19,Lille,Bricolage,Peinture 5L,4,2436.0
2023-02-19,En ligne,Électroménager,Bouilloire,3,2178.12
2023-02-19,Amiens,Sport,Raquette tennis,2,1412.38
2023-02-19,Lille,Mode,Pull laine,3,2653.47
2023-02-19,Roubaix,Sport,Chaussures running,1,455.62
2023-02-19,Roubaix,Sport,Maillot bain,2,701.54
2023-02-19,Lille,Bricolage,Perceuse,5,528.3
2023-02-19,Lille,Maison,Rideau occultant,3,303.63
2023-02-19,Dunkerque,Électroménager,Bouilloire,2,1452.08
2023-02-19,Valenciennes,Maison,Couette 220x240,4,806.72
2023-02-19,Valenciennes,Mode,T-shirt coton,4,2018.68
2023-02-19,Lille,Sport,Tapis yoga,1,592.52
2023-02-19,Roubaix,Électroménager,Robot cuiseur,1,249.97
2023-02-19,En ligne,Sport,Haltères 10kg,4,373.54
2023-02-20,Tourcoing,Sport,Tapis yoga,1,658.36
2023-02-20,Tourcoing,Électroménager,Cafetière,1,392.24
2023-02-20,En ligne,Électroménager,Aspirateur,1,191.18
2023-02-20,Roubaix,Électroménager,Cafetière,2,784.48
2023-02-20,Amiens,Maison,Couette 220x240,1,224.09
2023-02-20,Lille,Électroménager,Robot cuiseur,1,249.97
2023-02-20,Dunkerque,Mode,Jean homme,1,272.27
2023-02-20,Lille,Maison,Étagère bois,1,279.59
2023-02-20,Roubaix,Maison,Set casseroles,4,2827.4
2023-02-20,Lille,Mode,T-shirt coton,1,504.67
2023-02-20,Lille,Sport,Maillot bain,3,1052.31
2023-02-20,Dunkerque,Bricolage,Échelle alu,3,1064.01
2023-02-20,Lille,Sport,Maillot bain,1,350.77
2023-02-20,Roubaix,Électroménager,Aspirateur,1,172.06
2023-02-20,Dunkerque,Électroménager,Bouilloire,1,726.04
2023-02-20,En ligne,Sport,Tapis yoga,3,1975.08
2023-02-20,En ligne,Maison,Étagère bois,3,754.89
2023-02-20,Dunkerque,Mode,Jean homme,2,544.54
2023-02-20,Lille,Mode,Jean homme,4,1089.08
2023-02-21,Roubaix,Bricolage,Tournevis set,4,2417.86
2023-02-21,En ligne,Bricolage,Boîte à outils,3,249.63
2023-02-21,Dunkerque,Bricolage,Peinture 5L,4,2436.0
2023-02-21,Roubaix,Électroménager,Robot cuiseur,3,749.91
2023-02-21,Lille,Électroménager,Micro-ondes,3,1359.48
2023-02-21,En ligne,Maison,Étagère bois,1,279.59
2023-02-21,Roubaix,Mode,Pull laine,4,3537.96
2023-02-21,Roubaix,Électroménager,Bouilloire,2,1452.08
2023-02-21,Lille,Électroménager,Réfrigérateur,2,774.74
2023-02-21,En ligne,Sport,Raquette tennis,1,706.19
2023-02-21,Lille,Bricolage,Peinture 5L,3,1827.0
2023-02-21,Tourcoing,Maison,Canapé 3 places,2,492.46
2023-02-21,Roubaix,Sport,Vélo VTT,1,517.95
2023-02-21,Tourcoing,Sport,Haltères 10kg,3,294.9
2023-02-21,Valenciennes,Mode,Veste hiver,2,1311.98
2023-02-21,En ligne,Électroménager,Cafetière,3,1176.72
2023-02-21,Tourcoing,Bricolage,Tournevis set,2,1272.56
2023-02-21,Lille,Électroménager,Réfrigérateur,2,736.0
2023-02-21,Valenciennes,Mode,Pull laine,3,2653.47
2023-02-21,En ligne,Bricolage,Boîte à outils,3,224.67
2023-02-21,Lille,Bricolage,Boîte à outils,3,249.63
2023-02-21,Lille,Mode,Baskets ville,2,921.02
2023-02-21,Amiens,Mode,Veste hiver,2,1311.98
2023-02-22,En ligne,Bricolage,Échelle alu,2,709.34
2023-02-22,Roubaix,Électroménager,Cafetière,4,1568.96
2023-02-22,Roubaix,Mode,Pull laine,2,1680.53
2023-02-22,En ligne,Électroménager,Robot cuiseur,3,749.91
2023-02-22,Lille,Électroménager,Micro-ondes,1,453.16
2023-02-22,Dunkerque,Sport,Haltères 10kg,3,294.9
2023-02-22,Lille,Maison,Couette 220x240,1,224.09
2023-02-22,Roubaix,Électroménager,Aspirateur,4,764.72
2023-02-22,Amiens,Maison,Couette 220x240,5,1120.45
2023-02-22,Valenciennes,Sport,Haltères 10kg,1,98.3
2023-02-22,Lille,Bricolage,Échelle alu,3,1064.01
2023-02-22,Lille,Électroménager,Bouilloire,1,726.04
2023-02-22,Dunkerque,Électroménager,Aspirateur,2,382.36
2023-02-22,Lille,Électroménager,Robot cuiseur,4,999.88
2023-02-22,Tourcoing,Bricolage,Peinture 5L,3,1735.65
2023-02-22,Dunkerque,Maison,Rideau occultant,1,101.21
2023-02-22,Dunkerque,Électroménager,Cafetière,4,1568.96
2023-02-23,Amiens,Bricolage,Échelle alu,2,709.34
2023-02-23,Valenciennes,Électroménager,Aspirateur,2,382.36
2023-02-23,Lille,Bricolage,Peinture 5L,2,1218.0
2023-02-23,Roubaix,Mode,Veste hiver,1,655.99
2023-02-23,Amiens,Bricolage,Perceuse,2,211.32
2023-02-23,Tourcoing,Sport,Haltères 10kg,2,196.6
2023-02-23,Tourcoing,Maison,Canapé 3 places,1,246.23
2023-02-23,Dunkerque,Sport,Ballon foot,1,100.1
2023-02-23,Roubaix,Électroménager,Cafetière,3,1176.72
2023-02-23,Tourcoing,Bricolage,Boîte à outils,2,166.42
2023-02-23,Dunkerque,Sport,Vélo VTT,2,1090.42
2023-02-23,Roubaix,Sport,Maillot bain,2,701.54
2023-02-23,Tourcoing,Électroménager,Réfrigérateur,2,774.74
2023-02-23,En ligne,Sport,Tapis yoga,1,658.36
2023-02-23,Amiens,Mode,T-shirt coton,3,1514.01
2023-02-23,Tourcoing,Maison,Canapé 3 places,1,233.92
2023-02-23,En ligne,Maison,Canapé 3 places,1,246.23
2023-02-23,Tourcoing,Maison,Lampe LED,1,107.38
2023-02-24,Tourcoing,Bricolage,Peinture 5L,3,1827.0
2023-02-24,Lille,Bricolage,Perceuse,3,316.98
2023-02-24,Lille,Maison,Lampe LED,3,402.66
2023-02-24,En ligne,Mode,T-shirt coton,2,1009.34
2023-02-24,Tourcoing,Bricolage,Échelle alu,2,709.34
2023-02-24,En ligne,Bricolage,Peinture 5L,1,609.0
2023-02-24,Lille,Bricolage,Perceuse,1,105.66
2023-02-24,En ligne,Électroménager,Micro-ondes,3,1359.48
2023-02-24,Dunkerque,Sport,Ballon foot,3,300.3
2023-02-24,En ligne,Maison,Canapé 3 places,5,1231.15
2023-02-24,Valenciennes,Électroménager,Micro-ondes,2,861.0
2023-02-24,Lille,Maison,Couette 220x240,5,1120.45
2023-02-24,En ligne,Sport,Tapis yoga,3,1975.08
2023-02-24,En ligne,Sport,Maillot bain,3,1052.31
2023-02-24,Lille,Sport,Haltères 10kg,2,186.77
2023-02-24,Lille,Mode,T-shirt coton,3,1514.01
2023-02-24,Roubaix,Maison,Set casseroles,3,2120.55
2023-02-25,Dunkerque,Maison,Couette 220x240,4,896.36
2023-02-25,Roubaix,Sport,Maillot bain,2,701.54
2023-02-25,Dunkerque,Électroménager,Robot cuiseur,4,999.88
2023-02-25,Dunkerque,Bricolage,Échelle alu,1,319.2
2023-02-25,Dunkerque,Électroménager,Robot cuiseur,2,499.94
2023-02-25,Roubaix,Électroménager,Robot cuiseur,2,474.94
2023-02-25,En ligne,Sport,Vélo VTT,2,1090.42
2023-02-25,Valenciennes,Sport,Haltères 10kg,2,196.6
2023-02-25,Lille,Sport,Chaussures running,3,1708.59
2023-02-25,Lille,Électroménager,Aspirateur,3,573.54
2023-02-25,Valenciennes,Électroménager,Cafetière,3,1176.72
2023-02-26,En ligne,Maison,Canapé 3 places,2,492.46
2023-02-26,Lille,Mode,T-shirt coton,4,2018.68
2023-02-26,Tourcoing,Sport,Chaussures running,1,541.05
2023-02-26,En ligne,Maison,Canapé 3 places,3,738.69
2023-02-26,Tourcoing,Électroménager,Micro-ondes,3,1359.48
2023-02-26,Amiens,Maison,Rideau occultant,2,202.42
2023-02-26,Roubaix,Mode,Pull laine,5,4422.45
2023-02-26,Dunkerque,Électroménager,Robot cuiseur,2,474.94
2023-02-26,Amiens,Sport,Maillot bain,4,1403.08
2023-02-26,Amiens,Électroménager,Robot cuiseur,4,999.88
2023-02-26,Amiens,Maison,Set casseroles,4,2827.4
2023-02-26,Tourcoing,Électroménager,Robot cuiseur,3,749.91
2023-02-26,Lille,Bricolage,Boîte à outils,4,316.2
2023-02-26,Lille,Maison,Couette 220x240,3,672.27
2023-02-26,Dunkerque,Sport,Ballon foot,1,100.1
2023-02-27,Amiens,Sport,Vélo VTT,3,1635.63
2023-02-27,En ligne,Électroménager,Aspirateur,4,764.72
2023-02-27,Lille,Maison,Étagère bois,1,251.63
2023-02-27,Valenciennes,Sport,Vélo VTT,4,2180.84
2023-02-27,En ligne,Sport,Chaussures running,2,911.25
2023-02-27,Roubaix,Mode,Veste hiver,5,3279.95
2023-02-27,Dunkerque,Maison,Set casseroles,3,1908.5
2023-02-27,En ligne,Sport,Chaussures running,2,1139.06
2023-02-27,Roubaix,Maison,Canapé 3 places,4,984.92
2023-02-27,Roubaix,Mode,Veste hiver,3,1967.97
2023-02-27,Tourcoing,Mode,Pull laine,3,2653.47
2023-02-27,Lille,Maison,Set casseroles,1,706.85
2023-02-27,Roubaix,Bricolage,Boîte à outils,3,249.63
2023-02-27,Roubaix,Maison,Canapé 3 places,1,246.23
2023-02-27,Amiens,Mode,Baskets ville,3,1381.53
2023-02-27,Valenciennes,Sport,Maillot bain,1,350.77
2023-02-27,En ligne,Mode,Baskets ville,2,921.02
2023-02-27,Tourcoing,Électroménager,Robot cuiseur,3,749.91
2023-02-27,Roubaix,Bricolage,Peinture 5L,3,1827.0
2023-02-28,Valenciennes,Mode,Jean homme,2,544.54
2023-02-28,Tourcoing,Sport,Vélo VTT,3,1472.07
2023-02-28,Roubaix,Sport,Vélo VTT,1,545.21
2023-02-28,Dunkerque,Mode,Veste hiver,2,1311.98
2023-02-28,En ligne,Sport,Maillot bain,1,280.62
2023-02-28,En ligne,Mode,Pull laine,2,1680.53
2023-02-28,Dunkerque,Sport,Tapis yoga,3,1876.33
2023-02-28,En ligne,Maison,Couette 220x240,1,224.09
2023-02-28,Dunkerque,Bricolage,Boîte à outils,1,79.05
2023-02-28,Tourcoing,Électroménager,Réfrigérateur,2,774.74
2023-02-28,Amiens,Bricolage,Échelle alu,2,638.41
2023-02-28,Roubaix,Mode,Pull laine,1,884.49
2023-02-28,Amiens,Mode,T-shirt coton,1,504.67
2023-02-28,Amiens,Bricolage,Échelle alu,1,336.94
2023-02-28,Dunkerque,Mode,Baskets ville,1,460.51
2023-02-28,Amiens,Mode,Baskets ville,2,921.02
2023-02-28,Lille,Sport,Maillot bain,1,350.77
2023-02-28,Lille,Mode,Robe été,2,533.74
2023-02-28,Valenciennes,Sport,Vélo VTT,1,517.95
2023-02-28,Lille,Électroménager,Cafetière,2,784.48
2023-03-01,Dunkerque,Maison,Set casseroles,3,2120.55
2023-03-01,Lille,Bricolage,Échelle alu,5,1773.35
2023-03-01,Dunkerque,Mode,T-shirt coton,2,1009.34
2023-03-01,Lille,Bricolage,Perceuse,6,633.96
2023-03-01,Lille,Maison,Lampe LED,3,382.53
2023-03-01,Roubaix,Électroménager,Aspirateur,2,382.36
2023-03-01,Valenciennes,Maison,Lampe LED,4,536.88
2023-03-01,Lille,Maison,Rideau occultant,3,303.63
2023-03-01,Amiens,Bricolage,Tournevis set,3,1908.84
2023-03-01,Tourcoing,Bricolage,Tournevis set,3,1908.84
2023-03-01,Amiens,Mode,Pull laine,3,2653.47
2023-03-01,En ligne,Sport,Haltères 10kg,1,88.47
2023-03-01,Roubaix,Mode,Robe été,3,889.56
2023-03-01,Lille,Électroménager,Robot cuiseur,1,237.47
2023-03-02,Lille,Électroménager,Réfrigérateur,1,387.37
2023-03-02,Tourcoing,Sport,Raquette tennis,2,1412.38
2023-03-02,Tourcoing,Maison,Set casseroles,6,4241.1
2023-03-02,Roubaix,Bricolage,Perceuse,2,211.32
2023-03-02,Amiens,Mode,Robe été,3,889.56
2023-03-02,Lille,Sport,Raquette tennis,3,2118.57
2023-03-02,En ligne,Électroménager,Cafetière,4,1568.96
2023-03-02,En ligne,Bricolage,Tournevis set,2,1272.56
2023-03-02,Tourcoing,Mode,Robe été,1,296.52
2023-03-02,Tourcoing,Électroménager,Robot cuiseur,4,999.88
2023-03-02,Roubaix,Maison,Étagère bois,5,1397.95
2023-03-02,Amiens,Sport,Ballon foot,3,300.3
2023-03-03,Roubaix,Sport,Haltères 10kg,1,93.38
2023-03-03,Valenciennes,Bricolage,Boîte à outils,2,166.42
2023-03-03,Roubaix,Maison,Canapé 3 places,2,492.46
2023-03-03,Lille,Sport,Raquette tennis,2,1412.38
2023-03-03,Lille,Mode,Veste hiver,2,1311.98
2023-03-03,Lille,Mode,Veste hiver,1,655.99
2023-03-03,Roubaix,Bricolage,Échelle alu,4,1418.68
2023-03-03,Tourcoing,Sport,Haltères 10kg,1,98.3
2023-03-03,Lille,Bricolage,Boîte à outils,3,249.63
2023-03-03,Lille,Mode,Baskets ville,2,921.02
2023-03-03,Roubaix,Maison,Canapé 3 places,2,492.46
2023-03-03,En ligne,Sport,Vélo VTT,4,2180.84
2023-03-03,Roubaix,Sport,Vélo VTT,2,1090.42
2023-03-03,Dunkerque,Bricolage,Peinture 5L,2,1218.0
2023-03-04,Amiens,Sport,Maillot bain,1,333.23
2023-03-04,Roubaix,Électroménager,Cafetière,3,1117.88
2023-03-04,Roubaix,Sport,Vélo VTT,3,1635.63
2023-03-04,Lille,Maison,Rideau occultant,1,101.21
2023-03-04,Valenciennes,Sport,Ballon foot,4,400.4
2023-03-04,Roubaix,Maison,Étagère bois,1,265.61
2023-03-04,Amiens,Maison,Étagère bois,3,838.77
2023-03-04,Tourcoing,Maison,Set casseroles,1,706.85
2023-03-04,Dunkerque,Sport,Tapis yoga,3,1580.06
2023-03-04,Lille,Maison,Set casseroles,5,3534.25
2023-03-04,Lille,Sport,Raquette tennis,2,1412.38
2023-03-04,Lille,Mode,Jean homme,3,816.81
2023-03-04,Valenciennes,Sport,Vélo VTT,4,1744.67
2023-03-04,Tourcoing,Électroménager,Robot cuiseur,3,749.91
2023-03-04,Tourcoing,Bricolage,Boîte à outils,3,249.63
2023-03-04,Amiens,Bricolage,Échelle alu,2,709.34
2023-03-04,Roubaix,Sport,Haltères 10kg,2,186.77
2023-03-04,Lille,Mode,Robe été,2,593.04
2023-03-05,Lille,Bricolage,Échelle alu,4,1134.94
2023-03-05,Amiens,Mode,Robe été,5,1482.6
2023-03-05,En ligne,Électroménager,Bouilloire,3,2178.12
2023-03-05,Lille,Maison,Rideau occultant,4,404.84
2023-03-05,Lille,Bricolage,Peinture 5L,3,1827.0
2023-03-05,Roubaix,Électroménager,Aspirateur,2,382.36
2023-03-05,Roubaix,Maison,Couette 220x240,5,1064.43
2023-03-05,Lille,Bricolage,Échelle alu,2,709.34
2023-03-05,Tourcoing,Bricolage,Boîte à outils,1,83.21
2023-03-05,Roubaix,Mode,T-shirt coton,2,1009.34
2023-03-05,Lille,Bricolage,Tournevis set,5,3181.4
2023-03-05,Valenciennes,Mode,Robe été,1,281.69
2023-03-05,Roubaix,Bricolage,Boîte à outils,1,83.21
2023-03-05,Lille,Bricolage,Peinture 5L,4,2436.0
2023-03-05,Lille,Sport,Haltères 10kg,1,93.38
2023-03-05,Amiens,Sport,Ballon foot,1,90.09
2023-03-05,Dunkerque,Mode,Veste hiver,1,655.99
2023-03-05,Amiens,Mode,Robe été,1,296.52
2023-03-05,Roubaix,Sport,Chaussures running,1,569.53
2023-03-05,En ligne,Maison,Set casseroles,1,706.85
2023-03-05,Lille,Sport,Maillot bain,2,701.54
2023-03-06,En ligne,Sport,Vélo VTT,5,2726.05
2023-03-06,Roubaix,Sport,Haltères 10kg,3,280.15
2023-03-06,En ligne,Mode,Jean homme,4,1089.08
2023-03-06,Valenciennes,Bricolage,Peinture 5L,1,609.0
2023-03-06,Dunkerque,Sport,Tapis yoga,1,592.52
2023-03-06,Amiens,Sport,Raquette tennis,3,2118.57
2023-03-06,Lille,Sport,Ballon foot,2,200.2
2023-03-06,Amiens,Sport,Haltères 10kg,1,98.3
2023-03-06,En ligne,Maison,Lampe LED,4,536.88
2023-03-06,Tourcoing,Maison,Rideau occultant,3,242.9
2023-03-06,Roubaix,Bricolage,Boîte à outils,2,166.42
2023-03-06,Lille,Sport,Chaussures running,2,1139.06
2023-03-06,Roubaix,Mode,T-shirt coton,3,1438.31
2023-03-06,Lille,Électroménager,Aspirateur,2,344.12
2023-03-06,Roubaix,Mode,Pull laine,1,884.49
2023-03-06,Lille,Électroménager,Bouilloire,2,1306.87
2023-03-07,Valenciennes,Bricolage,Tournevis set,1,636.28
2023-03-07,Amiens,Sport,Tapis yoga,1,658.36
2023-03-07,Amiens,Mode,Veste hiver,1,655.99
2023-03-07,Valenciennes,Mode,Baskets ville,3,1312.45
2023-03-07,Lille,Bricolage,Boîte à outils,3,249.63
2023-03-07,Dunkerque,Sport,Vélo VTT,4,1962.76
2023-03-07,En ligne,Mode,T-shirt coton,2,1009.34
2023-03-07,Lille,Mode,Baskets ville,3,1381.53
2023-03-07,Lille,Électroménager,Réfrigérateur,1,368.0
2023-03-07,Tourcoing,Sport,Vélo VTT,3,1635.63
2023-03-07,Roubaix,Électroménager,Micro-ondes,3,1359.48
2023-03-07,Amiens,Électroménager,Aspirateur,2,382.36
2023-03-07,Roubaix,Mode,T-shirt coton,1,504.67
2023-03-07,Amiens,Bricolage,Boîte à outils,3,249.63
2023-03-08,Tourcoing,Maison,Set casseroles,2,1413.7
2023-03-08,Valenciennes,Mode,Pull laine,4,3537.96
2023-03-08,En ligne,Mode,Jean homme,1,272.27
2023-03-08,Lille,Mode,Jean homme,4,1089.08
2023-03-08,Lille,Maison,Étagère bois,2,503.26
2023-03-08,En ligne,Maison,Rideau occultant,3,303.63
2023-03-08,En ligne,Maison,Canapé 3 places,3,738.69
2023-03-08,Roubaix,Maison,Couette 220x240,3,638.66
2023-03-08,Dunkerque,Maison,Rideau occultant,3,303.63
2023-03-08,Roubaix,Sport,Maillot bain,2,701.54
2023-03-08,Lille,Mode,Pull laine,4,3537.96
2023-03-09,Lille,Électroménager,Aspirateur,5,955.9
2023-03-09,En ligne,Bricolage,Échelle alu,4,1418.68
2023-03-09,Lille,Mode,Pull laine,2,1768.98
2023-03-09,Dunkerque,Bricolage,Peinture 5L,3,1827.0
2023-03-09,Amiens,Maison,Couette 220x240,3,638.66
2023-03-09,Dunkerque,Sport,Vélo VTT,1,436.17
2023-03-09,Tourcoing,Maison,Couette 220x240,5,1120.45
2023-03-09,Valenciennes,Maison,Set casseroles,4,2827.4
2023-03-09,Amiens,Maison,Canapé 3 places,3,701.76
2023-03-09,Lille,Bricolage,Échelle alu,3,1064.01
2023-03-09,Amiens,Électroménager,Réfrigérateur,3,1162.11
2023-03-09,Amiens,Électroménager,Réfrigérateur,3,1162.11
2023-03-09,Dunkerque,Maison,Étagère bois,1,279.59
2023-03-09,En ligne,Sport,Chaussures running,4,2278.12
2023-03-09,Roubaix,Électroménager,Bouilloire,4,2904.16
2023-03-09,Tourcoing,Maison,Étagère bois,1,279.59
2023-03-09,Lille,Bricolage,Échelle alu,3,1064.01
2023-03-09,Roubaix,Sport,Vélo VTT,1,545.21
2023-03-10,Tourcoing,Sport,Maillot bain,2,666.46
2023-03-10,Amiens,Sport,Vélo VTT,4,2180.84
2023-03-10,Lille,Bricolage,Échelle alu,2,709.34
2023-03-10,Tourcoing,Bricolage,Peinture 5L,3,1827.0
2023-03-10,Lille,Sport,Maillot bain,1,350.77
2023-03-10,Dunkerque,Électroménager,Robot cuiseur,2,399.95
2023-03-10,Roubaix,Électroménager,Micro-ondes,4,1812.64
2023-03-10,Amiens,Électroménager,Micro-ondes,3,1359.48
2023-03-10,Tourcoing,Maison,Canapé 3 places,2,492.46
2023-03-10,Lille,Maison,Couette 220x240,5,1120.45
2023-03-10,Tourcoing,Électroménager,Robot cuiseur,3,749.91
2023-03-10,Dunkerque,Électroménager,Aspirateur,2,382.36
2023-03-10,Lille,Mode,Veste hiver,2,1311.98
2023-03-10,Lille,Mode,Jean homme,6,1633.62
2023-03-11,Tourcoing,Sport,Ballon foot,3,300.3
2023-03-11,Roubaix,Mode,Robe été,6,1779.12
2023-03-11,En ligne,Bricolage,Tournevis set,3,1908.84
2023-03-11,Dunkerque,Électroménager,Cafetière,3,1176.72
2023-03-11,Roubaix,Électroménager,Micro-ondes,1,453.16
2023-03-11,Amiens,Sport,Vélo VTT,3,1308.5
2023-03-11,Lille,Électroménager,Bouilloire,2,1452.08
2023-03-11,Lille,Bricolage,Perceuse,1,84.53
2023-03-11,Lille,Électroménager,Bouilloire,3,2178.12
2023-03-11,En ligne,Mode,Robe été,3,889.56
2023-03-11,En ligne,Maison,Set casseroles,2,1272.33
2023-03-11,Amiens,Électroménager,Bouilloire,3,2178.12
2023-03-11,Valenciennes,Maison,Canapé 3 places,2,492.46
2023-03-11,Lille,Mode,Veste hiver,4,2361.56
2023-03-11,En ligne,Bricolage,Perceuse,2,211.32
2023-03-11,Lille,Bricolage,Perceuse,3,316.98
2023-03-11,Valenciennes,Maison,Lampe LED,1,134.22
2023-03-12,Lille,Sport,Vélo VTT,1,490.69
2023-03-12,Lille,Mode,Pull laine,1,884.49
2023-03-12,Dunkerque,Bricolage,Boîte à outils,3,249.63
2023-03-12,En ligne,Maison,Couette 220x240,4,896.36
2023-03-12,En ligne,Maison,Lampe LED,3,402.66
2023-03-12,Valenciennes,Électroménager,Réfrigérateur,2,774.74
2023-03-12,Lille,Maison,Couette 220x240,4,896.36
2023-03-12,Dunkerque,Bricolage,Perceuse,1,95.09
2023-03-12,Amiens,Bricolage,Échelle alu,2,709.34
2023-03-12,Lille,Bricolage,Boîte à outils,1,83.21
2023-03-12,Valenciennes,Maison,Set casseroles,5,3534.25
2023-03-12,Roubaix,Électroménager,Robot cuiseur,5,1249.85
2023-03-12,Lille,Sport,Maillot bain,1,350.77
2023-03-12,Amiens,Sport,Ballon foot,1,80.08
2023-03-12,Lille,Bricolage,Échelle alu,3,1064.01
2023-03-12,Amiens,Sport,Tapis yoga,1,658.36
2023-03-12,Amiens,Mode,Pull laine,5,4422.45
2023-03-12,Amiens,Électroménager,Bouilloire,3,1960.31
2023-03-12,Lille,Maison,Rideau occultant,2,202.42
2023-03-13,Dunkerque,Mode,Baskets ville,1,460.51
2023-03-13,Dunkerque,Sport,Tapis yoga,3,1876.33
2023-03-13,En ligne,Sport,Vélo VTT,2,1090.42
2023-03-13,Valenciennes,Mode,Baskets ville,1,460.51
2023-03-13,En ligne,Sport,Ballon foot,2,200.2
2023-03-13,Roubaix,Bricolage,Échelle alu,1,354.67
2023-03-13,Amiens,Mode,Veste hiver,1,655.99
2023-03-13,Roubaix,Maison,Étagère bois,2,531.22
2023-03-13,Dunkerque,Électroménager,Robot cuiseur,4,999.88
2023-03-13,Valenciennes,Électroménager,Aspirateur,3,544.86
2023-03-13,Roubaix,Mode,Baskets ville,1,460.51
2023-03-13,Valenciennes,Maison,Étagère bois,2,559.18
2023-03-13,Roubaix,Mode,Pull laine,2,1768.98
2023-03-14,Amiens,Mode,Baskets ville,2,921.02
2023-03-14,Valenciennes,Maison,Canapé 3 places,4,935.67
2023-03-14,Roubaix,Sport,Ballon foot,4,400.4
2023-03-14,Valenciennes,Mode,Jean homme,3,816.81
2023-03-14,Tourcoing,Bricolage,Peinture 5L,1,609.0
2023-03-14,Roubaix,Sport,Chaussures running,2,1139.06
2023-03-14,Tourcoing,Bricolage,Perceuse,1,84.53
2023-03-14,Amiens,Bricolage,Tournevis set,3,1908.84
2023-03-14,En ligne,Sport,Ballon foot,4,400.4
2023-03-14,Dunkerque,Maison,Canapé 3 places,2,492.46
2023-03-14,Amiens,Électroménager,Aspirateur,3,458.83
2023-03-14,Roubaix,Bricolage,Échelle alu,2,709.34
2023-03-14,Dunkerque,Électroménager,Cafetière,5,1961.2
2023-03-15,Dunkerque,Maison,Canapé 3 places,6,1477.38
2023-03-15,En ligne,Mode,Robe été,2,593.04
2023-03-15,Roubaix,Sport,Maillot bain,1,350.77
2023-03-15,Dunkerque,Sport,Maillot bain,5,1578.46
2023-03-15,Lille,Sport,Chaussures running,2,1139.06
2023-03-15,Roubaix,Bricolage,Tournevis set,2,1272.56
2023-03-15,Lille,Sport,Tapis yoga,3,1975.08
2023-03-15,Amiens,Mode,Robe été,1,281.69
2023-03-15,Dunkerque,Maison,Couette 220x240,3,605.04
2023-03-15,Amiens,Électroménager,Cafetière,3,1176.72
2023-03-15,Dunkerque,Électroménager,Micro-ondes,3,1359.48
2023-03-15,Roubaix,Électroménager,Bouilloire,4,2904.16
2023-03-15,Amiens,Mode,Robe été,4,1186.08
2023-03-15,Tourcoing,Sport,Ballon foot,3,300.3
2023-03-15,Amiens,Bricolage,Boîte à outils,2,166.42
2023-03-15,Roubaix,Électroménager,Micro-ondes,2,906.32
2023-03-15,Amiens,Bricolage,Tournevis set,3,1908.84
2023-03-15,Lille,Mode,Baskets ville,3,1312.45
2023-03-15,Tourcoing,Électroménager,Aspirateur,3,573.54
2023-03-15,Amiens,Maison,Set casseroles,4,2827.4
2023-03-16,En ligne,Sport,Haltères 10kg,3,294.9
2023-03-16,Roubaix,Sport,Raquette tennis,4,2824.76
2023-03-16,En ligne,Maison,Lampe LED,4,536.88
2023-03-16,Lille,Électroménager,Réfrigérateur,3,1045.9
2023-03-16,Dunkerque,Mode,Pull laine,4,3537.96
2023-03-16,Tourcoing,Bricolage,Perceuse,1,105.66
2023-03-16,Dunkerque,Sport,Tapis yoga,1,592.52
2023-03-16,Lille,Sport,Maillot bain,3,1052.31
2023-03-16,En ligne,Maison,Couette 220x240,3,537.82
2023-03-16,Roubaix,Bricolage,Peinture 5L,1,609.0
2023-03-16,Valenciennes,Sport,Maillot bain,1,350.77
2023-03-16,Valenciennes,Bricolage,Boîte à outils,3,249.63
2023-03-16,Amiens,Électroménager,Aspirateur,5,955.9
2023-03-16,Amiens,Mode,Pull laine,3,2388.12
2023-03-16,Roubaix,Sport,Maillot bain,2,701.54
2023-03-16,Dunkerque,Sport,Vélo VTT,3,1635.63
2023-03-16,Amiens,Mode,T-shirt coton,4,2018.68
2023-03-16,Amiens,Mode,Veste hiver,2,1311.98
2023-03-16,Lille,Électroménager,Réfrigérateur,1,387.37
2023-03-16,Dunkerque,Bricolage,Peinture 5L,1,609.0
2023-03-17,Roubaix,Mode,Baskets ville,5,2302.55
2023-03-17,Lille,Sport,Chaussures running,4,2278.12
2023-03-17,Lille,Bricolage,Tournevis set,1,636.28
2023-03-17,Valenciennes,Sport,Haltères 10kg,1,98.3
2023-03-17,Valenciennes,Mode,Veste hiver,5,3279.95
2023-03-17,Tourcoing,Bricolage,Tournevis set,6,3817.68
2023-03-17,Amiens,Maison,Lampe LED,2,268.44
2023-03-17,Lille,Mode,Jean homme,1,272.27
2023-03-17,Lille,Mode,Jean homme,1,272.27
2023-03-17,En ligne,Bricolage,Tournevis set,3,1813.4
2023-03-17,Amiens,Sport,Vélo VTT,2,1090.42
2023-03-18,Dunkerque,Bricolage,Peinture 5L,3,1827.0
2023-03-18,Amiens,Mode,Veste hiver,3,1967.97
2023-03-18,Amiens,Bricolage,Échelle alu,4,1418.68
2023-03-18,Amiens,Bricolage,Échelle alu,2,673.87
2023-03-18,Amiens,Mode,Baskets ville,5,2302.55
2023-03-18,Roubaix,Maison,Couette 220x240,4,896.36
2023-03-18,Dunkerque,Bricolage,Perceuse,5,528.3
2023-03-18,En ligne,Maison,Set casseroles,1,706.85
2023-03-18,Lille,Mode,Pull laine,4,3537.96
2023-03-18,En ligne,Électroménager,Bouilloire,3,2178.12
2023-03-18,Roubaix,Maison,Étagère bois,3,838.77
2023-03-18,Lille,Maison,Couette 220x240,3,605.04
2023-03-18,Tourcoing,Maison,Rideau occultant,3,303.63
2023-03-18,Roubaix,Bricolage,Perceuse,1,105.66
2023-03-18,Lille,Mode,T-shirt coton,1,479.44
2023-03-18,Dunkerque,Maison,Étagère bois,2,559.18
2023-03-19,Amiens,Mode,Pull laine,2,1680.53
2023-03-19,Dunkerque,Mode,Veste hiver,5,3279.95
2023-03-19,En ligne,Maison,Canapé 3 places,3,738.69
2023-03-19,Roubaix,Maison,Couette 220x240,4,896.36
2023-03-19,En ligne,Électroménager,Bouilloire,1,726.04
2023-03-19,En ligne,Électroménager,Bouilloire,3,2178.12
2023-03-19,Roubaix,Bricolage,Échelle alu,1,354.67
2023-03-19,En ligne,Sport,Raquette tennis,3,2118.57
2023-03-19,Amiens,Mode,Baskets ville,2,921.02
2023-03-19,Valenciennes,Électroménager,Réfrigérateur,5,1936.85
2023-03-19,Tourcoing,Maison,Étagère bois,3,838.77
2023-03-19,Amiens,Électroménager,Robot cuiseur,4,999.88
2023-03-19,En ligne,Mode,Veste hiver,1,655.99
2023-03-19,En ligne,Électroménager,Aspirateur,1,191.18
2023-03-19,Amiens,Mode,Robe été,1,296.52
2023-03-19,Dunkerque,Sport,Vélo VTT,3,1635.63
2023-03-19,En ligne,Mode,Jean homme,1,258.66
2023-03-19,Roubaix,Bricolage,Boîte à outils,1,83.21
2023-03-19,En ligne,Mode,Baskets ville,3,1381.53
2023-03-19,Valenciennes,Électroménager,Robot cuiseur,5,1249.85
2023-03-19,Valenciennes,Maison,Set casseroles,1,706.85
2023-03-20,Lille,Électroménager,Cafetière,3,1117.88
2023-03-20,Roubaix,Mode,Baskets ville,3,1381.53
2023-03-20,Lille,Électroménager,Bouilloire,2,1452.08
2023-03-20,Dunkerque,Maison,Set casseroles,2,1413.7
2023-03-20,Amiens,Électroménager,Réfrigérateur,1,368.0
2023-03-20,En ligne,Électroménager,Bouilloire,4,2904.16
2023-03-20,Dunkerque,Sport,Ballon foot,1,100.1
2023-03-20,Lille,Électroménager,Réfrigérateur,3,1162.11
2023-03-20,Tourcoing,Électroménager,Bouilloire,5,3630.2
2023-03-20,Dunkerque,Bricolage,Boîte à outils,2,133.14
2023-03-20,Dunkerque,Mode,Pull laine,3,2653.47
2023-03-20,Roubaix,Électroménager,Cafetière,3,1176.72
2023-03-20,En ligne,Électroménager,Micro-ondes,4,1812.64
2023-03-20,Valenciennes,Sport,Chaussures running,3,1708.59
2023-03-20,Roubaix,Électroménager,Bouilloire,4,2758.95
2023-03-20,Tourcoing,Maison,Canapé 3 places,1,246.23
2023-03-21,En ligne,Maison,Étagère bois,1,279.59
2023-03-21,Lille,Mode,Jean homme,6,1551.94
2023-03-21,Lille,Maison,Lampe LED,2,268.44
2023-03-21,Tourcoing,Mode,Veste hiver,1,655.99
2023-03-21,Lille,Électroménager,Micro-ondes,4,1812.64
2023-03-21,Dunkerque,Bricolage,Peinture 5L,1,578.55
2023-03-21,Lille,Sport,Haltères 10kg,4,393.2
2023-03-21,Lille,Électroménager,Robot cuiseur,1,249.97
2023-03-21,Tourcoing,Mode,Veste hiver,4,2623.96
2023-03-21,En ligne,Sport,Tapis yoga,3,1975.08
2023-03-21,Roubaix,Maison,Set casseroles,1,636.17
2023-03-21,Lille,Électroménager,Micro-ondes,3,1359.48
2023-03-21,Roubaix,Bricolage,Tournevis set,1,636.28
2023-03-21,Lille,Maison,Set casseroles,2,1413.7
2023-03-21,Tourcoing,Maison,Lampe LED,2,268.44
2023-03-21,Tourcoing,Sport,Chaussures running,5,2562.88
2023-03-21,Amiens,Mode,Jean homme,1,272.27
2023-03-22,En ligne,Maison,Couette 220x240,1,224.09
2023-03-22,Tourcoing,Sport,Maillot bain,4,1403.08
2023-03-22,En ligne,Sport,Haltères 10kg,1,88.47
2023-03-22,En ligne,Mode,Baskets ville,2,921.02
2023-03-22,Dunkerque,Mode,T-shirt coton,3,1514.01
2023-03-22,Valenciennes,Sport,Haltères 10kg,2,196.6
2023-03-22,Tourcoing,Bricolage,Perceuse,5,528.3
2023-03-22,Roubaix,Sport,Vélo VTT,2,1090.42
2023-03-22,Tourcoing,Mode,Baskets ville,1,414.46
2023-03-22,En ligne,Mode,Jean homme,4,980.17
2023-03-22,Lille,Électroménager,Robot cuiseur,1,249.97
2023-03-22,En ligne,Mode,Baskets ville,1,414.46
2023-03-22,En ligne,Électroménager,Robot cuiseur,1,249.97
2023-03-22,Roubaix,Sport,Chaussures running,4,2278.12
2023-03-22,Roubaix,Sport,Vélo VTT,3,1635.63
2023-03-22,Valenciennes,Maison,Couette 220x240,4,896.36
2023-03-23,Tourcoing,Maison,Set casseroles,1,706.85
2023-03-23,Roubaix,Sport,Raquette tennis,4,2824.76
2023-03-23,Lille,Mode,Jean homme,4,1089.08
2023-03-23,Roubaix,Électroménager,Micro-ondes,3,1359.48
2023-03-23,Tourcoing,Électroménager,Robot cuiseur,3,749.91
2023-03-23,En ligne,Sport,Ballon foot,3,270.27
2023-03-23,En ligne,Électroménager,Aspirateur,2,382.36
2023-03-23,Lille,Mode,Robe été,1,296.52
2023-03-23,Tourcoing,Bricolage,Tournevis set,1,636.28
2023-03-23,Amiens,Bricolage,Échelle alu,5,1596.02
2023-03-23,Amiens,Maison,Lampe LED,4,536.88
2023-03-23,Roubaix,Mode,Pull laine,4,3537.96
2023-03-23,Dunkerque,Mode,Veste hiver,2,1311.98
2023-03-24,Lille,Maison,Étagère bois,2,559.18
2023-03-24,Roubaix,Maison,Étagère bois,5,1397.95
2023-03-24,Valenciennes,Sport,Chaussures running,1,541.05
2023-03-24,En ligne,Maison,Canapé 3 places,3,738.69
2023-03-24,Valenciennes,Maison,Étagère bois,1,279.59
2023-03-24,Amiens,Mode,Veste hiver,3,1967.97
2023-03-24,Amiens,Sport,Haltères 10kg,2,196.6
2023-03-24,Roubaix,Maison,Lampe LED,4,536.88
2023-03-24,Dunkerque,Mode,Baskets ville,4,1842.04
2023-03-24,Tourcoing,Électroménager,Aspirateur,5,955.9
2023-03-24,Tourcoing,Mode,Baskets ville,1,460.51
2023-03-24,Tourcoing,Maison,Couette 220x240,3,672.27
2023-03-24,Valenciennes,Maison,Lampe LED,1,134.22
2023-03-24,Lille,Mode,Pull laine,3,2653.47
2023-03-25,Roubaix,Sport,Tapis yoga,3,1975.08
2023-03-25,Valenciennes,Mode,Pull laine,2,1680.53
2023-03-25,Lille,Maison,Lampe LED,3,402.66
2023-03-25,Lille,Mode,Baskets ville,5,2072.3
2023-03-25,Amiens,Bricolage,Peinture 5L,3,1644.3
2023-03-25,Dunkerque,Maison,Set casseroles,2,1272.33
2023-03-25,En ligne,Bricolage,Perceuse,4,422.64
2023-03-25,Lille,Mode,T-shirt coton,1,504.67
2023-03-25,Dunkerque,Maison,Étagère bois,4,1062.44
2023-03-25,Lille,Bricolage,Boîte à outils,4,316.2
2023-03-25,Lille,Électroménager,Aspirateur,3,516.19
2023-03-25,Amiens,Sport,Maillot bain,2,631.39
2023-03-25,Roubaix,Bricolage,Tournevis set,2,1272.56
2023-03-25,Lille,Bricolage,Peinture 5L,1,609.0
2023-03-25,Lille,Bricolage,Échelle alu,2,709.34
2023-03-25,Amiens,Sport,Maillot bain,4,1332.93
2023-03-25,Valenciennes,Bricolage,Tournevis set,1,604.47
2023-03-25,Lille,Mode,Pull laine,2,1768.98
2023-03-26,En ligne,Maison,Set casseroles,3,2120.55
2023-03-26,Dunkerque,Bricolage,Échelle alu,3,1064.01
2023-03-26,Amiens,Mode,Robe été,1,296.52
2023-03-26,Tourcoing,Électroménager,Bouilloire,1,726.04
2023-03-26,En ligne,Maison,Set casseroles,1,706.85
2023-03-26,Roubaix,Bricolage,Boîte à outils,3,249.63
2023-03-26,Roubaix,Bricolage,Échelle alu,3,851.21
2023-03-26,Amiens,Électroménager,Micro-ondes,3,1359.48
2023-03-26,Roubaix,Électroménager,Cafetière,5,1961.2
2023-03-26,Roubaix,Électroménager,Bouilloire,4,2904.16
2023-03-27,Amiens,Maison,Lampe LED,2,268.44
2023-03-27,Tourcoing,Maison,Étagère bois,5,1397.95
2023-03-27,Valenciennes,Sport,Ballon foot,2,160.16
2023-03-27,Amiens,Mode,Jean homme,2,544.54
2023-03-27,Lille,Électroménager,Aspirateur,1,191.18
2023-03-27,Valenciennes,Sport,Chaussures running,2,1025.15
2023-03-27,Lille,Maison,Canapé 3 places,5,1231.15
2023-03-27,Valenciennes,Maison,Lampe LED,2,268.44
2023-03-27,Dunkerque,Mode,T-shirt coton,1,504.67
2023-03-27,En ligne,Mode,Jean homme,1,272.27
2023-03-27,Dunkerque,Bricolage,Boîte à outils,5,416.05
2023-03-27,Lille,Bricolage,Tournevis set,3,1908.84
2023-03-27,Amiens,Électroménager,Bouilloire,2,1452.08
2023-03-27,Amiens,Sport,Haltères 10kg,5,466.92
2023-03-28,Amiens,Bricolage,Tournevis set,3,1908.84
2023-03-28,Lille,Électroménager,Aspirateur,2,344.12
2023-03-28,Lille,Maison,Étagère bois,1,279.59
2023-03-28,Valenciennes,Électroménager,Réfrigérateur,2,774.74
2023-03-28,Lille,Sport,Chaussures running,2,1139.06
2023-03-28,En ligne,Mode,Pull laine,3,2520.8
2023-03-28,Dunkerque,Sport,Chaussures running,5,2847.65
2023-03-28,Lille,Sport,Chaussures running,1,569.53
2023-03-28,Valenciennes,Électroménager,Bouilloire,3,2178.12
2023-03-28,En ligne,Sport,Vélo VTT,1,545.21
2023-03-28,Dunkerque,Électroménager,Bouilloire,4,2904.16
2023-03-28,Roubaix,Mode,Veste hiver,1,655.99
2023-03-28,Valenciennes,Bricolage,Peinture 5L,4,2436.0
2023-03-28,Valenciennes,Maison,Rideau occultant,1,101.21
2023-03-28,Roubaix,Électroménager,Robot cuiseur,4,949.89
2023-03-28,Lille,Sport,Vélo VTT,3,1472.07
2023-03-28,Roubaix,Électroménager,Robot cuiseur,3,749.91
2023-03-28,Dunkerque,Maison,Canapé 3 places,1,246.23
2023-03-28,Valenciennes,Mode,T-shirt coton,1,504.67
2023-03-28,Amiens,Sport,Vélo VTT,1,545.21
2023-03-29,Lille,Mode,Jean homme,1,272.27
2023-03-29,Lille,Mode,Pull laine,1,796.04
2023-03-29,Tourcoing,Mode,Pull laine,2,1592.08
2023-03-29,Roubaix,Bricolage,Tournevis set,1,636.28
2023-03-29,Roubaix,Bricolage,Échelle alu,1,336.94
2023-03-29,Dunkerque,Bricolage,Boîte à outils,3,249.63
2023-03-29,Valenciennes,Électroménager,Robot cuiseur,2,499.94
2023-03-29,Lille,Maison,Set casseroles,2,1413.7
2023-03-29,Dunkerque,Bricolage,Tournevis set,2,1145.3
2023-03-29,Roubaix,Électroménager,Cafetière,1,353.02
2023-03-29,Valenciennes,Mode,Jean homme,2,544.54
2023-03-29,Lille,Mode,Baskets ville,2,921.02
2023-03-29,En ligne,Électroménager,Micro-ondes,1,453.16
2023-03-30,Roubaix,Sport,Raquette tennis,3,1694.86
2023-03-30,Valenciennes,Sport,Vélo VTT,4,2180.84
2023-03-30,Valenciennes,Bricolage,Boîte à outils,3,199.7
2023-03-30,Dunkerque,Bricolage,Échelle alu,4,1418.68
2023-03-30,En ligne,Sport,Haltères 10kg,2,176.94
2023-03-30,Dunkerque,Sport,Chaussures running,1,569.53
2023-03-30,En ligne,Électroménager,Micro-ondes,2,906.32
2023-03-30,Lille,Bricolage,Échelle alu,3,1064.01
2023-03-30,En ligne,Sport,Ballon foot,1,95.09
2023-03-31,Lille,Maison,Set casseroles,1,706.85
2023-03-31,En ligne,Mode,Robe été,3,889.56
2023-03-31,Lille,Maison,Rideau occultant,1,101.21
2023-03-31,Lille,Bricolage,Boîte à outils,1,79.05
2023-03-31,Lille,Sport,Tapis yoga,1,658.36
2023-03-31,Valenciennes,Mode,Baskets ville,5,2302.55
2023-03-31,Amiens,Électroménager,Cafetière,4,1568.96
2023-03-31,Roubaix,Sport,Vélo VTT,2,1090.42
2023-03-31,Amiens,Électroménager,Aspirateur,2,382.36
2023-03-31,Lille,Sport,Tapis yoga,1,658.36
2023-03-31,Amiens,Électroménager,Robot cuiseur,1,249.97
2023-03-31,Lille,Bricolage,Perceuse,5,475.47
2023-03-31,Roubaix,Sport,Vélo VTT,3,1635.63
2023-03-31,Dunkerque,Maison,Couette 220x240,2,448.18
2023-03-31,Lille,Électroménager,Bouilloire,2,1452.08
2023-04-01,Amiens,Mode,Robe été,2,593.04
2023-04-01,En ligne,Maison,Lampe LED,4,536.88
2023-04-01,Lille,Sport,Vélo VTT,1,545.21
2023-04-01,Tourcoing,Maison,Canapé 3 places,3,701.76
2023-04-01,En ligne,Mode,Veste hiver,1,655.99
2023-04-01,Lille,Mode,Robe été,3,889.56
2023-04-01,Lille,Bricolage,Boîte à outils,4,332.84
2023-04-01,Lille,Électroménager,Robot cuiseur,2,499.94
2023-04-01,Dunkerque,Bricolage,Boîte à outils,5,416.05
2023-04-01,En ligne,Mode,Veste hiver,5,3279.95
2023-04-01,Amiens,Sport,Tapis yoga,3,1975.08
2023-04-01,Roubaix,Maison,Couette 220x240,1,224.09
2023-04-01,Valenciennes,Maison,Étagère bois,2,559.18
2023-04-01,Lille,Bricolage,Boîte à outils,2,166.42
2023-04-01,Lille,Maison,Lampe LED,2,268.44
2023-04-01,Valenciennes,Sport,Raquette tennis,4,2824.76
2023-04-01,Tourcoing,Électroménager,Robot cuiseur,1,249.97
2023-04-01,Valenciennes,Mode,Robe été,5,1482.6
2023-04-01,En ligne,Maison,Étagère bois,3,796.83
2023-04-01,Tourcoing,Électroménager,Micro-ondes,1,453.16
2023-04-01,Amiens,Sport,Haltères 10kg,2,176.94
2023-04-01,En ligne,Bricolage,Boîte à outils,1,83.21
2023-04-01,Lille,Maison,Canapé 3 places,2,492.46
2023-04-01,En ligne,Sport,Haltères 10kg,1,98.3
2023-04-01,Dunkerque,Mode,Robe été,2,593.04
2023-04-01,Amiens,Électroménager,Micro-ondes,1,453.16
2023-04-01,Lille,Sport,Ballon foot,2,200.2
2023-04-01,Lille,Bricolage,Boîte à outils,3,249.63
2023-04-01,Tourcoing,Bricolage,Perceuse,3,316.98
2023-04-01,Dunkerque,Maison,Set casseroles,4,2827.4
2023-04-02,Lille,Bricolage,Échelle alu,1,319.2
2023-04-02,Amiens,Électroménager,Micro-ondes,2,906.32
2023-04-02,En ligne,Électroménager,Robot cuiseur,4,999.88
2023-04-02,Roubaix,Bricolage,Perceuse,3,253.58
2023-04-02,Dunkerque,Électroménager,Micro-ondes,1,453.16
2023-04-02,Amiens,Mode,Jean homme,4,1089.08
2023-04-02,Roubaix,Sport,Haltères 10kg,3,294.9
2023-04-02,Dunkerque,Électroménager,Aspirateur,1,191.18
2023-04-02,Valenciennes,Mode,Veste hiver,1,524.79
2023-04-02,En ligne,Sport,Vélo VTT,2,1090.42
2023-04-02,Dunkerque,Électroménager,Micro-ondes,4,1812.64
2023-04-02,Lille,Bricolage,Perceuse,3,316.98
2023-04-02,En ligne,Sport,Vélo VTT,4,2180.84
2023-04-02,Dunkerque,Mode,Robe été,2,593.04
2023-04-02,En ligne,Maison,Rideau occultant,3,303.63
2023-04-03,Dunkerque,Maison,Canapé 3 places,2,443.21
2023-04-03,Dunkerque,Maison,Rideau occultant,1,101.21
2023-04-03,En ligne,Électroménager,Réfrigérateur,1,387.37
2023-04-03,Roubaix,Sport,Raquette tennis,4,2824.76
2023-04-03,Amiens,Mode,Baskets ville,1,414.46
2023-04-03,Lille,Maison,Rideau occultant,2,202.42
2023-04-03,Roubaix,Bricolage,Échelle alu,2,709.34
2023-04-03,Roubaix,Sport,Vélo VTT,5,2726.05
2023-04-03,Dunkerque,Maison,Étagère bois,3,838.77
2023-04-03,Lille,Sport,Haltères 10kg,2,196.6
2023-04-03,Amiens,Sport,Maillot bain,3,1052.31
2023-04-03,Dunkerque,Sport,Haltères 10kg,3,235.92
2023-04-04,En ligne,Sport,Chaussures running,2,1025.15
2023-04-04,Valenciennes,Maison,Étagère bois,3,838.77
2023-04-04,En ligne,Sport,Ballon foot,1,100.1
2023-04-04,Roubaix,Bricolage,Boîte à outils,3,249.63
2023-04-04,Dunkerque,Bricolage,Perceuse,3,316.98
2023-04-04,Lille,Bricolage,Tournevis set,1,636.28
2023-04-04,Valenciennes,Sport,Maillot bain,2,666.46
2023-04-04,Lille,Électroménager,Robot cuiseur,2,449.95
2023-04-04,Lille,Électroménager,Réfrigérateur,1,387.37
2023-04-04,Dunkerque,Bricolage,Échelle alu,2,709.34
2023-04-04,En ligne,Sport,Tapis yoga,3,1975.08
2023-04-04,Tourcoing,Bricolage,Perceuse,3,301.13
2023-04-04,Tourcoing,Sport,Tapis yoga,4,2633.44
2023-04-04,Tourcoing,Maison,Lampe LED,3,402.66
2023-04-04,Lille,Bricolage,Perceuse,2,211.32
2023-04-04,Tourcoing,Électroménager,Aspirateur,3,573.54
2023-04-04,Dunkerque,Sport,Vélo VTT,2,1090.42
2023-04-04,En ligne,Électroménager,Bouilloire,3,2178.12
2023-04-04,Lille,Électroménager,Robot cuiseur,3,749.91
2023-04-04,Tourcoing,Mode,Pull laine,1,884.49
2023-04-05,Lille,Sport,Maillot bain,2,701.54
2023-04-05,Dunkerque,Mode,Baskets ville,5,2072.3
2023-04-05,Dunkerque,Sport,Vélo VTT,3,1635.63
2023-04-05,Lille,Maison,Lampe LED,1,127.51
2023-04-05,Roubaix,Mode,T-shirt coton,1,504.67
2023-04-05,Lille,Mode,Jean homme,1,272.27
2023-04-05,Dunkerque,Mode,Baskets ville,3,1243.38
2023-04-05,Tourcoing,Bricolage,Échelle alu,4,1276.81
2023-04-05,Dunkerque,Sport,Ballon foot,3,300.3
2023-04-05,Roubaix,Maison,Rideau occultant,2,192.3
2023-04-05,Lille,Maison,Lampe LED,2,241.6
2023-04-05,Tourcoing,Mode,Veste hiver,4,2623.96
2023-04-05,Dunkerque,Maison,Rideau occultant,5,506.05
2023-04-05,Tourcoing,Maison,Canapé 3 places,1,246.23
2023-04-05,Lille,Bricolage,Boîte à outils,4,332.84
2023-04-05,Amiens,Mode,Pull laine,3,2653.47
2023-04-05,Lille,Sport,Tapis yoga,2,1316.72
2023-04-05,Lille,Maison,Couette 220x240,1,224.09
2023-04-05,Dunkerque,Maison,Set casseroles,3,2120.55
2023-04-05,Valenciennes,Sport,Ballon foot,3,300.3
2023-04-05,Valenciennes,Sport,Chaussures running,5,2847.65
2023-04-05,Dunkerque,Mode,Robe été,1,266.87
2023-04-05,Lille,Sport,Maillot bain,5,1753.85
2023-04-05,Roubaix,Maison,Rideau occultant,5,506.05
2023-04-05,En ligne,Sport,Ballon foot,1,90.09
2023-04-05,Valenciennes,Électroménager,Micro-ondes,1,453.16
2023-04-06,Lille,Électroménager,Robot cuiseur,3,749.91
2023-04-06,Dunkerque,Mode,T-shirt coton,2,1009.34
2023-04-06,En ligne,Électroménager,Bouilloire,1,726.04
2023-04-06,Dunkerque,Sport,Raquette tennis,1,706.19
2023-04-06,Valenciennes,Bricolage,Tournevis set,1,636.28
2023-04-06,Lille,Électroménager,Micro-ondes,2,906.32
2023-04-06,Lille,Mode,Veste hiver,3,1967.97
2023-04-06,Dunkerque,Sport,Vélo VTT,4,2180.84
2023-04-06,En ligne,Mode,Veste hiver,1,524.79
2023-04-06,Amiens,Maison,Set casseroles,2,1413.7
2023-04-07,Tourcoing,Électroménager,Bouilloire,3,2178.12
2023-04-07,Tourcoing,Mode,T-shirt coton,3,1514.01
2023-04-07,Amiens,Mode,Veste hiver,3,1967.97
2023-04-07,Valenciennes,Sport,Raquette tennis,3,2118.57
2023-04-07,Lille,Mode,Robe été,1,296.52
2023-04-07,Lille,Bricolage,Échelle alu,1,336.94
2023-04-07,Tourcoing,Bricolage,Peinture 5L,3,1827.0
2023-04-07,En ligne,Électroménager,Robot cuiseur,2,499.94
2023-04-07,Lille,Mode,Jean homme,4,980.17
2023-04-07,Dunkerque,Électroménager,Aspirateur,3,573.54
2023-04-07,Tourcoing,Sport,Chaussures running,1,569.53
2023-04-07,Valenciennes,Électroménager,Micro-ondes,3,1359.48
2023-04-07,Tourcoing,Maison,Set casseroles,2,1413.7
2023-04-07,Tourcoing,Électroménager,Micro-ondes,1,453.16
2023-04-07,Tourcoing,Mode,Robe été,4,1186.08
2023-04-07,Dunkerque,Mode,Robe été,2,563.39
2023-04-07,Tourcoing,Sport,Maillot bain,5,1753.85
2023-04-07,Roubaix,Mode,Jean homme,2,544.54
2023-04-07,Amiens,Électroménager,Aspirateur,1,191.18
2023-04-07,En ligne,Mode,T-shirt coton,5,2523.35
2023-04-08,Amiens,Maison,Rideau occultant,3,288.45
2023-04-08,Tourcoing,Électroménager,Cafetière,1,392.24
2023-04-08,Lille,Maison,Set casseroles,5,3534.25
2023-04-08,Tourcoing,Sport,Maillot bain,4,1403.08
2023-04-08,En ligne,Sport,Haltères 10kg,5,491.5
2023-04-08,Lille,Mode,Veste hiver,3,1967.97
2023-04-08,Dunkerque,Mode,T-shirt coton,2,1009.34
2023-04-08,Roubaix,Mode,Baskets ville,1,460.51
2023-04-08,Amiens,Maison,Set casseroles,4,2261.92
2023-04-08,En ligne,Mode,T-shirt coton,2,1009.34
2023-04-08,En ligne,Électroménager,Aspirateur,1,191.18
2023-04-08,Valenciennes,Bricolage,Échelle alu,1,354.67
2023-04-08,Lille,Sport,Maillot bain,3,999.69
2023-04-08,Tourcoing,Sport,Raquette tennis,1,706.19
2023-04-08,Valenciennes,Sport,Ballon foot,1,100.1
2023-04-08,Lille,Électroménager,Cafetière,1,392.24
2023-04-08,Lille,Mode,T-shirt coton,1,504.67
2023-04-08,Roubaix,Électroménager,Cafetière,3,1176.72
2023-04-09,Roubaix,Mode,Jean homme,3,816.81
2023-04-09,Lille,Électroménager,Bouilloire,1,726.04
2023-04-09,Tourcoing,Mode,Baskets ville,1,460.51
2023-04-09,Amiens,Sport,Chaussures running,2,1139.06
2023-04-09,Dunkerque,Mode,Jean homme,3,775.97
2023-04-09,Roubaix,Mode,Robe été,1,281.69
2023-04-09,Lille,Bricolage,Échelle alu,2,709.34
2023-04-09,Roubaix,Mode,Jean homme,2,544.54
2023-04-09,Tourcoing,Maison,Rideau occultant,3,303.63
2023-04-09,Lille,Bricolage,Tournevis set,3,1908.84
2023-04-10,En ligne,Mode,Veste hiver,1,524.79
2023-04-10,Roubaix,Maison,Couette 220x240,3,605.04
2023-04-10,Dunkerque,Mode,Robe été,6,1601.21
2023-04-10,Roubaix,Électroménager,Robot cuiseur,1,249.97
2023-04-10,Dunkerque,Sport,Chaussures running,2,1139.06
2023-04-10,En ligne,Maison,Canapé 3 places,1,246.23
2023-04-10,Dunkerque,Sport,Ballon foot,2,200.2
2023-04-10,Lille,Mode,T-shirt coton,2,807.47
2023-04-10,Tourcoing,Mode,Veste hiver,3,1869.57
2023-04-10,Lille,Sport,Tapis yoga,4,2633.44
2023-04-10,Roubaix,Électroménager,Aspirateur,2,363.24
2023-04-10,Lille,Mode,T-shirt coton,2,958.87
2023-04-10,Roubaix,Bricolage,Perceuse,1,105.66
2023-04-10,Tourcoing,Bricolage,Peinture 5L,3,1827.0
2023-04-10,Lille,Sport,Vélo VTT,6,2944.13
2023-04-10,Roubaix,Sport,Vélo VTT,1,490.69
2023-04-10,Lille,Sport,Haltères 10kg,3,294.9
2023-04-10,Amiens,Électroménager,Aspirateur,3,573.54
2023-04-10,Lille,Bricolage,Tournevis set,4,2545.12
2023-04-10,Roubaix,Mode,Robe été,3,889.56
2023-04-11,Tourcoing,Maison,Rideau occultant,2,202.42
2023-04-11,Tourcoing,Bricolage,Peinture 5L,3,1827.0
2023-04-11,Tourcoing,Sport,Vélo VTT,4,2180.84
2023-04-11,Roubaix,Mode,Pull laine,4,3361.06
2023-04-11,Tourcoing,Bricolage,Perceuse,3,316.98
2023-04-11,Lille,Mode,Robe été,1,296.52
2023-04-11,Roubaix,Sport,Maillot bain,3,1052.31
2023-04-11,Roubaix,Mode,Veste hiver,2,1311.98
2023-04-11,En ligne,Bricolage,Boîte à outils,3,249.63
2023-04-11,Tourcoing,Sport,Chaussures running,1,569.53
2023-04-11,Dunkerque,Sport,Maillot bain,1,350.77
2023-04-11,Valenciennes,Électroménager,Micro-ondes,5,2265.8
2023-04-11,Roubaix,Sport,Vélo VTT,1,545.21
2023-04-11,Amiens,Électroménager,Robot cuiseur,3,712.41
2023-04-11,Roubaix,Électroménager,Robot cuiseur,2,474.94
2023-04-12,Lille,Maison,Étagère bois,2,559.18
2023-04-12,Amiens,Maison,Lampe LED,2,268.44
2023-04-12,Tourcoing,Maison,Lampe LED,1,134.22
2023-04-12,Lille,Maison,Couette 220x240,1,224.09
2023-04-12,Amiens,Bricolage,Peinture 5L,1,609.0
2023-04-12,Tourcoing,Maison,Canapé 3 places,1,233.92
2023-04-12,Amiens,Électroménager,Robot cuiseur,5,1249.85
2023-04-12,Roubaix,Maison,Lampe LED,2,268.44
2023-04-12,Dunkerque,Sport,Raquette tennis,3,2118.57
2023-04-12,Dunkerque,Bricolage,Perceuse,3,316.98
2023-04-12,Amiens,Sport,Raquette tennis,3,2118.57
2023-04-12,Roubaix,Bricolage,Peinture 5L,1,609.0
2023-04-12,Lille,Électroménager,Micro-ondes,3,1291.51
2023-04-12,Lille,Mode,T-shirt coton,4,2018.68
2023-04-12,Amiens,Électroménager,Robot cuiseur,2,499.94
2023-04-12,Lille,Bricolage,Échelle alu,2,709.34
2023-04-12,En ligne,Maison,Rideau occultant,6,576.9
2023-04-13,Roubaix,Électroménager,Réfrigérateur,1,387.37
2023-04-13,Lille,Électroménager,Aspirateur,4,764.72
2023-04-13,Roubaix,Maison,Couette 220x240,6,1344.54
2023-04-13,Amiens,Sport,Vélo VTT,4,2071.8
2023-04-13,Valenciennes,Maison,Rideau occultant,1,96.15
2023-04-13,Dunkerque,Électroménager,Réfrigérateur,1,387.37
2023-04-13,Roubaix,Bricolage,Tournevis set,2,1272.56
2023-04-13,En ligne,Électroménager,Micro-ondes,4,1812.64
2023-04-13,Lille,Électroménager,Aspirateur,4,764.72
2023-04-13,Lille,Électroménager,Réfrigérateur,2,774.74
2023-04-13,Lille,Électroménager,Cafetière,3,1176.72
2023-04-13,Dunkerque,Mode,Pull laine,1,884.49
2023-04-14,Roubaix,Bricolage,Boîte à outils,3,249.63
2023-04-14,Lille,Électroménager,Aspirateur,3,516.19
2023-04-14,Tourcoing,Mode,Baskets ville,4,1842.04
2023-04-14,Lille,Bricolage,Tournevis set,2,1272.56
2023-04-14,Amiens,Sport,Ballon foot,3,300.3
2023-04-14,Lille,Bricolage,Tournevis set,1,572.65
2023-04-14,En ligne,Mode,T-shirt coton,2,1009.34
2023-04-14,En ligne,Sport,Maillot bain,1,350.77
2023-04-14,Dunkerque,Maison,Étagère bois,3,838.77
2023-04-14,Tourcoing,Bricolage,Boîte à outils,2,158.1
2023-04-14,Lille,Maison,Rideau occultant,4,404.84
2023-04-14,En ligne,Sport,Haltères 10kg,1,88.47
2023-04-14,Lille,Bricolage,Peinture 5L,1,609.0
2023-04-14,Dunkerque,Mode,Veste hiver,2,1311.98
2023-04-14,Valenciennes,Électroménager,Micro-ondes,4,1631.38
2023-04-14,Dunkerque,Maison,Set casseroles,2,1343.02
2023-04-14,Roubaix,Mode,Baskets ville,4,1842.04
2023-04-14,Lille,Maison,Étagère bois,1,279.59
2023-04-14,Valenciennes,Maison,Set casseroles,3,2120.55
2023-04-14,En ligne,Sport,Raquette tennis,1,706.19
2023-04-14,Roubaix,Électroménager,Micro-ondes,1,453.16
2023-04-15,Dunkerque,Sport,Vélo VTT,2,1090.42
2023-04-15,Dunkerque,Bricolage,Échelle alu,4,1418.68
2023-04-15,Tourcoing,Électroménager,Bouilloire,1,689.74
2023-04-15,Tourcoing,Électroménager,Micro-ondes,4,1631.38
2023-04-15,Roubaix,Maison,Set casseroles,3,2120.55
2023-04-15,Dunkerque,Bricolage,Boîte à outils,2,166.42
2023-04-15,Dunkerque,Mode,Veste hiver,5,3279.95
2023-04-15,Amiens,Maison,Canapé 3 places,1,246.23
2023-04-15,En ligne,Sport,Chaussures running,1,569.53
2023-04-15,Tourcoing,Bricolage,Tournevis set,1,636.28
2023-04-15,Roubaix,Mode,Baskets ville,1,460.51
2023-04-15,Roubaix,Maison,Set casseroles,5,3534.25
2023-04-15,Amiens,Électroménager,Robot cuiseur,1,249.97
2023-04-15,Lille,Maison,Set casseroles,1,706.85
2023-04-15,Roubaix,Mode,Baskets ville,4,1657.84
2023-04-15,Tourcoing,Mode,Pull laine,4,3537.96
2023-04-15,Valenciennes,Maison,Couette 220x240,3,672.27
2023-04-15,Lille,Mode,Jean homme,3,775.97
2023-04-15,Amiens,Mode,Jean homme,1,258.66
2023-04-15,Tourcoing,Maison,Couette 220x240,3,672.27
2023-04-15,Valenciennes,Mode,Robe été,2,593.04
2023-04-15,Lille,Électroménager,Cafetière,3,1176.72
2023-04-15,En ligne,Bricolage,Tournevis set,5,3181.4
2023-04-15,Amiens,Bricolage,Tournevis set,2,1272.56
2023-04-15,Valenciennes,Mode,Veste hiver,2,1311.98
2023-04-16,Tourcoing,Sport,Maillot bain,3,999.69
2023-04-16,Dunkerque,Sport,Raquette tennis,4,2824.76
2023-04-16,Dunkerque,Mode,Veste hiver,3,1967.97
2023-04-16,En ligne,Mode,Baskets ville,2,921.02
2023-04-16,Amiens,Mode,Baskets ville,1,437.48
2023-04-16,Valenciennes,Mode,Pull laine,5,3980.2
2023-04-16,Amiens,Électroménager,Cafetière,3,1117.88
2023-04-16,Lille,Mode,Jean homme,3,775.97
2023-04-16,Lille,Mode,Robe été,4,1067.47
2023-04-16,Tourcoing,Mode,Jean homme,1,258.66
2023-04-16,En ligne,Sport,Ballon foot,2,200.2
2023-04-17,Dunkerque,Mode,T-shirt coton,3,1514.01
2023-04-17,Dunkerque,Mode,T-shirt coton,3,1514.01
2023-04-17,Lille,Bricolage,Peinture 5L,2,1218.0
2023-04-17,Roubaix,Mode,Baskets ville,4,1842.04
2023-04-17,Dunkerque,Bricolage,Peinture 5L,5,2892.75
2023-04-17,Dunkerque,Sport,Haltères 10kg,1,98.3
2023-04-17,Valenciennes,Maison,Étagère bois,4,1118.36
2023-04-17,En ligne,Sport,Chaussures running,3,1708.59
2023-04-17,Dunkerque,Bricolage,Perceuse,4,422.64
2023-04-17,Tourcoing,Électroménager,Robot cuiseur,1,249.97
2023-04-17,Tourcoing,Sport,Maillot bain,2,561.23
2023-04-17,Amiens,Sport,Maillot bain,2,701.54
2023-04-17,Amiens,Sport,Vélo VTT,3,1635.63
2023-04-17,Lille,Mode,Pull laine,5,4201.33
2023-04-17,Lille,Électroménager,Micro-ondes,5,2152.51
2023-04-17,Valenciennes,Électroménager,Robot cuiseur,4,999.88
2023-04-17,Roubaix,Électroménager,Robot cuiseur,1,249.97
2023-04-17,Lille,Maison,Lampe LED,2,268.44
2023-04-17,Lille,Bricolage,Peinture 5L,2,1218.0
2023-04-18,Roubaix,Maison,Set casseroles,4,2827.4
2023-04-18,Lille,Mode,Jean homme,4,1089.08
2023-04-18,En ligne,Maison,Canapé 3 places,3,738.69
2023-04-18,Lille,Électroménager,Aspirateur,2,382.36
2023-04-18,Dunkerque,Électroménager,Réfrigérateur,4,1549.48
2023-04-18,En ligne,Sport,Haltères 10kg,3,294.9
2023-04-18,En ligne,Sport,Vélo VTT,3,1635.63
2023-04-18,Amiens,Mode,Jean homme,1,272.27
2023-04-18,En ligne,Sport,Tapis yoga,3,1975.08
2023-04-18,Valenciennes,Maison,Set casseroles,5,3534.25
2023-04-18,Dunkerque,Bricolage,Échelle alu,4,1418.68
2023-04-18,Lille,Maison,Lampe LED,4,536.88
2023-04-18,Tourcoing,Bricolage,Tournevis set,1,604.47
2023-04-18,En ligne,Électroménager,Micro-ondes,2,861.0
2023-04-18,En ligne,Sport,Raquette tennis,4,2824.76
2023-04-19,Lille,Maison,Set casseroles,2,1130.96
2023-04-19,Dunkerque,Maison,Set casseroles,2,1413.7
2023-04-19,Roubaix,Mode,Pull laine,2,1768.98
2023-04-19,Lille,Mode,Veste hiver,3,1967.97
2023-04-19,Lille,Mode,Pull laine,2,1768.98
2023-04-19,Lille,Sport,Chaussures running,2,1025.15
2023-04-19,Valenciennes,Électroménager,Réfrigérateur,4,1549.48
2023-04-19,Lille,Électroménager,Robot cuiseur,5,1249.85
2023-04-19,Tourcoing,Bricolage,Perceuse,1,105.66
2023-04-19,Dunkerque,Sport,Raquette tennis,3,2118.57
2023-04-19,En ligne,Maison,Étagère bois,5,1397.95
2023-04-19,Roubaix,Mode,Jean homme,4,1089.08
2023-04-19,Dunkerque,Maison,Couette 220x240,1,212.89
2023-04-19,Roubaix,Électroménager,Réfrigérateur,3,1162.11
2023-04-20,Amiens,Maison,Lampe LED,3,402.66
2023-04-20,Amiens,Mode,Baskets ville,1,460.51
2023-04-20,En ligne,Sport,Tapis yoga,3,1975.08
2023-04-20,Roubaix,Sport,Haltères 10kg,2,196.6
2023-04-20,En ligne,Électroménager,Robot cuiseur,2,499.94
2023-04-20,Tourcoing,Maison,Étagère bois,2,559.18
2023-04-20,En ligne,Mode,Robe été,3,889.56
2023-04-20,Lille,Mode,Pull laine,4,3361.06
2023-04-20,Amiens,Maison,Set casseroles,3,2120.55
2023-04-20,Amiens,Sport,Tapis yoga,3,1975.08
2023-04-20,Dunkerque,Bricolage,Boîte à outils,1,83.21
2023-04-20,En ligne,Maison,Étagère bois,1,279.59
2023-04-20,Amiens,Bricolage,Peinture 5L,2,1218.0
2023-04-20,En ligne,Maison,Set casseroles,4,2544.66
2023-04-20,Amiens,Maison,Set casseroles,3,2120.55
2023-04-20,Roubaix,Mode,Veste hiver,5,3279.95
2023-04-21,Tourcoing,Bricolage,Peinture 5L,3,1827.0
2023-04-21,Tourcoing,Bricolage,Perceuse,1,105.66
2023-04-21,Roubaix,Électroménager,Micro-ondes,1,430.5
2023-04-21,En ligne,Maison,Set casseroles,1,706.85
2023-04-21,Roubaix,Bricolage,Perceuse,1,105.66
2023-04-21,Tourcoing,Maison,Couette 220x240,1,224.09
2023-04-21,En ligne,Maison,Couette 220x240,4,896.36
2023-04-21,Tourcoing,Électroménager,Micro-ondes,2,906.32
2023-04-21,Tourcoing,Sport,Haltères 10kg,2,196.6
2023-04-21,Dunkerque,Mode,Veste hiver,2,1311.98
2023-04-21,Dunkerque,Bricolage,Échelle alu,4,1418.68
2023-04-21,Lille,Bricolage,Peinture 5L,2,1218.0
2023-04-21,Dunkerque,Sport,Tapis yoga,3,1975.08
2023-04-21,En ligne,Bricolage,Boîte à outils,2,166.42
2023-04-21,Lille,Sport,Maillot bain,4,1403.08
2023-04-22,Dunkerque,Maison,Rideau occultant,3,303.63
2023-04-22,Amiens,Sport,Haltères 10kg,2,176.94
2023-04-22,Amiens,Électroménager,Micro-ondes,2,906.32
2023-04-22,Lille,Maison,Lampe LED,4,536.88
2023-04-22,Valenciennes,Électroménager,Bouilloire,3,2178.12
2023-04-22,Roubaix,Bricolage,Boîte à outils,2,166.42
2023-04-22,En ligne,Électroménager,Micro-ondes,5,2265.8
2023-04-22,Amiens,Sport,Maillot bain,3,1052.31
2023-04-22,Lille,Mode,Baskets ville,3,1381.53
2023-04-22,Dunkerque,Mode,Veste hiver,1,655.99
2023-04-22,Lille,Sport,Vélo VTT,6,3271.26
2023-04-22,Lille,Maison,Lampe LED,2,268.44
2023-04-22,Lille,Sport,Vélo VTT,4,1962.76
2023-04-22,Amiens,Sport,Tapis yoga,1,658.36
2023-04-22,Valenciennes,Électroménager,Bouilloire,1,726.04
2023-04-22,Amiens,Sport,Haltères 10kg,1,88.47
2023-04-22,Tourcoing,Maison,Étagère bois,2,559.18
2023-04-23,Dunkerque,Maison,Canapé 3 places,2,492.46
2023-04-23,Amiens,Sport,Ballon foot,2,200.2
2023-04-23,Valenciennes,Maison,Rideau occultant,2,202.42
2023-04-23,Lille,Sport,Tapis yoga,3,1975.08
2023-04-23,Lille,Sport,Raquette tennis,1,706.19
2023-04-23,En ligne,Mode,Baskets ville,5,2302.55
2023-04-23,Tourcoing,Mode,Robe été,3,889.56
2023-04-23,Valenciennes,Mode,Pull laine,3,2653.47
2023-04-23,En ligne,Maison,Étagère bois,4,1118.36
2023-04-23,Valenciennes,Électroménager,Aspirateur,1,191.18
2023-04-23,Amiens,Bricolage,Perceuse,1,95.09
2023-04-23,Lille,Sport,Ballon foot,3,300.3
2023-04-23,Lille,Électroménager,Micro-ondes,4,1812.64
2023-04-23,Valenciennes,Électroménager,Robot cuiseur,1,249.97
2023-04-23,Lille,Électroménager,Micro-ondes,6,2583.01
2023-04-23,Roubaix,Maison,Rideau occultant,2,202.42
2023-04-23,Dunkerque,Mode,Robe été,1,296.52
2023-04-23,Roubaix,Maison,Lampe LED,2,268.44
2023-04-23,Lille,Maison,Rideau occultant,4,323.87
2023-04-24,Valenciennes,Électroménager,Robot cuiseur,4,999.88
2023-04-24,Tourcoing,Électroménager,Micro-ondes,3,1087.58
2023-04-24,Roubaix,Bricolage,Perceuse,5,528.3
2023-04-24,En ligne,Électroménager,Cafetière,2,706.03
2023-04-24,Roubaix,Mode,Pull laine,1,884.49
2023-04-24,Dunkerque,Sport,Vélo VTT,4,2180.84
2023-04-24,Lille,Mode,Jean homme,3,816.81
2023-04-24,Tourcoing,Maison,Lampe LED,3,402.66
2023-04-24,Amiens,Électroménager,Bouilloire,3,2178.12
2023-04-24,Lille,Bricolage,Perceuse,3,316.98
2023-04-24,Amiens,Maison,Couette 220x240,1,224.09
2023-04-24,Lille,Maison,Rideau occultant,1,101.21
2023-04-24,Amiens,Électroménager,Aspirateur,2,382.36
2023-04-24,Roubaix,Électroménager,Micro-ondes,3,1359.48
2023-04-24,Lille,Sport,Maillot bain,1,350.77
2023-04-24,Roubaix,Sport,Ballon foot,1,100.1
2023-04-24,Lille,Sport,Vélo VTT,1,517.95
2023-04-24,Tourcoing,Sport,Ballon foot,2,200.2
2023-04-25,Amiens,Bricolage,Peinture 5L,4,2436.0
2023-04-25,Roubaix,Mode,Jean homme,4,1089.08
2023-04-25,En ligne,Bricolage,Peinture 5L,1,609.0
2023-04-25,Lille,Bricolage,Tournevis set,2,1272.56
2023-04-25,Roubaix,Maison,Étagère bois,3,838.77
2023-04-25,Lille,Bricolage,Boîte à outils,1,83.21
2023-04-25,Dunkerque,Électroménager,Cafetière,3,1176.72
2023-04-25,Amiens,Bricolage,Boîte à outils,1,83.21
2023-04-25,Amiens,Électroménager,Micro-ondes,4,1812.64
2023-04-25,Dunkerque,Bricolage,Peinture 5L,4,2436.0
2023-04-25,Dunkerque,Sport,Maillot bain,2,561.23
2023-04-25,Dunkerque,Électroménager,Micro-ondes,2,906.32
2023-04-25,Amiens,Électroménager,Réfrigérateur,1,387.37
2023-04-25,Tourcoing,Bricolage,Échelle alu,4,1418.68
2023-04-25,Lille,Électroménager,Aspirateur,6,1147.08
2023-04-25,Roubaix,Maison,Étagère bois,3,838.77
2023-04-25,Roubaix,Électroménager,Micro-ondes,2,725.06
2023-04-25,Tourcoing,Électroménager,Aspirateur,1,191.18
2023-04-25,Dunkerque,Sport,Maillot bain,5,1753.85
2023-04-26,Dunkerque,Sport,Chaussures running,2,1139.06
2023-04-26,Roubaix,Électroménager,Aspirateur,3,516.19
2023-04-26,Lille,Électroménager,Micro-ondes,3,1359.48
2023-04-26,En ligne,Maison,Canapé 3 places,5,1231.15
2023-04-26,Tourcoing,Bricolage,Tournevis set,4,2545.12
2023-04-26,Roubaix,Maison,Rideau occultant,2,202.42
2023-04-26,Dunkerque,Mode,Robe été,1,296.52
2023-04-26,Roubaix,Sport,Tapis yoga,1,592.52
2023-04-26,Dunkerque,Électroménager,Aspirateur,4,764.72
2023-04-26,Roubaix,Électroménager,Réfrigérateur,1,387.37
2023-04-26,Lille,Bricolage,Boîte à outils,2,166.42
2023-04-26,En ligne,Sport,Chaussures running,3,1708.59
2023-04-26,En ligne,Bricolage,Boîte à outils,2,166.42
2023-04-26,Roubaix,Électroménager,Robot cuiseur,4,999.88
2023-04-26,Dunkerque,Mode,Robe été,1,296.52
2023-04-26,Lille,Mode,T-shirt coton,1,454.2
2023-04-26,Roubaix,Mode,Pull laine,4,3537.96
2023-04-26,Roubaix,Sport,Chaussures running,3,1708.59
2023-04-26,Valenciennes,Électroménager,Réfrigérateur,2,619.79
2023-04-26,Roubaix,Mode,Baskets ville,2,921.02
2023-04-26,Dunkerque,Bricolage,Perceuse,1,105.66
2023-04-26,Lille,Mode,Pull laine,4,3537.96
2023-04-27,Lille,Mode,Pull laine,5,4422.45
2023-04-27,Dunkerque,Bricolage,Tournevis set,4,2545.12
2023-04-27,Tourcoing,Sport,Haltères 10kg,1,88.47
2023-04-27,Lille,Maison,Rideau occultant,2,202.42
2023-04-27,Dunkerque,Maison,Étagère bois,4,1118.36
2023-04-27,Roubaix,Sport,Haltères 10kg,1,98.3
2023-04-27,Roubaix,Électroménager,Bouilloire,2,1452.08
2023-04-27,Dunkerque,Sport,Ballon foot,4,400.4
2023-04-27,Valenciennes,Mode,Jean homme,2,544.54
2023-04-27,Dunkerque,Maison,Étagère bois,3,838.77
2023-04-27,Amiens,Bricolage,Échelle alu,3,1064.01
2023-04-27,Lille,Sport,Tapis yoga,3,1975.08
2023-04-27,Dunkerque,Sport,Ballon foot,1,100.1
2023-04-27,Amiens,Sport,Maillot bain,5,1753.85
2023-04-27,Amiens,Électroménager,Bouilloire,2,1452.08
2023-04-27,En ligne,Mode,Robe été,2,593.04
2023-04-27,Amiens,Sport,Maillot bain,5,1578.46
2023-04-28,Dunkerque,Sport,Maillot bain,2,701.54
2023-04-28,Tourcoing,Sport,Raquette tennis,1,706.19
2023-04-28,Tourcoing,Mode,Baskets ville,4,1842.04
2023-04-28,Valenciennes,Maison,Lampe LED,1,134.22
2023-04-28,En ligne,Sport,Raquette tennis,1,564.95
2023-04-28,Tourcoing,Bricolage,Peinture 5L,1,609.0
2023-04-28,En ligne,Maison,Étagère bois,2,559.18
2023-04-28,Valenciennes,Sport,Haltères 10kg,2,196.6
2023-04-28,Lille,Maison,Lampe LED,6,805.32
2023-04-28,Amiens,Maison,Canapé 3 places,1,221.61
2023-04-28,Dunkerque,Mode,Veste hiver,4,2492.76
2023-04-28,Roubaix,Sport,Vélo VTT,4,2180.84
2023-04-28,Lille,Maison,Rideau occultant,1,91.09
2023-04-28,Roubaix,Bricolage,Perceuse,2,211.32
2023-04-28,Amiens,Électroménager,Réfrigérateur,5,1936.85
2023-04-28,Lille,Électroménager,Aspirateur,4,726.48
2023-04-28,Lille,Électroménager,Réfrigérateur,4,1549.48
2023-04-28,Tourcoing,Sport,Vélo VTT,3,1635.63
2023-04-28,Roubaix,Maison,Set casseroles,5,3534.25
2023-04-28,Tourcoing,Électroménager,Cafetière,3,1176.72
2023-04-28,Dunkerque,Électroménager,Aspirateur,4,764.72
2023-04-29,Tourcoing,Mode,Baskets ville,1,460.51
2023-04-29,Valenciennes,Sport,Tapis yoga,4,2633.44
2023-04-29,Lille,Électroménager,Micro-ondes,3,1359.48
2023-04-29,En ligne,Sport,Haltères 10kg,3,235.92
2023-04-29,Valenciennes,Maison,Rideau occultant,2,202.42
2023-04-29,Tourcoing,Électroménager,Micro-ondes,1,453.16
2023-04-29,Dunkerque,Sport,Ballon foot,3,300.3
2023-04-29,Amiens,Maison,Canapé 3 places,5,1231.15
2023-04-29,Roubaix,Sport,Tapis yoga,3,1975.08
2023-04-29,Amiens,Électroménager,Cafetière,2,784.48
2023-04-30,Amiens,Maison,Rideau occultant,6,576.9
2023-04-30,Amiens,Sport,Vélo VTT,3,1472.07
2023-04-30,Tourcoing,Mode,Pull laine,4,3537.96
2023-04-30,Dunkerque,Mode,Robe été,2,593.04
2023-04-30,En ligne,Maison,Lampe LED,3,402.66
2023-04-30,Lille,Mode,T-shirt coton,2,1009.34
2023-04-30,Amiens,Sport,Maillot bain,4,1403.08
2023-04-30,En ligne,Sport,Tapis yoga,2,1316.72
2023-04-30,Amiens,Sport,Chaussures running,3,1708.59
2023-04-30,En ligne,Mode,T-shirt coton,5,2523.35
2023-04-30,Dunkerque,Bricolage,Échelle alu,2,709.34
2023-04-30,En ligne,Bricolage,Boîte à outils,2,158.1
2023-04-30,Lille,Mode,Robe été,2,593.04
2023-05-01,Tourcoing,Électroménager,Bouilloire,3,2178.12
2023-05-01,Lille,Mode,Pull laine,1,884.49
2023-05-01,Lille,Sport,Raquette tennis,6,4237.14
2023-05-01,En ligne,Mode,Jean homme,5,1361.35
2023-05-01,Amiens,Mode,Veste hiver,1,590.39
2023-05-01,Dunkerque,Sport,Maillot bain,1,350.77
2023-05-01,Lille,Sport,Maillot bain,1,350.77
2023-05-01,Tourcoing,Mode,Robe été,2,563.39
2023-05-01,Lille,Électroménager,Robot cuiseur,3,749.91
2023-05-01,Amiens,Sport,Raquette tennis,4,2824.76
2023-05-01,Amiens,Mode,Veste hiver,3,1869.57
2023-05-01,Dunkerque,Mode,Pull laine,1,884.49
2023-05-01,Lille,Mode,Jean homme,5,1361.35
2023-05-01,Dunkerque,Sport,Tapis yoga,1,658.36
2023-05-01,Tourcoing,Bricolage,Échelle alu,4,1347.75
2023-05-01,Dunkerque,Maison,Set casseroles,4,2827.4
2023-05-01,Tourcoing,Bricolage,Tournevis set,3,1908.84
2023-05-02,Valenciennes,Mode,T-shirt coton,4,2018.68
2023-05-02,Amiens,Sport,Chaussures running,1,569.53
2023-05-02,Roubaix,Maison,Canapé 3 places,3,738.69
2023-05-02,Tourcoing,Sport,Tapis yoga,2,1316.72
2023-05-02,En ligne,Maison,Canapé 3 places,1,246.23
2023-05-02,En ligne,Sport,Vélo VTT,3,1635.63
2023-05-02,Lille,Électroménager,Robot cuiseur,2,499.94
2023-05-02,Dunkerque,Bricolage,Boîte à outils,4,299.56
2023-05-02,Dunkerque,Mode,Jean homme,2,544.54
2023-05-02,Amiens,Sport,Chaussures running,4,2164.21
2023-05-02,Amiens,Sport,Raquette tennis,5,3177.86
2023-05-02,En ligne,Maison,Lampe LED,4,536.88
2023-05-02,Tourcoing,Bricolage,Perceuse,2,211.32
2023-05-02,Valenciennes,Mode,Baskets ville,4,1842.04
2023-05-03,En ligne,Sport,Ballon foot,2,200.2
2023-05-03,En ligne,Sport,Vélo VTT,5,2726.05
2023-05-03,En ligne,Électroménager,Micro-ondes,2,906.32
2023-05-03,Lille,Mode,Pull laine,1,884.49
2023-05-03,Tourcoing,Bricolage,Tournevis set,2,1272.56
2023-05-03,En ligne,Maison,Canapé 3 places,1,246.23
2023-05-03,Tourcoing,Maison,Set casseroles,2,1413.7
2023-05-03,Lille,Mode,Pull laine,1,884.49
2023-05-03,Roubaix,Mode,T-shirt coton,4,2018.68
2023-05-03,Amiens,Électroménager,Robot cuiseur,2,499.94
2023-05-03,En ligne,Mode,Pull laine,5,4422.45
2023-05-03,Dunkerque,Sport,Maillot bain,1,280.62
2023-05-03,Dunkerque,Électroménager,Aspirateur,3,573.54
2023-05-03,Lille,Bricolage,Peinture 5L,3,1827.0
2023-05-03,Roubaix,Sport,Tapis yoga,3,1975.08
2023-05-03,Dunkerque,Maison,Lampe LED,2,268.44
2023-05-03,Amiens,Bricolage,Perceuse,3,316.98
2023-05-04,Tourcoing,Mode,Baskets ville,3,1381.53
2023-05-04,Tourcoing,Mode,T-shirt coton,1,504.67
2023-05-04,En ligne,Sport,Raquette tennis,3,2118.57
2023-05-04,Valenciennes,Sport,Ballon foot,3,300.3
2023-05-04,Dunkerque,Bricolage,Peinture 5L,2,1218.0
2023-05-04,Roubaix,Électroménager,Robot cuiseur,2,499.94
2023-05-04,Lille,Électroménager,Robot cuiseur,1,249.97
2023-05-04,Lille,Maison,Rideau occultant,2,202.42
2023-05-04,Valenciennes,Électroménager,Bouilloire,3,2178.12
2023-05-04,Lille,Mode,Baskets ville,4,1842.04
2023-05-04,Tourcoing,Sport,Raquette tennis,2,1412.38
2023-05-05,Lille,Électroménager,Cafetière,3,1176.72
2023-05-05,Tourcoing,Mode,Veste hiver,4,2361.56
2023-05-05,Tourcoing,Maison,Couette 220x240,4,896.36
2023-05-05,Roubaix,Bricolage,Échelle alu,4,1418.68
2023-05-05,Lille,Maison,Lampe LED,1,134.22
2023-05-05,Lille,Bricolage,Perceuse,4,380.38
2023-05-05,Roubaix,Sport,Haltères 10kg,3,294.9
2023-05-05,Amiens,Maison,Couette 220x240,1,224.09
2023-05-05,Lille,Bricolage,Boîte à outils,1,83.21
2023-05-05,Lille,Maison,Set casseroles,4,2827.4
2023-05-05,Tourcoing,Sport,Haltères 10kg,1,98.3
2023-05-05,Dunkerque,Bricolage,Peinture 5L,5,2436.0
2023-05-05,Tourcoing,Sport,Tapis yoga,1,592.52
2023-05-05,Lille,Sport,Raquette tennis,6,3389.71
2023-05-05,Amiens,Sport,Vélo VTT,1,545.21
2023-05-05,Lille,Sport,Vélo VTT,1,545.21
2023-05-05,Amiens,Maison,Couette 220x240,2,448.18
2023-05-06,Dunkerque,Maison,Set casseroles,2,1413.7
2023-05-06,Valenciennes,Maison,Étagère bois,5,1397.95
2023-05-06,Roubaix,Bricolage,Échelle alu,2,709.34
2023-05-06,Dunkerque,Sport,Tapis yoga,4,2501.77
2023-05-06,Roubaix,Bricolage,Échelle alu,1,354.67
2023-05-06,Valenciennes,Bricolage,Perceuse,2,211.32
2023-05-06,Lille,Mode,Pull laine,3,2653.47
2023-05-06,Roubaix,Mode,Jean homme,2,544.54
2023-05-06,Lille,Mode,T-shirt coton,3,1514.01
2023-05-06,Amiens,Mode,Robe été,3,889.56
2023-05-07,Roubaix,Maison,Couette 220x240,5,1120.45
2023-05-07,Lille,Mode,Baskets ville,3,1312.45
2023-05-07,Lille,Bricolage,Boîte à outils,3,224.67
2023-05-07,Valenciennes,Sport,Ballon foot,2,200.2
2023-05-07,Roubaix,Bricolage,Peinture 5L,3,1735.65
2023-05-07,Dunkerque,Mode,Pull laine,2,1415.18
2023-05-07,Lille,Mode,Robe été,2,593.04
2023-05-07,Dunkerque,Bricolage,Tournevis set,1,636.28
2023-05-07,Lille,Maison,Couette 220x240,6,1277.31
2023-05-07,Lille,Bricolage,Échelle alu,3,957.61
2023-05-07,Dunkerque,Électroménager,Aspirateur,4,688.25
2023-05-07,Roubaix,Mode,Robe été,4,1186.08
2023-05-07,Lille,Sport,Chaussures running,2,1139.06
2023-05-07,Amiens,Maison,Couette 220x240,4,896.36
2023-05-07,Lille,Sport,Haltères 10kg,3,294.9
2023-05-07,Amiens,Maison,Set casseroles,2,1413.7
2023-05-07,Roubaix,Bricolage,Boîte à outils,3,249.63
2023-05-07,Tourcoing,Bricolage,Peinture 5L,2,1218.0
2023-05-08,Lille,Maison,Set casseroles,3,1908.5
2023-05-08,Dunkerque,Électroménager,Réfrigérateur,4,1549.48
2023-05-08,Dunkerque,Maison,Couette 220x240,5,1120.45
2023-05-08,Lille,Sport,Raquette tennis,6,4237.14
2023-05-08,Lille,Sport,Ballon foot,4,400.4
2023-05-08,Valenciennes,Électroménager,Robot cuiseur,3,712.41
2023-05-08,En ligne,Électroménager,Réfrigérateur,4,1549.48
2023-05-08,Roubaix,Sport,Maillot bain,1,350.77
2023-05-08,En ligne,Électroménager,Robot cuiseur,4,999.88
2023-05-08,Dunkerque,Maison,Rideau occultant,4,404.84
2023-05-08,En ligne,Mode,Jean homme,4,1089.08
2023-05-08,Roubaix,Électroménager,Robot cuiseur,3,712.41
2023-05-08,En ligne,Électroménager,Aspirateur,4,726.48
2023-05-08,Dunkerque,Électroménager,Aspirateur,2,382.36
2023-05-08,Roubaix,Bricolage,Boîte à outils,5,395.25
2023-05-08,Roubaix,Électroménager,Réfrigérateur,4,1549.48
2023-05-08,En ligne,Mode,Robe été,4,1186.08
2023-05-08,Tourcoing,Maison,Étagère bois,4,1118.36
2023-05-08,Tourcoing,Sport,Maillot bain,1,350.77
2023-05-08,Amiens,Bricolage,Perceuse,2,211.32
2023-05-08,Lille,Bricolage,Peinture 5L,2,1218.0
2023-05-09,Lille,Maison,Rideau occultant,3,303.63
2023-05-09,En ligne,Sport,Ballon foot,1,100.1
2023-05-09,Roubaix,Maison,Couette 220x240,5,1120.45
2023-05-09,Valenciennes,Sport,Tapis yoga,1,658.36
2023-05-09,Lille,Électroménager,Réfrigérateur,3,1162.11
2023-05-09,Roubaix,Électroménager,Micro-ondes,5,2152.51
2023-05-09,Amiens,Mode,T-shirt coton,2,1009.34
2023-05-09,Lille,Maison,Lampe LED,3,402.66
2023-05-09,Roubaix,Bricolage,Boîte à outils,2,166.42
2023-05-09,Roubaix,Sport,Raquette tennis,3,2118.57
2023-05-09,Roubaix,Maison,Rideau occultant,3,303.63
2023-05-09,Amiens,Sport,Tapis yoga,2,1250.88
2023-05-10,Roubaix,Sport,Haltères 10kg,3,294.9
2023-05-10,Dunkerque,Maison,Canapé 3 places,2,467.84
2023-05-10,Roubaix,Mode,Jean homme,2,544.54
2023-05-10,Lille,Maison,Rideau occultant,5,506.05
2023-05-10,Dunkerque,Électroménager,Aspirateur,2,382.36
2023-05-10,Lille,Sport,Chaussures running,4,2164.21
2023-05-10,En ligne,Mode,Pull laine,4,3537.96
2023-05-10,Lille,Électroménager,Cafetière,4,1490.51
2023-05-10,Roubaix,Électroménager,Bouilloire,2,1452.08
2023-05-10,Tourcoing,Mode,Veste hiver,3,1967.97
2023-05-10,Roubaix,Électroménager,Aspirateur,2,382.36
2023-05-10,En ligne,Mode,Baskets ville,1,460.51
2023-05-11,Amiens,Sport,Ballon foot,4,400.4
2023-05-11,En ligne,Électroménager,Robot cuiseur,1,249.97
2023-05-11,Lille,Électroménager,Aspirateur,2,382.36
2023-05-11,Tourcoing,Mode,T-shirt coton,1,504.67
2023-05-11,Valenciennes,Mode,Veste hiver,3,1967.97
2023-05-11,Tourcoing,Maison,Rideau occultant,3,242.9
2023-05-11,Dunkerque,Mode,Robe été,1,266.87
2023-05-11,Roubaix,Électroménager,Cafetière,2,784.48
2023-05-11,Dunkerque,Sport,Chaussures running,2,1139.06
2023-05-11,Lille,Sport,Haltères 10kg,3,294.9
2023-05-11,Roubaix,Électroménager,Micro-ondes,3,1359.48
2023-05-11,Valenciennes,Maison,Étagère bois,6,1677.54
2023-05-11,Dunkerque,Maison,Lampe LED,2,268.44
2023-05-11,Lille,Maison,Rideau occultant,3,303.63
2023-05-11,Tourcoing,Mode,Jean homme,3,816.81
2023-05-12,Dunkerque,Électroménager,Bouilloire,4,2904.16
2023-05-12,Roubaix,Mode,Baskets ville,1,437.48
2023-05-12,En ligne,Mode,Baskets ville,1,460.51
2023-05-12,Lille,Électroménager,Bouilloire,2,1452.08
2023-05-12,Dunkerque,Électroménager,Cafetière,5,1961.2
2023-05-12,Valenciennes,Bricolage,Perceuse,5,528.3
2023-05-12,Valenciennes,Maison,Lampe LED,1,134.22
2023-05-12,Dunkerque,Sport,Chaussures running,1,569.53
2023-05-12,Tourcoing,Électroménager,Cafetière,1,372.63
2023-05-12,Lille,Mode,Veste hiver,3,1967.97
2023-05-12,Lille,Électroménager,Micro-ondes,1,453.16
2023-05-12,Dunkerque,Sport,Maillot bain,1,350.77
2023-05-12,Amiens,Électroménager,Aspirateur,1,191.18
2023-05-12,Lille,Bricolage,Échelle alu,1,354.67
2023-05-12,Valenciennes,Mode,Baskets ville,1,460.51
2023-05-12,En ligne,Mode,Veste hiver,2,1311.98
2023-05-12,En ligne,Sport,Haltères 10kg,1,98.3
2023-05-12,En ligne,Mode,Jean homme,1,272.27
2023-05-12,Lille,Sport,Raquette tennis,4,2824.76
2023-05-12,Lille,Maison,Set casseroles,4,2544.66
2023-05-13,Roubaix,Mode,Robe été,3,889.56
2023-05-13,Lille,Électroménager,Aspirateur,1,172.06
2023-05-13,Lille,Électroménager,Réfrigérateur,2,736.0
2023-05-13,Dunkerque,Maison,Étagère bois,1,279.59
2023-05-13,Valenciennes,Maison,Couette 220x240,3,672.27
2023-05-13,En ligne,Maison,Couette 220x240,2,448.18
2023-05-13,Lille,Électroménager,Réfrigérateur,4,1549.48
2023-05-13,Roubaix,Électroménager,Réfrigérateur,5,1936.85
2023-05-13,Lille,Sport,Tapis yoga,4,2633.44
2023-05-13,Valenciennes,Maison,Lampe LED,1,134.22
2023-05-13,Roubaix,Bricolage,Perceuse,1,105.66
2023-05-13,Tourcoing,Sport,Raquette tennis,2,1412.38
2023-05-14,En ligne,Mode,Robe été,3,889.56
2023-05-14,Valenciennes,Mode,Jean homme,4,1089.08
2023-05-14,Lille,Sport,Chaussures running,5,2847.65
2023-05-14,En ligne,Électroménager,Réfrigérateur,5,1936.85
2023-05-14,Valenciennes,Maison,Lampe LED,3,402.66
2023-05-14,Roubaix,Maison,Canapé 3 places,3,738.69
2023-05-14,Tourcoing,Maison,Couette 220x240,5,1120.45
2023-05-14,Lille,Bricolage,Perceuse,2,211.32
2023-05-14,En ligne,Bricolage,Perceuse,4,422.64
2023-05-14,Lille,Sport,Raquette tennis,3,2118.57
2023-05-14,Amiens,Maison,Étagère bois,1,279.59
2023-05-14,Lille,Bricolage,Échelle alu,3,1064.01
2023-05-15,Roubaix,Bricolage,Peinture 5L,1,609.0
2023-05-15,En ligne,Sport,Raquette tennis,1,706.19
2023-05-15,Tourcoing,Maison,Canapé 3 places,3,738.69
2023-05-15,Lille,Électroménager,Aspirateur,2,382.36
2023-05-15,Lille,Sport,Ballon foot,2,200.2
2023-05-15,Lille,Mode,T-shirt coton,2,1009.34
2023-05-15,Amiens,Mode,Pull laine,3,2653.47
2023-05-15,Valenciennes,Sport,Haltères 10kg,1,98.3
2023-05-15,Lille,Électroménager,Réfrigérateur,4,1549.48
2023-05-15,Amiens,Sport,Vélo VTT,2,1090.42
2023-05-15,Dunkerque,Sport,Haltères 10kg,3,294.9
2023-05-15,Lille,Bricolage,Tournevis set,1,636.28
2023-05-15,En ligne,Sport,Tapis yoga,2,1316.72
2023-05-15,Lille,Bricolage,Échelle alu,1,354.67
2023-05-15,Lille,Maison,Set casseroles,2,1413.7
2023-05-15,Lille,Sport,Maillot bain,2,701.54
2023-05-15,Tourcoing,Sport,Maillot bain,3,1052.31
2023-05-15,Tourcoing,Maison,Rideau occultant,2,202.42
2023-05-15,En ligne,Bricolage,Boîte à outils,3,224.67
2023-05-16,En ligne,Maison,Couette 220x240,2,448.18
2023-05-16,Amiens,Sport,Vélo VTT,1,490.69
2023-05-16,Amiens,Mode,Baskets ville,2,921.02
2023-05-16,Tourcoing,Maison,Étagère bois,1,265.61
2023-05-16,Valenciennes,Mode,Pull laine,1,707.59
2023-05-16,Amiens,Sport,Maillot bain,1,350.77
2023-05-16,Lille,Maison,Rideau occultant,2,202.42
2023-05-16,Roubaix,Sport,Chaussures running,3,1708.59
2023-05-16,En ligne,Mode,Pull laine,2,1680.53
2023-05-16,Lille,Maison,Lampe LED,1,134.22
2023-05-16,Roubaix,Bricolage,Peinture 5L,2,1218.0
2023-05-16,Valenciennes,Sport,Tapis yoga,3,1975.08
2023-05-17,Lille,Sport,Maillot bain,3,947.08
2023-05-17,Valenciennes,Électroménager,Réfrigérateur,3,1162.11
2023-05-17,Roubaix,Bricolage,Peinture 5L,1,609.0
2023-05-17,Valenciennes,Bricolage,Peinture 5L,3,1827.0
2023-05-17,Tourcoing,Maison,Couette 220x240,2,403.36
2023-05-17,Amiens,Bricolage,Échelle alu,2,709.34
2023-05-17,Lille,Électroménager,Aspirateur,2,382.36
2023-05-17,En ligne,Mode,Jean homme,5,1225.21
2023-05-17,Tourcoing,Bricolage,Tournevis set,6,3435.91
2023-05-17,En ligne,Maison,Étagère bois,4,1118.36
2023-05-17,Roubaix,Mode,T-shirt coton,1,504.67
2023-05-17,Lille,Bricolage,Perceuse,2,211.32
2023-05-17,Tourcoing,Sport,Tapis yoga,2,1316.72
2023-05-17,Amiens,Mode,Baskets ville,1,460.51
2023-05-17,En ligne,Maison,Rideau occultant,4,384.6
2023-05-17,Valenciennes,Mode,Jean homme,3,816.81
2023-05-17,Amiens,Mode,Baskets ville,1,460.51
2023-05-17,Amiens,Bricolage,Boîte à outils,3,249.63
2023-05-17,Roubaix,Sport,Haltères 10kg,5,491.5
2023-05-18,Lille,Bricolage,Échelle alu,4,1418.68
2023-05-18,Dunkerque,Électroménager,Robot cuiseur,4,999.88
2023-05-18,Lille,Sport,Chaussures running,1,512.58
2023-05-18,Dunkerque,Maison,Set casseroles,1,706.85
2023-05-18,Dunkerque,Maison,Lampe LED,1,134.22
2023-05-18,Valenciennes,Maison,Étagère bois,3,838.77
2023-05-18,Amiens,Sport,Maillot bain,3,1052.31
2023-05-18,Roubaix,Maison,Couette 220x240,5,1120.45
2023-05-18,Roubaix,Mode,T-shirt coton,4,2018.68
2023-05-18,Tourcoing,Sport,Ballon foot,3,300.3
2023-05-18,Lille,Mode,Pull laine,1,884.49
2023-05-18,Roubaix,Bricolage,Peinture 5L,3,1827.0
2023-05-18,Lille,Maison,Lampe LED,1,134.22
2023-05-18,Dunkerque,Sport,Ballon foot,3,300.3
2023-05-18,En ligne,Maison,Couette 220x240,4,896.36
2023-05-18,Tourcoing,Maison,Couette 220x240,2,448.18
2023-05-18,Valenciennes,Sport,Tapis yoga,3,1975.08
2023-05-18,Lille,Mode,Pull laine,2,1768.98
2023-05-18,En ligne,Sport,Haltères 10kg,2,196.6
2023-05-19,Amiens,Maison,Canapé 3 places,4,984.92
2023-05-19,Lille,Sport,Vélo VTT,4,2180.84
2023-05-19,Dunkerque,Électroménager,Bouilloire,1,726.04
2023-05-19,Dunkerque,Maison,Rideau occultant,6,607.26
2023-05-19,Lille,Bricolage,Perceuse,5,528.3
2023-05-19,En ligne,Électroménager,Aspirateur,1,172.06
2023-05-19,Lille,Bricolage,Peinture 5L,4,2436.0
2023-05-19,Lille,Sport,Raquette tennis,4,2683.52
2023-05-19,En ligne,Bricolage,Boîte à outils,5,416.05
2023-05-19,Lille,Mode,Jean homme,2,544.54
2023-05-19,Lille,Maison,Set casseroles,2,1413.7
2023-05-19,Tourcoing,Maison,Couette 220x240,1,224.09
2023-05-19,En ligne,Mode,Pull laine,3,2653.47
2023-05-19,Roubaix,Mode,Veste hiver,2,1311.98
2023-05-19,Lille,Bricolage,Boîte à outils,1,83.21
2023-05-19,En ligne,Sport,Vélo VTT,1,545.21
2023-05-20,Roubaix,Bricolage,Perceuse,2,211.32
2023-05-20,Tourcoing,Maison,Lampe LED,4,536.88
2023-05-20,Dunkerque,Électroménager,Cafetière,4,1568.96
2023-05-20,Roubaix,Mode,Jean homme,5,1225.21
2023-05-20,Roubaix,Électroménager,Bouilloire,1,726.04
2023-05-20,Valenciennes,Maison,Canapé 3 places,1,246.23
2023-05-20,Roubaix,Électroménager,Micro-ondes,2,725.06
2023-05-20,Valenciennes,Mode,Pull laine,2,1680.53
2023-05-20,Lille,Électroménager,Aspirateur,1,172.06
2023-05-20,Valenciennes,Électroménager,Robot cuiseur,3,749.91
2023-05-21,Tourcoing,Mode,Baskets ville,1,414.46
2023-05-21,Dunkerque,Bricolage,Tournevis set,2,1208.93
2023-05-21,Lille,Sport,Haltères 10kg,2,196.6
2023-05-21,Roubaix,Mode,Pull laine,2,1768.98
2023-05-21,En ligne,Bricolage,Peinture 5L,5,3045.0
2023-05-21,Roubaix,Bricolage,Peinture 5L,5,2436.0
2023-05-21,Dunkerque,Mode,Baskets ville,1,460.51
2023-05-21,Roubaix,Bricolage,Tournevis set,1,604.47
2023-05-21,En ligne,Bricolage,Échelle alu,2,709.34
2023-05-21,Amiens,Sport,Maillot bain,3,1052.31
2023-05-21,Lille,Mode,Baskets ville,4,1842.04
2023-05-21,Roubaix,Maison,Set casseroles,1,636.17
2023-05-21,En ligne,Électroménager,Cafetière,5,1961.2
2023-05-21,Roubaix,Mode,Baskets ville,3,1381.53
2023-05-21,Lille,Mode,T-shirt coton,3,1438.31
2023-05-21,Lille,Mode,Jean homme,3,816.81
2023-05-21,Lille,Maison,Lampe LED,2,255.02
2023-05-21,Tourcoing,Bricolage,Tournevis set,3,1813.4
2023-05-21,Dunkerque,Maison,Canapé 3 places,2,467.84
2023-05-21,Amiens,Sport,Maillot bain,5,1753.85
2023-05-22,Lille,Mode,Robe été,2,593.04
2023-05-22,En ligne,Mode,Robe été,5,1482.6
2023-05-22,En ligne,Bricolage,Boîte à outils,3,249.63
2023-05-22,En ligne,Sport,Ballon foot,2,180.18
2023-05-22,Amiens,Mode,Robe été,1,296.52
2023-05-22,Lille,Mode,Robe été,5,1482.6
2023-05-22,Dunkerque,Maison,Canapé 3 places,5,1231.15
2023-05-22,Roubaix,Maison,Set casseroles,1,706.85
2023-05-23,Tourcoing,Mode,Baskets ville,1,460.51
2023-05-23,Amiens,Bricolage,Boîte à outils,3,249.63
2023-05-23,Valenciennes,Maison,Couette 220x240,2,358.54
2023-05-23,Lille,Mode,Jean homme,1,258.66
2023-05-23,Lille,Bricolage,Échelle alu,2,709.34
2023-05-23,Dunkerque,Maison,Canapé 3 places,2,492.46
2023-05-23,Lille,Maison,Canapé 3 places,3,738.69
2023-05-23,Lille,Sport,Chaussures running,1,455.62
2023-05-23,Roubaix,Sport,Ballon foot,2,200.2
2023-05-23,Tourcoing,Sport,Haltères 10kg,4,353.88
2023-05-23,Roubaix,Maison,Set casseroles,3,2120.55
2023-05-23,Lille,Maison,Couette 220x240,4,851.54
2023-05-23,Valenciennes,Mode,Robe été,3,889.56
2023-05-23,En ligne,Mode,Pull laine,1,884.49
2023-05-23,Tourcoing,Électroménager,Robot cuiseur,6,1349.84
2023-05-23,Valenciennes,Sport,Raquette tennis,1,706.19
2023-05-23,Tourcoing,Électroménager,Micro-ondes,1,453.16
2023-05-23,Roubaix,Maison,Set casseroles,2,1413.7
2023-05-23,Valenciennes,Mode,Robe été,2,593.04
2023-05-23,Tourcoing,Bricolage,Perceuse,2,211.32
2023-05-23,Amiens,Maison,Couette 220x240,1,224.09
2023-05-23,Lille,Mode,Veste hiver,6,3739.14
2023-05-23,Tourcoing,Maison,Couette 220x240,2,448.18
2023-05-23,Dunkerque,Maison,Rideau occultant,6,546.53
2023-05-23,En ligne,Sport,Vélo VTT,3,1635.63
2023-05-24,Lille,Mode,T-shirt coton,3,1514.01
2023-05-24,Amiens,Sport,Chaussures running,1,541.05
2023-05-24,Dunkerque,Mode,Veste hiver,3,1574.38
2023-05-24,Valenciennes,Maison,Lampe LED,1,134.22
2023-05-24,Dunkerque,Bricolage,Boîte à outils,5,416.05
2023-05-24,Lille,Électroménager,Aspirateur,3,458.83
2023-05-24,Lille,Mode,Veste hiver,4,2623.96
2023-05-24,En ligne,Maison,Set casseroles,1,636.17
2023-05-24,Lille,Bricolage,Peinture 5L,4,2436.0
2023-05-24,Lille,Sport,Vélo VTT,2,1090.42
2023-05-24,Dunkerque,Sport,Maillot bain,5,1753.85
2023-05-24,En ligne,Sport,Maillot bain,5,1753.85
2023-05-24,Roubaix,Électroménager,Cafetière,2,784.48
2023-05-24,Lille,Électroménager,Micro-ondes,6,2718.96
2023-05-24,Dunkerque,Électroménager,Robot cuiseur,1,249.97
2023-05-25,Lille,Bricolage,Peinture 5L,1,578.55
2023-05-25,Valenciennes,Électroménager,Robot cuiseur,5,1249.85
2023-05-25,Tourcoing,Sport,Vélo VTT,4,2180.84
2023-05-25,Roubaix,Électroménager,Cafetière,4,1568.96
2023-05-25,Lille,Mode,Baskets ville,2,874.97
2023-05-25,Tourcoing,Bricolage,Peinture 5L,2,1218.0
2023-05-25,En ligne,Sport,Raquette tennis,5,3530.95
2023-05-25,Dunkerque,Maison,Étagère bois,1,279.59
2023-05-25,Dunkerque,Électroménager,Micro-ondes,1,453.16
2023-05-25,Tourcoing,Maison,Lampe LED,2,214.75
2023-05-25,Tourcoing,Sport,Maillot bain,3,1052.31
2023-05-25,En ligne,Bricolage,Boîte à outils,1,83.21
2023-05-25,Roubaix,Maison,Étagère bois,1,279.59
2023-05-25,Amiens,Mode,Robe été,5,1482.6
2023-05-25,En ligne,Bricolage,Tournevis set,1,636.28
2023-05-25,Dunkerque,Maison,Étagère bois,2,559.18
2023-05-25,Tourcoing,Sport,Chaussures running,3,1708.59
2023-05-25,Valenciennes,Bricolage,Perceuse,2,211.32
2023-05-25,En ligne,Sport,Vélo VTT,1,545.21
2023-05-25,Amiens,Électroménager,Micro-ondes,3,1359.48
2023-05-25,Amiens,Bricolage,Peinture 5L,3,1827.0
2023-05-25,Amiens,Maison,Rideau occultant,3,303.63
2023-05-25,Lille,Électroménager,Cafetière,2,784.48
2023-05-26,Amiens,Bricolage,Échelle alu,1,354.67
2023-05-26,Roubaix,Mode,T-shirt coton,3,1514.01
2023-05-26,En ligne,Sport,Haltères 10kg,2,196.6
2023-05-26,Dunkerque,Sport,Raquette tennis,3,2118.57
2023-05-26,En ligne,Bricolage,Boîte à outils,3,249.63
2023-05-26,Tourcoing,Bricolage,Tournevis set,2,1208.93
2023-05-26,En ligne,Bricolage,Boîte à outils,3,249.63
2023-05-26,Tourcoing,Bricolage,Perceuse,2,211.32
2023-05-26,Roubaix,Sport,Ballon foot,4,400.4
2023-05-26,Dunkerque,Sport,Raquette tennis,4,2824.76
2023-05-26,Tourcoing,Bricolage,Perceuse,4,422.64
2023-05-26,Valenciennes,Mode,T-shirt coton,1,504.67
2023-05-27,Dunkerque,Bricolage,Échelle alu,1,354.67
2023-05-27,Dunkerque,Maison,Étagère bois,3,754.89
2023-05-27,Valenciennes,Électroménager,Micro-ondes,1,453.16
2023-05-27,Valenciennes,Électroménager,Robot cuiseur,5,999.88
2023-05-27,Roubaix,Mode,Jean homme,3,816.81
2023-05-27,Tourcoing,Maison,Étagère bois,1,279.59
2023-05-27,Lille,Électroménager,Cafetière,3,1176.72
2023-05-27,Lille,Mode,Jean homme,2,544.54
2023-05-27,Lille,Sport,Tapis yoga,6,3950.16
2023-05-27,Roubaix,Mode,Veste hiver,1,623.19
2023-05-27,Valenciennes,Maison,Set casseroles,4,2686.03
2023-05-27,Roubaix,Bricolage,Tournevis set,3,1813.4
2023-05-27,Tourcoing,Maison,Canapé 3 places,2,492.46
2023-05-27,Roubaix,Sport,Maillot bain,3,1052.31
2023-05-27,Amiens,Électroménager,Cafetière,3,1117.88
2023-05-27,Amiens,Mode,Pull laine,3,2520.8
2023-05-27,Tourcoing,Électroménager,Bouilloire,3,2178.12
2023-05-28,Lille,Sport,Tapis yoga,5,3291.8
2023-05-28,Valenciennes,Maison,Canapé 3 places,1,246.23
2023-05-28,Dunkerque,Mode,Veste hiver,1,655.99
2023-05-28,Dunkerque,Électroménager,Bouilloire,1,726.04
2023-05-28,En ligne,Sport,Maillot bain,5,1753.85
2023-05-28,Lille,Mode,Jean homme,5,1225.21
2023-05-28,Valenciennes,Mode,T-shirt coton,2,1009.34
2023-05-28,Roubaix,Mode,Veste hiver,2,1311.98
2023-05-28,En ligne,Maison,Étagère bois,3,754.89
2023-05-28,Valenciennes,Mode,Veste hiver,1,655.99
2023-05-28,Lille,Sport,Chaussures running,2,1082.11
2023-05-28,Lille,Mode,Baskets ville,4,1657.84
2023-05-28,Tourcoing,Maison,Étagère bois,5,1258.16
2023-05-28,Tourcoing,Mode,Robe été,1,296.52
2023-05-28,Lille,Sport,Raquette tennis,5,3530.95
2023-05-28,Lille,Mode,Pull laine,2,1768.98
2023-05-28,En ligne,Mode,Robe été,2,593.04
2023-05-28,Dunkerque,Sport,Haltères 10kg,5,491.5
2023-05-28,Dunkerque,Maison,Lampe LED,5,671.1
2023-05-28,Roubaix,Mode,Robe été,5,1482.6
2023-05-28,Amiens,Maison,Lampe LED,2,268.44
2023-05-29,Roubaix,Bricolage,Boîte à outils,3,249.63
2023-05-29,Lille,Maison,Canapé 3 places,2,467.84
2023-05-29,Roubaix,Électroménager,Réfrigérateur,3,1104.0
2023-05-29,Lille,Maison,Rideau occultant,1,101.21
2023-05-29,Roubaix,Sport,Vélo VTT,4,2180.84
2023-05-29,Dunkerque,Bricolage,Boîte à outils,1,74.89
2023-05-29,En ligne,Maison,Étagère bois,5,1397.95
2023-05-29,Lille,Bricolage,Boîte à outils,2,166.42
2023-05-29,En ligne,Mode,Veste hiver,2,1311.98
2023-05-29,En ligne,Sport,Ballon foot,1,100.1
2023-05-29,Roubaix,Électroménager,Cafetière,1,392.24
2023-05-29,Lille,Mode,Jean homme,1,272.27
2023-05-30,Valenciennes,Maison,Couette 220x240,2,448.18
2023-05-30,Valenciennes,Maison,Lampe LED,5,671.1
2023-05-30,Tourcoing,Mode,Jean homme,1,272.27
2023-05-30,Tourcoing,Électroménager,Cafetière,1,392.24
2023-05-30,Tourcoing,Sport,Maillot bain,2,701.54
2023-05-30,En ligne,Sport,Haltères 10kg,2,196.6
2023-05-30,Valenciennes,Sport,Chaussures running,4,2278.12
2023-05-30,Tourcoing,Maison,Étagère bois,1,279.59
2023-05-30,Roubaix,Mode,Jean homme,1,272.27
2023-05-30,Valenciennes,Sport,Tapis yoga,2,1316.72
2023-05-30,Lille,Mode,Jean homme,1,272.27
2023-05-30,Amiens,Sport,Tapis yoga,1,658.36
2023-05-30,Roubaix,Électroménager,Cafetière,3,1059.05
2023-05-30,Lille,Électroménager,Aspirateur,1,191.18
2023-05-30,Roubaix,Maison,Canapé 3 places,1,246.23
2023-05-31,Roubaix,Mode,Jean homme,2,544.54
2023-05-31,Roubaix,Mode,Veste hiver,2,1180.78
2023-05-31,En ligne,Bricolage,Tournevis set,2,1272.56
2023-05-31,Amiens,Électroménager,Micro-ondes,1,362.53
2023-05-31,Roubaix,Bricolage,Peinture 5L,3,1827.0
2023-05-31,Valenciennes,Maison,Rideau occultant,2,202.42
2023-05-31,Amiens,Maison,Set casseroles,5,3534.25
2023-05-31,Dunkerque,Sport,Chaussures running,4,2050.31
2023-05-31,Lille,Sport,Haltères 10kg,2,196.6
2023-05-31,Tourcoing,Maison,Canapé 3 places,3,664.82
2023-05-31,Lille,Sport,Tapis yoga,1,658.36
2023-05-31,Tourcoing,Maison,Lampe LED,4,536.88
2023-05-31,En ligne,Bricolage,Boîte à outils,4,332.84
2023-05-31,Dunkerque,Électroménager,Cafetière,3,1176.72
2023-05-31,Lille,Maison,Couette 220x240,4,896.36
2023-05-31,Roubaix,Maison,Étagère bois,1,279.59
2023-05-31,Amiens,Sport,Raquette tennis,1,706.19
2023-05-31,Valenciennes,Sport,Haltères 10kg,3,294.9
2023-06-01,Amiens,Mode,T-shirt coton,4,2018.68
2023-06-01,Tourcoing,Maison,Étagère bois,2,559.18
2023-06-01,Dunkerque,Maison,Canapé 3 places,4,984.92
2023-06-01,Roubaix,Sport,Ballon foot,2,160.16
2023-06-01,Tourcoing,Électroménager,Bouilloire,3,2178.12
2023-06-01,Amiens,Maison,Rideau occultant,3,303.63
2023-06-01,Valenciennes,Électroménager,Cafetière,3,1176.72
2023-06-01,Amiens,Mode,Robe été,5,1482.6
2023-06-01,Roubaix,Sport,Ballon foot,2,190.19
2023-06-01,Amiens,Sport,Vélo VTT,3,1635.63
2023-06-01,Amiens,Maison,Rideau occultant,1,101.21
2023-06-01,En ligne,Électroménager,Robot cuiseur,3,749.91
2023-06-02,En ligne,Électroménager,Cafetière,1,392.24
2023-06-02,Lille,Mode,Robe été,1,296.52
2023-06-02,Lille,Bricolage,Échelle alu,1,319.2
2023-06-02,Dunkerque,Mode,Jean homme,1,245.04
2023-06-02,Lille,Sport,Tapis yoga,1,658.36
2023-06-02,Amiens,Sport,Haltères 10kg,2,196.6
2023-06-02,Amiens,Sport,Chaussures running,1,569.53
2023-06-02,Lille,Maison,Set casseroles,2,1413.7
2023-06-02,Dunkerque,Mode,Pull laine,3,2653.47
2023-06-02,Amiens,Mode,Jean homme,3,735.13
2023-06-02,Roubaix,Électroménager,Robot cuiseur,1,199.98
2023-06-02,Lille,Sport,Chaussures running,1,569.53
2023-06-02,Lille,Mode,Robe été,3,889.56
2023-06-02,Roubaix,Mode,Robe été,1,296.52
2023-06-02,Tourcoing,Bricolage,Échelle alu,5,1773.35
2023-06-03,Roubaix,Sport,Tapis yoga,3,1580.06
2023-06-03,Roubaix,Maison,Set casseroles,2,1413.7
2023-06-03,En ligne,Maison,Lampe LED,3,322.13
2023-06-03,Roubaix,Sport,Haltères 10kg,3,294.9
2023-06-03,Lille,Mode,Pull laine,2,1768.98
2023-06-03,Lille,Bricolage,Échelle alu,2,709.34
2023-06-03,Dunkerque,Mode,Robe été,1,266.87
2023-06-03,Amiens,Électroménager,Aspirateur,2,382.36
2023-06-03,Lille,Sport,Tapis yoga,2,1185.05
2023-06-03,Dunkerque,Électroménager,Aspirateur,2,382.36
2023-06-03,Lille,Maison,Couette 220x240,3,672.27
2023-06-03,Lille,Sport,Tapis yoga,1,658.36
2023-06-03,Tourcoing,Électroménager,Réfrigérateur,3,1162.11
2023-06-03,En ligne,Électroménager,Bouilloire,4,2613.74
2023-06-03,Dunkerque,Bricolage,Échelle alu,5,1773.35
2023-06-03,Amiens,Sport,Maillot bain,1,350.77
2023-06-03,Lille,Électroménager,Réfrigérateur,4,1549.48
2023-06-03,Valenciennes,Mode,T-shirt coton,1,504.67
2023-06-03,Dunkerque,Électroménager,Micro-ondes,1,453.16
2023-06-03,Roubaix,Bricolage,Tournevis set,2,1272.56
2023-06-03,Lille,Électroménager,Réfrigérateur,5,1936.85
2023-06-03,Amiens,Sport,Haltères 10kg,1,98.3
2023-06-03,Valenciennes,Maison,Canapé 3 places,1,246.23
2023-06-03,Dunkerque,Sport,Vélo VTT,2,1090.42
2023-06-04,Lille,Sport,Maillot bain,3,1052.31
2023-06-04,Amiens,Électroménager,Robot cuiseur,3,749.91
2023-06-04,Dunkerque,Sport,Maillot bain,5,1753.85
2023-06-04,Roubaix,Bricolage,Échelle alu,1,354.67
2023-06-04,Amiens,Sport,Maillot bain,2,701.54
2023-06-04,Amiens,Maison,Lampe LED,6,805.32
2023-06-04,Dunkerque,Bricolage,Peinture 5L,5,2892.75
2023-06-04,Amiens,Maison,Étagère bois,3,796.83
2023-06-04,Roubaix,Maison,Set casseroles,1,706.85
2023-06-04,Valenciennes,Maison,Set casseroles,1,706.85
2023-06-04,Valenciennes,Sport,Maillot bain,5,1753.85
2023-06-04,Dunkerque,Électroménager,Micro-ondes,3,1359.48
2023-06-04,Amiens,Électroménager,Réfrigérateur,1,309.9
2023-06-04,Lille,Mode,Robe été,1,296.52
2023-06-04,Dunkerque,Mode,Jean homme,5,1361.35
2023-06-04,Tourcoing,Sport,Raquette tennis,5,3530.95
2023-06-04,Tourcoing,Bricolage,Peinture 5L,1,609.0
2023-06-04,Dunkerque,Mode,Jean homme,3,816.81
2023-06-04,Lille,Sport,Maillot bain,5,1578.46
2023-06-05,Roubaix,Électroménager,Bouilloire,4,2904.16
2023-06-05,Dunkerque,Sport,Raquette tennis,2,1412.38
2023-06-05,Valenciennes,Maison,Set casseroles,1,706.85
2023-06-05,Roubaix,Électroménager,Micro-ondes,1,407.84
2023-06-05,Dunkerque,Mode,T-shirt coton,5,2523.35
2023-06-05,Tourcoing,Sport,Maillot bain,3,1052.31
2023-06-05,Lille,Sport,Chaussures running,2,1139.06
2023-06-05,Amiens,Mode,T-shirt coton,4,1816.81
2023-06-05,Dunkerque,Électroménager,Cafetière,2,706.03
2023-06-06,En ligne,Mode,Pull laine,3,2653.47
2023-06-06,En ligne,Mode,Veste hiver,3,1869.57
2023-06-06,Lille,Sport,Chaussures running,1,512.58
2023-06-06,Dunkerque,Bricolage,Perceuse,2,211.32
2023-06-06,Dunkerque,Bricolage,Boîte à outils,1,83.21
2023-06-06,Dunkerque,Sport,Maillot bain,4,1403.08
2023-06-06,Roubaix,Bricolage,Tournevis set,6,3817.68
2023-06-06,Lille,Électroménager,Bouilloire,3,2178.12
2023-06-06,En ligne,Électroménager,Réfrigérateur,5,1936.85
2023-06-06,Dunkerque,Électroménager,Cafetière,5,1961.2
2023-06-06,Amiens,Électroménager,Réfrigérateur,1,309.9
2023-06-06,Roubaix,Électroménager,Robot cuiseur,1,249.97
2023-06-06,Roubaix,Électroménager,Bouilloire,2,1452.08
2023-06-06,Roubaix,Mode,T-shirt coton,1,504.67
2023-06-06,Valenciennes,Bricolage,Perceuse,5,528.3
2023-06-06,Roubaix,Maison,Couette 220x240,2,448.18
2023-06-07,Lille,Électroménager,Robot cuiseur,1,249.97
2023-06-07,Lille,Maison,Lampe LED,2,268.44
2023-06-07,Valenciennes,Sport,Vélo VTT,1,545.21
2023-06-07,Roubaix,Électroménager,Micro-ondes,4,1722.01
2023-06-07,Tourcoing,Maison,Étagère bois,1,251.63
2023-06-07,Dunkerque,Maison,Set casseroles,2,1413.7
2023-06-07,Dunkerque,Bricolage,Tournevis set,2,1272.56
2023-06-07,Lille,Mode,Robe été,2,593.04
2023-06-07,Amiens,Sport,Tapis yoga,3,1975.08
2023-06-07,Lille,Électroménager,Bouilloire,4,2904.16
2023-06-07,Dunkerque,Bricolage,Perceuse,2,211.32
2023-06-07,Lille,Mode,Pull laine,5,4422.45
2023-06-07,Amiens,Mode,Veste hiver,3,1967.97
2023-06-07,Valenciennes,Bricolage,Boîte à outils,2,133.14
2023-06-07,Dunkerque,Maison,Couette 220x240,4,896.36
2023-06-07,Amiens,Électroménager,Réfrigérateur,2,774.74
2023-06-08,Lille,Électroménager,Micro-ondes,3,1291.51
2023-06-08,Lille,Bricolage,Peinture 5L,1,609.0
2023-06-08,Tourcoing,Électroménager,Bouilloire,2,1452.08
2023-06-08,En ligne,Sport,Haltères 10kg,2,176.94
2023-06-08,Lille,Électroménager,Réfrigérateur,4,1472.01
2023-06-08,Amiens,Électroménager,Réfrigérateur,1,387.37
2023-06-08,Dunkerque,Bricolage,Échelle alu,1,354.67
2023-06-08,Amiens,Bricolage,Peinture 5L,4,2436.0
2023-06-08,Lille,Mode,Veste hiver,1,655.99
2023-06-08,Amiens,Maison,Couette 220x240,1,224.09
2023-06-09,Amiens,Bricolage,Boîte à outils,1,83.21
2023-06-09,Roubaix,Mode,Baskets ville,2,874.97
2023-06-09,Tourcoing,Mode,T-shirt coton,3,1514.01
2023-06-09,Roubaix,Maison,Étagère bois,3,838.77
2023-06-09,Amiens,Électroménager,Bouilloire,4,2758.95
2023-06-09,En ligne,Électroménager,Réfrigérateur,1,387.37
2023-06-09,Roubaix,Sport,Chaussures running,2,1139.06
2023-06-09,Lille,Électroménager,Réfrigérateur,2,697.27
2023-06-09,Tourcoing,Mode,Baskets ville,1,460.51
2023-06-09,Tourcoing,Sport,Chaussures running,1,569.53
2023-06-09,En ligne,Électroménager,Aspirateur,3,573.54
2023-06-09,Lille,Maison,Couette 220x240,3,672.27
2023-06-09,Amiens,Mode,Robe été,3,889.56
2023-06-09,Dunkerque,Électroménager,Aspirateur,1,191.18
2023-06-09,Lille,Électroménager,Micro-ondes,2,906.32
2023-06-09,Amiens,Électroménager,Bouilloire,3,2178.12
2023-06-10,Lille,Sport,Maillot bain,2,666.46
2023-06-10,Roubaix,Sport,Haltères 10kg,3,294.9
2023-06-10,Amiens,Mode,Pull laine,2,1768.98
2023-06-10,Lille,Maison,Canapé 3 places,4,984.92
2023-06-10,Dunkerque,Sport,Maillot bain,1,350.77
2023-06-10,En ligne,Bricolage,Tournevis set,1,636.28
2023-06-10,Valenciennes,Bricolage,Échelle alu,3,1010.81
2023-06-10,Roubaix,Maison,Set casseroles,2,1343.02
2023-06-10,En ligne,Sport,Maillot bain,1,350.77
2023-06-10,Tourcoing,Électroménager,Réfrigérateur,3,929.69
2023-06-10,Tourcoing,Électroménager,Cafetière,3,1176.72
2023-06-10,Lille,Sport,Ballon foot,1,100.1
2023-06-10,Lille,Électroménager,Micro-ondes,3,1359.48
2023-06-10,Lille,Électroménager,Aspirateur,2,382.36
2023-06-10,Valenciennes,Bricolage,Tournevis set,3,1908.84
2023-06-10,Dunkerque,Électroménager,Micro-ondes,3,1359.48
2023-06-10,Lille,Mode,Jean homme,2,517.31
2023-06-10,Dunkerque,Sport,Ballon foot,2,200.2
2023-06-10,Amiens,Bricolage,Boîte à outils,1,83.21
2023-06-11,Roubaix,Électroménager,Aspirateur,4,726.48
2023-06-11,Lille,Mode,Robe été,2,593.04
2023-06-11,Amiens,Électroménager,Aspirateur,1,191.18
2023-06-11,Lille,Bricolage,Perceuse,1,105.66
2023-06-11,Roubaix,Électroménager,Aspirateur,3,573.54
2023-06-11,Valenciennes,Sport,Maillot bain,3,947.08
2023-06-11,Amiens,Mode,Baskets ville,2,921.02
2023-06-11,Valenciennes,Maison,Rideau occultant,3,288.45
2023-06-11,Tourcoing,Bricolage,Boîte à outils,6,499.26
2023-06-11,Roubaix,Électroménager,Réfrigérateur,2,774.74
2023-06-11,Lille,Électroménager,Aspirateur,4,764.72
2023-06-11,Roubaix,Sport,Maillot bain,2,701.54
2023-06-11,Tourcoing,Mode,Jean homme,2,544.54
2023-06-11,Tourcoing,Sport,Haltères 10kg,1,98.3
2023-06-11,Roubaix,Sport,Chaussures running,3,1366.87
2023-06-11,Lille,Bricolage,Boîte à outils,3,249.63
2023-06-11,Dunkerque,Maison,Lampe LED,3,402.66
2023-06-11,Tourcoing,Électroménager,Aspirateur,4,764.72
2023-06-11,Dunkerque,Mode,Jean homme,2,544.54
2023-06-11,Roubaix,Mode,Veste hiver,3,1967.97
2023-06-11,Dunkerque,Bricolage,Peinture 5L,2,1218.0
2023-06-12,Amiens,Sport,Tapis yoga,5,3291.8
2023-06-12,En ligne,Sport,Vélo VTT,1,545.21
2023-06-12,Lille,Maison,Couette 220x240,2,425.77
2023-06-12,Tourcoing,Maison,Canapé 3 places,3,738.69
2023-06-12,Tourcoing,Électroménager,Micro-ondes,2,906.32
2023-06-12,Dunkerque,Mode,Jean homme,4,1034.63
2023-06-12,En ligne,Sport,Raquette tennis,2,1412.38
2023-06-12,Roubaix,Maison,Rideau occultant,5,506.05
2023-06-12,Tourcoing,Bricolage,Échelle alu,3,1064.01
2023-06-12,Roubaix,Sport,Maillot bain,4,1403.08
2023-06-12,Dunkerque,Maison,Étagère bois,2,559.18
2023-06-12,Amiens,Mode,T-shirt coton,4,2018.68
2023-06-12,Roubaix,Maison,Lampe LED,3,402.66
2023-06-12,Amiens,Sport,Tapis yoga,5,2633.44
2023-06-12,En ligne,Mode,Pull laine,2,1768.98
2023-06-13,En ligne,Mode,Baskets ville,2,921.02
2023-06-13,Tourcoing,Maison,Canapé 3 places,1,233.92
2023-06-13,Roubaix,Bricolage,Boîte à outils,3,249.63
2023-06-13,En ligne,Électroménager,Réfrigérateur,3,1162.11
2023-06-13,Lille,Mode,Veste hiver,4,2623.96
2023-06-13,Dunkerque,Maison,Lampe LED,1,134.22
2023-06-13,En ligne,Maison,Couette 220x240,4,896.36
2023-06-13,Roubaix,Électroménager,Réfrigérateur,1,368.0
2023-06-13,Tourcoing,Mode,Veste hiver,2,1180.78
2023-06-13,Lille,Sport,Chaussures running,1,569.53
2023-06-13,Lille,Bricolage,Peinture 5L,2,1218.0
2023-06-13,Valenciennes,Mode,Robe été,6,1779.12
2023-06-13,Lille,Sport,Chaussures running,3,1708.59
2023-06-13,En ligne,Sport,Vélo VTT,1,545.21
2023-06-14,Dunkerque,Maison,Canapé 3 places,3,738.69
2023-06-14,Dunkerque,Électroménager,Robot cuiseur,2,499.94
2023-06-14,Amiens,Maison,Lampe LED,3,382.53
2023-06-14,En ligne,Électroménager,Micro-ondes,3,1223.53
2023-06-14,Roubaix,Maison,Étagère bois,1,279.59
2023-06-14,Dunkerque,Mode,Pull laine,1,884.49
2023-06-14,Lille,Sport,Vélo VTT,1,545.21
2023-06-14,En ligne,Sport,Ballon foot,3,300.3
2023-06-14,Valenciennes,Sport,Chaussures running,3,1708.59
2023-06-14,Roubaix,Électroménager,Robot cuiseur,2,499.94
2023-06-14,Valenciennes,Bricolage,Peinture 5L,1,609.0
2023-06-14,Valenciennes,Bricolage,Boîte à outils,6,499.26
2023-06-14,Tourcoing,Mode,T-shirt coton,1,454.2
2023-06-14,Lille,Mode,Baskets ville,3,1312.45
2023-06-14,Valenciennes,Mode,Robe été,1,296.52
2023-06-14,Dunkerque,Maison,Set casseroles,2,1413.7
2023-06-14,Roubaix,Maison,Set casseroles,3,2120.55
2023-06-14,Valenciennes,Bricolage,Échelle alu,1,354.67
2023-06-14,Roubaix,Maison,Set casseroles,2,1413.7
2023-06-14,Valenciennes,Sport,Haltères 10kg,1,88.47
2023-06-14,En ligne,Électroménager,Réfrigérateur,6,2208.01
2023-06-14,Lille,Maison,Set casseroles,2,1272.33
2023-06-15,Valenciennes,Sport,Haltères 10kg,3,294.9
2023-06-15,Lille,Maison,Lampe LED,4,536.88
2023-06-15,Amiens,Sport,Vélo VTT,2,1090.42
2023-06-15,Lille,Maison,Lampe LED,5,671.1
2023-06-15,Lille,Bricolage,Boîte à outils,2,166.42
2023-06-15,Roubaix,Sport,Tapis yoga,2,1316.72
2023-06-15,Tourcoing,Mode,T-shirt coton,2,908.41
2023-06-15,Roubaix,Sport,Chaussures running,3,1708.59
2023-06-15,Lille,Maison,Couette 220x240,5,1120.45
2023-06-15,Valenciennes,Bricolage,Échelle alu,1,354.67
2023-06-15,Lille,Sport,Haltères 10kg,2,196.6
2023-06-15,Roubaix,Maison,Set casseroles,3,2120.55
2023-06-15,Roubaix,Électroménager,Cafetière,2,784.48
2023-06-15,Lille,Maison,Étagère bois,2,531.22
2023-06-15,En ligne,Maison,Lampe LED,2,268.44
2023-06-16,Dunkerque,Sport,Tapis yoga,3,1975.08
2023-06-16,Tourcoing,Sport,Maillot bain,2,701.54
2023-06-16,Amiens,Bricolage,Perceuse,2,211.32
2023-06-16,Dunkerque,Électroménager,Réfrigérateur,2,774.74
2023-06-16,Valenciennes,Mode,Jean homme,5,1361.35
2023-06-16,Dunkerque,Électroménager,Micro-ondes,2,906.32
2023-06-16,Dunkerque,Maison,Canapé 3 places,1,196.98
2023-06-16,Amiens,Mode,Pull laine,5,4422.45
2023-06-16,Amiens,Sport,Maillot bain,3,1052.31
2023-06-16,En ligne,Sport,Chaussures running,3,1708.59
2023-06-16,Amiens,Mode,T-shirt coton,5,2523.35
2023-06-16,Dunkerque,Maison,Lampe LED,5,671.1
2023-06-16,Tourcoing,Maison,Lampe LED,3,402.66
2023-06-16,Roubaix,Bricolage,Tournevis set,2,1272.56
2023-06-16,Amiens,Bricolage,Peinture 5L,2,1218.0
2023-06-16,Amiens,Mode,Pull laine,3,2653.47
2023-06-16,Amiens,Mode,Robe été,1,296.52
2023-06-17,En ligne,Mode,Jean homme,5,1361.35
2023-06-17,Lille,Bricolage,Tournevis set,4,2545.12
2023-06-17,Lille,Bricolage,Échelle alu,2,709.34
2023-06-17,En ligne,Mode,T-shirt coton,4,2018.68
2023-06-17,Tourcoing,Maison,Canapé 3 places,2,492.46
2023-06-17,Roubaix,Maison,Couette 220x240,1,224.09
2023-06-17,Lille,Bricolage,Tournevis set,1,636.28
2023-06-17,Lille,Sport,Tapis yoga,4,2633.44
2023-06-17,Roubaix,Mode,Veste hiver,1,655.99
2023-06-17,Lille,Sport,Raquette tennis,1,706.19
2023-06-17,Valenciennes,Maison,Rideau occultant,1,101.21
2023-06-18,En ligne,Maison,Rideau occultant,1,101.21
2023-06-18,Lille,Sport,Chaussures running,1,569.53
2023-06-18,Lille,Électroménager,Robot cuiseur,3,712.41
2023-06-18,Amiens,Sport,Vélo VTT,5,2726.05
2023-06-18,En ligne,Sport,Maillot bain,1,350.77
2023-06-18,En ligne,Sport,Raquette tennis,3,2118.57
2023-06-18,Tourcoing,Maison,Canapé 3 places,2,492.46
2023-06-18,En ligne,Électroménager,Micro-ondes,4,1722.01
2023-06-18,En ligne,Bricolage,Peinture 5L,3,1827.0
2023-06-18,Lille,Mode,Jean homme,2,544.54
2023-06-18,Amiens,Bricolage,Peinture 5L,3,1827.0
2023-06-18,Valenciennes,Sport,Tapis yoga,2,1316.72
2023-06-18,Dunkerque,Sport,Raquette tennis,1,706.19
2023-06-18,Valenciennes,Électroménager,Bouilloire,4,2758.95
2023-06-19,Roubaix,Mode,Pull laine,1,840.27
2023-06-19,Lille,Électroménager,Micro-ondes,1,430.5
2023-06-19,En ligne,Maison,Couette 220x240,3,672.27
2023-06-19,Roubaix,Bricolage,Perceuse,1,84.53
2023-06-19,En ligne,Électroménager,Réfrigérateur,2,774.74
2023-06-19,Tourcoing,Bricolage,Échelle alu,1,354.67
2023-06-19,Amiens,Électroménager,Bouilloire,5,3630.2
2023-06-19,Amiens,Maison,Rideau occultant,5,506.05
2023-06-19,Amiens,Sport,Chaussures running,3,1708.59
2023-06-19,Dunkerque,Mode,Jean homme,3,816.81
2023-06-19,Valenciennes,Sport,Chaussures running,2,1139.06
2023-06-19,En ligne,Électroménager,Micro-ondes,2,906.32
2023-06-20,Roubaix,Sport,Raquette tennis,3,2118.57
2023-06-20,En ligne,Électroménager,Micro-ondes,2,906.32
2023-06-20,Valenciennes,Maison,Set casseroles,3,2120.55
2023-06-20,Amiens,Maison,Étagère bois,5,1397.95
2023-06-20,Lille,Sport,Chaussures running,2,1139.06
2023-06-20,Lille,Maison,Étagère bois,1,279.59
2023-06-20,Dunkerque,Mode,Pull laine,3,2653.47
2023-06-20,Tourcoing,Sport,Raquette tennis,3,2118.57
2023-06-20,Tourcoing,Maison,Couette 220x240,5,1120.45
2023-06-20,Roubaix,Mode,Pull laine,3,2653.47
2023-06-20,Roubaix,Bricolage,Perceuse,1,105.66
2023-06-20,Lille,Bricolage,Peinture 5L,2,1218.0
2023-06-21,En ligne,Sport,Tapis yoga,4,2633.44
2023-06-21,Roubaix,Mode,Jean homme,2,517.31
2023-06-21,Tourcoing,Sport,Chaussures running,1,569.53
2023-06-21,Dunkerque,Électroménager,Réfrigérateur,5,1936.85
2023-06-21,Dunkerque,Bricolage,Tournevis set,4,2545.12
2023-06-21,Amiens,Mode,Baskets ville,3,1312.45
2023-06-21,Lille,Sport,Maillot bain,4,1403.08
2023-06-21,Amiens,Électroménager,Robot cuiseur,2,499.94
2023-06-21,Roubaix,Électroménager,Cafetière,3,1176.72
2023-06-21,Amiens,Électroménager,Robot cuiseur,3,712.41
2023-06-21,Amiens,Électroménager,Réfrigérateur,4,1549.48
2023-06-21,Roubaix,Maison,Couette 220x240,1,224.09
2023-06-21,Dunkerque,Maison,Couette 220x240,1,224.09
2023-06-21,Tourcoing,Mode,Robe été,2,593.04
2023-06-21,Lille,Électroménager,Aspirateur,3,516.19
2023-06-21,Tourcoing,Sport,Raquette tennis,3,2118.57
2023-06-21,Roubaix,Bricolage,Échelle alu,4,1418.68
2023-06-22,Valenciennes,Bricolage,Boîte à outils,2,166.42
2023-06-22,En ligne,Bricolage,Boîte à outils,2,166.42
2023-06-22,Tourcoing,Bricolage,Échelle alu,2,709.34
2023-06-22,Roubaix,Sport,Vélo VTT,6,3271.26
2023-06-22,Dunkerque,Bricolage,Tournevis set,5,3181.4
2023-06-22,Valenciennes,Mode,Pull laine,2,1768.98
2023-06-22,Lille,Bricolage,Boîte à outils,3,249.63
2023-06-22,Lille,Sport,Chaussures running,3,1537.73
2023-06-22,Lille,Électroménager,Bouilloire,2,1452.08
2023-06-22,Dunkerque,Bricolage,Échelle alu,2,709.34
2023-06-22,Lille,Mode,Jean homme,1,272.27
2023-06-22,Dunkerque,Électroménager,Bouilloire,3,2178.12
2023-06-22,Valenciennes,Sport,Tapis yoga,2,1316.72
2023-06-22,Valenciennes,Sport,Chaussures running,4,2164.21
2023-06-22,Valenciennes,Mode,Baskets ville,4,1842.04
2023-06-22,Lille,Mode,Pull laine,1,796.04
2023-06-22,Tourcoing,Sport,Ballon foot,4,400.4
2023-06-22,Lille,Électroménager,Bouilloire,2,1379.48
2023-06-22,Lille,Maison,Couette 220x240,3,672.27
2023-06-22,En ligne,Bricolage,Peinture 5L,2,1218.0
2023-06-23,Tourcoing,Électroménager,Aspirateur,1,191.18
2023-06-23,Amiens,Sport,Ballon foot,1,100.1
2023-06-23,Lille,Sport,Chaussures running,4,2278.12
2023-06-23,En ligne,Maison,Couette 220x240,2,448.18
2023-06-23,Lille,Sport,Raquette tennis,4,2824.76
2023-06-23,En ligne,Maison,Canapé 3 places,5,1231.15
2023-06-23,En ligne,Bricolage,Peinture 5L,1,609.0
2023-06-23,Tourcoing,Mode,T-shirt coton,1,504.67
2023-06-23,Roubaix,Bricolage,Perceuse,2,211.32
2023-06-23,Dunkerque,Mode,T-shirt coton,2,1009.34
2023-06-23,Roubaix,Sport,Vélo VTT,3,1472.07
2023-06-23,Lille,Maison,Étagère bois,3,796.83
2023-06-23,Valenciennes,Bricolage,Tournevis set,3,1908.84
2023-06-23,Valenciennes,Mode,Pull laine,5,3537.96
2023-06-23,En ligne,Mode,T-shirt coton,4,1917.75
2023-06-23,Roubaix,Sport,Raquette tennis,1,706.19
2023-06-23,Tourcoing,Maison,Lampe LED,3,402.66
2023-06-24,Dunkerque,Mode,Pull laine,6,5306.94
2023-06-24,Valenciennes,Électroménager,Robot cuiseur,2,499.94
2023-06-24,Roubaix,Électroménager,Aspirateur,2,344.12
2023-06-24,Valenciennes,Maison,Rideau occultant,1,80.97
2023-06-24,Valenciennes,Électroménager,Robot cuiseur,1,249.97
2023-06-24,Dunkerque,Maison,Lampe LED,1,134.22
2023-06-24,Valenciennes,Sport,Chaussures running,4,2278.12
2023-06-24,Lille,Bricolage,Peinture 5L,1,609.0
2023-06-24,Amiens,Mode,Jean homme,3,816.81
2023-06-24,Valenciennes,Maison,Couette 220x240,2,448.18
2023-06-24,Valenciennes,Mode,Robe été,2,593.04
2023-06-24,Dunkerque,Sport,Ballon foot,1,100.1
2023-06-24,Roubaix,Bricolage,Perceuse,2,211.32
2023-06-24,Lille,Maison,Couette 220x240,1,224.09
2023-06-25,Roubaix,Bricolage,Tournevis set,3,1908.84
2023-06-25,Lille,Mode,Baskets ville,3,1381.53
2023-06-25,Valenciennes,Maison,Étagère bois,5,1397.95
2023-06-25,En ligne,Bricolage,Échelle alu,3,1064.01
2023-06-25,Lille,Mode,Baskets ville,2,921.02
2023-06-25,Valenciennes,Maison,Étagère bois,1,279.59
2023-06-25,Dunkerque,Mode,Pull laine,3,2653.47
2023-06-25,Roubaix,Sport,Tapis yoga,2,1316.72
2023-06-25,Valenciennes,Électroménager,Bouilloire,2,1379.48
2023-06-25,Lille,Maison,Étagère bois,5,1118.36
2023-06-25,Lille,Sport,Ballon foot,1,100.1
2023-06-25,Amiens,Mode,Robe été,1,296.52
2023-06-25,Lille,Sport,Raquette tennis,4,2542.28
2023-06-25,Lille,Mode,Jean homme,4,1034.63
2023-06-26,En ligne,Électroménager,Aspirateur,1,191.18
2023-06-26,Dunkerque,Électroménager,Bouilloire,2,1306.87
2023-06-26,Valenciennes,Bricolage,Échelle alu,1,319.2
2023-06-26,Dunkerque,Bricolage,Tournevis set,2,1208.93
2023-06-26,En ligne,Bricolage,Peinture 5L,4,2436.0
2023-06-26,Dunkerque,Mode,T-shirt coton,4,2018.68
2023-06-26,Lille,Sport,Vélo VTT,3,1635.63
2023-06-26,Roubaix,Maison,Couette 220x240,3,672.27
2023-06-26,Dunkerque,Sport,Haltères 10kg,3,265.41
2023-06-26,Amiens,Sport,Maillot bain,1,350.77
2023-06-26,En ligne,Électroménager,Bouilloire,4,2904.16
2023-06-26,Lille,Sport,Chaussures running,2,1139.06
2023-06-26,Dunkerque,Mode,Veste hiver,1,655.99
2023-06-26,Lille,Électroménager,Aspirateur,5,955.9
2023-06-26,Roubaix,Bricolage,Tournevis set,1,636.28
2023-06-26,En ligne,Électroménager,Aspirateur,5,955.9
2023-06-26,Lille,Bricolage,Perceuse,5,528.3
2023-06-26,Lille,Maison,Couette 220x240,5,1120.45
2023-06-26,Valenciennes,Maison,Rideau occultant,4,404.84
2023-06-27,Roubaix,Électroménager,Cafetière,1,392.24
2023-06-27,Roubaix,Électroménager,Bouilloire,3,2178.12
2023-06-27,Valenciennes,Sport,Raquette tennis,3,2118.57
2023-06-27,Tourcoing,Électroménager,Aspirateur,5,955.9
2023-06-27,Lille,Maison,Rideau occultant,3,288.45
2023-06-27,Roubaix,Mode,T-shirt coton,1,504.67
2023-06-27,Valenciennes,Électroménager,Réfrigérateur,4,1549.48
2023-06-27,Amiens,Mode,Baskets ville,2,921.02
2023-06-27,Lille,Maison,Set casseroles,4,2827.4
2023-06-27,Roubaix,Mode,Baskets ville,3,1381.53
2023-06-27,Dunkerque,Sport,Chaussures running,2,1139.06
2023-06-27,Dunkerque,Maison,Couette 220x240,1,224.09
2023-06-27,Valenciennes,Sport,Tapis yoga,2,1316.72
2023-06-27,Lille,Maison,Étagère bois,4,1118.36
2023-06-27,Lille,Mode,T-shirt coton,3,1514.01
2023-06-27,Lille,Maison,Set casseroles,2,1413.7
2023-06-27,Lille,Mode,T-shirt coton,2,1009.34
2023-06-28,En ligne,Sport,Chaussures running,3,1708.59
2023-06-28,Roubaix,Bricolage,Tournevis set,6,3817.68
2023-06-28,Amiens,Maison,Canapé 3 places,4,984.92
2023-06-28,Roubaix,Maison,Lampe LED,3,382.53
2023-06-28,Tourcoing,Mode,Robe été,1,296.52
2023-06-28,Dunkerque,Maison,Couette 220x240,4,896.36
2023-06-28,Amiens,Maison,Lampe LED,1,134.22
2023-06-28,Amiens,Maison,Set casseroles,2,1343.02
2023-06-28,Tourcoing,Sport,Vélo VTT,4,2180.84
2023-06-28,Roubaix,Sport,Raquette tennis,4,2542.28
2023-06-28,Roubaix,Maison,Set casseroles,5,3534.25
2023-06-28,Amiens,Électroménager,Robot cuiseur,4,999.88
2023-06-28,En ligne,Mode,Robe été,4,1126.78
2023-06-28,Valenciennes,Maison,Couette 220x240,2,403.36
2023-06-28,Amiens,Maison,Couette 220x240,3,672.27
2023-06-28,Dunkerque,Maison,Set casseroles,4,2827.4
2023-06-28,Roubaix,Sport,Haltères 10kg,4,393.2
2023-06-28,Lille,Bricolage,Échelle alu,1,319.2
2023-06-28,Valenciennes,Sport,Tapis yoga,5,3291.8
2023-06-28,Roubaix,Bricolage,Boîte à outils,2,166.42
2023-06-28,Roubaix,Maison,Set casseroles,5,3534.25
2023-06-28,Tourcoing,Bricolage,Échelle alu,3,1064.01
2023-06-28,Lille,Mode,Pull laine,1,884.49
2023-06-29,En ligne,Maison,Rideau occultant,3,303.63
2023-06-29,Lille,Mode,Baskets ville,2,921.02
2023-06-29,Lille,Maison,Set casseroles,2,1343.02
2023-06-29,Tourcoing,Électroménager,Bouilloire,2,1452.08
2023-06-29,Roubaix,Maison,Canapé 3 places,3,738.69
2023-06-29,Tourcoing,Bricolage,Échelle alu,1,354.67
2023-06-29,Valenciennes,Bricolage,Peinture 5L,3,1735.65
2023-06-29,Dunkerque,Électroménager,Bouilloire,2,1452.08
2023-06-29,Amiens,Maison,Étagère bois,3,838.77
2023-06-30,Dunkerque,Maison,Étagère bois,4,1062.44
2023-06-30,Valenciennes,Sport,Maillot bain,3,1052.31
2023-06-30,Lille,Électroménager,Réfrigérateur,5,1936.85
2023-06-30,Tourcoing,Mode,Baskets ville,1,414.46
2023-06-30,Valenciennes,Maison,Set casseroles,2,1413.7
2023-06-30,Lille,Bricolage,Peinture 5L,4,2436.0
2023-06-30,Tourcoing,Sport,Haltères 10kg,1,93.38
2023-06-30,Tourcoing,Maison,Lampe LED,2,268.44
2023-06-30,Lille,Sport,Maillot bain,6,2104.62
2023-06-30,Lille,Sport,Chaussures running,4,2278.12
2023-06-30,Valenciennes,Électroménager,Robot cuiseur,3,674.92
2023-06-30,Lille,Sport,Maillot bain,3,1052.31
2023-06-30,Valenciennes,Mode,Baskets ville,1,460.51
2023-06-30,Valenciennes,Bricolage,Peinture 5L,3,1827.0
2023-06-30,Valenciennes,Bricolage,Échelle alu,1,336.94
2023-06-30,Tourcoing,Mode,Baskets ville,1,460.51
2023-06-30,Roubaix,Sport,Tapis yoga,4,2370.1
2023-06-30,Dunkerque,Maison,Couette 220x240,3,672.27
2023-06-30,Tourcoing,Maison,Canapé 3 places,2,492.46
2023-07-01,Lille,Mode,Pull laine,4,3537.96
2023-07-01,Amiens,Bricolage,Tournevis set,1,636.28
2023-07-01,Valenciennes,Électroménager,Robot cuiseur,3,749.91
2023-07-01,Lille,Sport,Vélo VTT,4,2180.84
2023-07-01,Roubaix,Sport,Maillot bain,5,1666.16
2023-07-01,En ligne,Électroménager,Micro-ondes,3,1087.58
2023-07-01,En ligne,Mode,Robe été,7,2075.64
2023-07-01,Valenciennes,Électroménager,Réfrigérateur,4,1549.48
2023-07-01,Amiens,Bricolage,Perceuse,2,200.75
2023-07-01,En ligne,Sport,Ballon foot,3,300.3
2023-07-01,Amiens,Sport,Maillot bain,3,947.08
2023-07-01,Lille,Mode,Baskets ville,6,2763.06
2023-07-01,En ligne,Mode,Jean homme,2,544.54
2023-07-01,Lille,Mode,Robe été,4,1186.08
2023-07-01,Tourcoing,Mode,Jean homme,5,1361.35
2023-07-01,Amiens,Bricolage,Échelle alu,3,1064.01
2023-07-02,Amiens,Électroménager,Aspirateur,2,382.36
2023-07-02,Dunkerque,Sport,Ballon foot,1,100.1
2023-07-02,Amiens,Bricolage,Boîte à outils,4,332.84
2023-07-02,Roubaix,Maison,Couette 220x240,2,448.18
2023-07-02,Amiens,Électroménager,Robot cuiseur,5,1249.85
2023-07-02,Lille,Sport,Haltères 10kg,7,619.29
2023-07-02,Lille,Sport,Ballon foot,1,90.09
2023-07-02,Lille,Mode,T-shirt coton,1,504.67
2023-07-02,Roubaix,Électroménager,Robot cuiseur,1,237.47
2023-07-02,Roubaix,Mode,Pull laine,4,3184.16
2023-07-02,Amiens,Électroménager,Aspirateur,7,1338.26
2023-07-02,Lille,Bricolage,Perceuse,5,528.3
2023-07-02,Lille,Sport,Raquette tennis,6,4237.14
2023-07-02,Tourcoing,Bricolage,Échelle alu,3,1064.01
2023-07-02,Valenciennes,Électroménager,Cafetière,5,1961.2
2023-07-02,Dunkerque,Électroménager,Aspirateur,7,1070.61
2023-07-02,Dunkerque,Sport,Chaussures running,2,1139.06
2023-07-02,Lille,Mode,T-shirt coton,6,2876.62
2023-07-02,Tourcoing,Maison,Lampe LED,3,402.66
2023-07-02,Valenciennes,Bricolage,Perceuse,3,301.13
2023-07-02,Lille,Sport,Vélo VTT,5,2726.05
2023-07-02,Lille,Sport,Chaussures running,3,1708.59
2023-07-02,Valenciennes,Sport,Haltères 10kg,4,393.2
2023-07-02,Lille,Électroménager,Robot cuiseur,2,499.94
2023-07-02,Lille,Mode,Robe été,5,1482.6
2023-07-03,Dunkerque,Maison,Lampe LED,5,637.54
2023-07-03,Amiens,Électroménager,Robot cuiseur,3,749.91
2023-07-03,Amiens,Maison,Set casseroles,5,3534.25
2023-07-03,Amiens,Mode,Pull laine,4,3361.06
2023-07-03,Amiens,Sport,Tapis yoga,1,625.44
2023-07-03,Lille,Bricolage,Perceuse,1,105.66
2023-07-03,Lille,Maison,Étagère bois,4,1118.36
2023-07-03,Dunkerque,Bricolage,Tournevis set,9,5726.52
2023-07-03,Dunkerque,Sport,Haltères 10kg,5,491.5
2023-07-03,Lille,Électroménager,Cafetière,4,1568.96
2023-07-03,Tourcoing,Sport,Chaussures running,2,1139.06
2023-07-03,Roubaix,Mode,Baskets ville,3,1381.53
2023-07-03,Tourcoing,Maison,Étagère bois,4,1118.36
2023-07-03,Roubaix,Maison,Étagère bois,8,2236.72
2023-07-04,En ligne,Bricolage,Peinture 5L,6,3288.6
2023-07-04,Roubaix,Maison,Lampe LED,9,1207.98
2023-07-04,Dunkerque,Maison,Set casseroles,7,4947.95
2023-07-04,Lille,Électroménager,Aspirateur,4,764.72
2023-07-04,Valenciennes,Mode,Pull laine,8,6368.33
2023-07-04,Lille,Bricolage,Perceuse,6,633.96
2023-07-04,En ligne,Mode,T-shirt coton,3,1438.31
2023-07-04,En ligne,Mode,Pull laine,5,4422.45
2023-07-04,Lille,Sport,Haltères 10kg,3,294.9
2023-07-04,Tourcoing,Sport,Haltères 10kg,1,98.3
2023-07-04,Roubaix,Bricolage,Échelle alu,4,1418.68
2023-07-04,Lille,Mode,Veste hiver,2,1311.98
2023-07-05,Roubaix,Maison,Canapé 3 places,6,1477.38
2023-07-05,Lille,Sport,Vélo VTT,2,1090.42
2023-07-05,En ligne,Électroménager,Robot cuiseur,4,999.88
2023-07-05,Lille,Mode,Baskets ville,6,2624.91
2023-07-05,Lille,Bricolage,Tournevis set,4,2417.86
2023-07-05,Lille,Bricolage,Peinture 5L,2,1218.0
2023-07-05,Valenciennes,Maison,Canapé 3 places,3,738.69
2023-07-05,Lille,Mode,T-shirt coton,1,504.67
2023-07-05,Tourcoing,Mode,Veste hiver,4,2623.96
2023-07-05,Tourcoing,Bricolage,Échelle alu,5,1773.35
2023-07-05,Lille,Mode,Veste hiver,8,5247.92
2023-07-05,Tourcoing,Mode,Robe été,3,889.56
2023-07-05,Dunkerque,Mode,Robe été,1,296.52
2023-07-05,Roubaix,Sport,Chaussures running,3,1708.59
2023-07-05,Lille,Mode,Pull laine,4,3537.96
2023-07-05,Lille,Mode,T-shirt coton,3,1514.01
2023-07-05,Dunkerque,Maison,Canapé 3 places,3,701.76
2023-07-05,Dunkerque,Maison,Canapé 3 places,4,984.92
2023-07-05,Valenciennes,Sport,Maillot bain,3,999.69
2023-07-05,Tourcoing,Électroménager,Aspirateur,6,1147.08
2023-07-06,Valenciennes,Sport,Maillot bain,4,1403.08
2023-07-06,Tourcoing,Mode,Jean homme,4,1089.08
2023-07-06,Amiens,Mode,Jean homme,6,1633.62
2023-07-06,Lille,Électroménager,Micro-ondes,2,906.32
2023-07-06,Dunkerque,Mode,Veste hiver,3,1967.97
2023-07-06,Lille,Bricolage,Échelle alu,8,2837.36
2023-07-06,Lille,Sport,Raquette tennis,6,4237.14
2023-07-06,En ligne,Sport,Vélo VTT,3,1635.63
2023-07-06,Lille,Sport,Maillot bain,5,1753.85
2023-07-06,Roubaix,Mode,T-shirt coton,7,3532.69
2023-07-06,En ligne,Mode,Pull laine,3,2520.8
2023-07-06,Valenciennes,Mode,Veste hiver,1,655.99
2023-07-06,Lille,Maison,Lampe LED,2,268.44
2023-07-06,Dunkerque,Mode,Jean homme,4,1089.08
2023-07-06,Lille,Électroménager,Micro-ondes,1,453.16
2023-07-06,En ligne,Bricolage,Tournevis set,7,4453.96
2023-07-06,Lille,Bricolage,Peinture 5L,5,3045.0
2023-07-06,Valenciennes,Bricolage,Échelle alu,5,1596.02
2023-07-06,Dunkerque,Maison,Set casseroles,1,706.85
2023-07-06,Lille,Maison,Lampe LED,5,637.54
2023-07-06,Amiens,Sport,Vélo VTT,6,3271.26
2023-07-06,Valenciennes,Mode,T-shirt coton,7,3532.69
2023-07-06,Lille,Mode,T-shirt coton,6,3028.02
2023-07-07,Roubaix,Électroménager,Réfrigérateur,3,1104.0
2023-07-07,Amiens,Électroménager,Réfrigérateur,1,368.0
2023-07-07,Valenciennes,Sport,Ballon foot,1,100.1
2023-07-07,Valenciennes,Sport,Raquette tennis,4,2259.81
2023-07-07,Roubaix,Maison,Couette 220x240,1,224.09
2023-07-07,Roubaix,Sport,Tapis yoga,3,1975.08
2023-07-07,Amiens,Mode,Pull laine,6,5306.94
2023-07-07,En ligne,Mode,Pull laine,8,6368.33
2023-07-07,Lille,Électroménager,Cafetière,5,1961.2
2023-07-07,Dunkerque,Électroménager,Robot cuiseur,5,1249.85
2023-07-07,En ligne,Électroménager,Micro-ondes,4,1812.64
2023-07-07,Lille,Mode,Pull laine,5,4422.45
2023-07-07,Tourcoing,Sport,Maillot bain,5,1403.08
2023-07-07,Valenciennes,Mode,Pull laine,1,884.49
2023-07-07,Amiens,Sport,Raquette tennis,7,4696.16
2023-07-07,Amiens,Sport,Maillot bain,5,1753.85
2023-07-07,Lille,Mode,Veste hiver,2,1311.98
2023-07-07,Roubaix,Électroménager,Cafetière,2,784.48
2023-07-07,Lille,Électroménager,Bouilloire,4,2904.16
2023-07-07,Dunkerque,Mode,Veste hiver,8,5247.92
2023-07-07,Valenciennes,Mode,T-shirt coton,4,2018.68
2023-07-08,En ligne,Mode,Pull laine,1,796.04
2023-07-08,Lille,Mode,Baskets ville,6,2486.75
2023-07-08,En ligne,Mode,Jean homme,4,1089.08
2023-07-08,Dunkerque,Mode,Baskets ville,3,1381.53
2023-07-08,Lille,Électroménager,Micro-ondes,2,861.0
2023-07-08,Valenciennes,Électroménager,Micro-ondes,5,2265.8
2023-07-08,Roubaix,Électroménager,Cafetière,6,2353.44
2023-07-08,En ligne,Maison,Set casseroles,8,5089.32
2023-07-08,Dunkerque,Maison,Canapé 3 places,5,1231.15
2023-07-08,Dunkerque,Bricolage,Boîte à outils,2,166.42
2023-07-08,Amiens,Maison,Couette 220x240,4,896.36
2023-07-08,Dunkerque,Électroménager,Micro-ondes,6,2718.96
2023-07-08,Tourcoing,Maison,Étagère bois,5,1397.95
2023-07-08,Roubaix,Maison,Couette 220x240,3,672.27
2023-07-08,Roubaix,Maison,Couette 220x240,5,1120.45
2023-07-08,Dunkerque,Maison,Canapé 3 places,3,738.69
2023-07-08,Dunkerque,Mode,Jean homme,6,1633.62
2023-07-09,Lille,Électroménager,Robot cuiseur,2,499.94
2023-07-09,Tourcoing,Maison,Lampe LED,3,402.66
2023-07-09,Valenciennes,Sport,Raquette tennis,6,4025.28
2023-07-09,Roubaix,Maison,Canapé 3 places,3,738.69
2023-07-09,Roubaix,Sport,Chaussures running,2,1139.06
2023-07-09,Roubaix,Bricolage,Perceuse,8,845.28
2023-07-09,Lille,Mode,Baskets ville,4,1842.04
2023-07-09,Roubaix,Sport,Chaussures running,6,3417.18
2023-07-09,Lille,Électroménager,Micro-ondes,2,861.0
2023-07-09,Roubaix,Maison,Rideau occultant,3,303.63
2023-07-09,Dunkerque,Mode,Robe été,6,1690.16
2023-07-09,Lille,Bricolage,Boîte à outils,6,499.26
2023-07-09,En ligne,Bricolage,Perceuse,3,316.98
2023-07-09,Valenciennes,Électroménager,Robot cuiseur,3,749.91
2023-07-09,Lille,Maison,Rideau occultant,4,404.84
2023-07-09,Tourcoing,Sport,Maillot bain,5,1753.85
2023-07-09,Tourcoing,Maison,Canapé 3 places,5,1231.15
2023-07-09,Dunkerque,Électroménager,Réfrigérateur,5,1840.01
2023-07-10,Roubaix,Électroménager,Réfrigérateur,2,736.0
2023-07-10,Lille,Bricolage,Peinture 5L,5,3045.0
2023-07-10,Lille,Électroménager,Cafetière,1,392.24
2023-07-10,Roubaix,Bricolage,Perceuse,2,211.32
2023-07-10,Lille,Électroménager,Aspirateur,1,191.18
2023-07-10,Tourcoing,Électroménager,Bouilloire,3,2178.12
2023-07-10,En ligne,Électroménager,Micro-ondes,3,1359.48
2023-07-10,Roubaix,Sport,Raquette tennis,1,706.19
2023-07-10,Tourcoing,Maison,Set casseroles,4,2686.03
2023-07-10,Roubaix,Sport,Maillot bain,3,1052.31
2023-07-10,Tourcoing,Maison,Canapé 3 places,3,738.69
2023-07-10,En ligne,Bricolage,Tournevis set,6,3435.91
2023-07-10,Roubaix,Électroménager,Robot cuiseur,6,1499.82
2023-07-10,Valenciennes,Sport,Vélo VTT,3,1635.63
2023-07-10,Roubaix,Bricolage,Perceuse,6,633.96
2023-07-10,Dunkerque,Sport,Maillot bain,2,701.54
2023-07-10,Dunkerque,Électroménager,Aspirateur,2,382.36
2023-07-10,Lille,Bricolage,Boîte à outils,6,499.26
2023-07-10,En ligne,Bricolage,Perceuse,2,169.06
2023-07-10,Roubaix,Sport,Vélo VTT,2,1035.9
2023-07-11,Lille,Sport,Haltères 10kg,3,294.9
2023-07-11,En ligne,Maison,Set casseroles,2,1130.96
2023-07-11,En ligne,Maison,Couette 220x240,3,537.82
2023-07-11,Tourcoing,Électroménager,Aspirateur,4,764.72
2023-07-11,Valenciennes,Sport,Maillot bain,3,1052.31
2023-07-11,Valenciennes,Maison,Couette 220x240,5,1120.45
2023-07-11,Dunkerque,Bricolage,Échelle alu,1,354.67
2023-07-11,Amiens,Électroménager,Bouilloire,6,4356.24
2023-07-11,Lille,Maison,Canapé 3 places,5,1231.15
2023-07-11,Roubaix,Électroménager,Aspirateur,1,191.18
2023-07-11,Lille,Bricolage,Tournevis set,1,604.47
2023-07-11,Lille,Bricolage,Peinture 5L,2,1218.0
2023-07-11,Roubaix,Bricolage,Tournevis set,7,4453.96
2023-07-11,Lille,Électroménager,Bouilloire,6,4356.24
2023-07-11,Lille,Bricolage,Boîte à outils,6,499.26
2023-07-11,Roubaix,Électroménager,Bouilloire,1,726.04
2023-07-11,Dunkerque,Électroménager,Robot cuiseur,2,499.94
2023-07-11,Dunkerque,Mode,Jean homme,5,1361.35
2023-07-11,Tourcoing,Maison,Étagère bois,2,559.18
2023-07-12,Valenciennes,Mode,Jean homme,2,544.54
2023-07-12,Tourcoing,Maison,Étagère bois,4,1118.36
2023-07-12,Roubaix,Sport,Tapis yoga,7,4608.52
2023-07-12,Tourcoing,Maison,Set casseroles,5,2827.4
2023-07-12,Valenciennes,Mode,Jean homme,7,1905.89
2023-07-12,Valenciennes,Maison,Rideau occultant,2,202.42
2023-07-12,Roubaix,Mode,T-shirt coton,5,2397.18
2023-07-12,Roubaix,Bricolage,Échelle alu,2,709.34
2023-07-12,Roubaix,Maison,Couette 220x240,1,224.09
2023-07-12,Tourcoing,Bricolage,Boîte à outils,1,83.21
2023-07-12,Tourcoing,Maison,Rideau occultant,5,506.05
2023-07-12,Amiens,Électroménager,Micro-ondes,1,453.16
2023-07-12,Amiens,Mode,Jean homme,3,816.81
2023-07-12,Amiens,Maison,Rideau occultant,1,80.97
2023-07-12,Valenciennes,Maison,Couette 220x240,4,896.36
2023-07-12,Lille,Électroménager,Réfrigérateur,4,1549.48
2023-07-12,Amiens,Électroménager,Robot cuiseur,1,249.97
2023-07-12,Tourcoing,Mode,Robe été,1,296.52
2023-07-13,Tourcoing,Mode,Baskets ville,6,2763.06
2023-07-13,Roubaix,Maison,Rideau occultant,2,202.42
2023-07-13,Valenciennes,Sport,Haltères 10kg,5,466.92
2023-07-13,Tourcoing,Sport,Haltères 10kg,1,98.3
2023-07-13,Tourcoing,Sport,Haltères 10kg,2,176.94
2023-07-13,En ligne,Sport,Tapis yoga,2,1316.72
2023-07-13,Lille,Électroménager,Bouilloire,6,4138.43
2023-07-13,Amiens,Mode,Veste hiver,9,5903.91
2023-07-13,Lille,Sport,Chaussures running,1,541.05
2023-07-13,Dunkerque,Bricolage,Échelle alu,4,1418.68
2023-07-13,Dunkerque,Bricolage,Échelle alu,2,709.34
2023-07-13,En ligne,Sport,Ballon foot,8,800.8
2023-07-13,Valenciennes,Maison,Couette 220x240,3,672.27
2023-07-13,Lille,Électroménager,Réfrigérateur,3,1162.11
2023-07-13,Amiens,Maison,Lampe LED,6,724.79
2023-07-13,Roubaix,Électroménager,Micro-ondes,7,3172.12
2023-07-14,Lille,Maison,Couette 220x240,1,224.09
2023-07-14,Amiens,Mode,Robe été,6,1779.12
2023-07-14,Valenciennes,Électroménager,Bouilloire,9,6534.36
2023-07-14,Amiens,Électroménager,Cafetière,8,2510.34
2023-07-14,Dunkerque,Électroménager,Micro-ondes,5,2265.8
2023-07-14,Amiens,Maison,Couette 220x240,1,224.09
2023-07-14,Lille,Bricolage,Boîte à outils,8,665.68
2023-07-14,En ligne,Mode,Robe été,3,889.56
2023-07-14,Roubaix,Mode,T-shirt coton,5,2523.35
2023-07-14,En ligne,Sport,Ballon foot,4,380.38
2023-07-14,Dunkerque,Électroménager,Cafetière,8,3137.92
2023-07-14,Valenciennes,Maison,Set casseroles,5,3534.25
2023-07-14,Lille,Sport,Vélo VTT,2,1090.42
2023-07-14,En ligne,Électroménager,Micro-ondes,5,2265.8
2023-07-15,Dunkerque,Mode,Baskets ville,6,2210.45
2023-07-15,Roubaix,Mode,Pull laine,5,4422.45
2023-07-15,Lille,Mode,Baskets ville,8,3684.08
2023-07-15,Roubaix,Mode,Jean homme,8,2069.25
2023-07-15,Lille,Sport,Haltères 10kg,1,93.38
2023-07-15,Amiens,Sport,Raquette tennis,3,2118.57
2023-07-15,Lille,Sport,Tapis yoga,1,658.36
2023-07-15,En ligne,Maison,Set casseroles,2,1413.7
2023-07-15,Dunkerque,Bricolage,Échelle alu,5,1773.35
2023-07-15,Lille,Maison,Set casseroles,7,4947.95
2023-07-15,Lille,Bricolage,Peinture 5L,3,1827.0
2023-07-15,Amiens,Bricolage,Tournevis set,6,3817.68
2023-07-15,Tourcoing,Sport,Haltères 10kg,5,491.5
2023-07-15,En ligne,Maison,Canapé 3 places,2,492.46
2023-07-15,Amiens,Sport,Chaussures running,4,2278.12
2023-07-15,Tourcoing,Mode,T-shirt coton,3,1514.01
2023-07-15,Lille,Maison,Set casseroles,4,2827.4
2023-07-15,Amiens,Maison,Canapé 3 places,6,1477.38
2023-07-15,Roubaix,Sport,Haltères 10kg,5,491.5
2023-07-15,Tourcoing,Mode,T-shirt coton,3,1514.01
2023-07-15,Roubaix,Maison,Étagère bois,4,1118.36
2023-07-16,Valenciennes,Sport,Tapis yoga,3,1975.08
2023-07-16,Lille,Électroménager,Cafetière,6,2353.44
2023-07-16,Lille,Sport,Tapis yoga,5,3291.8
2023-07-16,Lille,Maison,Set casseroles,4,2686.03
2023-07-16,En ligne,Maison,Canapé 3 places,3,738.69
2023-07-16,Amiens,Mode,Veste hiver,7,4591.93
2023-07-16,En ligne,Sport,Tapis yoga,3,1975.08
2023-07-16,Amiens,Sport,Vélo VTT,6,3107.7
2023-07-16,Dunkerque,Maison,Étagère bois,2,559.18
2023-07-17,Lille,Électroménager,Cafetière,6,2353.44
2023-07-17,Tourcoing,Bricolage,Tournevis set,1,636.28
2023-07-17,Tourcoing,Mode,T-shirt coton,4,2018.68
2023-07-17,Roubaix,Électroménager,Micro-ondes,4,1812.64
2023-07-17,Tourcoing,Maison,Canapé 3 places,3,738.69
2023-07-17,Amiens,Bricolage,Boîte à outils,7,553.35
2023-07-17,Roubaix,Électroménager,Cafetière,3,1176.72
2023-07-17,Roubaix,Mode,T-shirt coton,5,2271.02
2023-07-17,Valenciennes,Électroménager,Aspirateur,5,955.9
2023-07-17,Lille,Électroménager,Micro-ondes,1,453.16
2023-07-17,Valenciennes,Bricolage,Perceuse,7,739.62
2023-07-17,Roubaix,Mode,Baskets ville,4,1842.04
2023-07-17,Roubaix,Sport,Vélo VTT,1,545.21
2023-07-17,En ligne,Bricolage,Boîte à outils,2,166.42
2023-07-17,Valenciennes,Sport,Tapis yoga,3,1975.08
2023-07-17,Tourcoing,Sport,Tapis yoga,2,1316.72
2023-07-17,Lille,Bricolage,Perceuse,6,633.96
2023-07-17,Dunkerque,Maison,Rideau occultant,5,506.05
2023-07-17,Lille,Bricolage,Peinture 5L,4,2192.4
2023-07-17,Roubaix,Maison,Rideau occultant,1,101.21
2023-07-18,Dunkerque,Électroménager,Aspirateur,5,955.9
2023-07-18,En ligne,Bricolage,Peinture 5L,3,1827.0
2023-07-18,En ligne,Mode,Robe été,6,1779.12
2023-07-18,Valenciennes,Mode,Jean homme,3,816.81
2023-07-18,En ligne,Sport,Tapis yoga,3,1975.08
2023-07-18,Valenciennes,Mode,Robe été,1,296.52
2023-07-18,Tourcoing,Maison,Set casseroles,1,706.85
2023-07-18,Roubaix,Électroménager,Bouilloire,4,2904.16
2023-07-18,Tourcoing,Bricolage,Peinture 5L,7,4263.0
2023-07-18,Lille,Mode,Veste hiver,1,655.99
2023-07-18,En ligne,Maison,Rideau occultant,2,202.42
2023-07-18,Tourcoing,Maison,Couette 220x240,1,224.09
2023-07-18,Dunkerque,Mode,Veste hiver,2,1180.78
2023-07-18,Roubaix,Électroménager,Micro-ondes,2,906.32
2023-07-19,Roubaix,Sport,Tapis yoga,3,1975.08
2023-07-19,Lille,Électroménager,Robot cuiseur,3,674.92
2023-07-19,Lille,Électroménager,Cafetière,3,1176.72
2023-07-19,En ligne,Mode,Baskets ville,8,3684.08
2023-07-19,Dunkerque,Électroménager,Aspirateur,1,191.18
2023-07-19,Dunkerque,Bricolage,Boîte à outils,4,332.84
2023-07-19,Dunkerque,Sport,Vélo VTT,3,1635.63
2023-07-19,Roubaix,Sport,Tapis yoga,5,3291.8
2023-07-19,Dunkerque,Électroménager,Micro-ondes,2,906.32
2023-07-19,Tourcoing,Sport,Haltères 10kg,4,393.2
2023-07-19,Amiens,Mode,Robe été,3,889.56
2023-07-19,Valenciennes,Maison,Rideau occultant,2,202.42
2023-07-19,Lille,Maison,Rideau occultant,2,202.42
2023-07-19,Valenciennes,Électroménager,Aspirateur,7,1338.26
2023-07-19,Lille,Électroménager,Micro-ondes,6,2718.96
2023-07-19,En ligne,Électroménager,Aspirateur,5,955.9
2023-07-19,Dunkerque,Maison,Couette 220x240,3,672.27
2023-07-19,Tourcoing,Mode,T-shirt coton,4,2018.68
2023-07-19,Lille,Bricolage,Perceuse,4,422.64
2023-07-19,Valenciennes,Maison,Étagère bois,8,2236.72
2023-07-19,En ligne,Maison,Étagère bois,8,2236.72
2023-07-19,Dunkerque,Sport,Chaussures running,2,1139.06
2023-07-19,Dunkerque,Mode,Jean homme,3,816.81
2023-07-19,En ligne,Sport,Maillot bain,6,2104.62
2023-07-20,Lille,Maison,Set casseroles,5,3534.25
2023-07-20,Roubaix,Sport,Raquette tennis,5,3354.4
2023-07-20,Amiens,Sport,Tapis yoga,5,3291.8
2023-07-20,Roubaix,Électroménager,Bouilloire,2,1452.08
2023-07-20,Valenciennes,Sport,Raquette tennis,6,4237.14
2023-07-20,Dunkerque,Bricolage,Perceuse,5,528.3
2023-07-20,Valenciennes,Maison,Rideau occultant,2,202.42
2023-07-20,Amiens,Bricolage,Boîte à outils,8,665.68
2023-07-20,Tourcoing,Électroménager,Bouilloire,4,2904.16
2023-07-20,Roubaix,Sport,Maillot bain,4,1403.08
2023-07-20,Amiens,Sport,Raquette tennis,6,4237.14
2023-07-20,En ligne,Électroménager,Réfrigérateur,4,1549.48
2023-07-20,Amiens,Maison,Couette 220x240,6,1344.54
2023-07-20,Amiens,Électroménager,Aspirateur,8,1452.97
2023-07-20,Lille,Électroménager,Cafetière,5,1961.2
2023-07-20,En ligne,Sport,Vélo VTT,1,545.21
2023-07-20,Amiens,Mode,Jean homme,5,1361.35
2023-07-20,Dunkerque,Électroménager,Aspirateur,6,1147.08
2023-07-20,Dunkerque,Bricolage,Perceuse,7,739.62
2023-07-20,Tourcoing,Bricolage,Tournevis set,8,5090.24
2023-07-20,Dunkerque,Électroménager,Bouilloire,3,2178.12
2023-07-20,Roubaix,Sport,Chaussures running,7,3986.71
2023-07-20,Valenciennes,Sport,Ballon foot,4,380.38
2023-07-20,Lille,Mode,T-shirt coton,5,2523.35
2023-07-21,Roubaix,Électroménager,Micro-ondes,2,861.0
2023-07-21,Roubaix,Maison,Lampe LED,5,671.1
2023-07-21,Lille,Électroménager,Bouilloire,2,1452.08
2023-07-21,Lille,Sport,Maillot bain,5,1578.46
2023-07-21,Lille,Sport,Tapis yoga,3,1777.57
2023-07-21,Dunkerque,Mode,Veste hiver,3,1967.97
2023-07-21,Tourcoing,Bricolage,Perceuse,1,105.66
2023-07-21,Roubaix,Mode,Baskets ville,3,1381.53
2023-07-21,Lille,Sport,Haltères 10kg,2,196.6
2023-07-21,Lille,Mode,Baskets ville,1,460.51
2023-07-21,En ligne,Bricolage,Boîte à outils,5,416.05
2023-07-21,Roubaix,Sport,Haltères 10kg,7,688.1
2023-07-21,Lille,Électroménager,Micro-ondes,4,1812.64
2023-07-21,Amiens,Sport,Maillot bain,5,1753.85
2023-07-21,Lille,Sport,Haltères 10kg,1,88.47
2023-07-21,Amiens,Sport,Chaussures running,4,2278.12
2023-07-22,Tourcoing,Électroménager,Cafetière,5,1961.2
2023-07-22,Amiens,Sport,Ballon foot,5,500.5
2023-07-22,En ligne,Électroménager,Micro-ondes,4,1631.38
2023-07-22,Roubaix,Électroménager,Cafetière,1,353.02
2023-07-22,Roubaix,Maison,Set casseroles,4,2827.4
2023-07-22,Roubaix,Électroménager,Cafetière,5,1961.2
2023-07-22,Lille,Sport,Raquette tennis,3,2012.64
2023-07-22,Roubaix,Sport,Chaussures running,7,3588.04
2023-07-22,Amiens,Sport,Chaussures running,1,569.53
2023-07-22,Lille,Électroménager,Bouilloire,4,2904.16
2023-07-22,Roubaix,Sport,Maillot bain,2,701.54
2023-07-22,Dunkerque,Maison,Étagère bois,1,279.59
2023-07-22,Lille,Électroménager,Cafetière,2,784.48
2023-07-22,Valenciennes,Sport,Chaussures running,2,1025.15
2023-07-22,Valenciennes,Bricolage,Peinture 5L,1,578.55
2023-07-22,Lille,Électroménager,Bouilloire,4,2904.16
2023-07-22,Lille,Électroménager,Cafetière,4,1568.96
2023-07-23,En ligne,Électroménager,Bouilloire,5,3630.2
2023-07-23,En ligne,Sport,Chaussures running,3,1708.59
2023-07-23,En ligne,Maison,Set casseroles,6,4241.1
2023-07-23,Roubaix,Mode,Baskets ville,8,3684.08
2023-07-23,Valenciennes,Électroménager,Réfrigérateur,3,1162.11
2023-07-23,En ligne,Maison,Étagère bois,2,559.18
2023-07-23,Roubaix,Maison,Set casseroles,6,4029.04
2023-07-23,En ligne,Bricolage,Boîte à outils,1,83.21
2023-07-23,Lille,Sport,Chaussures running,2,1139.06
2023-07-23,Lille,Bricolage,Peinture 5L,3,1827.0
2023-07-23,Lille,Maison,Étagère bois,1,279.59
2023-07-23,Lille,Maison,Lampe LED,2,268.44
2023-07-23,En ligne,Maison,Set casseroles,8,4523.84
2023-07-24,Lille,Électroménager,Cafetière,5,1961.2
2023-07-24,Dunkerque,Électroménager,Cafetière,6,2353.44
2023-07-24,Valenciennes,Sport,Vélo VTT,4,2180.84
2023-07-24,Lille,Sport,Tapis yoga,2,1316.72
2023-07-24,Roubaix,Électroménager,Aspirateur,2,382.36
2023-07-24,Roubaix,Mode,Pull laine,8,7075.92
2023-07-24,Lille,Mode,Jean homme,7,1905.89
2023-07-24,Amiens,Électroménager,Aspirateur,1,172.06
2023-07-24,Amiens,Maison,Couette 220x240,6,1344.54
2023-07-24,Lille,Maison,Étagère bois,2,559.18
2023-07-24,En ligne,Électroménager,Robot cuiseur,6,1499.82
2023-07-24,Lille,Mode,Pull laine,4,3537.96
2023-07-24,Roubaix,Maison,Lampe LED,2,268.44
2023-07-24,Valenciennes,Sport,Vélo VTT,3,1635.63
2023-07-24,Lille,Mode,Robe été,4,1186.08
2023-07-24,Lille,Mode,Baskets ville,7,3062.39
2023-07-25,Amiens,Sport,Chaussures running,5,2562.88
2023-07-25,Amiens,Mode,Jean homme,1,272.27
2023-07-25,Amiens,Maison,Rideau occultant,6,607.26
2023-07-25,Valenciennes,Bricolage,Tournevis set,4,2545.12
2023-07-25,Dunkerque,Électroménager,Bouilloire,3,1960.31
2023-07-25,Amiens,Électroménager,Bouilloire,6,4356.24
2023-07-25,Dunkerque,Sport,Chaussures running,1,569.53
2023-07-25,Dunkerque,Bricolage,Boîte à outils,6,499.26
2023-07-25,Valenciennes,Bricolage,Échelle alu,7,2358.56
2023-07-25,En ligne,Mode,Pull laine,2,1768.98
2023-07-25,En ligne,Maison,Rideau occultant,7,708.47
2023-07-25,Dunkerque,Électroménager,Cafetière,1,372.63
2023-07-25,En ligne,Sport,Haltères 10kg,1,98.3
2023-07-25,Amiens,Mode,Veste hiver,7,4591.93
2023-07-26,Roubaix,Maison,Set casseroles,2,1413.7
2023-07-26,Amiens,Sport,Raquette tennis,3,2118.57
2023-07-26,En ligne,Mode,Baskets ville,7,3223.57
2023-07-26,Lille,Maison,Set casseroles,2,1413.7
2023-07-26,Lille,Électroménager,Aspirateur,3,573.54
2023-07-26,Dunkerque,Sport,Raquette tennis,6,4237.14
2023-07-26,Amiens,Bricolage,Échelle alu,1,354.67
2023-07-26,En ligne,Bricolage,Perceuse,2,211.32
2023-07-26,Roubaix,Sport,Chaussures running,3,1537.73
2023-07-26,Amiens,Électroménager,Aspirateur,8,1529.44
2023-07-26,Dunkerque,Bricolage,Peinture 5L,4,2436.0
2023-07-26,Roubaix,Sport,Raquette tennis,3,1906.71
2023-07-26,Amiens,Bricolage,Perceuse,8,676.22
2023-07-26,Amiens,Mode,Veste hiver,4,2492.76
2023-07-26,Dunkerque,Bricolage,Boîte à outils,2,166.42
2023-07-26,Roubaix,Sport,Raquette tennis,5,3530.95
2023-07-27,Amiens,Sport,Ballon foot,1,100.1
2023-07-27,Roubaix,Sport,Chaussures running,3,1708.59
2023-07-27,Amiens,Mode,Jean homme,4,1089.08
2023-07-27,Amiens,Bricolage,Perceuse,4,422.64
2023-07-27,Valenciennes,Bricolage,Tournevis set,5,3181.4
2023-07-27,En ligne,Maison,Set casseroles,4,2544.66
2023-07-27,Lille,Bricolage,Boîte à outils,4,299.56
2023-07-27,En ligne,Électroménager,Aspirateur,5,955.9
2023-07-27,Roubaix,Bricolage,Peinture 5L,1,609.0
2023-07-27,Lille,Bricolage,Perceuse,1,105.66
2023-07-27,Lille,Maison,Set casseroles,8,5654.8
2023-07-27,Dunkerque,Électroménager,Aspirateur,2,382.36
2023-07-27,En ligne,Électroménager,Cafetière,4,1568.96
2023-07-27,En ligne,Sport,Raquette tennis,3,2012.64
2023-07-27,Valenciennes,Mode,T-shirt coton,4,1917.75
2023-07-27,Roubaix,Bricolage,Échelle alu,3,1064.01
2023-07-27,Valenciennes,Sport,Tapis yoga,5,3291.8
2023-07-27,Dunkerque,Maison,Set casseroles,2,1343.02
2023-07-27,Amiens,Bricolage,Peinture 5L,1,609.0
2023-07-27,En ligne,Électroménager,Robot cuiseur,6,1349.84
2023-07-27,Tourcoing,Bricolage,Échelle alu,3,1010.81
2023-07-27,Lille,Électroménager,Réfrigérateur,3,1162.11
2023-07-27,Roubaix,Bricolage,Échelle alu,8,2837.36
2023-07-27,Roubaix,Électroménager,Réfrigérateur,5,1936.85
2023-07-27,Tourcoing,Sport,Maillot bain,5,1753.85
2023-07-28,Valenciennes,Électroménager,Aspirateur,4,764.72
2023-07-28,Tourcoing,Maison,Étagère bois,1,279.59
2023-07-28,Amiens,Bricolage,Perceuse,2,211.32
2023-07-28,Roubaix,Mode,Robe été,2,593.04
2023-07-28,Tourcoing,Bricolage,Échelle alu,4,1347.75
2023-07-28,Roubaix,Électroménager,Aspirateur,3,573.54
2023-07-28,Tourcoing,Électroménager,Réfrigérateur,5,1936.85
2023-07-28,Amiens,Sport,Vélo VTT,5,2726.05
2023-07-28,Valenciennes,Maison,Canapé 3 places,4,984.92
2023-07-28,Tourcoing,Électroménager,Robot cuiseur,2,499.94
2023-07-28,Amiens,Mode,Robe été,4,1186.08
2023-07-28,En ligne,Maison,Canapé 3 places,8,1969.84
2023-07-28,Amiens,Mode,Jean homme,2,544.54
2023-07-28,En ligne,Maison,Rideau occultant,1,101.21
2023-07-28,Amiens,Électroménager,Aspirateur,3,544.86
2023-07-28,En ligne,Sport,Ballon foot,6,600.6
2023-07-28,Lille,Électroménager,Réfrigérateur,5,1936.85
2023-07-29,Amiens,Maison,Set casseroles,5,3534.25
2023-07-29,En ligne,Bricolage,Boîte à outils,4,332.84
2023-07-29,Lille,Maison,Set casseroles,2,1413.7
2023-07-29,Lille,Mode,Robe été,3,889.56
2023-07-29,Valenciennes,Sport,Vélo VTT,1,545.21
2023-07-29,Valenciennes,Électroménager,Robot cuiseur,5,1249.85
2023-07-29,Roubaix,Maison,Canapé 3 places,1,246.23
2023-07-29,Valenciennes,Sport,Chaussures running,3,1708.59
2023-07-29,Roubaix,Bricolage,Peinture 5L,3,1644.3
2023-07-29,Roubaix,Sport,Tapis yoga,6,3950.16
2023-07-29,Amiens,Sport,Maillot bain,5,1753.85
2023-07-29,Dunkerque,Mode,T-shirt coton,3,1514.01
2023-07-29,Tourcoing,Sport,Chaussures running,4,2164.21
2023-07-29,Tourcoing,Bricolage,Échelle alu,1,354.67
2023-07-29,Lille,Maison,Couette 220x240,5,1120.45
2023-07-29,Roubaix,Mode,Jean homme,1,258.66
2023-07-29,En ligne,Mode,Pull laine,6,5306.94
2023-07-30,En ligne,Sport,Maillot bain,6,2104.62
2023-07-30,Tourcoing,Sport,Vélo VTT,3,1635.63
2023-07-30,En ligne,Mode,T-shirt coton,6,3028.02
2023-07-30,En ligne,Maison,Canapé 3 places,3,738.69
2023-07-30,Dunkerque,Maison,Rideau occultant,2,202.42
2023-07-30,Lille,Maison,Canapé 3 places,5,1231.15
2023-07-30,Dunkerque,Mode,Baskets ville,6,2763.06
2023-07-30,En ligne,Mode,Robe été,5,1186.08
2023-07-30,Lille,Bricolage,Boîte à outils,2,166.42
2023-07-30,Dunkerque,Électroménager,Aspirateur,2,382.36
2023-07-30,Valenciennes,Sport,Haltères 10kg,2,186.77
2023-07-30,Lille,Mode,Veste hiver,5,3279.95
2023-07-30,Lille,Sport,Chaussures running,4,2278.12
2023-07-30,Dunkerque,Sport,Haltères 10kg,2,196.6
2023-07-30,Tourcoing,Mode,Jean homme,1,272.27
2023-07-30,Lille,Mode,Pull laine,5,4422.45
2023-07-30,Lille,Sport,Ballon foot,5,500.5
2023-07-31,Lille,Mode,Veste hiver,1,655.99
2023-07-31,Amiens,Mode,Veste hiver,3,1967.97
2023-07-31,Tourcoing,Maison,Rideau occultant,5,480.75
2023-07-31,En ligne,Électroménager,Cafetière,4,1568.96
2023-07-31,Amiens,Bricolage,Peinture 5L,1,609.0
2023-07-31,En ligne,Maison,Canapé 3 places,1,246.23
2023-07-31,Dunkerque,Sport,Vélo VTT,5,2180.84
2023-07-31,Roubaix,Électroménager,Robot cuiseur,6,1499.82
2023-07-31,Dunkerque,Électroménager,Réfrigérateur,4,1549.48
2023-07-31,Lille,Bricolage,Perceuse,1,105.66
2023-07-31,Lille,Maison,Rideau occultant,4,404.84
2023-07-31,Tourcoing,Sport,Raquette tennis,4,2542.28
2023-07-31,Dunkerque,Bricolage,Échelle alu,1,354.67
2023-08-01,Roubaix,Sport,Ballon foot,1,100.1
2023-08-01,Roubaix,Maison,Rideau occultant,2,202.42
2023-08-01,Dunkerque,Maison,Étagère bois,5,1397.95
2023-08-01,Tourcoing,Mode,Veste hiver,1,655.99
2023-08-01,En ligne,Électroménager,Robot cuiseur,3,749.91
2023-08-01,Lille,Bricolage,Échelle alu,3,1064.01
2023-08-01,Roubaix,Sport,Maillot bain,5,1753.85
2023-08-01,Lille,Bricolage,Tournevis set,3,1908.84
2023-08-01,En ligne,Maison,Étagère bois,4,1118.36
2023-08-01,Valenciennes,Maison,Lampe LED,2,268.44
2023-08-01,Roubaix,Bricolage,Perceuse,6,633.96
2023-08-01,Lille,Sport,Raquette tennis,1,706.19
2023-08-01,Dunkerque,Sport,Ballon foot,1,90.09
2023-08-01,Dunkerque,Maison,Étagère bois,4,1118.36
2023-08-01,Roubaix,Bricolage,Échelle alu,2,709.34
2023-08-01,Valenciennes,Sport,Tapis yoga,1,658.36
2023-08-01,Dunkerque,Sport,Tapis yoga,4,2633.44
2023-08-02,Dunkerque,Maison,Étagère bois,3,838.77
2023-08-02,Lille,Maison,Set casseroles,1,706.85
2023-08-02,Amiens,Mode,T-shirt coton,5,2523.35
2023-08-02,Tourcoing,Maison,Canapé 3 places,3,738.69
2023-08-02,En ligne,Maison,Canapé 3 places,4,886.43
2023-08-02,Roubaix,Bricolage,Peinture 5L,2,1218.0
2023-08-02,Roubaix,Bricolage,Boîte à outils,3,249.63
2023-08-02,Tourcoing,Sport,Vélo VTT,3,1635.63
2023-08-02,Lille,Sport,Haltères 10kg,6,589.8
2023-08-02,Amiens,Électroménager,Micro-ondes,4,1722.01
2023-08-02,Roubaix,Maison,Lampe LED,3,402.66
2023-08-02,Tourcoing,Mode,Baskets ville,5,2302.55
2023-08-02,Amiens,Bricolage,Tournevis set,4,2545.12
2023-08-02,Roubaix,Sport,Maillot bain,6,2104.62
2023-08-02,Dunkerque,Électroménager,Aspirateur,3,573.54
2023-08-02,Lille,Mode,Jean homme,3,775.97
2023-08-02,Lille,Maison,Set casseroles,5,3534.25
2023-08-02,Valenciennes,Mode,Baskets ville,1,460.51
2023-08-02,Roubaix,Sport,Haltères 10kg,2,186.77
2023-08-02,Lille,Mode,Jean homme,3,816.81
2023-08-02,Roubaix,Électroménager,Aspirateur,2,382.36
2023-08-03,Amiens,Mode,Pull laine,2,1768.98
2023-08-03,Lille,Électroménager,Aspirateur,6,1147.08
2023-08-03,Dunkerque,Bricolage,Échelle alu,5,1773.35
2023-08-03,Valenciennes,Mode,Pull laine,5,4201.33
2023-08-03,Dunkerque,Sport,Vélo VTT,4,2180.84
2023-08-03,Amiens,Sport,Ballon foot,1,100.1
2023-08-03,Valenciennes,Maison,Set casseroles,1,706.85
2023-08-03,Tourcoing,Bricolage,Tournevis set,3,1908.84
2023-08-03,Lille,Mode,T-shirt coton,1,504.67
2023-08-03,Tourcoing,Sport,Ballon foot,3,300.3
2023-08-03,Dunkerque,Sport,Ballon foot,2,200.2
2023-08-03,Lille,Mode,Pull laine,1,840.27
2023-08-03,Dunkerque,Sport,Ballon foot,4,400.4
2023-08-03,Dunkerque,Sport,Ballon foot,6,570.57
2023-08-03,Roubaix,Maison,Rideau occultant,3,303.63
2023-08-03,Lille,Électroménager,Réfrigérateur,2,774.74
2023-08-03,Amiens,Électroménager,Aspirateur,2,382.36
2023-08-03,En ligne,Sport,Raquette tennis,1,706.19
2023-08-03,Tourcoing,Bricolage,Boîte à outils,4,332.84
2023-08-03,Lille,Électroménager,Réfrigérateur,3,1162.11
2023-08-04,Dunkerque,Sport,Maillot bain,1,350.77
2023-08-04,Lille,Électroménager,Bouilloire,1,726.04
2023-08-04,Tourcoing,Mode,Veste hiver,1,655.99
2023-08-04,Lille,Électroménager,Cafetière,1,392.24
2023-08-04,Lille,Mode,T-shirt coton,1,504.67
2023-08-04,Dunkerque,Sport,Ballon foot,6,600.6
2023-08-04,Roubaix,Sport,Chaussures running,4,2278.12
2023-08-04,Valenciennes,Bricolage,Tournevis set,2,1145.3
2023-08-04,Roubaix,Maison,Étagère bois,4,1118.36
2023-08-04,Roubaix,Électroménager,Cafetière,3,1176.72
2023-08-04,Dunkerque,Maison,Couette 220x240,5,1120.45
2023-08-04,Lille,Électroménager,Robot cuiseur,2,499.94
2023-08-04,En ligne,Bricolage,Boîte à outils,2,166.42
2023-08-04,Valenciennes,Bricolage,Boîte à outils,1,83.21
2023-08-04,Lille,Maison,Set casseroles,6,4241.1
2023-08-04,En ligne,Sport,Chaussures running,1,569.53
2023-08-04,En ligne,Maison,Canapé 3 places,5,1169.59
2023-08-04,Tourcoing,Sport,Maillot bain,2,701.54
2023-08-04,Lille,Sport,Ballon foot,1,100.1
2023-08-04,Tourcoing,Mode,Robe été,3,889.56
2023-08-04,En ligne,Électroménager,Bouilloire,5,3630.2
2023-08-05,Roubaix,Maison,Couette 220x240,3,638.66
2023-08-05,Roubaix,Bricolage,Boîte à outils,1,83.21
2023-08-05,Tourcoing,Électroménager,Robot cuiseur,2,499.94
2023-08-05,En ligne,Maison,Lampe LED,2,268.44
2023-08-05,Valenciennes,Sport,Raquette tennis,1,706.19
2023-08-05,En ligne,Maison,Lampe LED,4,536.88
2023-08-05,Dunkerque,Bricolage,Peinture 5L,1,578.55
2023-08-05,Lille,Bricolage,Peinture 5L,1,609.0
2023-08-05,Amiens,Sport,Tapis yoga,2,1185.05
2023-08-05,Lille,Sport,Chaussures running,3,1708.59
2023-08-05,Dunkerque,Sport,Ballon foot,3,300.3
2023-08-05,Valenciennes,Bricolage,Peinture 5L,5,3045.0
2023-08-05,Lille,Bricolage,Perceuse,3,316.98
2023-08-06,En ligne,Électroménager,Cafetière,3,1176.72
2023-08-06,Tourcoing,Maison,Couette 220x240,3,672.27
2023-08-06,Tourcoing,Bricolage,Perceuse,1,95.09
2023-08-06,Amiens,Maison,Lampe LED,5,671.1
2023-08-06,Lille,Bricolage,Perceuse,3,301.13
2023-08-06,Lille,Mode,Pull laine,1,884.49
2023-08-06,Dunkerque,Sport,Tapis yoga,3,1975.08
2023-08-06,Dunkerque,Maison,Canapé 3 places,3,738.69
2023-08-06,Lille,Sport,Raquette tennis,3,2118.57
2023-08-06,Roubaix,Électroménager,Micro-ondes,2,906.32
2023-08-06,Lille,Bricolage,Tournevis set,2,1272.56
2023-08-06,Dunkerque,Bricolage,Boîte à outils,2,166.42
2023-08-06,Dunkerque,Sport,Raquette tennis,4,2824.76
2023-08-06,Lille,Sport,Vélo VTT,2,1035.9
2023-08-06,Dunkerque,Électroménager,Aspirateur,5,955.9
2023-08-06,Amiens,Sport,Chaussures running,2,1139.06
2023-08-06,Dunkerque,Électroménager,Réfrigérateur,3,1162.11
2023-08-06,En ligne,Mode,Robe été,2,593.04
2023-08-06,Amiens,Mode,T-shirt coton,5,2523.35
2023-08-06,Lille,Électroménager,Micro-ondes,3,1359.48
2023-08-07,En ligne,Sport,Tapis yoga,3,1975.08
2023-08-07,En ligne,Sport,Raquette tennis,2,1412.38
2023-08-07,Valenciennes,Maison,Canapé 3 places,2,443.21
2023-08-07,En ligne,Mode,Robe été,1,296.52
2023-08-07,Roubaix,Maison,Set casseroles,2,1343.02
2023-08-07,Amiens,Bricolage,Peinture 5L,2,1218.0
2023-08-07,Valenciennes,Mode,Jean homme,2,544.54
2023-08-07,En ligne,Sport,Vélo VTT,2,1090.42
2023-08-07,Lille,Électroménager,Bouilloire,3,2178.12
2023-08-07,Roubaix,Mode,Robe été,3,889.56
2023-08-07,Lille,Bricolage,Tournevis set,5,3181.4
2023-08-07,Dunkerque,Bricolage,Perceuse,5,528.3
2023-08-07,Lille,Électroménager,Bouilloire,5,3630.2
2023-08-07,Dunkerque,Mode,Jean homme,3,816.81
2023-08-07,Valenciennes,Électroménager,Cafetière,1,372.63
2023-08-07,Tourcoing,Électroménager,Réfrigérateur,5,1936.85
2023-08-07,Roubaix,Sport,Maillot bain,4,1403.08
2023-08-07,Tourcoing,Mode,Veste hiver,4,2623.96
2023-08-07,Amiens,Maison,Set casseroles,1,706.85
2023-08-07,Valenciennes,Maison,Canapé 3 places,1,246.23
2023-08-07,En ligne,Maison,Lampe LED,2,255.02
2023-08-07,Dunkerque,Électroménager,Cafetière,4,1568.96
2023-08-07,Roubaix,Sport,Maillot bain,5,1753.85
2023-08-07,En ligne,Mode,Jean homme,2,544.54
2023-08-08,Dunkerque,Électroménager,Réfrigérateur,3,1162.11
2023-08-08,Valenciennes,Électroménager,Cafetière,2,784.48
2023-08-08,En ligne,Maison,Rideau occultant,2,202.42
2023-08-08,Lille,Électroménager,Micro-ondes,1,430.5
2023-08-08,Roubaix,Électroménager,Aspirateur,3,573.54
2023-08-08,En ligne,Sport,Vélo VTT,5,2589.75
2023-08-08,Lille,Mode,Pull laine,4,3537.96
2023-08-08,Lille,Sport,Maillot bain,1,350.77
2023-08-08,Roubaix,Sport,Tapis yoga,3,1975.08
2023-08-09,Lille,Bricolage,Boîte à outils,6,499.26
2023-08-09,Dunkerque,Bricolage,Peinture 5L,4,2436.0
2023-08-09,Valenciennes,Électroménager,Bouilloire,4,2758.95
2023-08-09,Amiens,Bricolage,Peinture 5L,5,3045.0
2023-08-09,Roubaix,Maison,Rideau occultant,1,96.15
2023-08-09,Amiens,Mode,Jean homme,4,1034.63
2023-08-09,Dunkerque,Sport,Chaussures running,1,569.53
2023-08-09,Dunkerque,Sport,Maillot bain,2,701.54
2023-08-09,Amiens,Bricolage,Tournevis set,2,1272.56
2023-08-09,Roubaix,Mode,Jean homme,2,544.54
2023-08-09,Roubaix,Maison,Rideau occultant,6,607.26
2023-08-09,Amiens,Bricolage,Tournevis set,1,636.28
2023-08-09,Tourcoing,Sport,Ballon foot,2,200.2
2023-08-09,Dunkerque,Électroménager,Micro-ondes,5,2265.8
2023-08-09,Lille,Mode,Baskets ville,1,460.51
2023-08-09,Lille,Sport,Tapis yoga,3,1975.08
2023-08-09,Roubaix,Électroménager,Micro-ondes,2,906.32
2023-08-10,Roubaix,Maison,Couette 220x240,1,224.09
2023-08-10,Lille,Sport,Chaussures running,4,2278.12
2023-08-10,Lille,Maison,Canapé 3 places,5,1231.15
2023-08-10,Tourcoing,Sport,Chaussures running,3,1708.59
2023-08-10,En ligne,Maison,Canapé 3 places,3,738.69
2023-08-10,Dunkerque,Maison,Étagère bois,3,838.77
2023-08-10,Roubaix,Sport,Raquette tennis,4,2824.76
2023-08-10,Valenciennes,Électroménager,Cafetière,4,1568.96
2023-08-10,Roubaix,Électroménager,Cafetière,2,784.48
2023-08-10,En ligne,Maison,Canapé 3 places,2,492.46
2023-08-10,En ligne,Sport,Maillot bain,3,1052.31
2023-08-10,En ligne,Électroménager,Aspirateur,1,191.18
2023-08-10,Lille,Sport,Ballon foot,1,100.1
2023-08-11,Dunkerque,Maison,Couette 220x240,1,224.09
2023-08-11,En ligne,Électroménager,Aspirateur,4,764.72
2023-08-11,En ligne,Mode,Pull laine,1,884.49
2023-08-11,Tourcoing,Mode,Veste hiver,3,1967.97
2023-08-11,Tourcoing,Sport,Maillot bain,1,350.77
2023-08-11,Dunkerque,Mode,Veste hiver,1,655.99
2023-08-11,Tourcoing,Électroménager,Réfrigérateur,6,2324.22
2023-08-11,Lille,Sport,Chaussures running,1,569.53
2023-08-11,En ligne,Sport,Tapis yoga,2,1185.05
2023-08-11,Valenciennes,Sport,Maillot bain,2,701.54
2023-08-12,En ligne,Maison,Rideau occultant,5,506.05
2023-08-12,Amiens,Sport,Ballon foot,3,240.24
2023-08-12,Roubaix,Maison,Couette 220x240,6,1344.54
2023-08-12,Valenciennes,Mode,Baskets ville,2,921.02
2023-08-12,Dunkerque,Sport,Ballon foot,1,100.1
2023-08-12,Roubaix,Maison,Canapé 3 places,4,984.92
2023-08-12,Valenciennes,Bricolage,Boîte à outils,3,249.63
2023-08-12,Dunkerque,Électroménager,Réfrigérateur,1,387.37
2023-08-12,Amiens,Maison,Set casseroles,2,1413.7
2023-08-12,En ligne,Sport,Ballon foot,2,200.2
2023-08-12,Lille,Mode,Baskets ville,4,1657.84
2023-08-12,Roubaix,Sport,Chaussures running,2,1139.06
2023-08-12,Tourcoing,Électroménager,Robot cuiseur,3,674.92
2023-08-12,Lille,Électroménager,Réfrigérateur,3,1162.11
2023-08-13,Lille,Électroménager,Robot cuiseur,5,1249.85
2023-08-13,En ligne,Électroménager,Cafetière,1,392.24
2023-08-13,Tourcoing,Mode,Baskets ville,5,2302.55
2023-08-13,Dunkerque,Sport,Tapis yoga,1,658.36
2023-08-13,Amiens,Sport,Maillot bain,1,350.77
2023-08-13,Roubaix,Maison,Couette 220x240,3,672.27
2023-08-13,Dunkerque,Mode,Baskets ville,1,460.51
2023-08-13,Valenciennes,Sport,Vélo VTT,4,2180.84
2023-08-13,Lille,Sport,Vélo VTT,2,1090.42
2023-08-13,Dunkerque,Mode,Baskets ville,1,460.51
2023-08-13,En ligne,Mode,Jean homme,4,1089.08
2023-08-13,Tourcoing,Électroménager,Micro-ondes,5,2265.8
2023-08-13,Amiens,Électroménager,Micro-ondes,3,1359.48
2023-08-13,En ligne,Maison,Canapé 3 places,1,246.23
2023-08-13,Lille,Électroménager,Réfrigérateur,2,774.74
2023-08-13,Tourcoing,Sport,Chaussures running,1,569.53
2023-08-13,Valenciennes,Électroménager,Bouilloire,5,3630.2
2023-08-13,Valenciennes,Bricolage,Perceuse,3,316.98
2023-08-14,Amiens,Maison,Couette 220x240,3,672.27
2023-08-14,Roubaix,Sport,Tapis yoga,2,1316.72
2023-08-14,Valenciennes,Sport,Ballon foot,3,300.3
2023-08-14,Roubaix,Sport,Haltères 10kg,5,491.5
2023-08-14,Roubaix,Bricolage,Peinture 5L,2,1218.0
2023-08-14,Roubaix,Maison,Étagère bois,2,531.22
2023-08-14,En ligne,Sport,Haltères 10kg,1,98.3
2023-08-14,Dunkerque,Maison,Set casseroles,1,706.85
2023-08-14,Tourcoing,Bricolage,Peinture 5L,2,1218.0
2023-08-14,Lille,Maison,Set casseroles,2,1413.7
2023-08-14,Dunkerque,Bricolage,Perceuse,2,200.75
2023-08-14,Amiens,Sport,Chaussures running,3,1708.59
2023-08-14,Tourcoing,Mode,T-shirt coton,1,504.67
2023-08-14,Roubaix,Mode,Pull laine,3,2653.47
2023-08-14,En ligne,Sport,Tapis yoga,3,1975.08
2023-08-14,Tourcoing,Bricolage,Peinture 5L,1,609.0
2023-08-14,En ligne,Maison,Canapé 3 places,4,984.92
2023-08-14,Lille,Sport,Tapis yoga,1,625.44
2023-08-14,Dunkerque,Sport,Haltères 10kg,3,294.9
2023-08-14,En ligne,Sport,Chaussures running,1,569.53
2023-08-15,Lille,Mode,T-shirt coton,1,504.67
2023-08-15,En ligne,Bricolage,Tournevis set,3,1908.84
2023-08-15,Lille,Sport,Maillot bain,6,2104.62
2023-08-15,Amiens,Mode,T-shirt coton,5,2523.35
2023-08-15,En ligne,Mode,T-shirt coton,4,2018.68
2023-08-15,Tourcoing,Maison,Couette 220x240,6,1344.54
2023-08-15,Roubaix,Mode,Jean homme,3,816.81
2023-08-15,Valenciennes,Sport,Haltères 10kg,5,491.5
2023-08-15,Amiens,Maison,Couette 220x240,1,224.09
2023-08-15,En ligne,Bricolage,Tournevis set,2,1272.56
2023-08-15,Dunkerque,Électroménager,Cafetière,4,1568.96
2023-08-15,Amiens,Mode,Jean homme,4,1089.08
2023-08-15,Tourcoing,Bricolage,Échelle alu,1,354.67
2023-08-15,Dunkerque,Mode,Veste hiver,1,655.99
2023-08-16,En ligne,Bricolage,Perceuse,5,528.3
2023-08-16,Amiens,Mode,Jean homme,4,1089.08
2023-08-16,Valenciennes,Sport,Tapis yoga,2,1316.72
2023-08-16,Dunkerque,Sport,Vélo VTT,3,1635.63
2023-08-16,En ligne,Mode,Baskets ville,1,460.51
2023-08-16,Lille,Électroménager,Micro-ondes,3,1359.48
2023-08-16,Lille,Maison,Couette 220x240,2,448.18
2023-08-16,Roubaix,Sport,Tapis yoga,3,1777.57
2023-08-16,Tourcoing,Maison,Set casseroles,4,2827.4
2023-08-16,Lille,Mode,Baskets ville,2,874.97
2023-08-16,Tourcoing,Maison,Étagère bois,3,838.77
2023-08-16,Lille,Maison,Lampe LED,4,536.88
2023-08-16,Lille,Électroménager,Aspirateur,2,382.36
2023-08-16,Valenciennes,Sport,Maillot bain,1,350.77
2023-08-16,En ligne,Électroménager,Cafetière,2,784.48
2023-08-16,En ligne,Mode,T-shirt coton,3,1438.31
2023-08-16,Roubaix,Bricolage,Perceuse,1,105.66
2023-08-16,Amiens,Bricolage,Perceuse,1,105.66
2023-08-16,Lille,Maison,Lampe LED,4,429.5
2023-08-16,En ligne,Électroménager,Aspirateur,1,191.18
2023-08-16,Roubaix,Sport,Ballon foot,2,200.2
2023-08-17,Amiens,Électroménager,Micro-ondes,2,906.32
2023-08-17,Lille,Sport,Tapis yoga,2,1316.72
2023-08-17,Tourcoing,Électroménager,Cafetière,3,1176.72
2023-08-17,Dunkerque,Bricolage,Échelle alu,1,354.67
2023-08-17,Dunkerque,Électroménager,Réfrigérateur,2,774.74
2023-08-17,En ligne,Bricolage,Peinture 5L,1,609.0
2023-08-17,Lille,Sport,Haltères 10kg,1,98.3
2023-08-17,Tourcoing,Mode,Baskets ville,3,1243.38
2023-08-17,En ligne,Bricolage,Tournevis set,3,1527.07
2023-08-18,Roubaix,Maison,Lampe LED,4,536.88
2023-08-18,Valenciennes,Électroménager,Bouilloire,1,726.04
2023-08-18,Lille,Électroménager,Micro-ondes,3,1223.53
2023-08-18,Dunkerque,Sport,Vélo VTT,1,545.21
2023-08-18,Roubaix,Sport,Ballon foot,4,400.4
2023-08-18,En ligne,Bricolage,Échelle alu,3,1064.01
2023-08-18,Tourcoing,Électroménager,Réfrigérateur,2,697.27
2023-08-18,Amiens,Électroménager,Aspirateur,5,955.9
2023-08-18,Valenciennes,Bricolage,Perceuse,4,422.64
2023-08-18,Valenciennes,Mode,T-shirt coton,4,1917.75
2023-08-18,Lille,Mode,Veste hiver,4,2492.76
2023-08-18,Dunkerque,Maison,Rideau occultant,4,404.84
2023-08-18,Tourcoing,Mode,Veste hiver,5,2951.96
2023-08-18,Amiens,Mode,Pull laine,5,4422.45
2023-08-18,Dunkerque,Électroménager,Réfrigérateur,3,1162.11
2023-08-18,Lille,Sport,Haltères 10kg,5,491.5
2023-08-18,Valenciennes,Bricolage,Échelle alu,1,354.67
2023-08-18,Lille,Électroménager,Bouilloire,1,653.44
2023-08-18,Tourcoing,Sport,Raquette tennis,4,2824.76
2023-08-18,Amiens,Maison,Étagère bois,2,559.18
2023-08-18,Dunkerque,Sport,Haltères 10kg,3,265.41
2023-08-18,En ligne,Sport,Haltères 10kg,2,196.6
2023-08-19,Dunkerque,Électroménager,Aspirateur,1,191.18
2023-08-19,Roubaix,Électroménager,Réfrigérateur,4,1549.48
2023-08-19,En ligne,Maison,Lampe LED,4,536.88
2023-08-19,En ligne,Sport,Haltères 10kg,2,196.6
2023-08-19,Dunkerque,Maison,Canapé 3 places,1,246.23
2023-08-19,Roubaix,Sport,Haltères 10kg,1,98.3
2023-08-19,Tourcoing,Sport,Ballon foot,5,500.5
2023-08-19,Dunkerque,Mode,T-shirt coton,4,2018.68
2023-08-19,Tourcoing,Sport,Ballon foot,1,100.1
2023-08-19,Roubaix,Sport,Maillot bain,4,1403.08
2023-08-19,Dunkerque,Électroménager,Bouilloire,4,2904.16
2023-08-20,Lille,Mode,Veste hiver,2,1311.98
2023-08-20,Amiens,Bricolage,Peinture 5L,4,2436.0
2023-08-20,Lille,Bricolage,Perceuse,2,211.32
2023-08-20,Dunkerque,Sport,Haltères 10kg,2,196.6
2023-08-20,Valenciennes,Sport,Tapis yoga,3,1975.08
2023-08-20,Lille,Maison,Rideau occultant,3,303.63
2023-08-20,Roubaix,Bricolage,Peinture 5L,2,1218.0
2023-08-20,En ligne,Bricolage,Échelle alu,1,354.67
2023-08-20,Lille,Maison,Canapé 3 places,3,738.69
2023-08-20,Tourcoing,Bricolage,Perceuse,4,422.64
2023-08-20,Dunkerque,Sport,Vélo VTT,6,3107.7
2023-08-20,Amiens,Bricolage,Boîte à outils,1,83.21
2023-08-20,Lille,Électroménager,Aspirateur,5,955.9
2023-08-20,Valenciennes,Sport,Ballon foot,2,200.2
2023-08-20,Amiens,Sport,Raquette tennis,1,706.19
2023-08-20,Valenciennes,Sport,Haltères 10kg,2,157.28
2023-08-20,En ligne,Maison,Lampe LED,1,134.22
2023-08-20,En ligne,Maison,Canapé 3 places,6,1477.38
2023-08-20,En ligne,Mode,Pull laine,3,2653.47
2023-08-20,En ligne,Maison,Set casseroles,4,2827.4
2023-08-20,Dunkerque,Maison,Rideau occultant,1,91.09
2023-08-20,En ligne,Maison,Set casseroles,1,565.48
2023-08-20,Lille,Électroménager,Robot cuiseur,2,499.94
2023-08-20,Amiens,Bricolage,Perceuse,3,316.98
2023-08-20,Tourcoing,Électroménager,Réfrigérateur,3,1162.11
2023-08-21,Lille,Bricolage,Échelle alu,3,1064.01
2023-08-21,Tourcoing,Maison,Canapé 3 places,1,246.23
2023-08-21,En ligne,Électroménager,Micro-ondes,4,1812.64
2023-08-21,Roubaix,Bricolage,Tournevis set,2,1145.3
2023-08-21,Tourcoing,Sport,Tapis yoga,3,1975.08
2023-08-21,Lille,Électroménager,Bouilloire,3,2178.12
2023-08-21,Tourcoing,Bricolage,Peinture 5L,2,1218.0
2023-08-21,Amiens,Mode,Pull laine,1,884.49
2023-08-21,Valenciennes,Sport,Vélo VTT,4,2180.84
2023-08-21,Dunkerque,Sport,Raquette tennis,3,2118.57
2023-08-21,Dunkerque,Électroménager,Bouilloire,4,2904.16
2023-08-21,Roubaix,Mode,Robe été,2,593.04
2023-08-21,Tourcoing,Bricolage,Boîte à outils,3,249.63
2023-08-21,En ligne,Sport,Maillot bain,4,1403.08
2023-08-21,En ligne,Électroménager,Réfrigérateur,2,697.27
2023-08-22,Valenciennes,Maison,Rideau occultant,3,242.9
2023-08-22,Tourcoing,Bricolage,Boîte à outils,6,499.26
2023-08-22,Lille,Maison,Set casseroles,2,1413.7
2023-08-22,Lille,Maison,Rideau occultant,1,101.21
2023-08-22,Dunkerque,Mode,Jean homme,4,1089.08
2023-08-22,Amiens,Mode,Baskets ville,2,921.02
2023-08-22,Lille,Mode,Pull laine,3,2653.47
2023-08-22,Lille,Électroménager,Bouilloire,2,1306.87
2023-08-22,Lille,Mode,Veste hiver,6,3935.94
2023-08-22,Dunkerque,Maison,Couette 220x240,3,672.27
2023-08-22,Lille,Maison,Rideau occultant,5,506.05
2023-08-22,Lille,Maison,Lampe LED,2,268.44
2023-08-22,Lille,Électroménager,Bouilloire,2,1379.48
2023-08-22,Roubaix,Bricolage,Peinture 5L,2,1218.0
2023-08-22,En ligne,Sport,Tapis yoga,3,1975.08
2023-08-22,Lille,Bricolage,Échelle alu,2,709.34
2023-08-22,Lille,Maison,Set casseroles,5,3534.25
2023-08-22,Lille,Sport,Raquette tennis,4,2824.76
2023-08-22,Lille,Mode,Veste hiver,4,2623.96
2023-08-23,Roubaix,Sport,Tapis yoga,5,3291.8
2023-08-23,Tourcoing,Électroménager,Aspirateur,3,573.54
2023-08-23,Roubaix,Maison,Étagère bois,1,223.67
2023-08-23,En ligne,Bricolage,Peinture 5L,4,2436.0
2023-08-23,Amiens,Maison,Lampe LED,2,268.44
2023-08-23,En ligne,Mode,T-shirt coton,2,1009.34
2023-08-23,Tourcoing,Maison,Lampe LED,2,268.44
2023-08-23,Amiens,Bricolage,Peinture 5L,4,2192.4
2023-08-23,Valenciennes,Sport,Chaussures running,1,569.53
2023-08-23,Amiens,Bricolage,Boîte à outils,4,332.84
2023-08-23,Amiens,Électroménager,Robot cuiseur,1,249.97
2023-08-23,Lille,Sport,Tapis yoga,2,1316.72
2023-08-23,En ligne,Mode,T-shirt coton,1,504.67
2023-08-23,Amiens,Maison,Étagère bois,3,838.77
2023-08-23,Tourcoing,Sport,Maillot bain,2,701.54
2023-08-23,Dunkerque,Électroménager,Réfrigérateur,1,387.37
2023-08-23,Lille,Mode,Pull laine,1,884.49
2023-08-23,Valenciennes,Mode,Robe été,3,889.56
2023-08-23,Dunkerque,Bricolage,Boîte à outils,3,249.63
2023-08-24,Roubaix,Maison,Étagère bois,3,838.77
2023-08-24,Amiens,Maison,Canapé 3 places,3,701.76
2023-08-24,Valenciennes,Maison,Canapé 3 places,2,492.46
2023-08-24,Roubaix,Mode,Baskets ville,2,874.97
2023-08-24,Amiens,Électroménager,Réfrigérateur,4,1239.58
2023-08-24,En ligne,Électroménager,Aspirateur,1,191.18
2023-08-24,Roubaix,Électroménager,Aspirateur,3,516.19
2023-08-24,Lille,Électroménager,Micro-ondes,2,906.32
2023-08-24,Roubaix,Maison,Couette 220x240,2,448.18
2023-08-24,Valenciennes,Électroménager,Cafetière,2,706.03
2023-08-24,Amiens,Électroménager,Bouilloire,2,1452.08
2023-08-24,Valenciennes,Électroménager,Cafetière,2,784.48
2023-08-24,Amiens,Mode,Pull laine,1,884.49
2023-08-24,Tourcoing,Mode,Veste hiver,3,1967.97
2023-08-24,Roubaix,Bricolage,Échelle alu,1,354.67
2023-08-24,Lille,Sport,Chaussures running,3,1537.73
2023-08-24,Dunkerque,Électroménager,Micro-ondes,2,906.32
2023-08-24,Lille,Électroménager,Bouilloire,1,726.04
2023-08-24,Valenciennes,Sport,Raquette tennis,3,2118.57
2023-08-24,Amiens,Maison,Rideau occultant,1,101.21
2023-08-24,Dunkerque,Maison,Étagère bois,2,531.22
2023-08-25,Dunkerque,Mode,Veste hiver,4,2361.56
2023-08-25,Amiens,Sport,Maillot bain,5,1666.16
2023-08-25,Roubaix,Sport,Tapis yoga,5,3291.8
2023-08-25,Dunkerque,Bricolage,Perceuse,2,211.32
2023-08-25,Lille,Maison,Set casseroles,2,1413.7
2023-08-25,Tourcoing,Sport,Haltères 10kg,3,294.9
2023-08-25,Lille,Mode,Baskets ville,1,460.51
2023-08-25,En ligne,Sport,Tapis yoga,3,1975.08
2023-08-25,Dunkerque,Maison,Rideau occultant,2,202.42
2023-08-25,Valenciennes,Sport,Raquette tennis,6,4237.14
2023-08-25,Roubaix,Mode,Veste hiver,2,1311.98
2023-08-25,Tourcoing,Électroménager,Robot cuiseur,1,249.97
2023-08-25,Lille,Bricolage,Peinture 5L,1,609.0
2023-08-25,Lille,Mode,Veste hiver,1,655.99
2023-08-26,Tourcoing,Sport,Haltères 10kg,1,98.3
2023-08-26,Tourcoing,Maison,Rideau occultant,1,101.21
2023-08-26,Lille,Électroménager,Réfrigérateur,5,1936.85
2023-08-26,Lille,Électroménager,Bouilloire,2,1306.87
2023-08-26,Roubaix,Maison,Couette 220x240,2,448.18
2023-08-26,Tourcoing,Électroménager,Robot cuiseur,5,1249.85
2023-08-26,Lille,Mode,Veste hiver,2,1311.98
2023-08-26,Lille,Bricolage,Boîte à outils,4,299.56
2023-08-26,Lille,Bricolage,Échelle alu,2,709.34
2023-08-26,Lille,Sport,Ballon foot,3,300.3
2023-08-26,Amiens,Sport,Chaussures running,4,2278.12
2023-08-26,Roubaix,Maison,Lampe LED,5,671.1
2023-08-26,Valenciennes,Électroménager,Micro-ondes,2,906.32
2023-08-26,Amiens,Bricolage,Peinture 5L,2,1218.0
2023-08-26,Lille,Sport,Tapis yoga,3,1975.08
2023-08-27,Dunkerque,Sport,Vélo VTT,5,2726.05
2023-08-27,Dunkerque,Électroménager,Aspirateur,4,764.72
2023-08-27,Lille,Sport,Tapis yoga,4,2633.44
2023-08-27,Lille,Électroménager,Robot cuiseur,5,1249.85
2023-08-27,Amiens,Sport,Tapis yoga,4,2633.44
2023-08-27,Tourcoing,Bricolage,Échelle alu,1,354.67
2023-08-27,Amiens,Électroménager,Bouilloire,1,726.04
2023-08-27,En ligne,Sport,Haltères 10kg,5,491.5
2023-08-27,Roubaix,Électroménager,Aspirateur,4,764.72
2023-08-27,Lille,Sport,Raquette tennis,4,2824.76
2023-08-27,En ligne,Électroménager,Micro-ondes,4,1812.64
2023-08-27,Lille,Mode,Jean homme,4,1089.08
2023-08-27,Roubaix,Sport,Raquette tennis,4,2824.76
2023-08-27,Lille,Maison,Set casseroles,2,1413.7
2023-08-27,Lille,Mode,Baskets ville,3,1381.53
2023-08-27,Valenciennes,Sport,Ballon foot,2,200.2
2023-08-27,Valenciennes,Maison,Couette 220x240,2,358.54
2023-08-27,En ligne,Électroménager,Micro-ondes,2,906.32
2023-08-27,Dunkerque,Sport,Haltères 10kg,3,294.9
2023-08-28,Amiens,Sport,Chaussures running,3,1537.73
2023-08-28,En ligne,Mode,Jean homme,1,272.27
2023-08-28,Roubaix,Maison,Lampe LED,4,536.88
2023-08-28,Amiens,Bricolage,Échelle alu,2,709.34
2023-08-28,Valenciennes,Mode,Jean homme,2,544.54
2023-08-28,Dunkerque,Électroménager,Cafetière,1,392.24
2023-08-28,Roubaix,Électroménager,Réfrigérateur,4,1549.48
2023-08-28,Lille,Maison,Lampe LED,1,134.22
2023-08-28,Amiens,Sport,Ballon foot,4,400.4
2023-08-28,Tourcoing,Sport,Raquette tennis,1,706.19
2023-08-28,Lille,Sport,Maillot bain,1,350.77
2023-08-28,En ligne,Sport,Ballon foot,3,270.27
2023-08-28,Tourcoing,Maison,Couette 220x240,1,212.89
2023-08-28,Lille,Bricolage,Boîte à outils,1,74.89
2023-08-28,Dunkerque,Électroménager,Robot cuiseur,1,237.47
2023-08-29,Lille,Sport,Vélo VTT,5,2726.05
2023-08-29,Roubaix,Bricolage,Tournevis set,2,1272.56
2023-08-29,Lille,Maison,Étagère bois,3,838.77
2023-08-29,Amiens,Mode,Robe été,2,593.04
2023-08-29,En ligne,Mode,Baskets ville,3,1312.45
2023-08-29,Dunkerque,Mode,Robe été,4,1067.47
2023-08-29,Amiens,Maison,Couette 220x240,2,448.18
2023-08-29,Tourcoing,Maison,Lampe LED,3,402.66
2023-08-29,Lille,Sport,Chaussures running,1,569.53
2023-08-29,Tourcoing,Maison,Lampe LED,2,268.44
2023-08-29,Dunkerque,Sport,Vélo VTT,3,1553.85
2023-08-29,Tourcoing,Électroménager,Bouilloire,3,2178.12
2023-08-29,En ligne,Sport,Vélo VTT,2,1035.9
2023-08-29,Amiens,Électroménager,Bouilloire,2,1452.08
2023-08-29,Amiens,Bricolage,Tournevis set,2,1272.56
2023-08-29,Lille,Sport,Tapis yoga,2,1316.72
2023-08-29,Dunkerque,Bricolage,Échelle alu,3,957.61
2023-08-29,Tourcoing,Électroménager,Micro-ondes,3,1359.48
2023-08-30,En ligne,Bricolage,Perceuse,3,316.98
2023-08-30,Tourcoing,Mode,Jean homme,2,544.54
2023-08-30,En ligne,Électroménager,Micro-ondes,3,1291.51
2023-08-30,Lille,Mode,Robe été,1,296.52
2023-08-30,Amiens,Électroménager,Réfrigérateur,3,1162.11
2023-08-30,En ligne,Bricolage,Échelle alu,4,1418.68
2023-08-30,Lille,Sport,Ballon foot,1,100.1
2023-08-30,Lille,Maison,Couette 220x240,2,448.18
2023-08-30,En ligne,Maison,Canapé 3 places,3,738.69
2023-08-30,Amiens,Mode,Pull laine,4,3537.96
2023-08-30,Lille,Maison,Rideau occultant,5,506.05
2023-08-30,Lille,Sport,Haltères 10kg,5,491.5
2023-08-30,Lille,Électroménager,Robot cuiseur,1,237.47
2023-08-30,Lille,Sport,Haltères 10kg,2,196.6
2023-08-30,Dunkerque,Bricolage,Tournevis set,1,636.28
2023-08-30,Valenciennes,Sport,Chaussures running,1,569.53
2023-08-30,Lille,Mode,Pull laine,2,1768.98
2023-08-30,Tourcoing,Sport,Raquette tennis,3,1906.71
2023-08-30,Valenciennes,Mode,Jean homme,2,544.54
2023-08-30,Lille,Électroménager,Bouilloire,1,726.04
2023-08-30,Amiens,Bricolage,Boîte à outils,3,249.63
2023-08-31,Lille,Mode,Pull laine,1,884.49
2023-08-31,Valenciennes,Mode,Veste hiver,4,2623.96
2023-08-31,Tourcoing,Maison,Étagère bois,1,279.59
2023-08-31,Roubaix,Électroménager,Micro-ondes,5,2265.8
2023-08-31,Amiens,Bricolage,Échelle alu,2,709.34
2023-08-31,Lille,Maison,Étagère bois,3,838.77
2023-08-31,Lille,Mode,Veste hiver,2,1311.98
2023-08-31,Dunkerque,Sport,Tapis yoga,4,2633.44
2023-08-31,Roubaix,Sport,Chaussures running,2,1139.06
2023-08-31,Lille,Bricolage,Peinture 5L,1,609.0
2023-08-31,Roubaix,Maison,Rideau occultant,3,303.63
2023-08-31,Roubaix,Bricolage,Perceuse,2,211.32
2023-08-31,Lille,Mode,Jean homme,2,544.54
2023-08-31,Tourcoing,Bricolage,Échelle alu,1,354.67
2023-08-31,En ligne,Sport,Chaussures running,4,2278.12
2023-08-31,Dunkerque,Bricolage,Perceuse,3,316.98
2023-08-31,En ligne,Bricolage,Perceuse,3,301.13
2023-08-31,Valenciennes,Électroménager,Robot cuiseur,1,249.97
2023-08-31,Amiens,Bricolage,Perceuse,4,422.64
2023-09-01,Lille,Bricolage,Boîte à outils,3,249.63
2023-09-01,Roubaix,Bricolage,Échelle alu,1,354.67
2023-09-01,Dunkerque,Bricolage,Échelle alu,2,709.34
2023-09-01,Roubaix,Mode,Baskets ville,1,460.51
2023-09-01,Valenciennes,Bricolage,Peinture 5L,6,3654.0
2023-09-01,Roubaix,Maison,Set casseroles,3,2120.55
2023-09-01,Amiens,Maison,Lampe LED,1,134.22
2023-09-01,En ligne,Mode,Baskets ville,3,1381.53
2023-09-01,Valenciennes,Électroménager,Micro-ondes,2,906.32
2023-09-01,Lille,Maison,Étagère bois,3,838.77
2023-09-01,Tourcoing,Bricolage,Peinture 5L,6,3654.0
2023-09-01,Amiens,Mode,T-shirt coton,1,504.67
2023-09-01,Roubaix,Sport,Vélo VTT,6,3271.26
2023-09-01,En ligne,Sport,Ballon foot,2,200.2
2023-09-01,Dunkerque,Bricolage,Échelle alu,4,1418.68
2023-09-01,Valenciennes,Maison,Rideau occultant,2,202.42
2023-09-01,Lille,Bricolage,Perceuse,6,633.96
2023-09-01,Dunkerque,Bricolage,Boîte à outils,5,374.44
2023-09-01,En ligne,Bricolage,Échelle alu,3,1064.01
2023-09-01,En ligne,Électroménager,Aspirateur,2,382.36
2023-09-01,Dunkerque,Bricolage,Peinture 5L,2,1218.0
2023-09-01,Amiens,Maison,Rideau occultant,4,404.84
2023-09-02,Tourcoing,Mode,Veste hiver,4,2623.96
2023-09-02,Amiens,Sport,Haltères 10kg,2,196.6
2023-09-02,Lille,Sport,Maillot bain,3,1052.31
2023-09-02,Lille,Bricolage,Échelle alu,3,1064.01
2023-09-02,Lille,Bricolage,Perceuse,2,211.32
2023-09-02,Amiens,Électroménager,Robot cuiseur,4,999.88
2023-09-02,Amiens,Électroménager,Robot cuiseur,1,249.97
2023-09-02,Lille,Électroménager,Micro-ondes,1,453.16
2023-09-02,Tourcoing,Électroménager,Aspirateur,3,573.54
2023-09-02,Roubaix,Sport,Ballon foot,4,400.4
2023-09-02,Roubaix,Maison,Couette 220x240,4,896.36
2023-09-02,Lille,Bricolage,Échelle alu,5,1596.02
2023-09-02,Lille,Maison,Étagère bois,1,279.59
2023-09-02,Amiens,Maison,Canapé 3 places,3,738.69
2023-09-02,En ligne,Bricolage,Boîte à outils,3,249.63
2023-09-03,Amiens,Bricolage,Boîte à outils,1,83.21
2023-09-03,En ligne,Maison,Rideau occultant,2,202.42
2023-09-03,Amiens,Bricolage,Perceuse,3,316.98
2023-09-03,Tourcoing,Sport,Maillot bain,2,701.54
2023-09-03,Roubaix,Électroménager,Réfrigérateur,4,1549.48
2023-09-03,Roubaix,Sport,Ballon foot,5,500.5
2023-09-03,En ligne,Maison,Couette 220x240,3,605.04
2023-09-03,Roubaix,Sport,Haltères 10kg,3,294.9
2023-09-03,Roubaix,Maison,Set casseroles,4,2827.4
2023-09-03,Dunkerque,Mode,Robe été,1,296.52
2023-09-03,Amiens,Mode,Pull laine,1,884.49
2023-09-03,Dunkerque,Sport,Tapis yoga,1,658.36
2023-09-03,Roubaix,Maison,Canapé 3 places,1,246.23
2023-09-04,Tourcoing,Électroménager,Robot cuiseur,4,949.89
2023-09-04,Amiens,Sport,Raquette tennis,5,3530.95
2023-09-04,En ligne,Bricolage,Peinture 5L,1,609.0
2023-09-04,Lille,Maison,Couette 220x240,2,358.54
2023-09-04,Lille,Électroménager,Réfrigérateur,3,1162.11
2023-09-04,Valenciennes,Électroménager,Robot cuiseur,2,499.94
2023-09-04,Roubaix,Maison,Set casseroles,4,2827.4
2023-09-04,Valenciennes,Électroménager,Aspirateur,3,573.54
2023-09-04,Dunkerque,Électroménager,Réfrigérateur,6,2324.22
2023-09-04,Roubaix,Électroménager,Robot cuiseur,4,999.88
2023-09-04,En ligne,Sport,Tapis yoga,4,2633.44
2023-09-04,Tourcoing,Maison,Rideau occultant,1,101.21
2023-09-05,Roubaix,Mode,Robe été,3,889.56
2023-09-05,Tourcoing,Mode,Pull laine,5,4422.45
2023-09-05,Lille,Maison,Rideau occultant,4,404.84
2023-09-05,Valenciennes,Mode,Veste hiver,2,1311.98
2023-09-05,Roubaix,Sport,Haltères 10kg,1,98.3
2023-09-05,Roubaix,Sport,Maillot bain,5,1753.85
2023-09-05,Valenciennes,Maison,Couette 220x240,1,224.09
2023-09-05,Valenciennes,Mode,Baskets ville,5,2302.55
2023-09-05,Lille,Bricolage,Tournevis set,3,1908.84
2023-09-05,Lille,Mode,Veste hiver,3,1967.97
2023-09-05,Dunkerque,Électroménager,Cafetière,4,1568.96
2023-09-05,Dunkerque,Mode,Jean homme,2,544.54
2023-09-05,Lille,Maison,Lampe LED,1,134.22
2023-09-05,Valenciennes,Mode,Veste hiver,1,655.99
2023-09-05,Valenciennes,Sport,Chaussures running,1,569.53
2023-09-05,Lille,Bricolage,Échelle alu,4,1418.68
2023-09-05,Roubaix,Bricolage,Échelle alu,1,354.67
2023-09-05,Amiens,Électroménager,Aspirateur,3,458.83
2023-09-05,En ligne,Mode,Pull laine,3,2653.47
2023-09-05,Valenciennes,Bricolage,Échelle alu,4,1418.68
2023-09-05,Lille,Mode,T-shirt coton,3,1514.01
2023-09-05,Roubaix,Sport,Raquette tennis,4,2824.76
2023-09-05,Tourcoing,Sport,Chaussures running,3,1708.59
2023-09-05,Valenciennes,Mode,Jean homme,3,816.81
2023-09-05,Roubaix,Électroménager,Robot cuiseur,2,474.94
2023-09-05,En ligne,Maison,Canapé 3 places,3,738.69
2023-09-05,Tourcoing,Mode,Robe été,3,889.56
2023-09-05,Lille,Électroménager,Micro-ondes,2,861.0
2023-09-06,Amiens,Sport,Maillot bain,1,315.69
2023-09-06,En ligne,Sport,Chaussures running,3,1708.59
2023-09-06,Valenciennes,Électroménager,Robot cuiseur,1,224.97
2023-09-06,Dunkerque,Mode,Baskets ville,3,1243.38
2023-09-06,Lille,Électroménager,Réfrigérateur,5,1936.85
2023-09-06,Dunkerque,Électroménager,Bouilloire,3,1960.31
2023-09-06,En ligne,Bricolage,Perceuse,1,105.66
2023-09-06,Lille,Maison,Couette 220x240,4,896.36
2023-09-06,Roubaix,Sport,Vélo VTT,2,1090.42
2023-09-06,Dunkerque,Électroménager,Robot cuiseur,1,249.97
2023-09-06,Tourcoing,Bricolage,Boîte à outils,1,83.21
2023-09-06,Lille,Électroménager,Réfrigérateur,4,1549.48
2023-09-06,En ligne,Électroménager,Réfrigérateur,2,774.74
2023-09-06,Dunkerque,Bricolage,Tournevis set,4,2545.12
2023-09-06,Tourcoing,Électroménager,Bouilloire,1,726.04
2023-09-06,Dunkerque,Électroménager,Bouilloire,3,2178.12
2023-09-06,Tourcoing,Sport,Raquette tennis,3,2118.57
2023-09-06,Lille,Sport,Raquette tennis,4,2824.76
2023-09-07,Lille,Sport,Haltères 10kg,1,98.3
2023-09-07,Dunkerque,Sport,Raquette tennis,2,1412.38
2023-09-07,Dunkerque,Mode,Robe été,3,889.56
2023-09-07,Roubaix,Électroménager,Aspirateur,4,726.48
2023-09-07,En ligne,Sport,Maillot bain,1,315.69
2023-09-07,Lille,Sport,Haltères 10kg,2,186.77
2023-09-07,Tourcoing,Mode,Robe été,1,296.52
2023-09-07,Lille,Sport,Haltères 10kg,4,393.2
2023-09-07,Roubaix,Mode,Veste hiver,2,1311.98
2023-09-07,Tourcoing,Maison,Set casseroles,3,2120.55
2023-09-07,Roubaix,Bricolage,Échelle alu,5,1684.68
2023-09-07,Roubaix,Sport,Maillot bain,5,1753.85
2023-09-07,Roubaix,Maison,Set casseroles,4,2686.03
2023-09-07,Dunkerque,Électroménager,Micro-ondes,3,1359.48
2023-09-07,Roubaix,Mode,Baskets ville,5,2302.55
2023-09-07,Roubaix,Mode,Baskets ville,4,1842.04
2023-09-07,Dunkerque,Maison,Canapé 3 places,2,393.97
2023-09-07,Lille,Bricolage,Échelle alu,1,354.67
2023-09-07,Dunkerque,Électroménager,Cafetière,2,784.48
2023-09-08,Valenciennes,Bricolage,Échelle alu,1,354.67
2023-09-08,Dunkerque,Mode,Robe été,4,1186.08
2023-09-08,Tourcoing,Bricolage,Peinture 5L,3,1735.65
2023-09-08,Dunkerque,Maison,Étagère bois,4,1118.36
2023-09-08,Lille,Électroménager,Cafetière,1,392.24
2023-09-08,Valenciennes,Mode,Baskets ville,3,1381.53
2023-09-08,Roubaix,Électroménager,Micro-ondes,2,906.32
2023-09-08,Lille,Électroménager,Robot cuiseur,1,249.97
2023-09-08,En ligne,Bricolage,Boîte à outils,2,158.1
2023-09-08,Tourcoing,Électroménager,Cafetière,3,1176.72
2023-09-08,Roubaix,Bricolage,Échelle alu,3,1064.01
2023-09-08,Roubaix,Maison,Rideau occultant,2,202.42
2023-09-08,Dunkerque,Sport,Tapis yoga,4,2633.44
2023-09-08,En ligne,Sport,Tapis yoga,1,592.52
2023-09-08,Roubaix,Bricolage,Peinture 5L,4,2436.0
2023-09-08,Amiens,Électroménager,Bouilloire,3,2178.12
2023-09-08,Dunkerque,Maison,Canapé 3 places,4,984.92
2023-09-08,Roubaix,Électroménager,Cafetière,2,784.48
2023-09-08,En ligne,Bricolage,Peinture 5L,3,1827.0
2023-09-09,Lille,Maison,Lampe LED,1,134.22
2023-09-09,Dunkerque,Sport,Haltères 10kg,3,294.9
2023-09-09,Lille,Sport,Vélo VTT,3,1635.63
2023-09-09,Lille,Bricolage,Échelle alu,1,319.2
2023-09-09,Amiens,Maison,Rideau occultant,4,404.84
2023-09-09,Valenciennes,Mode,Jean homme,2,544.54
2023-09-09,Dunkerque,Électroménager,Robot cuiseur,5,1249.85
2023-09-09,Dunkerque,Sport,Vélo VTT,2,1035.9
2023-09-09,Lille,Maison,Lampe LED,2,268.44
2023-09-09,Valenciennes,Électroménager,Aspirateur,1,191.18
2023-09-09,Valenciennes,Mode,Pull laine,1,884.49
2023-09-09,Dunkerque,Maison,Lampe LED,1,127.51
2023-09-09,Roubaix,Maison,Set casseroles,6,4241.1
2023-09-09,Dunkerque,Bricolage,Peinture 5L,2,1218.0
2023-09-09,En ligne,Maison,Lampe LED,3,402.66
2023-09-09,En ligne,Sport,Tapis yoga,1,526.69
2023-09-09,Valenciennes,Sport,Raquette tennis,4,2824.76
2023-09-09,Dunkerque,Sport,Maillot bain,4,1403.08
2023-09-09,Lille,Mode,Robe été,2,593.04
2023-09-09,Lille,Sport,Tapis yoga,3,1580.06
2023-09-10,Dunkerque,Mode,Robe été,5,1482.6
2023-09-10,Dunkerque,Maison,Canapé 3 places,3,738.69
2023-09-10,En ligne,Maison,Couette 220x240,5,896.36
2023-09-10,Lille,Bricolage,Boîte à outils,5,416.05
2023-09-10,Roubaix,Électroménager,Cafetière,4,1568.96
2023-09-10,Roubaix,Mode,Baskets ville,3,1381.53
2023-09-10,Roubaix,Mode,Jean homme,1,272.27
2023-09-10,Dunkerque,Électroménager,Aspirateur,3,573.54
2023-09-10,Tourcoing,Maison,Étagère bois,3,838.77
2023-09-10,Tourcoing,Sport,Raquette tennis,3,2118.57
2023-09-10,Dunkerque,Maison,Rideau occultant,4,404.84
2023-09-10,Lille,Mode,Robe été,1,296.52
2023-09-10,Dunkerque,Mode,Pull laine,1,884.49
2023-09-10,Amiens,Maison,Lampe LED,3,402.66
2023-09-10,Dunkerque,Bricolage,Boîte à outils,3,224.67
2023-09-11,En ligne,Électroménager,Cafetière,1,392.24
2023-09-11,Valenciennes,Sport,Maillot bain,1,350.77
2023-09-11,Lille,Bricolage,Échelle alu,5,1596.02
2023-09-11,Lille,Maison,Lampe LED,6,765.05
2023-09-11,Tourcoing,Sport,Maillot bain,1,350.77
2023-09-11,Valenciennes,Maison,Couette 220x240,2,448.18
2023-09-11,Amiens,Électroménager,Micro-ondes,2,815.69
2023-09-11,Roubaix,Maison,Set casseroles,1,706.85
2023-09-11,Amiens,Mode,Robe été,2,593.04
2023-09-11,Tourcoing,Maison,Lampe LED,1,134.22
2023-09-11,Dunkerque,Sport,Vélo VTT,3,1635.63
2023-09-11,Valenciennes,Bricolage,Perceuse,2,169.06
2023-09-12,Amiens,Sport,Chaussures running,2,1139.06
2023-09-12,Amiens,Sport,Maillot bain,5,1753.85
2023-09-12,Lille,Bricolage,Tournevis set,1,636.28
2023-09-12,Roubaix,Sport,Haltères 10kg,3,280.15
2023-09-12,Dunkerque,Maison,Lampe LED,1,134.22
2023-09-12,Roubaix,Sport,Ballon foot,1,100.1
2023-09-12,En ligne,Sport,Tapis yoga,2,1316.72
2023-09-12,En ligne,Mode,Veste hiver,3,1967.97
2023-09-12,Amiens,Électroménager,Bouilloire,3,2178.12
2023-09-12,En ligne,Bricolage,Perceuse,3,316.98
2023-09-12,Lille,Maison,Étagère bois,2,559.18
2023-09-12,Amiens,Sport,Ballon foot,1,80.08
2023-09-12,Roubaix,Électroménager,Bouilloire,1,580.83
2023-09-12,Amiens,Maison,Couette 220x240,3,638.66
2023-09-12,Tourcoing,Mode,Robe été,3,800.6
2023-09-12,Tourcoing,Sport,Raquette tennis,4,2824.76
2023-09-13,Tourcoing,Sport,Ballon foot,3,300.3
2023-09-13,Valenciennes,Électroménager,Bouilloire,2,1452.08
2023-09-13,Amiens,Sport,Haltères 10kg,1,98.3
2023-09-13,Lille,Mode,Baskets ville,3,1243.38
2023-09-13,Lille,Maison,Couette 220x240,2,358.54
2023-09-13,Roubaix,Électroménager,Robot cuiseur,1,249.97
2023-09-13,Roubaix,Maison,Couette 220x240,2,448.18
2023-09-13,Roubaix,Électroménager,Aspirateur,1,191.18
2023-09-13,Tourcoing,Bricolage,Perceuse,1,105.66
2023-09-13,Lille,Mode,Veste hiver,4,2623.96
2023-09-13,Roubaix,Mode,Jean homme,5,1361.35
2023-09-13,Amiens,Sport,Chaussures running,1,569.53
2023-09-13,Lille,Sport,Vélo VTT,3,1635.63
2023-09-13,En ligne,Sport,Haltères 10kg,5,491.5
2023-09-13,Dunkerque,Maison,Étagère bois,4,1062.44
2023-09-13,Dunkerque,Électroménager,Robot cuiseur,2,499.94
2023-09-13,Lille,Mode,Jean homme,5,1361.35
2023-09-13,Lille,Électroménager,Robot cuiseur,2,499.94
2023-09-13,Lille,Maison,Couette 220x240,4,896.36
2023-09-13,En ligne,Sport,Tapis yoga,2,1053.38
2023-09-13,En ligne,Maison,Set casseroles,3,2120.55
2023-09-14,En ligne,Maison,Set casseroles,2,1413.7
2023-09-14,Amiens,Bricolage,Perceuse,3,285.28
2023-09-14,Tourcoing,Maison,Canapé 3 places,5,1231.15
2023-09-14,Lille,Sport,Vélo VTT,1,545.21
2023-09-14,Roubaix,Sport,Ballon foot,1,100.1
2023-09-14,Roubaix,Sport,Tapis yoga,3,1876.33
2023-09-14,Amiens,Sport,Ballon foot,2,200.2
2023-09-14,Lille,Électroménager,Aspirateur,2,382.36
2023-09-14,Lille,Sport,Haltères 10kg,1,98.3
2023-09-14,Valenciennes,Mode,Jean homme,6,1633.62
2023-09-14,En ligne,Bricolage,Échelle alu,1,354.67
2023-09-14,Lille,Maison,Lampe LED,4,536.88
2023-09-14,Lille,Électroménager,Réfrigérateur,2,774.74
2023-09-14,Lille,Sport,Raquette tennis,4,2683.52
2023-09-14,Lille,Électroménager,Micro-ondes,2,861.0
2023-09-14,Lille,Électroménager,Cafetière,1,392.24
2023-09-14,Lille,Mode,Veste hiver,1,590.39
2023-09-14,Lille,Mode,Jean homme,3,816.81
2023-09-15,Amiens,Bricolage,Boîte à outils,2,166.42
2023-09-15,Tourcoing,Maison,Rideau occultant,3,288.45
2023-09-15,Tourcoing,Maison,Set casseroles,1,706.85
2023-09-15,En ligne,Électroménager,Cafetière,3,941.38
2023-09-15,Valenciennes,Mode,Baskets ville,3,1381.53
2023-09-15,Roubaix,Bricolage,Échelle alu,3,957.61
2023-09-15,Valenciennes,Maison,Rideau occultant,4,384.6
2023-09-15,En ligne,Bricolage,Boîte à outils,2,166.42
2023-09-15,Valenciennes,Bricolage,Peinture 5L,2,1218.0
2023-09-15,En ligne,Sport,Chaussures running,3,1708.59
2023-09-15,Lille,Bricolage,Tournevis set,3,1813.4
2023-09-15,Tourcoing,Maison,Couette 220x240,2,448.18
2023-09-15,Dunkerque,Maison,Canapé 3 places,4,984.92
2023-09-15,Lille,Mode,T-shirt coton,2,1009.34
2023-09-15,En ligne,Sport,Maillot bain,3,1052.31
2023-09-15,Lille,Bricolage,Échelle alu,2,709.34
2023-09-15,Lille,Mode,T-shirt coton,2,807.47
2023-09-15,Tourcoing,Électroménager,Cafetière,4,1568.96
2023-09-16,Roubaix,Sport,Tapis yoga,2,1316.72
2023-09-16,Roubaix,Maison,Lampe LED,2,268.44
2023-09-16,Amiens,Sport,Raquette tennis,4,2824.76
2023-09-16,Amiens,Bricolage,Tournevis set,3,1908.84
2023-09-16,Roubaix,Sport,Maillot bain,3,947.08
2023-09-16,Dunkerque,Bricolage,Boîte à outils,2,166.42
2023-09-16,Lille,Maison,Set casseroles,2,1413.7
2023-09-16,Tourcoing,Sport,Vélo VTT,3,1635.63
2023-09-16,Dunkerque,Sport,Tapis yoga,3,1975.08
2023-09-16,Dunkerque,Électroménager,Cafetière,4,1568.96
2023-09-16,Amiens,Sport,Ballon foot,1,100.1
2023-09-16,Roubaix,Bricolage,Perceuse,1,105.66
2023-09-16,Tourcoing,Sport,Tapis yoga,1,592.52
2023-09-17,Roubaix,Maison,Set casseroles,4,2827.4
2023-09-17,Lille,Bricolage,Perceuse,2,211.32
2023-09-17,Roubaix,Sport,Raquette tennis,2,1412.38
2023-09-17,Lille,Électroménager,Micro-ondes,4,1631.38
2023-09-17,En ligne,Électroménager,Micro-ondes,4,1812.64
2023-09-17,Tourcoing,Mode,Veste hiver,1,655.99
2023-09-17,Roubaix,Mode,Jean homme,2,544.54
2023-09-17,Dunkerque,Électroménager,Robot cuiseur,5,1249.85
2023-09-17,Lille,Électroménager,Bouilloire,1,580.83
2023-09-17,Roubaix,Sport,Maillot bain,1,350.77
2023-09-17,Dunkerque,Sport,Maillot bain,4,1403.08
2023-09-17,Lille,Mode,Veste hiver,3,1967.97
2023-09-17,Lille,Électroménager,Micro-ondes,4,1812.64
2023-09-17,Dunkerque,Maison,Lampe LED,3,402.66
2023-09-17,Lille,Sport,Maillot bain,2,701.54
2023-09-17,Valenciennes,Bricolage,Boîte à outils,2,166.42
2023-09-18,Dunkerque,Mode,Pull laine,1,884.49
2023-09-18,Lille,Maison,Set casseroles,5,3534.25
2023-09-18,Amiens,Sport,Maillot bain,1,350.77
2023-09-18,Roubaix,Sport,Haltères 10kg,2,196.6
2023-09-18,Tourcoing,Électroménager,Réfrigérateur,2,774.74
2023-09-18,Tourcoing,Électroménager,Bouilloire,1,726.04
2023-09-18,Dunkerque,Électroménager,Micro-ondes,5,2039.22
2023-09-18,En ligne,Sport,Vélo VTT,1,545.21
2023-09-18,Tourcoing,Maison,Canapé 3 places,3,590.95
2023-09-18,Dunkerque,Bricolage,Échelle alu,2,709.34
2023-09-18,Dunkerque,Sport,Vélo VTT,3,1635.63
2023-09-18,Lille,Sport,Ballon foot,2,190.19
2023-09-18,Roubaix,Sport,Chaussures running,3,1708.59
2023-09-18,En ligne,Sport,Tapis yoga,2,1316.72
2023-09-18,Roubaix,Bricolage,Échelle alu,3,1064.01
2023-09-18,En ligne,Sport,Tapis yoga,2,1250.88
2023-09-18,Tourcoing,Mode,Baskets ville,1,437.48
2023-09-18,Dunkerque,Mode,Veste hiver,4,2099.17
2023-09-18,Roubaix,Mode,Baskets ville,3,1381.53
2023-09-18,Amiens,Bricolage,Échelle alu,4,1418.68
2023-09-18,Lille,Mode,Jean homme,3,816.81
2023-09-18,En ligne,Électroménager,Aspirateur,5,955.9
2023-09-19,Amiens,Bricolage,Boîte à outils,2,166.42
2023-09-19,Lille,Maison,Étagère bois,2,559.18
2023-09-19,Tourcoing,Bricolage,Boîte à outils,3,249.63
2023-09-19,Roubaix,Sport,Tapis yoga,2,1316.72
2023-09-19,Tourcoing,Électroménager,Robot cuiseur,2,499.94
2023-09-19,Amiens,Bricolage,Tournevis set,4,2545.12
2023-09-19,Tourcoing,Sport,Haltères 10kg,1,98.3
2023-09-19,Roubaix,Électroménager,Réfrigérateur,3,1162.11
2023-09-19,Dunkerque,Électroménager,Aspirateur,5,955.9
2023-09-19,Roubaix,Mode,T-shirt coton,1,504.67
2023-09-19,Tourcoing,Électroménager,Micro-ondes,3,1359.48
2023-09-19,Lille,Sport,Tapis yoga,5,3291.8
2023-09-19,Dunkerque,Mode,Veste hiver,1,655.99
2023-09-19,Lille,Électroménager,Réfrigérateur,4,1549.48
2023-09-19,Roubaix,Maison,Set casseroles,2,1413.7
2023-09-20,Valenciennes,Mode,T-shirt coton,3,1514.01
2023-09-20,Lille,Maison,Canapé 3 places,4,984.92
2023-09-20,Amiens,Maison,Rideau occultant,2,192.3
2023-09-20,Tourcoing,Électroménager,Bouilloire,1,726.04
2023-09-20,Dunkerque,Mode,Baskets ville,2,921.02
2023-09-20,Valenciennes,Maison,Rideau occultant,3,303.63
2023-09-20,Tourcoing,Maison,Étagère bois,2,531.22
2023-09-20,Roubaix,Mode,Robe été,2,593.04
2023-09-20,Dunkerque,Maison,Rideau occultant,3,303.63
2023-09-20,En ligne,Mode,Jean homme,3,816.81
2023-09-20,Roubaix,Bricolage,Tournevis set,1,604.47
2023-09-20,Amiens,Électroménager,Cafetière,4,1255.17
2023-09-20,Dunkerque,Mode,Baskets ville,3,1243.38
2023-09-20,Amiens,Électroménager,Aspirateur,5,955.9
2023-09-20,En ligne,Bricolage,Tournevis set,3,1908.84
2023-09-20,Amiens,Mode,Jean homme,1,272.27
2023-09-20,Tourcoing,Sport,Chaussures running,4,2278.12
2023-09-20,Dunkerque,Électroménager,Aspirateur,1,191.18
2023-09-20,Dunkerque,Mode,T-shirt coton,1,479.44
2023-09-21,En ligne,Maison,Canapé 3 places,1,246.23
2023-09-21,Roubaix,Sport,Raquette tennis,3,2012.64
2023-09-21,Tourcoing,Bricolage,Boîte à outils,2,166.42
2023-09-21,Dunkerque,Bricolage,Échelle alu,3,1010.81
2023-09-21,En ligne,Mode,Pull laine,3,2653.47
2023-09-21,Roubaix,Maison,Couette 220x240,3,672.27
2023-09-21,Roubaix,Maison,Étagère bois,5,1397.95
2023-09-21,Amiens,Maison,Étagère bois,3,838.77
2023-09-21,En ligne,Bricolage,Échelle alu,3,1064.01
2023-09-21,Roubaix,Maison,Lampe LED,1,134.22
2023-09-21,Tourcoing,Maison,Canapé 3 places,1,196.98
2023-09-22,Lille,Sport,Tapis yoga,4,2633.44
2023-09-22,Dunkerque,Sport,Maillot bain,1,350.77
2023-09-22,Amiens,Mode,Veste hiver,1,655.99
2023-09-22,Lille,Électroménager,Réfrigérateur,4,1549.48
2023-09-22,Tourcoing,Bricolage,Boîte à outils,5,416.05
2023-09-22,Lille,Sport,Maillot bain,1,350.77
2023-09-22,Dunkerque,Bricolage,Perceuse,3,316.98
2023-09-22,Lille,Électroménager,Micro-ondes,2,906.32
2023-09-22,Roubaix,Bricolage,Peinture 5L,1,609.0
2023-09-22,Tourcoing,Mode,Baskets ville,3,1312.45
2023-09-22,Lille,Sport,Haltères 10kg,4,393.2
2023-09-22,En ligne,Sport,Haltères 10kg,5,491.5
2023-09-22,En ligne,Maison,Set casseroles,5,3534.25
2023-09-22,Dunkerque,Mode,T-shirt coton,3,1514.01
2023-09-22,Roubaix,Maison,Lampe LED,2,268.44
2023-09-22,Amiens,Mode,T-shirt coton,1,504.67
2023-09-23,Amiens,Maison,Couette 220x240,1,212.89
2023-09-23,Roubaix,Électroménager,Robot cuiseur,6,1499.82
2023-09-23,Lille,Bricolage,Tournevis set,1,636.28
2023-09-23,Valenciennes,Sport,Chaussures running,2,1139.06
2023-09-23,Lille,Mode,Pull laine,4,3361.06
2023-09-23,Roubaix,Maison,Lampe LED,1,134.22
2023-09-23,Tourcoing,Électroménager,Cafetière,1,392.24
2023-09-23,Tourcoing,Électroménager,Robot cuiseur,4,999.88
2023-09-23,Roubaix,Mode,Baskets ville,2,921.02
2023-09-23,Lille,Mode,Robe été,4,1186.08
2023-09-23,Lille,Maison,Couette 220x240,2,448.18
2023-09-23,Dunkerque,Électroménager,Micro-ondes,4,1812.64
2023-09-24,Lille,Électroménager,Bouilloire,2,1452.08
2023-09-24,Lille,Mode,Pull laine,3,2653.47
2023-09-24,Roubaix,Sport,Vélo VTT,1,545.21
2023-09-24,Roubaix,Maison,Étagère bois,2,559.18
2023-09-24,Roubaix,Bricolage,Tournevis set,2,1208.93
2023-09-24,Dunkerque,Maison,Lampe LED,2,268.44
2023-09-24,Lille,Bricolage,Boîte à outils,1,74.89
2023-09-24,Tourcoing,Électroménager,Aspirateur,1,191.18
2023-09-24,Dunkerque,Sport,Tapis yoga,1,658.36
2023-09-24,Roubaix,Sport,Raquette tennis,2,1412.38
2023-09-24,Lille,Sport,Haltères 10kg,3,294.9
2023-09-24,Roubaix,Électroménager,Micro-ondes,4,1812.64
2023-09-24,Roubaix,Électroménager,Réfrigérateur,3,1162.11
2023-09-24,Tourcoing,Électroménager,Cafetière,3,1176.72
2023-09-24,En ligne,Maison,Set casseroles,2,1413.7
2023-09-25,Tourcoing,Sport,Vélo VTT,4,2071.8
2023-09-25,Amiens,Bricolage,Peinture 5L,3,1827.0
2023-09-25,Valenciennes,Électroménager,Cafetière,2,784.48
2023-09-25,Lille,Sport,Ballon foot,4,400.4
2023-09-25,Lille,Maison,Rideau occultant,1,80.97
2023-09-25,Lille,Mode,Veste hiver,2,1311.98
2023-09-25,En ligne,Électroménager,Cafetière,5,1961.2
2023-09-25,Dunkerque,Mode,Pull laine,3,2653.47
2023-09-25,Dunkerque,Électroménager,Robot cuiseur,2,499.94
2023-09-25,Lille,Mode,T-shirt coton,3,1514.01
2023-09-25,Lille,Mode,T-shirt coton,1,504.67
2023-09-25,Tourcoing,Bricolage,Échelle alu,1,354.67
2023-09-25,En ligne,Électroménager,Cafetière,3,1176.72
2023-09-25,Lille,Sport,Haltères 10kg,4,373.54
2023-09-25,Dunkerque,Mode,Robe été,1,266.87
2023-09-25,Lille,Électroménager,Aspirateur,5,955.9
2023-09-25,Dunkerque,Bricolage,Échelle alu,1,354.67
2023-09-26,Dunkerque,Électroménager,Robot cuiseur,5,1249.85
2023-09-26,Roubaix,Mode,Robe été,4,948.86
2023-09-26,Amiens,Mode,Veste hiver,3,1967.97
2023-09-26,Valenciennes,Électroménager,Micro-ondes,4,1812.64
2023-09-26,Valenciennes,Électroménager,Cafetière,1,353.02
2023-09-26,En ligne,Électroménager,Robot cuiseur,5,1249.85
2023-09-26,Dunkerque,Mode,Robe été,3,889.56
2023-09-26,En ligne,Mode,Jean homme,2,490.09
2023-09-26,Roubaix,Mode,Pull laine,1,884.49
2023-09-26,Dunkerque,Bricolage,Peinture 5L,3,1827.0
2023-09-26,Dunkerque,Électroménager,Réfrigérateur,2,774.74
2023-09-26,Valenciennes,Maison,Lampe LED,1,134.22
2023-09-26,Lille,Maison,Set casseroles,1,636.17
2023-09-26,Tourcoing,Sport,Raquette tennis,4,2824.76
2023-09-26,Valenciennes,Bricolage,Boîte à outils,5,416.05
2023-09-26,Lille,Mode,T-shirt coton,3,1514.01
2023-09-26,Valenciennes,Sport,Haltères 10kg,2,176.94
2023-09-27,Lille,Sport,Maillot bain,2,561.23
2023-09-27,Dunkerque,Bricolage,Boîte à outils,2,166.42
2023-09-27,Lille,Sport,Haltères 10kg,2,196.6
2023-09-27,Lille,Mode,Veste hiver,5,3115.95
2023-09-27,Dunkerque,Maison,Lampe LED,4,536.88
2023-09-27,Lille,Électroménager,Robot cuiseur,3,749.91
2023-09-27,Dunkerque,Sport,Tapis yoga,3,1975.08
2023-09-27,En ligne,Électroménager,Cafetière,4,1412.06
2023-09-27,Dunkerque,Sport,Tapis yoga,2,1316.72
2023-09-27,Lille,Électroménager,Micro-ondes,3,1359.48
2023-09-27,Amiens,Électroménager,Cafetière,1,392.24
2023-09-27,Roubaix,Bricolage,Échelle alu,5,1773.35
2023-09-27,Amiens,Maison,Set casseroles,1,706.85
2023-09-28,Amiens,Électroménager,Robot cuiseur,1,249.97
2023-09-28,Roubaix,Bricolage,Tournevis set,1,636.28
2023-09-28,Amiens,Électroménager,Réfrigérateur,1,387.37
2023-09-28,En ligne,Sport,Vélo VTT,3,1635.63
2023-09-28,En ligne,Sport,Raquette tennis,1,670.88
2023-09-28,Tourcoing,Sport,Raquette tennis,4,2824.76
2023-09-28,Dunkerque,Sport,Vélo VTT,1,545.21
2023-09-28,Tourcoing,Maison,Canapé 3 places,2,443.21
2023-09-28,Dunkerque,Maison,Set casseroles,5,3534.25
2023-09-28,Lille,Mode,T-shirt coton,3,1514.01
2023-09-28,Lille,Électroménager,Micro-ondes,2,815.69
2023-09-28,Amiens,Électroménager,Réfrigérateur,5,1936.85
2023-09-28,Amiens,Électroménager,Réfrigérateur,4,1549.48
2023-09-28,Amiens,Électroménager,Réfrigérateur,2,736.0
2023-09-28,Amiens,Bricolage,Boîte à outils,4,332.84
2023-09-28,Amiens,Électroménager,Bouilloire,3,2178.12
2023-09-28,En ligne,Maison,Couette 220x240,3,638.66
2023-09-28,Valenciennes,Mode,Jean homme,5,1361.35
2023-09-28,Dunkerque,Mode,T-shirt coton,2,1009.34
2023-09-28,Lille,Bricolage,Tournevis set,2,1272.56
2023-09-28,Valenciennes,Bricolage,Perceuse,3,316.98
2023-09-28,Dunkerque,Sport,Raquette tennis,3,2118.57
2023-09-29,Lille,Maison,Set casseroles,2,1413.7
2023-09-29,Dunkerque,Mode,Baskets ville,3,1381.53
2023-09-29,Amiens,Bricolage,Boîte à outils,5,416.05
2023-09-29,Tourcoing,Sport,Raquette tennis,3,2118.57
2023-09-29,Roubaix,Maison,Lampe LED,5,671.1
2023-09-29,Amiens,Maison,Rideau occultant,3,303.63
2023-09-29,Valenciennes,Mode,Veste hiver,2,1311.98
2023-09-29,Lille,Mode,Baskets ville,4,1842.04
2023-09-29,Lille,Mode,Veste hiver,1,655.99
2023-09-29,Lille,Électroménager,Cafetière,3,1176.72
2023-09-29,Amiens,Maison,Canapé 3 places,1,246.23
2023-09-29,Dunkerque,Sport,Maillot bain,3,1052.31
2023-09-29,En ligne,Bricolage,Boîte à outils,4,332.84
2023-09-30,Amiens,Électroménager,Robot cuiseur,2,499.94
2023-09-30,Roubaix,Mode,Robe été,1,296.52
2023-09-30,En ligne,Électroménager,Réfrigérateur,1,387.37
2023-09-30,En ligne,Électroménager,Aspirateur,3,573.54
2023-09-30,Tourcoing,Électroménager,Cafetière,4,1568.96
2023-09-30,Valenciennes,Bricolage,Peinture 5L,2,1218.0
2023-09-30,Roubaix,Maison,Rideau occultant,1,101.21
2023-09-30,Lille,Bricolage,Échelle alu,5,1418.68
2023-09-30,Roubaix,Sport,Haltères 10kg,4,393.2
2023-09-30,Lille,Mode,Robe été,1,296.52
2023-09-30,Dunkerque,Électroménager,Cafetière,1,392.24
2023-09-30,Lille,Sport,Haltères 10kg,5,491.5
2023-09-30,Dunkerque,Maison,Canapé 3 places,1,246.23
2023-09-30,Dunkerque,Sport,Maillot bain,4,1403.08
2023-10-01,Valenciennes,Mode,Pull laine,4,3537.96
2023-10-01,Lille,Maison,Canapé 3 places,2,492.46
2023-10-01,Tourcoing,Maison,Étagère bois,3,838.77
2023-10-01,Lille,Électroménager,Réfrigérateur,2,774.74
2023-10-01,Lille,Maison,Set casseroles,3,2120.55
2023-10-01,Lille,Électroménager,Aspirateur,2,382.36
2023-10-01,Roubaix,Mode,Pull laine,2,1680.53
2023-10-01,Lille,Bricolage,Tournevis set,5,3181.4
2023-10-01,En ligne,Mode,Jean homme,3,816.81
2023-10-01,Amiens,Mode,Baskets ville,4,1842.04
2023-10-01,Lille,Bricolage,Boîte à outils,1,83.21
2023-10-01,Dunkerque,Mode,Pull laine,1,884.49
2023-10-01,Valenciennes,Bricolage,Boîte à outils,4,332.84
2023-10-01,Valenciennes,Bricolage,Peinture 5L,2,1218.0
2023-10-01,Amiens,Maison,Étagère bois,1,279.59
2023-10-01,Lille,Sport,Chaussures running,2,1082.11
2023-10-02,Dunkerque,Électroménager,Cafetière,4,1490.51
2023-10-02,Lille,Mode,Jean homme,3,816.81
2023-10-02,En ligne,Bricolage,Boîte à outils,3,237.15
2023-10-02,Amiens,Sport,Haltères 10kg,2,196.6
2023-10-02,Roubaix,Mode,Veste hiver,3,1967.97
2023-10-02,Dunkerque,Sport,Haltères 10kg,2,196.6
2023-10-02,Valenciennes,Maison,Étagère bois,5,1328.05
2023-10-02,Dunkerque,Électroménager,Réfrigérateur,4,1549.48
2023-10-02,En ligne,Électroménager,Réfrigérateur,3,1162.11
2023-10-02,Dunkerque,Maison,Rideau occultant,2,202.42
2023-10-02,Roubaix,Électroménager,Bouilloire,1,580.83
2023-10-02,Dunkerque,Maison,Lampe LED,5,671.1
2023-10-02,Tourcoing,Maison,Canapé 3 places,4,984.92
2023-10-02,Dunkerque,Mode,Pull laine,1,884.49
2023-10-02,Roubaix,Sport,Raquette tennis,4,2824.76
2023-10-03,En ligne,Bricolage,Peinture 5L,3,1827.0
2023-10-03,Tourcoing,Maison,Lampe LED,3,402.66
2023-10-03,Dunkerque,Électroménager,Réfrigérateur,2,774.74
2023-10-03,Roubaix,Mode,T-shirt coton,2,1009.34
2023-10-03,Tourcoing,Sport,Ballon foot,5,500.5
2023-10-03,En ligne,Sport,Maillot bain,1,315.69
2023-10-03,Amiens,Maison,Set casseroles,2,1413.7
2023-10-03,En ligne,Maison,Lampe LED,1,134.22
2023-10-03,Lille,Bricolage,Échelle alu,3,957.61
2023-10-03,Roubaix,Mode,Jean homme,4,1089.08
2023-10-03,En ligne,Maison,Lampe LED,2,255.02
2023-10-03,Tourcoing,Sport,Maillot bain,5,1753.85
2023-10-03,En ligne,Électroménager,Aspirateur,3,516.19
2023-10-03,Tourcoing,Mode,Pull laine,4,3537.96
2023-10-03,Lille,Électroménager,Bouilloire,5,3267.18
2023-10-03,Lille,Mode,T-shirt coton,3,1514.01
2023-10-03,Roubaix,Bricolage,Échelle alu,4,1418.68
2023-10-03,Lille,Maison,Canapé 3 places,2,443.21
2023-10-04,Lille,Électroménager,Robot cuiseur,1,224.97
2023-10-04,Amiens,Sport,Ballon foot,5,500.5
2023-10-04,Valenciennes,Sport,Ballon foot,4,400.4
2023-10-04,Tourcoing,Mode,Baskets ville,5,2302.55
2023-10-04,Amiens,Mode,Baskets ville,5,2302.55
2023-10-04,Amiens,Maison,Set casseroles,5,3534.25
2023-10-04,Tourcoing,Maison,Set casseroles,2,1413.7
2023-10-04,En ligne,Bricolage,Perceuse,4,422.64
2023-10-04,Tourcoing,Électroménager,Micro-ondes,2,906.32
2023-10-04,Lille,Bricolage,Échelle alu,1,354.67
2023-10-04,Roubaix,Maison,Lampe LED,4,536.88
2023-10-04,Roubaix,Bricolage,Perceuse,5,528.3
2023-10-04,Roubaix,Sport,Maillot bain,4,1332.93
2023-10-04,Lille,Mode,Veste hiver,2,1311.98
2023-10-04,Roubaix,Bricolage,Tournevis set,4,2545.12
2023-10-04,Roubaix,Bricolage,Échelle alu,2,709.34
2023-10-04,En ligne,Maison,Lampe LED,1,134.22
2023-10-04,Tourcoing,Maison,Canapé 3 places,3,738.69
2023-10-05,Amiens,Sport,Raquette tennis,4,2824.76
2023-10-05,Lille,Bricolage,Tournevis set,4,2417.86
2023-10-05,Dunkerque,Mode,Pull laine,2,1768.98
2023-10-05,Dunkerque,Maison,Couette 220x240,1,224.09
2023-10-05,En ligne,Électroménager,Micro-ondes,3,1359.48
2023-10-05,Amiens,Bricolage,Boîte à outils,4,266.27
2023-10-05,Tourcoing,Mode,Pull laine,2,1592.08
2023-10-05,Roubaix,Maison,Set casseroles,2,1343.02
2023-10-05,Valenciennes,Bricolage,Peinture 5L,3,1827.0
2023-10-05,Lille,Maison,Lampe LED,3,402.66
2023-10-05,En ligne,Électroménager,Micro-ondes,1,430.5
2023-10-05,En ligne,Sport,Tapis yoga,1,658.36
2023-10-05,En ligne,Sport,Ballon foot,5,450.45
2023-10-05,Tourcoing,Sport,Haltères 10kg,3,280.15
2023-10-05,Roubaix,Sport,Maillot bain,4,1403.08
2023-10-05,Valenciennes,Sport,Tapis yoga,2,1316.72
2023-10-06,Amiens,Mode,Baskets ville,1,437.48
2023-10-06,Tourcoing,Mode,Robe été,4,1186.08
2023-10-06,Dunkerque,Sport,Raquette tennis,2,1412.38
2023-10-06,Roubaix,Maison,Canapé 3 places,1,246.23
2023-10-06,En ligne,Maison,Set casseroles,3,2120.55
2023-10-06,En ligne,Électroménager,Cafetière,2,745.26
2023-10-06,Lille,Sport,Tapis yoga,1,625.44
2023-10-06,En ligne,Bricolage,Perceuse,5,528.3
2023-10-06,Roubaix,Mode,Jean homme,4,1089.08
2023-10-06,Lille,Électroménager,Cafetière,1,392.24
2023-10-06,Valenciennes,Maison,Rideau occultant,4,404.84
2023-10-06,Dunkerque,Mode,Veste hiver,5,3279.95
2023-10-06,Tourcoing,Mode,Jean homme,3,816.81
2023-10-06,Tourcoing,Sport,Haltères 10kg,3,294.9
2023-10-07,Tourcoing,Sport,Raquette tennis,3,2118.57
2023-10-07,En ligne,Maison,Rideau occultant,4,404.84
2023-10-07,Dunkerque,Électroménager,Bouilloire,2,1452.08
2023-10-07,Dunkerque,Sport,Maillot bain,4,1403.08
2023-10-07,Valenciennes,Maison,Rideau occultant,3,303.63
2023-10-07,Lille,Électroménager,Réfrigérateur,3,1162.11
2023-10-07,Tourcoing,Maison,Canapé 3 places,3,738.69
2023-10-07,Lille,Mode,Jean homme,1,272.27
2023-10-07,Lille,Mode,Baskets ville,6,2763.06
2023-10-07,Lille,Maison,Set casseroles,3,2120.55
2023-10-07,Dunkerque,Sport,Ballon foot,2,200.2
2023-10-07,Lille,Bricolage,Boîte à outils,5,416.05
2023-10-07,Dunkerque,Sport,Tapis yoga,2,1316.72
2023-10-07,Amiens,Maison,Couette 220x240,4,896.36
2023-10-07,Roubaix,Sport,Haltères 10kg,4,393.2
2023-10-07,Lille,Sport,Tapis yoga,2,1316.72
2023-10-07,Roubaix,Bricolage,Perceuse,4,422.64
2023-10-07,Dunkerque,Bricolage,Échelle alu,4,1347.75
2023-10-08,Valenciennes,Sport,Vélo VTT,1,545.21
2023-10-08,Roubaix,Mode,Pull laine,3,2653.47
2023-10-08,Amiens,Sport,Vélo VTT,5,2726.05
2023-10-08,Tourcoing,Sport,Maillot bain,1,350.77
2023-10-08,Amiens,Électroménager,Réfrigérateur,3,1104.0
2023-10-08,Dunkerque,Électroménager,Réfrigérateur,2,774.74
2023-10-08,Valenciennes,Mode,Baskets ville,3,1381.53
2023-10-08,Amiens,Électroménager,Bouilloire,4,2904.16
2023-10-08,Tourcoing,Sport,Chaussures running,1,569.53
2023-10-08,Valenciennes,Électroménager,Micro-ondes,4,1812.64
2023-10-08,Dunkerque,Mode,T-shirt coton,1,504.67
2023-10-08,Lille,Sport,Haltères 10kg,3,294.9
2023-10-08,En ligne,Électroménager,Bouilloire,5,3630.2
2023-10-08,Lille,Maison,Couette 220x240,2,448.18
2023-10-08,Dunkerque,Mode,Jean homme,2,490.09
2023-10-08,Lille,Électroménager,Réfrigérateur,4,1549.48
2023-10-09,Lille,Sport,Raquette tennis,1,706.19
2023-10-09,En ligne,Sport,Tapis yoga,1,658.36
2023-10-09,Dunkerque,Électroménager,Bouilloire,5,3630.2
2023-10-09,Lille,Bricolage,Échelle alu,4,1418.68
2023-10-09,Tourcoing,Électroménager,Robot cuiseur,5,1249.85
2023-10-09,Lille,Maison,Lampe LED,5,671.1
2023-10-09,Tourcoing,Bricolage,Tournevis set,3,1908.84
2023-10-09,Lille,Sport,Vélo VTT,1,545.21
2023-10-09,Lille,Électroménager,Réfrigérateur,5,1936.85
2023-10-09,Amiens,Maison,Étagère bois,1,279.59
2023-10-10,Lille,Maison,Étagère bois,2,559.18
2023-10-10,Amiens,Maison,Canapé 3 places,2,492.46
2023-10-10,Valenciennes,Mode,Pull laine,5,3980.2
2023-10-10,Valenciennes,Électroménager,Cafetière,2,784.48
2023-10-10,Lille,Sport,Maillot bain,2,701.54
2023-10-10,Valenciennes,Sport,Raquette tennis,3,2118.57
2023-10-10,Roubaix,Maison,Couette 220x240,4,896.36
2023-10-10,Roubaix,Sport,Raquette tennis,5,2824.76
2023-10-10,Valenciennes,Mode,Robe été,5,1482.6
2023-10-10,Lille,Électroménager,Aspirateur,2,363.24
2023-10-10,Roubaix,Mode,T-shirt coton,3,1211.21
2023-10-10,Amiens,Bricolage,Tournevis set,4,2290.61
2023-10-10,Roubaix,Électroménager,Aspirateur,3,573.54
2023-10-10,Amiens,Maison,Set casseroles,4,2827.4
2023-10-10,Tourcoing,Mode,Jean homme,4,1089.08
2023-10-10,En ligne,Maison,Couette 220x240,4,896.36
2023-10-10,Amiens,Mode,T-shirt coton,1,504.67
2023-10-11,Valenciennes,Maison,Étagère bois,3,838.77
2023-10-11,Valenciennes,Maison,Canapé 3 places,1,246.23
2023-10-11,Amiens,Sport,Haltères 10kg,4,353.88
2023-10-11,Roubaix,Sport,Maillot bain,4,1403.08
2023-10-11,Amiens,Mode,Pull laine,4,3361.06
2023-10-11,Valenciennes,Bricolage,Boîte à outils,1,83.21
2023-10-11,En ligne,Maison,Set casseroles,1,706.85
2023-10-11,En ligne,Sport,Chaussures running,3,1708.59
2023-10-11,Dunkerque,Électroménager,Micro-ondes,5,2265.8
2023-10-11,Dunkerque,Électroménager,Bouilloire,4,2904.16
2023-10-11,Dunkerque,Électroménager,Micro-ondes,2,906.32
2023-10-11,Valenciennes,Sport,Haltères 10kg,3,294.9
2023-10-12,Roubaix,Sport,Maillot bain,4,1403.08
2023-10-12,Tourcoing,Maison,Lampe LED,2,255.02
2023-10-12,Amiens,Bricolage,Échelle alu,1,354.67
2023-10-12,Tourcoing,Sport,Vélo VTT,3,1635.63
2023-10-12,Valenciennes,Sport,Tapis yoga,2,1316.72
2023-10-12,Lille,Électroménager,Aspirateur,2,344.12
2023-10-12,Dunkerque,Mode,Jean homme,5,1225.21
2023-10-12,Amiens,Mode,Veste hiver,3,1967.97
2023-10-12,Amiens,Bricolage,Échelle alu,6,1702.42
2023-10-12,Tourcoing,Maison,Couette 220x240,3,537.82
2023-10-12,Tourcoing,Électroménager,Réfrigérateur,1,387.37
2023-10-12,Amiens,Mode,Pull laine,3,2520.8
2023-10-12,En ligne,Électroménager,Cafetière,4,1568.96
2023-10-12,Amiens,Sport,Haltères 10kg,2,186.77
2023-10-12,En ligne,Maison,Set casseroles,1,706.85
2023-10-12,Roubaix,Sport,Chaussures running,1,569.53
2023-10-12,Roubaix,Sport,Raquette tennis,4,2542.28
2023-10-12,En ligne,Électroménager,Bouilloire,3,2178.12
2023-10-12,Dunkerque,Électroménager,Aspirateur,5,764.72
2023-10-12,En ligne,Maison,Set casseroles,3,1696.44
2023-10-13,Amiens,Sport,Chaussures running,1,569.53
2023-10-13,Roubaix,Électroménager,Micro-ondes,6,2718.96
2023-10-13,Tourcoing,Mode,Baskets ville,2,921.02
2023-10-13,Amiens,Sport,Haltères 10kg,2,196.6
2023-10-13,Roubaix,Sport,Vélo VTT,2,1090.42
2023-10-13,Tourcoing,Mode,T-shirt coton,2,1009.34
2023-10-13,Roubaix,Bricolage,Tournevis set,5,3181.4
2023-10-13,Lille,Bricolage,Peinture 5L,1,609.0
2023-10-13,Valenciennes,Sport,Tapis yoga,3,1975.08
2023-10-13,Tourcoing,Électroménager,Réfrigérateur,3,1162.11
2023-10-13,Dunkerque,Mode,Veste hiver,5,3279.95
2023-10-13,Dunkerque,Sport,Haltères 10kg,2,196.6
2023-10-14,Roubaix,Électroménager,Robot cuiseur,3,599.93
2023-10-14,Valenciennes,Maison,Set casseroles,3,2120.55
2023-10-14,Roubaix,Sport,Chaussures running,2,1139.06
2023-10-14,Roubaix,Électroménager,Robot cuiseur,2,499.94
2023-10-14,Valenciennes,Bricolage,Échelle alu,4,1418.68
2023-10-14,Lille,Maison,Étagère bois,5,1397.95
2023-10-14,Roubaix,Mode,Veste hiver,2,1311.98
2023-10-14,Amiens,Bricolage,Boîte à outils,1,83.21
2023-10-14,Tourcoing,Bricolage,Boîte à outils,4,332.84
2023-10-14,Lille,Bricolage,Peinture 5L,3,1827.0
2023-10-14,Lille,Mode,Robe été,5,1482.6
2023-10-14,Valenciennes,Maison,Couette 220x240,2,448.18
2023-10-14,Valenciennes,Sport,Haltères 10kg,4,393.2
2023-10-14,Amiens,Mode,Veste hiver,1,623.19
2023-10-14,Roubaix,Maison,Rideau occultant,3,303.63
2023-10-14,Lille,Sport,Vélo VTT,1,545.21
2023-10-14,En ligne,Maison,Set casseroles,4,2827.4
2023-10-14,Lille,Électroménager,Cafetière,1,392.24
2023-10-14,Dunkerque,Maison,Set casseroles,3,2120.55
2023-10-15,Lille,Bricolage,Boîte à outils,5,395.25
2023-10-15,Roubaix,Bricolage,Échelle alu,1,354.67
2023-10-15,Dunkerque,Sport,Haltères 10kg,4,393.2
2023-10-15,Dunkerque,Mode,Veste hiver,3,1967.97
2023-10-15,Tourcoing,Mode,Pull laine,4,3537.96
2023-10-15,En ligne,Maison,Canapé 3 places,4,787.94
2023-10-15,Lille,Sport,Maillot bain,6,2104.62
2023-10-15,En ligne,Mode,Baskets ville,3,1381.53
2023-10-15,Valenciennes,Électroménager,Micro-ondes,2,906.32
2023-10-15,Lille,Maison,Set casseroles,1,706.85
2023-10-15,Amiens,Électroménager,Aspirateur,3,573.54
2023-10-15,Lille,Électroménager,Bouilloire,4,2323.33
2023-10-15,Lille,Sport,Tapis yoga,2,1250.88
2023-10-15,Tourcoing,Maison,Set casseroles,4,2686.03
2023-10-15,Tourcoing,Mode,Robe été,3,889.56
2023-10-15,Tourcoing,Bricolage,Boîte à outils,4,332.84
2023-10-15,En ligne,Bricolage,Boîte à outils,3,249.63
2023-10-15,Tourcoing,Mode,Veste hiver,2,1311.98
2023-10-15,Roubaix,Mode,Pull laine,3,2653.47
2023-10-15,Tourcoing,Mode,Pull laine,4,3537.96
2023-10-16,En ligne,Sport,Raquette tennis,5,3530.95
2023-10-16,Amiens,Électroménager,Robot cuiseur,2,499.94
2023-10-16,Valenciennes,Électroménager,Robot cuiseur,1,224.97
2023-10-16,Roubaix,Mode,T-shirt coton,1,504.67
2023-10-16,Valenciennes,Mode,Veste hiver,2,1180.78
2023-10-16,Lille,Mode,Pull laine,3,2122.78
2023-10-16,En ligne,Mode,Jean homme,3,735.13
2023-10-16,Lille,Mode,Veste hiver,6,3148.75
2023-10-16,En ligne,Électroménager,Bouilloire,3,2178.12
2023-10-16,Valenciennes,Électroménager,Micro-ondes,4,1812.64
2023-10-16,Amiens,Mode,Baskets ville,4,1842.04
2023-10-16,Amiens,Sport,Ballon foot,3,270.27
2023-10-16,Tourcoing,Bricolage,Tournevis set,1,636.28
2023-10-16,Valenciennes,Sport,Chaussures running,4,2278.12
2023-10-17,Valenciennes,Mode,Veste hiver,3,1574.38
2023-10-17,Roubaix,Bricolage,Peinture 5L,1,578.55
2023-10-17,Lille,Électroménager,Micro-ondes,3,1359.48
2023-10-17,Valenciennes,Maison,Couette 220x240,2,425.77
2023-10-17,Tourcoing,Bricolage,Peinture 5L,3,1827.0
2023-10-17,Roubaix,Mode,Robe été,2,593.04
2023-10-17,Roubaix,Électroménager,Robot cuiseur,4,999.88
2023-10-17,Valenciennes,Mode,Pull laine,1,884.49
2023-10-17,Dunkerque,Électroménager,Réfrigérateur,5,1936.85
2023-10-17,En ligne,Sport,Tapis yoga,3,1975.08
2023-10-17,Roubaix,Électroménager,Cafetière,3,1176.72
2023-10-17,En ligne,Sport,Chaussures running,1,569.53
2023-10-17,Tourcoing,Mode,Robe été,3,889.56
2023-10-17,Valenciennes,Mode,Veste hiver,3,1967.97
2023-10-17,Tourcoing,Sport,Tapis yoga,2,1316.72
2023-10-17,Lille,Mode,T-shirt coton,3,1514.01
2023-10-17,Roubaix,Électroménager,Robot cuiseur,2,499.94
2023-10-17,Roubaix,Électroménager,Micro-ondes,3,1291.51
2023-10-17,Lille,Mode,Baskets ville,2,921.02
2023-10-17,Valenciennes,Mode,Baskets ville,3,1381.53
2023-10-18,Dunkerque,Mode,Robe été,1,296.52
2023-10-18,Lille,Mode,Jean homme,3,816.81
2023-10-18,Amiens,Sport,Ballon foot,3,300.3
2023-10-18,Valenciennes,Mode,Veste hiver,2,1311.98
2023-10-18,Dunkerque,Bricolage,Peinture 5L,5,2892.75
2023-10-18,Lille,Bricolage,Échelle alu,2,709.34
2023-10-18,Lille,Mode,Veste hiver,1,655.99
2023-10-18,Amiens,Bricolage,Tournevis set,2,1272.56
2023-10-18,En ligne,Électroménager,Réfrigérateur,3,1162.11
2023-10-18,Valenciennes,Bricolage,Perceuse,3,253.58
2023-10-18,Dunkerque,Électroménager,Micro-ondes,2,906.32
2023-10-18,Valenciennes,Maison,Étagère bois,2,559.18
2023-10-18,Lille,Maison,Set casseroles,3,2120.55
2023-10-18,Roubaix,Maison,Couette 220x240,4,896.36
2023-10-18,Tourcoing,Électroménager,Bouilloire,2,1452.08
2023-10-18,Amiens,Bricolage,Échelle alu,4,1418.68
2023-10-18,Amiens,Électroménager,Bouilloire,1,689.74
2023-10-19,Lille,Mode,T-shirt coton,1,504.67
2023-10-19,Valenciennes,Maison,Canapé 3 places,1,246.23
2023-10-19,Tourcoing,Bricolage,Boîte à outils,1,83.21
2023-10-19,Amiens,Électroménager,Réfrigérateur,1,387.37
2023-10-19,Roubaix,Bricolage,Peinture 5L,5,3045.0
2023-10-19,Dunkerque,Bricolage,Boîte à outils,3,249.63
2023-10-19,Tourcoing,Sport,Tapis yoga,3,1975.08
2023-10-19,Lille,Électroménager,Robot cuiseur,2,499.94
2023-10-19,En ligne,Sport,Maillot bain,5,1753.85
2023-10-19,Amiens,Mode,Jean homme,5,1361.35
2023-10-19,Amiens,Mode,Jean homme,2,490.09
2023-10-19,Lille,Bricolage,Tournevis set,2,1272.56
2023-10-19,Amiens,Électroménager,Bouilloire,2,1379.48
2023-10-19,Amiens,Mode,Veste hiver,2,1311.98
2023-10-19,Amiens,Sport,Haltères 10kg,2,186.77
2023-10-20,Dunkerque,Bricolage,Peinture 5L,4,2436.0
2023-10-20,En ligne,Maison,Lampe LED,3,402.66
2023-10-20,Amiens,Mode,Robe été,4,1186.08
2023-10-20,Valenciennes,Électroménager,Bouilloire,4,2904.16
2023-10-20,Roubaix,Maison,Lampe LED,4,536.88
2023-10-20,Lille,Électroménager,Cafetière,3,1176.72
2023-10-20,Roubaix,Bricolage,Boîte à outils,5,416.05
2023-10-20,Lille,Sport,Ballon foot,4,400.4
2023-10-20,Valenciennes,Électroménager,Robot cuiseur,5,1187.36
2023-10-20,Lille,Sport,Vélo VTT,1,545.21
2023-10-20,Lille,Électroménager,Cafetière,1,353.02
2023-10-20,Dunkerque,Sport,Vélo VTT,2,1035.9
2023-10-21,Lille,Sport,Chaussures running,2,1139.06
2023-10-21,Roubaix,Bricolage,Perceuse,3,316.98
2023-10-21,Roubaix,Sport,Chaussures running,4,2278.12
2023-10-21,Dunkerque,Sport,Maillot bain,4,1403.08
2023-10-21,Amiens,Électroménager,Aspirateur,3,573.54
2023-10-21,Lille,Sport,Vélo VTT,2,872.34
2023-10-21,Roubaix,Sport,Tapis yoga,3,1975.08
2023-10-21,Dunkerque,Sport,Vélo VTT,5,2726.05
2023-10-21,Lille,Électroménager,Micro-ondes,1,453.16
2023-10-21,Roubaix,Électroménager,Robot cuiseur,3,749.91
2023-10-21,Valenciennes,Mode,Baskets ville,1,460.51
2023-10-21,Roubaix,Électroménager,Aspirateur,1,191.18
2023-10-21,En ligne,Bricolage,Peinture 5L,1,609.0
2023-10-21,Lille,Mode,T-shirt coton,1,504.67
2023-10-22,En ligne,Mode,Robe été,4,1126.78
2023-10-22,Lille,Maison,Couette 220x240,2,425.77
2023-10-22,Lille,Mode,Pull laine,3,2653.47
2023-10-22,Dunkerque,Électroménager,Bouilloire,5,3630.2
2023-10-22,Amiens,Maison,Étagère bois,3,838.77
2023-10-22,Roubaix,Maison,Lampe LED,3,402.66
2023-10-22,Lille,Bricolage,Tournevis set,2,1272.56
2023-10-22,Lille,Électroménager,Bouilloire,5,3448.69
2023-10-22,En ligne,Maison,Couette 220x240,1,224.09
2023-10-22,Roubaix,Bricolage,Perceuse,5,528.3
2023-10-22,Roubaix,Mode,T-shirt coton,4,1816.81
2023-10-22,Tourcoing,Mode,Pull laine,5,4422.45
2023-10-22,Dunkerque,Électroménager,Aspirateur,1,152.94
2023-10-22,Amiens,Maison,Couette 220x240,3,672.27
2023-10-22,Dunkerque,Maison,Set casseroles,1,706.85
2023-10-22,Tourcoing,Électroménager,Cafetière,2,784.48
2023-10-22,Valenciennes,Sport,Chaussures running,4,2278.12
2023-10-22,Amiens,Sport,Vélo VTT,3,1635.63
2023-10-22,En ligne,Maison,Couette 220x240,5,1064.43
2023-10-22,Roubaix,Bricolage,Tournevis set,1,636.28
2023-10-22,Valenciennes,Sport,Raquette tennis,2,1412.38
2023-10-23,Roubaix,Électroménager,Cafetière,1,372.63
2023-10-23,En ligne,Électroménager,Bouilloire,3,2178.12
2023-10-23,Roubaix,Sport,Raquette tennis,5,3530.95
2023-10-23,Lille,Électroménager,Réfrigérateur,2,736.0
2023-10-23,Amiens,Mode,Pull laine,4,3537.96
2023-10-23,Amiens,Sport,Haltères 10kg,1,88.47
2023-10-23,Dunkerque,Bricolage,Peinture 5L,3,1827.0
2023-10-23,Amiens,Mode,T-shirt coton,2,807.47
2023-10-23,Roubaix,Sport,Haltères 10kg,2,196.6
2023-10-23,Tourcoing,Électroménager,Micro-ondes,4,1812.64
2023-10-23,Roubaix,Mode,Veste hiver,2,1311.98
2023-10-23,Dunkerque,Bricolage,Boîte à outils,3,249.63
2023-10-23,Lille,Sport,Ballon foot,3,270.27
2023-10-23,Roubaix,Électroménager,Réfrigérateur,1,387.37
2023-10-23,Roubaix,Électroménager,Cafetière,1,392.24
2023-10-24,Tourcoing,Maison,Couette 220x240,1,224.09
2023-10-24,Valenciennes,Maison,Rideau occultant,1,96.15
2023-10-24,Lille,Électroménager,Bouilloire,2,1452.08
2023-10-24,Lille,Bricolage,Tournevis set,2,1272.56
2023-10-24,Roubaix,Maison,Couette 220x240,4,896.36
2023-10-24,Dunkerque,Bricolage,Tournevis set,1,636.28
2023-10-24,Tourcoing,Mode,Baskets ville,1,460.51
2023-10-24,Lille,Bricolage,Boîte à outils,1,79.05
2023-10-24,Roubaix,Sport,Tapis yoga,1,625.44
2023-10-24,Valenciennes,Maison,Set casseroles,2,1413.7
2023-10-24,Dunkerque,Sport,Raquette tennis,2,1412.38
2023-10-25,Roubaix,Bricolage,Tournevis set,4,2036.1
2023-10-25,Lille,Bricolage,Perceuse,1,105.66
2023-10-25,Roubaix,Bricolage,Peinture 5L,4,2436.0
2023-10-25,Lille,Électroménager,Aspirateur,2,382.36
2023-10-25,Valenciennes,Maison,Couette 220x240,2,448.18
2023-10-25,Roubaix,Maison,Rideau occultant,3,303.63
2023-10-25,Valenciennes,Mode,Jean homme,2,544.54
2023-10-25,Roubaix,Sport,Vélo VTT,1,545.21
2023-10-25,Tourcoing,Mode,Veste hiver,4,2623.96
2023-10-25,Lille,Bricolage,Échelle alu,1,354.67
2023-10-25,Valenciennes,Électroménager,Cafetière,5,1961.2
2023-10-26,Dunkerque,Électroménager,Micro-ondes,2,906.32
2023-10-26,En ligne,Sport,Vélo VTT,5,2726.05
2023-10-26,Valenciennes,Mode,Robe été,1,296.52
2023-10-26,Lille,Mode,Robe été,3,889.56
2023-10-26,Dunkerque,Électroménager,Aspirateur,1,191.18
2023-10-26,En ligne,Sport,Tapis yoga,2,1250.88
2023-10-26,Lille,Sport,Ballon foot,3,300.3
2023-10-26,Valenciennes,Maison,Rideau occultant,2,202.42
2023-10-27,Amiens,Sport,Ballon foot,2,200.2
2023-10-27,Lille,Sport,Vélo VTT,1,545.21
2023-10-27,Dunkerque,Maison,Étagère bois,2,559.18
2023-10-27,Amiens,Sport,Tapis yoga,1,658.36
2023-10-27,Lille,Mode,Robe été,3,800.6
2023-10-27,Lille,Maison,Canapé 3 places,2,492.46
2023-10-27,En ligne,Électroménager,Réfrigérateur,1,387.37
2023-10-27,Lille,Électroménager,Aspirateur,2,382.36
2023-10-27,Tourcoing,Mode,T-shirt coton,3,1514.01
2023-10-27,Lille,Électroménager,Bouilloire,3,2178.12
2023-10-27,Dunkerque,Mode,Baskets ville,2,921.02
2023-10-27,Tourcoing,Bricolage,Tournevis set,1,636.28
2023-10-27,Valenciennes,Électroménager,Micro-ondes,5,2265.8
2023-10-27,Valenciennes,Mode,Veste hiver,6,3935.94
2023-10-27,Lille,Mode,Baskets ville,1,414.46
2023-10-27,En ligne,Bricolage,Tournevis set,2,1272.56
2023-10-28,Tourcoing,Mode,T-shirt coton,3,1514.01
2023-10-28,Amiens,Bricolage,Peinture 5L,4,2436.0
2023-10-28,Dunkerque,Électroménager,Cafetière,2,784.48
2023-10-28,Valenciennes,Maison,Étagère bois,3,838.77
2023-10-28,Dunkerque,Électroménager,Micro-ondes,1,453.16
2023-10-28,Amiens,Mode,Baskets ville,3,1381.53
2023-10-28,En ligne,Sport,Chaussures running,1,569.53
2023-10-28,Tourcoing,Maison,Couette 220x240,4,896.36
2023-10-28,Lille,Maison,Rideau occultant,4,404.84
2023-10-28,En ligne,Bricolage,Boîte à outils,3,224.67
2023-10-28,Valenciennes,Mode,Robe été,3,889.56
2023-10-28,Lille,Maison,Étagère bois,4,1118.36
2023-10-28,Dunkerque,Électroménager,Réfrigérateur,1,368.0
2023-10-28,Amiens,Maison,Couette 220x240,2,448.18
2023-10-28,En ligne,Mode,Robe été,2,593.04
2023-10-28,Amiens,Électroménager,Bouilloire,4,2613.74
2023-10-28,Amiens,Maison,Couette 220x240,1,224.09
2023-10-28,Tourcoing,Mode,T-shirt coton,1,504.67
2023-10-28,Lille,Électroménager,Cafetière,4,1568.96
2023-10-28,Tourcoing,Mode,Jean homme,3,816.81
2023-10-28,En ligne,Électroménager,Micro-ondes,5,2265.8
2023-10-28,Valenciennes,Électroménager,Robot cuiseur,5,1249.85
2023-10-29,Dunkerque,Mode,Pull laine,2,1592.08
2023-10-29,En ligne,Maison,Rideau occultant,5,455.44
2023-10-29,Dunkerque,Électroménager,Bouilloire,5,3630.2
2023-10-29,En ligne,Maison,Lampe LED,1,134.22
2023-10-29,Dunkerque,Sport,Ballon foot,1,100.1
2023-10-29,Roubaix,Électroménager,Aspirateur,3,573.54
2023-10-29,Amiens,Bricolage,Boîte à outils,3,249.63
2023-10-29,Tourcoing,Maison,Lampe LED,2,268.44
2023-10-29,Valenciennes,Mode,Baskets ville,5,2302.55
2023-10-29,En ligne,Électroménager,Réfrigérateur,6,2324.22
2023-10-29,Dunkerque,Mode,Baskets ville,2,921.02
2023-10-29,Dunkerque,Mode,Pull laine,1,796.04
2023-10-29,Dunkerque,Maison,Étagère bois,3,838.77
2023-10-29,Lille,Électroménager,Réfrigérateur,2,774.74
2023-10-29,Roubaix,Sport,Raquette tennis,2,1412.38
2023-10-29,Tourcoing,Sport,Tapis yoga,4,2633.44
2023-10-30,Dunkerque,Mode,Baskets ville,1,460.51
2023-10-30,Dunkerque,Mode,Pull laine,3,2520.8
2023-10-30,Lille,Maison,Lampe LED,3,402.66
2023-10-30,Lille,Sport,Ballon foot,3,285.28
2023-10-30,Roubaix,Électroménager,Aspirateur,5,955.9
2023-10-30,Dunkerque,Électroménager,Bouilloire,5,3630.2
2023-10-30,Dunkerque,Électroménager,Micro-ondes,2,861.0
2023-10-30,En ligne,Maison,Étagère bois,1,279.59
2023-10-30,En ligne,Sport,Chaussures running,4,2164.21
2023-10-30,Tourcoing,Électroménager,Cafetière,3,1117.88
2023-10-30,Tourcoing,Maison,Set casseroles,2,1130.96
2023-10-30,En ligne,Sport,Vélo VTT,2,1090.42
2023-10-30,Dunkerque,Électroménager,Bouilloire,1,726.04
2023-10-30,Roubaix,Sport,Vélo VTT,5,2726.05
2023-10-30,Roubaix,Sport,Chaussures running,2,1139.06
2023-10-30,Lille,Bricolage,Boîte à outils,5,416.05
2023-10-30,Lille,Mode,T-shirt coton,4,2018.68
2023-10-31,Roubaix,Électroménager,Cafetière,3,1176.72
2023-10-31,Lille,Mode,Veste hiver,2,1180.78
2023-10-31,Tourcoing,Sport,Haltères 10kg,1,98.3
2023-10-31,Lille,Sport,Maillot bain,3,1052.31
2023-10-31,Lille,Bricolage,Peinture 5L,1,548.1
2023-10-31,Lille,Électroménager,Cafetière,1,392.24
2023-10-31,Roubaix,Maison,Étagère bois,5,1397.95
2023-10-31,En ligne,Bricolage,Tournevis set,4,2545.12
2023-10-31,Dunkerque,Maison,Set casseroles,1,706.85
2023-10-31,Lille,Mode,Veste hiver,2,1246.38
2023-10-31,Tourcoing,Électroménager,Réfrigérateur,2,697.27
2023-10-31,Lille,Bricolage,Perceuse,2,211.32
2023-10-31,Roubaix,Mode,Baskets ville,1,460.51
2023-10-31,Roubaix,Électroménager,Robot cuiseur,2,499.94
2023-10-31,Tourcoing,Sport,Raquette tennis,1,706.19
2023-11-01,Lille,Bricolage,Échelle alu,3,1064.01
2023-11-01,Dunkerque,Bricolage,Peinture 5L,4,2436.0
2023-11-01,Tourcoing,Électroménager,Aspirateur,3,544.86
2023-11-01,Tourcoing,Maison,Rideau occultant,2,192.3
2023-11-01,Tourcoing,Sport,Maillot bain,3,1052.31
2023-11-01,Amiens,Électroménager,Robot cuiseur,1,249.97
2023-11-01,Dunkerque,Sport,Raquette tennis,1,706.19
2023-11-01,Valenciennes,Électroménager,Cafetière,1,392.24
2023-11-01,Valenciennes,Bricolage,Perceuse,1,105.66
2023-11-01,Lille,Bricolage,Perceuse,3,316.98
2023-11-01,Amiens,Bricolage,Échelle alu,3,1064.01
2023-11-01,Roubaix,Sport,Raquette tennis,1,706.19
2023-11-01,Lille,Sport,Chaussures running,2,1139.06
2023-11-01,Lille,Mode,T-shirt coton,3,1514.01
2023-11-02,Tourcoing,Mode,T-shirt coton,2,1009.34
2023-11-02,Amiens,Sport,Chaussures running,1,569.53
2023-11-02,Roubaix,Sport,Chaussures running,2,1082.11
2023-11-02,Lille,Maison,Rideau occultant,2,202.42
2023-11-02,En ligne,Sport,Vélo VTT,2,1090.42
2023-11-02,Dunkerque,Maison,Étagère bois,1,279.59
2023-11-02,Dunkerque,Électroménager,Cafetière,1,392.24
2023-11-02,Tourcoing,Sport,Vélo VTT,2,1090.42
2023-11-02,Lille,Mode,T-shirt coton,3,1514.01
2023-11-02,Amiens,Mode,Pull laine,2,1768.98
2023-11-02,Roubaix,Électroménager,Micro-ondes,2,906.32
2023-11-02,Dunkerque,Sport,Chaussures running,2,1139.06
2023-11-02,Roubaix,Électroménager,Bouilloire,1,726.04
2023-11-02,Lille,Sport,Vélo VTT,3,1635.63
2023-11-02,Tourcoing,Électroménager,Robot cuiseur,2,499.94
2023-11-02,Lille,Électroménager,Bouilloire,5,2904.16
2023-11-03,Valenciennes,Électroménager,Bouilloire,3,2178.12
2023-11-03,Valenciennes,Maison,Lampe LED,1,127.51
2023-11-03,Roubaix,Mode,Veste hiver,1,655.99
2023-11-03,Roubaix,Mode,Veste hiver,4,2361.56
2023-11-03,Amiens,Bricolage,Perceuse,2,211.32
2023-11-03,Tourcoing,Électroménager,Robot cuiseur,3,674.92
2023-11-03,Lille,Maison,Set casseroles,3,2120.55
2023-11-03,Dunkerque,Mode,Pull laine,5,3537.96
2023-11-03,Tourcoing,Bricolage,Échelle alu,3,1064.01
2023-11-03,Amiens,Maison,Canapé 3 places,2,492.46
2023-11-03,Tourcoing,Sport,Maillot bain,1,350.77
2023-11-03,Roubaix,Maison,Lampe LED,2,268.44
2023-11-03,Roubaix,Sport,Maillot bain,2,701.54
2023-11-03,Dunkerque,Maison,Lampe LED,1,134.22
2023-11-04,Valenciennes,Électroménager,Réfrigérateur,2,697.27
2023-11-04,Tourcoing,Électroménager,Cafetière,4,1568.96
2023-11-04,Amiens,Sport,Chaussures running,1,569.53
2023-11-04,Valenciennes,Bricolage,Peinture 5L,1,609.0
2023-11-04,Roubaix,Mode,Robe été,2,593.04
2023-11-04,Lille,Bricolage,Boîte à outils,3,249.63
2023-11-04,Lille,Sport,Chaussures running,1,569.53
2023-11-04,Lille,Électroménager,Aspirateur,1,181.62
2023-11-04,Lille,Bricolage,Perceuse,4,422.64
2023-11-04,En ligne,Électroménager,Micro-ondes,3,1359.48
2023-11-04,Lille,Sport,Vélo VTT,3,1635.63
2023-11-04,Amiens,Électroménager,Cafetière,2,784.48
2023-11-04,En ligne,Sport,Vélo VTT,3,1635.63
2023-11-04,Valenciennes,Maison,Couette 220x240,3,672.27
2023-11-04,Roubaix,Mode,T-shirt coton,1,479.44
2023-11-04,Lille,Maison,Set casseroles,3,2120.55
2023-11-04,Dunkerque,Bricolage,Peinture 5L,3,1827.0
2023-11-04,En ligne,Sport,Maillot bain,3,1052.31
2023-11-04,Dunkerque,Sport,Vélo VTT,1,545.21
2023-11-04,Lille,Maison,Couette 220x240,3,638.66
2023-11-05,Tourcoing,Mode,Pull laine,3,2653.47
2023-11-05,Lille,Mode,T-shirt coton,1,504.67
2023-11-05,Amiens,Bricolage,Boîte à outils,1,83.21
2023-11-05,Lille,Maison,Étagère bois,3,838.77
2023-11-05,Dunkerque,Électroménager,Cafetière,1,392.24
2023-11-05,Lille,Électroménager,Bouilloire,2,1452.08
2023-11-05,Lille,Électroménager,Micro-ondes,1,453.16
2023-11-05,Lille,Mode,T-shirt coton,1,504.67
2023-11-05,Lille,Mode,Jean homme,4,1089.08
2023-11-05,Amiens,Maison,Rideau occultant,1,101.21
2023-11-05,Dunkerque,Sport,Raquette tennis,1,635.57
2023-11-05,Lille,Bricolage,Boîte à outils,2,133.14
2023-11-05,Roubaix,Maison,Set casseroles,4,2261.92
2023-11-05,Amiens,Mode,T-shirt coton,2,1009.34
2023-11-05,Tourcoing,Maison,Lampe LED,2,241.6
2023-11-05,Roubaix,Sport,Haltères 10kg,2,196.6
2023-11-05,Valenciennes,Électroménager,Micro-ondes,3,1359.48
2023-11-05,Lille,Sport,Maillot bain,3,1052.31
2023-11-05,Dunkerque,Mode,Pull laine,2,1768.98
2023-11-05,Dunkerque,Bricolage,Tournevis set,2,1272.56
2023-11-06,Valenciennes,Bricolage,Échelle alu,1,354.67
2023-11-06,Lille,Bricolage,Échelle alu,3,1064.01
2023-11-06,Lille,Maison,Set casseroles,3,2120.55
2023-11-06,Lille,Mode,Jean homme,4,1089.08
2023-11-06,Dunkerque,Électroménager,Bouilloire,2,1452.08
2023-11-06,Amiens,Mode,Robe été,1,296.52
2023-11-06,Amiens,Maison,Lampe LED,5,671.1
2023-11-06,En ligne,Mode,Pull laine,2,1768.98
2023-11-06,Lille,Maison,Étagère bois,3,838.77
2023-11-06,En ligne,Bricolage,Tournevis set,1,636.28
2023-11-06,Roubaix,Sport,Chaussures running,1,569.53
2023-11-06,Dunkerque,Électroménager,Micro-ondes,2,906.32
2023-11-06,Lille,Maison,Étagère bois,1,279.59
2023-11-06,Valenciennes,Sport,Ballon foot,1,100.1
2023-11-06,Amiens,Sport,Raquette tennis,1,670.88
2023-11-06,Lille,Électroménager,Cafetière,4,1568.96
2023-11-06,Lille,Sport,Ballon foot,3,300.3
2023-11-06,Valenciennes,Sport,Chaussures running,3,1708.59
2023-11-06,Dunkerque,Mode,Baskets ville,2,736.82
2023-11-07,En ligne,Sport,Tapis yoga,3,1975.08
2023-11-07,Tourcoing,Électroménager,Aspirateur,5,955.9
2023-11-07,Valenciennes,Sport,Vélo VTT,1,517.95
2023-11-07,Amiens,Sport,Haltères 10kg,3,280.15
2023-11-07,Lille,Bricolage,Perceuse,3,316.98
2023-11-07,Amiens,Mode,Veste hiver,3,1967.97
2023-11-07,Tourcoing,Électroménager,Bouilloire,2,1306.87
2023-11-07,Dunkerque,Mode,Baskets ville,3,1381.53
2023-11-07,En ligne,Maison,Étagère bois,2,559.18
2023-11-07,Tourcoing,Bricolage,Boîte à outils,2,166.42
2023-11-07,Amiens,Sport,Chaussures running,2,1139.06
2023-11-07,Valenciennes,Mode,T-shirt coton,3,1514.01
2023-11-07,Amiens,Bricolage,Boîte à outils,1,83.21
2023-11-07,Valenciennes,Électroménager,Robot cuiseur,4,999.88
2023-11-07,Lille,Sport,Tapis yoga,4,2633.44
2023-11-07,Tourcoing,Sport,Raquette tennis,2,1412.38
2023-11-07,Roubaix,Sport,Raquette tennis,3,2118.57
2023-11-07,Valenciennes,Sport,Chaussures running,3,1708.59
2023-11-07,Valenciennes,Bricolage,Échelle alu,3,1064.01
2023-11-07,Amiens,Bricolage,Échelle alu,2,709.34
2023-11-07,Dunkerque,Électroménager,Aspirateur,2,382.36
2023-11-08,Lille,Bricolage,Perceuse,2,211.32
2023-11-08,Tourcoing,Sport,Maillot bain,4,1403.08
2023-11-08,En ligne,Mode,Baskets ville,5,2302.55
2023-11-08,Lille,Maison,Set casseroles,1,706.85
2023-11-08,Dunkerque,Sport,Chaussures running,2,1139.06
2023-11-08,Valenciennes,Sport,Maillot bain,1,333.23
2023-11-08,Tourcoing,Sport,Ballon foot,2,190.19
2023-11-08,Lille,Sport,Raquette tennis,4,2824.76
2023-11-08,Roubaix,Maison,Set casseroles,1,706.85
2023-11-08,Dunkerque,Sport,Ballon foot,1,100.1
2023-11-08,Tourcoing,Électroménager,Cafetière,2,784.48
2023-11-08,En ligne,Maison,Lampe LED,2,268.44
2023-11-09,Valenciennes,Mode,Jean homme,3,775.97
2023-11-09,Dunkerque,Sport,Vélo VTT,4,1744.67
2023-11-09,Amiens,Électroménager,Cafetière,4,1568.96
2023-11-09,Roubaix,Maison,Lampe LED,2,268.44
2023-11-09,En ligne,Sport,Tapis yoga,4,2501.77
2023-11-09,Roubaix,Sport,Chaussures running,3,1708.59
2023-11-09,Lille,Maison,Couette 220x240,2,448.18
2023-11-09,Roubaix,Bricolage,Échelle alu,1,354.67
2023-11-09,Amiens,Bricolage,Tournevis set,1,636.28
2023-11-09,Roubaix,Sport,Tapis yoga,4,2633.44
2023-11-09,Amiens,Maison,Lampe LED,4,536.88
2023-11-09,Amiens,Sport,Ballon foot,1,100.1
2023-11-09,Amiens,Mode,T-shirt coton,4,2018.68
2023-11-09,Tourcoing,Mode,Baskets ville,1,460.51
2023-11-09,En ligne,Sport,Chaussures running,4,2278.12
2023-11-09,Amiens,Sport,Haltères 10kg,2,176.94
2023-11-09,Dunkerque,Électroménager,Cafetière,2,706.03
2023-11-09,Valenciennes,Mode,Pull laine,2,1592.08
2023-11-09,Tourcoing,Maison,Étagère bois,1,279.59
2023-11-09,Valenciennes,Maison,Lampe LED,1,134.22
2023-11-09,Tourcoing,Maison,Couette 220x240,1,224.09
2023-11-09,Amiens,Sport,Maillot bain,3,1052.31
2023-11-09,Valenciennes,Maison,Étagère bois,4,1062.44
2023-11-09,Amiens,Électroménager,Bouilloire,1,726.04
2023-11-09,Amiens,Maison,Rideau occultant,3,303.63
2023-11-10,Dunkerque,Électroménager,Robot cuiseur,2,499.94
2023-11-10,Valenciennes,Sport,Ballon foot,2,200.2
2023-11-10,Lille,Sport,Chaussures running,3,1623.16
2023-11-10,Valenciennes,Mode,Pull laine,3,2653.47
2023-11-10,Valenciennes,Sport,Ballon foot,1,100.1
2023-11-10,En ligne,Mode,Jean homme,1,272.27
2023-11-10,Valenciennes,Bricolage,Échelle alu,4,1418.68
2023-11-10,En ligne,Maison,Rideau occultant,1,101.21
2023-11-10,Roubaix,Bricolage,Perceuse,4,422.64
2023-11-10,Amiens,Électroménager,Bouilloire,1,726.04
2023-11-10,Valenciennes,Électroménager,Réfrigérateur,3,1162.11
2023-11-10,Dunkerque,Bricolage,Peinture 5L,2,1218.0
2023-11-10,Valenciennes,Bricolage,Tournevis set,5,3181.4
2023-11-10,Tourcoing,Maison,Étagère bois,3,838.77
2023-11-10,Amiens,Électroménager,Cafetière,2,784.48
2023-11-10,Roubaix,Sport,Ballon foot,1,100.1
2023-11-11,Amiens,Mode,Pull laine,2,1768.98
2023-11-11,Dunkerque,Sport,Raquette tennis,4,2824.76
2023-11-11,Dunkerque,Sport,Raquette tennis,2,1412.38
2023-11-11,En ligne,Mode,Robe été,3,845.08
2023-11-11,Dunkerque,Bricolage,Perceuse,2,211.32
2023-11-11,Tourcoing,Bricolage,Tournevis set,2,1272.56
2023-11-11,Tourcoing,Électroménager,Réfrigérateur,1,387.37
2023-11-11,Valenciennes,Mode,Pull laine,1,884.49
2023-11-11,Dunkerque,Bricolage,Tournevis set,2,1272.56
2023-11-11,Lille,Électroménager,Cafetière,1,392.24
2023-11-11,Dunkerque,Sport,Haltères 10kg,4,373.54
2023-11-11,Lille,Bricolage,Boîte à outils,4,332.84
2023-11-12,Dunkerque,Électroménager,Cafetière,4,1568.96
2023-11-12,Lille,Sport,Ballon foot,3,300.3
2023-11-12,Tourcoing,Électroménager,Robot cuiseur,3,749.91
2023-11-12,Dunkerque,Bricolage,Boîte à outils,1,83.21
2023-11-12,Lille,Bricolage,Boîte à outils,4,299.56
2023-11-12,Roubaix,Mode,Baskets ville,2,921.02
2023-11-12,Valenciennes,Mode,Pull laine,3,2653.47
2023-11-12,Roubaix,Bricolage,Peinture 5L,3,1735.65
2023-11-12,Lille,Sport,Ballon foot,2,200.2
2023-11-12,Dunkerque,Bricolage,Échelle alu,4,1418.68
2023-11-12,Roubaix,Sport,Maillot bain,2,701.54
2023-11-12,Dunkerque,Maison,Canapé 3 places,1,246.23
2023-11-12,Roubaix,Maison,Étagère bois,2,559.18
2023-11-12,Roubaix,Bricolage,Boîte à outils,3,249.63
2023-11-12,Dunkerque,Maison,Set casseroles,1,706.85
2023-11-12,Valenciennes,Sport,Raquette tennis,4,2824.76
2023-11-13,En ligne,Bricolage,Tournevis set,3,1908.84
2023-11-13,Lille,Sport,Haltères 10kg,3,294.9
2023-11-13,Lille,Maison,Rideau occultant,3,303.63
2023-11-13,En ligne,Sport,Tapis yoga,1,658.36
2023-11-13,Lille,Sport,Ballon foot,1,100.1
2023-11-13,En ligne,Sport,Raquette tennis,1,706.19
2023-11-13,Roubaix,Maison,Rideau occultant,1,101.21
2023-11-13,Valenciennes,Maison,Couette 220x240,1,224.09
2023-11-13,Lille,Mode,Robe été,1,296.52
2023-11-13,En ligne,Bricolage,Peinture 5L,2,1218.0
2023-11-13,En ligne,Sport,Raquette tennis,2,1412.38
2023-11-13,Roubaix,Maison,Rideau occultant,3,303.63
2023-11-13,Lille,Sport,Raquette tennis,3,2118.57
2023-11-13,Tourcoing,Maison,Canapé 3 places,3,738.69
2023-11-13,Lille,Maison,Étagère bois,2,559.18
2023-11-13,En ligne,Maison,Lampe LED,2,241.6
2023-11-14,Lille,Maison,Canapé 3 places,3,738.69
2023-11-14,Tourcoing,Maison,Rideau occultant,3,303.63
2023-11-14,Lille,Maison,Couette 220x240,2,448.18
2023-11-14,Lille,Électroménager,Réfrigérateur,4,1549.48
2023-11-14,Amiens,Maison,Rideau occultant,5,480.75
2023-11-14,Lille,Maison,Étagère bois,4,1118.36
2023-11-14,Amiens,Électroménager,Robot cuiseur,2,499.94
2023-11-14,Amiens,Électroménager,Robot cuiseur,5,1249.85
2023-11-14,Roubaix,Électroménager,Robot cuiseur,2,499.94
2023-11-14,Lille,Sport,Maillot bain,1,333.23
2023-11-14,Lille,Sport,Tapis yoga,2,1316.72
2023-11-14,Tourcoing,Sport,Vélo VTT,3,1635.63
2023-11-14,En ligne,Mode,Baskets ville,1,460.51
2023-11-14,Amiens,Sport,Chaussures running,3,1708.59
2023-11-14,En ligne,Sport,Maillot bain,1,350.77
2023-11-14,Lille,Sport,Chaussures running,3,1708.59
2023-11-14,Lille,Mode,Baskets ville,2,921.02
2023-11-14,Tourcoing,Électroménager,Micro-ondes,3,1291.51
2023-11-14,En ligne,Mode,T-shirt coton,3,1514.01
2023-11-14,Amiens,Électroménager,Bouilloire,2,1452.08
2023-11-14,Dunkerque,Électroménager,Micro-ondes,4,1812.64
2023-11-15,Lille,Bricolage,Peinture 5L,2,1218.0
2023-11-15,En ligne,Sport,Chaussures running,3,1708.59
2023-11-15,Lille,Mode,Robe été,3,889.56
2023-11-15,En ligne,Mode,Robe été,2,593.04
2023-11-15,Valenciennes,Électroménager,Bouilloire,3,2178.12
2023-11-15,Roubaix,Maison,Set casseroles,3,2120.55
2023-11-15,Tourcoing,Sport,Maillot bain,2,701.54
2023-11-15,En ligne,Mode,Veste hiver,2,1311.98
2023-11-15,Dunkerque,Maison,Couette 220x240,3,672.27
2023-11-15,Tourcoing,Sport,Ballon foot,2,180.18
2023-11-15,Valenciennes,Sport,Maillot bain,1,350.77
2023-11-15,Roubaix,Électroménager,Robot cuiseur,2,499.94
2023-11-15,Tourcoing,Bricolage,Perceuse,1,105.66
2023-11-15,En ligne,Électroménager,Réfrigérateur,4,1549.48
2023-11-15,Amiens,Bricolage,Peinture 5L,2,1218.0
2023-11-15,Dunkerque,Bricolage,Tournevis set,1,636.28
2023-11-15,Lille,Sport,Tapis yoga,4,2633.44
2023-11-15,En ligne,Électroménager,Cafetière,2,784.48
2023-11-15,Amiens,Bricolage,Peinture 5L,1,609.0
2023-11-16,Lille,Mode,Pull laine,3,2653.47
2023-11-16,Roubaix,Bricolage,Peinture 5L,2,1096.2
2023-11-16,Lille,Sport,Ballon foot,3,300.3
2023-11-16,Valenciennes,Électroménager,Réfrigérateur,1,387.37
2023-11-16,Dunkerque,Électroménager,Aspirateur,1,181.62
2023-11-16,Dunkerque,Sport,Vélo VTT,4,2180.84
2023-11-16,Amiens,Mode,Baskets ville,1,460.51
2023-11-16,Roubaix,Sport,Raquette tennis,4,2824.76
2023-11-16,Valenciennes,Maison,Couette 220x240,2,448.18
2023-11-16,Valenciennes,Mode,Jean homme,3,816.81
2023-11-16,Lille,Maison,Rideau occultant,2,182.18
2023-11-16,Lille,Sport,Ballon foot,1,100.1
2023-11-16,Roubaix,Sport,Vélo VTT,1,545.21
2023-11-16,Valenciennes,Sport,Haltères 10kg,3,294.9
2023-11-16,Dunkerque,Électroménager,Cafetière,4,1568.96
2023-11-16,Lille,Mode,Baskets ville,4,1842.04
2023-11-16,Roubaix,Mode,Baskets ville,3,1381.53
2023-11-16,Dunkerque,Électroménager,Bouilloire,3,2178.12
2023-11-16,Valenciennes,Bricolage,Échelle alu,1,319.2
2023-11-16,Valenciennes,Sport,Ballon foot,2,190.19
2023-11-16,Amiens,Sport,Raquette tennis,1,706.19
2023-11-16,Tourcoing,Mode,T-shirt coton,1,504.67
2023-11-16,Amiens,Mode,T-shirt coton,2,908.41
2023-11-16,Dunkerque,Mode,Baskets ville,3,1243.38
2023-11-17,Lille,Mode,Baskets ville,1,460.51
2023-11-17,Roubaix,Électroménager,Robot cuiseur,1,249.97
2023-11-17,Valenciennes,Maison,Canapé 3 places,3,738.69
2023-11-17,En ligne,Mode,Veste hiver,4,2623.96
2023-11-17,Roubaix,Sport,Vélo VTT,2,1090.42
2023-11-17,Amiens,Maison,Set casseroles,1,636.17
2023-11-17,Dunkerque,Sport,Vélo VTT,4,2180.84
2023-11-17,Amiens,Électroménager,Cafetière,3,1176.72
2023-11-17,En ligne,Mode,Jean homme,2,544.54
2023-11-17,Amiens,Sport,Tapis yoga,3,1580.06
2023-11-17,Dunkerque,Électroménager,Aspirateur,2,382.36
2023-11-17,Lille,Mode,Veste hiver,4,2623.96
2023-11-17,En ligne,Mode,Veste hiver,1,655.99
2023-11-17,Tourcoing,Mode,Baskets ville,2,874.97
2023-11-17,Tourcoing,Sport,Maillot bain,1,350.77
2023-11-17,Roubaix,Maison,Étagère bois,4,1118.36
2023-11-17,En ligne,Mode,Baskets ville,2,921.02
2023-11-17,Tourcoing,Bricolage,Tournevis set,1,636.28
2023-11-17,Lille,Mode,T-shirt coton,2,1009.34
2023-11-17,Valenciennes,Sport,Raquette tennis,1,706.19
2023-11-18,Tourcoing,Mode,Pull laine,3,2653.47
2023-11-18,Lille,Électroménager,Robot cuiseur,1,249.97
2023-11-18,Lille,Électroménager,Aspirateur,3,544.86
2023-11-18,Valenciennes,Sport,Vélo VTT,1,545.21
2023-11-18,Dunkerque,Mode,Baskets ville,5,2187.42
2023-11-18,Lille,Maison,Canapé 3 places,4,984.92
2023-11-18,Tourcoing,Électroménager,Réfrigérateur,3,1162.11
2023-11-18,En ligne,Bricolage,Peinture 5L,2,1218.0
2023-11-18,Dunkerque,Maison,Lampe LED,2,268.44
2023-11-18,Lille,Sport,Vélo VTT,2,1090.42
2023-11-18,Roubaix,Maison,Couette 220x240,2,448.18
2023-11-18,Amiens,Mode,T-shirt coton,4,2018.68
2023-11-18,En ligne,Mode,T-shirt coton,1,403.74
2023-11-18,Roubaix,Maison,Couette 220x240,1,224.09
2023-11-18,Tourcoing,Électroménager,Aspirateur,3,573.54
2023-11-18,Dunkerque,Mode,T-shirt coton,2,1009.34
2023-11-18,Lille,Mode,Robe été,4,1186.08
2023-11-18,Roubaix,Mode,Veste hiver,2,1311.98
2023-11-18,Dunkerque,Mode,Robe été,3,889.56
2023-11-18,Dunkerque,Maison,Étagère bois,4,1062.44
2023-11-18,En ligne,Mode,Pull laine,4,3537.96
2023-11-18,Lille,Électroménager,Aspirateur,4,764.72
2023-11-18,Lille,Sport,Haltères 10kg,3,294.9
2023-11-19,En ligne,Sport,Vélo VTT,1,545.21
2023-11-19,Dunkerque,Mode,Jean homme,3,816.81
2023-11-19,Amiens,Bricolage,Tournevis set,3,1908.84
2023-11-19,Tourcoing,Bricolage,Échelle alu,1,354.67
2023-11-19,Tourcoing,Maison,Canapé 3 places,5,1169.59
2023-11-19,En ligne,Mode,Baskets ville,2,921.02
2023-11-19,Dunkerque,Bricolage,Perceuse,4,422.64
2023-11-19,Lille,Mode,Robe été,2,593.04
2023-11-19,En ligne,Électroménager,Aspirateur,1,191.18
2023-11-19,Lille,Bricolage,Tournevis set,2,1272.56
2023-11-19,En ligne,Bricolage,Peinture 5L,4,2436.0
2023-11-20,Valenciennes,Mode,Veste hiver,3,1967.97
2023-11-20,Dunkerque,Électroménager,Cafetière,2,627.58
2023-11-20,Dunkerque,Sport,Vélo VTT,1,545.21
2023-11-20,Dunkerque,Maison,Lampe LED,2,268.44
2023-11-20,Lille,Sport,Tapis yoga,3,1580.06
2023-11-20,Tourcoing,Maison,Lampe LED,2,268.44
2023-11-20,Amiens,Mode,T-shirt coton,1,504.67
2023-11-20,En ligne,Mode,Baskets ville,3,1381.53
2023-11-20,Valenciennes,Électroménager,Robot cuiseur,2,499.94
2023-11-20,Dunkerque,Sport,Raquette tennis,2,1341.76
2023-11-20,En ligne,Bricolage,Peinture 5L,1,609.0
2023-11-20,Lille,Sport,Chaussures running,3,1708.59
2023-11-20,En ligne,Mode,T-shirt coton,2,1009.34
2023-11-20,Lille,Mode,Baskets ville,2,921.02
2023-11-20,Lille,Maison,Couette 220x240,2,448.18
2023-11-20,Roubaix,Mode,Baskets ville,2,921.02
2023-11-21,Valenciennes,Mode,Robe été,3,711.65
2023-11-21,En ligne,Bricolage,Peinture 5L,1,578.55
2023-11-21,Tourcoing,Sport,Ballon foot,2,190.19
2023-11-21,Tourcoing,Maison,Set casseroles,1,706.85
2023-11-21,Roubaix,Bricolage,Peinture 5L,1,578.55
2023-11-21,Lille,Maison,Étagère bois,2,559.18
2023-11-21,Dunkerque,Électroménager,Bouilloire,1,726.04
2023-11-21,Amiens,Bricolage,Tournevis set,3,1908.84
2023-11-21,Amiens,Mode,Baskets ville,3,1381.53
2023-11-21,Dunkerque,Électroménager,Bouilloire,2,1379.48
2023-11-21,En ligne,Électroménager,Micro-ondes,2,815.69
2023-11-21,Roubaix,Électroménager,Cafetière,3,1176.72
2023-11-21,Lille,Maison,Canapé 3 places,1,246.23
2023-11-21,Amiens,Électroménager,Micro-ondes,2,861.0
2023-11-22,Roubaix,Sport,Maillot bain,2,701.54
2023-11-22,Lille,Sport,Tapis yoga,3,1975.08
2023-11-22,Roubaix,Mode,T-shirt coton,2,958.87
2023-11-22,Amiens,Sport,Maillot bain,4,1403.08
2023-11-22,Lille,Mode,Pull laine,1,884.49
2023-11-22,Lille,Mode,Veste hiver,1,590.39
2023-11-22,Lille,Maison,Canapé 3 places,2,492.46
2023-11-22,Roubaix,Maison,Couette 220x240,3,672.27
2023-11-22,Tourcoing,Électroménager,Micro-ondes,3,1359.48
2023-11-22,En ligne,Maison,Rideau occultant,5,506.05
2023-11-22,Amiens,Sport,Maillot bain,3,1052.31
2023-11-22,Valenciennes,Sport,Ballon foot,2,200.2
2023-11-22,Lille,Sport,Raquette tennis,1,706.19
2023-11-22,En ligne,Électroménager,Aspirateur,1,181.62
2023-11-22,Valenciennes,Sport,Maillot bain,2,701.54
2023-11-22,Roubaix,Électroménager,Robot cuiseur,2,499.94
2023-11-22,Valenciennes,Maison,Rideau occultant,1,101.21
2023-11-22,Dunkerque,Électroménager,Bouilloire,1,726.04
2023-11-22,Dunkerque,Maison,Canapé 3 places,4,984.92
2023-11-23,Tourcoing,Maison,Étagère bois,2,559.18
2023-11-23,Lille,Sport,Vélo VTT,1,545.21
2023-11-23,Dunkerque,Mode,T-shirt coton,1,454.2
2023-11-23,Tourcoing,Sport,Maillot bain,1,350.77
2023-11-23,Valenciennes,Maison,Rideau occultant,3,303.63
2023-11-23,Lille,Sport,Ballon foot,4,400.4
2023-11-23,Valenciennes,Mode,Robe été,1,296.52
2023-11-23,Lille,Bricolage,Échelle alu,1,354.67
2023-11-23,En ligne,Maison,Lampe LED,3,402.66
2023-11-23,Amiens,Mode,Robe été,2,593.04
2023-11-23,Valenciennes,Bricolage,Perceuse,2,211.32
2023-11-23,Valenciennes,Bricolage,Échelle alu,1,354.67
2023-11-23,Dunkerque,Maison,Étagère bois,5,1328.05
2023-11-23,Lille,Bricolage,Tournevis set,2,1208.93
2023-11-23,Tourcoing,Bricolage,Peinture 5L,1,609.0
2023-11-24,Dunkerque,Mode,Pull laine,5,3980.2
2023-11-24,En ligne,Maison,Étagère bois,3,838.77
2023-11-24,En ligne,Maison,Canapé 3 places,1,246.23
2023-11-24,Roubaix,Électroménager,Aspirateur,2,382.36
2023-11-24,En ligne,Sport,Tapis yoga,3,1975.08
2023-11-24,Roubaix,Sport,Chaussures running,1,569.53
2023-11-24,Lille,Sport,Maillot bain,1,350.77
2023-11-24,Tourcoing,Mode,Veste hiver,3,1967.97
2023-11-24,Roubaix,Mode,T-shirt coton,4,2018.68
2023-11-24,Dunkerque,Mode,Jean homme,2,544.54
2023-11-24,Tourcoing,Sport,Raquette tennis,1,635.57
2023-11-24,Lille,Mode,Jean homme,1,272.27
2023-11-24,En ligne,Électroménager,Robot cuiseur,3,674.92
2023-11-24,Dunkerque,Mode,Baskets ville,4,1842.04
2023-11-24,En ligne,Mode,T-shirt coton,4,2018.68
2023-11-24,Lille,Électroménager,Cafetière,1,392.24
2023-11-24,Dunkerque,Maison,Canapé 3 places,2,492.46
2023-11-24,Valenciennes,Sport,Ballon foot,1,100.1
2023-11-24,En ligne,Mode,T-shirt coton,1,479.44
2023-11-24,Roubaix,Maison,Couette 220x240,2,448.18
2023-11-24,Dunkerque,Sport,Haltères 10kg,4,393.2
2023-11-25,Roubaix,Maison,Rideau occultant,1,96.15
2023-11-25,Roubaix,Sport,Chaussures running,1,569.53
2023-11-25,Dunkerque,Sport,Maillot bain,1,315.69
2023-11-25,Tourcoing,Mode,Pull laine,4,3537.96
2023-11-25,En ligne,Bricolage,Boîte à outils,4,332.84
2023-11-25,Valenciennes,Sport,Vélo VTT,3,1635.63
2023-11-25,Valenciennes,Bricolage,Peinture 5L,4,2314.2
2023-11-25,Roubaix,Électroménager,Aspirateur,4,764.72
2023-11-25,Dunkerque,Électroménager,Aspirateur,2,382.36
2023-11-25,Dunkerque,Mode,Pull laine,3,2653.47
2023-11-26,Amiens,Bricolage,Tournevis set,4,2545.12
2023-11-26,Lille,Maison,Canapé 3 places,1,246.23
2023-11-26,Roubaix,Bricolage,Échelle alu,2,709.34
2023-11-26,Roubaix,Mode,Veste hiver,2,1311.98
2023-11-26,Lille,Sport,Haltères 10kg,3,294.9
2023-11-26,Lille,Sport,Vélo VTT,4,2180.84
2023-11-26,Dunkerque,Mode,Pull laine,1,840.27
2023-11-26,Valenciennes,Maison,Lampe LED,2,268.44
2023-11-26,Dunkerque,Bricolage,Tournevis set,2,1272.56
2023-11-26,En ligne,Maison,Couette 220x240,3,605.04
2023-11-26,Tourcoing,Mode,Veste hiver,1,655.99
2023-11-26,Tourcoing,Électroménager,Aspirateur,2,382.36
2023-11-26,Roubaix,Bricolage,Perceuse,1,105.66
2023-11-26,En ligne,Maison,Couette 220x240,1,201.68
2023-11-26,Amiens,Bricolage,Perceuse,1,105.66
2023-11-26,Roubaix,Maison,Étagère bois,1,279.59
2023-11-26,En ligne,Mode,Veste hiver,2,1049.58
2023-11-26,Lille,Maison,Rideau occultant,3,303.63
2023-11-26,Tourcoing,Bricolage,Boîte à outils,2,166.42
2023-11-26,Valenciennes,Mode,Veste hiver,2,1246.38
2023-11-26,Dunkerque,Bricolage,Boîte à outils,3,249.63
2023-11-26,Roubaix,Électroménager,Micro-ondes,2,906.32
2023-11-26,Roubaix,Bricolage,Échelle alu,3,1064.01
2023-11-26,Dunkerque,Sport,Vélo VTT,1,545.21
2023-11-26,Amiens,Maison,Lampe LED,1,134.22
2023-11-27,Amiens,Sport,Chaussures running,1,569.53
2023-11-27,Roubaix,Bricolage,Peinture 5L,1,548.1
2023-11-27,Roubaix,Sport,Ballon foot,4,400.4
2023-11-27,Amiens,Sport,Haltères 10kg,4,393.2
2023-11-27,Lille,Mode,Robe été,2,533.74
2023-11-27,En ligne,Bricolage,Tournevis set,2,1272.56
2023-11-27,Tourcoing,Maison,Set casseroles,1,636.17
2023-11-27,En ligne,Électroménager,Micro-ondes,2,906.32
2023-11-27,En ligne,Mode,T-shirt coton,1,504.67
2023-11-27,Tourcoing,Maison,Lampe LED,2,268.44
2023-11-27,Lille,Électroménager,Robot cuiseur,1,249.97
2023-11-27,En ligne,Bricolage,Tournevis set,3,1908.84
2023-11-27,Valenciennes,Sport,Chaussures running,3,1708.59
2023-11-27,Tourcoing,Mode,Robe été,4,1186.08
2023-11-27,Dunkerque,Sport,Tapis yoga,2,1316.72
2023-11-27,En ligne,Maison,Set casseroles,3,2120.55
2023-11-27,Tourcoing,Électroménager,Micro-ondes,4,1812.64
2023-11-27,Valenciennes,Électroménager,Robot cuiseur,2,499.94
2023-11-27,Tourcoing,Bricolage,Tournevis set,2,1272.56
2023-11-27,En ligne,Électroménager,Micro-ondes,4,1812.64
2023-11-28,Dunkerque,Mode,T-shirt coton,2,1009.34
2023-11-28,Dunkerque,Sport,Raquette tennis,1,706.19
2023-11-28,Dunkerque,Sport,Chaussures running,2,1139.06
2023-11-28,Roubaix,Électroménager,Aspirateur,1,152.94
2023-11-28,Roubaix,Électroménager,Réfrigérateur,3,1162.11
2023-11-28,Roubaix,Sport,Vélo VTT,3,1635.63
2023-11-28,Roubaix,Bricolage,Perceuse,2,211.32
2023-11-28,Lille,Électroménager,Réfrigérateur,4,1549.48
2023-11-28,Tourcoing,Maison,Étagère bois,1,279.59
2023-11-28,En ligne,Maison,Couette 220x240,1,224.09
2023-11-28,En ligne,Électroménager,Bouilloire,2,1452.08
2023-11-28,Tourcoing,Bricolage,Boîte à outils,2,166.42
2023-11-28,Lille,Sport,Ballon foot,4,320.32
2023-11-28,Amiens,Sport,Vélo VTT,3,1553.85
2023-11-28,Lille,Mode,T-shirt coton,2,1009.34
2023-11-29,Dunkerque,Électroménager,Réfrigérateur,1,387.37
2023-11-29,Lille,Bricolage,Boîte à outils,3,249.63
2023-11-29,Valenciennes,Bricolage,Échelle alu,1,354.67
2023-11-29,Dunkerque,Sport,Vélo VTT,1,545.21
2023-11-29,Amiens,Bricolage,Perceuse,4,422.64
2023-11-29,Lille,Mode,T-shirt coton,1,454.2
2023-11-29,Lille,Sport,Raquette tennis,4,2824.76
2023-11-29,Lille,Mode,Baskets ville,3,1243.38
2023-11-29,En ligne,Maison,Rideau occultant,2,202.42
2023-11-29,Lille,Bricolage,Échelle alu,1,319.2
2023-11-29,Amiens,Bricolage,Peinture 5L,3,1827.0
2023-11-29,Amiens,Sport,Maillot bain,4,1332.93
2023-11-29,En ligne,Maison,Étagère bois,1,223.67
2023-11-29,En ligne,Électroménager,Robot cuiseur,4,999.88
2023-11-29,En ligne,Sport,Maillot bain,1,333.23
2023-11-29,En ligne,Maison,Set casseroles,5,2827.4
2023-11-29,Roubaix,Bricolage,Échelle alu,3,957.61
2023-11-29,Amiens,Maison,Canapé 3 places,4,984.92
2023-11-30,Amiens,Bricolage,Tournevis set,2,1272.56
2023-11-30,Lille,Maison,Set casseroles,1,706.85
2023-11-30,En ligne,Sport,Haltères 10kg,1,98.3
2023-11-30,En ligne,Sport,Vélo VTT,1,545.21
2023-11-30,En ligne,Sport,Raquette tennis,2,1412.38
2023-11-30,Roubaix,Électroménager,Aspirateur,2,363.24
2023-11-30,Roubaix,Maison,Étagère bois,1,279.59
2023-11-30,Roubaix,Mode,Baskets ville,3,1381.53
2023-11-30,En ligne,Mode,Robe été,3,889.56
2023-11-30,Lille,Électroménager,Bouilloire,1,726.04
2023-12-01,En ligne,Sport,Ballon foot,8,800.8
2023-12-01,Roubaix,Électroménager,Réfrigérateur,8,2479.17
2023-12-01,Lille,Maison,Étagère bois,4,1118.36
2023-12-01,Valenciennes,Bricolage,Tournevis set,5,3181.4
2023-12-01,Valenciennes,Électroménager,Bouilloire,4,2758.95
2023-12-01,Roubaix,Maison,Set casseroles,8,5654.8
2023-12-01,Lille,Mode,Jean homme,1,272.27
2023-12-01,Tourcoing,Maison,Couette 220x240,3,672.27
2023-12-01,En ligne,Électroménager,Aspirateur,10,1911.8
2023-12-01,Lille,Sport,Raquette tennis,6,4237.14
2023-12-01,Amiens,Électroménager,Réfrigérateur,7,2711.59
2023-12-01,En ligne,Électroménager,Bouilloire,6,4356.24
2023-12-01,Roubaix,Maison,Couette 220x240,9,2016.81
2023-12-01,Amiens,Mode,Pull laine,2,1415.18
2023-12-01,Lille,Bricolage,Tournevis set,6,3817.68
2023-12-01,En ligne,Sport,Chaussures running,6,3417.18
2023-12-01,Lille,Bricolage,Perceuse,7,739.62
2023-12-01,Roubaix,Bricolage,Boîte à outils,6,499.26
2023-12-02,Lille,Bricolage,Boîte à outils,10,832.1
2023-12-02,Dunkerque,Sport,Maillot bain,5,1666.16
2023-12-02,Lille,Bricolage,Boîte à outils,2,166.42
2023-12-02,Dunkerque,Électroménager,Micro-ondes,4,1812.64
2023-12-02,Lille,Maison,Couette 220x240,4,896.36
2023-12-02,Amiens,Mode,Robe été,5,1482.6
2023-12-02,Amiens,Bricolage,Échelle alu,4,1418.68
2023-12-02,Roubaix,Sport,Vélo VTT,8,4361.68
2023-12-02,Dunkerque,Sport,Maillot bain,3,1052.31
2023-12-02,Amiens,Maison,Étagère bois,1,279.59
2023-12-02,Lille,Bricolage,Tournevis set,4,2545.12
2023-12-02,Amiens,Sport,Haltères 10kg,5,491.5
2023-12-02,Lille,Bricolage,Boîte à outils,5,416.05
2023-12-03,Lille,Sport,Ballon foot,8,800.8
2023-12-03,Dunkerque,Maison,Set casseroles,2,1413.7
2023-12-03,Amiens,Sport,Haltères 10kg,3,294.9
2023-12-03,Valenciennes,Mode,Jean homme,5,1361.35
2023-12-03,Roubaix,Mode,Baskets ville,1,460.51
2023-12-03,Tourcoing,Maison,Lampe LED,2,241.6
2023-12-03,Amiens,Électroménager,Réfrigérateur,6,2324.22
2023-12-03,En ligne,Maison,Rideau occultant,3,303.63
2023-12-03,Lille,Sport,Tapis yoga,3,1975.08
2023-12-03,En ligne,Mode,Jean homme,1,272.27
2023-12-03,Lille,Maison,Set casseroles,1,706.85
2023-12-03,Roubaix,Bricolage,Tournevis set,8,5090.24
2023-12-03,Tourcoing,Électroménager,Bouilloire,1,726.04
2023-12-03,Dunkerque,Mode,T-shirt coton,2,908.41
2023-12-04,Dunkerque,Bricolage,Échelle alu,8,2837.36
2023-12-04,Roubaix,Bricolage,Boîte à outils,3,249.63
2023-12-04,Amiens,Sport,Ballon foot,4,400.4
2023-12-04,Valenciennes,Mode,Robe été,6,1690.16
2023-12-04,Roubaix,Maison,Étagère bois,5,1397.95
2023-12-04,Dunkerque,Mode,Jean homme,6,1633.62
2023-12-04,Roubaix,Maison,Lampe LED,8,966.38
2023-12-04,Lille,Maison,Couette 220x240,2,448.18
2023-12-04,Roubaix,Maison,Couette 220x240,2,448.18
2023-12-04,Dunkerque,Bricolage,Perceuse,2,211.32
2023-12-04,Dunkerque,Maison,Canapé 3 places,2,492.46
2023-12-04,Roubaix,Sport,Raquette tennis,9,6355.71
2023-12-04,Roubaix,Mode,Baskets ville,2,921.02
2023-12-04,En ligne,Sport,Raquette tennis,6,4237.14
2023-12-04,Amiens,Maison,Étagère bois,4,1118.36
2023-12-04,Valenciennes,Bricolage,Tournevis set,7,4453.96
2023-12-05,Lille,Maison,Rideau occultant,1,96.15
2023-12-05,En ligne,Bricolage,Échelle alu,6,2128.02
2023-12-05,Amiens,Électroménager,Bouilloire,2,1452.08
2023-12-05,Roubaix,Bricolage,Tournevis set,10,6362.8
2023-12-05,En ligne,Mode,Baskets ville,7,3223.57
2023-12-05,Dunkerque,Maison,Couette 220x240,1,201.68
2023-12-05,En ligne,Maison,Étagère bois,5,1397.95
2023-12-05,Lille,Électroménager,Aspirateur,1,191.18
2023-12-05,Lille,Mode,T-shirt coton,6,3028.02
2023-12-05,Lille,Sport,Tapis yoga,5,3291.8
2023-12-05,Lille,Sport,Ballon foot,3,300.3
2023-12-05,Dunkerque,Mode,Robe été,7,2075.64
2023-12-05,Roubaix,Sport,Tapis yoga,6,3950.16
2023-12-05,Roubaix,Mode,Robe été,4,1126.78
2023-12-05,En ligne,Électroménager,Cafetière,5,1961.2
2023-12-05,Valenciennes,Bricolage,Boîte à outils,5,416.05
2023-12-05,Lille,Maison,Canapé 3 places,2,492.46
2023-12-05,En ligne,Sport,Maillot bain,2,631.39
2023-12-05,Valenciennes,Sport,Chaussures running,3,1708.59
2023-12-05,En ligne,Sport,Maillot bain,6,2104.62
2023-12-05,En ligne,Maison,Canapé 3 places,1,246.23
2023-12-06,Lille,Mode,Baskets ville,1,460.51
2023-12-06,Lille,Maison,Canapé 3 places,5,1169.59
2023-12-06,Tourcoing,Sport,Chaussures running,2,1082.11
2023-12-06,Lille,Maison,Étagère bois,6,1677.54
2023-12-06,Tourcoing,Maison,Étagère bois,2,559.18
2023-12-06,En ligne,Mode,Jean homme,7,1905.89
2023-12-06,Lille,Électroménager,Cafetière,5,1961.2
2023-12-06,Dunkerque,Maison,Étagère bois,4,1118.36
2023-12-06,Tourcoing,Maison,Lampe LED,9,1207.98
2023-12-06,En ligne,Électroménager,Aspirateur,5,955.9
2023-12-06,Lille,Mode,Jean homme,1,272.27
2023-12-06,Dunkerque,Mode,Robe été,3,889.56
2023-12-06,Tourcoing,Sport,Haltères 10kg,8,786.4
2023-12-06,En ligne,Mode,Robe été,6,1690.16
2023-12-06,Lille,Maison,Rideau occultant,8,809.68
2023-12-06,Lille,Sport,Chaussures running,5,2847.65
2023-12-06,Lille,Sport,Raquette tennis,9,6355.71
2023-12-06,Amiens,Électroménager,Bouilloire,9,6207.64
2023-12-06,Tourcoing,Électroménager,Micro-ondes,7,3172.12
2023-12-07,Valenciennes,Électroménager,Robot cuiseur,4,999.88
2023-12-07,Lille,Bricolage,Boîte à outils,9,748.89
2023-12-07,Dunkerque,Électroménager,Réfrigérateur,3,1162.11
2023-12-07,En ligne,Maison,Étagère bois,6,1677.54
2023-12-07,Tourcoing,Sport,Vélo VTT,1,545.21
2023-12-07,Tourcoing,Bricolage,Peinture 5L,2,1218.0
2023-12-07,Lille,Électroménager,Cafetière,4,1568.96
2023-12-07,Dunkerque,Électroménager,Micro-ondes,2,906.32
2023-12-07,Tourcoing,Sport,Ballon foot,5,500.5
2023-12-07,En ligne,Sport,Chaussures running,6,3417.18
2023-12-07,Amiens,Sport,Haltères 10kg,2,196.6
2023-12-08,En ligne,Sport,Raquette tennis,5,3530.95
2023-12-08,Lille,Sport,Tapis yoga,6,3950.16
2023-12-08,Lille,Sport,Chaussures running,5,2562.88
2023-12-08,Roubaix,Maison,Canapé 3 places,6,1477.38
2023-12-08,Lille,Mode,Baskets ville,2,921.02
2023-12-08,Roubaix,Bricolage,Tournevis set,3,1813.4
2023-12-08,Lille,Mode,Baskets ville,8,3684.08
2023-12-08,Roubaix,Électroménager,Robot cuiseur,6,1499.82
2023-12-08,Roubaix,Mode,Jean homme,5,1361.35
2023-12-08,Lille,Bricolage,Échelle alu,6,2021.62
2023-12-08,Lille,Maison,Couette 220x240,2,448.18
2023-12-08,Dunkerque,Bricolage,Tournevis set,4,2545.12
2023-12-08,Roubaix,Électroménager,Réfrigérateur,4,1549.48
2023-12-08,Roubaix,Maison,Étagère bois,2,447.34
2023-12-08,Dunkerque,Électroménager,Micro-ondes,1,453.16
2023-12-08,Tourcoing,Sport,Tapis yoga,2,1185.05
2023-12-08,Roubaix,Maison,Set casseroles,4,2827.4
2023-12-09,Roubaix,Bricolage,Peinture 5L,4,2436.0
2023-12-09,Tourcoing,Sport,Tapis yoga,7,4608.52
2023-12-09,Lille,Mode,T-shirt coton,4,1816.81
2023-12-09,En ligne,Mode,Robe été,4,1126.78
2023-12-09,Tourcoing,Sport,Maillot bain,3,1052.31
2023-12-09,Lille,Électroménager,Bouilloire,4,2904.16
2023-12-09,Dunkerque,Sport,Maillot bain,4,1332.93
2023-12-09,Amiens,Mode,Veste hiver,1,655.99
2023-12-09,Lille,Sport,Haltères 10kg,6,560.31
2023-12-09,Dunkerque,Maison,Rideau occultant,8,809.68
2023-12-09,Dunkerque,Maison,Canapé 3 places,8,1969.84
2023-12-09,Amiens,Électroménager,Bouilloire,1,726.04
2023-12-09,Dunkerque,Bricolage,Perceuse,9,950.94
2023-12-09,Dunkerque,Électroménager,Bouilloire,8,5808.32
2023-12-09,Valenciennes,Mode,Baskets ville,6,2763.06
2023-12-09,Roubaix,Électroménager,Aspirateur,1,191.18
2023-12-10,Lille,Bricolage,Peinture 5L,4,2192.4
2023-12-10,Tourcoing,Maison,Couette 220x240,9,2016.81
2023-12-10,Tourcoing,Mode,Veste hiver,2,1049.58
2023-12-10,Amiens,Électroménager,Bouilloire,5,3630.2
2023-12-10,En ligne,Bricolage,Échelle alu,3,1064.01
2023-12-10,Dunkerque,Électroménager,Bouilloire,7,4574.05
2023-12-10,Lille,Bricolage,Perceuse,1,105.66
2023-12-10,Dunkerque,Sport,Maillot bain,2,666.46
2023-12-10,Lille,Maison,Canapé 3 places,6,1403.51
2023-12-10,Lille,Mode,Robe été,10,2965.2
2023-12-10,Amiens,Sport,Haltères 10kg,1,98.3
2023-12-10,Roubaix,Électroménager,Micro-ondes,3,1359.48
2023-12-10,Dunkerque,Bricolage,Tournevis set,7,4453.96
2023-12-11,Valenciennes,Électroménager,Réfrigérateur,3,1104.0
2023-12-11,Lille,Électroménager,Réfrigérateur,6,2324.22
2023-12-11,Tourcoing,Mode,Veste hiver,2,1311.98
2023-12-11,Roubaix,Mode,Jean homme,5,1361.35
2023-12-11,Tourcoing,Maison,Lampe LED,10,1342.2
2023-12-11,Valenciennes,Bricolage,Peinture 5L,10,6090.0
2023-12-11,En ligne,Bricolage,Boîte à outils,3,224.67
2023-12-11,Roubaix,Mode,Pull laine,7,4953.14
2023-12-11,Roubaix,Mode,T-shirt coton,5,2523.35
2023-12-11,Lille,Maison,Set casseroles,7,4453.16
2023-12-11,Tourcoing,Sport,Chaussures running,4,2278.12
2023-12-11,Amiens,Maison,Couette 220x240,8,1792.72
2023-12-11,Roubaix,Sport,Chaussures running,2,1139.06
2023-12-11,Lille,Électroménager,Bouilloire,2,1452.08
2023-12-11,Amiens,Sport,Maillot bain,4,1403.08
2023-12-11,Valenciennes,Sport,Tapis yoga,2,1316.72
2023-12-11,Amiens,Sport,Haltères 10kg,1,98.3
2023-12-11,Lille,Mode,Jean homme,1,272.27
2023-12-11,Dunkerque,Mode,Pull laine,3,2653.47
2023-12-11,Lille,Bricolage,Tournevis set,8,4072.19
2023-12-11,Roubaix,Électroménager,Robot cuiseur,4,999.88
2023-12-11,Lille,Sport,Haltères 10kg,2,196.6
2023-12-11,Tourcoing,Bricolage,Échelle alu,9,2553.62
2023-12-12,Roubaix,Bricolage,Échelle alu,4,1134.94
2023-12-12,En ligne,Bricolage,Tournevis set,7,4453.96
2023-12-12,Tourcoing,Mode,Baskets ville,6,2763.06
2023-12-12,Amiens,Électroménager,Micro-ondes,3,1359.48
2023-12-12,Lille,Bricolage,Échelle alu,2,709.34
2023-12-12,Amiens,Électroménager,Robot cuiseur,1,224.97
2023-12-12,Valenciennes,Sport,Chaussures running,8,4556.24
2023-12-12,Tourcoing,Maison,Lampe LED,4,536.88
2023-12-12,Lille,Bricolage,Tournevis set,10,5726.52
2023-12-12,Amiens,Électroménager,Aspirateur,7,1204.43
2023-12-12,Dunkerque,Mode,Veste hiver,8,4985.52
2023-12-12,Valenciennes,Sport,Ballon foot,5,500.5
2023-12-12,En ligne,Mode,Baskets ville,8,3684.08
2023-12-12,Roubaix,Sport,Maillot bain,6,1894.16
2023-12-12,Amiens,Maison,Couette 220x240,3,672.27
2023-12-13,Lille,Sport,Vélo VTT,2,1090.42
2023-12-13,Roubaix,Sport,Vélo VTT,5,2453.45
2023-12-13,Dunkerque,Bricolage,Peinture 5L,3,1827.0
2023-12-13,Roubaix,Bricolage,Tournevis set,8,5090.24
2023-12-13,Roubaix,Bricolage,Boîte à outils,5,332.84
2023-12-13,Amiens,Mode,T-shirt coton,3,1514.01
2023-12-13,En ligne,Électroménager,Réfrigérateur,8,2944.01
2023-12-13,Valenciennes,Maison,Couette 220x240,8,1792.72
2023-12-13,Lille,Mode,Baskets ville,4,1657.84
2023-12-13,Roubaix,Maison,Lampe LED,6,805.32
2023-12-13,Tourcoing,Mode,Robe été,6,1690.16
2023-12-13,Valenciennes,Électroménager,Robot cuiseur,9,2249.73
2023-12-13,Dunkerque,Maison,Canapé 3 places,3,738.69
2023-12-13,Valenciennes,Électroménager,Aspirateur,5,955.9
2023-12-13,Amiens,Sport,Chaussures running,5,2847.65
2023-12-13,Amiens,Bricolage,Perceuse,9,950.94
2023-12-13,Dunkerque,Maison,Set casseroles,8,5654.8
2023-12-13,Tourcoing,Sport,Ballon foot,6,600.6
2023-12-13,Dunkerque,Maison,Rideau occultant,2,202.42
2023-12-13,En ligne,Maison,Lampe LED,3,382.53
2023-12-14,Valenciennes,Mode,Jean homme,4,1089.08
2023-12-14,Amiens,Maison,Set casseroles,10,6715.08
2023-12-14,Roubaix,Sport,Maillot bain,6,2104.62
2023-12-14,Lille,Sport,Ballon foot,8,720.72
2023-12-14,Valenciennes,Bricolage,Tournevis set,6,3817.68
2023-12-14,Roubaix,Mode,Robe été,2,533.74
2023-12-14,Roubaix,Mode,T-shirt coton,1,504.67
2023-12-14,Roubaix,Électroménager,Aspirateur,2,363.24
2023-12-14,Lille,Sport,Raquette tennis,7,4943.33
2023-12-14,Valenciennes,Maison,Lampe LED,3,402.66
2023-12-14,Amiens,Mode,Jean homme,7,1905.89
2023-12-14,Amiens,Mode,T-shirt coton,1,504.67
2023-12-14,Lille,Électroménager,Robot cuiseur,8,1999.76
2023-12-14,En ligne,Électroménager,Robot cuiseur,9,2249.73
2023-12-14,Valenciennes,Sport,Chaussures running,4,2278.12
2023-12-14,Dunkerque,Mode,Veste hiver,6,3935.94
2023-12-14,Amiens,Maison,Lampe LED,1,134.22
2023-12-14,Tourcoing,Électroménager,Cafetière,7,2745.68
2023-12-14,Lille,Sport,Maillot bain,3,1052.31
2023-12-14,Lille,Sport,Ballon foot,10,1001.0
2023-12-15,Lille,Maison,Lampe LED,9,1207.98
2023-12-15,Roubaix,Électroménager,Aspirateur,3,573.54
2023-12-15,Tourcoing,Mode,Robe été,7,1660.51
2023-12-15,Lille,Bricolage,Boîte à outils,4,332.84
2023-12-15,Roubaix,Électroménager,Robot cuiseur,6,1499.82
2023-12-15,Valenciennes,Bricolage,Boîte à outils,4,332.84
2023-12-15,Lille,Électroménager,Cafetière,2,784.48
2023-12-15,Lille,Mode,Veste hiver,6,3935.94
2023-12-15,Tourcoing,Mode,Pull laine,4,3537.96
2023-12-15,Valenciennes,Maison,Étagère bois,6,1677.54
2023-12-15,Dunkerque,Maison,Lampe LED,5,671.1
2023-12-15,En ligne,Électroménager,Aspirateur,10,1816.21
2023-12-15,Valenciennes,Sport,Vélo VTT,6,3271.26
2023-12-15,En ligne,Mode,Baskets ville,5,2302.55
2023-12-15,En ligne,Électroménager,Cafetière,5,1961.2
2023-12-15,Lille,Électroménager,Aspirateur,4,764.72
2023-12-15,Tourcoing,Mode,Veste hiver,2,1311.98
2023-12-15,En ligne,Bricolage,Tournevis set,3,1908.84
2023-12-15,Dunkerque,Électroménager,Réfrigérateur,1,348.63
2023-12-15,Amiens,Mode,Baskets ville,6,2763.06
2023-12-15,En ligne,Électroménager,Robot cuiseur,1,249.97
2023-12-15,Dunkerque,Bricolage,Perceuse,2,211.32
2023-12-15,Roubaix,Sport,Haltères 10kg,1,98.3
2023-12-16,Dunkerque,Mode,Jean homme,6,1633.62
2023-12-16,Amiens,Maison,Canapé 3 places,1,246.23
2023-12-16,Dunkerque,Bricolage,Perceuse,6,633.96
2023-12-16,Roubaix,Sport,Maillot bain,2,666.46
2023-12-16,Valenciennes,Maison,Canapé 3 places,5,1231.15
2023-12-16,Dunkerque,Sport,Raquette tennis,2,1271.14
2023-12-16,Lille,Bricolage,Échelle alu,4,1418.68
2023-12-16,Valenciennes,Électroménager,Cafetière,4,1568.96
2023-12-16,En ligne,Électroménager,Aspirateur,7,1338.26
2023-12-16,En ligne,Électroménager,Aspirateur,8,1529.44
2023-12-16,Tourcoing,Mode,Baskets ville,2,736.82
2023-12-16,Lille,Maison,Rideau occultant,6,607.26
2023-12-16,Lille,Bricolage,Échelle alu,3,1064.01
2023-12-16,Tourcoing,Électroménager,Réfrigérateur,3,1162.11
2023-12-16,Amiens,Mode,Veste hiver,6,3935.94
2023-12-16,Dunkerque,Bricolage,Boîte à outils,7,582.47
2023-12-16,Dunkerque,Mode,T-shirt coton,2,1009.34
2023-12-17,Lille,Bricolage,Tournevis set,9,5153.87
2023-12-17,Amiens,Électroménager,Aspirateur,4,764.72
2023-12-17,Amiens,Mode,Veste hiver,6,3148.75
2023-12-17,Roubaix,Mode,T-shirt coton,1,504.67
2023-12-17,Dunkerque,Électroménager,Cafetière,6,2353.44
2023-12-17,Roubaix,Mode,Jean homme,9,2450.43
2023-12-17,Tourcoing,Sport,Ballon foot,1,100.1
2023-12-17,Amiens,Maison,Canapé 3 places,10,2462.3
2023-12-17,Lille,Électroménager,Aspirateur,6,1147.08
2023-12-17,Lille,Maison,Lampe LED,9,1147.58
2023-12-17,Amiens,Mode,T-shirt coton,1,504.67
2023-12-18,Valenciennes,Maison,Rideau occultant,5,480.75
2023-12-18,En ligne,Sport,Raquette tennis,8,4519.62
2023-12-18,Lille,Mode,Pull laine,2,1768.98
2023-12-18,Valenciennes,Maison,Lampe LED,5,637.54
2023-12-18,Dunkerque,Bricolage,Boîte à outils,10,832.1
2023-12-18,Lille,Électroménager,Micro-ondes,10,4531.6
2023-12-18,Lille,Mode,Robe été,10,2965.2
2023-12-18,Dunkerque,Mode,Veste hiver,1,590.39
2023-12-18,En ligne,Bricolage,Échelle alu,7,2482.69
2023-12-18,Lille,Mode,Jean homme,7,1905.89
2023-12-18,Tourcoing,Bricolage,Perceuse,1,105.66
2023-12-19,Tourcoing,Maison,Couette 220x240,5,1120.45
2023-12-19,Roubaix,Mode,Veste hiver,4,2623.96
2023-12-19,Roubaix,Sport,Tapis yoga,3,1975.08
2023-12-19,Dunkerque,Maison,Étagère bois,9,2516.31
2023-12-19,Lille,Électroménager,Réfrigérateur,2,736.0
2023-12-19,Roubaix,Sport,Raquette tennis,6,4237.14
2023-12-19,Amiens,Maison,Rideau occultant,1,96.15
2023-12-19,Valenciennes,Bricolage,Peinture 5L,5,3045.0
2023-12-19,Lille,Sport,Maillot bain,4,1403.08
2023-12-19,Lille,Électroménager,Cafetière,8,3137.92
2023-12-19,Roubaix,Sport,Raquette tennis,1,635.57
2023-12-19,Lille,Maison,Canapé 3 places,2,467.84
2023-12-19,En ligne,Mode,Jean homme,8,2178.16
2023-12-19,En ligne,Mode,Veste hiver,4,2623.96
2023-12-19,Dunkerque,Bricolage,Boîte à outils,3,249.63
2023-12-19,Tourcoing,Mode,Pull laine,1,884.49
2023-12-19,En ligne,Bricolage,Perceuse,5,528.3
2023-12-19,Amiens,Mode,T-shirt coton,7,3532.69
2023-12-19,En ligne,Sport,Vélo VTT,1,545.21
2023-12-19,Dunkerque,Mode,T-shirt coton,9,4542.03
2023-12-19,Valenciennes,Sport,Ballon foot,3,300.3
2023-12-19,En ligne,Électroménager,Cafetière,2,784.48
2023-12-20,Tourcoing,Mode,Jean homme,6,1633.62
2023-12-20,Roubaix,Sport,Ballon foot,2,200.2
2023-12-20,Lille,Mode,Pull laine,2,1768.98
2023-12-20,Lille,Maison,Set casseroles,5,3534.25
2023-12-20,En ligne,Sport,Raquette tennis,10,7061.9
2023-12-20,En ligne,Électroménager,Bouilloire,10,7260.4
2023-12-20,Roubaix,Bricolage,Tournevis set,1,636.28
2023-12-21,Lille,Sport,Ballon foot,2,190.19
2023-12-21,En ligne,Mode,Robe été,6,1779.12
2023-12-21,Valenciennes,Mode,Pull laine,6,4245.55
2023-12-21,Valenciennes,Mode,T-shirt coton,5,2397.18
2023-12-21,Roubaix,Sport,Chaussures running,2,1139.06
2023-12-21,Tourcoing,Sport,Maillot bain,8,2806.16
2023-12-21,Roubaix,Électroménager,Cafetière,7,2745.68
2023-12-21,Roubaix,Sport,Vélo VTT,1,545.21
2023-12-21,Dunkerque,Électroménager,Robot cuiseur,9,2249.73
2023-12-21,Valenciennes,Maison,Canapé 3 places,8,1969.84
2023-12-21,Roubaix,Bricolage,Peinture 5L,6,3654.0
2023-12-22,En ligne,Bricolage,Échelle alu,9,3192.03
2023-12-22,Lille,Sport,Ballon foot,9,900.9
2023-12-22,Roubaix,Mode,Jean homme,1,272.27
2023-12-22,En ligne,Électroménager,Aspirateur,5,955.9
2023-12-22,Lille,Mode,Robe été,2,593.04
2023-12-22,Lille,Sport,Maillot bain,6,1894.16
2023-12-22,Roubaix,Maison,Set casseroles,7,4453.16
2023-12-22,Roubaix,Mode,Pull laine,1,884.49
2023-12-22,Dunkerque,Maison,Rideau occultant,3,303.63
2023-12-22,Valenciennes,Mode,Baskets ville,8,3684.08
2023-12-22,Lille,Sport,Haltères 10kg,7,688.1
2023-12-23,Roubaix,Bricolage,Tournevis set,2,1272.56
2023-12-23,En ligne,Bricolage,Tournevis set,1,636.28
2023-12-23,Lille,Mode,Pull laine,7,6191.43
2023-12-23,Roubaix,Mode,Pull laine,3,2653.47
2023-12-23,Lille,Maison,Set casseroles,8,5372.06
2023-12-23,Amiens,Électroménager,Cafetière,2,784.48
2023-12-23,Lille,Sport,Chaussures running,7,3986.71
2023-12-23,En ligne,Électroménager,Réfrigérateur,8,3098.96
2023-12-23,Lille,Sport,Ballon foot,3,300.3
2023-12-23,Tourcoing,Électroménager,Robot cuiseur,7,1749.79
2023-12-23,Valenciennes,Sport,Ballon foot,4,400.4
2023-12-23,Amiens,Électroménager,Robot cuiseur,2,499.94
2023-12-23,Dunkerque,Bricolage,Échelle alu,7,2482.69
2023-12-23,Tourcoing,Maison,Lampe LED,5,671.1
2023-12-23,En ligne,Maison,Rideau occultant,6,607.26
2023-12-23,Amiens,Bricolage,Boîte à outils,7,582.47
2023-12-23,Dunkerque,Mode,Pull laine,1,884.49
2023-12-24,En ligne,Maison,Lampe LED,6,805.32
2023-12-24,Dunkerque,Sport,Raquette tennis,4,2683.52
2023-12-24,Lille,Électroménager,Bouilloire,4,2904.16
2023-12-24,Amiens,Maison,Rideau occultant,10,1012.1
2023-12-24,Tourcoing,Bricolage,Peinture 5L,8,4628.4
2023-12-24,Roubaix,Sport,Raquette tennis,6,4025.28
2023-12-24,Valenciennes,Sport,Tapis yoga,8,5266.88
2023-12-24,Amiens,Sport,Tapis yoga,10,6583.6
2023-12-24,Amiens,Mode,Robe été,3,889.56
2023-12-24,Tourcoing,Mode,Jean homme,4,1089.08
2023-12-24,En ligne,Sport,Chaussures running,2,911.25
2023-12-24,Amiens,Sport,Tapis yoga,2,1316.72
2023-12-24,Valenciennes,Électroménager,Cafetière,6,2118.1
2023-12-24,Lille,Sport,Ballon foot,4,360.36
2023-12-24,Tourcoing,Sport,Maillot bain,2,701.54
2023-12-24,En ligne,Maison,Set casseroles,5,3534.25
2023-12-24,Tourcoing,Sport,Chaussures running,6,3417.18
2023-12-24,Lille,Mode,Pull laine,2,1415.18
2023-12-24,Amiens,Maison,Canapé 3 places,1,246.23
2023-12-25,En ligne,Électroménager,Cafetière,10,3922.4
2023-12-25,Lille,Sport,Ballon foot,4,400.4
2023-12-25,Dunkerque,Mode,Baskets ville,1,368.41
2023-12-25,Roubaix,Sport,Tapis yoga,3,1975.08
2023-12-25,Valenciennes,Sport,Ballon foot,7,560.56
2023-12-25,Valenciennes,Maison,Canapé 3 places,6,1477.38
2023-12-25,Dunkerque,Électroménager,Cafetière,3,1117.88
2023-12-25,En ligne,Électroménager,Robot cuiseur,6,1499.82
2023-12-25,Lille,Sport,Ballon foot,6,600.6
2023-12-25,Tourcoing,Électroménager,Bouilloire,4,2904.16
2023-12-25,Roubaix,Sport,Haltères 10kg,2,186.77
2023-12-25,Roubaix,Électroménager,Réfrigérateur,2,774.74
2023-12-25,Lille,Maison,Rideau occultant,3,303.63
2023-12-25,Amiens,Bricolage,Échelle alu,2,709.34
2023-12-25,Amiens,Sport,Vélo VTT,5,2453.45
2023-12-25,Valenciennes,Mode,Veste hiver,1,655.99
2023-12-26,Roubaix,Mode,Robe été,5,1482.6
2023-12-26,Dunkerque,Électroménager,Bouilloire,5,3630.2
2023-12-26,Lille,Mode,Veste hiver,5,3279.95
2023-12-26,Lille,Maison,Lampe LED,6,805.32
2023-12-26,Tourcoing,Mode,Veste hiver,7,4591.93
2023-12-26,Tourcoing,Mode,T-shirt coton,4,1917.75
2023-12-26,Roubaix,Sport,Chaussures running,7,3986.71
2023-12-26,Roubaix,Sport,Tapis yoga,4,2501.77
2023-12-26,Dunkerque,Mode,Jean homme,7,1905.89
2023-12-26,Dunkerque,Électroménager,Aspirateur,1,191.18
2023-12-27,En ligne,Bricolage,Peinture 5L,6,3654.0
2023-12-27,En ligne,Électroménager,Aspirateur,3,573.54
2023-12-27,Valenciennes,Électroménager,Cafetière,2,784.48
2023-12-27,Lille,Mode,Robe été,5,1482.6
2023-12-27,Dunkerque,Mode,Pull laine,7,5572.29
2023-12-27,Roubaix,Sport,Chaussures running,8,4556.24
2023-12-27,Dunkerque,Maison,Canapé 3 places,2,492.46
2023-12-27,Amiens,Bricolage,Boîte à outils,2,158.1
2023-12-27,Lille,Mode,T-shirt coton,4,1917.75
2023-12-27,En ligne,Électroménager,Réfrigérateur,5,1840.01
2023-12-27,Dunkerque,Électroménager,Robot cuiseur,3,712.41
2023-12-27,Roubaix,Sport,Tapis yoga,5,3291.8
2023-12-27,Amiens,Sport,Haltères 10kg,7,653.69
2023-12-27,Valenciennes,Électroménager,Robot cuiseur,4,999.88
2023-12-28,Tourcoing,Électroménager,Aspirateur,8,1529.44
2023-12-28,Tourcoing,Électroménager,Cafetière,7,2745.68
2023-12-28,Valenciennes,Bricolage,Perceuse,6,633.96
2023-12-28,Roubaix,Bricolage,Peinture 5L,7,4263.0
2023-12-28,Lille,Maison,Set casseroles,1,706.85
2023-12-28,Roubaix,Mode,Pull laine,2,1768.98
2023-12-28,Dunkerque,Bricolage,Boîte à outils,1,83.21
2023-12-28,Lille,Sport,Haltères 10kg,4,393.2
2023-12-28,Tourcoing,Maison,Canapé 3 places,6,1477.38
2023-12-28,Amiens,Mode,Pull laine,2,1768.98
2023-12-28,Lille,Bricolage,Peinture 5L,2,1218.0
2023-12-29,Dunkerque,Électroménager,Aspirateur,2,363.24
2023-12-29,Roubaix,Sport,Tapis yoga,2,1316.72
2023-12-29,Lille,Bricolage,Boîte à outils,2,166.42
2023-12-29,Amiens,Mode,Veste hiver,7,4591.93
2023-12-29,Amiens,Bricolage,Tournevis set,4,2417.86
2023-12-29,Lille,Maison,Set casseroles,6,4029.04
2023-12-29,Roubaix,Maison,Set casseroles,9,6361.65
2023-12-29,Amiens,Mode,Robe été,1,281.69
2023-12-29,Valenciennes,Bricolage,Échelle alu,4,1418.68
2023-12-29,Valenciennes,Bricolage,Tournevis set,4,2545.12
2023-12-29,Dunkerque,Électroménager,Réfrigérateur,9,3312.01
2023-12-29,En ligne,Bricolage,Échelle alu,6,2128.02
2023-12-29,Lille,Électroménager,Micro-ondes,4,1812.64
2023-12-29,Lille,Sport,Tapis yoga,6,3950.16
2023-12-29,Lille,Électroménager,Robot cuiseur,9,2249.73
2023-12-29,Valenciennes,Sport,Vélo VTT,10,5452.1
2023-12-29,Roubaix,Mode,T-shirt coton,8,4037.36
2023-12-29,Dunkerque,Maison,Étagère bois,8,2236.72
2023-12-30,Roubaix,Maison,Set casseroles,2,1413.7
2023-12-30,Amiens,Mode,T-shirt coton,10,5046.7
2023-12-30,Lille,Maison,Canapé 3 places,7,1723.61
2023-12-30,Valenciennes,Bricolage,Peinture 5L,5,3045.0
2023-12-30,En ligne,Maison,Lampe LED,4,536.88
2023-12-30,Dunkerque,Électroménager,Robot cuiseur,4,999.88
2023-12-30,Lille,Bricolage,Tournevis set,6,3817.68
2023-12-30,Tourcoing,Électroménager,Bouilloire,2,1452.08
2023-12-30,Roubaix,Mode,Pull laine,2,1768.98
2023-12-30,Valenciennes,Électroménager,Cafetière,5,1961.2
2023-12-30,Lille,Sport,Chaussures running,4,2164.21
2023-12-30,Lille,Sport,Vélo VTT,10,5452.1
2023-12-30,Valenciennes,Électroménager,Aspirateur,6,1089.73
2023-12-30,Roubaix,Électroménager,Bouilloire,2,1379.48
2023-12-30,Roubaix,Maison,Set casseroles,6,4029.04
2023-12-31,Dunkerque,Mode,Baskets ville,6,2763.06
2023-12-31,Valenciennes,Mode,Jean homme,7,1715.3
2023-12-31,Amiens,Maison,Canapé 3 places,6,1181.9
2023-12-31,Tourcoing,Électroménager,Réfrigérateur,8,3098.96
2023-12-31,Dunkerque,Mode,Baskets ville,4,1749.94
2023-12-31,Lille,Mode,T-shirt coton,5,2523.35
2023-12-31,Tourcoing,Maison,Couette 220x240,10,2016.81
2023-12-31,Lille,Électroménager,Aspirateur,2,382.36
2023-12-31,Tourcoing,Sport,Haltères 10kg,4,393.2
2023-12-31,En ligne,Sport,Chaussures running,6,3417.18
2023-12-31,Lille,Mode,T-shirt coton,5,2018.68
2023-12-31,Roubaix,Maison,Lampe LED,4,536.88
2023-12-31,Roubaix,Sport,Maillot bain,6,2104.62
2023-12-31,Roubaix,Maison,Canapé 3 places,2,492.46
2024-01-01,Valenciennes,Maison,Set casseroles,5,3180.82
2024-01-01,Dunkerque,Bricolage,Échelle alu,2,638.41
2024-01-01,Valenciennes,Sport,Tapis yoga,3,1975.08
2024-01-01,Amiens,Électroménager,Micro-ondes,6,2718.96
2024-01-01,Valenciennes,Mode,Pull laine,5,4201.33
2024-01-01,Roubaix,Électroménager,Cafetière,7,2745.68
2024-01-01,Valenciennes,Électroménager,Réfrigérateur,5,1936.85
2024-01-01,Dunkerque,Mode,Pull laine,3,2653.47
2024-01-01,Dunkerque,Mode,Veste hiver,7,4591.93
2024-01-01,Roubaix,Bricolage,Peinture 5L,3,1735.65
2024-01-01,Tourcoing,Maison,Canapé 3 places,3,738.69
2024-01-01,Amiens,Électroménager,Robot cuiseur,2,399.95
2024-01-01,Dunkerque,Bricolage,Perceuse,4,422.64
2024-01-01,Roubaix,Électroménager,Micro-ondes,3,1291.51
2024-01-01,Lille,Électroménager,Bouilloire,6,3920.62
2024-01-01,En ligne,Électroménager,Cafetière,3,1176.72
2024-01-01,Dunkerque,Bricolage,Tournevis set,2,1272.56
2024-01-01,Dunkerque,Mode,Veste hiver,4,2623.96
2024-01-01,Roubaix,Bricolage,Perceuse,1,105.66
2024-01-01,Valenciennes,Maison,Canapé 3 places,5,1231.15
2024-01-01,Amiens,Maison,Couette 220x240,1,224.09
2024-01-01,En ligne,Électroménager,Réfrigérateur,5,1936.85
2024-01-02,Dunkerque,Sport,Chaussures running,3,1708.59
2024-01-02,Valenciennes,Mode,Baskets ville,3,1381.53
2024-01-02,Valenciennes,Électroménager,Aspirateur,5,955.9
2024-01-02,Lille,Maison,Canapé 3 places,3,738.69
2024-01-02,Tourcoing,Sport,Tapis yoga,2,1316.72
2024-01-02,Tourcoing,Sport,Haltères 10kg,2,196.6
2024-01-02,Lille,Mode,Pull laine,2,1768.98
2024-01-02,Dunkerque,Électroménager,Micro-ondes,6,2718.96
2024-01-02,Lille,Électroménager,Robot cuiseur,6,1499.82
2024-01-02,Roubaix,Électroménager,Réfrigérateur,3,1162.11
2024-01-02,En ligne,Sport,Maillot bain,7,2332.62
2024-01-02,Lille,Maison,Étagère bois,2,559.18
2024-01-02,Tourcoing,Mode,T-shirt coton,1,504.67
2024-01-02,Dunkerque,Mode,T-shirt coton,3,1514.01
2024-01-02,Lille,Sport,Ballon foot,1,100.1
2024-01-02,Tourcoing,Maison,Rideau occultant,5,506.05
2024-01-02,Dunkerque,Sport,Ballon foot,1,100.1
2024-01-02,Lille,Mode,Jean homme,2,544.54
2024-01-03,Lille,Bricolage,Boîte à outils,4,332.84
2024-01-03,Dunkerque,Bricolage,Boîte à outils,5,416.05
2024-01-03,Roubaix,Mode,T-shirt coton,2,958.87
2024-01-03,En ligne,Sport,Haltères 10kg,1,98.3
2024-01-03,Valenciennes,Sport,Maillot bain,5,1578.46
2024-01-03,Roubaix,Électroménager,Bouilloire,4,2904.16
2024-01-03,Valenciennes,Maison,Lampe LED,1,134.22
2024-01-03,Roubaix,Mode,Pull laine,4,3537.96
2024-01-03,Roubaix,Sport,Tapis yoga,5,2962.62
2024-01-03,Lille,Maison,Rideau occultant,4,404.84
2024-01-03,Roubaix,Électroménager,Cafetière,5,1961.2
2024-01-03,Dunkerque,Sport,Haltères 10kg,7,688.1
2024-01-03,Valenciennes,Bricolage,Tournevis set,5,3181.4
2024-01-04,Lille,Bricolage,Peinture 5L,1,609.0
2024-01-04,Dunkerque,Mode,T-shirt coton,3,1438.31
2024-01-04,Amiens,Maison,Couette 220x240,3,672.27
2024-01-04,Valenciennes,Sport,Raquette tennis,7,4943.33
2024-01-04,Valenciennes,Mode,T-shirt coton,2,1009.34
2024-01-04,Roubaix,Maison,Canapé 3 places,5,1231.15
2024-01-04,Valenciennes,Sport,Vélo VTT,1,545.21
2024-01-04,Tourcoing,Électroménager,Micro-ondes,7,3172.12
2024-01-04,En ligne,Électroménager,Robot cuiseur,5,1249.85
2024-01-04,Amiens,Mode,Pull laine,1,884.49
2024-01-05,Dunkerque,Mode,Veste hiver,2,1246.38
2024-01-05,Dunkerque,Maison,Rideau occultant,7,708.47
2024-01-05,Tourcoing,Sport,Vélo VTT,5,2726.05
2024-01-05,Lille,Électroménager,Cafetière,1,392.24
2024-01-05,Roubaix,Bricolage,Boîte à outils,6,499.26
2024-01-05,Roubaix,Sport,Raquette tennis,5,3530.95
2024-01-05,Roubaix,Mode,Baskets ville,3,1381.53
2024-01-05,Lille,Sport,Vélo VTT,4,2180.84
2024-01-05,Amiens,Électroménager,Bouilloire,3,2069.21
2024-01-05,En ligne,Sport,Tapis yoga,3,1975.08
2024-01-05,Roubaix,Maison,Set casseroles,5,3357.54
2024-01-05,Amiens,Sport,Raquette tennis,7,4696.16
2024-01-05,Valenciennes,Sport,Maillot bain,5,1753.85
2024-01-05,Amiens,Sport,Ballon foot,1,100.1
2024-01-05,Amiens,Mode,Baskets ville,5,2302.55
2024-01-05,Roubaix,Mode,Pull laine,4,3184.16
2024-01-05,Dunkerque,Bricolage,Perceuse,5,528.3
2024-01-05,Lille,Bricolage,Perceuse,4,422.64
2024-01-05,En ligne,Mode,Baskets ville,4,1842.04
2024-01-05,Tourcoing,Maison,Lampe LED,1,134.22
2024-01-05,Amiens,Mode,Robe été,3,889.56
2024-01-05,Amiens,Sport,Vélo VTT,3,1635.63
2024-01-05,Lille,Électroménager,Micro-ondes,8,3625.28
2024-01-05,Valenciennes,Maison,Set casseroles,6,4241.1
2024-01-06,Roubaix,Sport,Raquette tennis,3,2118.57
2024-01-06,Lille,Électroménager,Micro-ondes,2,906.32
2024-01-06,En ligne,Électroménager,Réfrigérateur,3,1104.0
2024-01-06,Tourcoing,Sport,Maillot bain,2,701.54
2024-01-06,Amiens,Sport,Maillot bain,4,1403.08
2024-01-06,Lille,Sport,Haltères 10kg,4,393.2
2024-01-06,Valenciennes,Électroménager,Bouilloire,6,4356.24
2024-01-06,Tourcoing,Sport,Ballon foot,2,200.2
2024-01-06,Dunkerque,Électroménager,Bouilloire,3,2069.21
2024-01-06,Dunkerque,Maison,Couette 220x240,4,896.36
2024-01-06,Amiens,Maison,Étagère bois,2,531.22
2024-01-06,En ligne,Bricolage,Peinture 5L,5,2740.5
2024-01-06,Amiens,Sport,Tapis yoga,7,4608.52
2024-01-06,En ligne,Électroménager,Micro-ondes,6,2583.01
2024-01-06,Amiens,Sport,Vélo VTT,2,1090.42
2024-01-06,Tourcoing,Mode,T-shirt coton,5,2523.35
2024-01-06,Valenciennes,Bricolage,Peinture 5L,8,4872.0
2024-01-06,Lille,Électroménager,Bouilloire,1,726.04
2024-01-06,Dunkerque,Maison,Étagère bois,3,838.77
2024-01-06,En ligne,Mode,Veste hiver,2,1246.38
2024-01-06,Lille,Bricolage,Boîte à outils,2,166.42
2024-01-06,En ligne,Sport,Chaussures running,1,455.62
2024-01-06,En ligne,Maison,Couette 220x240,6,1277.31
2024-01-07,Valenciennes,Électroménager,Robot cuiseur,1,249.97
2024-01-07,Amiens,Bricolage,Boîte à outils,2,166.42
2024-01-07,Lille,Électroménager,Robot cuiseur,3,749.91
2024-01-07,Roubaix,Mode,Baskets ville,1,460.51
2024-01-07,Amiens,Maison,Couette 220x240,4,851.54
2024-01-07,Roubaix,Sport,Chaussures running,5,2705.27
2024-01-07,Amiens,Électroménager,Cafetière,4,1568.96
2024-01-07,Dunkerque,Sport,Tapis yoga,2,1316.72
2024-01-07,Roubaix,Mode,Jean homme,1,272.27
2024-01-07,Tourcoing,Maison,Canapé 3 places,1,246.23
2024-01-07,En ligne,Bricolage,Tournevis set,4,2545.12
2024-01-07,Amiens,Maison,Couette 220x240,4,896.36
2024-01-07,Tourcoing,Sport,Haltères 10kg,5,491.5
2024-01-07,Dunkerque,Électroménager,Aspirateur,8,1529.44
2024-01-07,Lille,Maison,Lampe LED,3,402.66
2024-01-07,Dunkerque,Mode,T-shirt coton,5,2271.02
2024-01-07,Lille,Maison,Lampe LED,3,402.66
2024-01-07,Dunkerque,Électroménager,Cafetière,2,784.48
2024-01-08,Dunkerque,Électroménager,Micro-ondes,6,2175.17
2024-01-08,En ligne,Maison,Lampe LED,3,402.66
2024-01-08,En ligne,Maison,Canapé 3 places,2,492.46
2024-01-08,Amiens,Sport,Haltères 10kg,5,491.5
2024-01-08,En ligne,Sport,Raquette tennis,4,2824.76
2024-01-08,Roubaix,Sport,Haltères 10kg,2,176.94
2024-01-08,Lille,Mode,Baskets ville,5,2302.55
2024-01-08,Roubaix,Sport,Haltères 10kg,3,294.9
2024-01-08,Roubaix,Bricolage,Boîte à outils,2,166.42
2024-01-08,En ligne,Électroménager,Robot cuiseur,1,249.97
2024-01-08,Tourcoing,Bricolage,Perceuse,5,528.3
2024-01-08,En ligne,Mode,Baskets ville,6,2486.75
2024-01-08,En ligne,Sport,Vélo VTT,3,1635.63
2024-01-08,Roubaix,Sport,Vélo VTT,5,2453.45
2024-01-08,Roubaix,Maison,Lampe LED,4,510.04
2024-01-08,Tourcoing,Maison,Étagère bois,3,796.83
2024-01-08,Tourcoing,Maison,Lampe LED,5,671.1
2024-01-08,Dunkerque,Électroménager,Aspirateur,6,1147.08
2024-01-08,Tourcoing,Mode,Jean homme,6,1633.62
2024-01-09,Roubaix,Mode,Baskets ville,6,2486.75
2024-01-09,Lille,Sport,Haltères 10kg,1,98.3
2024-01-09,Tourcoing,Électroménager,Micro-ondes,7,3172.12
2024-01-09,Lille,Mode,Jean homme,3,735.13
2024-01-09,En ligne,Mode,Veste hiver,3,1967.97
2024-01-09,Lille,Sport,Tapis yoga,1,658.36
2024-01-09,Lille,Électroménager,Réfrigérateur,3,1162.11
2024-01-09,Dunkerque,Bricolage,Tournevis set,2,1272.56
2024-01-09,Roubaix,Sport,Vélo VTT,4,2180.84
2024-01-09,Roubaix,Sport,Tapis yoga,3,1876.33
2024-01-09,Dunkerque,Sport,Raquette tennis,5,3530.95
2024-01-09,Tourcoing,Sport,Chaussures running,6,3417.18
2024-01-09,Dunkerque,Électroménager,Réfrigérateur,4,1549.48
2024-01-09,En ligne,Électroménager,Réfrigérateur,2,697.27
2024-01-09,En ligne,Maison,Couette 220x240,6,1277.31
2024-01-09,Lille,Sport,Maillot bain,6,2104.62
2024-01-09,Roubaix,Sport,Raquette tennis,9,6037.92
2024-01-09,En ligne,Électroménager,Cafetière,6,2353.44
2024-01-09,Roubaix,Électroménager,Robot cuiseur,1,237.47
2024-01-10,Roubaix,Sport,Haltères 10kg,1,98.3
2024-01-10,En ligne,Mode,Baskets ville,1,460.51
2024-01-10,Roubaix,Électroménager,Robot cuiseur,5,1249.85
2024-01-10,Amiens,Sport,Raquette tennis,3,2118.57
2024-01-10,Dunkerque,Bricolage,Peinture 5L,3,1735.65
2024-01-10,Amiens,Mode,Pull laine,5,4422.45
2024-01-10,Dunkerque,Sport,Chaussures running,3,1366.87
2024-01-10,Amiens,Bricolage,Échelle alu,7,2482.69
2024-01-10,Roubaix,Bricolage,Peinture 5L,3,1827.0
2024-01-10,Lille,Mode,Robe été,3,889.56
2024-01-10,Lille,Électroménager,Robot cuiseur,8,1999.76
2024-01-10,Lille,Électroménager,Aspirateur,1,181.62
2024-01-10,Dunkerque,Maison,Rideau occultant,2,192.3
2024-01-10,Valenciennes,Bricolage,Perceuse,4,422.64
2024-01-10,Tourcoing,Mode,Jean homme,2,544.54
2024-01-10,Amiens,Mode,T-shirt coton,4,2018.68
2024-01-11,Tourcoing,Maison,Canapé 3 places,4,984.92
2024-01-11,En ligne,Sport,Raquette tennis,4,2824.76
2024-01-11,Valenciennes,Maison,Set casseroles,3,2120.55
2024-01-11,Dunkerque,Bricolage,Perceuse,2,211.32
2024-01-11,Amiens,Bricolage,Échelle alu,2,709.34
2024-01-11,Amiens,Électroménager,Micro-ondes,7,3172.12
2024-01-11,En ligne,Bricolage,Tournevis set,2,1272.56
2024-01-11,Amiens,Bricolage,Peinture 5L,5,3045.0
2024-01-11,Lille,Électroménager,Cafetière,5,1961.2
2024-01-11,Lille,Bricolage,Boîte à outils,3,224.67
2024-01-11,Dunkerque,Maison,Couette 220x240,4,896.36
2024-01-11,En ligne,Électroménager,Robot cuiseur,5,1249.85
2024-01-11,En ligne,Sport,Vélo VTT,2,1035.9
2024-01-11,En ligne,Électroménager,Bouilloire,4,2758.95
2024-01-11,Amiens,Électroménager,Réfrigérateur,8,3098.96
2024-01-11,Roubaix,Bricolage,Peinture 5L,4,2436.0
2024-01-12,Tourcoing,Maison,Lampe LED,5,671.1
2024-01-12,Tourcoing,Sport,Maillot bain,7,2455.39
2024-01-12,Amiens,Maison,Lampe LED,1,134.22
2024-01-12,Amiens,Sport,Vélo VTT,5,2726.05
2024-01-12,Valenciennes,Sport,Vélo VTT,5,2726.05
2024-01-12,Valenciennes,Électroménager,Cafetière,3,1176.72
2024-01-12,Valenciennes,Maison,Étagère bois,3,838.77
2024-01-12,Lille,Bricolage,Peinture 5L,6,3471.3
2024-01-12,Amiens,Mode,Veste hiver,3,1967.97
2024-01-12,Amiens,Électroménager,Robot cuiseur,4,999.88
2024-01-12,Amiens,Mode,Robe été,5,1334.34
2024-01-12,Valenciennes,Mode,Pull laine,4,3537.96
2024-01-13,Valenciennes,Mode,T-shirt coton,1,454.2
2024-01-13,Lille,Mode,Robe été,2,593.04
2024-01-13,Lille,Sport,Raquette tennis,8,5649.52
2024-01-13,Tourcoing,Maison,Étagère bois,3,838.77
2024-01-13,En ligne,Mode,T-shirt coton,2,1009.34
2024-01-13,Amiens,Maison,Canapé 3 places,6,1477.38
2024-01-13,Amiens,Bricolage,Échelle alu,3,1064.01
2024-01-13,Roubaix,Mode,Jean homme,3,816.81
2024-01-13,Lille,Sport,Tapis yoga,3,1975.08
2024-01-13,Lille,Bricolage,Échelle alu,5,1773.35
2024-01-13,Lille,Électroménager,Cafetière,4,1412.06
2024-01-13,Amiens,Mode,Pull laine,1,884.49
2024-01-13,Valenciennes,Mode,Jean homme,3,816.81
2024-01-13,En ligne,Bricolage,Tournevis set,3,1908.84
2024-01-13,En ligne,Sport,Chaussures running,1,569.53
2024-01-14,Amiens,Sport,Haltères 10kg,2,196.6
2024-01-14,Roubaix,Bricolage,Peinture 5L,8,4872.0
2024-01-14,Amiens,Maison,Étagère bois,5,1397.95
2024-01-14,Tourcoing,Sport,Vélo VTT,6,3271.26
2024-01-14,Valenciennes,Maison,Rideau occultant,5,506.05
2024-01-14,Tourcoing,Mode,Baskets ville,3,1381.53
2024-01-14,Tourcoing,Électroménager,Cafetière,7,2745.68
2024-01-14,Roubaix,Maison,Lampe LED,7,939.54
2024-01-14,Valenciennes,Maison,Couette 220x240,4,896.36
2024-01-14,Valenciennes,Électroménager,Micro-ondes,5,2265.8
2024-01-14,Roubaix,Maison,Couette 220x240,5,1120.45
2024-01-14,Amiens,Électroménager,Réfrigérateur,2,774.74
2024-01-14,Tourcoing,Sport,Maillot bain,6,2104.62
2024-01-14,Dunkerque,Électroménager,Cafetière,2,784.48
2024-01-14,Roubaix,Sport,Maillot bain,6,2104.62
2024-01-14,Amiens,Mode,T-shirt coton,1,504.67
2024-01-14,Lille,Sport,Raquette tennis,8,5649.52
2024-01-14,Roubaix,Maison,Étagère bois,7,1957.13
2024-01-14,Dunkerque,Électroménager,Réfrigérateur,1,387.37
2024-01-14,Valenciennes,Maison,Couette 220x240,5,1120.45
2024-01-15,Tourcoing,Mode,T-shirt coton,7,3356.06
2024-01-15,En ligne,Maison,Étagère bois,3,754.89
2024-01-15,Tourcoing,Sport,Raquette tennis,1,706.19
2024-01-15,Lille,Mode,Robe été,6,1779.12
2024-01-15,Lille,Sport,Maillot bain,6,2104.62
2024-01-15,Amiens,Mode,T-shirt coton,1,504.67
2024-01-15,Tourcoing,Bricolage,Boîte à outils,5,416.05
2024-01-15,Dunkerque,Électroménager,Micro-ondes,1,453.16
2024-01-15,Roubaix,Maison,Lampe LED,6,805.32
2024-01-15,Lille,Électroménager,Réfrigérateur,5,1936.85
2024-01-15,Roubaix,Sport,Raquette tennis,5,3530.95
2024-01-15,Tourcoing,Sport,Tapis yoga,2,1053.38
2024-01-15,Dunkerque,Mode,Jean homme,1,272.27
2024-01-15,En ligne,Sport,Vélo VTT,5,2726.05
2024-01-15,Tourcoing,Sport,Vélo VTT,5,2726.05
2024-01-15,Lille,Bricolage,Peinture 5L,3,1827.0
2024-01-16,Amiens,Sport,Tapis yoga,2,1316.72
2024-01-16,Roubaix,Sport,Tapis yoga,2,1316.72
2024-01-16,Dunkerque,Mode,Baskets ville,4,1842.04
2024-01-16,Amiens,Maison,Étagère bois,2,559.18
2024-01-16,Lille,Bricolage,Peinture 5L,2,1218.0
2024-01-16,Tourcoing,Maison,Rideau occultant,5,455.44
2024-01-16,Roubaix,Maison,Canapé 3 places,1,246.23
2024-01-16,Dunkerque,Sport,Haltères 10kg,5,491.5
2024-01-16,Lille,Bricolage,Boîte à outils,7,553.35
2024-01-16,Tourcoing,Électroménager,Réfrigérateur,2,774.74
2024-01-16,Roubaix,Mode,Pull laine,5,4422.45
2024-01-16,Lille,Électroménager,Robot cuiseur,2,499.94
2024-01-16,Lille,Maison,Canapé 3 places,7,1723.61
2024-01-16,Roubaix,Bricolage,Tournevis set,7,4453.96
2024-01-16,Valenciennes,Maison,Set casseroles,5,3534.25
2024-01-16,Valenciennes,Mode,Veste hiver,6,3935.94
2024-01-16,Tourcoing,Mode,Robe été,6,1779.12
2024-01-16,Tourcoing,Maison,Canapé 3 places,3,738.69
2024-01-16,En ligne,Maison,Rideau occultant,4,404.84
2024-01-16,Dunkerque,Électroménager,Cafetière,8,3137.92
2024-01-16,Roubaix,Maison,Rideau occultant,2,202.42
2024-01-16,Tourcoing,Sport,Chaussures running,5,2847.65
2024-01-16,Roubaix,Bricolage,Boîte à outils,1,83.21
2024-01-17,Dunkerque,Maison,Set casseroles,4,2827.4
2024-01-17,Tourcoing,Électroménager,Cafetière,5,1961.2
2024-01-17,Dunkerque,Bricolage,Échelle alu,5,1773.35
2024-01-17,Lille,Sport,Ballon foot,5,500.5
2024-01-17,Roubaix,Électroménager,Cafetière,1,353.02
2024-01-17,Lille,Électroménager,Cafetière,5,1961.2
2024-01-17,Valenciennes,Sport,Ballon foot,6,600.6
2024-01-17,En ligne,Bricolage,Tournevis set,8,4835.73
2024-01-17,Roubaix,Électroménager,Micro-ondes,5,2265.8
2024-01-17,Amiens,Sport,Chaussures running,2,1139.06
2024-01-17,Dunkerque,Mode,Jean homme,8,2069.25
2024-01-17,Amiens,Électroménager,Bouilloire,5,3630.2
2024-01-17,Dunkerque,Sport,Chaussures running,6,3417.18
2024-01-18,Valenciennes,Sport,Haltères 10kg,5,491.5
2024-01-18,En ligne,Bricolage,Boîte à outils,7,553.35
2024-01-18,Amiens,Électroménager,Aspirateur,3,573.54
2024-01-18,Valenciennes,Mode,Baskets ville,3,1381.53
2024-01-18,Tourcoing,Sport,Vélo VTT,4,2180.84
2024-01-18,Lille,Bricolage,Boîte à outils,7,582.47
2024-01-18,Tourcoing,Électroménager,Aspirateur,5,955.9
2024-01-18,Lille,Mode,T-shirt coton,3,1514.01
2024-01-18,Lille,Maison,Lampe LED,7,892.56
2024-01-18,Tourcoing,Électroménager,Robot cuiseur,7,1749.79
2024-01-18,En ligne,Électroménager,Réfrigérateur,4,1549.48
2024-01-18,Amiens,Bricolage,Échelle alu,3,1064.01
2024-01-18,Roubaix,Maison,Set casseroles,3,2120.55
2024-01-18,Roubaix,Mode,Pull laine,4,3537.96
2024-01-19,Valenciennes,Électroménager,Cafetière,3,1176.72
2024-01-19,Dunkerque,Sport,Vélo VTT,1,545.21
2024-01-19,En ligne,Mode,Pull laine,4,3537.96
2024-01-19,Amiens,Mode,Baskets ville,5,2072.3
2024-01-19,Roubaix,Électroménager,Cafetière,2,784.48
2024-01-19,Valenciennes,Sport,Tapis yoga,7,4608.52
2024-01-19,Roubaix,Bricolage,Tournevis set,8,5090.24
2024-01-19,Amiens,Électroménager,Aspirateur,2,382.36
2024-01-19,Valenciennes,Maison,Set casseroles,3,2120.55
2024-01-19,Roubaix,Bricolage,Tournevis set,3,1908.84
2024-01-19,Dunkerque,Mode,Jean homme,2,544.54
2024-01-19,Dunkerque,Maison,Étagère bois,4,1118.36
2024-01-19,Tourcoing,Sport,Vélo VTT,5,2726.05
2024-01-19,Roubaix,Mode,Baskets ville,7,3223.57
2024-01-19,Roubaix,Sport,Maillot bain,9,2525.54
2024-01-19,Roubaix,Mode,T-shirt coton,2,1009.34
2024-01-19,Lille,Maison,Couette 220x240,1,224.09
2024-01-19,Lille,Sport,Haltères 10kg,2,176.94
2024-01-19,Roubaix,Mode,Jean homme,3,735.13
2024-01-19,Tourcoing,Mode,T-shirt coton,2,1009.34
2024-01-19,Amiens,Mode,Veste hiver,5,3279.95
2024-01-19,Lille,Maison,Set casseroles,6,4241.1
2024-01-20,Tourcoing,Mode,Robe été,3,800.6
2024-01-20,Lille,Bricolage,Perceuse,3,316.98
2024-01-20,Valenciennes,Électroménager,Aspirateur,5,955.9
2024-01-20,Valenciennes,Bricolage,Boîte à outils,5,416.05
2024-01-20,Valenciennes,Mode,Robe été,7,1971.86
2024-01-20,Lille,Électroménager,Micro-ondes,1,453.16
2024-01-20,Amiens,Bricolage,Peinture 5L,4,2436.0
2024-01-20,Tourcoing,Mode,Veste hiver,2,1311.98
2024-01-20,Valenciennes,Sport,Chaussures running,5,2847.65
2024-01-20,Tourcoing,Mode,Veste hiver,4,2623.96
2024-01-20,Dunkerque,Mode,Jean homme,5,1293.28
2024-01-20,Roubaix,Mode,Pull laine,5,3980.2
2024-01-20,Tourcoing,Maison,Set casseroles,6,3816.99
2024-01-20,Roubaix,Mode,T-shirt coton,3,1514.01
2024-01-20,Lille,Mode,Baskets ville,1,460.51
2024-01-20,Roubaix,Sport,Haltères 10kg,1,88.47
2024-01-20,Lille,Électroménager,Micro-ondes,6,2718.96
2024-01-21,Tourcoing,Sport,Maillot bain,4,1262.77
2024-01-21,Amiens,Électroménager,Robot cuiseur,9,2024.76
2024-01-21,Tourcoing,Électroménager,Aspirateur,2,363.24
2024-01-21,Tourcoing,Sport,Chaussures running,1,569.53
2024-01-21,En ligne,Maison,Lampe LED,2,268.44
2024-01-21,Lille,Bricolage,Boîte à outils,3,249.63
2024-01-21,Tourcoing,Maison,Couette 220x240,3,672.27
2024-01-21,Tourcoing,Électroménager,Robot cuiseur,2,499.94
2024-01-21,Dunkerque,Maison,Set casseroles,6,4241.1
2024-01-21,Lille,Mode,Robe été,6,1690.16
2024-01-21,Lille,Bricolage,Boîte à outils,5,416.05
2024-01-21,Valenciennes,Sport,Tapis yoga,8,5266.88
2024-01-21,Dunkerque,Mode,Jean homme,8,2178.16
2024-01-21,Lille,Bricolage,Perceuse,5,528.3
2024-01-21,Lille,Maison,Rideau occultant,6,607.26
2024-01-21,En ligne,Sport,Haltères 10kg,4,393.2
2024-01-21,Tourcoing,Mode,T-shirt coton,6,3028.02
2024-01-21,En ligne,Électroménager,Robot cuiseur,6,1499.82
2024-01-21,Roubaix,Mode,Veste hiver,2,1311.98
2024-01-21,Dunkerque,Électroménager,Micro-ondes,3,1359.48
2024-01-21,Valenciennes,Maison,Étagère bois,6,1593.66
2024-01-21,En ligne,Mode,Pull laine,3,2653.47
2024-01-21,Roubaix,Mode,Pull laine,5,4422.45
2024-01-21,En ligne,Sport,Vélo VTT,8,4361.68
2024-01-21,Roubaix,Sport,Chaussures running,4,2278.12
2024-01-21,Valenciennes,Maison,Étagère bois,2,559.18
2024-01-21,Lille,Bricolage,Perceuse,6,570.56
2024-01-21,Roubaix,Mode,Pull laine,1,884.49
2024-01-21,Tourcoing,Mode,Veste hiver,5,3115.95
2024-01-21,Dunkerque,Électroménager,Réfrigérateur,8,3098.96
2024-01-21,Lille,Maison,Lampe LED,1,134.22
2024-01-21,Lille,Électroménager,Réfrigérateur,6,2324.22
2024-01-22,Amiens,Mode,Jean homme,6,1633.62
2024-01-22,Lille,Sport,Haltères 10kg,3,265.41
2024-01-22,Valenciennes,Mode,Pull laine,2,1768.98
2024-01-22,Tourcoing,Mode,Pull laine,4,3537.96
2024-01-22,Dunkerque,Sport,Maillot bain,7,2455.39
2024-01-22,Lille,Bricolage,Tournevis set,5,3181.4
2024-01-22,En ligne,Électroménager,Bouilloire,5,3630.2
2024-01-22,Lille,Mode,Jean homme,6,1633.62
2024-01-22,Lille,Bricolage,Peinture 5L,5,3045.0
2024-01-22,Dunkerque,Mode,T-shirt coton,3,1438.31
2024-01-22,Lille,Électroménager,Réfrigérateur,2,774.74
2024-01-22,Roubaix,Mode,Jean homme,3,816.81
2024-01-22,Tourcoing,Électroménager,Robot cuiseur,5,1249.85
2024-01-22,Valenciennes,Mode,Pull laine,7,6191.43
2024-01-22,Dunkerque,Bricolage,Boîte à outils,4,332.84
2024-01-22,Roubaix,Sport,Maillot bain,7,2455.39
2024-01-22,Valenciennes,Mode,Baskets ville,3,1381.53
2024-01-22,Roubaix,Sport,Chaussures running,5,2847.65
2024-01-23,En ligne,Sport,Ballon foot,5,475.48
2024-01-23,Tourcoing,Maison,Set casseroles,2,1413.7
2024-01-23,Lille,Électroménager,Réfrigérateur,1,387.37
2024-01-23,En ligne,Maison,Rideau occultant,4,404.84
2024-01-23,Valenciennes,Sport,Ballon foot,3,270.27
2024-01-23,Lille,Sport,Raquette tennis,1,635.57
2024-01-23,Valenciennes,Bricolage,Échelle alu,6,2021.62
2024-01-23,Valenciennes,Mode,Veste hiver,2,1311.98
2024-01-23,Roubaix,Maison,Set casseroles,1,636.17
2024-01-23,En ligne,Sport,Vélo VTT,8,4361.68
2024-01-23,En ligne,Sport,Ballon foot,6,600.6
2024-01-23,Lille,Bricolage,Perceuse,8,845.28
2024-01-23,Roubaix,Sport,Tapis yoga,6,3555.14
2024-01-23,Lille,Maison,Étagère bois,1,279.59
2024-01-24,Lille,Bricolage,Échelle alu,2,709.34
2024-01-24,Dunkerque,Bricolage,Peinture 5L,2,1218.0
2024-01-24,Amiens,Bricolage,Boîte à outils,5,416.05
2024-01-24,Lille,Sport,Tapis yoga,4,2633.44
2024-01-24,Dunkerque,Électroménager,Réfrigérateur,5,1840.01
2024-01-24,Tourcoing,Maison,Couette 220x240,6,1344.54
2024-01-24,Dunkerque,Sport,Maillot bain,6,2104.62
2024-01-24,Roubaix,Électroménager,Aspirateur,8,1529.44
2024-01-24,Valenciennes,Sport,Haltères 10kg,3,294.9
2024-01-24,Dunkerque,Électroménager,Micro-ondes,1,453.16
2024-01-24,En ligne,Maison,Couette 220x240,4,896.36
2024-01-24,Lille,Électroménager,Aspirateur,2,382.36
2024-01-24,En ligne,Bricolage,Perceuse,2,211.32
2024-01-24,Tourcoing,Bricolage,Perceuse,3,316.98
2024-01-24,Valenciennes,Sport,Ballon foot,3,300.3
2024-01-25,Amiens,Électroménager,Micro-ondes,6,2718.96
2024-01-25,En ligne,Bricolage,Tournevis set,8,5090.24
2024-01-25,Roubaix,Électroménager,Aspirateur,1,191.18
2024-01-25,Roubaix,Mode,Pull laine,1,884.49
2024-01-25,Lille,Mode,Baskets ville,5,2302.55
2024-01-25,Valenciennes,Mode,Baskets ville,4,1657.84
2024-01-25,Roubaix,Mode,Veste hiver,3,1869.57
2024-01-25,Lille,Sport,Maillot bain,1,350.77
2024-01-25,En ligne,Maison,Étagère bois,1,279.59
2024-01-25,Valenciennes,Mode,Jean homme,4,1089.08
2024-01-25,Amiens,Électroménager,Aspirateur,3,573.54
2024-01-25,Roubaix,Électroménager,Cafetière,3,1176.72
2024-01-25,Amiens,Maison,Rideau occultant,5,506.05
2024-01-25,Roubaix,Sport,Raquette tennis,5,3530.95
2024-01-25,Dunkerque,Électroménager,Cafetière,6,2353.44
2024-01-25,En ligne,Électroménager,Cafetière,3,1176.72
2024-01-26,Roubaix,Sport,Vélo VTT,7,3816.47
2024-01-26,Lille,Maison,Rideau occultant,3,273.27
2024-01-26,Valenciennes,Bricolage,Peinture 5L,2,1218.0
2024-01-26,Roubaix,Électroménager,Cafetière,7,2608.4
2024-01-26,Amiens,Bricolage,Échelle alu,6,2128.02
2024-01-26,En ligne,Sport,Ballon foot,5,475.48
2024-01-26,Dunkerque,Maison,Lampe LED,2,268.44
2024-01-26,Valenciennes,Maison,Lampe LED,2,268.44
2024-01-26,Amiens,Mode,Robe été,3,889.56
2024-01-26,Dunkerque,Maison,Rideau occultant,3,303.63
2024-01-26,Lille,Électroménager,Bouilloire,1,726.04
2024-01-26,Lille,Sport,Maillot bain,3,1052.31
2024-01-27,Tourcoing,Électroménager,Bouilloire,3,2178.12
2024-01-27,Dunkerque,Électroménager,Aspirateur,4,764.72
2024-01-27,Valenciennes,Mode,Pull laine,2,1768.98
2024-01-27,Tourcoing,Bricolage,Tournevis set,1,636.28
2024-01-27,Amiens,Sport,Tapis yoga,6,3555.14
2024-01-27,Dunkerque,Mode,Robe été,3,889.56
2024-01-27,Roubaix,Bricolage,Peinture 5L,7,4263.0
2024-01-27,En ligne,Mode,Robe été,1,296.52
2024-01-27,Lille,Électroménager,Bouilloire,7,5082.28
2024-01-27,Tourcoing,Électroménager,Réfrigérateur,1,387.37
2024-01-27,Tourcoing,Bricolage,Perceuse,5,528.3
2024-01-27,En ligne,Maison,Couette 220x240,6,1344.54
2024-01-27,Tourcoing,Maison,Couette 220x240,3,638.66
2024-01-27,En ligne,Sport,Raquette tennis,2,1412.38
2024-01-27,Dunkerque,Sport,Haltères 10kg,7,688.1
2024-01-27,En ligne,Maison,Lampe LED,5,671.1
2024-01-28,Roubaix,Électroménager,Micro-ondes,7,3172.12
2024-01-28,Roubaix,Sport,Ballon foot,5,500.5
2024-01-28,Dunkerque,Maison,Lampe LED,5,671.1
2024-01-28,Tourcoing,Électroménager,Cafetière,3,1176.72
2024-01-28,En ligne,Sport,Chaussures running,1,569.53
2024-01-28,Lille,Maison,Étagère bois,4,894.69
2024-01-28,Lille,Bricolage,Boîte à outils,1,83.21
2024-01-28,Tourcoing,Bricolage,Boîte à outils,6,499.26
2024-01-28,Lille,Maison,Couette 220x240,8,1792.72
2024-01-28,Valenciennes,Mode,T-shirt coton,7,3532.69
2024-01-28,Dunkerque,Sport,Raquette tennis,3,2012.64
2024-01-28,Lille,Bricolage,Tournevis set,3,1908.84
2024-01-28,Amiens,Maison,Étagère bois,6,1677.54
2024-01-28,Lille,Maison,Set casseroles,3,2120.55
2024-01-28,Dunkerque,Mode,Pull laine,2,1768.98
2024-01-28,En ligne,Mode,T-shirt coton,5,2523.35
2024-01-28,Amiens,Électroménager,Réfrigérateur,3,1162.11
2024-01-28,Tourcoing,Sport,Tapis yoga,5,3291.8
2024-01-28,Amiens,Mode,Robe été,7,2075.64
2024-01-28,Roubaix,Sport,Raquette tennis,6,4237.14
2024-01-28,Amiens,Maison,Étagère bois,4,1118.36
2024-01-28,Valenciennes,Maison,Étagère bois,7,1957.13
2024-01-28,Lille,Électroménager,Réfrigérateur,3,1162.11
2024-01-29,Roubaix,Bricolage,Tournevis set,3,1908.84
2024-01-29,Roubaix,Maison,Set casseroles,2,1413.7
2024-01-29,Valenciennes,Électroménager,Réfrigérateur,7,2711.59
2024-01-29,Dunkerque,Mode,Veste hiver,5,3279.95
2024-01-29,Dunkerque,Bricolage,Échelle alu,2,709.34
2024-01-29,Lille,Électroménager,Cafetière,6,2118.1
2024-01-29,Lille,Électroménager,Aspirateur,3,544.86
2024-01-29,Lille,Maison,Étagère bois,3,838.77
2024-01-29,Valenciennes,Maison,Rideau occultant,8,809.68
2024-01-29,En ligne,Sport,Raquette tennis,6,4237.14
2024-01-29,Dunkerque,Électroménager,Bouilloire,5,3630.2
2024-01-29,Valenciennes,Sport,Tapis yoga,6,3950.16
2024-01-29,Amiens,Mode,Baskets ville,2,828.92
2024-01-29,Roubaix,Mode,Baskets ville,3,1381.53
2024-01-29,Roubaix,Sport,Vélo VTT,2,981.38
2024-01-29,Lille,Mode,Baskets ville,2,921.02
2024-01-29,Amiens,Bricolage,Peinture 5L,1,548.1
2024-01-29,Lille,Mode,Jean homme,5,1293.28
2024-01-29,Tourcoing,Électroménager,Micro-ondes,3,1359.48
2024-01-30,Tourcoing,Électroménager,Aspirateur,2,382.36
2024-01-30,Valenciennes,Bricolage,Peinture 5L,3,1827.0
2024-01-30,Lille,Électroménager,Aspirateur,1,191.18
2024-01-30,Roubaix,Mode,Robe été,3,889.56
2024-01-30,Dunkerque,Mode,Jean homme,1,272.27
2024-01-30,Dunkerque,Sport,Vélo VTT,3,1635.63
2024-01-30,Lille,Électroménager,Réfrigérateur,2,697.27
2024-01-30,Roubaix,Sport,Haltères 10kg,1,98.3
2024-01-30,Valenciennes,Mode,Robe été,1,296.52
2024-01-30,Dunkerque,Électroménager,Micro-ondes,4,1812.64
2024-01-30,Valenciennes,Sport,Raquette tennis,8,5649.52
2024-01-30,Dunkerque,Sport,Haltères 10kg,7,688.1
2024-01-30,Roubaix,Maison,Set casseroles,3,2120.55
2024-01-30,Dunkerque,Sport,Haltères 10kg,3,280.15
2024-01-30,Amiens,Maison,Set casseroles,3,2120.55
2024-01-31,Lille,Mode,Jean homme,4,980.17
2024-01-31,Lille,Mode,Jean homme,5,1361.35
2024-01-31,Tourcoing,Sport,Maillot bain,5,1578.46
2024-01-31,Tourcoing,Bricolage,Perceuse,5,528.3
2024-01-31,Amiens,Bricolage,Perceuse,4,422.64
2024-01-31,Lille,Maison,Couette 220x240,3,672.27
2024-01-31,Lille,Maison,Set casseroles,8,5654.8
2024-01-31,Amiens,Bricolage,Perceuse,1,105.66
2024-01-31,En ligne,Sport,Ballon foot,4,400.4
2024-01-31,Lille,Maison,Lampe LED,3,402.66
2024-02-01,Dunkerque,Sport,Ballon foot,4,400.4
2024-02-01,En ligne,Sport,Tapis yoga,2,1316.72
2024-02-01,Dunkerque,Sport,Ballon foot,4,400.4
2024-02-01,Lille,Sport,Ballon foot,3,300.3
2024-02-01,Lille,Mode,Veste hiver,2,1311.98
2024-02-01,Valenciennes,Maison,Canapé 3 places,1,246.23
2024-02-01,En ligne,Maison,Rideau occultant,2,202.42
2024-02-01,Lille,Maison,Canapé 3 places,3,738.69
2024-02-01,Roubaix,Mode,Robe été,3,889.56
2024-02-01,Dunkerque,Sport,Raquette tennis,4,2824.76
2024-02-01,Tourcoing,Bricolage,Peinture 5L,1,609.0
2024-02-01,Lille,Mode,Robe été,1,237.22
2024-02-01,Dunkerque,Sport,Haltères 10kg,1,98.3
2024-02-01,Tourcoing,Mode,Pull laine,3,2122.78
2024-02-01,Roubaix,Mode,Robe été,2,593.04
2024-02-01,Tourcoing,Maison,Rideau occultant,4,404.84
2024-02-01,Roubaix,Sport,Maillot bain,4,1332.93
2024-02-01,Lille,Sport,Maillot bain,1,350.77
2024-02-01,Dunkerque,Maison,Rideau occultant,1,101.21
2024-02-01,Lille,Maison,Canapé 3 places,1,221.61
2024-02-01,Tourcoing,Maison,Lampe LED,1,134.22
2024-02-02,Dunkerque,Mode,Baskets ville,2,921.02
2024-02-02,Amiens,Bricolage,Échelle alu,1,354.67
2024-02-02,Valenciennes,Mode,Pull laine,2,1768.98
2024-02-02,Lille,Électroménager,Réfrigérateur,2,774.74
2024-02-02,Amiens,Bricolage,Échelle alu,1,354.67
2024-02-02,Dunkerque,Mode,T-shirt coton,2,1009.34
2024-02-02,Lille,Maison,Canapé 3 places,2,492.46
2024-02-02,Valenciennes,Électroménager,Aspirateur,3,573.54
2024-02-02,Dunkerque,Sport,Haltères 10kg,2,196.6
2024-02-02,Roubaix,Mode,Baskets ville,3,1381.53
2024-02-02,Roubaix,Électroménager,Micro-ondes,2,906.32
2024-02-02,Amiens,Bricolage,Boîte à outils,1,83.21
2024-02-02,Valenciennes,Sport,Maillot bain,2,701.54
2024-02-02,Valenciennes,Sport,Raquette tennis,3,2118.57
2024-02-02,Valenciennes,Bricolage,Échelle alu,2,673.87
2024-02-02,En ligne,Électroménager,Bouilloire,1,726.04
2024-02-02,En ligne,Électroménager,Robot cuiseur,2,499.94
2024-02-03,Tourcoing,Sport,Haltères 10kg,2,196.6
2024-02-03,Amiens,Bricolage,Tournevis set,3,1908.84
2024-02-03,En ligne,Sport,Haltères 10kg,1,98.3
2024-02-03,En ligne,Mode,Veste hiver,5,3279.95
2024-02-03,Amiens,Mode,Jean homme,4,1089.08
2024-02-03,Roubaix,Sport,Ballon foot,2,180.18
2024-02-03,Lille,Bricolage,Tournevis set,1,636.28
2024-02-03,Roubaix,Maison,Étagère bois,2,559.18
2024-02-03,Valenciennes,Sport,Tapis yoga,1,658.36
2024-02-03,Lille,Électroménager,Bouilloire,2,1452.08
2024-02-03,Roubaix,Sport,Chaussures running,2,1139.06
2024-02-04,Amiens,Électroménager,Cafetière,1,392.24
2024-02-04,Valenciennes,Maison,Set casseroles,3,2120.55
2024-02-04,Roubaix,Sport,Tapis yoga,3,1777.57
2024-02-04,Lille,Sport,Chaussures running,1,569.53
2024-02-04,Amiens,Maison,Lampe LED,4,536.88
2024-02-04,Valenciennes,Maison,Rideau occultant,4,404.84
2024-02-04,Amiens,Bricolage,Tournevis set,2,1145.3
2024-02-04,Tourcoing,Mode,Veste hiver,2,1311.98
2024-02-04,Dunkerque,Sport,Haltères 10kg,1,98.3
2024-02-04,Dunkerque,Sport,Vélo VTT,5,2180.84
2024-02-04,Roubaix,Électroménager,Micro-ondes,1,453.16
2024-02-04,Roubaix,Maison,Étagère bois,3,838.77
2024-02-04,Lille,Maison,Couette 220x240,4,851.54
2024-02-05,Tourcoing,Maison,Couette 220x240,3,605.04
2024-02-05,Roubaix,Mode,Robe été,4,1186.08
2024-02-05,Amiens,Électroménager,Robot cuiseur,1,249.97
2024-02-05,Dunkerque,Sport,Haltères 10kg,5,491.5
2024-02-05,Roubaix,Mode,Veste hiver,4,2623.96
2024-02-05,Lille,Sport,Maillot bain,2,701.54
2024-02-05,En ligne,Mode,T-shirt coton,3,1514.01
2024-02-05,Lille,Mode,T-shirt coton,4,1816.81
2024-02-05,Dunkerque,Maison,Lampe LED,2,268.44
2024-02-05,Amiens,Bricolage,Peinture 5L,4,2436.0
2024-02-05,En ligne,Maison,Set casseroles,2,1413.7
2024-02-05,Lille,Maison,Rideau occultant,2,202.42
2024-02-05,Dunkerque,Sport,Maillot bain,3,1052.31
2024-02-05,En ligne,Sport,Tapis yoga,1,658.36
2024-02-05,Roubaix,Bricolage,Échelle alu,4,1418.68
2024-02-05,Amiens,Bricolage,Boîte à outils,2,166.42
2024-02-05,En ligne,Sport,Chaussures running,2,1139.06
2024-02-05,Lille,Sport,Maillot bain,5,1753.85
2024-02-05,Valenciennes,Bricolage,Tournevis set,1,572.65
2024-02-05,Amiens,Électroménager,Réfrigérateur,3,1162.11
2024-02-06,Roubaix,Mode,Veste hiver,1,655.99
2024-02-06,Lille,Sport,Raquette tennis,1,706.19
2024-02-06,Valenciennes,Mode,Baskets ville,1,460.51
2024-02-06,En ligne,Électroménager,Micro-ondes,2,906.32
2024-02-06,Amiens,Mode,Baskets ville,2,921.02
2024-02-06,Tourcoing,Électroménager,Aspirateur,4,726.48
2024-02-06,Dunkerque,Mode,T-shirt coton,1,504.67
2024-02-06,Lille,Mode,T-shirt coton,3,1514.01
2024-02-06,Lille,Électroménager,Cafetière,3,1176.72
2024-02-06,Roubaix,Sport,Ballon foot,4,320.32
2024-02-06,Lille,Mode,T-shirt coton,1,504.67
2024-02-06,En ligne,Mode,Jean homme,1,258.66
2024-02-06,Dunkerque,Bricolage,Boîte à outils,2,166.42
2024-02-06,Roubaix,Sport,Raquette tennis,2,1412.38
2024-02-06,Dunkerque,Maison,Set casseroles,2,1413.7
2024-02-06,En ligne,Mode,Jean homme,3,816.81
2024-02-06,En ligne,Mode,Robe été,4,1186.08
2024-02-06,Roubaix,Mode,Jean homme,4,1089.08
2024-02-06,Amiens,Sport,Ballon foot,4,400.4
2024-02-06,Roubaix,Mode,Veste hiver,3,1967.97
2024-02-07,Roubaix,Sport,Chaussures running,2,1139.06
2024-02-07,Amiens,Sport,Tapis yoga,3,1876.33
2024-02-07,En ligne,Bricolage,Perceuse,3,301.13
2024-02-07,Dunkerque,Bricolage,Boîte à outils,4,316.2
2024-02-07,Tourcoing,Sport,Raquette tennis,3,2118.57
2024-02-07,Amiens,Sport,Haltères 10kg,3,265.41
2024-02-07,Amiens,Électroménager,Robot cuiseur,1,249.97
2024-02-07,Lille,Bricolage,Perceuse,1,100.38
2024-02-07,Lille,Sport,Ballon foot,2,190.19
2024-02-07,Valenciennes,Bricolage,Perceuse,1,105.66
2024-02-07,Valenciennes,Électroménager,Cafetière,2,784.48
2024-02-07,En ligne,Sport,Vélo VTT,3,1635.63
2024-02-07,Dunkerque,Maison,Set casseroles,2,1413.7
2024-02-07,Valenciennes,Maison,Set casseroles,2,1413.7
2024-02-08,Roubaix,Sport,Haltères 10kg,4,393.2
2024-02-08,En ligne,Sport,Chaussures running,2,1139.06
2024-02-08,En ligne,Maison,Canapé 3 places,2,492.46
2024-02-08,Lille,Maison,Rideau occultant,3,303.63
2024-02-08,Roubaix,Bricolage,Échelle alu,1,354.67
2024-02-08,Amiens,Électroménager,Aspirateur,4,764.72
2024-02-08,En ligne,Sport,Tapis yoga,4,2633.44
2024-02-08,Roubaix,Électroménager,Cafetière,3,1176.72
2024-02-08,Amiens,Maison,Couette 220x240,3,672.27
2024-02-08,Lille,Mode,T-shirt coton,2,1009.34
2024-02-08,Dunkerque,Sport,Vélo VTT,2,1090.42
2024-02-08,Dunkerque,Sport,Maillot bain,4,1403.08
2024-02-08,Tourcoing,Mode,T-shirt coton,2,1009.34
2024-02-08,Roubaix,Sport,Haltères 10kg,3,294.9
2024-02-08,Lille,Mode,T-shirt coton,3,1514.01
2024-02-08,Amiens,Mode,Veste hiver,2,1311.98
2024-02-08,Amiens,Sport,Ballon foot,2,200.2
2024-02-08,Roubaix,Mode,Veste hiver,2,1311.98
2024-02-08,Roubaix,Mode,T-shirt coton,1,504.67
2024-02-08,Dunkerque,Bricolage,Échelle alu,2,709.34
2024-02-09,Amiens,Maison,Set casseroles,3,2120.55
2024-02-09,Dunkerque,Mode,Robe été,1,296.52
2024-02-09,Dunkerque,Sport,Maillot bain,1,350.77
2024-02-09,Lille,Maison,Rideau occultant,1,101.21
2024-02-09,Tourcoing,Maison,Set casseroles,1,706.85
2024-02-09,Dunkerque,Maison,Set casseroles,3,2120.55
2024-02-09,Amiens,Maison,Set casseroles,1,706.85
2024-02-09,En ligne,Maison,Couette 220x240,2,448.18
2024-02-09,Amiens,Maison,Étagère bois,5,1118.36
2024-02-09,Lille,Électroménager,Aspirateur,4,764.72
2024-02-09,Valenciennes,Maison,Canapé 3 places,1,246.23
2024-02-09,Amiens,Maison,Set casseroles,5,3534.25
2024-02-09,Amiens,Mode,Veste hiver,1,655.99
2024-02-09,Tourcoing,Bricolage,Échelle alu,1,336.94
2024-02-09,Valenciennes,Sport,Raquette tennis,2,1412.38
2024-02-09,Lille,Sport,Ballon foot,1,100.1
2024-02-09,Lille,Sport,Haltères 10kg,3,280.15
2024-02-09,Roubaix,Maison,Set casseroles,1,706.85
2024-02-10,Valenciennes,Bricolage,Peinture 5L,4,2436.0
2024-02-10,Dunkerque,Sport,Ballon foot,3,300.3
2024-02-10,Dunkerque,Maison,Lampe LED,3,402.66
2024-02-10,Valenciennes,Bricolage,Perceuse,1,105.66
2024-02-10,Lille,Mode,Robe été,2,593.04
2024-02-10,Lille,Électroménager,Cafetière,3,1176.72
2024-02-10,Amiens,Sport,Vélo VTT,1,545.21
2024-02-10,Dunkerque,Électroménager,Réfrigérateur,1,387.37
2024-02-10,Roubaix,Maison,Couette 220x240,1,212.89
2024-02-10,Dunkerque,Sport,Maillot bain,5,1753.85
2024-02-10,Valenciennes,Maison,Set casseroles,4,2827.4
2024-02-10,Dunkerque,Sport,Ballon foot,2,200.2
2024-02-10,En ligne,Électroménager,Robot cuiseur,1,249.97
2024-02-10,Lille,Maison,Rideau occultant,3,303.63
2024-02-10,Tourcoing,Maison,Couette 220x240,2,425.77
2024-02-10,Valenciennes,Mode,Pull laine,2,1680.53
2024-02-11,Valenciennes,Maison,Canapé 3 places,3,738.69
2024-02-11,Roubaix,Bricolage,Peinture 5L,1,609.0
2024-02-11,Roubaix,Maison,Set casseroles,1,706.85
2024-02-11,En ligne,Mode,Baskets ville,2,921.02
2024-02-11,Dunkerque,Maison,Couette 220x240,3,672.27
2024-02-11,Roubaix,Mode,Baskets ville,1,460.51
2024-02-11,Roubaix,Sport,Raquette tennis,3,2012.64
2024-02-11,Roubaix,Maison,Couette 220x240,4,896.36
2024-02-11,Tourcoing,Sport,Ballon foot,1,95.09
2024-02-11,Tourcoing,Maison,Lampe LED,2,268.44
2024-02-11,En ligne,Sport,Raquette tennis,4,2824.76
2024-02-11,Dunkerque,Électroménager,Cafetière,2,784.48
2024-02-11,Dunkerque,Maison,Étagère bois,3,838.77
2024-02-11,Tourcoing,Bricolage,Perceuse,1,95.09
2024-02-11,Roubaix,Sport,Tapis yoga,4,2633.44
2024-02-11,Dunkerque,Mode,Veste hiver,1,655.99
2024-02-12,Amiens,Sport,Tapis yoga,2,1316.72
2024-02-12,Valenciennes,Bricolage,Tournevis set,1,636.28
2024-02-12,Dunkerque,Bricolage,Perceuse,1,105.66
2024-02-12,Dunkerque,Maison,Canapé 3 places,2,492.46
2024-02-12,En ligne,Électroménager,Bouilloire,3,2178.12
2024-02-12,Roubaix,Maison,Rideau occultant,3,303.63
2024-02-12,Lille,Mode,Pull laine,3,2653.47
2024-02-12,Roubaix,Électroménager,Cafetière,3,1059.05
2024-02-12,Dunkerque,Bricolage,Échelle alu,2,638.41
2024-02-12,Valenciennes,Sport,Chaussures running,1,569.53
2024-02-12,Tourcoing,Maison,Lampe LED,3,402.66
2024-02-12,Roubaix,Bricolage,Perceuse,4,422.64
2024-02-12,Lille,Sport,Maillot bain,3,947.08
2024-02-12,Lille,Sport,Chaussures running,3,1708.59
2024-02-12,Tourcoing,Mode,Veste hiver,2,1311.98
2024-02-12,En ligne,Sport,Haltères 10kg,3,294.9
2024-02-12,Roubaix,Électroménager,Bouilloire,1,653.44
2024-02-12,Valenciennes,Sport,Raquette tennis,4,2683.52
2024-02-12,Lille,Bricolage,Échelle alu,2,638.41
2024-02-12,En ligne,Sport,Chaussures running,3,1623.16
2024-02-13,Dunkerque,Mode,Jean homme,4,1089.08
2024-02-13,Valenciennes,Maison,Étagère bois,2,559.18
2024-02-13,Valenciennes,Mode,Baskets ville,1,460.51
2024-02-13,Lille,Bricolage,Échelle alu,4,1418.68
2024-02-13,Roubaix,Mode,Veste hiver,4,2623.96
2024-02-13,Lille,Bricolage,Boîte à outils,1,83.21
2024-02-13,Dunkerque,Mode,T-shirt coton,5,2397.18
2024-02-13,Roubaix,Électroménager,Cafetière,4,1490.51
2024-02-13,Valenciennes,Sport,Ballon foot,3,300.3
2024-02-13,Dunkerque,Mode,Jean homme,1,272.27
2024-02-13,Lille,Sport,Maillot bain,1,333.23
2024-02-13,Roubaix,Sport,Maillot bain,3,999.69
2024-02-14,Tourcoing,Bricolage,Tournevis set,1,604.47
2024-02-14,Roubaix,Mode,Jean homme,3,816.81
2024-02-14,Amiens,Mode,Veste hiver,5,3279.95
2024-02-14,Lille,Sport,Raquette tennis,2,1412.38
2024-02-14,Tourcoing,Bricolage,Échelle alu,4,1276.81
2024-02-14,Amiens,Maison,Rideau occultant,3,303.63
2024-02-14,En ligne,Électroménager,Micro-ondes,2,815.69
2024-02-14,En ligne,Bricolage,Boîte à outils,4,332.84
2024-02-14,Tourcoing,Sport,Maillot bain,1,350.77
2024-02-14,Amiens,Mode,T-shirt coton,2,1009.34
2024-02-14,Lille,Électroménager,Aspirateur,4,764.72
2024-02-14,Tourcoing,Électroménager,Micro-ondes,3,1359.48
2024-02-14,Amiens,Sport,Ballon foot,1,100.1
2024-02-14,Amiens,Sport,Chaussures running,1,569.53
2024-02-15,Valenciennes,Mode,Robe été,2,563.39
2024-02-15,Lille,Sport,Haltères 10kg,1,98.3
2024-02-15,Lille,Mode,Baskets ville,3,1381.53
2024-02-15,Lille,Électroménager,Réfrigérateur,1,387.37
2024-02-15,Tourcoing,Maison,Couette 220x240,2,448.18
2024-02-15,Lille,Électroménager,Réfrigérateur,1,368.0
2024-02-15,Lille,Maison,Lampe LED,1,134.22
2024-02-15,Roubaix,Sport,Maillot bain,2,701.54
2024-02-15,Tourcoing,Bricolage,Tournevis set,2,1272.56
2024-02-15,Lille,Électroménager,Aspirateur,4,764.72
2024-02-15,Dunkerque,Sport,Maillot bain,2,701.54
2024-02-15,Dunkerque,Maison,Lampe LED,2,268.44
2024-02-15,Valenciennes,Maison,Rideau occultant,3,242.9
2024-02-15,Roubaix,Électroménager,Bouilloire,2,1379.48
2024-02-15,Dunkerque,Mode,T-shirt coton,1,504.67
2024-02-15,En ligne,Électroménager,Aspirateur,1,191.18
2024-02-15,En ligne,Sport,Raquette tennis,4,2824.76
2024-02-15,Amiens,Bricolage,Boîte à outils,1,83.21
2024-02-15,Dunkerque,Sport,Chaussures running,1,569.53
2024-02-16,Lille,Électroménager,Micro-ondes,2,861.0
2024-02-16,Roubaix,Mode,T-shirt coton,4,2018.68
2024-02-16,Dunkerque,Sport,Maillot bain,3,1052.31
2024-02-16,Lille,Bricolage,Perceuse,3,316.98
2024-02-16,Amiens,Sport,Vélo VTT,1,545.21
2024-02-16,Lille,Mode,T-shirt coton,3,1514.01
2024-02-16,Lille,Sport,Haltères 10kg,1,98.3
2024-02-16,En ligne,Bricolage,Perceuse,4,422.64
2024-02-16,Lille,Mode,Veste hiver,4,2623.96
2024-02-16,Tourcoing,Mode,Robe été,1,296.52
2024-02-16,Tourcoing,Maison,Lampe LED,5,671.1
2024-02-16,Lille,Maison,Étagère bois,1,279.59
2024-02-16,Valenciennes,Sport,Tapis yoga,3,1975.08
2024-02-16,Tourcoing,Mode,T-shirt coton,2,1009.34
2024-02-16,En ligne,Électroménager,Aspirateur,5,908.1
2024-02-16,Dunkerque,Électroménager,Bouilloire,1,689.74
2024-02-16,Dunkerque,Maison,Rideau occultant,3,303.63
2024-02-16,Tourcoing,Électroménager,Micro-ondes,2,725.06
2024-02-16,Amiens,Sport,Haltères 10kg,2,196.6
2024-02-17,Roubaix,Mode,Pull laine,1,884.49
2024-02-17,Lille,Mode,T-shirt coton,3,1514.01
2024-02-17,Amiens,Électroménager,Robot cuiseur,2,499.94
2024-02-17,Lille,Électroménager,Micro-ondes,1,453.16
2024-02-17,Dunkerque,Mode,Jean homme,4,1089.08
2024-02-17,Lille,Sport,Haltères 10kg,3,294.9
2024-02-17,Amiens,Maison,Lampe LED,2,268.44
2024-02-17,Valenciennes,Électroménager,Aspirateur,4,764.72
2024-02-17,Dunkerque,Sport,Haltères 10kg,1,98.3
2024-02-17,Tourcoing,Électroménager,Micro-ondes,1,430.5
2024-02-17,Lille,Mode,Veste hiver,2,1311.98
2024-02-17,Amiens,Mode,Baskets ville,4,1842.04
2024-02-17,Lille,Mode,Baskets ville,2,874.97
2024-02-17,Amiens,Bricolage,Échelle alu,2,638.41
2024-02-17,Amiens,Mode,Robe été,1,296.52
2024-02-18,Dunkerque,Électroménager,Bouilloire,3,2178.12
2024-02-18,Dunkerque,Bricolage,Échelle alu,3,1064.01
2024-02-18,En ligne,Bricolage,Perceuse,1,95.09
2024-02-18,Amiens,Sport,Raquette tennis,2,1412.38
2024-02-18,Dunkerque,Maison,Rideau occultant,2,202.42
2024-02-18,Tourcoing,Mode,Pull laine,3,2122.78
2024-02-18,Amiens,Bricolage,Tournevis set,2,1272.56
2024-02-18,Lille,Sport,Raquette tennis,1,635.57
2024-02-18,Lille,Maison,Rideau occultant,2,202.42
2024-02-18,Lille,Maison,Rideau occultant,1,101.21
2024-02-18,Amiens,Sport,Chaussures running,1,569.53
2024-02-18,Tourcoing,Maison,Canapé 3 places,2,492.46
2024-02-18,Lille,Bricolage,Perceuse,1,100.38
2024-02-18,Amiens,Sport,Raquette tennis,2,1412.38
2024-02-18,Valenciennes,Sport,Chaussures running,2,1139.06
2024-02-19,Amiens,Maison,Couette 220x240,1,224.09
2024-02-19,Tourcoing,Mode,Veste hiver,4,2623.96
2024-02-19,Tourcoing,Bricolage,Boîte à outils,2,166.42
2024-02-19,Lille,Mode,Baskets ville,3,1381.53
2024-02-19,Dunkerque,Sport,Tapis yoga,2,1316.72
2024-02-19,Roubaix,Mode,Pull laine,3,2388.12
2024-02-19,Lille,Sport,Vélo VTT,3,1635.63
2024-02-19,Dunkerque,Sport,Chaussures running,4,2278.12
2024-02-19,Dunkerque,Sport,Maillot bain,1,350.77
2024-02-19,Amiens,Bricolage,Tournevis set,2,1272.56
2024-02-19,Tourcoing,Sport,Tapis yoga,2,1316.72
2024-02-19,Valenciennes,Électroménager,Micro-ondes,1,453.16
2024-02-19,Lille,Bricolage,Peinture 5L,1,609.0
2024-02-19,Tourcoing,Sport,Vélo VTT,3,1635.63
2024-02-19,Roubaix,Mode,T-shirt coton,2,1009.34
2024-02-19,Amiens,Mode,Jean homme,3,735.13
2024-02-19,Lille,Maison,Couette 220x240,4,896.36
2024-02-19,Roubaix,Mode,Veste hiver,2,1311.98
2024-02-19,Lille,Bricolage,Boîte à outils,1,83.21
2024-02-19,Tourcoing,Sport,Raquette tennis,3,2118.57
2024-02-20,Tourcoing,Sport,Vélo VTT,2,1090.42
2024-02-20,Valenciennes,Mode,Baskets ville,2,736.82
2024-02-20,Roubaix,Électroménager,Robot cuiseur,1,249.97
2024-02-20,Tourcoing,Mode,Baskets ville,4,1842.04
2024-02-20,Tourcoing,Électroménager,Cafetière,2,784.48
2024-02-20,Roubaix,Sport,Tapis yoga,1,658.36
2024-02-20,Dunkerque,Sport,Tapis yoga,1,658.36
2024-02-20,Roubaix,Mode,Veste hiver,2,1311.98
2024-02-20,Valenciennes,Électroménager,Micro-ondes,3,1291.51
2024-02-20,Lille,Électroménager,Micro-ondes,4,1812.64
2024-02-20,Amiens,Sport,Ballon foot,3,300.3
2024-02-20,Tourcoing,Maison,Rideau occultant,3,273.27
2024-02-20,Lille,Électroménager,Bouilloire,3,2178.12
2024-02-20,En ligne,Électroménager,Cafetière,2,784.48
2024-02-20,Tourcoing,Électroménager,Bouilloire,4,2904.16
2024-02-21,Valenciennes,Électroménager,Aspirateur,2,382.36
2024-02-21,Lille,Électroménager,Réfrigérateur,2,774.74
2024-02-21,Lille,Maison,Lampe LED,3,402.66
2024-02-21,Dunkerque,Mode,T-shirt coton,4,2018.68
2024-02-21,Roubaix,Maison,Lampe LED,1,127.51
2024-02-21,Dunkerque,Bricolage,Échelle alu,3,1010.81
2024-02-21,Amiens,Mode,Robe été,3,889.56
2024-02-21,Dunkerque,Maison,Rideau occultant,5,480.75
2024-02-21,Lille,Maison,Étagère bois,1,251.63
2024-02-21,Dunkerque,Bricolage,Peinture 5L,2,1218.0
2024-02-21,Roubaix,Mode,Veste hiver,3,1869.57
2024-02-21,Lille,Bricolage,Boîte à outils,3,249.63
2024-02-21,Roubaix,Bricolage,Perceuse,2,211.32
2024-02-21,Dunkerque,Électroménager,Bouilloire,2,1452.08
2024-02-21,En ligne,Électroménager,Micro-ondes,3,1359.48
2024-02-21,Amiens,Sport,Tapis yoga,3,1975.08
2024-02-21,Lille,Mode,Jean homme,1,272.27
2024-02-22,Tourcoing,Sport,Maillot bain,2,701.54
2024-02-22,Roubaix,Maison,Rideau occultant,1,96.15
2024-02-22,Tourcoing,Maison,Lampe LED,3,362.39
2024-02-22,Amiens,Électroménager,Aspirateur,3,573.54
2024-02-22,Tourcoing,Sport,Haltères 10kg,1,98.3
2024-02-22,Valenciennes,Maison,Rideau occultant,1,101.21
2024-02-22,Roubaix,Sport,Haltères 10kg,3,294.9
2024-02-22,Lille,Sport,Vélo VTT,2,1090.42
2024-02-22,Amiens,Maison,Lampe LED,1,134.22
2024-02-22,En ligne,Mode,T-shirt coton,2,1009.34
2024-02-22,En ligne,Bricolage,Peinture 5L,4,2436.0
2024-02-22,Amiens,Électroménager,Micro-ondes,1,453.16
2024-02-22,Dunkerque,Maison,Rideau occultant,3,303.63
2024-02-22,Lille,Sport,Vélo VTT,1,545.21
2024-02-22,Roubaix,Sport,Raquette tennis,3,1906.71
2024-02-22,Lille,Mode,Baskets ville,2,921.02
2024-02-22,Roubaix,Mode,Jean homme,5,1361.35
2024-02-22,Dunkerque,Électroménager,Réfrigérateur,2,774.74
2024-02-23,Roubaix,Électroménager,Cafetière,3,1176.72
2024-02-23,Lille,Électroménager,Robot cuiseur,3,749.91
2024-02-23,Dunkerque,Électroménager,Bouilloire,3,2178.12
2024-02-23,Amiens,Sport,Vélo VTT,3,1635.63
2024-02-23,Valenciennes,Maison,Rideau occultant,2,161.94
2024-02-23,Roubaix,Électroménager,Cafetière,2,784.48
2024-02-23,Lille,Bricolage,Boîte à outils,2,158.1
2024-02-23,Amiens,Maison,Lampe LED,3,382.53
2024-02-23,Dunkerque,Mode,Robe été,3,889.56
2024-02-23,En ligne,Bricolage,Peinture 5L,1,609.0
2024-02-23,Roubaix,Électroménager,Réfrigérateur,3,1162.11
2024-02-23,Lille,Électroménager,Bouilloire,1,726.04
2024-02-23,Amiens,Mode,Robe été,3,889.56
2024-02-23,Dunkerque,Mode,Veste hiver,2,1246.38
2024-02-23,Dunkerque,Bricolage,Perceuse,2,211.32
2024-02-23,Roubaix,Sport,Chaussures running,1,569.53
2024-02-23,En ligne,Bricolage,Boîte à outils,1,83.21
2024-02-24,En ligne,Sport,Haltères 10kg,4,393.2
2024-02-24,Valenciennes,Électroménager,Robot cuiseur,2,499.94
2024-02-24,Roubaix,Maison,Étagère bois,5,1258.16
2024-02-24,Amiens,Sport,Maillot bain,1,350.77
2024-02-24,Dunkerque,Électroménager,Robot cuiseur,1,249.97
2024-02-24,Lille,Mode,Baskets ville,2,921.02
2024-02-24,Tourcoing,Bricolage,Peinture 5L,4,2436.0
2024-02-24,Amiens,Électroménager,Micro-ondes,4,1812.64
2024-02-24,Tourcoing,Mode,Baskets ville,2,921.02
2024-02-24,Amiens,Maison,Canapé 3 places,1,246.23
2024-02-24,Dunkerque,Sport,Raquette tennis,3,2118.57
2024-02-24,Lille,Maison,Étagère bois,1,279.59
2024-02-24,Lille,Bricolage,Échelle alu,2,709.34
2024-02-24,Lille,Mode,Baskets ville,1,460.51
2024-02-24,Roubaix,Bricolage,Boîte à outils,3,249.63
2024-02-24,Lille,Électroménager,Aspirateur,3,573.54
2024-02-24,Lille,Électroménager,Aspirateur,1,191.18
2024-02-24,Tourcoing,Bricolage,Boîte à outils,3,249.63
2024-02-24,Lille,Bricolage,Échelle alu,4,1418.68
2024-02-24,Lille,Sport,Maillot bain,2,701.54
2024-02-24,Roubaix,Électroménager,Réfrigérateur,2,774.74
2024-02-25,Valenciennes,Bricolage,Échelle alu,2,673.87
2024-02-25,Lille,Maison,Couette 220x240,3,672.27
2024-02-25,Valenciennes,Maison,Étagère bois,2,559.18
2024-02-25,Amiens,Bricolage,Boîte à outils,1,83.21
2024-02-25,Valenciennes,Sport,Raquette tennis,1,706.19
2024-02-25,Roubaix,Électroménager,Cafetière,3,1176.72
2024-02-25,Lille,Bricolage,Tournevis set,2,1272.56
2024-02-25,Amiens,Mode,Robe été,3,889.56
2024-02-25,Roubaix,Mode,T-shirt coton,2,1009.34
2024-02-25,Amiens,Électroménager,Robot cuiseur,3,749.91
2024-02-25,Dunkerque,Maison,Rideau occultant,2,202.42
2024-02-25,Roubaix,Électroménager,Bouilloire,3,2178.12
2024-02-25,Roubaix,Électroménager,Réfrigérateur,3,1162.11
2024-02-25,Dunkerque,Maison,Lampe LED,3,402.66
2024-02-25,En ligne,Électroménager,Robot cuiseur,2,499.94
2024-02-26,Amiens,Bricolage,Boîte à outils,2,166.42
2024-02-26,Tourcoing,Bricolage,Échelle alu,3,1064.01
2024-02-26,En ligne,Sport,Ballon foot,4,400.4
2024-02-26,En ligne,Sport,Raquette tennis,1,670.88
2024-02-26,Lille,Maison,Canapé 3 places,3,738.69
2024-02-26,Lille,Bricolage,Peinture 5L,2,1218.0
2024-02-26,Dunkerque,Maison,Lampe LED,4,536.88
2024-02-26,Roubaix,Bricolage,Perceuse,3,316.98
2024-02-26,Lille,Mode,Pull laine,3,2653.47
2024-02-26,Amiens,Électroménager,Robot cuiseur,1,249.97
2024-02-26,En ligne,Électroménager,Aspirateur,3,573.54
2024-02-26,Lille,Mode,Robe été,3,845.08
2024-02-26,Roubaix,Maison,Set casseroles,3,2120.55
2024-02-26,Dunkerque,Sport,Ballon foot,4,400.4
2024-02-26,Dunkerque,Bricolage,Boîte à outils,3,249.63
2024-02-26,Dunkerque,Sport,Haltères 10kg,1,93.38
2024-02-26,Dunkerque,Mode,Jean homme,3,775.97
2024-02-26,Amiens,Bricolage,Échelle alu,2,709.34
2024-02-27,En ligne,Bricolage,Tournevis set,3,1908.84
2024-02-27,En ligne,Mode,Robe été,3,889.56
2024-02-27,Valenciennes,Mode,Jean homme,1,217.82
2024-02-27,Amiens,Sport,Haltères 10kg,1,93.38
2024-02-27,Roubaix,Mode,Robe été,1,281.69
2024-02-27,Roubaix,Bricolage,Échelle alu,1,354.67
2024-02-27,Amiens,Électroménager,Aspirateur,1,191.18
2024-02-27,Dunkerque,Électroménager,Aspirateur,1,191.18
2024-02-27,Tourcoing,Mode,Baskets ville,3,1381.53
2024-02-27,Lille,Maison,Canapé 3 places,1,246.23
2024-02-27,Roubaix,Mode,Robe été,1,296.52
2024-02-27,En ligne,Sport,Maillot bain,2,701.54
2024-02-27,En ligne,Bricolage,Tournevis set,2,1272.56
2024-02-27,Lille,Électroménager,Micro-ondes,2,906.32
2024-02-27,Dunkerque,Sport,Chaussures running,2,1139.06
2024-02-27,Roubaix,Mode,Jean homme,5,1361.35
2024-02-28,Roubaix,Sport,Raquette tennis,1,706.19
2024-02-28,Dunkerque,Maison,Étagère bois,1,279.59
2024-02-28,Dunkerque,Électroménager,Micro-ondes,4,1812.64
2024-02-28,Valenciennes,Maison,Étagère bois,1,279.59
2024-02-28,Lille,Sport,Ballon foot,1,100.1
2024-02-28,En ligne,Mode,T-shirt coton,4,2018.68
2024-02-28,En ligne,Sport,Maillot bain,1,350.77
2024-02-28,Dunkerque,Bricolage,Peinture 5L,3,1827.0
2024-02-28,Lille,Sport,Vélo VTT,2,1090.42
2024-02-28,Roubaix,Mode,Pull laine,1,884.49
2024-02-28,Lille,Mode,Baskets ville,1,460.51
2024-02-28,Roubaix,Électroménager,Aspirateur,1,191.18
2024-02-28,Dunkerque,Maison,Étagère bois,2,559.18
2024-02-28,Dunkerque,Maison,Rideau occultant,2,202.42
2024-02-28,Roubaix,Sport,Raquette tennis,1,706.19
2024-02-29,Lille,Sport,Chaussures running,3,1708.59
2024-02-29,Valenciennes,Mode,Robe été,3,889.56
2024-02-29,Tourcoing,Électroménager,Aspirateur,1,191.18
2024-02-29,Roubaix,Électroménager,Cafetière,1,392.24
2024-02-29,Lille,Sport,Tapis yoga,1,658.36
2024-02-29,En ligne,Bricolage,Boîte à outils,4,332.84
2024-02-29,Amiens,Mode,T-shirt coton,3,1362.61
2024-02-29,Tourcoing,Maison,Rideau occultant,2,202.42
2024-02-29,Roubaix,Électroménager,Réfrigérateur,1,387.37
2024-02-29,Amiens,Sport,Maillot bain,2,701.54
2024-02-29,Lille,Sport,Vélo VTT,2,1090.42
2024-02-29,Lille,Maison,Set casseroles,4,2827.4
2024-02-29,Dunkerque,Électroménager,Micro-ondes,2,906.32
2024-03-01,Dunkerque,Sport,Tapis yoga,3,1975.08
2024-03-01,Dunkerque,Mode,Pull laine,4,3184.16
2024-03-01,Dunkerque,Bricolage,Perceuse,4,380.38
2024-03-01,Amiens,Bricolage,Perceuse,4,422.64
2024-03-01,Lille,Électroménager,Bouilloire,1,726.04
2024-03-01,Amiens,Mode,Veste hiver,2,1311.98
2024-03-01,Lille,Mode,Robe été,2,593.04
2024-03-01,En ligne,Bricolage,Perceuse,1,100.38
2024-03-01,Amiens,Maison,Lampe LED,1,134.22
2024-03-01,Amiens,Mode,Robe été,2,593.04
2024-03-01,Amiens,Sport,Haltères 10kg,1,98.3
2024-03-01,Lille,Sport,Chaussures running,2,1139.06
2024-03-01,Lille,Sport,Maillot bain,6,2104.62
2024-03-01,Valenciennes,Mode,Robe été,1,296.52
2024-03-01,En ligne,Maison,Rideau occultant,2,202.42
2024-03-01,Dunkerque,Bricolage,Tournevis set,3,1908.84
2024-03-01,Dunkerque,Maison,Rideau occultant,4,404.84
2024-03-01,En ligne,Sport,Chaussures running,1,569.53
2024-03-02,Lille,Électroménager,Aspirateur,1,191.18
2024-03-02,Tourcoing,Mode,Veste hiver,1,655.99
2024-03-02,En ligne,Bricolage,Peinture 5L,2,1218.0
2024-03-02,Roubaix,Mode,Baskets ville,3,1381.53
2024-03-02,Amiens,Bricolage,Perceuse,1,105.66
2024-03-02,Valenciennes,Bricolage,Échelle alu,1,354.67
2024-03-02,Tourcoing,Bricolage,Peinture 5L,3,1827.0
2024-03-02,Roubaix,Mode,Jean homme,2,544.54
2024-03-02,Roubaix,Sport,Tapis yoga,4,2106.75
2024-03-02,Roubaix,Électroménager,Réfrigérateur,2,774.74
2024-03-02,Dunkerque,Sport,Maillot bain,1,350.77
2024-03-02,En ligne,Bricolage,Perceuse,5,528.3
2024-03-02,Dunkerque,Mode,Baskets ville,2,921.02
2024-03-02,Lille,Sport,Vélo VTT,3,1635.63
2024-03-02,Roubaix,Sport,Tapis yoga,4,2633.44
2024-03-02,Amiens,Mode,Pull laine,4,3537.96
2024-03-02,Tourcoing,Sport,Haltères 10kg,1,98.3
2024-03-02,Lille,Sport,Ballon foot,1,95.09
2024-03-02,Tourcoing,Bricolage,Tournevis set,3,1908.84
2024-03-02,Roubaix,Bricolage,Peinture 5L,3,1827.0
2024-03-02,Valenciennes,Électroménager,Cafetière,2,784.48
2024-03-03,Valenciennes,Électroménager,Cafetière,1,372.63
2024-03-03,Dunkerque,Sport,Ballon foot,1,100.1
2024-03-03,Lille,Bricolage,Boîte à outils,1,83.21
2024-03-03,En ligne,Maison,Étagère bois,2,559.18
2024-03-03,Lille,Électroménager,Robot cuiseur,4,999.88
2024-03-03,Valenciennes,Bricolage,Peinture 5L,6,3288.6
2024-03-03,Lille,Bricolage,Perceuse,2,211.32
2024-03-03,Valenciennes,Maison,Rideau occultant,1,101.21
2024-03-03,Lille,Mode,Jean homme,4,1089.08
2024-03-03,Amiens,Électroménager,Robot cuiseur,1,237.47
2024-03-03,Lille,Électroménager,Cafetière,2,784.48
2024-03-03,Lille,Bricolage,Tournevis set,5,3181.4
2024-03-03,Lille,Maison,Étagère bois,1,279.59
2024-03-03,Lille,Bricolage,Tournevis set,3,1908.84
2024-03-03,Tourcoing,Sport,Chaussures running,3,1366.87
2024-03-04,Lille,Sport,Tapis yoga,3,1975.08
2024-03-04,Lille,Mode,Baskets ville,1,460.51
2024-03-04,Lille,Bricolage,Boîte à outils,4,332.84
2024-03-04,Amiens,Sport,Raquette tennis,1,564.95
2024-03-04,Roubaix,Sport,Vélo VTT,3,1635.63
2024-03-04,Amiens,Sport,Haltères 10kg,4,393.2
2024-03-04,En ligne,Bricolage,Perceuse,4,422.64
2024-03-04,En ligne,Électroménager,Réfrigérateur,4,1394.53
2024-03-04,Amiens,Électroménager,Robot cuiseur,1,249.97
2024-03-04,Valenciennes,Maison,Set casseroles,2,1413.7
2024-03-04,Amiens,Sport,Chaussures running,3,1708.59
2024-03-04,Lille,Maison,Couette 220x240,2,448.18
2024-03-04,Tourcoing,Électroménager,Cafetière,1,353.02
2024-03-04,Roubaix,Mode,Pull laine,2,1768.98
2024-03-04,Dunkerque,Électroménager,Robot cuiseur,6,1499.82
2024-03-04,Valenciennes,Mode,Pull laine,3,2653.47
2024-03-04,Dunkerque,Sport,Chaussures running,3,1708.59
2024-03-05,Amiens,Bricolage,Perceuse,3,316.98
2024-03-05,Dunkerque,Électroménager,Aspirateur,4,764.72
2024-03-05,Dunkerque,Maison,Canapé 3 places,1,246.23
2024-03-05,Dunkerque,Maison,Couette 220x240,2,448.18
2024-03-05,Valenciennes,Mode,Veste hiver,3,1967.97
2024-03-05,Roubaix,Maison,Rideau occultant,2,202.42
2024-03-05,Lille,Maison,Couette 220x240,3,672.27
2024-03-05,En ligne,Sport,Haltères 10kg,3,294.9
2024-03-05,Dunkerque,Maison,Lampe LED,4,536.88
2024-03-05,Roubaix,Sport,Ballon foot,1,100.1
2024-03-05,Valenciennes,Électroménager,Aspirateur,2,382.36
2024-03-05,Amiens,Bricolage,Échelle alu,1,354.67
2024-03-05,En ligne,Maison,Étagère bois,5,1397.95
2024-03-05,Valenciennes,Sport,Haltères 10kg,2,196.6
2024-03-05,Lille,Sport,Chaussures running,4,2050.31
2024-03-05,En ligne,Sport,Raquette tennis,2,1412.38
2024-03-05,En ligne,Mode,Pull laine,2,1768.98
2024-03-05,En ligne,Électroménager,Micro-ondes,3,1359.48
2024-03-06,Amiens,Maison,Set casseroles,2,1413.7
2024-03-06,Tourcoing,Bricolage,Échelle alu,1,354.67
2024-03-06,Dunkerque,Mode,Baskets ville,4,1749.94
2024-03-06,Amiens,Sport,Tapis yoga,1,625.44
2024-03-06,Lille,Maison,Lampe LED,4,536.88
2024-03-06,Dunkerque,Bricolage,Peinture 5L,1,609.0
2024-03-06,Lille,Bricolage,Perceuse,3,316.98
2024-03-06,Amiens,Maison,Set casseroles,1,706.85
2024-03-06,En ligne,Mode,T-shirt coton,1,504.67
2024-03-06,Lille,Électroménager,Robot cuiseur,5,999.88
2024-03-06,Amiens,Bricolage,Tournevis set,1,636.28
2024-03-06,Dunkerque,Électroménager,Bouilloire,1,726.04
2024-03-06,Lille,Sport,Tapis yoga,2,1316.72
2024-03-06,Valenciennes,Électroménager,Bouilloire,1,689.74
2024-03-06,Lille,Électroménager,Bouilloire,4,2904.16
2024-03-06,Tourcoing,Sport,Tapis yoga,3,1975.08
2024-03-06,Lille,Maison,Lampe LED,3,402.66
2024-03-07,Tourcoing,Électroménager,Bouilloire,6,4356.24
2024-03-07,Lille,Maison,Lampe LED,1,134.22
2024-03-07,Lille,Sport,Raquette tennis,3,2118.57
2024-03-07,Lille,Maison,Couette 220x240,3,638.66
2024-03-07,Lille,Mode,Pull laine,5,4422.45
2024-03-07,Tourcoing,Mode,Veste hiver,2,1311.98
2024-03-07,Roubaix,Électroménager,Cafetière,4,1568.96
2024-03-07,Lille,Bricolage,Échelle alu,1,354.67
2024-03-07,Dunkerque,Électroménager,Micro-ondes,2,906.32
2024-03-07,Dunkerque,Maison,Étagère bois,1,279.59
2024-03-07,Dunkerque,Électroménager,Cafetière,2,784.48
2024-03-07,Roubaix,Maison,Set casseroles,1,706.85
2024-03-07,En ligne,Sport,Raquette tennis,2,1412.38
2024-03-07,En ligne,Électroménager,Bouilloire,3,2178.12
2024-03-07,Lille,Sport,Vélo VTT,3,1635.63
2024-03-07,En ligne,Maison,Couette 220x240,1,224.09
2024-03-07,Lille,Mode,Veste hiver,2,1311.98
2024-03-07,Lille,Mode,Robe été,5,1334.34
2024-03-07,Lille,Électroménager,Micro-ondes,2,906.32
2024-03-07,En ligne,Bricolage,Tournevis set,1,604.47
2024-03-08,Dunkerque,Électroménager,Cafetière,2,784.48
2024-03-08,Dunkerque,Mode,Jean homme,2,435.63
2024-03-08,Lille,Sport,Ballon foot,1,100.1
2024-03-08,Lille,Maison,Rideau occultant,2,202.42
2024-03-08,Tourcoing,Mode,Jean homme,2,544.54
2024-03-08,Dunkerque,Maison,Lampe LED,1,127.51
2024-03-08,Valenciennes,Maison,Rideau occultant,3,273.27
2024-03-08,Tourcoing,Bricolage,Perceuse,3,301.13
2024-03-08,Lille,Sport,Raquette tennis,3,2012.64
2024-03-08,Amiens,Maison,Couette 220x240,4,806.72
2024-03-09,Valenciennes,Maison,Couette 220x240,1,224.09
2024-03-09,Dunkerque,Sport,Ballon foot,3,300.3
2024-03-09,Dunkerque,Électroménager,Réfrigérateur,2,774.74
2024-03-09,En ligne,Sport,Maillot bain,3,1052.31
2024-03-09,Valenciennes,Électroménager,Réfrigérateur,4,1549.48
2024-03-09,Lille,Mode,Robe été,4,1186.08
2024-03-09,Roubaix,Maison,Lampe LED,3,402.66
2024-03-09,Lille,Mode,Jean homme,2,544.54
2024-03-09,Lille,Maison,Set casseroles,1,706.85
2024-03-09,Roubaix,Sport,Ballon foot,3,285.28
2024-03-09,Valenciennes,Bricolage,Boîte à outils,3,249.63
2024-03-09,Lille,Sport,Maillot bain,4,1403.08
2024-03-09,Dunkerque,Sport,Tapis yoga,4,2633.44
2024-03-09,Lille,Électroménager,Bouilloire,1,726.04
2024-03-09,En ligne,Maison,Rideau occultant,3,303.63
2024-03-09,Dunkerque,Sport,Raquette tennis,3,2118.57
2024-03-09,En ligne,Maison,Canapé 3 places,3,738.69
2024-03-10,Valenciennes,Électroménager,Réfrigérateur,3,1162.11
2024-03-10,Tourcoing,Mode,Robe été,4,1126.78
2024-03-10,Dunkerque,Maison,Lampe LED,2,268.44
2024-03-10,En ligne,Mode,Veste hiver,4,2623.96
2024-03-10,Amiens,Bricolage,Perceuse,2,190.19
2024-03-10,Tourcoing,Électroménager,Cafetière,1,392.24
2024-03-10,Amiens,Sport,Chaussures running,4,2278.12
2024-03-10,Lille,Sport,Vélo VTT,2,1090.42
2024-03-10,Tourcoing,Sport,Haltères 10kg,3,294.9
2024-03-10,En ligne,Mode,Robe été,3,889.56
2024-03-10,Amiens,Mode,Pull laine,1,884.49
2024-03-10,En ligne,Bricolage,Échelle alu,3,1010.81
2024-03-10,Lille,Électroménager,Robot cuiseur,2,499.94
2024-03-10,Lille,Électroménager,Aspirateur,3,458.83
2024-03-10,Tourcoing,Électroménager,Réfrigérateur,2,774.74
2024-03-10,Dunkerque,Maison,Set casseroles,1,706.85
2024-03-10,Valenciennes,Maison,Couette 220x240,4,896.36
2024-03-10,Tourcoing,Sport,Chaussures running,4,2050.31
2024-03-10,Dunkerque,Maison,Couette 220x240,1,201.68
2024-03-10,Lille,Maison,Étagère bois,2,559.18
2024-03-10,Lille,Électroménager,Bouilloire,4,2613.74
2024-03-10,Tourcoing,Électroménager,Bouilloire,2,1306.87
2024-03-10,Tourcoing,Sport,Raquette tennis,5,3530.95
2024-03-10,Valenciennes,Bricolage,Tournevis set,2,1272.56
2024-03-10,Dunkerque,Maison,Lampe LED,2,268.44
2024-03-11,Valenciennes,Sport,Maillot bain,2,701.54
2024-03-11,Lille,Sport,Chaussures running,5,2847.65
2024-03-11,Roubaix,Bricolage,Peinture 5L,4,2192.4
2024-03-11,Dunkerque,Maison,Set casseroles,1,636.17
2024-03-11,Roubaix,Bricolage,Boîte à outils,1,83.21
2024-03-11,Tourcoing,Bricolage,Échelle alu,2,673.87
2024-03-11,Dunkerque,Maison,Lampe LED,1,120.8
2024-03-11,Dunkerque,Électroménager,Robot cuiseur,1,249.97
2024-03-11,Valenciennes,Maison,Set casseroles,1,671.51
2024-03-11,Roubaix,Sport,Maillot bain,5,1753.85
2024-03-11,Lille,Électroménager,Réfrigérateur,2,774.74
2024-03-11,Dunkerque,Bricolage,Perceuse,4,422.64
2024-03-12,Dunkerque,Maison,Rideau occultant,1,101.21
2024-03-12,En ligne,Mode,T-shirt coton,4,2018.68
2024-03-12,Lille,Électroménager,Aspirateur,2,382.36
2024-03-12,Tourcoing,Sport,Ballon foot,4,400.4
2024-03-12,Roubaix,Mode,Pull laine,5,4422.45
2024-03-12,Roubaix,Bricolage,Peinture 5L,4,2436.0
2024-03-12,Amiens,Mode,Pull laine,1,884.49
2024-03-12,Amiens,Sport,Raquette tennis,5,3530.95
2024-03-12,Roubaix,Mode,Pull laine,2,1768.98
2024-03-12,En ligne,Mode,Baskets ville,5,2187.42
2024-03-12,Dunkerque,Bricolage,Perceuse,1,105.66
2024-03-12,Valenciennes,Maison,Lampe LED,4,536.88
2024-03-12,Dunkerque,Bricolage,Perceuse,4,422.64
2024-03-12,Roubaix,Bricolage,Tournevis set,3,1908.84
2024-03-12,Roubaix,Bricolage,Peinture 5L,2,1218.0
2024-03-12,Amiens,Électroménager,Bouilloire,4,2904.16
2024-03-12,Roubaix,Mode,Jean homme,2,517.31
2024-03-12,Dunkerque,Sport,Raquette tennis,3,2118.57
2024-03-12,Tourcoing,Bricolage,Échelle alu,1,354.67
2024-03-12,Dunkerque,Bricolage,Échelle alu,3,1064.01
2024-03-13,Roubaix,Électroménager,Micro-ondes,3,1359.48
2024-03-13,Lille,Maison,Couette 220x240,5,1120.45
2024-03-13,En ligne,Mode,T-shirt coton,3,1514.01
2024-03-13,Dunkerque,Sport,Chaussures running,3,1708.59
2024-03-13,Roubaix,Bricolage,Perceuse,2,211.32
2024-03-13,Lille,Électroménager,Aspirateur,2,382.36
2024-03-13,Dunkerque,Électroménager,Robot cuiseur,4,999.88
2024-03-13,En ligne,Sport,Maillot bain,2,701.54
2024-03-13,Lille,Maison,Rideau occultant,1,101.21
2024-03-13,En ligne,Sport,Maillot bain,3,1052.31
2024-03-13,Valenciennes,Bricolage,Perceuse,4,422.64
2024-03-13,Lille,Maison,Couette 220x240,2,448.18
2024-03-13,Lille,Électroménager,Robot cuiseur,3,749.91
2024-03-13,Dunkerque,Maison,Rideau occultant,1,101.21
2024-03-13,Tourcoing,Mode,Pull laine,4,3537.96
2024-03-13,Dunkerque,Bricolage,Perceuse,3,316.98
2024-03-13,Amiens,Sport,Chaussures running,5,2847.65
2024-03-13,Valenciennes,Mode,Robe été,2,593.04
2024-03-14,Lille,Sport,Chaussures running,2,1082.11
2024-03-14,Valenciennes,Bricolage,Tournevis set,4,2545.12
2024-03-14,Lille,Sport,Vélo VTT,3,1472.07
2024-03-14,Dunkerque,Sport,Haltères 10kg,3,294.9
2024-03-14,Lille,Sport,Ballon foot,1,100.1
2024-03-14,Lille,Mode,Pull laine,3,2653.47
2024-03-14,En ligne,Maison,Lampe LED,1,134.22
2024-03-14,Tourcoing,Sport,Maillot bain,3,841.85
2024-03-14,Roubaix,Sport,Maillot bain,1,350.77
2024-03-14,Amiens,Sport,Vélo VTT,5,2726.05
2024-03-14,Dunkerque,Sport,Haltères 10kg,2,186.77
2024-03-14,Tourcoing,Bricolage,Perceuse,1,105.66
2024-03-14,En ligne,Mode,Jean homme,3,816.81
2024-03-15,Lille,Sport,Maillot bain,2,701.54
2024-03-15,Lille,Électroménager,Réfrigérateur,2,774.74
2024-03-15,Dunkerque,Mode,Baskets ville,2,921.02
2024-03-15,Lille,Bricolage,Échelle alu,3,1010.81
2024-03-15,En ligne,Électroménager,Cafetière,3,1176.72
2024-03-15,Tourcoing,Sport,Raquette tennis,2,1412.38
2024-03-15,Amiens,Bricolage,Échelle alu,2,709.34
2024-03-15,Lille,Sport,Raquette tennis,3,2012.64
2024-03-15,Dunkerque,Électroménager,Robot cuiseur,2,499.94
2024-03-15,En ligne,Bricolage,Perceuse,1,105.66
2024-03-15,Lille,Mode,Veste hiver,4,2623.96
2024-03-15,Lille,Mode,Jean homme,4,1089.08
2024-03-15,Dunkerque,Mode,Veste hiver,3,1967.97
2024-03-15,Lille,Maison,Étagère bois,3,754.89
2024-03-15,Lille,Sport,Vélo VTT,5,2726.05
2024-03-15,Valenciennes,Électroménager,Robot cuiseur,4,999.88
2024-03-15,Roubaix,Mode,Veste hiver,1,655.99
2024-03-15,Lille,Sport,Chaussures running,3,1708.59
2024-03-15,Tourcoing,Maison,Set casseroles,3,2014.52
2024-03-15,Tourcoing,Électroménager,Cafetière,2,784.48
2024-03-15,Roubaix,Sport,Haltères 10kg,1,98.3
2024-03-15,Lille,Maison,Canapé 3 places,4,984.92
2024-03-15,Dunkerque,Mode,Pull laine,1,884.49
2024-03-15,Valenciennes,Bricolage,Perceuse,2,211.32
2024-03-16,Roubaix,Électroménager,Cafetière,1,392.24
2024-03-16,Tourcoing,Bricolage,Échelle alu,1,354.67
2024-03-16,Dunkerque,Maison,Couette 220x240,3,672.27
2024-03-16,Dunkerque,Mode,Robe été,3,889.56
2024-03-16,Roubaix,Mode,Pull laine,5,4201.33
2024-03-16,Roubaix,Maison,Étagère bois,1,279.59
2024-03-16,Roubaix,Maison,Rideau occultant,3,303.63
2024-03-16,Lille,Sport,Tapis yoga,3,1975.08
2024-03-16,Amiens,Maison,Rideau occultant,3,303.63
2024-03-16,En ligne,Mode,Baskets ville,5,2302.55
2024-03-16,Dunkerque,Électroménager,Réfrigérateur,4,1549.48
2024-03-16,Roubaix,Électroménager,Bouilloire,4,2904.16
2024-03-16,Roubaix,Sport,Tapis yoga,3,1975.08
2024-03-16,Tourcoing,Mode,Robe été,5,1482.6
2024-03-16,Tourcoing,Électroménager,Bouilloire,1,726.04
2024-03-17,Roubaix,Maison,Lampe LED,1,134.22
2024-03-17,Dunkerque,Électroménager,Réfrigérateur,3,1162.11
2024-03-17,Tourcoing,Mode,Veste hiver,6,3935.94
2024-03-17,Amiens,Sport,Haltères 10kg,1,98.3
2024-03-17,En ligne,Électroménager,Aspirateur,1,172.06
2024-03-17,En ligne,Mode,Veste hiver,5,3279.95
2024-03-17,Dunkerque,Électroménager,Robot cuiseur,1,249.97
2024-03-17,Amiens,Mode,Baskets ville,3,1312.45
2024-03-17,Roubaix,Sport,Chaussures running,1,569.53
2024-03-17,En ligne,Mode,T-shirt coton,1,479.44
2024-03-17,Tourcoing,Maison,Étagère bois,1,279.59
2024-03-17,Lille,Sport,Tapis yoga,4,2633.44
2024-03-18,Tourcoing,Maison,Canapé 3 places,5,1231.15
2024-03-18,Lille,Mode,Robe été,1,296.52
2024-03-18,Lille,Maison,Couette 220x240,5,1120.45
2024-03-18,Roubaix,Sport,Haltères 10kg,2,196.6
2024-03-18,Dunkerque,Électroménager,Bouilloire,3,2178.12
2024-03-18,En ligne,Bricolage,Échelle alu,3,1064.01
2024-03-18,Dunkerque,Électroménager,Cafetière,2,784.48
2024-03-18,Tourcoing,Sport,Tapis yoga,2,1316.72
2024-03-18,Lille,Mode,Jean homme,1,272.27
2024-03-18,Tourcoing,Maison,Set casseroles,1,706.85
2024-03-18,Roubaix,Maison,Lampe LED,4,510.04
2024-03-18,En ligne,Bricolage,Échelle alu,3,1064.01
2024-03-18,Amiens,Mode,Jean homme,1,272.27
2024-03-18,Roubaix,Mode,Baskets ville,2,921.02
2024-03-18,En ligne,Mode,T-shirt coton,6,3028.02
2024-03-18,Valenciennes,Sport,Maillot bain,3,841.85
2024-03-18,Lille,Électroménager,Réfrigérateur,4,1549.48
2024-03-19,Dunkerque,Sport,Tapis yoga,3,1975.08
2024-03-19,En ligne,Mode,Veste hiver,4,2099.17
2024-03-19,Valenciennes,Sport,Maillot bain,1,350.77
2024-03-19,Lille,Maison,Lampe LED,2,268.44
2024-03-19,Lille,Maison,Canapé 3 places,4,984.92
2024-03-19,Lille,Mode,Robe été,1,296.52
2024-03-19,En ligne,Électroménager,Aspirateur,3,573.54
2024-03-19,En ligne,Mode,Pull laine,5,4422.45
2024-03-19,En ligne,Mode,Pull laine,3,2653.47
2024-03-19,Lille,Sport,Chaussures running,1,569.53
2024-03-19,Lille,Sport,Maillot bain,3,1052.31
2024-03-19,Roubaix,Mode,Robe été,3,889.56
2024-03-19,Roubaix,Mode,Pull laine,5,4422.45
2024-03-19,Dunkerque,Électroménager,Robot cuiseur,1,249.97
2024-03-19,Tourcoing,Bricolage,Échelle alu,2,673.87
2024-03-19,Tourcoing,Maison,Canapé 3 places,2,492.46
2024-03-19,Roubaix,Électroménager,Robot cuiseur,5,1249.85
2024-03-20,Valenciennes,Électroménager,Robot cuiseur,1,249.97
2024-03-20,Roubaix,Sport,Vélo VTT,3,1635.63
2024-03-20,En ligne,Bricolage,Tournevis set,4,2545.12
2024-03-20,En ligne,Électroménager,Bouilloire,2,1452.08
2024-03-20,Amiens,Électroménager,Aspirateur,2,382.36
2024-03-20,Roubaix,Bricolage,Peinture 5L,1,609.0
2024-03-20,Amiens,Bricolage,Échelle alu,4,1418.68
2024-03-20,En ligne,Bricolage,Tournevis set,4,2545.12
2024-03-20,Roubaix,Électroménager,Micro-ondes,2,906.32
2024-03-20,Lille,Sport,Haltères 10kg,4,393.2
2024-03-20,Valenciennes,Bricolage,Perceuse,5,528.3
2024-03-20,Amiens,Maison,Étagère bois,4,1118.36
2024-03-20,Dunkerque,Électroménager,Cafetière,4,1568.96
2024-03-20,En ligne,Maison,Étagère bois,3,838.77
2024-03-20,Amiens,Électroménager,Micro-ondes,6,2718.96
2024-03-20,Lille,Bricolage,Boîte à outils,3,237.15
2024-03-20,Amiens,Mode,Baskets ville,4,1657.84
2024-03-20,En ligne,Sport,Chaussures running,1,569.53
2024-03-21,Roubaix,Bricolage,Échelle alu,3,1064.01
2024-03-21,Lille,Maison,Étagère bois,4,1062.44
2024-03-21,Lille,Sport,Ballon foot,1,100.1
2024-03-21,Valenciennes,Mode,Pull laine,3,2520.8
2024-03-21,Roubaix,Sport,Tapis yoga,3,1975.08
2024-03-21,Lille,Bricolage,Échelle alu,6,2128.02
2024-03-21,Dunkerque,Bricolage,Perceuse,2,211.32
2024-03-21,Lille,Électroménager,Bouilloire,2,1452.08
2024-03-21,Tourcoing,Maison,Canapé 3 places,2,492.46
2024-03-21,Dunkerque,Mode,Jean homme,5,1361.35
2024-03-21,En ligne,Mode,Jean homme,4,1089.08
2024-03-21,Dunkerque,Électroménager,Cafetière,5,1961.2
2024-03-21,Lille,Maison,Canapé 3 places,2,492.46
2024-03-21,Dunkerque,Bricolage,Perceuse,1,105.66
2024-03-22,Dunkerque,Mode,Veste hiver,4,2623.96
2024-03-22,Roubaix,Maison,Couette 220x240,5,1120.45
2024-03-22,Lille,Mode,Veste hiver,4,2623.96
2024-03-22,Amiens,Sport,Ballon foot,2,200.2
2024-03-22,Tourcoing,Bricolage,Boîte à outils,5,416.05
2024-03-22,Amiens,Sport,Chaussures running,1,569.53
2024-03-22,Tourcoing,Électroménager,Réfrigérateur,3,1162.11
2024-03-22,Tourcoing,Sport,Ballon foot,3,300.3
2024-03-22,Roubaix,Sport,Chaussures running,2,1139.06
2024-03-22,Lille,Mode,Jean homme,3,653.45
2024-03-22,Amiens,Mode,Pull laine,2,1768.98
2024-03-22,Amiens,Électroménager,Bouilloire,2,1452.08
2024-03-22,Roubaix,Maison,Étagère bois,3,838.77
2024-03-22,En ligne,Mode,Jean homme,4,1089.08
2024-03-22,Valenciennes,Mode,Veste hiver,3,1967.97
2024-03-22,En ligne,Maison,Étagère bois,4,1062.44
2024-03-22,Lille,Maison,Set casseroles,3,2120.55
2024-03-22,Roubaix,Maison,Canapé 3 places,1,246.23
2024-03-22,En ligne,Maison,Lampe LED,3,402.66
2024-03-22,Lille,Sport,Raquette tennis,2,1412.38
2024-03-22,Lille,Mode,Robe été,2,593.04
2024-03-22,Dunkerque,Bricolage,Échelle alu,3,1064.01
2024-03-22,Dunkerque,Mode,Baskets ville,4,1842.04
2024-03-23,Lille,Électroménager,Réfrigérateur,2,619.79
2024-03-23,Lille,Mode,Pull laine,4,3537.96
2024-03-23,Lille,Sport,Haltères 10kg,3,280.15
2024-03-23,Dunkerque,Maison,Couette 220x240,2,403.36
2024-03-23,Valenciennes,Électroménager,Réfrigérateur,4,1549.48
2024-03-23,Tourcoing,Sport,Maillot bain,2,701.54
2024-03-23,Roubaix,Maison,Canapé 3 places,4,984.92
2024-03-23,Amiens,Maison,Étagère bois,1,279.59
2024-03-23,Lille,Bricolage,Peinture 5L,4,2436.0
2024-03-23,Amiens,Bricolage,Échelle alu,1,354.67
2024-03-23,En ligne,Bricolage,Perceuse,5,528.3
2024-03-23,Lille,Électroménager,Réfrigérateur,1,387.37
2024-03-23,Roubaix,Mode,Baskets ville,2,921.02
2024-03-23,Dunkerque,Maison,Set casseroles,1,706.85
2024-03-23,Valenciennes,Sport,Maillot bain,2,701.54
2024-03-23,Dunkerque,Bricolage,Boîte à outils,4,332.84
2024-03-23,Dunkerque,Mode,Baskets ville,4,1842.04
2024-03-23,Tourcoing,Sport,Haltères 10kg,1,98.3
2024-03-24,Tourcoing,Mode,Robe été,1,296.52
2024-03-24,Tourcoing,Sport,Raquette tennis,4,2824.76
2024-03-24,Roubaix,Sport,Chaussures running,3,1366.87
2024-03-24,Roubaix,Maison,Rideau occultant,4,404.84
2024-03-24,Roubaix,Bricolage,Perceuse,4,422.64
2024-03-24,Dunkerque,Maison,Lampe LED,4,536.88
2024-03-24,Lille,Maison,Rideau occultant,5,506.05
2024-03-24,Roubaix,Électroménager,Cafetière,5,1961.2
2024-03-24,Tourcoing,Électroménager,Robot cuiseur,2,499.94
2024-03-24,Dunkerque,Sport,Chaussures running,2,1139.06
2024-03-24,Dunkerque,Bricolage,Boîte à outils,2,166.42
2024-03-24,Dunkerque,Maison,Étagère bois,3,838.77
2024-03-24,Tourcoing,Sport,Haltères 10kg,3,294.9
2024-03-24,Amiens,Sport,Ballon foot,4,380.38
2024-03-24,Amiens,Bricolage,Perceuse,3,285.28
2024-03-25,Dunkerque,Bricolage,Peinture 5L,4,2436.0
2024-03-25,Dunkerque,Mode,T-shirt coton,1,504.67
2024-03-25,Roubaix,Bricolage,Peinture 5L,1,609.0
2024-03-25,Dunkerque,Mode,T-shirt coton,1,403.74
2024-03-25,Roubaix,Électroménager,Aspirateur,2,382.36
2024-03-25,Amiens,Maison,Couette 220x240,3,672.27
2024-03-25,Lille,Maison,Canapé 3 places,2,492.46
2024-03-25,Valenciennes,Maison,Canapé 3 places,1,221.61
2024-03-25,En ligne,Mode,Jean homme,2,544.54
2024-03-25,Tourcoing,Électroménager,Micro-ondes,4,1812.64
2024-03-25,Lille,Maison,Canapé 3 places,1,221.61
2024-03-25,Amiens,Bricolage,Tournevis set,2,1145.3
2024-03-25,Dunkerque,Électroménager,Bouilloire,1,726.04
2024-03-25,Lille,Électroménager,Robot cuiseur,1,224.97
2024-03-25,Amiens,Sport,Tapis yoga,1,658.36
2024-03-25,Lille,Électroménager,Bouilloire,1,689.74
2024-03-25,Lille,Électroménager,Robot cuiseur,1,249.97
2024-03-25,Amiens,Sport,Ballon foot,3,300.3
2024-03-25,Lille,Mode,Robe été,3,889.56
2024-03-25,Roubaix,Maison,Set casseroles,4,2827.4
2024-03-26,Lille,Bricolage,Perceuse,2,211.32
2024-03-26,Dunkerque,Électroménager,Réfrigérateur,5,1743.16
2024-03-26,Amiens,Sport,Haltères 10kg,3,294.9
2024-03-26,Valenciennes,Sport,Raquette tennis,2,1341.76
2024-03-26,En ligne,Bricolage,Peinture 5L,2,1218.0
2024-03-26,Roubaix,Maison,Étagère bois,1,279.59
2024-03-26,Lille,Mode,Jean homme,5,1361.35
2024-03-26,Lille,Mode,Veste hiver,2,1311.98
2024-03-26,Valenciennes,Électroménager,Réfrigérateur,1,387.37
2024-03-26,En ligne,Électroménager,Bouilloire,1,689.74
2024-03-26,Tourcoing,Bricolage,Boîte à outils,3,249.63
2024-03-26,Dunkerque,Bricolage,Peinture 5L,6,3654.0
2024-03-26,Dunkerque,Électroménager,Bouilloire,1,726.04
2024-03-26,Lille,Sport,Raquette tennis,3,1906.71
2024-03-26,Tourcoing,Sport,Vélo VTT,5,2726.05
2024-03-26,Dunkerque,Bricolage,Peinture 5L,3,1827.0
2024-03-26,Dunkerque,Bricolage,Échelle alu,5,1773.35
2024-03-26,Roubaix,Électroménager,Robot cuiseur,1,249.97
2024-03-26,En ligne,Électroménager,Robot cuiseur,1,224.97
2024-03-26,Roubaix,Électroménager,Aspirateur,5,955.9
2024-03-26,Amiens,Mode,Veste hiver,3,1967.97
2024-03-26,En ligne,Maison,Étagère bois,2,559.18
2024-03-26,Lille,Maison,Set casseroles,2,1413.7
2024-03-26,Roubaix,Maison,Set casseroles,4,2827.4
2024-03-26,Lille,Mode,Baskets ville,2,828.92
2024-03-27,Roubaix,Mode,Baskets ville,3,1381.53
2024-03-27,Dunkerque,Mode,Jean homme,2,544.54
2024-03-27,Lille,Maison,Rideau occultant,2,202.42
2024-03-27,Tourcoing,Maison,Lampe LED,3,402.66
2024-03-27,Tourcoing,Maison,Set casseroles,1,706.85
2024-03-27,Roubaix,Sport,Chaussures running,1,569.53
2024-03-27,Roubaix,Électroménager,Cafetière,3,1176.72
2024-03-27,Lille,Électroménager,Aspirateur,5,955.9
2024-03-27,Valenciennes,Maison,Couette 220x240,3,672.27
2024-03-27,Amiens,Maison,Canapé 3 places,1,233.92
2024-03-27,Lille,Mode,Baskets ville,3,1381.53
2024-03-27,En ligne,Électroménager,Robot cuiseur,5,1249.85
2024-03-27,Valenciennes,Mode,Robe été,3,889.56
2024-03-27,Tourcoing,Électroménager,Réfrigérateur,2,774.74
2024-03-27,Tourcoing,Sport,Maillot bain,1,350.77
2024-03-27,Roubaix,Sport,Maillot bain,1,333.23
2024-03-28,Amiens,Bricolage,Perceuse,1,105.66
2024-03-28,Amiens,Maison,Rideau occultant,3,303.63
2024-03-28,Lille,Sport,Chaussures running,3,1708.59
2024-03-28,Lille,Sport,Haltères 10kg,3,294.9
2024-03-28,Roubaix,Mode,Baskets ville,3,1381.53
2024-03-28,Lille,Électroménager,Robot cuiseur,1,249.97
2024-03-28,Dunkerque,Électroménager,Micro-ondes,5,2265.8
2024-03-28,Roubaix,Électroménager,Bouilloire,5,3630.2
2024-03-28,Lille,Maison,Set casseroles,3,2120.55
2024-03-28,Amiens,Électroménager,Réfrigérateur,3,1162.11
2024-03-28,Lille,Sport,Raquette tennis,5,3530.95
2024-03-28,Dunkerque,Sport,Tapis yoga,1,658.36
2024-03-28,Tourcoing,Électroménager,Aspirateur,3,573.54
2024-03-29,Dunkerque,Sport,Chaussures running,2,1139.06
2024-03-29,Valenciennes,Mode,T-shirt coton,3,1514.01
2024-03-29,Lille,Mode,Baskets ville,1,414.46
2024-03-29,Roubaix,Mode,Robe été,1,296.52
2024-03-29,Lille,Maison,Couette 220x240,5,1120.45
2024-03-29,Amiens,Maison,Lampe LED,3,402.66
2024-03-29,Tourcoing,Maison,Lampe LED,3,402.66
2024-03-29,Roubaix,Mode,Veste hiver,2,1246.38
2024-03-29,Lille,Électroménager,Cafetière,2,745.26
2024-03-29,Amiens,Maison,Étagère bois,1,279.59
2024-03-29,Lille,Bricolage,Boîte à outils,4,332.84
2024-03-29,Tourcoing,Mode,Baskets ville,1,460.51
2024-03-29,Tourcoing,Maison,Set casseroles,2,1413.7
2024-03-29,Roubaix,Sport,Maillot bain,1,350.77
2024-03-30,En ligne,Bricolage,Boîte à outils,1,83.21
2024-03-30,Valenciennes,Maison,Canapé 3 places,2,492.46
2024-03-30,Dunkerque,Bricolage,Peinture 5L,2,1157.1
2024-03-30,Tourcoing,Sport,Haltères 10kg,5,491.5
2024-03-30,Valenciennes,Électroménager,Micro-ondes,1,453.16
2024-03-30,Lille,Maison,Étagère bois,3,838.77
2024-03-30,Lille,Maison,Lampe LED,2,268.44
2024-03-30,Tourcoing,Maison,Set casseroles,3,1908.5
2024-03-30,Roubaix,Mode,Veste hiver,3,1967.97
2024-03-30,Dunkerque,Électroménager,Cafetière,3,1176.72
2024-03-30,Roubaix,Mode,Robe été,4,1186.08
2024-03-30,Amiens,Bricolage,Tournevis set,3,1908.84
2024-03-30,Roubaix,Électroménager,Micro-ondes,2,906.32
2024-03-30,Lille,Électroménager,Micro-ondes,4,1812.64
2024-03-30,Dunkerque,Mode,T-shirt coton,1,504.67
2024-03-30,Lille,Mode,Pull laine,4,3361.06
2024-03-30,Amiens,Électroménager,Bouilloire,2,1452.08
2024-03-30,Dunkerque,Bricolage,Perceuse,4,422.64
2024-03-31,En ligne,Mode,Baskets ville,5,2302.55
2024-03-31,Roubaix,Maison,Set casseroles,1,706.85
2024-03-31,Amiens,Maison,Étagère bois,1,279.59
2024-03-31,Dunkerque,Électroménager,Aspirateur,1,172.06
2024-03-31,Tourcoing,Mode,Pull laine,3,2653.47
2024-03-31,Amiens,Bricolage,Tournevis set,3,1908.84
2024-03-31,Dunkerque,Électroménager,Cafetière,5,1961.2
2024-03-31,Valenciennes,Mode,Baskets ville,2,921.02
2024-03-31,Lille,Électroménager,Robot cuiseur,5,1249.85
2024-03-31,Tourcoing,Bricolage,Tournevis set,1,636.28
2024-03-31,Dunkerque,Mode,Baskets ville,5,2302.55
2024-03-31,Roubaix,Électroménager,Réfrigérateur,5,1936.85
2024-03-31,En ligne,Maison,Set casseroles,4,2827.4
2024-03-31,Lille,Bricolage,Peinture 5L,2,1157.1
2024-04-01,Lille,Sport,Ballon foot,1,100.1
2024-04-01,Lille,Mode,T-shirt coton,5,2523.35
2024-04-01,En ligne,Sport,Maillot bain,4,1403.08
2024-04-01,En ligne,Électroménager,Micro-ondes,2,906.32
2024-04-01,En ligne,Bricolage,Peinture 5L,4,2436.0
2024-04-01,Amiens,Bricolage,Perceuse,3,316.98
2024-04-01,Lille,Maison,Set casseroles,4,2827.4
2024-04-01,En ligne,Électroménager,Cafetière,1,392.24
2024-04-01,Amiens,Électroménager,Réfrigérateur,4,1549.48
2024-04-01,Amiens,Sport,Vélo VTT,4,1744.67
2024-04-01,Amiens,Électroménager,Bouilloire,1,653.44
2024-04-01,Lille,Mode,Baskets ville,4,1473.63
2024-04-01,Valenciennes,Mode,Pull laine,2,1768.98
2024-04-01,Amiens,Électroménager,Bouilloire,4,2904.16
2024-04-01,En ligne,Électroménager,Cafetière,1,392.24
2024-04-01,Roubaix,Maison,Canapé 3 places,2,492.46
2024-04-01,Roubaix,Mode,Baskets ville,2,921.02
2024-04-01,Lille,Sport,Chaussures running,5,2847.65
2024-04-02,En ligne,Sport,Haltères 10kg,4,393.2
2024-04-02,Dunkerque,Maison,Rideau occultant,5,506.05
2024-04-02,Amiens,Sport,Raquette tennis,2,1412.38
2024-04-02,Roubaix,Électroménager,Aspirateur,4,726.48
2024-04-02,Dunkerque,Mode,Baskets ville,3,1381.53
2024-04-02,Lille,Sport,Vélo VTT,4,2180.84
2024-04-02,Dunkerque,Bricolage,Échelle alu,1,283.74
2024-04-02,Valenciennes,Maison,Couette 220x240,4,896.36
2024-04-02,Lille,Électroménager,Robot cuiseur,5,999.88
2024-04-02,Roubaix,Bricolage,Tournevis set,5,3181.4
2024-04-02,Roubaix,Électroménager,Micro-ondes,5,2265.8
2024-04-02,Roubaix,Sport,Vélo VTT,3,1635.63
2024-04-02,Dunkerque,Bricolage,Perceuse,5,528.3
2024-04-02,Lille,Mode,T-shirt coton,2,1009.34
2024-04-02,Valenciennes,Maison,Couette 220x240,4,896.36
2024-04-02,Amiens,Maison,Lampe LED,4,536.88
2024-04-02,Amiens,Maison,Lampe LED,2,241.6
2024-04-02,Tourcoing,Sport,Tapis yoga,3,1975.08
2024-04-02,Amiens,Mode,Baskets ville,1,460.51
2024-04-02,Roubaix,Bricolage,Perceuse,3,316.98
2024-04-02,En ligne,Maison,Canapé 3 places,1,246.23
2024-04-02,Roubaix,Maison,Étagère bois,1,265.61
2024-04-02,Lille,Sport,Ballon foot,1,95.09
2024-04-03,Dunkerque,Mode,Veste hiver,3,1967.97
2024-04-03,Dunkerque,Sport,Tapis yoga,1,658.36
2024-04-03,Tourcoing,Sport,Ballon foot,3,285.28
2024-04-03,Tourcoing,Bricolage,Échelle alu,4,1276.81
2024-04-03,Valenciennes,Maison,Canapé 3 places,4,984.92
2024-04-03,Dunkerque,Bricolage,Peinture 5L,4,2436.0
2024-04-03,Roubaix,Mode,Baskets ville,4,1473.63
2024-04-03,En ligne,Bricolage,Tournevis set,2,1272.56
2024-04-03,Dunkerque,Bricolage,Perceuse,4,422.64
2024-04-04,En ligne,Sport,Raquette tennis,3,2118.57
2024-04-04,Valenciennes,Sport,Vélo VTT,4,2180.84
2024-04-04,Tourcoing,Maison,Lampe LED,5,671.1
2024-04-04,Dunkerque,Électroménager,Robot cuiseur,2,499.94
2024-04-04,Lille,Maison,Canapé 3 places,2,492.46
2024-04-04,Lille,Maison,Rideau occultant,4,404.84
2024-04-04,Lille,Électroménager,Robot cuiseur,4,999.88
2024-04-04,Valenciennes,Maison,Set casseroles,3,2120.55
2024-04-04,Amiens,Électroménager,Cafetière,3,1176.72
2024-04-04,En ligne,Maison,Étagère bois,1,279.59
2024-04-04,Lille,Bricolage,Tournevis set,1,636.28
2024-04-04,Amiens,Mode,T-shirt coton,2,1009.34
2024-04-04,Valenciennes,Sport,Tapis yoga,3,1975.08
2024-04-05,Amiens,Mode,Baskets ville,1,460.51
2024-04-05,Dunkerque,Maison,Set casseroles,3,2120.55
2024-04-05,En ligne,Sport,Ballon foot,5,450.45
2024-04-05,Roubaix,Électroménager,Aspirateur,3,573.54
2024-04-05,Lille,Bricolage,Tournevis set,3,1908.84
2024-04-05,Dunkerque,Mode,Jean homme,2,544.54
2024-04-05,Valenciennes,Bricolage,Peinture 5L,4,2436.0
2024-04-05,Dunkerque,Maison,Set casseroles,6,4241.1
2024-04-05,Roubaix,Électroménager,Cafetière,2,784.48
2024-04-05,Tourcoing,Sport,Ballon foot,1,100.1
2024-04-05,Amiens,Mode,Pull laine,2,1768.98
2024-04-06,Dunkerque,Électroménager,Cafetière,1,392.24
2024-04-06,Amiens,Bricolage,Échelle alu,1,319.2
2024-04-06,Lille,Maison,Rideau occultant,3,288.45
2024-04-06,Lille,Sport,Maillot bain,4,1332.93
2024-04-06,Roubaix,Électroménager,Cafetière,1,372.63
2024-04-06,En ligne,Électroménager,Micro-ondes,2,906.32
2024-04-06,Dunkerque,Mode,Pull laine,3,2388.12
2024-04-06,Tourcoing,Bricolage,Tournevis set,4,2545.12
2024-04-06,Amiens,Sport,Haltères 10kg,1,98.3
2024-04-06,En ligne,Mode,Pull laine,3,2653.47
2024-04-06,Amiens,Maison,Lampe LED,3,402.66
2024-04-06,Lille,Maison,Couette 220x240,2,448.18
2024-04-06,Tourcoing,Bricolage,Perceuse,3,316.98
2024-04-06,Tourcoing,Mode,T-shirt coton,1,504.67
2024-04-06,Lille,Mode,Veste hiver,4,2492.76
2024-04-06,Tourcoing,Maison,Étagère bois,3,838.77
2024-04-06,Roubaix,Maison,Couette 220x240,1,224.09
2024-04-06,Roubaix,Sport,Ballon foot,3,300.3
2024-04-07,En ligne,Sport,Haltères 10kg,3,294.9
2024-04-07,Tourcoing,Sport,Ballon foot,5,475.48
2024-04-07,Lille,Sport,Tapis yoga,3,1975.08
2024-04-07,En ligne,Bricolage,Échelle alu,4,1418.68
2024-04-07,Amiens,Mode,Robe été,1,296.52
2024-04-07,Dunkerque,Sport,Tapis yoga,4,2501.77
2024-04-07,Tourcoing,Électroménager,Bouilloire,3,2178.12
2024-04-07,Roubaix,Mode,T-shirt coton,4,2018.68
2024-04-07,Lille,Bricolage,Échelle alu,3,1064.01
2024-04-07,Amiens,Mode,Robe été,2,593.04
2024-04-08,Roubaix,Électroménager,Micro-ondes,2,815.69
2024-04-08,Lille,Mode,Jean homme,1,272.27
2024-04-08,Roubaix,Bricolage,Boîte à outils,2,166.42
2024-04-08,En ligne,Sport,Tapis yoga,3,1777.57
2024-04-08,En ligne,Bricolage,Perceuse,3,316.98
2024-04-08,Amiens,Maison,Rideau occultant,3,303.63
2024-04-08,En ligne,Maison,Couette 220x240,3,672.27
2024-04-08,Lille,Sport,Raquette tennis,4,2824.76
2024-04-08,Tourcoing,Électroménager,Robot cuiseur,1,249.97
2024-04-08,En ligne,Électroménager,Aspirateur,1,191.18
2024-04-08,Amiens,Sport,Maillot bain,1,350.77
2024-04-08,En ligne,Bricolage,Boîte à outils,1,83.21
2024-04-08,Valenciennes,Bricolage,Tournevis set,3,1908.84
2024-04-08,Amiens,Sport,Maillot bain,4,1403.08
2024-04-08,Tourcoing,Mode,Pull laine,2,1768.98
2024-04-08,En ligne,Sport,Raquette tennis,2,1412.38
2024-04-08,Roubaix,Mode,Jean homme,2,544.54
2024-04-09,Lille,Mode,Robe été,1,296.52
2024-04-09,Roubaix,Sport,Raquette tennis,3,2118.57
2024-04-09,Lille,Électroménager,Cafetière,2,745.26
2024-04-09,En ligne,Bricolage,Échelle alu,2,709.34
2024-04-09,Valenciennes,Maison,Couette 220x240,3,672.27
2024-04-09,Roubaix,Maison,Lampe LED,2,268.44
2024-04-10,En ligne,Bricolage,Perceuse,3,316.98
2024-04-10,Lille,Électroménager,Réfrigérateur,5,1840.01
2024-04-10,Roubaix,Sport,Maillot bain,2,701.54
2024-04-10,Amiens,Maison,Couette 220x240,5,1120.45
2024-04-10,Lille,Bricolage,Échelle alu,3,1064.01
2024-04-10,Amiens,Maison,Étagère bois,2,559.18
2024-04-10,En ligne,Bricolage,Échelle alu,3,1064.01
2024-04-10,Amiens,Mode,Baskets ville,2,828.92
2024-04-10,Tourcoing,Bricolage,Peinture 5L,2,1157.1
2024-04-10,Amiens,Sport,Raquette tennis,4,2683.52
2024-04-10,En ligne,Sport,Vélo VTT,1,545.21
2024-04-10,En ligne,Électroménager,Micro-ondes,3,1359.48
2024-04-10,Dunkerque,Électroménager,Aspirateur,5,955.9
2024-04-10,Roubaix,Sport,Raquette tennis,6,4237.14
2024-04-10,Roubaix,Mode,Pull laine,1,884.49
2024-04-10,Lille,Maison,Lampe LED,5,671.1
2024-04-11,Amiens,Électroménager,Micro-ondes,3,1359.48
2024-04-11,Valenciennes,Mode,T-shirt coton,3,1514.01
2024-04-11,Roubaix,Sport,Raquette tennis,1,706.19
2024-04-11,Amiens,Sport,Chaussures running,4,2278.12
2024-04-11,Roubaix,Bricolage,Échelle alu,1,336.94
2024-04-11,Amiens,Sport,Tapis yoga,4,2501.77
2024-04-11,Roubaix,Maison,Set casseroles,1,706.85
2024-04-11,Lille,Maison,Set casseroles,5,3357.54
2024-04-11,Amiens,Sport,Tapis yoga,2,1316.72
2024-04-11,Roubaix,Bricolage,Peinture 5L,1,609.0
2024-04-11,En ligne,Sport,Tapis yoga,1,592.52
2024-04-11,Amiens,Sport,Haltères 10kg,6,589.8
2024-04-12,Amiens,Bricolage,Échelle alu,1,354.67
2024-04-12,En ligne,Électroménager,Robot cuiseur,6,1499.82
2024-04-12,Lille,Mode,Baskets ville,2,921.02
2024-04-12,Lille,Électroménager,Aspirateur,3,573.54
2024-04-12,Roubaix,Électroménager,Cafetière,3,1176.72
2024-04-12,Tourcoing,Mode,Baskets ville,4,1842.04
2024-04-12,Roubaix,Électroménager,Robot cuiseur,2,399.95
2024-04-12,Amiens,Bricolage,Perceuse,2,211.32
2024-04-12,Dunkerque,Électroménager,Bouilloire,1,726.04
2024-04-12,Lille,Sport,Tapis yoga,3,1975.08
2024-04-12,En ligne,Électroménager,Micro-ondes,3,1359.48
2024-04-12,Dunkerque,Mode,Robe été,1,281.69
2024-04-12,Tourcoing,Électroménager,Aspirateur,4,764.72
2024-04-12,Tourcoing,Sport,Haltères 10kg,3,294.9
2024-04-12,Amiens,Électroménager,Micro-ondes,1,453.16
2024-04-12,Lille,Maison,Rideau occultant,1,101.21
2024-04-12,Lille,Électroménager,Micro-ondes,1,407.84
2024-04-12,Lille,Maison,Rideau occultant,2,182.18
2024-04-12,Lille,Bricolage,Perceuse,1,105.66
2024-04-12,Roubaix,Électroménager,Micro-ondes,2,861.0
2024-04-12,Roubaix,Sport,Haltères 10kg,5,491.5
2024-04-13,En ligne,Sport,Haltères 10kg,6,589.8
2024-04-13,Roubaix,Maison,Lampe LED,5,671.1
2024-04-13,Dunkerque,Bricolage,Échelle alu,3,1064.01
2024-04-13,Dunkerque,Bricolage,Boîte à outils,1,83.21
2024-04-13,Dunkerque,Mode,Pull laine,1,884.49
2024-04-13,Amiens,Sport,Tapis yoga,2,1316.72
2024-04-13,Lille,Bricolage,Perceuse,2,190.19
2024-04-13,Tourcoing,Maison,Set casseroles,1,706.85
2024-04-13,Tourcoing,Maison,Rideau occultant,3,288.45
2024-04-13,Dunkerque,Sport,Maillot bain,3,1052.31
2024-04-13,Amiens,Sport,Haltères 10kg,1,98.3
2024-04-13,Roubaix,Maison,Couette 220x240,1,224.09
2024-04-13,En ligne,Maison,Set casseroles,5,2827.4
2024-04-13,Roubaix,Bricolage,Peinture 5L,2,1218.0
2024-04-13,Valenciennes,Mode,T-shirt coton,4,1917.75
2024-04-13,En ligne,Mode,Pull laine,2,1768.98
2024-04-13,Tourcoing,Électroménager,Robot cuiseur,3,749.91
2024-04-13,Tourcoing,Bricolage,Perceuse,1,105.66
2024-04-13,Dunkerque,Électroménager,Micro-ondes,3,1359.48
2024-04-14,Lille,Électroménager,Aspirateur,4,764.72
2024-04-14,Lille,Mode,T-shirt coton,2,1009.34
2024-04-14,Tourcoing,Sport,Chaussures running,2,1139.06
2024-04-14,Roubaix,Maison,Couette 220x240,2,448.18
2024-04-14,Tourcoing,Maison,Rideau occultant,4,384.6
2024-04-14,Tourcoing,Électroménager,Robot cuiseur,2,474.94
2024-04-14,Roubaix,Sport,Haltères 10kg,2,196.6
2024-04-14,Roubaix,Mode,Veste hiver,4,2623.96
2024-04-14,Lille,Sport,Vélo VTT,4,2180.84
2024-04-14,Dunkerque,Sport,Ballon foot,4,400.4
2024-04-14,Dunkerque,Maison,Canapé 3 places,5,1231.15
2024-04-14,Lille,Électroménager,Aspirateur,1,191.18
2024-04-14,Dunkerque,Bricolage,Échelle alu,3,1064.01
2024-04-14,Dunkerque,Sport,Ballon foot,3,300.3
2024-04-14,Lille,Mode,Baskets ville,3,1381.53
2024-04-14,En ligne,Électroménager,Cafetière,2,706.03
2024-04-14,Tourcoing,Sport,Tapis yoga,4,2633.44
2024-04-14,Dunkerque,Sport,Haltères 10kg,3,294.9
2024-04-14,Tourcoing,Électroménager,Cafetière,3,1176.72
2024-04-14,Lille,Mode,Jean homme,1,272.27
2024-04-14,En ligne,Électroménager,Robot cuiseur,3,712.41
2024-04-15,Roubaix,Sport,Raquette tennis,3,2118.57
2024-04-15,Amiens,Maison,Canapé 3 places,5,1231.15
2024-04-15,Lille,Bricolage,Tournevis set,3,1908.84
2024-04-15,Lille,Sport,Chaussures running,3,1708.59
2024-04-15,Valenciennes,Bricolage,Boîte à outils,5,416.05
2024-04-15,Tourcoing,Électroménager,Cafetière,3,1176.72
2024-04-15,Amiens,Électroménager,Réfrigérateur,2,736.0
2024-04-15,Amiens,Sport,Raquette tennis,2,1412.38
2024-04-15,En ligne,Maison,Rideau occultant,4,404.84
2024-04-15,Tourcoing,Sport,Haltères 10kg,3,294.9
2024-04-15,Tourcoing,Bricolage,Échelle alu,1,319.2
2024-04-16,Roubaix,Maison,Canapé 3 places,4,984.92
2024-04-16,Lille,Mode,Robe été,1,281.69
2024-04-16,Valenciennes,Électroménager,Cafetière,1,353.02
2024-04-16,Amiens,Sport,Haltères 10kg,5,491.5
2024-04-16,Dunkerque,Bricolage,Perceuse,3,253.58
2024-04-16,Roubaix,Maison,Couette 220x240,2,448.18
2024-04-16,Lille,Électroménager,Bouilloire,3,2178.12
2024-04-16,En ligne,Maison,Canapé 3 places,2,492.46
2024-04-16,Tourcoing,Mode,Jean homme,6,1551.94
2024-04-16,Roubaix,Bricolage,Tournevis set,4,2545.12
2024-04-16,Lille,Électroménager,Réfrigérateur,1,387.37
2024-04-16,Roubaix,Électroménager,Réfrigérateur,1,387.37
2024-04-16,Amiens,Sport,Vélo VTT,3,1635.63
2024-04-16,Lille,Électroménager,Cafetière,4,1490.51
2024-04-16,Lille,Bricolage,Échelle alu,3,1064.01
2024-04-16,Roubaix,Sport,Raquette tennis,2,1341.76
2024-04-16,Tourcoing,Sport,Chaussures running,2,1139.06
2024-04-16,En ligne,Électroménager,Cafetière,1,392.24
2024-04-16,Lille,Maison,Canapé 3 places,4,935.67
2024-04-16,Lille,Sport,Raquette tennis,3,2118.57
2024-04-17,Amiens,Bricolage,Peinture 5L,2,1218.0
2024-04-17,Valenciennes,Sport,Raquette tennis,5,2824.76
2024-04-17,Amiens,Maison,Canapé 3 places,2,492.46
2024-04-17,Roubaix,Électroménager,Réfrigérateur,6,2091.8
2024-04-17,Dunkerque,Électroménager,Bouilloire,4,2904.16
2024-04-17,Lille,Électroménager,Robot cuiseur,1,224.97
2024-04-17,En ligne,Maison,Lampe LED,5,671.1
2024-04-17,Roubaix,Mode,Jean homme,2,544.54
2024-04-17,Lille,Sport,Tapis yoga,2,1316.72
2024-04-17,Lille,Maison,Canapé 3 places,3,738.69
2024-04-17,Amiens,Sport,Tapis yoga,2,1316.72
2024-04-17,Valenciennes,Électroménager,Cafetière,3,1176.72
2024-04-17,Amiens,Sport,Chaussures running,3,1708.59
2024-04-18,Valenciennes,Mode,Robe été,3,889.56
2024-04-18,Roubaix,Électroménager,Réfrigérateur,1,387.37
2024-04-18,Tourcoing,Sport,Maillot bain,1,350.77
2024-04-18,Lille,Bricolage,Perceuse,4,422.64
2024-04-18,En ligne,Maison,Rideau occultant,3,303.63
2024-04-18,Amiens,Mode,Jean homme,2,544.54
2024-04-18,Dunkerque,Maison,Canapé 3 places,4,984.92
2024-04-18,Lille,Bricolage,Boîte à outils,3,224.67
2024-04-18,Lille,Sport,Haltères 10kg,4,393.2
2024-04-18,Tourcoing,Électroménager,Réfrigérateur,3,1104.0
2024-04-18,Roubaix,Sport,Vélo VTT,2,1090.42
2024-04-18,Valenciennes,Mode,Veste hiver,4,2623.96
2024-04-18,En ligne,Électroménager,Robot cuiseur,3,749.91
2024-04-18,Tourcoing,Électroménager,Cafetière,1,372.63
2024-04-18,Amiens,Sport,Haltères 10kg,2,196.6
2024-04-18,Lille,Sport,Maillot bain,2,701.54
2024-04-18,Tourcoing,Maison,Rideau occultant,1,101.21
2024-04-18,Lille,Électroménager,Aspirateur,2,382.36
2024-04-18,Roubaix,Électroménager,Aspirateur,5,955.9
2024-04-18,Roubaix,Bricolage,Boîte à outils,2,166.42
2024-04-18,Tourcoing,Maison,Lampe LED,3,382.53
2024-04-18,Roubaix,Maison,Couette 220x240,1,201.68
2024-04-18,Lille,Bricolage,Peinture 5L,1,609.0
2024-04-19,Lille,Maison,Canapé 3 places,3,738.69
2024-04-19,Lille,Mode,T-shirt coton,4,2018.68
2024-04-19,Lille,Maison,Canapé 3 places,3,738.69
2024-04-19,Lille,Mode,T-shirt coton,1,504.67
2024-04-19,Tourcoing,Sport,Raquette tennis,2,1412.38
2024-04-19,Roubaix,Sport,Tapis yoga,5,3291.8
2024-04-19,Valenciennes,Maison,Lampe LED,5,637.54
2024-04-19,Roubaix,Électroménager,Aspirateur,2,363.24
2024-04-19,Dunkerque,Mode,Veste hiver,1,590.39
2024-04-19,Dunkerque,Bricolage,Perceuse,3,316.98
2024-04-19,En ligne,Bricolage,Perceuse,3,316.98
2024-04-19,Lille,Sport,Raquette tennis,1,706.19
2024-04-20,Lille,Mode,Veste hiver,1,590.39
2024-04-20,En ligne,Électroménager,Micro-ondes,2,906.32
2024-04-20,Lille,Électroménager,Robot cuiseur,4,999.88
2024-04-20,En ligne,Électroménager,Aspirateur,5,955.9
2024-04-20,Dunkerque,Électroménager,Bouilloire,1,726.04
2024-04-20,Roubaix,Électroménager,Robot cuiseur,1,249.97
2024-04-20,Tourcoing,Sport,Haltères 10kg,4,393.2
2024-04-20,Roubaix,Maison,Couette 220x240,2,448.18
2024-04-20,Dunkerque,Mode,Jean homme,1,272.27
2024-04-20,Amiens,Mode,Veste hiver,4,2623.96
2024-04-20,Dunkerque,Bricolage,Perceuse,4,422.64
2024-04-20,En ligne,Maison,Canapé 3 places,2,492.46
2024-04-20,Lille,Maison,Rideau occultant,1,101.21
2024-04-20,Lille,Électroménager,Bouilloire,2,1452.08
2024-04-20,Dunkerque,Mode,Veste hiver,5,3115.95
2024-04-20,Lille,Bricolage,Peinture 5L,1,609.0
2024-04-20,Dunkerque,Maison,Rideau occultant,4,384.6
2024-04-20,Lille,Électroménager,Aspirateur,1,191.18
2024-04-20,Lille,Mode,Pull laine,2,1680.53
2024-04-20,Amiens,Sport,Tapis yoga,4,2633.44
2024-04-21,Roubaix,Maison,Étagère bois,2,447.34
2024-04-21,En ligne,Sport,Raquette tennis,3,2118.57
2024-04-21,En ligne,Électroménager,Robot cuiseur,1,249.97
2024-04-21,Amiens,Électroménager,Bouilloire,3,2178.12
2024-04-21,Lille,Électroménager,Cafetière,2,745.26
2024-04-21,Valenciennes,Mode,T-shirt coton,1,504.67
2024-04-21,Tourcoing,Maison,Étagère bois,1,279.59
2024-04-21,Amiens,Électroménager,Robot cuiseur,5,1249.85
2024-04-21,Dunkerque,Maison,Canapé 3 places,3,701.76
2024-04-21,Dunkerque,Sport,Ballon foot,1,100.1
2024-04-21,Tourcoing,Sport,Maillot bain,1,350.77
2024-04-21,Roubaix,Maison,Canapé 3 places,2,492.46
2024-04-21,Valenciennes,Bricolage,Tournevis set,4,2545.12
2024-04-21,Valenciennes,Maison,Lampe LED,1,134.22
2024-04-21,Roubaix,Électroménager,Cafetière,5,1961.2
2024-04-21,Lille,Maison,Rideau occultant,4,364.36
2024-04-21,Lille,Maison,Set casseroles,6,3392.88
2024-04-22,En ligne,Mode,Robe été,2,593.04
2024-04-22,Tourcoing,Mode,Baskets ville,3,1381.53
2024-04-22,Roubaix,Électroménager,Réfrigérateur,3,1162.11
2024-04-22,Valenciennes,Électroménager,Micro-ondes,4,1812.64
2024-04-22,En ligne,Sport,Ballon foot,3,300.3
2024-04-22,Lille,Sport,Vélo VTT,3,1635.63
2024-04-22,Tourcoing,Bricolage,Boîte à outils,3,249.63
2024-04-22,Dunkerque,Électroménager,Aspirateur,1,191.18
2024-04-22,Lille,Mode,Robe été,3,889.56
2024-04-22,Amiens,Mode,Robe été,3,889.56
2024-04-22,Tourcoing,Bricolage,Peinture 5L,1,609.0
2024-04-22,Valenciennes,Bricolage,Perceuse,3,316.98
2024-04-22,Valenciennes,Mode,Baskets ville,1,460.51
2024-04-22,Amiens,Mode,T-shirt coton,1,504.67
2024-04-22,Lille,Mode,Baskets ville,3,1381.53
2024-04-22,Dunkerque,Mode,T-shirt coton,2,1009.34
2024-04-22,Lille,Sport,Maillot bain,3,1052.31
2024-04-23,Lille,Bricolage,Peinture 5L,5,3045.0
2024-04-23,En ligne,Sport,Ballon foot,4,400.4
2024-04-23,En ligne,Maison,Canapé 3 places,1,233.92
2024-04-23,Amiens,Sport,Vélo VTT,1,545.21
2024-04-23,Roubaix,Sport,Chaussures running,1,569.53
2024-04-23,Roubaix,Sport,Ballon foot,2,200.2
2024-04-23,Dunkerque,Électroménager,Cafetière,1,392.24
2024-04-23,Tourcoing,Bricolage,Boîte à outils,4,332.84
2024-04-23,Tourcoing,Mode,Jean homme,4,1089.08
2024-04-23,Lille,Bricolage,Échelle alu,4,1276.81
2024-04-23,Amiens,Maison,Set casseroles,1,706.85
2024-04-23,Dunkerque,Bricolage,Perceuse,3,316.98
2024-04-23,Amiens,Électroménager,Bouilloire,1,726.04
2024-04-23,Tourcoing,Mode,T-shirt coton,1,504.67
2024-04-23,Dunkerque,Maison,Couette 220x240,2,403.36
2024-04-23,En ligne,Maison,Étagère bois,5,1328.05
2024-04-23,Valenciennes,Sport,Tapis yoga,4,2633.44
2024-04-23,Lille,Sport,Raquette tennis,4,2824.76
2024-04-23,Lille,Mode,Baskets ville,1,460.51
2024-04-23,Dunkerque,Maison,Rideau occultant,3,303.63
2024-04-23,Amiens,Sport,Raquette tennis,3,2118.57
2024-04-23,Amiens,Électroménager,Robot cuiseur,3,749.91
2024-04-23,En ligne,Bricolage,Tournevis set,2,1272.56
2024-04-23,Tourcoing,Maison,Lampe LED,1,134.22
2024-04-24,Roubaix,Bricolage,Peinture 5L,1,609.0
2024-04-24,Roubaix,Mode,Jean homme,2,544.54
2024-04-24,Lille,Électroménager,Robot cuiseur,2,449.95
2024-04-24,Roubaix,Sport,Ballon foot,3,300.3
2024-04-24,Dunkerque,Bricolage,Échelle alu,3,1064.01
2024-04-24,Amiens,Maison,Canapé 3 places,3,664.82
2024-04-24,Amiens,Électroménager,Réfrigérateur,3,1162.11
2024-04-24,Tourcoing,Mode,Veste hiver,4,2492.76
2024-04-24,Lille,Électroménager,Aspirateur,2,382.36
2024-04-24,Valenciennes,Électroménager,Cafetière,3,1176.72
2024-04-24,Amiens,Maison,Rideau occultant,5,506.05
2024-04-24,Roubaix,Mode,T-shirt coton,1,504.67
2024-04-24,Dunkerque,Bricolage,Boîte à outils,6,499.26
2024-04-24,Lille,Sport,Raquette tennis,3,2118.57
2024-04-24,Amiens,Maison,Lampe LED,2,268.44
2024-04-25,Dunkerque,Électroménager,Robot cuiseur,2,474.94
2024-04-25,Lille,Mode,Veste hiver,1,590.39
2024-04-25,Amiens,Sport,Vélo VTT,2,1090.42
2024-04-25,Tourcoing,Sport,Maillot bain,4,1122.46
2024-04-25,Dunkerque,Sport,Vélo VTT,4,2180.84
2024-04-25,Amiens,Électroménager,Micro-ondes,2,861.0
2024-04-25,Valenciennes,Maison,Rideau occultant,1,101.21
2024-04-25,Tourcoing,Mode,Pull laine,6,5306.94
2024-04-25,Roubaix,Bricolage,Boîte à outils,4,332.84
2024-04-25,Lille,Mode,Jean homme,6,1551.94
2024-04-25,Lille,Mode,T-shirt coton,1,504.67
2024-04-25,Dunkerque,Électroménager,Robot cuiseur,2,449.95
2024-04-25,Lille,Maison,Set casseroles,1,706.85
2024-04-25,Lille,Sport,Chaussures running,2,1139.06
2024-04-25,Tourcoing,Sport,Raquette tennis,3,2118.57
2024-04-25,Dunkerque,Bricolage,Perceuse,2,211.32
2024-04-25,En ligne,Mode,T-shirt coton,2,958.87
2024-04-25,Dunkerque,Électroménager,Bouilloire,3,2178.12
2024-04-25,Roubaix,Électroménager,Robot cuiseur,1,249.97
2024-04-25,Lille,Sport,Haltères 10kg,3,294.9
2024-04-25,Roubaix,Maison,Lampe LED,3,402.66
2024-04-25,En ligne,Sport,Maillot bain,3,1052.31
2024-04-25,En ligne,Électroménager,Micro-ondes,3,1359.48
2024-04-25,Valenciennes,Mode,Jean homme,3,816.81
2024-04-26,Lille,Maison,Étagère bois,3,838.77
2024-04-26,Amiens,Maison,Étagère bois,2,531.22
2024-04-26,Lille,Électroménager,Bouilloire,1,726.04
2024-04-26,Lille,Sport,Haltères 10kg,1,98.3
2024-04-26,Tourcoing,Électroménager,Cafetière,2,784.48
2024-04-26,Roubaix,Mode,Pull laine,4,3537.96
2024-04-26,Dunkerque,Sport,Maillot bain,5,1403.08
2024-04-26,Lille,Bricolage,Perceuse,1,105.66
2024-04-26,Valenciennes,Maison,Couette 220x240,3,638.66
2024-04-26,Valenciennes,Électroménager,Aspirateur,3,573.54
2024-04-26,En ligne,Bricolage,Tournevis set,3,1908.84
2024-04-26,Dunkerque,Bricolage,Tournevis set,2,1272.56
2024-04-26,Tourcoing,Électroménager,Aspirateur,2,363.24
2024-04-26,Amiens,Maison,Rideau occultant,4,404.84
2024-04-26,En ligne,Sport,Tapis yoga,5,3291.8
2024-04-26,Roubaix,Sport,Haltères 10kg,3,294.9
2024-04-26,Dunkerque,Maison,Canapé 3 places,3,738.69
2024-04-26,Amiens,Bricolage,Boîte à outils,1,83.21
2024-04-26,Dunkerque,Bricolage,Échelle alu,1,354.67
2024-04-26,Valenciennes,Sport,Chaussures running,5,2847.65
2024-04-27,Lille,Électroménager,Robot cuiseur,3,749.91
2024-04-27,Tourcoing,Sport,Haltères 10kg,3,294.9
2024-04-27,Lille,Mode,Baskets ville,3,1381.53
2024-04-27,Dunkerque,Sport,Tapis yoga,4,2633.44
2024-04-27,Tourcoing,Sport,Tapis yoga,4,2633.44
2024-04-27,Dunkerque,Sport,Haltères 10kg,3,294.9
2024-04-27,Tourcoing,Maison,Couette 220x240,4,896.36
2024-04-27,Roubaix,Mode,Baskets ville,2,921.02
2024-04-27,Valenciennes,Bricolage,Tournevis set,4,2545.12
2024-04-27,Lille,Mode,Baskets ville,4,1842.04
2024-04-27,Amiens,Mode,Baskets ville,1,460.51
2024-04-27,En ligne,Mode,Baskets ville,2,921.02
2024-04-27,Valenciennes,Mode,T-shirt coton,5,2523.35
2024-04-27,Lille,Mode,T-shirt coton,1,479.44
2024-04-27,Valenciennes,Bricolage,Boîte à outils,5,416.05
2024-04-27,Lille,Électroménager,Micro-ondes,4,1722.01
2024-04-27,Valenciennes,Sport,Vélo VTT,5,2726.05
2024-04-27,Valenciennes,Maison,Rideau occultant,2,192.3
2024-04-27,Roubaix,Sport,Maillot bain,2,701.54
2024-04-28,En ligne,Bricolage,Tournevis set,5,3181.4
2024-04-28,Lille,Électroménager,Micro-ondes,3,1359.48
2024-04-28,Roubaix,Mode,Veste hiver,3,1967.97
2024-04-28,Lille,Électroménager,Micro-ondes,5,2265.8
2024-04-28,Roubaix,Maison,Lampe LED,3,322.13
2024-04-28,Roubaix,Maison,Canapé 3 places,4,935.67
2024-04-28,Dunkerque,Mode,T-shirt coton,1,504.67
2024-04-28,Amiens,Sport,Ballon foot,2,200.2
2024-04-28,En ligne,Sport,Maillot bain,2,631.39
2024-04-28,En ligne,Sport,Haltères 10kg,3,294.9
2024-04-28,Lille,Sport,Chaussures running,2,1139.06
2024-04-28,Dunkerque,Sport,Raquette tennis,1,706.19
2024-04-28,Lille,Bricolage,Boîte à outils,3,237.15
2024-04-28,Amiens,Électroménager,Cafetière,1,392.24
2024-04-28,Amiens,Maison,Couette 220x240,2,425.77
2024-04-28,Roubaix,Maison,Set casseroles,4,2827.4
2024-04-28,Tourcoing,Maison,Rideau occultant,4,404.84
2024-04-29,Valenciennes,Maison,Set casseroles,2,1413.7
2024-04-29,Dunkerque,Électroménager,Aspirateur,4,764.72
2024-04-29,Lille,Électroménager,Robot cuiseur,4,999.88
2024-04-29,Roubaix,Électroménager,Aspirateur,1,191.18
2024-04-29,En ligne,Bricolage,Tournevis set,1,636.28
2024-04-29,Roubaix,Maison,Rideau occultant,3,303.63
2024-04-29,Dunkerque,Mode,Veste hiver,4,2623.96
2024-04-29,Tourcoing,Mode,Veste hiver,4,2623.96
2024-04-29,Amiens,Électroménager,Aspirateur,5,955.9
2024-04-29,Roubaix,Maison,Couette 220x240,3,672.27
2024-04-29,Dunkerque,Sport,Vélo VTT,1,436.17
2024-04-29,Amiens,Maison,Canapé 3 places,4,984.92
2024-04-30,En ligne,Sport,Maillot bain,5,1753.85
2024-04-30,Roubaix,Sport,Raquette tennis,2,1412.38
2024-04-30,Tourcoing,Électroménager,Robot cuiseur,2,499.94
2024-04-30,En ligne,Sport,Vélo VTT,3,1635.63
2024-04-30,Roubaix,Mode,Veste hiver,3,1967.97
2024-04-30,Roubaix,Maison,Canapé 3 places,1,246.23
2024-04-30,Roubaix,Bricolage,Échelle alu,1,354.67
2024-04-30,En ligne,Maison,Lampe LED,3,402.66
2024-04-30,Roubaix,Électroménager,Bouilloire,2,1452.08
2024-04-30,Valenciennes,Bricolage,Boîte à outils,4,332.84
2024-04-30,En ligne,Sport,Chaussures running,4,2278.12
2024-04-30,Amiens,Sport,Haltères 10kg,1,98.3
2024-04-30,Roubaix,Maison,Canapé 3 places,2,492.46
2024-04-30,En ligne,Mode,Jean homme,2,544.54
2024-04-30,Tourcoing,Mode,T-shirt coton,2,1009.34
2024-04-30,En ligne,Maison,Couette 220x240,2,448.18
2024-04-30,Dunkerque,Électroménager,Aspirateur,4,764.72
2024-05-01,Roubaix,Bricolage,Tournevis set,3,1908.84
2024-05-01,Valenciennes,Mode,Veste hiver,1,655.99
2024-05-01,Roubaix,Mode,Baskets ville,3,1381.53
2024-05-01,Lille,Mode,Veste hiver,2,1311.98
2024-05-01,Lille,Électroménager,Cafetière,2,784.48
2024-05-01,Tourcoing,Mode,Baskets ville,1,437.48
2024-05-01,Valenciennes,Électroménager,Bouilloire,2,1452.08
2024-05-01,Dunkerque,Électroménager,Micro-ondes,4,1812.64
2024-05-01,Amiens,Électroménager,Cafetière,4,1568.96
2024-05-01,Lille,Électroménager,Réfrigérateur,5,1936.85
2024-05-01,Dunkerque,Mode,Robe été,2,593.04
2024-05-01,Lille,Sport,Ballon foot,1,100.1
2024-05-01,Roubaix,Sport,Maillot bain,5,1753.85
2024-05-01,Amiens,Mode,Jean homme,2,544.54
2024-05-01,Amiens,Bricolage,Perceuse,4,422.64
2024-05-01,Tourcoing,Bricolage,Tournevis set,5,3181.4
2024-05-01,Roubaix,Maison,Lampe LED,1,134.22
2024-05-01,Roubaix,Sport,Haltères 10kg,4,393.2
2024-05-02,Dunkerque,Maison,Rideau occultant,2,202.42
2024-05-02,Valenciennes,Électroménager,Réfrigérateur,2,736.0
2024-05-02,Amiens,Maison,Couette 220x240,1,224.09
2024-05-02,Valenciennes,Électroménager,Robot cuiseur,1,249.97
2024-05-02,Lille,Maison,Set casseroles,2,1413.7
2024-05-02,Tourcoing,Mode,Veste hiver,3,1967.97
2024-05-02,Tourcoing,Électroménager,Cafetière,2,784.48
2024-05-02,Lille,Maison,Rideau occultant,2,202.42
2024-05-02,Roubaix,Sport,Ballon foot,1,95.09
2024-05-02,Tourcoing,Électroménager,Bouilloire,2,1161.66
2024-05-02,Amiens,Sport,Chaussures running,2,1139.06
2024-05-02,Dunkerque,Sport,Raquette tennis,1,706.19
2024-05-02,Dunkerque,Mode,Baskets ville,2,874.97
2024-05-02,En ligne,Mode,Robe été,3,889.56
2024-05-02,Amiens,Maison,Rideau occultant,5,480.75
2024-05-03,Lille,Sport,Ballon foot,1,100.1
2024-05-03,Valenciennes,Électroménager,Micro-ondes,4,1812.64
2024-05-03,Roubaix,Sport,Raquette tennis,1,706.19
2024-05-03,Dunkerque,Sport,Ballon foot,1,100.1
2024-05-03,Roubaix,Mode,Jean homme,4,1089.08
2024-05-03,Dunkerque,Maison,Set casseroles,3,2120.55
2024-05-03,Lille,Sport,Vélo VTT,4,2180.84
2024-05-03,En ligne,Maison,Lampe LED,1,134.22
2024-05-03,Amiens,Électroménager,Réfrigérateur,3,1162.11
2024-05-03,En ligne,Mode,Robe été,5,1482.6
2024-05-03,Lille,Bricolage,Échelle alu,5,1773.35
2024-05-03,Lille,Sport,Tapis yoga,2,1316.72
2024-05-03,Dunkerque,Sport,Haltères 10kg,5,491.5
2024-05-03,Amiens,Sport,Tapis yoga,3,1975.08
2024-05-03,Dunkerque,Sport,Vélo VTT,1,545.21
2024-05-04,Tourcoing,Sport,Tapis yoga,5,3291.8
2024-05-04,En ligne,Mode,Robe été,2,593.04
2024-05-04,Tourcoing,Électroménager,Micro-ondes,3,1359.48
2024-05-04,Roubaix,Électroménager,Aspirateur,3,573.54
2024-05-04,Roubaix,Mode,Veste hiver,2,1180.78
2024-05-04,Tourcoing,Bricolage,Peinture 5L,2,1218.0
2024-05-05,En ligne,Mode,T-shirt coton,3,1514.01
2024-05-05,Valenciennes,Bricolage,Boîte à outils,1,83.21
2024-05-05,Roubaix,Électroménager,Aspirateur,1,191.18
2024-05-05,En ligne,Sport,Tapis yoga,3,1975.08
2024-05-05,Lille,Mode,Baskets ville,2,921.02
2024-05-05,Roubaix,Mode,Veste hiver,3,1967.97
2024-05-05,Lille,Électroménager,Cafetière,1,392.24
2024-05-05,Tourcoing,Mode,Jean homme,4,1089.08
2024-05-05,Lille,Sport,Maillot bain,2,701.54
2024-05-05,Valenciennes,Sport,Maillot bain,1,350.77
2024-05-05,Valenciennes,Mode,Baskets ville,2,921.02
2024-05-05,Valenciennes,Mode,Jean homme,4,1089.08
2024-05-05,Lille,Électroménager,Robot cuiseur,2,499.94
2024-05-05,Tourcoing,Mode,T-shirt coton,3,1514.01
2024-05-05,Dunkerque,Sport,Raquette tennis,2,1412.38
2024-05-05,En ligne,Électroménager,Robot cuiseur,1,249.97
2024-05-05,Valenciennes,Mode,T-shirt coton,3,1438.31
2024-05-05,Roubaix,Maison,Lampe LED,2,268.44
2024-05-05,Lille,Maison,Étagère bois,1,279.59
2024-05-05,Tourcoing,Maison,Couette 220x240,2,403.36
2024-05-05,Valenciennes,Mode,T-shirt coton,4,2018.68
2024-05-06,En ligne,Mode,T-shirt coton,1,504.67
2024-05-06,Amiens,Sport,Tapis yoga,3,1975.08
2024-05-06,Tourcoing,Électroménager,Micro-ondes,4,1812.64
2024-05-06,En ligne,Mode,Baskets ville,3,1381.53
2024-05-06,Roubaix,Bricolage,Peinture 5L,3,1827.0
2024-05-06,Lille,Mode,Veste hiver,4,2623.96
2024-05-06,Dunkerque,Bricolage,Perceuse,1,105.66
2024-05-06,Dunkerque,Électroménager,Micro-ondes,2,861.0
2024-05-06,Lille,Sport,Chaussures running,4,2278.12
2024-05-06,Roubaix,Sport,Vélo VTT,1,545.21
2024-05-06,Tourcoing,Maison,Étagère bois,4,1118.36
2024-05-07,Roubaix,Mode,Pull laine,5,4422.45
2024-05-07,Dunkerque,Électroménager,Micro-ondes,4,1812.64
2024-05-07,Dunkerque,Maison,Canapé 3 places,3,738.69
2024-05-07,Roubaix,Bricolage,Tournevis set,4,2417.86
2024-05-07,Roubaix,Mode,T-shirt coton,3,1362.61
2024-05-07,En ligne,Sport,Ballon foot,3,300.3
2024-05-07,Valenciennes,Bricolage,Tournevis set,3,1908.84
2024-05-07,Valenciennes,Sport,Tapis yoga,1,658.36
2024-05-07,En ligne,Mode,Veste hiver,1,655.99
2024-05-07,Amiens,Maison,Étagère bois,1,265.61
2024-05-07,Dunkerque,Sport,Ballon foot,2,200.2
2024-05-07,Amiens,Sport,Vélo VTT,5,2726.05
2024-05-07,Lille,Sport,Maillot bain,1,350.77
2024-05-07,En ligne,Mode,Pull laine,5,4422.45
2024-05-08,Lille,Sport,Vélo VTT,1,545.21
2024-05-08,Tourcoing,Électroménager,Micro-ondes,3,1359.48
2024-05-08,En ligne,Sport,Vélo VTT,2,1090.42
2024-05-08,Dunkerque,Sport,Tapis yoga,2,1316.72
2024-05-08,Dunkerque,Électroménager,Aspirateur,1,172.06
2024-05-08,Tourcoing,Mode,Pull laine,1,884.49
2024-05-08,Valenciennes,Mode,Jean homme,1,272.27
2024-05-08,Roubaix,Sport,Raquette tennis,1,635.57
2024-05-08,Valenciennes,Mode,Veste hiver,1,623.19
2024-05-08,Roubaix,Bricolage,Boîte à outils,4,332.84
2024-05-08,Roubaix,Sport,Ballon foot,1,100.1
2024-05-08,Tourcoing,Sport,Maillot bain,3,999.69
2024-05-08,Lille,Maison,Set casseroles,2,1413.7
2024-05-09,En ligne,Électroménager,Robot cuiseur,2,499.94
2024-05-09,Dunkerque,Maison,Couette 220x240,2,448.18
2024-05-09,Amiens,Électroménager,Aspirateur,1,191.18
2024-05-09,Valenciennes,Sport,Chaussures running,1,569.53
2024-05-09,Amiens,Mode,T-shirt coton,2,958.87
2024-05-09,Amiens,Maison,Couette 220x240,4,896.36
2024-05-09,Lille,Bricolage,Échelle alu,4,1418.68
2024-05-09,Dunkerque,Électroménager,Réfrigérateur,4,1549.48
2024-05-09,Lille,Mode,Jean homme,1,272.27
2024-05-09,En ligne,Mode,Baskets ville,4,1842.04
2024-05-09,Lille,Électroménager,Bouilloire,1,726.04
2024-05-09,Lille,Bricolage,Peinture 5L,1,609.0
2024-05-09,Dunkerque,Bricolage,Boîte à outils,5,416.05
2024-05-09,Tourcoing,Électroménager,Micro-ondes,4,1450.11
2024-05-09,Tourcoing,Électroménager,Aspirateur,2,382.36
2024-05-09,Dunkerque,Maison,Rideau occultant,3,303.63
2024-05-09,En ligne,Électroménager,Robot cuiseur,2,499.94
2024-05-09,Lille,Bricolage,Peinture 5L,2,1218.0
2024-05-09,Roubaix,Maison,Rideau occultant,3,273.27
2024-05-09,Dunkerque,Mode,T-shirt coton,5,2271.02
2024-05-09,En ligne,Sport,Maillot bain,2,701.54
2024-05-10,Valenciennes,Mode,Baskets ville,1,460.51
2024-05-10,En ligne,Mode,Jean homme,1,272.27
2024-05-10,Roubaix,Sport,Chaussures running,3,1708.59
2024-05-10,Lille,Bricolage,Peinture 5L,3,1827.0
2024-05-10,Amiens,Maison,Couette 220x240,4,896.36
2024-05-10,Roubaix,Électroménager,Aspirateur,4,764.72
2024-05-10,Lille,Mode,Baskets ville,2,921.02
2024-05-10,Tourcoing,Maison,Couette 220x240,3,672.27
2024-05-10,Roubaix,Bricolage,Perceuse,2,200.75
2024-05-10,Dunkerque,Mode,Robe été,4,1186.08
2024-05-10,Amiens,Maison,Étagère bois,1,279.59
2024-05-10,Roubaix,Sport,Tapis yoga,2,1316.72
2024-05-10,Tourcoing,Électroménager,Cafetière,3,1176.72
2024-05-10,Dunkerque,Mode,T-shirt coton,1,504.67
2024-05-10,Amiens,Sport,Maillot bain,3,1052.31
2024-05-10,Dunkerque,Électroménager,Aspirateur,2,363.24
2024-05-10,Valenciennes,Sport,Raquette tennis,1,706.19
2024-05-11,En ligne,Maison,Canapé 3 places,1,246.23
2024-05-11,Amiens,Maison,Lampe LED,4,536.88
2024-05-11,Lille,Sport,Chaussures running,2,1139.06
2024-05-11,Dunkerque,Sport,Raquette tennis,1,706.19
2024-05-11,Lille,Mode,Veste hiver,1,655.99
2024-05-11,En ligne,Bricolage,Perceuse,2,211.32
2024-05-11,Tourcoing,Sport,Maillot bain,1,333.23
2024-05-11,Lille,Maison,Étagère bois,5,1397.95
2024-05-11,Amiens,Mode,Baskets ville,1,460.51
2024-05-11,Dunkerque,Bricolage,Boîte à outils,4,316.2
2024-05-11,Dunkerque,Sport,Haltères 10kg,4,393.2
2024-05-11,Lille,Électroménager,Micro-ondes,5,2265.8
2024-05-11,Tourcoing,Mode,Baskets ville,1,460.51
2024-05-11,Valenciennes,Bricolage,Perceuse,4,422.64
2024-05-11,En ligne,Électroménager,Réfrigérateur,3,1162.11
2024-05-12,Tourcoing,Électroménager,Aspirateur,4,726.48
2024-05-12,Lille,Maison,Étagère bois,4,1118.36
2024-05-12,En ligne,Électroménager,Robot cuiseur,2,474.94
2024-05-12,Valenciennes,Maison,Set casseroles,3,2120.55
2024-05-12,Lille,Électroménager,Micro-ondes,6,2175.17
2024-05-12,Amiens,Sport,Tapis yoga,3,1975.08
2024-05-12,Tourcoing,Maison,Couette 220x240,3,672.27
2024-05-12,Lille,Bricolage,Boîte à outils,3,237.15
2024-05-12,Valenciennes,Électroménager,Aspirateur,2,382.36
2024-05-12,Amiens,Électroménager,Micro-ondes,3,1359.48
2024-05-12,Roubaix,Électroménager,Robot cuiseur,4,999.88
2024-05-12,Lille,Sport,Vélo VTT,3,1635.63
2024-05-12,Tourcoing,Sport,Vélo VTT,4,2180.84
2024-05-12,Roubaix,Bricolage,Peinture 5L,1,609.0
2024-05-12,Dunkerque,Sport,Vélo VTT,1,545.21
2024-05-12,Dunkerque,Mode,Jean homme,5,1293.28
2024-05-12,Lille,Bricolage,Échelle alu,2,709.34
2024-05-12,Amiens,Bricolage,Perceuse,1,95.09
2024-05-12,Lille,Bricolage,Perceuse,4,380.38
2024-05-12,Tourcoing,Électroménager,Cafetière,5,1961.2
2024-05-12,Dunkerque,Mode,T-shirt coton,4,2018.68
2024-05-12,Tourcoing,Sport,Maillot bain,3,1052.31
2024-05-12,Roubaix,Sport,Raquette tennis,3,2012.64
2024-05-13,Lille,Maison,Set casseroles,5,3357.54
2024-05-13,Dunkerque,Électroménager,Robot cuiseur,3,749.91
2024-05-13,Dunkerque,Sport,Chaussures running,5,2847.65
2024-05-13,Lille,Bricolage,Peinture 5L,3,1827.0
2024-05-13,Amiens,Mode,T-shirt coton,6,3028.02
2024-05-13,Tourcoing,Maison,Étagère bois,6,1677.54
2024-05-13,Valenciennes,Bricolage,Échelle alu,3,1064.01
2024-05-13,En ligne,Mode,Veste hiver,2,1246.38
2024-05-13,Roubaix,Maison,Lampe LED,2,268.44
2024-05-13,Lille,Électroménager,Réfrigérateur,3,1162.11
2024-05-13,Dunkerque,Électroménager,Robot cuiseur,3,749.91
2024-05-13,Dunkerque,Mode,Veste hiver,1,655.99
2024-05-13,Tourcoing,Électroménager,Robot cuiseur,4,999.88
2024-05-13,Roubaix,Maison,Étagère bois,4,1118.36
2024-05-13,Tourcoing,Sport,Raquette tennis,2,1412.38
2024-05-13,Roubaix,Mode,Robe été,3,889.56
2024-05-14,Dunkerque,Électroménager,Robot cuiseur,3,749.91
2024-05-14,Dunkerque,Sport,Tapis yoga,1,658.36
2024-05-14,Amiens,Électroménager,Bouilloire,2,1452.08
2024-05-14,Lille,Sport,Tapis yoga,4,2633.44
2024-05-14,En ligne,Bricolage,Peinture 5L,2,1218.0
2024-05-14,Lille,Mode,Robe été,5,1482.6
2024-05-14,En ligne,Électroménager,Cafetière,2,784.48
2024-05-14,Dunkerque,Bricolage,Boîte à outils,3,249.63
2024-05-14,Amiens,Bricolage,Tournevis set,5,3181.4
2024-05-14,Dunkerque,Maison,Set casseroles,4,2827.4
2024-05-14,Amiens,Sport,Maillot bain,3,999.69
2024-05-14,Roubaix,Électroménager,Cafetière,1,392.24
2024-05-14,Roubaix,Mode,Pull laine,3,2653.47
2024-05-14,Lille,Électroménager,Réfrigérateur,3,1162.11
2024-05-15,En ligne,Maison,Lampe LED,4,429.5
2024-05-15,Roubaix,Bricolage,Boîte à outils,1,83.21
2024-05-15,Lille,Sport,Vélo VTT,5,2726.05
2024-05-15,Lille,Maison,Couette 220x240,2,448.18
2024-05-15,Roubaix,Maison,Set casseroles,3,2120.55
2024-05-15,Amiens,Sport,Haltères 10kg,3,294.9
2024-05-15,Valenciennes,Électroménager,Réfrigérateur,1,387.37
2024-05-15,Lille,Mode,Robe été,5,1482.6
2024-05-15,En ligne,Électroménager,Réfrigérateur,2,774.74
2024-05-15,En ligne,Sport,Raquette tennis,4,2824.76
2024-05-15,Amiens,Sport,Raquette tennis,2,1412.38
2024-05-15,En ligne,Bricolage,Échelle alu,3,1064.01
2024-05-15,Roubaix,Sport,Maillot bain,1,350.77
2024-05-15,Amiens,Sport,Tapis yoga,2,1316.72
2024-05-15,Roubaix,Électroménager,Micro-ondes,1,453.16
2024-05-15,Roubaix,Mode,T-shirt coton,1,504.67
2024-05-15,Roubaix,Mode,Veste hiver,1,655.99
2024-05-15,Dunkerque,Mode,Pull laine,2,1768.98
2024-05-15,Dunkerque,Électroménager,Robot cuiseur,3,749.91
2024-05-16,En ligne,Maison,Lampe LED,6,805.32
2024-05-16,Tourcoing,Sport,Maillot bain,5,1753.85
2024-05-16,Valenciennes,Sport,Raquette tennis,5,3530.95
2024-05-16,Lille,Maison,Étagère bois,5,1397.95
2024-05-16,Roubaix,Bricolage,Perceuse,1,105.66
2024-05-16,Valenciennes,Maison,Rideau occultant,2,192.3
2024-05-16,Lille,Maison,Canapé 3 places,3,738.69
2024-05-16,En ligne,Sport,Raquette tennis,1,706.19
2024-05-16,Tourcoing,Sport,Maillot bain,2,666.46
2024-05-16,Lille,Sport,Tapis yoga,4,2633.44
2024-05-16,Dunkerque,Sport,Haltères 10kg,1,98.3
2024-05-16,En ligne,Sport,Raquette tennis,2,1341.76
2024-05-17,Lille,Bricolage,Boîte à outils,1,79.05
2024-05-17,Lille,Électroménager,Micro-ondes,1,453.16
2024-05-17,Dunkerque,Mode,Robe été,4,1186.08
2024-05-17,En ligne,Maison,Étagère bois,4,1118.36
2024-05-17,Tourcoing,Bricolage,Boîte à outils,1,83.21
2024-05-17,Lille,Sport,Haltères 10kg,1,93.38
2024-05-17,Tourcoing,Mode,Jean homme,2,544.54
2024-05-17,Valenciennes,Sport,Raquette tennis,2,1412.38
2024-05-17,Lille,Bricolage,Peinture 5L,3,1827.0
2024-05-17,Lille,Mode,Robe été,1,296.52
2024-05-17,En ligne,Mode,Jean homme,3,816.81
2024-05-17,Amiens,Mode,Robe été,1,296.52
2024-05-17,Tourcoing,Sport,Chaussures running,2,1139.06
2024-05-18,Lille,Sport,Raquette tennis,4,2824.76
2024-05-18,Lille,Sport,Tapis yoga,2,1316.72
2024-05-18,Dunkerque,Sport,Vélo VTT,5,2726.05
2024-05-18,Dunkerque,Bricolage,Échelle alu,2,709.34
2024-05-18,Roubaix,Sport,Raquette tennis,3,2012.64
2024-05-18,Lille,Bricolage,Peinture 5L,2,1218.0
2024-05-18,Tourcoing,Électroménager,Cafetière,1,372.63
2024-05-18,Roubaix,Maison,Set casseroles,3,2120.55
2024-05-18,En ligne,Sport,Haltères 10kg,1,98.3
2024-05-18,En ligne,Électroménager,Cafetière,5,1765.08
2024-05-18,Dunkerque,Sport,Raquette tennis,2,1412.38
2024-05-18,Lille,Bricolage,Tournevis set,1,636.28
2024-05-18,Dunkerque,Maison,Étagère bois,4,1118.36
2024-05-18,Tourcoing,Sport,Maillot bain,3,1052.31
2024-05-18,Valenciennes,Mode,Pull laine,6,4776.25
2024-05-19,Amiens,Maison,Rideau occultant,3,303.63
2024-05-19,Lille,Maison,Canapé 3 places,2,492.46
2024-05-19,Lille,Mode,T-shirt coton,3,1514.01
2024-05-19,Roubaix,Électroménager,Cafetière,2,784.48
2024-05-19,Dunkerque,Maison,Canapé 3 places,4,984.92
2024-05-19,Valenciennes,Électroménager,Micro-ondes,2,861.0
2024-05-19,Dunkerque,Mode,Baskets ville,2,921.02
2024-05-19,Dunkerque,Sport,Maillot bain,2,701.54
2024-05-19,Lille,Électroménager,Robot cuiseur,3,712.41
2024-05-19,Tourcoing,Bricolage,Échelle alu,5,1684.68
2024-05-19,Lille,Sport,Vélo VTT,4,2071.8
2024-05-19,Valenciennes,Sport,Maillot bain,4,1403.08
2024-05-19,Lille,Bricolage,Tournevis set,3,1908.84
2024-05-19,Roubaix,Sport,Chaussures running,3,1708.59
2024-05-19,Roubaix,Bricolage,Tournevis set,2,1272.56
2024-05-19,Roubaix,Électroménager,Aspirateur,2,344.12
2024-05-19,Lille,Mode,Pull laine,1,884.49
2024-05-19,Valenciennes,Bricolage,Peinture 5L,4,2192.4
2024-05-19,Valenciennes,Mode,T-shirt coton,1,504.67
2024-05-19,Lille,Électroménager,Cafetière,1,392.24
2024-05-20,Amiens,Électroménager,Cafetière,1,392.24
2024-05-20,Valenciennes,Sport,Haltères 10kg,4,393.2
2024-05-20,Tourcoing,Maison,Couette 220x240,4,896.36
2024-05-20,Dunkerque,Bricolage,Échelle alu,4,1276.81
2024-05-20,Roubaix,Mode,Baskets ville,6,2763.06
2024-05-20,Lille,Sport,Tapis yoga,4,2501.77
2024-05-20,Amiens,Maison,Couette 220x240,3,638.66
2024-05-20,Tourcoing,Mode,Veste hiver,4,2623.96
2024-05-20,Dunkerque,Maison,Set casseroles,3,1908.5
2024-05-20,Dunkerque,Électroménager,Cafetière,1,392.24
2024-05-20,Lille,Mode,Jean homme,5,1361.35
2024-05-20,Amiens,Électroménager,Robot cuiseur,1,249.97
2024-05-20,Roubaix,Bricolage,Perceuse,4,422.64
2024-05-20,Amiens,Mode,T-shirt coton,1,504.67
2024-05-20,Lille,Maison,Couette 220x240,3,672.27
2024-05-20,Valenciennes,Mode,Jean homme,1,217.82
2024-05-20,Tourcoing,Maison,Couette 220x240,1,224.09
2024-05-20,Valenciennes,Maison,Étagère bois,4,1118.36
2024-05-20,Valenciennes,Sport,Chaussures running,3,1708.59
2024-05-20,Roubaix,Sport,Raquette tennis,1,706.19
2024-05-20,Lille,Mode,Jean homme,2,544.54
2024-05-20,Dunkerque,Bricolage,Tournevis set,2,1272.56
2024-05-21,Dunkerque,Mode,Jean homme,1,272.27
2024-05-21,En ligne,Bricolage,Peinture 5L,1,609.0
2024-05-21,Amiens,Électroménager,Aspirateur,4,764.72
2024-05-21,Valenciennes,Sport,Chaussures running,6,3417.18
2024-05-21,Lille,Électroménager,Micro-ondes,3,1359.48
2024-05-21,Lille,Sport,Maillot bain,3,999.69
2024-05-21,Tourcoing,Bricolage,Boîte à outils,3,199.7
2024-05-21,Lille,Sport,Chaussures running,2,1139.06
2024-05-21,En ligne,Bricolage,Tournevis set,2,1272.56
2024-05-21,Roubaix,Bricolage,Boîte à outils,2,166.42
2024-05-21,Dunkerque,Bricolage,Tournevis set,3,1908.84
2024-05-21,Valenciennes,Mode,Baskets ville,1,460.51
2024-05-21,Roubaix,Électroménager,Robot cuiseur,3,749.91
2024-05-21,En ligne,Bricolage,Perceuse,1,105.66
2024-05-21,Lille,Maison,Étagère bois,2,559.18
2024-05-22,Dunkerque,Électroménager,Réfrigérateur,2,736.0
2024-05-22,En ligne,Électroménager,Réfrigérateur,5,1936.85
2024-05-22,Roubaix,Mode,Jean homme,3,775.97
2024-05-22,Amiens,Mode,Jean homme,2,544.54
2024-05-22,Dunkerque,Bricolage,Boîte à outils,2,166.42
2024-05-22,En ligne,Mode,T-shirt coton,2,1009.34
2024-05-22,Amiens,Sport,Maillot bain,1,350.77
2024-05-22,Roubaix,Maison,Canapé 3 places,3,590.95
2024-05-22,En ligne,Mode,T-shirt coton,3,1438.31
2024-05-22,Tourcoing,Électroménager,Robot cuiseur,5,1249.85
2024-05-22,Roubaix,Maison,Lampe LED,6,805.32
2024-05-22,En ligne,Bricolage,Échelle alu,3,1064.01
2024-05-22,Roubaix,Bricolage,Perceuse,4,422.64
2024-05-22,Dunkerque,Électroménager,Cafetière,5,1961.2
2024-05-22,Roubaix,Sport,Haltères 10kg,3,294.9
2024-05-22,Lille,Bricolage,Boîte à outils,4,332.84
2024-05-23,Tourcoing,Maison,Rideau occultant,1,96.15
2024-05-23,Lille,Maison,Lampe LED,5,671.1
2024-05-23,Roubaix,Sport,Vélo VTT,1,517.95
2024-05-23,Amiens,Électroménager,Aspirateur,3,573.54
2024-05-23,Lille,Électroménager,Robot cuiseur,3,674.92
2024-05-23,Tourcoing,Sport,Tapis yoga,4,2633.44
2024-05-23,En ligne,Sport,Maillot bain,1,350.77
2024-05-23,Lille,Électroménager,Micro-ondes,2,906.32
2024-05-23,En ligne,Sport,Maillot bain,1,350.77
2024-05-23,En ligne,Électroménager,Robot cuiseur,2,449.95
2024-05-23,Valenciennes,Bricolage,Perceuse,4,422.64
2024-05-23,Amiens,Sport,Vélo VTT,2,1090.42
2024-05-23,Valenciennes,Électroménager,Aspirateur,2,382.36
2024-05-23,Lille,Électroménager,Bouilloire,4,2904.16
2024-05-23,Tourcoing,Mode,Robe été,1,296.52
2024-05-23,Amiens,Mode,Robe été,4,1186.08
2024-05-23,Amiens,Électroménager,Robot cuiseur,3,749.91
2024-05-24,Dunkerque,Bricolage,Peinture 5L,1,609.0
2024-05-24,Dunkerque,Sport,Raquette tennis,2,1412.38
2024-05-24,Lille,Mode,Pull laine,3,2653.47
2024-05-24,Lille,Maison,Set casseroles,1,706.85
2024-05-24,Lille,Mode,Robe été,3,889.56
2024-05-24,Dunkerque,Maison,Rideau occultant,1,101.21
2024-05-24,Tourcoing,Sport,Raquette tennis,1,706.19
2024-05-24,Dunkerque,Maison,Étagère bois,1,251.63
2024-05-24,Lille,Sport,Chaussures running,1,569.53
2024-05-24,Tourcoing,Sport,Haltères 10kg,3,294.9
2024-05-24,Valenciennes,Maison,Lampe LED,3,362.39
2024-05-24,Lille,Mode,T-shirt coton,2,1009.34
2024-05-24,Lille,Sport,Maillot bain,3,841.85
2024-05-24,Valenciennes,Électroménager,Bouilloire,4,2904.16
2024-05-24,Dunkerque,Bricolage,Peinture 5L,3,1644.3
2024-05-24,Dunkerque,Maison,Étagère bois,2,559.18
2024-05-25,Tourcoing,Bricolage,Perceuse,5,528.3
2024-05-25,Amiens,Sport,Haltères 10kg,2,196.6
2024-05-25,Roubaix,Électroménager,Bouilloire,1,726.04
2024-05-25,Tourcoing,Maison,Canapé 3 places,4,984.92
2024-05-25,Amiens,Sport,Vélo VTT,1,545.21
2024-05-25,Roubaix,Électroménager,Bouilloire,5,3630.2
2024-05-25,Lille,Électroménager,Cafetière,4,1568.96
2024-05-25,Valenciennes,Bricolage,Perceuse,2,211.32
2024-05-25,Roubaix,Sport,Tapis yoga,5,3291.8
2024-05-25,Lille,Électroménager,Micro-ondes,3,1359.48
2024-05-25,Tourcoing,Sport,Haltères 10kg,3,294.9
2024-05-25,Dunkerque,Sport,Tapis yoga,3,1975.08
2024-05-25,Tourcoing,Électroménager,Cafetière,2,706.03
2024-05-25,En ligne,Mode,Jean homme,1,245.04
2024-05-25,Valenciennes,Électroménager,Cafetière,3,1117.88
2024-05-25,Dunkerque,Mode,Veste hiver,2,1311.98
2024-05-25,Roubaix,Sport,Chaussures running,5,2847.65
2024-05-25,Lille,Mode,Veste hiver,1,655.99
2024-05-25,Dunkerque,Mode,Baskets ville,1,414.46
2024-05-26,Tourcoing,Bricolage,Boîte à outils,4,332.84
2024-05-26,Lille,Mode,Pull laine,4,3537.96
2024-05-26,Roubaix,Sport,Ballon foot,3,300.3
2024-05-26,Lille,Mode,Pull laine,1,884.49
2024-05-26,Amiens,Maison,Canapé 3 places,3,738.69
2024-05-26,Roubaix,Maison,Set casseroles,3,2120.55
2024-05-26,Lille,Électroménager,Aspirateur,4,764.72
2024-05-27,En ligne,Sport,Vélo VTT,5,2726.05
2024-05-27,En ligne,Électroménager,Robot cuiseur,4,949.89
2024-05-27,Lille,Bricolage,Perceuse,4,380.38
2024-05-27,Dunkerque,Maison,Étagère bois,3,838.77
2024-05-27,Amiens,Mode,Jean homme,2,544.54
2024-05-27,Tourcoing,Bricolage,Boîte à outils,2,166.42
2024-05-27,Lille,Sport,Ballon foot,3,300.3
2024-05-27,Lille,Maison,Set casseroles,5,3534.25
2024-05-27,Amiens,Électroménager,Robot cuiseur,3,712.41
2024-05-27,En ligne,Mode,Robe été,3,889.56
2024-05-27,Amiens,Mode,T-shirt coton,3,1438.31
2024-05-27,Dunkerque,Maison,Couette 220x240,1,224.09
2024-05-27,Dunkerque,Bricolage,Échelle alu,3,1064.01
2024-05-27,Roubaix,Sport,Ballon foot,2,200.2
2024-05-27,Roubaix,Électroménager,Cafetière,4,1412.06
2024-05-27,Roubaix,Électroménager,Réfrigérateur,4,1549.48
2024-05-28,Dunkerque,Électroménager,Réfrigérateur,3,1162.11
2024-05-28,Dunkerque,Maison,Couette 220x240,1,224.09
2024-05-28,Lille,Mode,T-shirt coton,2,1009.34
2024-05-28,Lille,Mode,Pull laine,4,3537.96
2024-05-28,Amiens,Mode,Baskets ville,2,921.02
2024-05-28,Dunkerque,Sport,Vélo VTT,1,545.21
2024-05-28,Valenciennes,Mode,Baskets ville,3,1381.53
2024-05-28,Valenciennes,Bricolage,Boîte à outils,1,83.21
2024-05-28,Amiens,Sport,Raquette tennis,4,2683.52
2024-05-28,En ligne,Maison,Lampe LED,1,120.8
2024-05-28,Roubaix,Bricolage,Perceuse,5,528.3
2024-05-28,Lille,Sport,Raquette tennis,3,2012.64
2024-05-28,Valenciennes,Bricolage,Échelle alu,1,354.67
2024-05-28,Dunkerque,Maison,Set casseroles,2,1413.7
2024-05-28,Amiens,Maison,Rideau occultant,1,101.21
2024-05-28,Amiens,Mode,Jean homme,2,544.54
2024-05-28,Valenciennes,Électroménager,Réfrigérateur,4,1472.01
2024-05-28,Amiens,Bricolage,Tournevis set,1,636.28
2024-05-28,Dunkerque,Sport,Ballon foot,3,300.3
2024-05-28,Lille,Maison,Rideau occultant,2,202.42
2024-05-28,Dunkerque,Sport,Ballon foot,1,100.1
2024-05-28,Valenciennes,Bricolage,Boîte à outils,3,249.63
2024-05-28,Valenciennes,Sport,Ballon foot,5,500.5
2024-05-29,En ligne,Électroménager,Cafetière,4,1568.96
2024-05-29,En ligne,Sport,Vélo VTT,5,2726.05
2024-05-29,Dunkerque,Bricolage,Tournevis set,4,2545.12
2024-05-29,En ligne,Électroménager,Micro-ondes,3,1087.58
2024-05-29,En ligne,Maison,Rideau occultant,1,101.21
2024-05-29,Roubaix,Électroménager,Réfrigérateur,1,387.37
2024-05-29,Roubaix,Électroménager,Bouilloire,4,2904.16
2024-05-29,Dunkerque,Électroménager,Réfrigérateur,1,387.37
2024-05-29,Dunkerque,Mode,Pull laine,3,2653.47
2024-05-29,Lille,Électroménager,Micro-ondes,3,1291.51
2024-05-29,Lille,Sport,Tapis yoga,2,1250.88
2024-05-29,Valenciennes,Mode,T-shirt coton,5,2018.68
2024-05-29,Valenciennes,Bricolage,Peinture 5L,2,1157.1
2024-05-29,Amiens,Mode,Pull laine,3,2653.47
2024-05-29,Tourcoing,Maison,Rideau occultant,3,303.63
2024-05-29,Tourcoing,Maison,Rideau occultant,1,101.21
2024-05-29,Lille,Sport,Chaussures running,1,569.53
2024-05-29,Dunkerque,Mode,Pull laine,3,2520.8
2024-05-29,Tourcoing,Sport,Haltères 10kg,1,98.3
2024-05-29,Valenciennes,Maison,Étagère bois,4,1118.36
2024-05-29,Roubaix,Sport,Tapis yoga,1,658.36
2024-05-29,Dunkerque,Mode,Robe été,4,1186.08
2024-05-30,Lille,Électroménager,Robot cuiseur,4,999.88
2024-05-30,Valenciennes,Électroménager,Robot cuiseur,2,499.94
2024-05-30,Roubaix,Mode,Robe été,2,593.04
2024-05-30,Dunkerque,Sport,Raquette tennis,2,1412.38
2024-05-30,En ligne,Électroménager,Cafetière,4,1490.51
2024-05-30,En ligne,Maison,Set casseroles,1,636.17
2024-05-30,Amiens,Bricolage,Tournevis set,3,1717.96
2024-05-30,Dunkerque,Électroménager,Robot cuiseur,2,499.94
2024-05-30,Lille,Maison,Canapé 3 places,1,221.61
2024-05-30,Dunkerque,Maison,Étagère bois,3,796.83
2024-05-30,Tourcoing,Maison,Set casseroles,2,1413.7
2024-05-30,Lille,Mode,T-shirt coton,3,1514.01
2024-05-30,Amiens,Mode,Veste hiver,3,1967.97
2024-05-30,Tourcoing,Mode,Jean homme,5,1293.28
2024-05-30,Dunkerque,Mode,Robe été,3,889.56
2024-05-31,Amiens,Sport,Haltères 10kg,4,393.2
2024-05-31,En ligne,Électroménager,Bouilloire,2,1452.08
2024-05-31,Lille,Maison,Set casseroles,1,706.85
2024-05-31,Tourcoing,Bricolage,Tournevis set,2,1272.56
2024-05-31,Lille,Bricolage,Peinture 5L,3,1827.0
2024-05-31,Roubaix,Sport,Chaussures running,3,1537.73
2024-05-31,Lille,Bricolage,Peinture 5L,2,1218.0
2024-05-31,Lille,Maison,Canapé 3 places,1,246.23
2024-05-31,En ligne,Électroménager,Cafetière,3,1176.72
2024-05-31,Amiens,Sport,Vélo VTT,1,545.21
2024-05-31,En ligne,Sport,Haltères 10kg,3,294.9
2024-05-31,Amiens,Maison,Rideau occultant,3,303.63
2024-05-31,Tourcoing,Mode,Jean homme,3,816.81
2024-05-31,Lille,Sport,Vélo VTT,5,2726.05
2024-05-31,Dunkerque,Mode,Veste hiver,1,623.19
2024-05-31,En ligne,Bricolage,Échelle alu,1,354.67
2024-06-01,En ligne,Mode,T-shirt coton,1,504.67
2024-06-01,Roubaix,Maison,Rideau occultant,4,384.6
2024-06-01,En ligne,Mode,T-shirt coton,1,504.67
2024-06-01,Lille,Sport,Vélo VTT,3,1635.63
2024-06-01,Lille,Mode,T-shirt coton,3,1514.01
2024-06-01,Amiens,Maison,Lampe LED,1,134.22
2024-06-01,Lille,Maison,Étagère bois,2,559.18
2024-06-01,Amiens,Mode,Jean homme,2,544.54
2024-06-01,En ligne,Bricolage,Perceuse,4,422.64
2024-06-01,Valenciennes,Électroménager,Bouilloire,4,2613.74
2024-06-01,Lille,Maison,Lampe LED,3,322.13
2024-06-01,Valenciennes,Bricolage,Perceuse,1,105.66
2024-06-01,Amiens,Électroménager,Robot cuiseur,3,749.91
2024-06-01,Dunkerque,Mode,Jean homme,3,735.13
2024-06-01,Lille,Sport,Chaussures running,2,1139.06
2024-06-01,Valenciennes,Sport,Haltères 10kg,4,393.2
2024-06-01,Tourcoing,Électroménager,Aspirateur,1,191.18
2024-06-02,Lille,Sport,Vélo VTT,1,545.21
2024-06-02,Roubaix,Maison,Rideau occultant,1,101.21
2024-06-02,Dunkerque,Maison,Set casseroles,3,2014.52
2024-06-02,Roubaix,Mode,Robe été,3,889.56
2024-06-02,Tourcoing,Maison,Set casseroles,4,2827.4
2024-06-02,Tourcoing,Mode,Pull laine,3,2653.47
2024-06-02,Valenciennes,Sport,Tapis yoga,4,2633.44
2024-06-02,Roubaix,Mode,Baskets ville,3,1312.45
2024-06-02,Dunkerque,Sport,Vélo VTT,3,1635.63
2024-06-02,Roubaix,Maison,Lampe LED,2,241.6
2024-06-02,Lille,Maison,Rideau occultant,2,202.42
2024-06-02,Valenciennes,Bricolage,Peinture 5L,1,609.0
2024-06-02,Lille,Mode,Jean homme,1,272.27
2024-06-02,Tourcoing,Maison,Rideau occultant,6,607.26
2024-06-02,Tourcoing,Maison,Canapé 3 places,1,246.23
2024-06-03,Tourcoing,Électroménager,Cafetière,4,1568.96
2024-06-03,En ligne,Maison,Lampe LED,3,402.66
2024-06-03,Valenciennes,Mode,Robe été,1,281.69
2024-06-03,Lille,Mode,Veste hiver,1,623.19
2024-06-03,Roubaix,Sport,Ballon foot,2,160.16
2024-06-03,Lille,Mode,Pull laine,1,884.49
2024-06-03,Lille,Sport,Vélo VTT,1,545.21
2024-06-03,Dunkerque,Maison,Étagère bois,4,1118.36
2024-06-03,Lille,Électroménager,Micro-ondes,3,1359.48
2024-06-03,Valenciennes,Maison,Canapé 3 places,1,246.23
2024-06-03,Dunkerque,Sport,Raquette tennis,5,3530.95
2024-06-03,Roubaix,Bricolage,Peinture 5L,1,609.0
2024-06-03,Dunkerque,Bricolage,Perceuse,5,528.3
2024-06-03,Valenciennes,Électroménager,Cafetière,4,1568.96
2024-06-04,Dunkerque,Sport,Maillot bain,1,333.23
2024-06-04,Valenciennes,Électroménager,Cafetière,3,1176.72
2024-06-04,Lille,Maison,Couette 220x240,4,896.36
2024-06-04,En ligne,Sport,Vélo VTT,1,545.21
2024-06-04,Amiens,Électroménager,Robot cuiseur,5,999.88
2024-06-04,Tourcoing,Sport,Raquette tennis,5,3530.95
2024-06-04,Valenciennes,Sport,Raquette tennis,2,1412.38
2024-06-04,Valenciennes,Maison,Canapé 3 places,2,467.84
2024-06-04,Roubaix,Sport,Tapis yoga,1,592.52
2024-06-04,Dunkerque,Maison,Canapé 3 places,2,443.21
2024-06-04,En ligne,Bricolage,Perceuse,1,105.66
2024-06-04,Dunkerque,Maison,Étagère bois,3,754.89
2024-06-04,Lille,Électroménager,Bouilloire,2,1452.08
2024-06-04,Amiens,Mode,Robe été,4,1186.08
2024-06-04,En ligne,Bricolage,Perceuse,3,316.98
2024-06-04,Roubaix,Sport,Ballon foot,4,400.4
2024-06-04,Dunkerque,Électroménager,Aspirateur,3,573.54
2024-06-04,Tourcoing,Mode,Robe été,3,845.08
2024-06-04,Tourcoing,Sport,Tapis yoga,4,2106.75
2024-06-04,Amiens,Bricolage,Perceuse,3,316.98
2024-06-05,Lille,Bricolage,Perceuse,1,105.66
2024-06-05,Lille,Électroménager,Aspirateur,2,382.36
2024-06-05,Dunkerque,Bricolage,Boîte à outils,2,158.1
2024-06-05,Roubaix,Bricolage,Échelle alu,4,1418.68
2024-06-05,Lille,Bricolage,Échelle alu,1,354.67
2024-06-05,Tourcoing,Maison,Rideau occultant,4,404.84
2024-06-05,Valenciennes,Maison,Lampe LED,3,402.66
2024-06-05,Roubaix,Maison,Lampe LED,5,603.99
2024-06-05,Valenciennes,Maison,Set casseroles,1,706.85
2024-06-05,Dunkerque,Maison,Étagère bois,6,1677.54
2024-06-05,Tourcoing,Bricolage,Boîte à outils,3,249.63
2024-06-05,Dunkerque,Mode,Jean homme,2,544.54
2024-06-05,En ligne,Mode,Jean homme,4,1089.08
2024-06-05,Roubaix,Sport,Haltères 10kg,3,294.9
2024-06-05,Amiens,Maison,Étagère bois,2,559.18
2024-06-05,Roubaix,Mode,Pull laine,1,884.49
2024-06-06,Roubaix,Électroménager,Robot cuiseur,4,949.89
2024-06-06,Roubaix,Mode,Jean homme,1,272.27
2024-06-06,Tourcoing,Maison,Étagère bois,3,838.77
2024-06-06,Tourcoing,Bricolage,Boîte à outils,2,166.42
2024-06-06,Roubaix,Mode,Baskets ville,4,1657.84
2024-06-06,Dunkerque,Maison,Canapé 3 places,2,492.46
2024-06-06,Dunkerque,Maison,Étagère bois,1,251.63
2024-06-06,Dunkerque,Électroménager,Cafetière,3,1176.72
2024-06-06,Valenciennes,Sport,Tapis yoga,1,625.44
2024-06-06,Lille,Sport,Tapis yoga,2,1316.72
2024-06-06,Amiens,Électroménager,Aspirateur,1,191.18
2024-06-06,Valenciennes,Électroménager,Micro-ondes,1,430.5
2024-06-06,Tourcoing,Électroménager,Micro-ondes,3,1359.48
2024-06-06,Valenciennes,Maison,Étagère bois,6,1677.54
2024-06-06,Roubaix,Sport,Chaussures running,3,1708.59
2024-06-06,En ligne,Sport,Raquette tennis,5,3530.95
2024-06-06,Lille,Mode,T-shirt coton,2,1009.34
2024-06-06,Lille,Sport,Raquette tennis,3,1906.71
2024-06-06,Valenciennes,Sport,Ballon foot,1,95.09
2024-06-07,Lille,Maison,Set casseroles,1,706.85
2024-06-07,Valenciennes,Bricolage,Peinture 5L,3,1644.3
2024-06-07,Amiens,Électroménager,Micro-ondes,1,453.16
2024-06-07,Dunkerque,Mode,Robe été,1,296.52
2024-06-07,Dunkerque,Sport,Tapis yoga,5,3291.8
2024-06-07,Amiens,Bricolage,Boîte à outils,2,166.42
2024-06-07,Amiens,Maison,Canapé 3 places,5,1231.15
2024-06-07,Roubaix,Maison,Couette 220x240,4,717.09
2024-06-07,Lille,Électroménager,Bouilloire,2,1452.08
2024-06-07,Amiens,Bricolage,Perceuse,2,211.32
2024-06-07,Roubaix,Mode,Jean homme,2,544.54
2024-06-07,Roubaix,Électroménager,Robot cuiseur,3,749.91
2024-06-07,Amiens,Sport,Ballon foot,1,100.1
2024-06-07,Tourcoing,Maison,Étagère bois,1,279.59
2024-06-07,Tourcoing,Électroménager,Aspirateur,4,764.72
2024-06-07,Lille,Bricolage,Tournevis set,2,1272.56
2024-06-07,Valenciennes,Électroménager,Cafetière,2,784.48
2024-06-07,En ligne,Mode,Pull laine,3,2653.47
2024-06-07,Dunkerque,Mode,Pull laine,3,2653.47
2024-06-07,Tourcoing,Maison,Lampe LED,3,382.53
2024-06-08,Lille,Sport,Haltères 10kg,3,294.9
2024-06-08,Dunkerque,Électroménager,Robot cuiseur,3,749.91
2024-06-08,Dunkerque,Sport,Maillot bain,2,701.54
2024-06-08,Dunkerque,Maison,Set casseroles,2,1413.7
2024-06-08,Roubaix,Électroménager,Micro-ondes,5,2265.8
2024-06-08,Lille,Mode,Jean homme,4,1089.08
2024-06-08,Dunkerque,Sport,Raquette tennis,1,670.88
2024-06-08,Lille,Sport,Vélo VTT,1,545.21
2024-06-08,Roubaix,Mode,Veste hiver,4,2623.96
2024-06-08,Lille,Sport,Maillot bain,3,1052.31
2024-06-08,Amiens,Maison,Canapé 3 places,1,246.23
2024-06-08,Lille,Mode,Pull laine,1,884.49
2024-06-08,Roubaix,Sport,Vélo VTT,2,872.34
2024-06-08,Lille,Mode,Veste hiver,3,1967.97
2024-06-08,Tourcoing,Maison,Étagère bois,4,1062.44
2024-06-08,Roubaix,Mode,Pull laine,2,1768.98
2024-06-08,Amiens,Bricolage,Échelle alu,3,1064.01
2024-06-09,Lille,Électroménager,Robot cuiseur,4,999.88
2024-06-09,Tourcoing,Électroménager,Cafetière,1,392.24
2024-06-09,Amiens,Mode,T-shirt coton,3,1514.01
2024-06-09,Tourcoing,Maison,Canapé 3 places,1,246.23
2024-06-09,Tourcoing,Maison,Étagère bois,2,559.18
2024-06-09,En ligne,Sport,Tapis yoga,1,658.36
2024-06-09,Dunkerque,Sport,Haltères 10kg,3,280.15
2024-06-09,Dunkerque,Sport,Ballon foot,3,300.3
2024-06-09,Dunkerque,Maison,Rideau occultant,4,384.6
2024-06-09,Dunkerque,Mode,Pull laine,1,884.49
2024-06-09,Amiens,Maison,Set casseroles,1,706.85
2024-06-09,Dunkerque,Électroménager,Robot cuiseur,3,749.91
2024-06-09,Lille,Électroménager,Bouilloire,1,726.04
2024-06-09,En ligne,Mode,Robe été,1,296.52
2024-06-09,Tourcoing,Mode,Veste hiver,3,1967.97
2024-06-09,Tourcoing,Bricolage,Perceuse,3,316.98
2024-06-09,Amiens,Sport,Vélo VTT,4,2180.84
2024-06-10,Tourcoing,Électroménager,Micro-ondes,3,1359.48
2024-06-10,Valenciennes,Électroménager,Robot cuiseur,3,674.92
2024-06-10,Roubaix,Sport,Vélo VTT,2,1035.9
2024-06-10,En ligne,Sport,Vélo VTT,4,2071.8
2024-06-10,Dunkerque,Électroménager,Micro-ondes,2,906.32
2024-06-10,Lille,Sport,Ballon foot,3,270.27
2024-06-10,En ligne,Sport,Tapis yoga,5,3291.8
2024-06-10,Dunkerque,Sport,Tapis yoga,2,1316.72
2024-06-10,Dunkerque,Électroménager,Robot cuiseur,3,749.91
2024-06-10,Dunkerque,Mode,Veste hiver,3,1869.57
2024-06-10,Roubaix,Bricolage,Tournevis set,5,3181.4
2024-06-11,Roubaix,Mode,Veste hiver,2,1311.98
2024-06-11,Tourcoing,Électroménager,Robot cuiseur,3,749.91
2024-06-11,Valenciennes,Électroménager,Cafetière,1,392.24
2024-06-11,Amiens,Bricolage,Échelle alu,3,957.61
2024-06-11,Tourcoing,Bricolage,Peinture 5L,1,609.0
2024-06-11,Lille,Maison,Étagère bois,3,838.77
2024-06-11,Dunkerque,Bricolage,Perceuse,3,316.98
2024-06-11,Valenciennes,Mode,Pull laine,3,2122.78
2024-06-11,Roubaix,Maison,Étagère bois,3,796.83
2024-06-11,Amiens,Maison,Couette 220x240,1,179.27
2024-06-11,Tourcoing,Électroménager,Réfrigérateur,1,387.37
2024-06-11,Roubaix,Mode,Veste hiver,1,655.99
2024-06-11,En ligne,Mode,Veste hiver,3,1967.97
2024-06-11,Lille,Maison,Set casseroles,1,706.85
2024-06-12,Roubaix,Électroménager,Micro-ondes,1,453.16
2024-06-12,Roubaix,Maison,Couette 220x240,2,448.18
2024-06-12,Dunkerque,Bricolage,Tournevis set,4,2545.12
2024-06-12,Roubaix,Maison,Rideau occultant,2,202.42
2024-06-12,Roubaix,Électroménager,Bouilloire,6,4356.24
2024-06-12,Roubaix,Maison,Couette 220x240,1,224.09
2024-06-12,Valenciennes,Sport,Maillot bain,3,999.69
2024-06-12,Dunkerque,Mode,Baskets ville,5,2302.55
2024-06-12,Tourcoing,Mode,Robe été,3,889.56
2024-06-12,Dunkerque,Électroménager,Micro-ondes,1,453.16
2024-06-12,Roubaix,Mode,T-shirt coton,2,1009.34
2024-06-12,Dunkerque,Électroménager,Cafetière,4,1568.96
2024-06-12,Tourcoing,Mode,Baskets ville,3,1105.22
2024-06-12,Lille,Mode,Baskets ville,4,1842.04
2024-06-12,En ligne,Sport,Tapis yoga,4,2633.44
2024-06-12,Roubaix,Maison,Canapé 3 places,4,984.92
2024-06-12,Amiens,Sport,Ballon foot,1,100.1
2024-06-12,Dunkerque,Maison,Couette 220x240,1,224.09
2024-06-12,Lille,Sport,Vélo VTT,3,1635.63
2024-06-12,Lille,Électroménager,Réfrigérateur,1,387.37
2024-06-12,Lille,Bricolage,Échelle alu,5,1596.02
2024-06-13,Lille,Mode,Robe été,3,889.56
2024-06-13,Amiens,Bricolage,Boîte à outils,3,249.63
2024-06-13,Amiens,Mode,Veste hiver,3,1967.97
2024-06-13,En ligne,Bricolage,Perceuse,4,422.64
2024-06-13,Lille,Bricolage,Échelle alu,2,709.34
2024-06-13,Roubaix,Bricolage,Tournevis set,3,1908.84
2024-06-13,Tourcoing,Bricolage,Échelle alu,2,638.41
2024-06-13,Amiens,Maison,Couette 220x240,3,672.27
2024-06-13,Lille,Sport,Vélo VTT,3,1635.63
2024-06-13,En ligne,Mode,Jean homme,4,1089.08
2024-06-13,Amiens,Sport,Chaussures running,2,1139.06
2024-06-13,En ligne,Sport,Maillot bain,5,1753.85
2024-06-13,Lille,Maison,Couette 220x240,1,224.09
2024-06-14,Dunkerque,Bricolage,Peinture 5L,5,2892.75
2024-06-14,Tourcoing,Mode,T-shirt coton,3,1514.01
2024-06-14,Lille,Sport,Vélo VTT,3,1635.63
2024-06-14,Valenciennes,Sport,Haltères 10kg,2,196.6
2024-06-14,Tourcoing,Sport,Haltères 10kg,5,442.35
2024-06-14,Dunkerque,Mode,Veste hiver,3,1967.97
2024-06-14,Lille,Bricolage,Peinture 5L,5,3045.0
2024-06-14,Dunkerque,Sport,Ballon foot,2,200.2
2024-06-14,Amiens,Bricolage,Tournevis set,1,604.47
2024-06-14,Lille,Électroménager,Bouilloire,1,726.04
2024-06-14,Roubaix,Mode,Robe été,4,1126.78
2024-06-14,Lille,Mode,Robe été,3,889.56
2024-06-14,Tourcoing,Bricolage,Échelle alu,1,319.2
2024-06-14,Lille,Électroménager,Cafetière,3,1176.72
2024-06-14,En ligne,Sport,Chaussures running,3,1708.59
2024-06-14,Roubaix,Mode,T-shirt coton,1,504.67
2024-06-14,En ligne,Maison,Canapé 3 places,5,1231.15
2024-06-14,Roubaix,Bricolage,Tournevis set,1,636.28
2024-06-14,En ligne,Sport,Chaussures running,1,569.53
2024-06-14,Dunkerque,Bricolage,Échelle alu,2,709.34
2024-06-15,En ligne,Électroménager,Cafetière,2,784.48
2024-06-15,En ligne,Mode,Pull laine,5,4422.45
2024-06-15,Valenciennes,Maison,Rideau occultant,2,202.42
2024-06-15,En ligne,Maison,Canapé 3 places,4,886.43
2024-06-15,Roubaix,Bricolage,Boîte à outils,4,332.84
2024-06-15,Tourcoing,Mode,T-shirt coton,5,2523.35
2024-06-15,Lille,Bricolage,Échelle alu,1,354.67
2024-06-15,Tourcoing,Bricolage,Peinture 5L,4,2436.0
2024-06-15,Amiens,Maison,Set casseroles,4,2686.03
2024-06-15,Valenciennes,Électroménager,Réfrigérateur,4,1472.01
2024-06-15,En ligne,Bricolage,Peinture 5L,3,1735.65
2024-06-15,Roubaix,Électroménager,Aspirateur,4,764.72
2024-06-15,Lille,Électroménager,Aspirateur,6,1147.08
2024-06-15,Tourcoing,Sport,Haltères 10kg,3,294.9
2024-06-15,Amiens,Sport,Chaussures running,4,2050.31
2024-06-15,Amiens,Mode,Pull laine,4,3537.96
2024-06-15,Lille,Électroménager,Cafetière,2,784.48
2024-06-15,Dunkerque,Électroménager,Cafetière,2,784.48
2024-06-16,Amiens,Mode,T-shirt coton,1,504.67
2024-06-16,Valenciennes,Électroménager,Aspirateur,4,764.72
2024-06-16,En ligne,Électroménager,Micro-ondes,4,1450.11
2024-06-16,Lille,Sport,Tapis yoga,1,658.36
2024-06-16,Roubaix,Maison,Étagère bois,3,838.77
2024-06-16,Dunkerque,Bricolage,Tournevis set,4,2545.12
2024-06-16,Roubaix,Mode,Baskets ville,1,460.51
2024-06-16,Dunkerque,Bricolage,Peinture 5L,1,609.0
2024-06-16,Dunkerque,Maison,Rideau occultant,3,303.63
2024-06-16,Dunkerque,Électroménager,Cafetière,1,392.24
2024-06-16,Dunkerque,Maison,Set casseroles,2,1413.7
2024-06-16,Valenciennes,Mode,T-shirt coton,1,504.67
2024-06-16,Dunkerque,Mode,T-shirt coton,3,1514.01
2024-06-16,Lille,Maison,Étagère bois,6,1677.54
2024-06-16,Tourcoing,Maison,Canapé 3 places,1,246.23
2024-06-16,Amiens,Sport,Tapis yoga,1,658.36
2024-06-16,Valenciennes,Maison,Canapé 3 places,5,1231.15
2024-06-16,Tourcoing,Maison,Rideau occultant,2,202.42
2024-06-17,Lille,Mode,Pull laine,5,4422.45
2024-06-17,Valenciennes,Sport,Haltères 10kg,4,393.2
2024-06-17,Dunkerque,Sport,Vélo VTT,1,545.21
2024-06-17,Dunkerque,Mode,Baskets ville,1,460.51
2024-06-17,En ligne,Sport,Maillot bain,3,1052.31
2024-06-17,Valenciennes,Bricolage,Tournevis set,1,636.28
2024-06-17,En ligne,Sport,Raquette tennis,5,3354.4
2024-06-17,Lille,Mode,Pull laine,1,884.49
2024-06-17,Dunkerque,Mode,Veste hiver,2,1311.98
2024-06-17,Valenciennes,Mode,Jean homme,5,1293.28
2024-06-17,Valenciennes,Mode,T-shirt coton,5,2523.35
2024-06-17,Tourcoing,Mode,Pull laine,4,3537.96
2024-06-17,Amiens,Électroménager,Cafetière,1,372.63
2024-06-17,Lille,Électroménager,Aspirateur,4,764.72
2024-06-17,En ligne,Électroménager,Robot cuiseur,4,949.89
2024-06-18,Amiens,Bricolage,Tournevis set,3,1908.84
2024-06-18,Roubaix,Bricolage,Perceuse,1,105.66
2024-06-18,Roubaix,Bricolage,Perceuse,2,211.32
2024-06-18,Valenciennes,Mode,T-shirt coton,4,2018.68
2024-06-18,Lille,Électroménager,Micro-ondes,6,2718.96
2024-06-18,Amiens,Maison,Étagère bois,1,279.59
2024-06-18,Dunkerque,Mode,Veste hiver,4,2623.96
2024-06-18,Lille,Sport,Maillot bain,4,1332.93
2024-06-18,Valenciennes,Maison,Set casseroles,3,2120.55
2024-06-18,En ligne,Électroménager,Cafetière,3,1059.05
2024-06-18,Amiens,Maison,Set casseroles,2,1413.7
2024-06-18,Roubaix,Maison,Rideau occultant,2,192.3
2024-06-18,Roubaix,Sport,Chaussures running,3,1623.16
2024-06-19,En ligne,Bricolage,Peinture 5L,1,609.0
2024-06-19,Roubaix,Sport,Chaussures running,2,1139.06
2024-06-19,En ligne,Mode,Veste hiver,2,1311.98
2024-06-19,Roubaix,Bricolage,Boîte à outils,2,158.1
2024-06-19,En ligne,Maison,Étagère bois,3,838.77
2024-06-19,En ligne,Bricolage,Tournevis set,4,2290.61
2024-06-19,Roubaix,Mode,Robe été,2,533.74
2024-06-19,Valenciennes,Maison,Rideau occultant,3,303.63
2024-06-19,Roubaix,Maison,Couette 220x240,1,224.09
2024-06-19,Roubaix,Bricolage,Peinture 5L,1,548.1
2024-06-19,Amiens,Bricolage,Tournevis set,3,1908.84
2024-06-19,Dunkerque,Mode,Veste hiver,5,3279.95
2024-06-19,Amiens,Bricolage,Échelle alu,2,709.34
2024-06-19,Dunkerque,Maison,Set casseroles,2,1413.7
2024-06-19,Tourcoing,Sport,Chaussures running,4,2278.12
2024-06-19,Lille,Sport,Vélo VTT,2,1090.42
2024-06-19,Valenciennes,Maison,Set casseroles,3,2014.52
2024-06-20,Roubaix,Électroménager,Robot cuiseur,3,749.91
2024-06-20,Dunkerque,Mode,Robe été,4,1186.08
2024-06-20,Lille,Électroménager,Micro-ondes,3,1359.48
2024-06-20,Roubaix,Électroménager,Aspirateur,4,726.48
2024-06-20,Amiens,Maison,Lampe LED,3,402.66
2024-06-20,En ligne,Bricolage,Tournevis set,4,2545.12
2024-06-20,En ligne,Électroménager,Réfrigérateur,1,387.37
2024-06-20,Dunkerque,Sport,Raquette tennis,2,1412.38
2024-06-20,Lille,Mode,Jean homme,3,775.97
2024-06-20,Lille,Sport,Chaussures running,4,2278.12
2024-06-20,Lille,Bricolage,Perceuse,4,338.11
2024-06-20,Lille,Électroménager,Réfrigérateur,4,1472.01
2024-06-20,Valenciennes,Électroménager,Réfrigérateur,5,1936.85
2024-06-20,Lille,Bricolage,Tournevis set,5,3181.4
2024-06-20,Lille,Maison,Canapé 3 places,3,738.69
2024-06-20,Tourcoing,Électroménager,Aspirateur,6,1147.08
2024-06-20,Dunkerque,Mode,T-shirt coton,2,1009.34
2024-06-20,Valenciennes,Sport,Chaussures running,4,2278.12
2024-06-20,Dunkerque,Sport,Raquette tennis,4,2824.76
2024-06-21,Lille,Bricolage,Échelle alu,2,709.34
2024-06-21,Lille,Sport,Haltères 10kg,3,294.9
2024-06-21,Roubaix,Sport,Tapis yoga,4,2633.44
2024-06-21,Valenciennes,Mode,Baskets ville,1,414.46
2024-06-21,Lille,Bricolage,Peinture 5L,4,2436.0
2024-06-21,Valenciennes,Électroménager,Micro-ondes,2,906.32
2024-06-21,Tourcoing,Sport,Tapis yoga,3,1975.08
2024-06-21,Dunkerque,Sport,Vélo VTT,2,981.38
2024-06-21,Amiens,Mode,Robe été,2,593.04
2024-06-21,Dunkerque,Sport,Maillot bain,3,1052.31
2024-06-21,Roubaix,Maison,Lampe LED,1,134.22
2024-06-22,Tourcoing,Bricolage,Échelle alu,2,709.34
2024-06-22,Valenciennes,Électroménager,Cafetière,2,784.48
2024-06-22,Tourcoing,Sport,Raquette tennis,1,706.19
2024-06-22,Tourcoing,Sport,Tapis yoga,3,1975.08
2024-06-22,Amiens,Sport,Chaussures running,4,2278.12
2024-06-22,Dunkerque,Mode,T-shirt coton,5,2523.35
2024-06-22,En ligne,Bricolage,Tournevis set,3,1908.84
2024-06-22,Amiens,Bricolage,Perceuse,2,169.06
2024-06-22,Lille,Mode,Jean homme,1,272.27
2024-06-22,Roubaix,Électroménager,Robot cuiseur,2,474.94
2024-06-22,Amiens,Sport,Vélo VTT,4,2180.84
2024-06-22,En ligne,Mode,Robe été,2,593.04
2024-06-22,Roubaix,Sport,Haltères 10kg,3,294.9
2024-06-22,Amiens,Électroménager,Aspirateur,1,191.18
2024-06-22,Lille,Maison,Étagère bois,4,1118.36
2024-06-22,Tourcoing,Maison,Étagère bois,3,838.77
2024-06-23,Lille,Mode,Robe été,3,889.56
2024-06-23,Dunkerque,Maison,Set casseroles,4,2827.4
2024-06-23,Lille,Bricolage,Tournevis set,4,2545.12
2024-06-23,Roubaix,Sport,Tapis yoga,3,1975.08
2024-06-23,Lille,Maison,Set casseroles,4,2686.03
2024-06-23,Tourcoing,Mode,T-shirt coton,2,1009.34
2024-06-23,Roubaix,Mode,Robe été,3,889.56
2024-06-23,Dunkerque,Bricolage,Échelle alu,2,709.34
2024-06-23,En ligne,Maison,Rideau occultant,3,303.63
2024-06-23,Amiens,Sport,Ballon foot,1,100.1
2024-06-23,Roubaix,Sport,Raquette tennis,5,3354.4
2024-06-23,Amiens,Bricolage,Boîte à outils,2,158.1
2024-06-24,Lille,Mode,Robe été,3,889.56
2024-06-24,Dunkerque,Mode,Robe été,4,1186.08
2024-06-24,Amiens,Maison,Set casseroles,3,2120.55
2024-06-24,Lille,Bricolage,Peinture 5L,1,609.0
2024-06-24,Valenciennes,Maison,Couette 220x240,2,448.18
2024-06-24,Roubaix,Sport,Raquette tennis,3,2118.57
2024-06-24,En ligne,Mode,Jean homme,2,544.54
2024-06-24,Tourcoing,Mode,Veste hiver,2,1311.98
2024-06-24,Lille,Électroménager,Bouilloire,1,726.04
2024-06-24,Tourcoing,Sport,Ballon foot,2,180.18
2024-06-24,Roubaix,Mode,Baskets ville,3,1381.53
2024-06-24,Tourcoing,Électroménager,Micro-ondes,2,906.32
2024-06-24,Valenciennes,Bricolage,Peinture 5L,2,1218.0
2024-06-24,Tourcoing,Sport,Haltères 10kg,2,176.94
2024-06-24,Valenciennes,Mode,Robe été,3,889.56
2024-06-24,Dunkerque,Électroménager,Cafetière,1,353.02
2024-06-24,Valenciennes,Bricolage,Peinture 5L,3,1827.0
2024-06-25,Amiens,Bricolage,Boîte à outils,1,83.21
2024-06-25,Lille,Sport,Chaussures running,3,1708.59
2024-06-25,Amiens,Électroménager,Micro-ondes,2,906.32
2024-06-25,Lille,Bricolage,Perceuse,1,105.66
2024-06-25,Lille,Bricolage,Échelle alu,3,957.61
2024-06-25,Amiens,Maison,Couette 220x240,3,672.27
2024-06-25,Lille,Bricolage,Tournevis set,1,636.28
2024-06-25,Lille,Maison,Lampe LED,1,127.51
2024-06-25,Valenciennes,Sport,Maillot bain,2,701.54
2024-06-25,Valenciennes,Sport,Chaussures running,6,2733.74
2024-06-25,Roubaix,Électroménager,Robot cuiseur,5,1249.85
2024-06-25,Lille,Maison,Couette 220x240,1,224.09
2024-06-25,En ligne,Maison,Set casseroles,4,2544.66
2024-06-25,Dunkerque,Mode,Veste hiver,2,1311.98
2024-06-25,Amiens,Bricolage,Perceuse,1,105.66
2024-06-26,Lille,Bricolage,Peinture 5L,1,609.0
2024-06-26,Roubaix,Sport,Ballon foot,4,400.4
2024-06-26,Lille,Maison,Couette 220x240,3,537.82
2024-06-26,Dunkerque,Sport,Tapis yoga,4,2501.77
2024-06-26,En ligne,Électroménager,Robot cuiseur,2,474.94
2024-06-26,Lille,Mode,Baskets ville,4,1842.04
2024-06-26,Tourcoing,Mode,Pull laine,2,1768.98
2024-06-26,Lille,Électroménager,Aspirateur,1,191.18
2024-06-26,Valenciennes,Mode,Veste hiver,3,1967.97
2024-06-26,Valenciennes,Bricolage,Tournevis set,2,1272.56
2024-06-26,Lille,Maison,Canapé 3 places,2,492.46
2024-06-26,En ligne,Bricolage,Échelle alu,4,1418.68
2024-06-26,Roubaix,Électroménager,Réfrigérateur,2,774.74
2024-06-26,En ligne,Électroménager,Aspirateur,1,191.18
2024-06-26,Lille,Sport,Chaussures running,6,3246.32
2024-06-26,Lille,Électroménager,Aspirateur,2,382.36
2024-06-26,Lille,Maison,Lampe LED,4,510.04
2024-06-27,Amiens,Sport,Ballon foot,1,90.09
2024-06-27,Valenciennes,Sport,Haltères 10kg,3,294.9
2024-06-27,Valenciennes,Bricolage,Peinture 5L,4,2314.2
2024-06-27,Roubaix,Sport,Raquette tennis,3,2118.57
2024-06-27,Lille,Maison,Étagère bois,2,559.18
2024-06-27,Tourcoing,Maison,Lampe LED,1,134.22
2024-06-27,Lille,Sport,Vélo VTT,3,1635.63
2024-06-27,Lille,Électroménager,Réfrigérateur,3,1162.11
2024-06-27,Roubaix,Sport,Ballon foot,1,90.09
2024-06-27,En ligne,Électroménager,Robot cuiseur,2,499.94
2024-06-27,En ligne,Sport,Tapis yoga,4,2370.1
2024-06-27,Roubaix,Bricolage,Peinture 5L,2,1218.0
2024-06-27,Tourcoing,Sport,Ballon foot,3,240.24
2024-06-27,Lille,Bricolage,Boîte à outils,3,249.63
2024-06-27,Tourcoing,Bricolage,Boîte à outils,3,249.63
2024-06-27,Valenciennes,Maison,Canapé 3 places,2,492.46
2024-06-28,Valenciennes,Bricolage,Boîte à outils,3,249.63
2024-06-28,En ligne,Bricolage,Tournevis set,4,2545.12
2024-06-28,Amiens,Sport,Ballon foot,5,500.5
2024-06-28,Roubaix,Sport,Haltères 10kg,4,393.2
2024-06-28,Roubaix,Électroménager,Micro-ondes,1,453.16
2024-06-28,Roubaix,Électroménager,Micro-ondes,5,1812.64
2024-06-28,Amiens,Maison,Canapé 3 places,3,738.69
2024-06-28,Lille,Électroménager,Robot cuiseur,3,749.91
2024-06-28,En ligne,Électroménager,Bouilloire,5,3630.2
2024-06-28,Amiens,Bricolage,Tournevis set,3,1908.84
2024-06-28,Tourcoing,Bricolage,Peinture 5L,1,609.0
2024-06-28,Lille,Sport,Tapis yoga,1,658.36
2024-06-28,Dunkerque,Maison,Set casseroles,1,706.85
2024-06-28,Lille,Électroménager,Robot cuiseur,1,237.47
2024-06-28,En ligne,Électroménager,Bouilloire,3,1960.31
2024-06-28,Lille,Sport,Vélo VTT,2,1090.42
2024-06-28,Roubaix,Bricolage,Boîte à outils,5,416.05
2024-06-28,Tourcoing,Électroménager,Cafetière,2,784.48
2024-06-28,Lille,Mode,Robe été,1,296.52
2024-06-28,Lille,Sport,Vélo VTT,4,2180.84
2024-06-28,Amiens,Sport,Tapis yoga,1,658.36
2024-06-28,Lille,Mode,T-shirt coton,3,1514.01
2024-06-28,Dunkerque,Électroménager,Bouilloire,4,2904.16
2024-06-28,En ligne,Sport,Chaussures running,3,1623.16
2024-06-28,Lille,Électroménager,Robot cuiseur,3,749.91
2024-06-28,Roubaix,Mode,T-shirt coton,3,1514.01
2024-06-28,Dunkerque,Électroménager,Aspirateur,3,573.54
2024-06-29,En ligne,Mode,Pull laine,2,1768.98
2024-06-29,Tourcoing,Électroménager,Cafetière,4,1412.06
2024-06-29,En ligne,Électroménager,Réfrigérateur,3,1162.11
2024-06-29,Dunkerque,Bricolage,Échelle alu,5,1773.35
2024-06-29,Tourcoing,Électroménager,Robot cuiseur,1,249.97
2024-06-29,Lille,Maison,Canapé 3 places,3,701.76
2024-06-29,Valenciennes,Bricolage,Tournevis set,3,1908.84
2024-06-29,Roubaix,Bricolage,Boîte à outils,2,166.42
2024-06-29,Valenciennes,Bricolage,Tournevis set,5,3181.4
2024-06-29,En ligne,Électroménager,Micro-ondes,2,861.0
2024-06-29,En ligne,Électroménager,Bouilloire,4,2904.16
2024-06-29,Dunkerque,Sport,Raquette tennis,2,1412.38
2024-06-29,Roubaix,Mode,Jean homme,1,272.27
2024-06-29,Valenciennes,Maison,Set casseroles,3,2120.55
2024-06-29,Lille,Bricolage,Perceuse,1,105.66
2024-06-29,Amiens,Maison,Rideau occultant,3,303.63
2024-06-29,Roubaix,Sport,Haltères 10kg,1,98.3
2024-06-30,Valenciennes,Mode,Baskets ville,2,921.02
2024-06-30,Tourcoing,Bricolage,Échelle alu,3,1064.01
2024-06-30,Tourcoing,Sport,Raquette tennis,3,2118.57
2024-06-30,Roubaix,Maison,Rideau occultant,1,101.21
2024-06-30,Roubaix,Bricolage,Tournevis set,3,1813.4
2024-06-30,Lille,Mode,Baskets ville,5,2187.42
2024-06-30,Amiens,Maison,Rideau occultant,1,101.21
2024-06-30,Tourcoing,Maison,Set casseroles,1,706.85
2024-06-30,Amiens,Mode,Veste hiver,1,655.99
2024-06-30,Lille,Bricolage,Perceuse,4,422.64
2024-06-30,Tourcoing,Maison,Lampe LED,2,241.6
2024-06-30,Valenciennes,Maison,Canapé 3 places,2,492.46
2024-06-30,Dunkerque,Bricolage,Peinture 5L,3,1827.0
2024-06-30,Amiens,Maison,Rideau occultant,1,101.21
2024-06-30,Lille,Mode,Veste hiver,2,1311.98
2024-06-30,Roubaix,Bricolage,Perceuse,4,422.64
2024-06-30,Lille,Mode,Baskets ville,1,460.51
2024-06-30,Valenciennes,Mode,Baskets ville,2,921.02
2024-07-01,Roubaix,Sport,Haltères 10kg,8,786.4
2024-07-01,Lille,Électroménager,Robot cuiseur,5,1249.85
2024-07-01,Amiens,Sport,Raquette tennis,6,4025.28
2024-07-01,Valenciennes,Sport,Haltères 10kg,4,393.2
2024-07-01,Roubaix,Maison,Lampe LED,1,107.38
2024-07-01,Roubaix,Mode,Veste hiver,3,1967.97
2024-07-01,Tourcoing,Électroménager,Cafetière,2,784.48
2024-07-01,En ligne,Maison,Rideau occultant,3,303.63
2024-07-01,Lille,Mode,Veste hiver,2,1180.78
2024-07-01,Lille,Électroménager,Bouilloire,1,726.04
2024-07-01,En ligne,Sport,Chaussures running,2,1139.06
2024-07-01,Amiens,Maison,Set casseroles,5,3357.54
2024-07-01,En ligne,Mode,Jean homme,3,816.81
2024-07-02,Amiens,Maison,Couette 220x240,2,448.18
2024-07-02,Lille,Maison,Étagère bois,3,838.77
2024-07-02,Tourcoing,Sport,Vélo VTT,7,3816.47
2024-07-02,Amiens,Électroménager,Réfrigérateur,7,2711.59
2024-07-02,Valenciennes,Sport,Vélo VTT,8,4361.68
2024-07-02,Tourcoing,Sport,Haltères 10kg,1,93.38
2024-07-02,Lille,Maison,Lampe LED,2,268.44
2024-07-02,Valenciennes,Sport,Raquette tennis,4,2824.76
2024-07-02,En ligne,Électroménager,Réfrigérateur,6,2324.22
2024-07-02,Lille,Maison,Couette 220x240,1,224.09
2024-07-02,Lille,Bricolage,Boîte à outils,1,66.57
2024-07-02,Tourcoing,Maison,Set casseroles,5,3534.25
2024-07-02,Amiens,Maison,Rideau occultant,1,96.15
2024-07-02,Roubaix,Maison,Canapé 3 places,1,246.23
2024-07-02,Dunkerque,Maison,Couette 220x240,3,672.27
2024-07-02,Lille,Bricolage,Perceuse,3,316.98
2024-07-02,Dunkerque,Sport,Tapis yoga,6,3950.16
2024-07-02,Lille,Maison,Lampe LED,4,536.88
2024-07-02,Amiens,Mode,Veste hiver,7,4591.93
2024-07-02,Lille,Bricolage,Échelle alu,4,1276.81
2024-07-02,En ligne,Sport,Vélo VTT,5,2726.05
2024-07-03,Tourcoing,Bricolage,Boîte à outils,5,416.05
2024-07-03,Amiens,Mode,Baskets ville,2,921.02
2024-07-03,Dunkerque,Électroménager,Micro-ondes,2,906.32
2024-07-03,Amiens,Maison,Étagère bois,7,1957.13
2024-07-03,En ligne,Sport,Haltères 10kg,7,688.1
2024-07-03,En ligne,Mode,Veste hiver,4,2623.96
2024-07-03,Lille,Sport,Raquette tennis,3,2118.57
2024-07-03,Lille,Maison,Couette 220x240,3,672.27
2024-07-03,Dunkerque,Sport,Tapis yoga,1,658.36
2024-07-03,Valenciennes,Mode,Jean homme,1,245.04
2024-07-03,Lille,Bricolage,Boîte à outils,3,249.63
2024-07-03,Roubaix,Maison,Couette 220x240,1,212.89
2024-07-03,Amiens,Sport,Chaussures running,5,2705.27
2024-07-03,Tourcoing,Bricolage,Échelle alu,3,1064.01
2024-07-03,En ligne,Mode,Robe été,5,1482.6
2024-07-03,En ligne,Maison,Étagère bois,7,1957.13
2024-07-03,Roubaix,Maison,Couette 220x240,5,1120.45
2024-07-03,En ligne,Électroménager,Robot cuiseur,3,749.91
2024-07-03,Roubaix,Sport,Tapis yoga,2,1316.72
2024-07-03,Amiens,Maison,Étagère bois,1,279.59
2024-07-03,En ligne,Maison,Étagère bois,6,1677.54
2024-07-04,Dunkerque,Bricolage,Boîte à outils,5,395.25
2024-07-04,Lille,Mode,Baskets ville,7,3062.39
2024-07-04,Amiens,Électroménager,Bouilloire,7,5082.28
2024-07-04,Tourcoing,Mode,Pull laine,5,4422.45
2024-07-04,Roubaix,Électroménager,Robot cuiseur,1,249.97
2024-07-04,Tourcoing,Maison,Lampe LED,5,671.1
2024-07-04,Roubaix,Bricolage,Boîte à outils,4,266.27
2024-07-04,Lille,Électroménager,Cafetière,4,1568.96
2024-07-04,Tourcoing,Bricolage,Échelle alu,7,2482.69
2024-07-04,Amiens,Maison,Set casseroles,6,4241.1
2024-07-05,En ligne,Électroménager,Cafetière,1,372.63
2024-07-05,Lille,Maison,Lampe LED,8,1073.76
2024-07-05,Lille,Sport,Maillot bain,6,2104.62
2024-07-05,Amiens,Mode,Pull laine,8,6722.12
2024-07-05,Roubaix,Maison,Set casseroles,4,2827.4
2024-07-05,Roubaix,Sport,Maillot bain,7,2455.39
2024-07-05,En ligne,Sport,Ballon foot,8,800.8
2024-07-05,Valenciennes,Sport,Maillot bain,2,701.54
2024-07-05,En ligne,Électroménager,Micro-ondes,3,1291.51
2024-07-05,Valenciennes,Maison,Canapé 3 places,4,984.92
2024-07-05,Valenciennes,Bricolage,Peinture 5L,5,3045.0
2024-07-05,Dunkerque,Sport,Maillot bain,3,1052.31
2024-07-05,Amiens,Mode,Veste hiver,5,3279.95
2024-07-05,Lille,Bricolage,Perceuse,1,105.66
2024-07-05,Tourcoing,Mode,Pull laine,5,4422.45
2024-07-05,Lille,Électroménager,Robot cuiseur,3,749.91
2024-07-06,En ligne,Électroménager,Cafetière,5,1961.2
2024-07-06,Lille,Mode,Pull laine,2,1768.98
2024-07-06,Lille,Bricolage,Échelle alu,8,2837.36
2024-07-06,En ligne,Sport,Tapis yoga,1,658.36
2024-07-06,Roubaix,Maison,Lampe LED,3,362.39
2024-07-06,Tourcoing,Électroménager,Cafetière,2,784.48
2024-07-06,Dunkerque,Maison,Étagère bois,6,1677.54
2024-07-06,Dunkerque,Sport,Haltères 10kg,3,294.9
2024-07-06,Roubaix,Électroménager,Micro-ondes,2,906.32
2024-07-06,Lille,Sport,Raquette tennis,1,706.19
2024-07-06,Amiens,Mode,Pull laine,1,884.49
2024-07-06,Amiens,Mode,T-shirt coton,3,1514.01
2024-07-06,Lille,Bricolage,Échelle alu,2,709.34
2024-07-06,Lille,Maison,Lampe LED,5,671.1
2024-07-06,En ligne,Sport,Chaussures running,7,3986.71
2024-07-06,En ligne,Maison,Set casseroles,6,4241.1
2024-07-06,Lille,Mode,Pull laine,1,884.49
2024-07-06,En ligne,Sport,Vélo VTT,1,545.21
2024-07-06,Roubaix,Mode,Veste hiver,3,1771.17
2024-07-06,Valenciennes,Bricolage,Perceuse,7,591.7
2024-07-06,Dunkerque,Bricolage,Tournevis set,3,1908.84
2024-07-07,Valenciennes,Maison,Couette 220x240,3,605.04
2024-07-07,Lille,Bricolage,Perceuse,2,211.32
2024-07-07,Amiens,Électroménager,Cafetière,6,2353.44
2024-07-07,Tourcoing,Sport,Tapis yoga,6,3950.16
2024-07-07,Lille,Mode,Jean homme,6,1633.62
2024-07-07,Lille,Sport,Vélo VTT,1,545.21
2024-07-07,Roubaix,Bricolage,Échelle alu,3,1064.01
2024-07-07,Roubaix,Électroménager,Cafetière,2,706.03
2024-07-07,Tourcoing,Bricolage,Tournevis set,7,4008.56
2024-07-07,Tourcoing,Bricolage,Boîte à outils,1,83.21
2024-07-07,Dunkerque,Mode,Veste hiver,6,3935.94
2024-07-07,Tourcoing,Maison,Set casseroles,1,706.85
2024-07-07,Lille,Maison,Étagère bois,6,1677.54
2024-07-07,Lille,Bricolage,Tournevis set,4,2545.12
2024-07-07,Dunkerque,Mode,Baskets ville,5,2302.55
2024-07-07,Valenciennes,Électroménager,Aspirateur,1,191.18
2024-07-07,Tourcoing,Électroménager,Robot cuiseur,6,1499.82
2024-07-07,Dunkerque,Mode,Baskets ville,3,1381.53
2024-07-07,Valenciennes,Mode,Jean homme,2,517.31
2024-07-07,Dunkerque,Électroménager,Robot cuiseur,8,1999.76
2024-07-07,En ligne,Maison,Canapé 3 places,5,1231.15
2024-07-07,En ligne,Sport,Vélo VTT,5,2589.75
2024-07-07,Lille,Maison,Étagère bois,3,838.77
2024-07-08,Valenciennes,Mode,T-shirt coton,2,1009.34
2024-07-08,Lille,Maison,Couette 220x240,4,896.36
2024-07-08,Amiens,Électroménager,Réfrigérateur,2,697.27
2024-07-08,Amiens,Mode,Pull laine,4,3537.96
2024-07-08,Lille,Sport,Chaussures running,5,2847.65
2024-07-08,Amiens,Bricolage,Boîte à outils,6,449.33
2024-07-08,Tourcoing,Maison,Rideau occultant,6,607.26
2024-07-08,Amiens,Bricolage,Échelle alu,5,1773.35
2024-07-08,Amiens,Bricolage,Peinture 5L,6,3471.3
2024-07-08,Roubaix,Maison,Rideau occultant,4,323.87
2024-07-09,Roubaix,Électroménager,Bouilloire,1,726.04
2024-07-09,Valenciennes,Sport,Vélo VTT,2,1090.42
2024-07-09,En ligne,Mode,Robe été,3,889.56
2024-07-09,En ligne,Maison,Couette 220x240,5,896.36
2024-07-09,En ligne,Sport,Haltères 10kg,4,393.2
2024-07-09,Roubaix,Maison,Canapé 3 places,5,1231.15
2024-07-09,En ligne,Bricolage,Échelle alu,6,2128.02
2024-07-09,Lille,Mode,Pull laine,8,7075.92
2024-07-09,En ligne,Bricolage,Tournevis set,3,1908.84
2024-07-09,Roubaix,Électroménager,Micro-ondes,2,906.32
2024-07-09,Dunkerque,Bricolage,Échelle alu,1,354.67
2024-07-09,Amiens,Électroménager,Micro-ondes,6,2447.06
2024-07-09,Dunkerque,Électroménager,Cafetière,1,392.24
2024-07-09,Dunkerque,Sport,Ballon foot,5,500.5
2024-07-09,Roubaix,Maison,Couette 220x240,8,1792.72
2024-07-09,Tourcoing,Sport,Maillot bain,1,350.77
2024-07-09,Lille,Bricolage,Tournevis set,2,1272.56
2024-07-09,Amiens,Bricolage,Peinture 5L,1,609.0
2024-07-10,Valenciennes,Sport,Haltères 10kg,1,98.3
2024-07-10,En ligne,Sport,Haltères 10kg,1,93.38
2024-07-10,Roubaix,Sport,Vélo VTT,6,3107.7
2024-07-10,Lille,Sport,Tapis yoga,7,4608.52
2024-07-10,Valenciennes,Mode,Robe été,1,296.52
2024-07-10,Dunkerque,Bricolage,Perceuse,3,316.98
2024-07-10,En ligne,Sport,Raquette tennis,3,2118.57
2024-07-10,Lille,Mode,Robe été,3,889.56
2024-07-10,Lille,Bricolage,Tournevis set,3,1813.4
2024-07-10,En ligne,Électroménager,Robot cuiseur,6,1499.82
2024-07-10,Tourcoing,Électroménager,Réfrigérateur,3,1162.11
2024-07-10,Lille,Maison,Lampe LED,5,637.54
2024-07-10,Lille,Mode,Veste hiver,8,5247.92
2024-07-10,En ligne,Bricolage,Perceuse,3,316.98
2024-07-10,En ligne,Bricolage,Perceuse,2,211.32
2024-07-10,Roubaix,Bricolage,Boîte à outils,3,249.63
2024-07-10,Lille,Sport,Maillot bain,3,1052.31
2024-07-10,Amiens,Sport,Chaussures running,1,569.53
2024-07-10,Valenciennes,Électroménager,Bouilloire,3,2178.12
2024-07-10,Lille,Mode,T-shirt coton,2,958.87
2024-07-10,Roubaix,Mode,Pull laine,3,2653.47
2024-07-11,Lille,Maison,Étagère bois,4,1118.36
2024-07-11,En ligne,Mode,Pull laine,3,2520.8
2024-07-11,Tourcoing,Sport,Ballon foot,1,100.1
2024-07-11,En ligne,Mode,Baskets ville,7,3223.57
2024-07-11,Dunkerque,Mode,Robe été,5,1482.6
2024-07-11,Dunkerque,Bricolage,Peinture 5L,5,2892.75
2024-07-11,Amiens,Bricolage,Tournevis set,1,636.28
2024-07-11,Roubaix,Mode,Baskets ville,2,921.02
2024-07-11,Valenciennes,Maison,Canapé 3 places,5,1231.15
2024-07-11,En ligne,Maison,Rideau occultant,1,80.97
2024-07-11,Tourcoing,Électroménager,Réfrigérateur,6,2324.22
2024-07-11,Tourcoing,Sport,Haltères 10kg,4,393.2
2024-07-11,Lille,Maison,Couette 220x240,5,1120.45
2024-07-11,Roubaix,Bricolage,Perceuse,6,633.96
2024-07-11,Dunkerque,Électroménager,Bouilloire,1,726.04
2024-07-11,Dunkerque,Mode,Veste hiver,4,2623.96
2024-07-11,Amiens,Bricolage,Perceuse,2,211.32
2024-07-11,Lille,Sport,Haltères 10kg,3,294.9
2024-07-11,En ligne,Mode,Pull laine,3,2653.47
2024-07-11,En ligne,Maison,Canapé 3 places,8,1969.84
2024-07-12,Dunkerque,Sport,Haltères 10kg,4,393.2
2024-07-12,Valenciennes,Sport,Tapis yoga,6,3950.16
2024-07-12,Lille,Maison,Canapé 3 places,2,492.46
2024-07-12,Amiens,Mode,T-shirt coton,2,1009.34
2024-07-12,Roubaix,Électroménager,Micro-ondes,1,453.16
2024-07-12,Valenciennes,Mode,Robe été,2,593.04
2024-07-12,Valenciennes,Électroménager,Réfrigérateur,7,2711.59
2024-07-12,Dunkerque,Mode,Jean homme,6,1633.62
2024-07-12,Valenciennes,Maison,Couette 220x240,5,1120.45
2024-07-12,Roubaix,Sport,Maillot bain,5,1578.46
2024-07-12,En ligne,Électroménager,Aspirateur,5,955.9
2024-07-12,Lille,Électroménager,Micro-ondes,8,3625.28
2024-07-12,Lille,Électroménager,Micro-ondes,5,2265.8
2024-07-13,En ligne,Mode,Veste hiver,1,655.99
2024-07-13,Roubaix,Bricolage,Tournevis set,2,1208.93
2024-07-13,Dunkerque,Sport,Vélo VTT,2,1090.42
2024-07-13,Lille,Maison,Rideau occultant,1,101.21
2024-07-13,Dunkerque,Maison,Couette 220x240,7,1568.63
2024-07-13,Amiens,Maison,Couette 220x240,6,1344.54
2024-07-13,Lille,Mode,Pull laine,5,4422.45
2024-07-13,Tourcoing,Maison,Rideau occultant,2,202.42
2024-07-13,Valenciennes,Sport,Maillot bain,5,1753.85
2024-07-13,En ligne,Mode,T-shirt coton,1,504.67
2024-07-13,Dunkerque,Maison,Couette 220x240,3,638.66
2024-07-13,Dunkerque,Électroménager,Réfrigérateur,1,387.37
2024-07-13,Valenciennes,Bricolage,Tournevis set,5,3181.4
2024-07-13,Amiens,Maison,Couette 220x240,3,672.27
2024-07-14,Lille,Électroménager,Robot cuiseur,1,249.97
2024-07-14,En ligne,Maison,Set casseroles,3,2014.52
2024-07-14,Roubaix,Sport,Vélo VTT,7,3816.47
2024-07-14,Lille,Électroménager,Aspirateur,4,764.72
2024-07-14,Lille,Maison,Canapé 3 places,6,1477.38
2024-07-14,Lille,Maison,Set casseroles,5,3534.25
2024-07-14,Valenciennes,Maison,Canapé 3 places,7,1723.61
2024-07-14,Dunkerque,Maison,Set casseroles,8,5654.8
2024-07-14,Dunkerque,Sport,Raquette tennis,5,3530.95
2024-07-14,En ligne,Bricolage,Peinture 5L,2,1157.1
2024-07-14,Dunkerque,Bricolage,Boîte à outils,1,74.89
2024-07-14,Dunkerque,Bricolage,Tournevis set,5,3181.4
2024-07-15,Roubaix,Sport,Chaussures running,1,569.53
2024-07-15,Lille,Sport,Tapis yoga,1,658.36
2024-07-15,Lille,Bricolage,Boîte à outils,1,83.21
2024-07-15,Lille,Électroménager,Réfrigérateur,3,1162.11
2024-07-15,Lille,Mode,Pull laine,8,6722.12
2024-07-15,Amiens,Maison,Rideau occultant,7,708.47
2024-07-15,Dunkerque,Sport,Raquette tennis,1,706.19
2024-07-15,En ligne,Mode,Baskets ville,5,2302.55
2024-07-15,Dunkerque,Maison,Set casseroles,7,4700.55
2024-07-15,Valenciennes,Électroménager,Cafetière,6,2118.1
2024-07-15,Amiens,Maison,Étagère bois,1,279.59
2024-07-15,Lille,Sport,Chaussures running,6,3417.18
2024-07-15,Roubaix,Mode,Jean homme,4,1089.08
2024-07-15,Lille,Mode,Baskets ville,4,1842.04
2024-07-15,Roubaix,Mode,Pull laine,3,2653.47
2024-07-15,En ligne,Électroménager,Aspirateur,1,191.18
2024-07-15,Dunkerque,Électroménager,Bouilloire,1,726.04
2024-07-15,Lille,Électroménager,Bouilloire,7,5082.28
2024-07-15,Lille,Sport,Haltères 10kg,4,393.2
2024-07-16,Amiens,Sport,Vélo VTT,7,3816.47
2024-07-16,En ligne,Bricolage,Tournevis set,6,3817.68
2024-07-16,Dunkerque,Électroménager,Robot cuiseur,1,249.97
2024-07-16,Roubaix,Électroménager,Cafetière,4,1568.96
2024-07-16,Valenciennes,Mode,Veste hiver,2,1311.98
2024-07-16,Dunkerque,Sport,Chaussures running,5,2847.65
2024-07-16,En ligne,Sport,Vélo VTT,5,2726.05
2024-07-16,Dunkerque,Sport,Vélo VTT,1,545.21
2024-07-16,Dunkerque,Mode,Baskets ville,3,1312.45
2024-07-16,Lille,Électroménager,Cafetière,3,1176.72
2024-07-16,En ligne,Sport,Maillot bain,1,350.77
2024-07-16,Roubaix,Mode,Robe été,9,2668.68
2024-07-16,Amiens,Sport,Chaussures running,2,1139.06
2024-07-17,Amiens,Bricolage,Tournevis set,7,4453.96
2024-07-17,En ligne,Sport,Tapis yoga,1,658.36
2024-07-17,Lille,Électroménager,Cafetière,5,1961.2
2024-07-17,Dunkerque,Sport,Tapis yoga,1,658.36
2024-07-17,Amiens,Électroménager,Robot cuiseur,1,249.97
2024-07-17,Dunkerque,Maison,Étagère bois,5,1397.95
2024-07-17,Roubaix,Maison,Rideau occultant,7,708.47
2024-07-17,Tourcoing,Sport,Haltères 10kg,5,491.5
2024-07-17,Valenciennes,Sport,Chaussures running,4,2164.21
2024-07-17,Lille,Bricolage,Échelle alu,6,1915.22
2024-07-17,En ligne,Électroménager,Bouilloire,5,2904.16
2024-07-17,Roubaix,Mode,Veste hiver,6,3935.94
2024-07-17,Amiens,Bricolage,Tournevis set,6,3817.68
2024-07-17,Valenciennes,Mode,Pull laine,3,2122.78
2024-07-17,Dunkerque,Maison,Lampe LED,5,671.1
2024-07-17,Lille,Maison,Set casseroles,1,636.17
2024-07-17,En ligne,Maison,Étagère bois,1,279.59
2024-07-17,Amiens,Maison,Rideau occultant,3,303.63
2024-07-17,Roubaix,Bricolage,Peinture 5L,8,4872.0
2024-07-18,En ligne,Électroménager,Micro-ondes,7,3172.12
2024-07-18,En ligne,Électroménager,Cafetière,4,1568.96
2024-07-18,Lille,Bricolage,Peinture 5L,3,1827.0
2024-07-18,Lille,Maison,Lampe LED,4,536.88
2024-07-18,Roubaix,Maison,Étagère bois,1,279.59
2024-07-18,Roubaix,Mode,Robe été,5,1334.34
2024-07-18,Dunkerque,Maison,Lampe LED,3,402.66
2024-07-18,Roubaix,Maison,Canapé 3 places,2,492.46
2024-07-18,Valenciennes,Bricolage,Peinture 5L,4,2436.0
2024-07-18,Lille,Sport,Raquette tennis,5,3354.4
2024-07-18,Lille,Électroménager,Micro-ondes,5,2152.51
2024-07-18,Roubaix,Sport,Maillot bain,5,1753.85
2024-07-18,Dunkerque,Maison,Étagère bois,3,838.77
2024-07-18,Lille,Sport,Vélo VTT,3,1635.63
2024-07-18,Valenciennes,Sport,Vélo VTT,1,545.21
2024-07-18,Lille,Sport,Chaussures running,2,1139.06
2024-07-18,Dunkerque,Bricolage,Perceuse,6,570.56
2024-07-18,Lille,Mode,Baskets ville,5,2072.3
2024-07-18,Dunkerque,Bricolage,Tournevis set,7,4008.56
2024-07-18,Amiens,Sport,Ballon foot,3,240.24
2024-07-18,Dunkerque,Électroménager,Robot cuiseur,5,1249.85
2024-07-18,Lille,Électroménager,Robot cuiseur,2,499.94
2024-07-18,En ligne,Mode,Robe été,1,296.52
2024-07-19,Lille,Sport,Ballon foot,6,600.6
2024-07-19,Roubaix,Électroménager,Micro-ondes,1,407.84
2024-07-19,Valenciennes,Électroménager,Micro-ondes,8,3625.28
2024-07-19,En ligne,Électroménager,Bouilloire,6,4356.24
2024-07-19,Tourcoing,Sport,Tapis yoga,6,3950.16
2024-07-19,Valenciennes,Bricolage,Échelle alu,5,1773.35
2024-07-19,Roubaix,Bricolage,Échelle alu,1,354.67
2024-07-19,Amiens,Électroménager,Réfrigérateur,5,1936.85
2024-07-19,Roubaix,Électroménager,Robot cuiseur,1,249.97
2024-07-19,Roubaix,Sport,Ballon foot,1,100.1
2024-07-19,Lille,Sport,Chaussures running,3,1623.16
2024-07-20,Lille,Sport,Raquette tennis,6,4237.14
2024-07-20,Valenciennes,Bricolage,Échelle alu,1,283.74
2024-07-20,En ligne,Bricolage,Échelle alu,3,851.21
2024-07-20,Lille,Sport,Raquette tennis,8,5649.52
2024-07-20,Dunkerque,Bricolage,Perceuse,1,105.66
2024-07-20,Dunkerque,Maison,Set casseroles,4,2827.4
2024-07-20,En ligne,Sport,Raquette tennis,4,2824.76
2024-07-20,Lille,Sport,Tapis yoga,3,1975.08
2024-07-20,Lille,Maison,Lampe LED,3,402.66
2024-07-20,Lille,Mode,T-shirt coton,5,2523.35
2024-07-20,Dunkerque,Maison,Set casseroles,5,3534.25
2024-07-20,Valenciennes,Électroménager,Cafetière,5,1961.2
2024-07-20,Lille,Maison,Lampe LED,2,268.44
2024-07-21,Lille,Mode,T-shirt coton,4,2018.68
2024-07-21,En ligne,Mode,Robe été,2,593.04
2024-07-21,En ligne,Maison,Étagère bois,5,1397.95
2024-07-21,Lille,Sport,Haltères 10kg,2,186.77
2024-07-21,Amiens,Électroménager,Cafetière,5,1961.2
2024-07-21,Lille,Mode,Robe été,3,889.56
2024-07-21,En ligne,Mode,Baskets ville,6,2763.06
2024-07-21,Lille,Maison,Set casseroles,1,706.85
2024-07-21,En ligne,Mode,Veste hiver,4,2623.96
2024-07-22,Lille,Bricolage,Peinture 5L,7,4263.0
2024-07-22,En ligne,Électroménager,Réfrigérateur,5,1936.85
2024-07-22,En ligne,Maison,Rideau occultant,1,80.97
2024-07-22,Roubaix,Bricolage,Perceuse,5,528.3
2024-07-22,Valenciennes,Sport,Raquette tennis,5,3177.86
2024-07-22,Valenciennes,Bricolage,Échelle alu,2,709.34
2024-07-22,Lille,Sport,Vélo VTT,2,1090.42
2024-07-22,Roubaix,Sport,Tapis yoga,2,1316.72
2024-07-22,En ligne,Bricolage,Échelle alu,4,1418.68
2024-07-22,Amiens,Mode,Robe été,7,2075.64
2024-07-22,Dunkerque,Bricolage,Peinture 5L,1,609.0
2024-07-22,Dunkerque,Maison,Lampe LED,3,362.39
2024-07-22,Amiens,Sport,Raquette tennis,6,4237.14
2024-07-22,En ligne,Mode,Jean homme,3,816.81
2024-07-22,Lille,Sport,Vélo VTT,3,1635.63
2024-07-22,Tourcoing,Électroménager,Robot cuiseur,4,999.88
2024-07-23,Roubaix,Maison,Lampe LED,2,241.6
2024-07-23,Valenciennes,Sport,Maillot bain,3,1052.31
2024-07-23,Amiens,Mode,Robe été,6,1779.12
2024-07-23,Dunkerque,Bricolage,Boîte à outils,7,582.47
2024-07-23,Amiens,Sport,Maillot bain,6,1999.39
2024-07-23,En ligne,Sport,Vélo VTT,2,1090.42
2024-07-23,En ligne,Électroménager,Bouilloire,4,2904.16
2024-07-23,Dunkerque,Mode,T-shirt coton,7,3532.69
2024-07-23,Roubaix,Mode,Jean homme,7,1905.89
2024-07-23,Amiens,Mode,Pull laine,7,6191.43
2024-07-23,Roubaix,Maison,Set casseroles,6,4029.04
2024-07-24,Lille,Électroménager,Robot cuiseur,4,999.88
2024-07-24,Amiens,Mode,Robe été,8,2372.16
2024-07-24,En ligne,Mode,Pull laine,5,4422.45
2024-07-24,Lille,Sport,Raquette tennis,3,2118.57
2024-07-24,Tourcoing,Sport,Tapis yoga,8,5266.88
2024-07-24,En ligne,Sport,Chaussures running,2,911.25
2024-07-24,En ligne,Sport,Haltères 10kg,1,93.38
2024-07-24,Roubaix,Électroménager,Micro-ondes,3,1359.48
2024-07-24,Roubaix,Sport,Chaussures running,4,2278.12
2024-07-24,Lille,Électroménager,Robot cuiseur,2,499.94
2024-07-24,Dunkerque,Bricolage,Perceuse,7,739.62
2024-07-24,Tourcoing,Bricolage,Peinture 5L,1,609.0
2024-07-24,Roubaix,Mode,Robe été,8,2372.16
2024-07-25,Lille,Électroménager,Bouilloire,5,3630.2
2024-07-25,Roubaix,Maison,Couette 220x240,4,896.36
2024-07-25,Dunkerque,Électroménager,Réfrigérateur,3,1162.11
2024-07-25,Lille,Maison,Lampe LED,5,671.1
2024-07-25,Lille,Sport,Raquette tennis,5,3530.95
2024-07-25,Roubaix,Mode,Robe été,6,1690.16
2024-07-25,Valenciennes,Mode,Veste hiver,7,4591.93
2024-07-25,Dunkerque,Maison,Rideau occultant,3,303.63
2024-07-25,Dunkerque,Électroménager,Robot cuiseur,1,237.47
2024-07-25,En ligne,Maison,Set casseroles,4,2827.4
2024-07-25,En ligne,Sport,Vélo VTT,7,3625.65
2024-07-25,En ligne,Mode,Pull laine,1,884.49
2024-07-25,Valenciennes,Mode,Baskets ville,3,1381.53
2024-07-25,Roubaix,Électroménager,Robot cuiseur,1,249.97
2024-07-25,Lille,Sport,Ballon foot,2,200.2
2024-07-25,Lille,Électroménager,Bouilloire,3,2178.12
2024-07-25,Valenciennes,Électroménager,Aspirateur,3,573.54
2024-07-25,Lille,Électroménager,Bouilloire,1,726.04
2024-07-25,Dunkerque,Mode,Robe été,6,1690.16
2024-07-25,Tourcoing,Bricolage,Tournevis set,3,1908.84
2024-07-25,Dunkerque,Sport,Haltères 10kg,5,491.5
2024-07-25,Lille,Mode,Veste hiver,3,1967.97
2024-07-25,Amiens,Sport,Chaussures running,3,1708.59
2024-07-25,Lille,Maison,Rideau occultant,1,101.21
2024-07-25,Dunkerque,Maison,Canapé 3 places,7,1723.61
2024-07-26,Dunkerque,Sport,Chaussures running,5,2847.65
2024-07-26,Roubaix,Bricolage,Peinture 5L,6,3471.3
2024-07-26,Amiens,Électroménager,Bouilloire,6,4356.24
2024-07-26,Lille,Électroménager,Réfrigérateur,5,1936.85
2024-07-26,Dunkerque,Maison,Couette 220x240,1,224.09
2024-07-26,En ligne,Mode,Jean homme,3,775.97
2024-07-26,Dunkerque,Électroménager,Micro-ondes,4,1812.64
2024-07-26,Roubaix,Sport,Chaussures running,4,2164.21
2024-07-26,Lille,Mode,Robe été,7,2075.64
2024-07-26,Amiens,Mode,Baskets ville,6,2486.75
2024-07-26,Roubaix,Électroménager,Cafetière,7,2745.68
2024-07-26,Roubaix,Sport,Maillot bain,1,350.77
2024-07-26,Roubaix,Mode,Jean homme,6,1633.62
2024-07-26,Lille,Bricolage,Boîte à outils,7,582.47
2024-07-26,Dunkerque,Bricolage,Boîte à outils,2,166.42
2024-07-27,Lille,Sport,Raquette tennis,6,4237.14
2024-07-27,Valenciennes,Bricolage,Peinture 5L,5,2436.0
2024-07-27,Amiens,Sport,Tapis yoga,3,1580.06
2024-07-27,Roubaix,Électroménager,Aspirateur,3,573.54
2024-07-27,Dunkerque,Sport,Haltères 10kg,2,196.6
2024-07-27,Amiens,Maison,Étagère bois,2,531.22
2024-07-27,En ligne,Maison,Canapé 3 places,6,1477.38
2024-07-27,En ligne,Bricolage,Boîte à outils,3,249.63
2024-07-27,Lille,Bricolage,Perceuse,6,633.96
2024-07-27,En ligne,Bricolage,Échelle alu,1,354.67
2024-07-27,Roubaix,Mode,Baskets ville,4,1749.94
2024-07-28,Roubaix,Sport,Vélo VTT,6,3271.26
2024-07-28,Dunkerque,Bricolage,Tournevis set,2,1272.56
2024-07-28,Dunkerque,Sport,Maillot bain,5,1753.85
2024-07-28,En ligne,Électroménager,Bouilloire,6,4356.24
2024-07-28,Amiens,Électroménager,Robot cuiseur,8,1899.77
2024-07-28,Lille,Maison,Canapé 3 places,3,664.82
2024-07-28,Valenciennes,Maison,Couette 220x240,3,672.27
2024-07-28,Lille,Mode,Baskets ville,1,437.48
2024-07-28,En ligne,Sport,Vélo VTT,5,2726.05
2024-07-28,Amiens,Électroménager,Aspirateur,3,573.54
2024-07-28,Valenciennes,Sport,Ballon foot,2,200.2
2024-07-28,Amiens,Sport,Maillot bain,5,1753.85
2024-07-28,Valenciennes,Électroménager,Bouilloire,5,3630.2
2024-07-28,En ligne,Maison,Lampe LED,5,671.1
2024-07-28,Valenciennes,Maison,Lampe LED,8,1073.76
2024-07-28,Tourcoing,Mode,T-shirt coton,7,3532.69
2024-07-28,Amiens,Maison,Rideau occultant,1,101.21
2024-07-28,Dunkerque,Électroménager,Micro-ondes,1,453.16
2024-07-28,Roubaix,Sport,Maillot bain,6,2104.62
2024-07-28,Dunkerque,Électroménager,Bouilloire,1,726.04
2024-07-29,Roubaix,Bricolage,Boîte à outils,1,83.21
2024-07-29,Roubaix,Maison,Set casseroles,1,706.85
2024-07-29,Valenciennes,Maison,Lampe LED,1,134.22
2024-07-29,Roubaix,Sport,Ballon foot,5,500.5
2024-07-29,En ligne,Mode,Robe été,8,2372.16
2024-07-29,Tourcoing,Électroménager,Cafetière,5,1961.2
2024-07-29,Lille,Bricolage,Boîte à outils,7,582.47
2024-07-29,Roubaix,Sport,Chaussures running,7,3986.71
2024-07-29,Amiens,Maison,Set casseroles,8,5654.8
2024-07-29,Tourcoing,Bricolage,Échelle alu,5,1773.35
2024-07-29,Lille,Électroménager,Aspirateur,3,544.86
2024-07-29,Amiens,Bricolage,Boîte à outils,6,499.26
2024-07-29,Tourcoing,Électroménager,Bouilloire,4,2904.16
2024-07-29,Dunkerque,Sport,Haltères 10kg,8,786.4
2024-07-30,Amiens,Sport,Chaussures running,5,2847.65
2024-07-30,Amiens,Sport,Chaussures running,5,2847.65
2024-07-30,Tourcoing,Électroménager,Aspirateur,5,955.9
2024-07-30,Valenciennes,Mode,Veste hiver,6,3935.94
2024-07-30,Roubaix,Mode,T-shirt coton,4,2018.68
2024-07-30,Amiens,Mode,Baskets ville,2,921.02
2024-07-30,Lille,Sport,Vélo VTT,3,1635.63
2024-07-30,Valenciennes,Électroménager,Aspirateur,1,191.18
2024-07-30,Tourcoing,Bricolage,Boîte à outils,4,299.56
2024-07-30,Tourcoing,Maison,Set casseroles,7,4947.95
2024-07-30,Dunkerque,Bricolage,Peinture 5L,2,1218.0
2024-07-30,Roubaix,Mode,T-shirt coton,2,1009.34
2024-07-31,Roubaix,Bricolage,Tournevis set,3,1908.84
2024-07-31,Lille,Mode,Baskets ville,1,460.51
2024-07-31,Roubaix,Mode,Baskets ville,7,3223.57
2024-07-31,Valenciennes,Sport,Tapis yoga,5,3291.8
2024-07-31,Roubaix,Mode,Baskets ville,5,2302.55
2024-07-31,Roubaix,Bricolage,Peinture 5L,6,3288.6
2024-07-31,En ligne,Sport,Haltères 10kg,4,353.88
2024-07-31,Roubaix,Bricolage,Perceuse,3,253.58
2024-07-31,Roubaix,Sport,Haltères 10kg,4,393.2
2024-07-31,Amiens,Électroménager,Aspirateur,1,191.18
2024-07-31,Dunkerque,Électroménager,Robot cuiseur,4,949.89
2024-07-31,Valenciennes,Mode,Jean homme,3,816.81
2024-07-31,Lille,Électroménager,Robot cuiseur,2,499.94
2024-07-31,Roubaix,Bricolage,Boîte à outils,3,249.63
2024-07-31,Roubaix,Bricolage,Tournevis set,1,636.28
2024-07-31,En ligne,Électroménager,Réfrigérateur,6,2324.22
2024-08-01,Dunkerque,Mode,T-shirt coton,4,2018.68
2024-08-01,En ligne,Électroménager,Robot cuiseur,3,749.91
2024-08-01,Amiens,Bricolage,Boîte à outils,5,416.05
2024-08-01,En ligne,Mode,Jean homme,3,816.81
2024-08-01,Valenciennes,Mode,Robe été,4,1186.08
2024-08-01,Roubaix,Maison,Étagère bois,3,838.77
2024-08-01,Amiens,Maison,Étagère bois,1,279.59
2024-08-01,Tourcoing,Électroménager,Robot cuiseur,1,249.97
2024-08-01,Lille,Sport,Ballon foot,1,100.1
2024-08-01,Roubaix,Bricolage,Perceuse,3,316.98
2024-08-01,Valenciennes,Sport,Tapis yoga,3,1975.08
2024-08-01,En ligne,Sport,Haltères 10kg,4,393.2
2024-08-01,En ligne,Sport,Raquette tennis,1,706.19
2024-08-01,Valenciennes,Sport,Maillot bain,3,841.85
2024-08-01,Dunkerque,Sport,Ballon foot,2,200.2
2024-08-02,Roubaix,Sport,Chaussures running,1,512.58
2024-08-02,En ligne,Électroménager,Bouilloire,2,1452.08
2024-08-02,Lille,Maison,Set casseroles,4,2827.4
2024-08-02,Dunkerque,Électroménager,Réfrigérateur,5,1549.48
2024-08-02,Roubaix,Sport,Chaussures running,2,1139.06
2024-08-02,Dunkerque,Électroménager,Micro-ondes,1,453.16
2024-08-02,Roubaix,Bricolage,Échelle alu,3,1064.01
2024-08-02,Dunkerque,Maison,Étagère bois,4,1118.36
2024-08-02,Valenciennes,Maison,Étagère bois,1,279.59
2024-08-02,Dunkerque,Sport,Haltères 10kg,2,196.6
2024-08-02,Dunkerque,Mode,T-shirt coton,3,1514.01
2024-08-02,Lille,Mode,Baskets ville,3,1312.45
2024-08-02,Amiens,Électroménager,Cafetière,2,784.48
2024-08-02,Tourcoing,Mode,Robe été,2,593.04
2024-08-02,Amiens,Mode,Jean homme,4,1089.08
2024-08-02,Roubaix,Sport,Raquette tennis,3,2118.57
2024-08-03,Dunkerque,Maison,Set casseroles,4,2544.66
2024-08-03,Lille,Mode,Jean homme,5,1293.28
2024-08-03,Roubaix,Mode,Robe été,4,1186.08
2024-08-03,Lille,Bricolage,Perceuse,1,105.66
2024-08-03,Lille,Sport,Vélo VTT,3,1635.63
2024-08-03,Lille,Électroménager,Robot cuiseur,4,999.88
2024-08-03,Lille,Maison,Set casseroles,4,2827.4
2024-08-03,Roubaix,Bricolage,Boîte à outils,3,249.63
2024-08-03,En ligne,Mode,Pull laine,3,2653.47
2024-08-03,Roubaix,Mode,T-shirt coton,1,504.67
2024-08-03,Lille,Bricolage,Tournevis set,3,1908.84
2024-08-03,Valenciennes,Sport,Raquette tennis,4,2824.76
2024-08-03,Dunkerque,Sport,Tapis yoga,3,1975.08
2024-08-03,Dunkerque,Électroménager,Cafetière,1,392.24
2024-08-03,Lille,Électroménager,Micro-ondes,4,1812.64
2024-08-03,Valenciennes,Sport,Raquette tennis,1,706.19
2024-08-03,Lille,Maison,Rideau occultant,3,303.63
2024-08-03,Amiens,Bricolage,Perceuse,1,105.66
2024-08-04,Tourcoing,Sport,Haltères 10kg,3,294.9
2024-08-04,Dunkerque,Électroménager,Cafetière,2,784.48
2024-08-04,Lille,Mode,Robe été,3,889.56
2024-08-04,Tourcoing,Maison,Couette 220x240,1,224.09
2024-08-04,Roubaix,Sport,Chaussures running,1,569.53
2024-08-04,Valenciennes,Mode,Pull laine,3,2653.47
2024-08-04,En ligne,Mode,Baskets ville,3,1381.53
2024-08-04,Amiens,Électroménager,Bouilloire,5,3630.2
2024-08-04,Tourcoing,Sport,Ballon foot,4,400.4
2024-08-04,Dunkerque,Bricolage,Perceuse,2,211.32
2024-08-04,Lille,Électroménager,Réfrigérateur,2,697.27
2024-08-04,Amiens,Sport,Vélo VTT,3,1635.63
2024-08-05,Amiens,Électroménager,Cafetière,3,1176.72
2024-08-05,Lille,Électroménager,Robot cuiseur,1,249.97
2024-08-05,Tourcoing,Maison,Lampe LED,2,255.02
2024-08-05,En ligne,Maison,Set casseroles,1,706.85
2024-08-05,Roubaix,Sport,Haltères 10kg,5,466.92
2024-08-05,Valenciennes,Sport,Haltères 10kg,3,294.9
2024-08-05,Amiens,Électroménager,Micro-ondes,4,1812.64
2024-08-05,Roubaix,Mode,Pull laine,1,884.49
2024-08-05,Dunkerque,Sport,Tapis yoga,2,1185.05
2024-08-05,Amiens,Maison,Couette 220x240,3,672.27
2024-08-05,Dunkerque,Mode,Jean homme,3,816.81
2024-08-05,Amiens,Mode,Jean homme,3,816.81
2024-08-05,Valenciennes,Sport,Chaussures running,4,2050.31
2024-08-05,En ligne,Maison,Canapé 3 places,4,984.92
2024-08-05,En ligne,Mode,Jean homme,1,272.27
2024-08-05,Lille,Mode,Robe été,5,1482.6
2024-08-05,Lille,Électroménager,Robot cuiseur,1,249.97
2024-08-05,Dunkerque,Bricolage,Peinture 5L,1,609.0
2024-08-05,Lille,Sport,Ballon foot,3,300.3
2024-08-05,Lille,Bricolage,Peinture 5L,1,578.55
2024-08-05,Tourcoing,Électroménager,Robot cuiseur,3,749.91
2024-08-05,Valenciennes,Sport,Chaussures running,1,569.53
2024-08-06,Roubaix,Électroménager,Bouilloire,2,1452.08
2024-08-06,Lille,Bricolage,Tournevis set,1,636.28
2024-08-06,Roubaix,Mode,Veste hiver,1,655.99
2024-08-06,Lille,Sport,Haltères 10kg,3,294.9
2024-08-06,Tourcoing,Électroménager,Bouilloire,4,2904.16
2024-08-06,Amiens,Mode,T-shirt coton,1,504.67
2024-08-06,Dunkerque,Mode,Jean homme,5,1089.08
2024-08-06,Amiens,Maison,Étagère bois,1,265.61
2024-08-06,Amiens,Sport,Vélo VTT,3,1635.63
2024-08-06,Tourcoing,Mode,Veste hiver,4,2492.76
2024-08-06,Amiens,Bricolage,Boîte à outils,1,83.21
2024-08-06,Lille,Électroménager,Réfrigérateur,2,774.74
2024-08-06,Lille,Électroménager,Aspirateur,1,181.62
2024-08-06,Lille,Électroménager,Micro-ondes,1,407.84
2024-08-06,Lille,Mode,Jean homme,1,272.27
2024-08-06,Tourcoing,Mode,Jean homme,3,816.81
2024-08-06,Roubaix,Mode,Pull laine,2,1768.98
2024-08-06,Valenciennes,Électroménager,Bouilloire,3,2178.12
2024-08-06,Lille,Bricolage,Échelle alu,5,1773.35
2024-08-07,Tourcoing,Électroménager,Robot cuiseur,1,249.97
2024-08-07,Roubaix,Sport,Haltères 10kg,3,294.9
2024-08-07,Dunkerque,Mode,Pull laine,4,3537.96
2024-08-07,Amiens,Électroménager,Aspirateur,5,955.9
2024-08-07,Tourcoing,Bricolage,Peinture 5L,2,1218.0
2024-08-07,En ligne,Bricolage,Perceuse,4,422.64
2024-08-07,En ligne,Maison,Couette 220x240,1,224.09
2024-08-07,Lille,Bricolage,Échelle alu,5,1773.35
2024-08-07,En ligne,Sport,Chaussures running,2,1139.06
2024-08-07,Dunkerque,Maison,Lampe LED,2,268.44
2024-08-07,Roubaix,Électroménager,Bouilloire,1,726.04
2024-08-07,Lille,Bricolage,Perceuse,1,105.66
2024-08-07,Dunkerque,Bricolage,Boîte à outils,1,79.05
2024-08-07,Dunkerque,Sport,Raquette tennis,2,1129.9
2024-08-07,En ligne,Électroménager,Aspirateur,2,382.36
2024-08-07,Roubaix,Sport,Chaussures running,4,2278.12
2024-08-07,Roubaix,Électroménager,Robot cuiseur,1,249.97
2024-08-07,Dunkerque,Sport,Maillot bain,2,666.46
2024-08-07,Lille,Maison,Rideau occultant,3,273.27
2024-08-07,Dunkerque,Sport,Ballon foot,3,300.3
2024-08-07,Roubaix,Maison,Rideau occultant,2,202.42
2024-08-07,Valenciennes,Sport,Raquette tennis,2,1412.38
2024-08-07,En ligne,Électroménager,Cafetière,3,1176.72
2024-08-08,Amiens,Électroménager,Robot cuiseur,1,224.97
2024-08-08,Tourcoing,Sport,Raquette tennis,5,3530.95
2024-08-08,Lille,Bricolage,Tournevis set,6,3435.91
2024-08-08,Amiens,Maison,Canapé 3 places,1,246.23
2024-08-08,Roubaix,Bricolage,Perceuse,1,105.66
2024-08-08,Lille,Électroménager,Robot cuiseur,4,999.88
2024-08-08,Dunkerque,Sport,Ballon foot,4,400.4
2024-08-08,Roubaix,Bricolage,Perceuse,4,422.64
2024-08-08,Roubaix,Mode,T-shirt coton,5,2523.35
2024-08-08,Dunkerque,Maison,Couette 220x240,1,224.09
2024-08-08,Dunkerque,Électroménager,Robot cuiseur,4,999.88
2024-08-08,Roubaix,Électroménager,Micro-ondes,5,2265.8
2024-08-09,Roubaix,Électroménager,Aspirateur,2,382.36
2024-08-09,Valenciennes,Mode,T-shirt coton,3,1211.21
2024-08-09,Dunkerque,Bricolage,Échelle alu,3,1064.01
2024-08-09,Tourcoing,Sport,Vélo VTT,3,1635.63
2024-08-09,En ligne,Bricolage,Perceuse,6,633.96
2024-08-09,En ligne,Sport,Maillot bain,2,701.54
2024-08-09,Amiens,Sport,Raquette tennis,4,2824.76
2024-08-09,Dunkerque,Mode,Robe été,2,593.04
2024-08-09,Lille,Électroménager,Micro-ondes,1,453.16
2024-08-09,Tourcoing,Sport,Chaussures running,4,2278.12
2024-08-09,Dunkerque,Maison,Lampe LED,2,268.44
2024-08-10,En ligne,Mode,Baskets ville,3,1312.45
2024-08-10,Lille,Maison,Rideau occultant,1,101.21
2024-08-10,Roubaix,Électroménager,Robot cuiseur,1,249.97
2024-08-10,Lille,Électroménager,Micro-ondes,2,906.32
2024-08-10,Lille,Sport,Chaussures running,2,1139.06
2024-08-10,Amiens,Bricolage,Boîte à outils,2,133.14
2024-08-10,Valenciennes,Bricolage,Boîte à outils,3,249.63
2024-08-10,Tourcoing,Électroménager,Aspirateur,2,305.89
2024-08-10,En ligne,Sport,Raquette tennis,1,706.19
2024-08-10,En ligne,Électroménager,Réfrigérateur,3,929.69
2024-08-11,Valenciennes,Sport,Tapis yoga,4,2633.44
2024-08-11,Tourcoing,Électroménager,Robot cuiseur,3,749.91
2024-08-11,Valenciennes,Électroménager,Aspirateur,5,955.9
2024-08-11,Valenciennes,Bricolage,Peinture 5L,2,1218.0
2024-08-11,Tourcoing,Électroménager,Micro-ondes,1,453.16
2024-08-11,Lille,Électroménager,Cafetière,4,1568.96
2024-08-11,Lille,Bricolage,Peinture 5L,1,609.0
2024-08-11,En ligne,Électroménager,Cafetière,1,392.24
2024-08-11,Dunkerque,Sport,Ballon foot,2,190.19
2024-08-11,Amiens,Sport,Ballon foot,3,300.3
2024-08-11,Dunkerque,Sport,Vélo VTT,1,545.21
2024-08-11,Roubaix,Bricolage,Perceuse,2,190.19
2024-08-11,Amiens,Sport,Chaussures running,2,1139.06
2024-08-11,Dunkerque,Maison,Set casseroles,3,2120.55
2024-08-11,En ligne,Maison,Rideau occultant,4,404.84
2024-08-11,En ligne,Bricolage,Échelle alu,2,673.87
2024-08-11,Tourcoing,Sport,Tapis yoga,1,658.36
2024-08-11,Lille,Maison,Couette 220x240,2,448.18
2024-08-12,Roubaix,Électroménager,Réfrigérateur,2,774.74
2024-08-12,Valenciennes,Mode,Robe été,1,296.52
2024-08-12,Lille,Maison,Étagère bois,2,559.18
2024-08-12,Dunkerque,Sport,Chaussures running,2,1139.06
2024-08-12,Lille,Sport,Maillot bain,4,1403.08
2024-08-12,Amiens,Électroménager,Bouilloire,3,2178.12
2024-08-12,Lille,Électroménager,Robot cuiseur,6,1499.82
2024-08-12,Valenciennes,Électroménager,Bouilloire,2,1452.08
2024-08-12,Lille,Maison,Lampe LED,1,134.22
2024-08-12,Amiens,Électroménager,Réfrigérateur,1,387.37
2024-08-12,Amiens,Maison,Lampe LED,2,268.44
2024-08-12,Dunkerque,Mode,Pull laine,3,2388.12
2024-08-12,Lille,Électroménager,Robot cuiseur,1,249.97
2024-08-12,Lille,Maison,Couette 220x240,4,896.36
2024-08-12,Lille,Sport,Ballon foot,4,400.4
2024-08-12,Amiens,Sport,Haltères 10kg,3,294.9
2024-08-12,Roubaix,Maison,Rideau occultant,3,303.63
2024-08-12,Amiens,Sport,Tapis yoga,4,2633.44
2024-08-13,Roubaix,Sport,Tapis yoga,1,658.36
2024-08-13,Lille,Électroménager,Micro-ondes,1,453.16
2024-08-13,Dunkerque,Sport,Raquette tennis,4,2824.76
2024-08-13,Dunkerque,Maison,Canapé 3 places,3,738.69
2024-08-13,Valenciennes,Bricolage,Peinture 5L,3,1827.0
2024-08-13,Roubaix,Électroménager,Micro-ondes,4,1812.64
2024-08-13,Lille,Électroménager,Réfrigérateur,2,774.74
2024-08-13,En ligne,Sport,Raquette tennis,1,706.19
2024-08-13,Roubaix,Mode,Jean homme,1,258.66
2024-08-13,Roubaix,Mode,Veste hiver,3,1967.97
2024-08-14,Lille,Maison,Couette 220x240,1,201.68
2024-08-14,En ligne,Sport,Chaussures running,1,569.53
2024-08-14,Roubaix,Mode,Robe été,1,296.52
2024-08-14,Roubaix,Sport,Vélo VTT,3,1635.63
2024-08-14,Valenciennes,Sport,Chaussures running,1,569.53
2024-08-14,Roubaix,Bricolage,Peinture 5L,3,1827.0
2024-08-14,Lille,Mode,Baskets ville,3,1243.38
2024-08-14,Roubaix,Électroménager,Bouilloire,2,1452.08
2024-08-14,Lille,Maison,Rideau occultant,4,404.84
2024-08-14,En ligne,Maison,Rideau occultant,1,101.21
2024-08-14,Valenciennes,Électroménager,Aspirateur,4,764.72
2024-08-14,Roubaix,Bricolage,Peinture 5L,3,1827.0
2024-08-14,Lille,Électroménager,Cafetière,5,1961.2
2024-08-14,En ligne,Maison,Étagère bois,1,279.59
2024-08-14,Tourcoing,Sport,Maillot bain,3,1052.31
2024-08-14,En ligne,Maison,Set casseroles,3,2120.55
2024-08-15,Amiens,Électroménager,Aspirateur,1,181.62
2024-08-15,Roubaix,Électroménager,Micro-ondes,1,453.16
2024-08-15,Valenciennes,Bricolage,Tournevis set,2,1145.3
2024-08-15,Amiens,Électroménager,Robot cuiseur,2,499.94
2024-08-15,Tourcoing,Maison,Étagère bois,4,1118.36
2024-08-15,Valenciennes,Maison,Lampe LED,4,536.88
2024-08-15,Tourcoing,Mode,Veste hiver,4,2623.96
2024-08-15,Lille,Bricolage,Boîte à outils,1,83.21
2024-08-15,Amiens,Bricolage,Peinture 5L,1,609.0
2024-08-15,Lille,Maison,Set casseroles,2,1130.96
2024-08-15,Amiens,Sport,Vélo VTT,3,1635.63
2024-08-15,Amiens,Sport,Tapis yoga,5,3291.8
2024-08-15,En ligne,Maison,Couette 220x240,4,896.36
2024-08-15,Roubaix,Mode,T-shirt coton,3,1514.01
2024-08-15,Roubaix,Maison,Étagère bois,4,1118.36
2024-08-15,Roubaix,Mode,Jean homme,2,544.54
2024-08-15,Lille,Mode,Robe été,1,296.52
2024-08-15,Roubaix,Sport,Chaussures running,3,1537.73
2024-08-16,Amiens,Maison,Rideau occultant,3,303.63
2024-08-16,Amiens,Maison,Étagère bois,1,223.67
2024-08-16,Roubaix,Sport,Maillot bain,2,701.54
2024-08-16,En ligne,Mode,Veste hiver,1,655.99
2024-08-16,En ligne,Sport,Chaussures running,3,1537.73
2024-08-16,Amiens,Maison,Couette 220x240,3,672.27
2024-08-16,Lille,Bricolage,Échelle alu,2,709.34
2024-08-16,Roubaix,Électroménager,Bouilloire,1,726.04
2024-08-16,Lille,Bricolage,Échelle alu,4,1418.68
2024-08-16,Dunkerque,Sport,Haltères 10kg,2,196.6
2024-08-16,Amiens,Sport,Maillot bain,3,999.69
2024-08-16,Dunkerque,Sport,Maillot bain,1,350.77
2024-08-16,Tourcoing,Mode,Baskets ville,4,1842.04
2024-08-16,Dunkerque,Maison,Étagère bois,1,223.67
2024-08-16,Lille,Maison,Couette 220x240,2,448.18
2024-08-17,Lille,Électroménager,Cafetière,2,784.48
2024-08-17,Lille,Mode,T-shirt coton,2,1009.34
2024-08-17,Dunkerque,Mode,Veste hiver,5,3279.95
2024-08-17,En ligne,Maison,Couette 220x240,3,638.66
2024-08-17,Amiens,Sport,Ballon foot,4,400.4
2024-08-17,Amiens,Bricolage,Perceuse,3,316.98
2024-08-17,Lille,Bricolage,Boîte à outils,2,166.42
2024-08-17,Amiens,Sport,Vélo VTT,1,545.21
2024-08-17,En ligne,Sport,Raquette tennis,1,706.19
2024-08-17,Tourcoing,Électroménager,Micro-ondes,1,453.16
2024-08-17,Roubaix,Électroménager,Micro-ondes,2,906.32
2024-08-17,Roubaix,Sport,Chaussures running,2,1139.06
2024-08-17,Roubaix,Sport,Ballon foot,2,200.2
2024-08-17,Amiens,Bricolage,Échelle alu,1,319.2
2024-08-17,Roubaix,Bricolage,Échelle alu,2,709.34
2024-08-17,Tourcoing,Sport,Haltères 10kg,1,98.3
2024-08-17,Lille,Sport,Haltères 10kg,3,294.9
2024-08-18,Roubaix,Maison,Rideau occultant,2,202.42
2024-08-18,Tourcoing,Mode,Baskets ville,1,414.46
2024-08-18,Dunkerque,Mode,Veste hiver,4,2623.96
2024-08-18,En ligne,Mode,Jean homme,2,490.09
2024-08-18,Valenciennes,Électroménager,Bouilloire,1,689.74
2024-08-18,Valenciennes,Maison,Rideau occultant,3,303.63
2024-08-18,Valenciennes,Sport,Haltères 10kg,1,93.38
2024-08-18,Roubaix,Mode,Veste hiver,1,655.99
2024-08-18,Lille,Électroménager,Aspirateur,4,764.72
2024-08-18,Dunkerque,Maison,Rideau occultant,2,202.42
2024-08-18,Tourcoing,Électroménager,Cafetière,1,392.24
2024-08-18,Roubaix,Bricolage,Tournevis set,1,509.02
2024-08-18,Lille,Maison,Couette 220x240,4,806.72
2024-08-18,Dunkerque,Maison,Lampe LED,2,268.44
2024-08-18,Dunkerque,Électroménager,Réfrigérateur,2,774.74
2024-08-18,Lille,Bricolage,Boîte à outils,3,249.63
2024-08-18,Dunkerque,Maison,Étagère bois,3,671.02
2024-08-18,Lille,Maison,Set casseroles,1,706.85
2024-08-18,Lille,Électroménager,Robot cuiseur,3,749.91
2024-08-18,En ligne,Mode,Robe été,1,296.52
2024-08-18,En ligne,Bricolage,Tournevis set,3,1908.84
2024-08-18,Lille,Mode,Robe été,2,593.04
2024-08-18,Dunkerque,Mode,Robe été,4,1186.08
2024-08-18,Roubaix,Bricolage,Échelle alu,3,1064.01
2024-08-19,Amiens,Sport,Chaussures running,3,1623.16
2024-08-19,Dunkerque,Sport,Haltères 10kg,5,442.35
2024-08-19,Dunkerque,Sport,Haltères 10kg,2,196.6
2024-08-19,Dunkerque,Bricolage,Tournevis set,3,1908.84
2024-08-19,Lille,Maison,Couette 220x240,1,224.09
2024-08-19,En ligne,Mode,Veste hiver,1,655.99
2024-08-19,Dunkerque,Mode,Jean homme,3,775.97
2024-08-19,Lille,Maison,Lampe LED,3,402.66
2024-08-19,Valenciennes,Électroménager,Bouilloire,4,2904.16
2024-08-19,Amiens,Mode,Jean homme,3,735.13
2024-08-19,En ligne,Maison,Couette 220x240,3,672.27
2024-08-19,Dunkerque,Mode,T-shirt coton,4,2018.68
2024-08-19,En ligne,Sport,Chaussures running,3,1708.59
2024-08-19,En ligne,Électroménager,Cafetière,3,1117.88
2024-08-20,Tourcoing,Sport,Tapis yoga,3,1876.33
2024-08-20,Roubaix,Mode,Robe été,4,1186.08
2024-08-20,Valenciennes,Sport,Maillot bain,6,2104.62
2024-08-20,Roubaix,Sport,Maillot bain,5,1578.46
2024-08-20,Roubaix,Mode,Veste hiver,4,2623.96
2024-08-20,Lille,Bricolage,Tournevis set,3,1908.84
2024-08-20,En ligne,Maison,Couette 220x240,1,224.09
2024-08-20,Amiens,Électroménager,Cafetière,1,392.24
2024-08-20,Dunkerque,Mode,Robe été,5,1408.47
2024-08-20,Roubaix,Mode,Pull laine,3,2653.47
2024-08-20,Roubaix,Sport,Tapis yoga,1,658.36
2024-08-20,Valenciennes,Maison,Couette 220x240,2,448.18
2024-08-20,En ligne,Maison,Rideau occultant,3,303.63
2024-08-20,Valenciennes,Maison,Set casseroles,3,2120.55
2024-08-20,Valenciennes,Sport,Chaussures running,5,2847.65
2024-08-20,Lille,Sport,Vélo VTT,1,545.21
2024-08-21,Lille,Bricolage,Perceuse,2,211.32
2024-08-21,Amiens,Mode,Pull laine,1,884.49
2024-08-21,Dunkerque,Électroménager,Micro-ondes,4,1722.01
2024-08-21,Lille,Bricolage,Boîte à outils,1,79.05
2024-08-21,Dunkerque,Sport,Haltères 10kg,4,393.2
2024-08-21,Valenciennes,Sport,Haltères 10kg,1,98.3
2024-08-21,Roubaix,Maison,Étagère bois,3,838.77
2024-08-21,Roubaix,Électroménager,Robot cuiseur,3,749.91
2024-08-21,Lille,Électroménager,Micro-ondes,3,1359.48
2024-08-21,Roubaix,Maison,Rideau occultant,2,202.42
2024-08-21,Lille,Électroménager,Cafetière,2,784.48
2024-08-21,Roubaix,Maison,Couette 220x240,4,896.36
2024-08-21,Dunkerque,Sport,Haltères 10kg,1,98.3
2024-08-21,Dunkerque,Maison,Rideau occultant,2,202.42
2024-08-21,Dunkerque,Bricolage,Tournevis set,5,2863.26
2024-08-21,En ligne,Sport,Ballon foot,3,285.28
2024-08-21,En ligne,Électroménager,Réfrigérateur,3,1162.11
2024-08-21,Amiens,Sport,Haltères 10kg,2,196.6
2024-08-21,En ligne,Sport,Raquette tennis,3,2118.57
2024-08-21,Dunkerque,Bricolage,Boîte à outils,2,166.42
2024-08-22,Lille,Électroménager,Cafetière,1,353.02
2024-08-22,Lille,Maison,Set casseroles,4,2827.4
2024-08-22,Tourcoing,Bricolage,Échelle alu,2,709.34
2024-08-22,Lille,Sport,Vélo VTT,1,545.21
2024-08-22,Amiens,Sport,Chaussures running,3,1708.59
2024-08-22,Roubaix,Mode,T-shirt coton,3,1514.01
2024-08-22,Roubaix,Maison,Couette 220x240,3,672.27
2024-08-22,Valenciennes,Mode,Veste hiver,1,655.99
2024-08-22,Dunkerque,Électroménager,Aspirateur,3,573.54
2024-08-22,Dunkerque,Maison,Couette 220x240,3,672.27
2024-08-22,En ligne,Bricolage,Perceuse,1,105.66
2024-08-22,Lille,Sport,Haltères 10kg,2,186.77
2024-08-22,Amiens,Mode,T-shirt coton,3,1514.01
2024-08-22,Dunkerque,Sport,Maillot bain,1,350.77
2024-08-22,Tourcoing,Sport,Haltères 10kg,1,98.3
2024-08-22,Roubaix,Mode,Veste hiver,1,590.39
2024-08-22,Amiens,Électroménager,Robot cuiseur,2,499.94
2024-08-23,Amiens,Mode,Robe été,2,593.04
2024-08-23,Valenciennes,Sport,Maillot bain,4,1332.93
2024-08-23,Dunkerque,Électroménager,Bouilloire,2,1306.87
2024-08-23,Amiens,Bricolage,Échelle alu,2,709.34
2024-08-23,Amiens,Mode,Jean homme,2,544.54
2024-08-23,Dunkerque,Bricolage,Peinture 5L,1,609.0
2024-08-23,Lille,Électroménager,Cafetière,6,2353.44
2024-08-23,En ligne,Bricolage,Échelle alu,2,709.34
2024-08-23,Valenciennes,Électroménager,Réfrigérateur,3,1162.11
2024-08-23,Amiens,Maison,Étagère bois,1,279.59
2024-08-23,Dunkerque,Électroménager,Micro-ondes,4,1812.64
2024-08-23,Roubaix,Bricolage,Tournevis set,1,636.28
2024-08-23,En ligne,Maison,Couette 220x240,2,448.18
2024-08-23,Amiens,Bricolage,Perceuse,3,316.98
2024-08-24,Roubaix,Maison,Rideau occultant,3,303.63
2024-08-24,Roubaix,Électroménager,Réfrigérateur,2,697.27
2024-08-24,Amiens,Sport,Vélo VTT,1,490.69
2024-08-24,Valenciennes,Bricolage,Boîte à outils,1,83.21
2024-08-24,Amiens,Mode,Pull laine,5,4422.45
2024-08-24,Lille,Électroménager,Bouilloire,4,2758.95
2024-08-24,Lille,Maison,Étagère bois,3,838.77
2024-08-24,Tourcoing,Électroménager,Bouilloire,1,726.04
2024-08-24,Dunkerque,Mode,Pull laine,2,1768.98
2024-08-24,En ligne,Bricolage,Peinture 5L,2,1096.2
2024-08-24,En ligne,Bricolage,Perceuse,2,211.32
2024-08-24,Roubaix,Bricolage,Boîte à outils,3,224.67
2024-08-24,Amiens,Sport,Haltères 10kg,1,98.3
2024-08-24,Lille,Électroménager,Micro-ondes,1,407.84
2024-08-24,Amiens,Maison,Étagère bois,1,279.59
2024-08-24,Tourcoing,Bricolage,Boîte à outils,3,249.63
2024-08-25,Roubaix,Sport,Vélo VTT,1,545.21
2024-08-25,En ligne,Bricolage,Perceuse,1,105.66
2024-08-25,Lille,Sport,Vélo VTT,1,545.21
2024-08-25,Dunkerque,Électroménager,Bouilloire,3,2178.12
2024-08-25,Roubaix,Sport,Tapis yoga,4,2633.44
2024-08-25,Dunkerque,Bricolage,Tournevis set,1,636.28
2024-08-25,En ligne,Sport,Tapis yoga,1,658.36
2024-08-25,Tourcoing,Électroménager,Micro-ondes,1,453.16
2024-08-25,En ligne,Bricolage,Échelle alu,3,1064.01
2024-08-26,Roubaix,Sport,Ballon foot,3,270.27
2024-08-26,Roubaix,Mode,T-shirt coton,2,1009.34
2024-08-26,Amiens,Électroménager,Robot cuiseur,2,474.94
2024-08-26,Valenciennes,Maison,Canapé 3 places,5,1231.15
2024-08-26,Roubaix,Sport,Ballon foot,2,200.2
2024-08-26,Valenciennes,Maison,Étagère bois,3,838.77
2024-08-26,Roubaix,Mode,Baskets ville,6,2210.45
2024-08-26,Lille,Électroménager,Aspirateur,2,382.36
2024-08-26,Valenciennes,Mode,Robe été,1,296.52
2024-08-26,Amiens,Maison,Rideau occultant,3,303.63
2024-08-26,En ligne,Mode,T-shirt coton,2,1009.34
2024-08-26,Dunkerque,Maison,Couette 220x240,2,448.18
2024-08-26,Roubaix,Mode,Veste hiver,4,2623.96
2024-08-26,Tourcoing,Bricolage,Perceuse,1,105.66
2024-08-26,Tourcoing,Sport,Raquette tennis,4,2824.76
2024-08-26,Lille,Sport,Haltères 10kg,3,294.9
2024-08-26,Amiens,Maison,Canapé 3 places,4,984.92
2024-08-26,Valenciennes,Sport,Ballon foot,4,400.4
2024-08-26,Lille,Maison,Set casseroles,2,1413.7
2024-08-26,En ligne,Électroménager,Bouilloire,5,3630.2
2024-08-27,Valenciennes,Sport,Vélo VTT,4,2180.84
2024-08-27,Roubaix,Mode,Pull laine,4,3537.96
2024-08-27,Roubaix,Sport,Maillot bain,3,1052.31
2024-08-27,Valenciennes,Maison,Rideau occultant,2,202.42
2024-08-27,En ligne,Sport,Raquette tennis,3,2118.57
2024-08-27,Roubaix,Sport,Haltères 10kg,2,186.77
2024-08-27,Dunkerque,Sport,Chaussures running,1,541.05
2024-08-27,Tourcoing,Mode,Veste hiver,1,623.19
2024-08-27,Tourcoing,Mode,Robe été,3,889.56
2024-08-27,Amiens,Sport,Vélo VTT,1,517.95
2024-08-27,En ligne,Bricolage,Perceuse,1,105.66
2024-08-27,Amiens,Bricolage,Boîte à outils,6,499.26
2024-08-27,Tourcoing,Sport,Vélo VTT,4,1962.76
2024-08-28,Dunkerque,Électroménager,Aspirateur,2,382.36
2024-08-28,En ligne,Bricolage,Peinture 5L,1,609.0
2024-08-28,Dunkerque,Mode,Robe été,1,296.52
2024-08-28,Tourcoing,Bricolage,Perceuse,1,105.66
2024-08-28,Tourcoing,Sport,Tapis yoga,1,658.36
2024-08-28,Roubaix,Bricolage,Peinture 5L,1,609.0
2024-08-28,Dunkerque,Bricolage,Tournevis set,1,636.28
2024-08-28,Amiens,Maison,Canapé 3 places,2,467.84
2024-08-28,Tourcoing,Maison,Étagère bois,3,838.77
2024-08-28,En ligne,Maison,Set casseroles,2,1413.7
2024-08-28,Lille,Électroménager,Bouilloire,1,726.04
2024-08-28,Tourcoing,Sport,Ballon foot,3,300.3
2024-08-28,Valenciennes,Mode,T-shirt coton,3,1211.21
2024-08-29,Amiens,Maison,Set casseroles,1,706.85
2024-08-29,Valenciennes,Mode,Jean homme,4,1089.08
2024-08-29,Roubaix,Bricolage,Tournevis set,6,3817.68
2024-08-29,Amiens,Bricolage,Tournevis set,2,1272.56
2024-08-29,Tourcoing,Bricolage,Boîte à outils,1,83.21
2024-08-29,En ligne,Électroménager,Robot cuiseur,4,999.88
2024-08-29,En ligne,Mode,Baskets ville,6,2763.06
2024-08-29,Valenciennes,Maison,Set casseroles,2,1413.7
2024-08-29,Valenciennes,Maison,Canapé 3 places,3,738.69
2024-08-29,En ligne,Sport,Maillot bain,5,1753.85
2024-08-29,Amiens,Mode,T-shirt coton,3,1514.01
2024-08-29,Tourcoing,Mode,Robe été,2,533.74
2024-08-29,En ligne,Maison,Canapé 3 places,3,738.69
2024-08-30,Lille,Mode,Robe été,3,889.56
2024-08-30,Tourcoing,Sport,Tapis yoga,1,592.52
2024-08-30,Dunkerque,Mode,Pull laine,2,1768.98
2024-08-30,Valenciennes,Mode,T-shirt coton,3,1514.01
2024-08-30,Tourcoing,Maison,Rideau occultant,5,506.05
2024-08-30,Valenciennes,Maison,Rideau occultant,1,91.09
2024-08-30,En ligne,Maison,Canapé 3 places,3,738.69
2024-08-30,Dunkerque,Maison,Canapé 3 places,3,664.82
2024-08-30,Roubaix,Bricolage,Échelle alu,3,1010.81
2024-08-30,Roubaix,Électroménager,Réfrigérateur,2,736.0
2024-08-30,Tourcoing,Maison,Lampe LED,5,671.1
2024-08-30,Amiens,Électroménager,Cafetière,1,392.24
2024-08-31,Amiens,Sport,Maillot bain,3,947.08
2024-08-31,Roubaix,Mode,Robe été,2,593.04
2024-08-31,Valenciennes,Bricolage,Perceuse,4,422.64
2024-08-31,Roubaix,Sport,Raquette tennis,3,2118.57
2024-08-31,Tourcoing,Sport,Raquette tennis,1,706.19
2024-08-31,Roubaix,Sport,Tapis yoga,1,658.36
2024-08-31,Dunkerque,Électroménager,Robot cuiseur,1,249.97
2024-08-31,En ligne,Électroménager,Réfrigérateur,1,387.37
2024-08-31,Valenciennes,Bricolage,Boîte à outils,4,332.84
2024-08-31,Tourcoing,Mode,Pull laine,6,5306.94
2024-08-31,Tourcoing,Électroménager,Robot cuiseur,4,999.88
2024-08-31,Amiens,Sport,Haltères 10kg,1,98.3
2024-08-31,En ligne,Sport,Ballon foot,5,475.48
2024-09-01,Amiens,Mode,Robe été,4,1186.08
2024-09-01,Tourcoing,Mode,Veste hiver,1,623.19
2024-09-01,En ligne,Sport,Maillot bain,1,315.69
2024-09-01,Roubaix,Maison,Set casseroles,3,2120.55
2024-09-01,Valenciennes,Électroménager,Aspirateur,4,764.72
2024-09-01,Roubaix,Électroménager,Bouilloire,1,689.74
2024-09-01,Amiens,Électroménager,Robot cuiseur,4,899.89
2024-09-01,Roubaix,Mode,Veste hiver,1,524.79
2024-09-01,Dunkerque,Sport,Haltères 10kg,3,280.15
2024-09-01,En ligne,Électroménager,Micro-ondes,6,2718.96
2024-09-01,Valenciennes,Électroménager,Cafetière,4,1568.96
2024-09-01,Amiens,Bricolage,Échelle alu,2,709.34
2024-09-01,Roubaix,Maison,Rideau occultant,3,303.63
2024-09-02,Tourcoing,Maison,Lampe LED,3,402.66
2024-09-02,Amiens,Sport,Vélo VTT,3,1635.63
2024-09-02,Tourcoing,Sport,Vélo VTT,1,545.21
2024-09-02,Roubaix,Maison,Set casseroles,2,1343.02
2024-09-02,Lille,Bricolage,Tournevis set,1,636.28
2024-09-02,Roubaix,Maison,Lampe LED,4,536.88
2024-09-02,En ligne,Mode,T-shirt coton,3,1514.01
2024-09-02,Lille,Maison,Canapé 3 places,5,1231.15
2024-09-02,En ligne,Maison,Couette 220x240,5,1120.45
2024-09-02,Dunkerque,Électroménager,Micro-ondes,4,1812.64
2024-09-02,Lille,Électroménager,Bouilloire,2,1161.66
2024-09-02,En ligne,Maison,Set casseroles,3,2120.55
2024-09-02,En ligne,Sport,Haltères 10kg,1,93.38
2024-09-02,En ligne,Maison,Couette 220x240,3,638.66
2024-09-02,Roubaix,Maison,Lampe LED,4,536.88
2024-09-02,Lille,Sport,Haltères 10kg,1,98.3
2024-09-02,Amiens,Mode,T-shirt coton,2,958.87
2024-09-02,En ligne,Sport,Haltères 10kg,4,393.2
2024-09-02,Roubaix,Bricolage,Boîte à outils,2,166.42
2024-09-03,Valenciennes,Bricolage,Boîte à outils,2,149.78
2024-09-03,Amiens,Maison,Canapé 3 places,1,246.23
2024-09-03,Valenciennes,Électroménager,Robot cuiseur,1,249.97
2024-09-03,Valenciennes,Sport,Ballon foot,1,100.1
2024-09-03,Amiens,Bricolage,Boîte à outils,3,249.63
2024-09-03,En ligne,Bricolage,Boîte à outils,1,74.89
2024-09-03,Tourcoing,Sport,Maillot bain,2,701.54
2024-09-03,En ligne,Électroménager,Réfrigérateur,3,1162.11
2024-09-03,Roubaix,Mode,Veste hiver,3,1967.97
2024-09-03,Lille,Sport,Vélo VTT,4,2180.84
2024-09-03,Tourcoing,Mode,Baskets ville,6,2763.06
2024-09-03,Roubaix,Électroménager,Aspirateur,2,382.36
2024-09-03,Tourcoing,Mode,Pull laine,1,884.49
2024-09-03,Dunkerque,Sport,Chaussures running,6,3246.32
2024-09-03,En ligne,Électroménager,Robot cuiseur,2,499.94
2024-09-03,Roubaix,Maison,Rideau occultant,1,101.21
2024-09-03,Amiens,Électroménager,Robot cuiseur,1,249.97
2024-09-03,Dunkerque,Mode,Baskets ville,3,1381.53
2024-09-03,Lille,Maison,Set casseroles,3,2120.55
2024-09-03,Amiens,Électroménager,Réfrigérateur,5,1936.85
2024-09-03,En ligne,Mode,T-shirt coton,2,1009.34
2024-09-03,Dunkerque,Bricolage,Boîte à outils,5,395.25
2024-09-04,Tourcoing,Maison,Rideau occultant,2,202.42
2024-09-04,Lille,Sport,Tapis yoga,1,658.36
2024-09-04,Lille,Mode,Baskets ville,5,2072.3
2024-09-04,Lille,Bricolage,Échelle alu,3,1010.81
2024-09-04,Amiens,Mode,Jean homme,3,816.81
2024-09-04,Lille,Mode,Jean homme,3,816.81
2024-09-04,Lille,Sport,Maillot bain,3,1052.31
2024-09-04,Roubaix,Sport,Chaussures running,2,1025.15
2024-09-04,Lille,Sport,Ballon foot,1,100.1
2024-09-04,Valenciennes,Sport,Tapis yoga,3,1975.08
2024-09-04,Valenciennes,Maison,Rideau occultant,5,506.05
2024-09-04,En ligne,Électroménager,Aspirateur,2,382.36
2024-09-04,Roubaix,Maison,Couette 220x240,6,1344.54
2024-09-05,Valenciennes,Électroménager,Robot cuiseur,2,499.94
2024-09-05,Valenciennes,Sport,Tapis yoga,3,1975.08
2024-09-05,Dunkerque,Électroménager,Réfrigérateur,2,774.74
2024-09-05,Roubaix,Maison,Lampe LED,3,382.53
2024-09-05,Lille,Électroménager,Micro-ondes,5,2265.8
2024-09-05,Tourcoing,Sport,Haltères 10kg,5,491.5
2024-09-05,Roubaix,Mode,Robe été,4,1186.08
2024-09-05,Dunkerque,Électroménager,Aspirateur,1,191.18
2024-09-05,Tourcoing,Mode,Pull laine,5,4422.45
2024-09-05,Tourcoing,Maison,Rideau occultant,1,101.21
2024-09-05,Lille,Mode,Jean homme,6,1633.62
2024-09-05,En ligne,Maison,Canapé 3 places,1,246.23
2024-09-05,Dunkerque,Mode,Pull laine,3,2653.47
2024-09-05,Valenciennes,Maison,Set casseroles,3,2120.55
2024-09-05,En ligne,Sport,Maillot bain,2,701.54
2024-09-05,Lille,Maison,Lampe LED,3,402.66
2024-09-05,Dunkerque,Bricolage,Tournevis set,3,1908.84
2024-09-05,Lille,Bricolage,Échelle alu,1,354.67
2024-09-05,Lille,Électroménager,Micro-ondes,1,453.16
2024-09-05,Lille,Sport,Chaussures running,2,1025.15
2024-09-05,Tourcoing,Bricolage,Échelle alu,2,709.34
2024-09-05,En ligne,Mode,T-shirt coton,3,1514.01
2024-09-06,Tourcoing,Électroménager,Micro-ondes,4,1812.64
2024-09-06,Valenciennes,Sport,Maillot bain,3,1052.31
2024-09-06,Lille,Bricolage,Peinture 5L,1,609.0
2024-09-06,Roubaix,Sport,Haltères 10kg,1,98.3
2024-09-06,Roubaix,Maison,Canapé 3 places,2,467.84
2024-09-06,Lille,Sport,Haltères 10kg,2,196.6
2024-09-06,En ligne,Électroménager,Bouilloire,2,1452.08
2024-09-06,Dunkerque,Maison,Couette 220x240,1,224.09
2024-09-06,Valenciennes,Sport,Raquette tennis,3,2118.57
2024-09-06,Valenciennes,Maison,Set casseroles,4,2827.4
2024-09-06,Lille,Maison,Couette 220x240,5,1064.43
2024-09-06,Dunkerque,Bricolage,Perceuse,2,211.32
2024-09-06,En ligne,Électroménager,Robot cuiseur,3,749.91
2024-09-06,Lille,Maison,Lampe LED,1,134.22
2024-09-06,Amiens,Maison,Lampe LED,5,603.99
2024-09-07,Dunkerque,Électroménager,Aspirateur,1,191.18
2024-09-07,Amiens,Bricolage,Boîte à outils,3,249.63
2024-09-07,Valenciennes,Sport,Maillot bain,1,350.77
2024-09-07,Tourcoing,Électroménager,Robot cuiseur,2,499.94
2024-09-07,Lille,Sport,Maillot bain,3,947.08
2024-09-07,Valenciennes,Sport,Ballon foot,3,300.3
2024-09-07,En ligne,Sport,Haltères 10kg,1,98.3
2024-09-07,Dunkerque,Sport,Haltères 10kg,3,294.9
2024-09-07,Tourcoing,Sport,Vélo VTT,2,1090.42
2024-09-07,Roubaix,Mode,Pull laine,3,2653.47
2024-09-07,Tourcoing,Bricolage,Peinture 5L,2,1218.0
2024-09-07,Valenciennes,Bricolage,Tournevis set,2,1272.56
2024-09-07,Roubaix,Électroménager,Aspirateur,2,363.24
2024-09-07,Amiens,Électroménager,Cafetière,4,1255.17
2024-09-07,Amiens,Électroménager,Bouilloire,4,2904.16
2024-09-07,Dunkerque,Sport,Ballon foot,3,270.27
2024-09-07,Dunkerque,Bricolage,Échelle alu,1,319.2
2024-09-07,En ligne,Maison,Lampe LED,3,402.66
2024-09-08,Lille,Mode,Baskets ville,2,921.02
2024-09-08,Lille,Électroménager,Aspirateur,6,1147.08
2024-09-08,Dunkerque,Électroménager,Micro-ondes,2,815.69
2024-09-08,En ligne,Sport,Tapis yoga,1,658.36
2024-09-08,Dunkerque,Mode,T-shirt coton,3,1514.01
2024-09-08,Amiens,Bricolage,Échelle alu,2,709.34
2024-09-08,Dunkerque,Maison,Étagère bois,2,503.26
2024-09-08,En ligne,Électroménager,Micro-ondes,5,2265.8
2024-09-08,En ligne,Mode,T-shirt coton,1,479.44
2024-09-08,Lille,Électroménager,Micro-ondes,4,1812.64
2024-09-08,Amiens,Bricolage,Tournevis set,3,1908.84
2024-09-08,Valenciennes,Sport,Tapis yoga,2,1316.72
2024-09-08,Tourcoing,Bricolage,Boîte à outils,4,266.27
2024-09-09,Amiens,Électroménager,Bouilloire,2,1452.08
2024-09-09,Amiens,Sport,Chaussures running,3,1708.59
2024-09-09,Amiens,Maison,Lampe LED,4,536.88
2024-09-09,Dunkerque,Maison,Étagère bois,2,447.34
2024-09-09,Lille,Maison,Couette 220x240,1,212.89
2024-09-09,Lille,Électroménager,Bouilloire,3,2178.12
2024-09-09,Tourcoing,Électroménager,Aspirateur,2,363.24
2024-09-09,Roubaix,Maison,Rideau occultant,1,101.21
2024-09-09,Lille,Électroménager,Aspirateur,1,191.18
2024-09-09,Tourcoing,Électroménager,Réfrigérateur,1,387.37
2024-09-09,Roubaix,Bricolage,Échelle alu,2,709.34
2024-09-09,Valenciennes,Mode,Robe été,3,889.56
2024-09-09,Roubaix,Électroménager,Cafetière,1,392.24
2024-09-09,Lille,Sport,Chaussures running,4,2278.12
2024-09-09,Amiens,Sport,Chaussures running,5,2847.65
2024-09-09,Lille,Sport,Haltères 10kg,4,393.2
2024-09-09,Roubaix,Sport,Tapis yoga,2,1316.72
2024-09-09,En ligne,Électroménager,Cafetière,1,392.24
2024-09-09,Roubaix,Mode,Veste hiver,4,2623.96
2024-09-10,Tourcoing,Maison,Rideau occultant,2,202.42
2024-09-10,Lille,Maison,Set casseroles,1,636.17
2024-09-10,Lille,Maison,Set casseroles,3,2120.55
2024-09-10,Lille,Sport,Chaussures running,3,1366.87
2024-09-10,Lille,Mode,Veste hiver,3,1967.97
2024-09-10,Valenciennes,Mode,Jean homme,3,816.81
2024-09-10,Amiens,Maison,Couette 220x240,3,672.27
2024-09-10,Dunkerque,Électroménager,Micro-ondes,3,1359.48
2024-09-10,Amiens,Maison,Lampe LED,1,134.22
2024-09-10,Amiens,Électroménager,Robot cuiseur,2,499.94
2024-09-10,Dunkerque,Électroménager,Micro-ondes,4,1812.64
2024-09-10,Tourcoing,Mode,Robe été,3,889.56
2024-09-10,Lille,Électroménager,Aspirateur,3,573.54
2024-09-11,Lille,Sport,Tapis yoga,5,3291.8
2024-09-11,Roubaix,Sport,Raquette tennis,3,1906.71
2024-09-11,Dunkerque,Maison,Set casseroles,4,2827.4
2024-09-11,Tourcoing,Mode,Robe été,5,1482.6
2024-09-11,Lille,Électroménager,Robot cuiseur,2,474.94
2024-09-11,Amiens,Bricolage,Perceuse,5,528.3
2024-09-11,Valenciennes,Maison,Lampe LED,2,255.02
2024-09-11,En ligne,Maison,Lampe LED,3,402.66
2024-09-11,Lille,Électroménager,Réfrigérateur,3,1104.0
2024-09-11,Valenciennes,Mode,Baskets ville,1,460.51
2024-09-11,Valenciennes,Mode,Pull laine,2,1768.98
2024-09-11,Valenciennes,Électroménager,Cafetière,1,392.24
2024-09-11,Tourcoing,Électroménager,Robot cuiseur,2,499.94
2024-09-11,Lille,Sport,Vélo VTT,3,1635.63
2024-09-11,Amiens,Maison,Rideau occultant,5,506.05
2024-09-11,Amiens,Sport,Ballon foot,3,300.3
2024-09-11,Amiens,Électroménager,Robot cuiseur,2,499.94
2024-09-11,En ligne,Sport,Ballon foot,4,400.4
2024-09-12,Dunkerque,Maison,Canapé 3 places,2,492.46
2024-09-12,Lille,Maison,Étagère bois,1,251.63
2024-09-12,Amiens,Maison,Set casseroles,1,706.85
2024-09-12,Lille,Sport,Tapis yoga,3,1975.08
2024-09-12,En ligne,Mode,Baskets ville,4,1842.04
2024-09-12,Lille,Mode,Baskets ville,1,460.51
2024-09-12,Lille,Maison,Lampe LED,4,536.88
2024-09-12,Dunkerque,Mode,Veste hiver,3,1967.97
2024-09-12,En ligne,Bricolage,Boîte à outils,4,332.84
2024-09-12,Amiens,Sport,Maillot bain,4,1403.08
2024-09-12,En ligne,Sport,Tapis yoga,2,1316.72
2024-09-12,Valenciennes,Mode,Robe été,3,889.56
2024-09-12,Amiens,Sport,Vélo VTT,3,1553.85
2024-09-12,Valenciennes,Électroménager,Micro-ondes,5,2265.8
2024-09-12,Valenciennes,Électroménager,Robot cuiseur,2,499.94
2024-09-12,Amiens,Sport,Maillot bain,6,2104.62
2024-09-12,En ligne,Mode,Veste hiver,4,2623.96
2024-09-12,Valenciennes,Sport,Tapis yoga,2,1316.72
2024-09-12,Roubaix,Bricolage,Boîte à outils,3,249.63
2024-09-12,Valenciennes,Mode,Jean homme,4,1089.08
2024-09-12,Dunkerque,Sport,Ballon foot,2,180.18
2024-09-13,Amiens,Maison,Rideau occultant,3,303.63
2024-09-13,Tourcoing,Sport,Maillot bain,2,701.54
2024-09-13,Amiens,Maison,Canapé 3 places,1,246.23
2024-09-13,En ligne,Maison,Lampe LED,1,134.22
2024-09-13,Dunkerque,Mode,Baskets ville,3,1381.53
2024-09-13,Lille,Sport,Raquette tennis,1,706.19
2024-09-13,Roubaix,Sport,Chaussures running,2,1025.15
2024-09-13,Lille,Mode,Baskets ville,4,1749.94
2024-09-13,En ligne,Sport,Vélo VTT,1,545.21
2024-09-13,Lille,Mode,Jean homme,4,1089.08
2024-09-13,Lille,Maison,Lampe LED,3,402.66
2024-09-13,Tourcoing,Maison,Couette 220x240,4,896.36
2024-09-13,Amiens,Électroménager,Aspirateur,1,191.18
2024-09-13,Amiens,Électroménager,Micro-ondes,3,1359.48
2024-09-13,Lille,Mode,Robe été,2,593.04
2024-09-13,Amiens,Bricolage,Tournevis set,1,636.28
2024-09-13,Lille,Sport,Haltères 10kg,5,466.92
2024-09-13,Lille,Mode,T-shirt coton,1,504.67
2024-09-14,Roubaix,Sport,Tapis yoga,2,1316.72
2024-09-14,Dunkerque,Électroménager,Cafetière,3,1176.72
2024-09-14,Dunkerque,Sport,Vélo VTT,3,1635.63
2024-09-14,Valenciennes,Mode,Veste hiver,6,3935.94
2024-09-14,En ligne,Sport,Raquette tennis,2,1412.38
2024-09-14,En ligne,Électroménager,Robot cuiseur,2,499.94
2024-09-14,Tourcoing,Mode,Baskets ville,1,460.51
2024-09-14,Dunkerque,Sport,Raquette tennis,4,2824.76
2024-09-14,Tourcoing,Sport,Haltères 10kg,2,176.94
2024-09-14,Valenciennes,Sport,Vélo VTT,4,2071.8
2024-09-15,Valenciennes,Sport,Tapis yoga,2,1316.72
2024-09-15,En ligne,Sport,Ballon foot,1,95.09
2024-09-15,Dunkerque,Bricolage,Boîte à outils,3,249.63
2024-09-15,Amiens,Sport,Vélo VTT,5,2726.05
2024-09-15,Roubaix,Sport,Chaussures running,1,569.53
2024-09-15,Tourcoing,Mode,Jean homme,3,816.81
2024-09-15,En ligne,Bricolage,Tournevis set,3,1908.84
2024-09-15,Amiens,Maison,Rideau occultant,4,404.84
2024-09-15,Lille,Sport,Tapis yoga,3,1975.08
2024-09-15,Lille,Maison,Étagère bois,1,279.59
2024-09-15,Amiens,Mode,Jean homme,2,517.31
2024-09-15,Lille,Sport,Chaussures running,1,455.62
2024-09-15,Tourcoing,Maison,Couette 220x240,1,224.09
2024-09-15,Amiens,Bricolage,Peinture 5L,3,1827.0
2024-09-15,En ligne,Sport,Chaussures running,3,1623.16
2024-09-15,Lille,Électroménager,Réfrigérateur,4,1394.53
2024-09-15,Tourcoing,Électroménager,Réfrigérateur,4,1549.48
2024-09-15,Roubaix,Maison,Canapé 3 places,3,738.69
2024-09-15,Lille,Électroménager,Cafetière,3,1176.72
2024-09-15,Roubaix,Bricolage,Perceuse,2,211.32
2024-09-15,En ligne,Mode,Jean homme,1,272.27
2024-09-15,En ligne,Sport,Raquette tennis,1,706.19
2024-09-15,Lille,Maison,Lampe LED,2,255.02
2024-09-16,Lille,Sport,Raquette tennis,2,1412.38
2024-09-16,Dunkerque,Bricolage,Tournevis set,2,1272.56
2024-09-16,Tourcoing,Mode,Pull laine,2,1768.98
2024-09-16,Lille,Électroménager,Cafetière,5,1961.2
2024-09-16,Amiens,Mode,Baskets ville,3,1381.53
2024-09-16,Roubaix,Mode,Jean homme,3,816.81
2024-09-16,Amiens,Électroménager,Micro-ondes,3,1291.51
2024-09-16,En ligne,Électroménager,Cafetière,1,392.24
2024-09-16,Lille,Électroménager,Robot cuiseur,2,499.94
2024-09-16,En ligne,Sport,Raquette tennis,3,2118.57
2024-09-16,Lille,Électroménager,Cafetière,1,392.24
2024-09-17,Valenciennes,Mode,Pull laine,1,884.49
2024-09-17,Amiens,Maison,Lampe LED,2,241.6
2024-09-17,Amiens,Bricolage,Peinture 5L,4,2436.0
2024-09-17,Amiens,Bricolage,Perceuse,3,301.13
2024-09-17,En ligne,Maison,Canapé 3 places,4,984.92
2024-09-17,Tourcoing,Sport,Maillot bain,5,1403.08
2024-09-17,Amiens,Maison,Couette 220x240,4,896.36
2024-09-17,Amiens,Électroménager,Cafetière,3,1059.05
2024-09-17,En ligne,Sport,Vélo VTT,1,545.21
2024-09-17,Tourcoing,Maison,Set casseroles,3,2120.55
2024-09-17,Dunkerque,Électroménager,Aspirateur,1,191.18
2024-09-17,Valenciennes,Maison,Lampe LED,2,268.44
2024-09-17,Dunkerque,Maison,Étagère bois,2,559.18
2024-09-17,Lille,Mode,Pull laine,1,884.49
2024-09-17,Roubaix,Maison,Rideau occultant,3,242.9
2024-09-17,Roubaix,Mode,T-shirt coton,1,504.67
2024-09-17,En ligne,Sport,Ballon foot,3,300.3
2024-09-17,Dunkerque,Sport,Chaussures running,5,2847.65
2024-09-17,Tourcoing,Sport,Vélo VTT,2,1090.42
2024-09-17,Roubaix,Sport,Chaussures running,1,569.53
2024-09-17,Amiens,Sport,Tapis yoga,4,2633.44
2024-09-18,Amiens,Électroménager,Cafetière,1,392.24
2024-09-18,Dunkerque,Mode,Jean homme,2,490.09
2024-09-18,Amiens,Électroménager,Aspirateur,2,382.36
2024-09-18,Dunkerque,Mode,T-shirt coton,3,1514.01
2024-09-18,Amiens,Sport,Haltères 10kg,2,196.6
2024-09-18,Lille,Électroménager,Bouilloire,6,4356.24
2024-09-18,En ligne,Bricolage,Échelle alu,2,709.34
2024-09-18,Lille,Mode,Pull laine,1,884.49
2024-09-18,Valenciennes,Sport,Chaussures running,4,2278.12
2024-09-19,Lille,Mode,Veste hiver,1,655.99
2024-09-19,En ligne,Mode,Baskets ville,3,1381.53
2024-09-19,Lille,Sport,Chaussures running,1,569.53
2024-09-19,Lille,Mode,Pull laine,2,1768.98
2024-09-19,En ligne,Mode,Baskets ville,2,921.02
2024-09-19,Lille,Bricolage,Tournevis set,5,3022.33
2024-09-19,Roubaix,Sport,Raquette tennis,5,3530.95
2024-09-19,Amiens,Bricolage,Peinture 5L,1,609.0
2024-09-19,Amiens,Sport,Chaussures running,4,2278.12
2024-09-19,En ligne,Mode,Jean homme,1,245.04
2024-09-19,Lille,Maison,Canapé 3 places,4,984.92
2024-09-19,Roubaix,Mode,Pull laine,1,884.49
2024-09-19,Amiens,Électroménager,Réfrigérateur,4,1549.48
2024-09-19,Dunkerque,Mode,Jean homme,2,544.54
2024-09-20,Lille,Bricolage,Peinture 5L,5,3045.0
2024-09-20,Lille,Mode,Jean homme,1,272.27
2024-09-20,Lille,Bricolage,Boîte à outils,1,83.21
2024-09-20,Lille,Mode,Robe été,2,593.04
2024-09-20,Dunkerque,Électroménager,Robot cuiseur,4,999.88
2024-09-20,Tourcoing,Électroménager,Aspirateur,5,955.9
2024-09-20,Lille,Électroménager,Micro-ondes,4,1722.01
2024-09-20,Lille,Sport,Haltères 10kg,1,98.3
2024-09-20,Dunkerque,Sport,Raquette tennis,4,2683.52
2024-09-20,Dunkerque,Électroménager,Cafetière,2,706.03
2024-09-20,Lille,Sport,Vélo VTT,4,2180.84
2024-09-20,Dunkerque,Bricolage,Perceuse,1,105.66
2024-09-20,Amiens,Électroménager,Réfrigérateur,3,1162.11
2024-09-20,En ligne,Électroménager,Cafetière,1,392.24
2024-09-20,En ligne,Sport,Chaussures running,2,1139.06
2024-09-21,Lille,Mode,Veste hiver,1,655.99
2024-09-21,Dunkerque,Sport,Haltères 10kg,5,491.5
2024-09-21,Roubaix,Mode,T-shirt coton,6,3028.02
2024-09-21,Dunkerque,Bricolage,Boîte à outils,1,74.89
2024-09-21,Tourcoing,Sport,Tapis yoga,4,2106.75
2024-09-21,Lille,Sport,Haltères 10kg,4,393.2
2024-09-21,Amiens,Électroménager,Bouilloire,3,2178.12
2024-09-21,Roubaix,Maison,Rideau occultant,1,101.21
2024-09-21,Dunkerque,Électroménager,Réfrigérateur,3,1162.11
2024-09-21,Lille,Maison,Lampe LED,3,402.66
2024-09-21,Dunkerque,Sport,Vélo VTT,3,1635.63
2024-09-21,Roubaix,Mode,Baskets ville,4,1842.04
2024-09-21,Roubaix,Bricolage,Peinture 5L,2,1218.0
2024-09-22,Lille,Mode,Jean homme,4,871.26
2024-09-22,Dunkerque,Bricolage,Peinture 5L,3,1827.0
2024-09-22,Tourcoing,Électroménager,Réfrigérateur,4,1549.48
2024-09-22,Amiens,Sport,Chaussures running,4,2164.21
2024-09-22,Dunkerque,Électroménager,Aspirateur,1,191.18
2024-09-22,Amiens,Bricolage,Perceuse,1,105.66
2024-09-22,Valenciennes,Maison,Rideau occultant,4,404.84
2024-09-22,Lille,Maison,Couette 220x240,3,672.27
2024-09-22,En ligne,Sport,Vélo VTT,5,2726.05
2024-09-22,Dunkerque,Maison,Set casseroles,3,2120.55
2024-09-22,En ligne,Maison,Set casseroles,5,2827.4
2024-09-22,Valenciennes,Mode,T-shirt coton,3,1514.01
2024-09-22,Amiens,Électroménager,Réfrigérateur,1,387.37
2024-09-22,Lille,Sport,Chaussures running,1,569.53
2024-09-22,Lille,Maison,Couette 220x240,1,201.68
2024-09-22,Roubaix,Maison,Canapé 3 places,3,738.69
2024-09-22,Dunkerque,Sport,Ballon foot,2,200.2
2024-09-22,Roubaix,Mode,T-shirt coton,1,504.67
2024-09-22,Lille,Mode,Jean homme,3,816.81
2024-09-22,Dunkerque,Maison,Set casseroles,4,2827.4
2024-09-23,Dunkerque,Mode,Jean homme,2,544.54
2024-09-23,Lille,Sport,Vélo VTT,4,2071.8
2024-09-23,Lille,Électroménager,Micro-ondes,6,2718.96
2024-09-23,Lille,Mode,T-shirt coton,1,504.67
2024-09-23,Roubaix,Bricolage,Tournevis set,4,2417.86
2024-09-23,Dunkerque,Mode,Jean homme,1,272.27
2024-09-23,Roubaix,Sport,Tapis yoga,1,658.36
2024-09-23,Tourcoing,Maison,Set casseroles,3,2120.55
2024-09-23,Tourcoing,Électroménager,Aspirateur,5,955.9
2024-09-23,Roubaix,Sport,Haltères 10kg,1,98.3
2024-09-23,Amiens,Maison,Couette 220x240,1,212.89
2024-09-23,Dunkerque,Mode,Pull laine,1,884.49
2024-09-23,Dunkerque,Bricolage,Tournevis set,4,2545.12
2024-09-23,Lille,Électroménager,Robot cuiseur,5,1249.85
2024-09-24,Amiens,Maison,Lampe LED,4,536.88
2024-09-24,Amiens,Maison,Rideau occultant,1,101.21
2024-09-24,Valenciennes,Sport,Raquette tennis,1,706.19
2024-09-24,Lille,Sport,Vélo VTT,5,2726.05
2024-09-24,En ligne,Maison,Couette 220x240,3,672.27
2024-09-24,Amiens,Maison,Lampe LED,2,268.44
2024-09-24,En ligne,Électroménager,Cafetière,2,784.48
2024-09-24,Valenciennes,Mode,Pull laine,4,3537.96
2024-09-24,Valenciennes,Sport,Chaussures running,3,1708.59
2024-09-24,Dunkerque,Électroménager,Cafetière,5,1961.2
2024-09-24,Lille,Mode,Baskets ville,3,1381.53
2024-09-25,Lille,Bricolage,Tournevis set,4,2545.12
2024-09-25,Lille,Électroménager,Réfrigérateur,2,774.74
2024-09-25,Roubaix,Maison,Rideau occultant,2,202.42
2024-09-25,Valenciennes,Bricolage,Échelle alu,3,1064.01
2024-09-25,Roubaix,Bricolage,Perceuse,1,105.66
2024-09-25,Valenciennes,Sport,Maillot bain,1,350.77
2024-09-25,Dunkerque,Électroménager,Réfrigérateur,3,1162.11
2024-09-25,Tourcoing,Sport,Vélo VTT,1,545.21
2024-09-25,Dunkerque,Bricolage,Peinture 5L,3,1827.0
2024-09-25,Roubaix,Électroménager,Réfrigérateur,1,309.9
2024-09-25,Lille,Mode,Baskets ville,1,460.51
2024-09-25,Amiens,Électroménager,Cafetière,1,392.24
2024-09-25,Amiens,Bricolage,Peinture 5L,4,2314.2
2024-09-25,En ligne,Sport,Ballon foot,2,200.2
2024-09-25,Dunkerque,Électroménager,Réfrigérateur,2,774.74
2024-09-25,Tourcoing,Mode,Jean homme,1,272.27
2024-09-25,Roubaix,Électroménager,Aspirateur,2,382.36
2024-09-26,Tourcoing,Mode,T-shirt coton,1,504.67
2024-09-26,Amiens,Mode,Veste hiver,3,1869.57
2024-09-26,Dunkerque,Mode,Veste hiver,4,2623.96
2024-09-26,Roubaix,Bricolage,Boîte à outils,5,416.05
2024-09-26,Tourcoing,Mode,Pull laine,3,2653.47
2024-09-26,En ligne,Sport,Chaussures running,3,1708.59
2024-09-26,Lille,Électroménager,Aspirateur,2,382.36
2024-09-26,Roubaix,Électroménager,Cafetière,2,784.48
2024-09-26,En ligne,Mode,Baskets ville,3,1381.53
2024-09-26,Tourcoing,Électroménager,Bouilloire,5,3630.2
2024-09-26,Lille,Bricolage,Boîte à outils,1,83.21
2024-09-26,Roubaix,Électroménager,Réfrigérateur,2,774.74
2024-09-26,Roubaix,Sport,Ballon foot,3,300.3
2024-09-26,Valenciennes,Mode,Robe été,4,1186.08
2024-09-26,Valenciennes,Électroménager,Robot cuiseur,2,499.94
2024-09-26,Dunkerque,Électroménager,Bouilloire,1,726.04
2024-09-26,Valenciennes,Bricolage,Perceuse,2,211.32
2024-09-26,Lille,Mode,Robe été,3,889.56
2024-09-26,Dunkerque,Sport,Maillot bain,4,1403.08
2024-09-26,En ligne,Électroménager,Micro-ondes,1,407.84
2024-09-27,Roubaix,Électroménager,Réfrigérateur,3,1162.11
2024-09-27,Lille,Maison,Canapé 3 places,3,738.69
2024-09-27,Lille,Électroménager,Micro-ondes,4,1812.64
2024-09-27,En ligne,Électroménager,Micro-ondes,3,1359.48
2024-09-27,Tourcoing,Bricolage,Perceuse,2,211.32
2024-09-27,Tourcoing,Mode,T-shirt coton,4,2018.68
2024-09-27,Roubaix,Sport,Tapis yoga,2,1250.88
2024-09-27,Amiens,Maison,Rideau occultant,1,101.21
2024-09-27,Amiens,Mode,Robe été,1,281.69
2024-09-28,Valenciennes,Électroménager,Réfrigérateur,3,1162.11
2024-09-28,Roubaix,Sport,Maillot bain,3,1052.31
2024-09-28,En ligne,Sport,Vélo VTT,4,2180.84
2024-09-28,Lille,Électroménager,Robot cuiseur,1,249.97
2024-09-28,Lille,Mode,Baskets ville,1,460.51
2024-09-28,Amiens,Mode,Jean homme,2,517.31
2024-09-28,En ligne,Mode,Robe été,1,266.87
2024-09-28,Valenciennes,Bricolage,Peinture 5L,1,609.0
2024-09-28,Valenciennes,Sport,Maillot bain,2,701.54
2024-09-28,En ligne,Maison,Lampe LED,1,134.22
2024-09-28,En ligne,Électroménager,Micro-ondes,4,1812.64
2024-09-28,Amiens,Électroménager,Bouilloire,4,2904.16
2024-09-28,Dunkerque,Électroménager,Cafetière,2,706.03
2024-09-28,En ligne,Maison,Canapé 3 places,5,1231.15
2024-09-28,Dunkerque,Mode,Baskets ville,1,460.51
2024-09-28,Dunkerque,Électroménager,Bouilloire,2,1452.08
2024-09-28,Lille,Bricolage,Tournevis set,3,1908.84
2024-09-29,En ligne,Bricolage,Peinture 5L,1,609.0
2024-09-29,Dunkerque,Bricolage,Perceuse,1,105.66
2024-09-29,Dunkerque,Bricolage,Peinture 5L,4,2436.0
2024-09-29,Valenciennes,Sport,Tapis yoga,3,1876.33
2024-09-29,En ligne,Bricolage,Perceuse,1,105.66
2024-09-29,Roubaix,Électroménager,Micro-ondes,1,430.5
2024-09-29,Dunkerque,Bricolage,Boîte à outils,2,166.42
2024-09-29,En ligne,Maison,Canapé 3 places,1,246.23
2024-09-29,Dunkerque,Électroménager,Cafetière,4,1568.96
2024-09-29,Dunkerque,Bricolage,Perceuse,4,422.64
2024-09-29,Lille,Mode,Robe été,2,593.04
2024-09-29,Lille,Bricolage,Boîte à outils,3,199.7
2024-09-29,En ligne,Mode,Baskets ville,3,1243.38
2024-09-30,Tourcoing,Sport,Haltères 10kg,5,491.5
2024-09-30,Lille,Électroménager,Robot cuiseur,3,749.91
2024-09-30,Amiens,Mode,Veste hiver,3,1967.97
2024-09-30,Roubaix,Mode,Baskets ville,4,1842.04
2024-09-30,Roubaix,Maison,Set casseroles,4,2827.4
2024-09-30,En ligne,Maison,Lampe LED,1,134.22
2024-09-30,Roubaix,Sport,Maillot bain,3,1052.31
2024-09-30,Valenciennes,Électroménager,Aspirateur,4,688.25
2024-09-30,Lille,Sport,Maillot bain,1,333.23
2024-09-30,Amiens,Électroménager,Robot cuiseur,3,749.91
2024-09-30,Roubaix,Bricolage,Tournevis set,1,636.28
2024-09-30,En ligne,Maison,Rideau occultant,1,101.21
2024-09-30,Lille,Sport,Raquette tennis,2,1412.38
2024-09-30,Lille,Électroménager,Aspirateur,3,573.54
2024-09-30,Roubaix,Électroménager,Réfrigérateur,3,1162.11
2024-10-01,Amiens,Maison,Rideau occultant,4,384.6
2024-10-01,Dunkerque,Bricolage,Tournevis set,4,2545.12
2024-10-01,Amiens,Électroménager,Micro-ondes,3,1359.48
2024-10-01,Roubaix,Sport,Vélo VTT,1,545.21
2024-10-01,Valenciennes,Maison,Rideau occultant,2,202.42
2024-10-01,Roubaix,Sport,Haltères 10kg,3,294.9
2024-10-01,Lille,Maison,Rideau occultant,1,101.21
2024-10-01,Tourcoing,Sport,Raquette tennis,3,2118.57
2024-10-01,En ligne,Mode,Pull laine,1,884.49
2024-10-01,Amiens,Sport,Tapis yoga,3,1975.08
2024-10-01,Lille,Maison,Set casseroles,1,706.85
2024-10-01,Amiens,Bricolage,Tournevis set,2,1272.56
2024-10-01,Lille,Bricolage,Tournevis set,4,2545.12
2024-10-01,Roubaix,Bricolage,Perceuse,4,422.64
2024-10-01,Dunkerque,Électroménager,Réfrigérateur,5,1936.85
2024-10-01,Lille,Maison,Set casseroles,3,2014.52
2024-10-01,Tourcoing,Mode,T-shirt coton,5,2523.35
2024-10-01,Lille,Sport,Tapis yoga,4,2633.44
2024-10-01,Tourcoing,Mode,Pull laine,4,3537.96
2024-10-02,Lille,Mode,Pull laine,4,3361.06
2024-10-02,Valenciennes,Bricolage,Perceuse,4,422.64
2024-10-02,Lille,Maison,Rideau occultant,3,303.63
2024-10-02,Dunkerque,Bricolage,Échelle alu,2,709.34
2024-10-02,Lille,Mode,Pull laine,4,3361.06
2024-10-02,Tourcoing,Sport,Raquette tennis,5,3530.95
2024-10-02,Dunkerque,Maison,Canapé 3 places,4,984.92
2024-10-02,Dunkerque,Maison,Set casseroles,4,2827.4
2024-10-02,Amiens,Maison,Couette 220x240,4,851.54
2024-10-02,Lille,Sport,Haltères 10kg,2,196.6
2024-10-02,Amiens,Bricolage,Tournevis set,1,636.28
2024-10-02,Valenciennes,Bricolage,Boîte à outils,1,66.57
2024-10-02,Lille,Mode,Veste hiver,3,1574.38
2024-10-02,Amiens,Électroménager,Aspirateur,2,382.36
2024-10-02,En ligne,Électroménager,Micro-ondes,1,453.16
2024-10-02,Valenciennes,Bricolage,Tournevis set,3,1908.84
2024-10-02,Tourcoing,Sport,Tapis yoga,3,1975.08
2024-10-02,Lille,Maison,Couette 220x240,3,672.27
2024-10-02,Roubaix,Électroménager,Micro-ondes,3,1359.48
2024-10-02,Tourcoing,Électroménager,Aspirateur,5,955.9
2024-10-02,Amiens,Sport,Maillot bain,3,1052.31
2024-10-03,Tourcoing,Maison,Canapé 3 places,4,984.92
2024-10-03,Tourcoing,Bricolage,Échelle alu,4,1418.68
2024-10-03,Dunkerque,Maison,Rideau occultant,4,384.6
2024-10-03,Amiens,Maison,Étagère bois,4,1118.36
2024-10-03,Lille,Mode,T-shirt coton,3,1514.01
2024-10-03,Dunkerque,Électroménager,Micro-ondes,2,906.32
2024-10-03,Dunkerque,Sport,Tapis yoga,2,1316.72
2024-10-03,Lille,Bricolage,Échelle alu,1,354.67
2024-10-03,Lille,Bricolage,Échelle alu,2,709.34
2024-10-03,Amiens,Mode,Baskets ville,2,921.02
2024-10-03,Valenciennes,Électroménager,Bouilloire,2,1452.08
2024-10-03,En ligne,Sport,Maillot bain,3,999.69
2024-10-03,Dunkerque,Électroménager,Cafetière,3,1176.72
2024-10-03,Roubaix,Maison,Lampe LED,2,268.44
2024-10-03,Lille,Électroménager,Bouilloire,3,2178.12
2024-10-03,Amiens,Électroménager,Micro-ondes,4,1812.64
2024-10-03,Lille,Maison,Canapé 3 places,3,701.76
2024-10-03,En ligne,Électroménager,Robot cuiseur,1,237.47
2024-10-03,Valenciennes,Mode,T-shirt coton,1,504.67
2024-10-03,Roubaix,Maison,Étagère bois,2,503.26
2024-10-03,Tourcoing,Maison,Set casseroles,2,1343.02
2024-10-03,Amiens,Mode,Pull laine,3,2653.47
2024-10-03,En ligne,Maison,Rideau occultant,1,101.21
2024-10-03,En ligne,Électroménager,Cafetière,3,1176.72
2024-10-03,Dunkerque,Sport,Vélo VTT,1,545.21
2024-10-03,En ligne,Mode,Baskets ville,2,736.82
2024-10-04,Roubaix,Bricolage,Échelle alu,1,354.67
2024-10-04,Amiens,Maison,Set casseroles,2,1413.7
2024-10-04,Dunkerque,Sport,Raquette tennis,2,1341.76
2024-10-04,Dunkerque,Électroménager,Réfrigérateur,4,1549.48
2024-10-04,En ligne,Bricolage,Peinture 5L,3,1827.0
2024-10-04,Dunkerque,Sport,Tapis yoga,3,1876.33
2024-10-04,Roubaix,Électroménager,Réfrigérateur,1,387.37
2024-10-04,Lille,Électroménager,Robot cuiseur,3,749.91
2024-10-04,Roubaix,Maison,Canapé 3 places,1,221.61
2024-10-04,Tourcoing,Mode,Pull laine,1,884.49
2024-10-04,Roubaix,Sport,Raquette tennis,3,2118.57
2024-10-04,Dunkerque,Maison,Étagère bois,4,1118.36
2024-10-04,Roubaix,Mode,Veste hiver,4,2623.96
2024-10-04,Tourcoing,Électroménager,Aspirateur,3,573.54
2024-10-05,En ligne,Bricolage,Tournevis set,3,1908.84
2024-10-05,Roubaix,Sport,Maillot bain,5,1753.85
2024-10-05,En ligne,Mode,Pull laine,1,884.49
2024-10-05,Roubaix,Mode,Baskets ville,1,460.51
2024-10-05,Dunkerque,Électroménager,Cafetière,2,784.48
2024-10-05,Dunkerque,Bricolage,Tournevis set,2,1272.56
2024-10-05,Tourcoing,Sport,Raquette tennis,3,2118.57
2024-10-05,Lille,Sport,Raquette tennis,6,4025.28
2024-10-05,Valenciennes,Mode,Pull laine,4,3361.06
2024-10-05,Roubaix,Mode,Baskets ville,1,460.51
2024-10-05,Dunkerque,Mode,T-shirt coton,2,807.47
2024-10-05,Lille,Électroménager,Bouilloire,3,2178.12
2024-10-05,Valenciennes,Électroménager,Robot cuiseur,2,474.94
2024-10-05,Dunkerque,Bricolage,Échelle alu,5,1684.68
2024-10-05,Lille,Sport,Tapis yoga,4,2633.44
2024-10-05,En ligne,Bricolage,Échelle alu,3,957.61
2024-10-05,Lille,Bricolage,Perceuse,5,475.47
2024-10-05,Lille,Mode,Pull laine,3,2653.47
2024-10-05,Lille,Sport,Tapis yoga,3,1975.08
2024-10-05,Roubaix,Mode,T-shirt coton,2,1009.34
2024-10-05,Roubaix,Sport,Haltères 10kg,2,176.94
2024-10-05,Tourcoing,Bricolage,Échelle alu,2,709.34
2024-10-05,Tourcoing,Électroménager,Micro-ondes,3,1359.48
2024-10-06,Dunkerque,Maison,Set casseroles,2,1413.7
2024-10-06,Amiens,Mode,T-shirt coton,2,1009.34
2024-10-06,En ligne,Mode,Robe été,1,296.52
2024-10-06,Dunkerque,Mode,Veste hiver,3,1967.97
2024-10-06,Valenciennes,Maison,Couette 220x240,1,212.89
2024-10-06,Dunkerque,Sport,Vélo VTT,2,1090.42
2024-10-06,En ligne,Mode,Baskets ville,5,2302.55
2024-10-06,Dunkerque,Sport,Raquette tennis,5,3177.86
2024-10-06,Tourcoing,Bricolage,Boîte à outils,1,66.57
2024-10-06,Roubaix,Sport,Maillot bain,1,350.77
2024-10-06,Roubaix,Électroménager,Robot cuiseur,2,499.94
2024-10-06,Roubaix,Maison,Rideau occultant,2,192.3
2024-10-06,Amiens,Bricolage,Boîte à outils,1,83.21
2024-10-06,Dunkerque,Maison,Couette 220x240,5,896.36
2024-10-06,Lille,Bricolage,Tournevis set,4,2545.12
2024-10-06,Roubaix,Maison,Étagère bois,1,279.59
2024-10-07,Lille,Mode,Jean homme,2,544.54
2024-10-07,Valenciennes,Maison,Couette 220x240,2,448.18
2024-10-07,Tourcoing,Mode,Baskets ville,1,460.51
2024-10-07,Valenciennes,Électroménager,Cafetière,1,392.24
2024-10-07,En ligne,Maison,Rideau occultant,3,303.63
2024-10-07,Lille,Mode,Robe été,3,889.56
2024-10-07,Roubaix,Sport,Ballon foot,2,190.19
2024-10-07,Amiens,Sport,Ballon foot,1,100.1
2024-10-07,Dunkerque,Sport,Haltères 10kg,1,98.3
2024-10-07,Valenciennes,Bricolage,Échelle alu,2,709.34
2024-10-07,En ligne,Mode,Pull laine,1,884.49
2024-10-07,Dunkerque,Maison,Couette 220x240,2,448.18
2024-10-07,Tourcoing,Bricolage,Perceuse,5,528.3
2024-10-07,En ligne,Maison,Couette 220x240,2,448.18
2024-10-07,Roubaix,Électroménager,Réfrigérateur,1,387.37
2024-10-07,Amiens,Mode,T-shirt coton,1,504.67
2024-10-07,Amiens,Électroménager,Aspirateur,4,764.72
2024-10-07,En ligne,Mode,Baskets ville,3,1381.53
2024-10-07,Roubaix,Électroménager,Bouilloire,3,2178.12
2024-10-07,En ligne,Maison,Rideau occultant,3,303.63
2024-10-07,En ligne,Sport,Raquette tennis,5,3530.95
2024-10-08,Tourcoing,Bricolage,Échelle alu,2,709.34
2024-10-08,Lille,Mode,T-shirt coton,5,2523.35
2024-10-08,Dunkerque,Électroménager,Aspirateur,5,955.9
2024-10-08,Lille,Bricolage,Échelle alu,3,1064.01
2024-10-08,Lille,Électroménager,Cafetière,4,1568.96
2024-10-08,Lille,Sport,Chaussures running,3,1708.59
2024-10-08,Lille,Mode,Robe été,2,593.04
2024-10-08,En ligne,Maison,Canapé 3 places,1,221.61
2024-10-08,Amiens,Mode,Robe été,3,889.56
2024-10-08,Lille,Mode,Robe été,2,593.04
2024-10-08,Tourcoing,Électroménager,Robot cuiseur,4,799.9
2024-10-08,Roubaix,Maison,Étagère bois,3,838.77
2024-10-08,Lille,Sport,Raquette tennis,6,4237.14
2024-10-08,En ligne,Maison,Canapé 3 places,2,492.46
2024-10-08,Tourcoing,Électroménager,Bouilloire,6,4356.24
2024-10-09,Dunkerque,Électroménager,Cafetière,4,1568.96
2024-10-09,Roubaix,Maison,Set casseroles,3,2120.55
2024-10-09,Dunkerque,Mode,Robe été,1,296.52
2024-10-09,En ligne,Sport,Haltères 10kg,4,393.2
2024-10-09,Valenciennes,Bricolage,Échelle alu,3,1064.01
2024-10-09,Dunkerque,Sport,Ballon foot,1,100.1
2024-10-09,Tourcoing,Sport,Ballon foot,4,400.4
2024-10-09,Tourcoing,Sport,Tapis yoga,3,1975.08
2024-10-09,En ligne,Sport,Raquette tennis,3,2118.57
2024-10-09,Lille,Sport,Ballon foot,2,200.2
2024-10-09,Valenciennes,Maison,Set casseroles,1,671.51
2024-10-09,Dunkerque,Sport,Ballon foot,1,95.09
2024-10-09,Valenciennes,Mode,Pull laine,2,1680.53
2024-10-09,En ligne,Mode,Pull laine,5,4422.45
2024-10-09,Amiens,Bricolage,Peinture 5L,5,3045.0
2024-10-09,Lille,Mode,Pull laine,4,3537.96
2024-10-09,Valenciennes,Maison,Set casseroles,3,2120.55
2024-10-09,Amiens,Sport,Vélo VTT,4,2180.84
2024-10-09,En ligne,Mode,T-shirt coton,1,479.44
2024-10-09,Dunkerque,Bricolage,Tournevis set,2,1272.56
2024-10-10,Valenciennes,Bricolage,Boîte à outils,4,316.2
2024-10-10,Dunkerque,Sport,Tapis yoga,3,1975.08
2024-10-10,Lille,Mode,Jean homme,5,1361.35
2024-10-10,Valenciennes,Électroménager,Robot cuiseur,4,999.88
2024-10-10,Valenciennes,Sport,Vélo VTT,1,545.21
2024-10-10,En ligne,Maison,Rideau occultant,1,101.21
2024-10-10,Dunkerque,Bricolage,Échelle alu,4,1418.68
2024-10-10,Amiens,Mode,Jean homme,2,544.54
2024-10-10,Tourcoing,Maison,Canapé 3 places,4,984.92
2024-10-10,Dunkerque,Mode,Veste hiver,4,2623.96
2024-10-10,Tourcoing,Bricolage,Peinture 5L,2,1218.0
2024-10-10,Amiens,Électroménager,Cafetière,2,784.48
2024-10-10,Tourcoing,Sport,Tapis yoga,2,1316.72
2024-10-10,Amiens,Sport,Vélo VTT,2,1090.42
2024-10-10,Roubaix,Sport,Maillot bain,1,350.77
2024-10-10,Amiens,Mode,Pull laine,4,3537.96
2024-10-10,En ligne,Maison,Canapé 3 places,1,246.23
2024-10-10,Amiens,Électroménager,Micro-ondes,5,2265.8
2024-10-10,Amiens,Mode,Baskets ville,2,921.02
2024-10-10,Lille,Maison,Lampe LED,5,637.54
2024-10-10,Dunkerque,Mode,Veste hiver,4,2623.96
2024-10-10,Valenciennes,Électroménager,Aspirateur,4,764.72
2024-10-11,Lille,Mode,Baskets ville,3,1381.53
2024-10-11,Tourcoing,Mode,Baskets ville,2,921.02
2024-10-11,Roubaix,Mode,Jean homme,3,816.81
2024-10-11,Valenciennes,Mode,Jean homme,4,1089.08
2024-10-11,En ligne,Électroménager,Cafetière,2,784.48
2024-10-11,En ligne,Sport,Raquette tennis,4,2824.76
2024-10-11,Valenciennes,Maison,Étagère bois,3,796.83
2024-10-11,Lille,Bricolage,Perceuse,3,316.98
2024-10-11,Roubaix,Maison,Lampe LED,4,536.88
2024-10-11,Lille,Bricolage,Peinture 5L,3,1827.0
2024-10-11,Roubaix,Mode,Baskets ville,1,437.48
2024-10-12,Valenciennes,Électroménager,Réfrigérateur,1,387.37
2024-10-12,Amiens,Électroménager,Bouilloire,1,726.04
2024-10-12,Roubaix,Sport,Chaussures running,4,2278.12
2024-10-12,Valenciennes,Mode,Jean homme,3,816.81
2024-10-12,Lille,Sport,Maillot bain,1,350.77
2024-10-12,Lille,Mode,T-shirt coton,3,1514.01
2024-10-12,Valenciennes,Sport,Haltères 10kg,3,294.9
2024-10-12,Dunkerque,Sport,Chaussures running,2,1139.06
2024-10-12,Lille,Mode,Veste hiver,2,1311.98
2024-10-12,Roubaix,Maison,Set casseroles,1,636.17
2024-10-12,Lille,Électroménager,Aspirateur,2,363.24
2024-10-12,Roubaix,Sport,Ballon foot,5,500.5
2024-10-12,Lille,Électroménager,Cafetière,4,1568.96
2024-10-12,Roubaix,Mode,T-shirt coton,3,1362.61
2024-10-12,Lille,Maison,Lampe LED,2,268.44
2024-10-12,Tourcoing,Mode,Jean homme,2,544.54
2024-10-13,Valenciennes,Maison,Lampe LED,6,805.32
2024-10-13,Roubaix,Mode,Veste hiver,1,655.99
2024-10-13,Tourcoing,Électroménager,Aspirateur,3,573.54
2024-10-13,En ligne,Mode,T-shirt coton,4,2018.68
2024-10-13,En ligne,Maison,Set casseroles,2,1343.02
2024-10-13,Valenciennes,Mode,Veste hiver,2,1311.98
2024-10-13,Amiens,Bricolage,Tournevis set,3,1908.84
2024-10-13,Valenciennes,Électroménager,Aspirateur,2,382.36
2024-10-13,Lille,Sport,Raquette tennis,4,2683.52
2024-10-13,Roubaix,Sport,Tapis yoga,1,658.36
2024-10-13,Amiens,Bricolage,Perceuse,2,211.32
2024-10-13,Dunkerque,Sport,Chaussures running,4,2278.12
2024-10-13,Valenciennes,Sport,Raquette tennis,3,2118.57
2024-10-13,Roubaix,Bricolage,Échelle alu,3,851.21
2024-10-13,En ligne,Bricolage,Tournevis set,4,2545.12
2024-10-13,Dunkerque,Électroménager,Robot cuiseur,3,749.91
2024-10-14,En ligne,Mode,Jean homme,1,272.27
2024-10-14,Amiens,Maison,Canapé 3 places,3,738.69
2024-10-14,Lille,Électroménager,Micro-ondes,1,453.16
2024-10-14,Dunkerque,Électroménager,Cafetière,2,745.26
2024-10-14,Lille,Bricolage,Échelle alu,2,709.34
2024-10-14,Lille,Sport,Tapis yoga,2,1250.88
2024-10-15,Amiens,Maison,Canapé 3 places,4,984.92
2024-10-15,Valenciennes,Sport,Chaussures running,2,1025.15
2024-10-15,Tourcoing,Électroménager,Cafetière,1,392.24
2024-10-15,Lille,Électroménager,Cafetière,4,1568.96
2024-10-15,Dunkerque,Mode,Jean homme,1,258.66
2024-10-15,Roubaix,Bricolage,Échelle alu,2,709.34
2024-10-15,Roubaix,Sport,Tapis yoga,1,658.36
2024-10-15,En ligne,Électroménager,Cafetière,3,1176.72
2024-10-15,Roubaix,Sport,Raquette tennis,3,2118.57
2024-10-15,Tourcoing,Maison,Canapé 3 places,2,467.84
2024-10-15,Dunkerque,Bricolage,Boîte à outils,1,83.21
2024-10-15,Lille,Mode,Veste hiver,1,623.19
2024-10-15,Amiens,Maison,Set casseroles,1,706.85
2024-10-15,Amiens,Mode,Pull laine,1,884.49
2024-10-16,Tourcoing,Mode,Baskets ville,1,460.51
2024-10-16,Roubaix,Sport,Vélo VTT,4,1962.76
2024-10-16,Amiens,Mode,Robe été,4,1126.78
2024-10-16,En ligne,Mode,Robe été,2,563.39
2024-10-16,Dunkerque,Sport,Raquette tennis,4,2824.76
2024-10-16,Dunkerque,Sport,Maillot bain,2,701.54
2024-10-16,Valenciennes,Bricolage,Peinture 5L,2,1218.0
2024-10-16,Lille,Mode,Robe été,1,296.52
2024-10-16,Dunkerque,Bricolage,Perceuse,3,301.13
2024-10-16,En ligne,Sport,Maillot bain,3,1052.31
2024-10-16,Roubaix,Maison,Set casseroles,1,671.51
2024-10-16,Roubaix,Sport,Tapis yoga,1,658.36
2024-10-16,Tourcoing,Bricolage,Perceuse,2,211.32
2024-10-16,Lille,Mode,Veste hiver,3,1967.97
2024-10-16,Lille,Bricolage,Perceuse,2,211.32
2024-10-16,En ligne,Maison,Canapé 3 places,2,467.84
2024-10-17,Valenciennes,Sport,Maillot bain,3,1052.31
2024-10-17,Roubaix,Bricolage,Boîte à outils,3,237.15
2024-10-17,Lille,Bricolage,Peinture 5L,4,2314.2
2024-10-17,Roubaix,Sport,Raquette tennis,3,2118.57
2024-10-17,Valenciennes,Mode,Robe été,4,1126.78
2024-10-17,Amiens,Bricolage,Peinture 5L,2,1218.0
2024-10-17,Amiens,Sport,Chaussures running,2,1025.15
2024-10-17,Roubaix,Mode,Robe été,1,296.52
2024-10-17,Roubaix,Électroménager,Micro-ondes,5,2265.8
2024-10-17,Lille,Maison,Canapé 3 places,4,886.43
2024-10-17,Lille,Électroménager,Aspirateur,1,191.18
2024-10-17,En ligne,Électroménager,Micro-ondes,2,815.69
2024-10-17,Dunkerque,Maison,Rideau occultant,1,101.21
2024-10-17,En ligne,Sport,Raquette tennis,2,1341.76
2024-10-17,Dunkerque,Maison,Rideau occultant,3,303.63
2024-10-17,Amiens,Mode,Jean homme,3,816.81
2024-10-18,Lille,Électroménager,Aspirateur,5,955.9
2024-10-18,Lille,Mode,T-shirt coton,1,479.44
2024-10-18,Tourcoing,Maison,Rideau occultant,2,202.42
2024-10-18,En ligne,Maison,Rideau occultant,1,91.09
2024-10-18,Dunkerque,Maison,Étagère bois,3,838.77
2024-10-18,Lille,Bricolage,Échelle alu,1,336.94
2024-10-18,Amiens,Électroménager,Réfrigérateur,4,1549.48
2024-10-18,Amiens,Mode,Jean homme,1,272.27
2024-10-18,Roubaix,Maison,Canapé 3 places,3,738.69
2024-10-18,Roubaix,Électroménager,Cafetière,4,1568.96
2024-10-18,Tourcoing,Mode,Robe été,3,889.56
2024-10-18,Lille,Mode,T-shirt coton,4,2018.68
2024-10-18,Lille,Sport,Tapis yoga,1,658.36
2024-10-18,En ligne,Bricolage,Échelle alu,1,354.67
2024-10-18,Tourcoing,Sport,Vélo VTT,3,1635.63
2024-10-19,Lille,Électroménager,Cafetière,2,784.48
2024-10-19,Valenciennes,Électroménager,Cafetière,1,392.24
2024-10-19,Lille,Sport,Chaussures running,2,1139.06
2024-10-19,Roubaix,Maison,Canapé 3 places,5,1231.15
2024-10-19,En ligne,Mode,T-shirt coton,1,454.2
2024-10-19,Dunkerque,Bricolage,Boîte à outils,1,83.21
2024-10-19,Tourcoing,Sport,Maillot bain,4,1403.08
2024-10-19,Dunkerque,Bricolage,Perceuse,4,422.64
2024-10-19,Roubaix,Électroménager,Bouilloire,4,2904.16
2024-10-19,Lille,Sport,Ballon foot,2,200.2
2024-10-19,Roubaix,Électroménager,Bouilloire,1,726.04
2024-10-19,Dunkerque,Mode,Veste hiver,3,1869.57
2024-10-19,Dunkerque,Maison,Set casseroles,3,2120.55
2024-10-19,Lille,Mode,T-shirt coton,4,2018.68
2024-10-20,En ligne,Électroménager,Cafetière,2,627.58
2024-10-20,Tourcoing,Sport,Chaussures running,2,1139.06
2024-10-20,Amiens,Mode,Veste hiver,5,3279.95
2024-10-20,Roubaix,Bricolage,Tournevis set,1,604.47
2024-10-20,Dunkerque,Électroménager,Robot cuiseur,4,999.88
2024-10-20,En ligne,Électroménager,Réfrigérateur,1,309.9
2024-10-20,Lille,Électroménager,Micro-ondes,2,815.69
2024-10-20,En ligne,Électroménager,Micro-ondes,3,1359.48
2024-10-20,Amiens,Sport,Raquette tennis,3,2118.57
2024-10-20,Valenciennes,Mode,Pull laine,1,884.49
2024-10-20,Amiens,Maison,Set casseroles,5,3534.25
2024-10-20,Tourcoing,Maison,Canapé 3 places,5,1231.15
2024-10-20,Roubaix,Maison,Rideau occultant,3,303.63
2024-10-20,Tourcoing,Électroménager,Aspirateur,1,191.18
2024-10-20,Lille,Mode,Baskets ville,5,2302.55
2024-10-20,Lille,Électroménager,Robot cuiseur,4,999.88
2024-10-20,Valenciennes,Bricolage,Boîte à outils,4,332.84
2024-10-20,Tourcoing,Sport,Maillot bain,3,841.85
2024-10-20,Lille,Mode,T-shirt coton,3,1514.01
2024-10-21,En ligne,Mode,Veste hiver,2,1311.98
2024-10-21,Lille,Bricolage,Tournevis set,2,1272.56
2024-10-21,Tourcoing,Mode,Baskets ville,2,921.02
2024-10-21,Dunkerque,Sport,Tapis yoga,2,1316.72
2024-10-21,Lille,Électroménager,Cafetière,1,392.24
2024-10-21,Roubaix,Bricolage,Peinture 5L,3,1827.0
2024-10-21,Tourcoing,Maison,Set casseroles,3,2120.55
2024-10-21,En ligne,Électroménager,Aspirateur,3,573.54
2024-10-21,En ligne,Bricolage,Boîte à outils,2,166.42
2024-10-21,Roubaix,Électroménager,Micro-ondes,5,2039.22
2024-10-21,Valenciennes,Sport,Chaussures running,1,569.53
2024-10-21,Tourcoing,Bricolage,Échelle alu,1,354.67
2024-10-21,Amiens,Sport,Vélo VTT,2,981.38
2024-10-22,En ligne,Maison,Canapé 3 places,3,664.82
2024-10-22,Lille,Mode,Pull laine,5,4422.45
2024-10-22,Tourcoing,Électroménager,Aspirateur,3,573.54
2024-10-22,Dunkerque,Sport,Chaussures running,2,1025.15
2024-10-22,Valenciennes,Sport,Raquette tennis,3,2118.57
2024-10-22,Lille,Maison,Canapé 3 places,5,1231.15
2024-10-22,Valenciennes,Sport,Tapis yoga,1,658.36
2024-10-22,En ligne,Électroménager,Cafetière,5,1961.2
2024-10-22,En ligne,Bricolage,Boîte à outils,4,332.84
2024-10-23,En ligne,Mode,Jean homme,5,1361.35
2024-10-23,Roubaix,Sport,Haltères 10kg,4,373.54
2024-10-23,Tourcoing,Électroménager,Bouilloire,4,2904.16
2024-10-23,Roubaix,Électroménager,Aspirateur,1,172.06
2024-10-23,Lille,Mode,Pull laine,1,796.04
2024-10-23,En ligne,Mode,Jean homme,3,816.81
2024-10-23,Dunkerque,Électroménager,Cafetière,2,784.48
2024-10-23,En ligne,Maison,Lampe LED,1,134.22
2024-10-23,En ligne,Sport,Chaussures running,1,541.05
2024-10-23,Roubaix,Sport,Tapis yoga,4,2633.44
2024-10-23,Lille,Bricolage,Tournevis set,3,1908.84
2024-10-23,Lille,Bricolage,Échelle alu,4,1418.68
2024-10-23,Roubaix,Électroménager,Micro-ondes,3,1359.48
2024-10-23,En ligne,Mode,Veste hiver,1,590.39
2024-10-23,En ligne,Sport,Tapis yoga,3,1975.08
2024-10-24,Tourcoing,Mode,Pull laine,4,3361.06
2024-10-24,Roubaix,Maison,Set casseroles,4,2827.4
2024-10-24,Tourcoing,Mode,Pull laine,4,3537.96
2024-10-24,Dunkerque,Mode,Pull laine,1,884.49
2024-10-24,Amiens,Sport,Chaussures running,4,1822.5
2024-10-24,Lille,Mode,T-shirt coton,1,479.44
2024-10-24,Dunkerque,Électroménager,Aspirateur,3,544.86
2024-10-24,Lille,Maison,Set casseroles,4,2827.4
2024-10-24,Lille,Électroménager,Cafetière,2,784.48
2024-10-24,Lille,Maison,Set casseroles,5,3357.54
2024-10-24,Amiens,Mode,T-shirt coton,3,1514.01
2024-10-24,Roubaix,Maison,Canapé 3 places,4,984.92
2024-10-24,Roubaix,Maison,Lampe LED,4,536.88
2024-10-25,Amiens,Bricolage,Perceuse,2,211.32
2024-10-25,En ligne,Maison,Canapé 3 places,1,196.98
2024-10-25,Roubaix,Maison,Étagère bois,3,838.77
2024-10-25,Lille,Sport,Chaussures running,3,1708.59
2024-10-25,Tourcoing,Mode,Pull laine,3,2653.47
2024-10-25,Lille,Bricolage,Perceuse,3,316.98
2024-10-25,Dunkerque,Bricolage,Perceuse,4,422.64
2024-10-25,Roubaix,Mode,Robe été,1,296.52
2024-10-25,En ligne,Bricolage,Tournevis set,3,1527.07
2024-10-25,Roubaix,Sport,Maillot bain,4,1403.08
2024-10-25,Roubaix,Bricolage,Échelle alu,3,957.61
2024-10-25,Lille,Électroménager,Bouilloire,2,1452.08
2024-10-25,Roubaix,Maison,Set casseroles,3,1908.5
2024-10-25,Tourcoing,Électroménager,Bouilloire,4,2904.16
2024-10-25,Roubaix,Électroménager,Aspirateur,4,764.72
2024-10-25,Amiens,Sport,Vélo VTT,4,1962.76
2024-10-25,Dunkerque,Électroménager,Bouilloire,1,689.74
2024-10-25,Valenciennes,Mode,Jean homme,3,775.97
2024-10-25,Amiens,Sport,Haltères 10kg,3,294.9
2024-10-25,Lille,Bricolage,Échelle alu,4,1418.68
2024-10-26,Roubaix,Bricolage,Tournevis set,2,1145.3
2024-10-26,En ligne,Sport,Chaussures running,4,2278.12
2024-10-26,En ligne,Sport,Haltères 10kg,3,294.9
2024-10-26,Tourcoing,Électroménager,Micro-ondes,1,453.16
2024-10-26,Dunkerque,Bricolage,Boîte à outils,1,83.21
2024-10-26,Amiens,Mode,Baskets ville,1,460.51
2024-10-26,Tourcoing,Maison,Étagère bois,1,279.59
2024-10-26,Valenciennes,Mode,Veste hiver,1,655.99
2024-10-26,Lille,Sport,Raquette tennis,3,2118.57
2024-10-26,En ligne,Électroménager,Micro-ondes,1,453.16
2024-10-26,Dunkerque,Maison,Lampe LED,6,765.05
2024-10-26,Tourcoing,Maison,Set casseroles,1,706.85
2024-10-26,Dunkerque,Mode,T-shirt coton,2,1009.34
2024-10-26,En ligne,Bricolage,Échelle alu,2,709.34
2024-10-26,Lille,Bricolage,Tournevis set,3,1908.84
2024-10-26,Tourcoing,Électroménager,Aspirateur,2,382.36
2024-10-26,Lille,Électroménager,Robot cuiseur,2,499.94
2024-10-26,Dunkerque,Électroménager,Micro-ondes,3,1359.48
2024-10-26,Tourcoing,Maison,Set casseroles,5,3534.25
2024-10-26,Lille,Bricolage,Tournevis set,4,2545.12
2024-10-27,Dunkerque,Sport,Raquette tennis,3,2118.57
2024-10-27,Tourcoing,Mode,Robe été,4,948.86
2024-10-27,Tourcoing,Sport,Haltères 10kg,1,98.3
2024-10-27,Roubaix,Mode,T-shirt coton,1,504.67
2024-10-27,Amiens,Maison,Couette 220x240,3,672.27
2024-10-27,Roubaix,Maison,Rideau occultant,3,303.63
2024-10-27,Tourcoing,Électroménager,Micro-ondes,3,1359.48
2024-10-27,Amiens,Sport,Ballon foot,1,100.1
2024-10-27,En ligne,Mode,Veste hiver,1,623.19
2024-10-27,Lille,Mode,Veste hiver,2,1311.98
2024-10-27,En ligne,Maison,Rideau occultant,5,404.84
2024-10-27,Valenciennes,Mode,Jean homme,4,1089.08
2024-10-27,Roubaix,Électroménager,Micro-ondes,3,1359.48
2024-10-28,En ligne,Mode,Jean homme,1,272.27
2024-10-28,En ligne,Maison,Set casseroles,1,706.85
2024-10-28,Dunkerque,Sport,Vélo VTT,4,2180.84
2024-10-28,Amiens,Maison,Rideau occultant,2,202.42
2024-10-28,En ligne,Maison,Set casseroles,1,565.48
2024-10-28,Valenciennes,Sport,Raquette tennis,4,2824.76
2024-10-28,Tourcoing,Électroménager,Robot cuiseur,4,949.89
2024-10-28,Valenciennes,Bricolage,Boîte à outils,5,416.05
2024-10-28,Tourcoing,Électroménager,Aspirateur,5,955.9
2024-10-28,Valenciennes,Électroménager,Robot cuiseur,2,499.94
2024-10-28,Amiens,Électroménager,Réfrigérateur,1,387.37
2024-10-28,Tourcoing,Bricolage,Boîte à outils,1,83.21
2024-10-28,Dunkerque,Bricolage,Peinture 5L,1,578.55
2024-10-28,Roubaix,Sport,Raquette tennis,3,2118.57
2024-10-28,Valenciennes,Mode,Baskets ville,4,1842.04
2024-10-29,Roubaix,Maison,Étagère bois,2,559.18
2024-10-29,En ligne,Bricolage,Boîte à outils,1,83.21
2024-10-29,En ligne,Bricolage,Boîte à outils,3,249.63
2024-10-29,Tourcoing,Mode,T-shirt coton,5,2523.35
2024-10-29,Valenciennes,Électroménager,Cafetière,3,1176.72
2024-10-29,Tourcoing,Sport,Vélo VTT,1,545.21
2024-10-29,Dunkerque,Mode,T-shirt coton,1,504.67
2024-10-29,Valenciennes,Mode,Robe été,3,889.56
2024-10-29,En ligne,Électroménager,Bouilloire,3,2178.12
2024-10-29,En ligne,Sport,Raquette tennis,3,2118.57
2024-10-29,En ligne,Électroménager,Bouilloire,2,1452.08
2024-10-29,Roubaix,Mode,Robe été,3,889.56
2024-10-29,Lille,Sport,Tapis yoga,3,1975.08
2024-10-29,Tourcoing,Mode,T-shirt coton,4,1917.75
2024-10-29,Roubaix,Électroménager,Cafetière,3,1176.72
2024-10-29,Tourcoing,Électroménager,Robot cuiseur,4,999.88
2024-10-29,Dunkerque,Bricolage,Tournevis set,3,1908.84
2024-10-29,Roubaix,Maison,Rideau occultant,4,404.84
2024-10-29,Dunkerque,Mode,T-shirt coton,4,2018.68
2024-10-29,Lille,Maison,Étagère bois,1,279.59
2024-10-30,Roubaix,Électroménager,Robot cuiseur,2,474.94
2024-10-30,Tourcoing,Électroménager,Réfrigérateur,1,387.37
2024-10-30,Amiens,Mode,Jean homme,4,1089.08
2024-10-30,En ligne,Sport,Raquette tennis,3,2118.57
2024-10-30,En ligne,Sport,Chaussures running,1,569.53
2024-10-30,En ligne,Électroménager,Aspirateur,3,544.86
2024-10-30,Roubaix,Sport,Ballon foot,1,100.1
2024-10-30,Tourcoing,Bricolage,Perceuse,2,211.32
2024-10-30,Roubaix,Sport,Tapis yoga,2,1316.72
2024-10-30,Amiens,Maison,Set casseroles,3,2120.55
2024-10-30,Amiens,Mode,Veste hiver,3,1967.97
2024-10-30,Amiens,Mode,Pull laine,3,2653.47
2024-10-30,Roubaix,Sport,Tapis yoga,1,658.36
2024-10-30,Dunkerque,Maison,Couette 220x240,1,224.09
2024-10-30,Lille,Bricolage,Boîte à outils,2,166.42
2024-10-30,En ligne,Bricolage,Boîte à outils,5,416.05
2024-10-30,Lille,Électroménager,Micro-ondes,4,1812.64
2024-10-30,Lille,Mode,Robe été,2,593.04
2024-10-30,Valenciennes,Électroménager,Cafetière,4,1568.96
2024-10-30,Roubaix,Électroménager,Réfrigérateur,2,774.74
2024-10-30,Roubaix,Sport,Maillot bain,3,1052.31
2024-10-30,Valenciennes,Mode,Veste hiver,6,3935.94
2024-10-30,Roubaix,Sport,Haltères 10kg,1,93.38
2024-10-31,Dunkerque,Maison,Couette 220x240,2,448.18
2024-10-31,Roubaix,Maison,Canapé 3 places,2,492.46
2024-10-31,Amiens,Maison,Étagère bois,2,559.18
2024-10-31,Amiens,Sport,Raquette tennis,3,2118.57
2024-10-31,Lille,Sport,Maillot bain,3,1052.31
2024-10-31,Roubaix,Bricolage,Boîte à outils,4,316.2
2024-10-31,Lille,Électroménager,Robot cuiseur,2,499.94
2024-10-31,Roubaix,Maison,Couette 220x240,5,1120.45
2024-10-31,Amiens,Sport,Haltères 10kg,3,294.9
2024-10-31,Roubaix,Sport,Ballon foot,1,100.1
2024-10-31,Tourcoing,Mode,Pull laine,2,1768.98
2024-11-01,Amiens,Bricolage,Échelle alu,2,709.34
2024-11-01,Valenciennes,Mode,Jean homme,1,258.66
2024-11-01,Roubaix,Sport,Vélo VTT,2,872.34
2024-11-01,Lille,Sport,Maillot bain,4,1403.08
2024-11-01,Lille,Sport,Raquette tennis,2,1412.38
2024-11-01,Amiens,Sport,Tapis yoga,2,1053.38
2024-11-01,Valenciennes,Sport,Vélo VTT,3,1553.85
2024-11-01,Amiens,Mode,Pull laine,3,2520.8
2024-11-01,Tourcoing,Sport,Vélo VTT,1,545.21
2024-11-01,Tourcoing,Maison,Rideau occultant,2,202.42
2024-11-01,Amiens,Électroménager,Réfrigérateur,3,1162.11
2024-11-01,Tourcoing,Électroménager,Micro-ondes,2,906.32
2024-11-01,Dunkerque,Bricolage,Boîte à outils,2,166.42
2024-11-01,En ligne,Bricolage,Tournevis set,1,636.28
2024-11-01,Lille,Mode,Robe été,2,593.04
2024-11-01,Lille,Électroménager,Robot cuiseur,1,237.47
2024-11-01,Valenciennes,Mode,Baskets ville,2,874.97
2024-11-01,Dunkerque,Maison,Lampe LED,2,268.44
2024-11-01,En ligne,Mode,Baskets ville,3,1381.53
2024-11-01,Dunkerque,Sport,Maillot bain,3,1052.31
2024-11-01,En ligne,Sport,Tapis yoga,1,658.36
2024-11-02,Dunkerque,Électroménager,Réfrigérateur,3,929.69
2024-11-02,Roubaix,Électroménager,Robot cuiseur,4,999.88
2024-11-02,Dunkerque,Bricolage,Peinture 5L,1,578.55
2024-11-02,Dunkerque,Bricolage,Tournevis set,2,1272.56
2024-11-02,Roubaix,Bricolage,Échelle alu,1,354.67
2024-11-02,Roubaix,Maison,Set casseroles,2,1413.7
2024-11-02,Valenciennes,Sport,Raquette tennis,4,2824.76
2024-11-02,Valenciennes,Électroménager,Bouilloire,2,1452.08
2024-11-02,Dunkerque,Sport,Vélo VTT,1,545.21
2024-11-02,Roubaix,Mode,Baskets ville,3,1381.53
2024-11-02,Tourcoing,Électroménager,Bouilloire,1,726.04
2024-11-02,Tourcoing,Mode,Baskets ville,3,1381.53
2024-11-02,Roubaix,Mode,Jean homme,2,544.54
2024-11-02,Amiens,Sport,Tapis yoga,2,1316.72
2024-11-03,Dunkerque,Bricolage,Perceuse,2,211.32
2024-11-03,En ligne,Électroménager,Bouilloire,2,1306.87
2024-11-03,Dunkerque,Sport,Maillot bain,2,701.54
2024-11-03,Lille,Mode,Jean homme,3,816.81
2024-11-03,Amiens,Bricolage,Échelle alu,4,1418.68
2024-11-03,En ligne,Maison,Set casseroles,3,2120.55
2024-11-03,Roubaix,Sport,Ballon foot,2,200.2
2024-11-03,En ligne,Sport,Tapis yoga,1,658.36
2024-11-03,En ligne,Sport,Ballon foot,2,200.2
2024-11-03,Amiens,Sport,Raquette tennis,1,670.88
2024-11-03,Dunkerque,Maison,Set casseroles,1,706.85
2024-11-03,Valenciennes,Mode,Robe été,4,1186.08
2024-11-03,Valenciennes,Sport,Ballon foot,3,300.3
2024-11-03,Tourcoing,Électroménager,Robot cuiseur,1,199.98
2024-11-03,Roubaix,Bricolage,Peinture 5L,1,609.0
2024-11-04,Valenciennes,Sport,Vélo VTT,3,1635.63
2024-11-04,Dunkerque,Maison,Étagère bois,3,796.83
2024-11-04,Dunkerque,Électroménager,Réfrigérateur,1,348.63
2024-11-04,Roubaix,Sport,Chaussures running,3,1708.59
2024-11-04,Tourcoing,Maison,Set casseroles,4,2686.03
2024-11-04,Lille,Maison,Lampe LED,1,134.22
2024-11-04,Valenciennes,Maison,Couette 220x240,2,425.77
2024-11-04,En ligne,Mode,Robe été,3,889.56
2024-11-04,Amiens,Sport,Chaussures running,1,569.53
2024-11-04,Roubaix,Sport,Raquette tennis,3,2118.57
2024-11-04,Dunkerque,Sport,Tapis yoga,5,3291.8
2024-11-04,Roubaix,Sport,Ballon foot,3,285.28
2024-11-04,Lille,Maison,Couette 220x240,1,224.09
2024-11-04,Amiens,Sport,Haltères 10kg,1,98.3
2024-11-04,Lille,Mode,Pull laine,3,2653.47
2024-11-04,Amiens,Électroménager,Réfrigérateur,2,774.74
2024-11-04,Lille,Électroménager,Robot cuiseur,1,237.47
2024-11-04,Lille,Bricolage,Échelle alu,2,709.34
2024-11-04,Amiens,Maison,Canapé 3 places,2,492.46
2024-11-04,Lille,Mode,Pull laine,4,3184.16
2024-11-04,Tourcoing,Électroménager,Bouilloire,4,2758.95
2024-11-04,En ligne,Mode,Jean homme,1,272.27
2024-11-04,Dunkerque,Mode,Jean homme,3,816.81
2024-11-05,Amiens,Maison,Couette 220x240,3,672.27
2024-11-05,Dunkerque,Mode,Pull laine,5,4422.45
2024-11-05,Lille,Sport,Ballon foot,2,200.2
2024-11-05,Dunkerque,Sport,Haltères 10kg,2,176.94
2024-11-05,Lille,Bricolage,Tournevis set,2,1272.56
2024-11-05,En ligne,Électroménager,Aspirateur,3,573.54
2024-11-05,Roubaix,Mode,Baskets ville,1,460.51
2024-11-05,Amiens,Électroménager,Aspirateur,3,516.19
2024-11-05,Lille,Électroménager,Cafetière,3,1176.72
2024-11-05,En ligne,Maison,Set casseroles,1,706.85
2024-11-05,En ligne,Mode,T-shirt coton,2,958.87
2024-11-05,Roubaix,Bricolage,Tournevis set,1,636.28
2024-11-05,Roubaix,Mode,Robe été,1,296.52
2024-11-05,Dunkerque,Maison,Lampe LED,1,134.22
2024-11-05,Lille,Bricolage,Tournevis set,1,636.28
2024-11-05,Dunkerque,Sport,Tapis yoga,1,625.44
2024-11-05,Amiens,Maison,Rideau occultant,3,303.63
2024-11-06,Lille,Mode,Jean homme,3,816.81
2024-11-06,En ligne,Mode,Jean homme,1,272.27
2024-11-06,Roubaix,Maison,Rideau occultant,2,202.42
2024-11-06,Amiens,Électroménager,Aspirateur,2,344.12
2024-11-06,Roubaix,Sport,Tapis yoga,2,1185.05
2024-11-06,Lille,Bricolage,Perceuse,1,105.66
2024-11-06,Tourcoing,Maison,Étagère bois,3,838.77
2024-11-06,Lille,Électroménager,Aspirateur,2,382.36
2024-11-06,En ligne,Bricolage,Tournevis set,2,1272.56
2024-11-07,Lille,Mode,Robe été,5,1482.6
2024-11-07,Dunkerque,Maison,Étagère bois,4,1118.36
2024-11-07,En ligne,Sport,Vélo VTT,3,1635.63
2024-11-07,Amiens,Sport,Ballon foot,4,400.4
2024-11-07,En ligne,Mode,T-shirt coton,2,1009.34
2024-11-07,Amiens,Sport,Haltères 10kg,2,196.6
2024-11-07,Dunkerque,Électroménager,Micro-ondes,5,2265.8
2024-11-07,En ligne,Sport,Chaussures running,1,569.53
2024-11-07,Tourcoing,Bricolage,Boîte à outils,5,416.05
2024-11-07,Lille,Mode,Robe été,2,593.04
2024-11-07,Valenciennes,Électroménager,Réfrigérateur,2,774.74
2024-11-07,Lille,Électroménager,Cafetière,2,784.48
2024-11-07,Lille,Maison,Étagère bois,3,838.77
2024-11-07,Lille,Électroménager,Micro-ondes,1,430.5
2024-11-07,En ligne,Maison,Lampe LED,5,637.54
2024-11-07,En ligne,Sport,Haltères 10kg,2,157.28
2024-11-07,Roubaix,Sport,Raquette tennis,1,670.88
2024-11-07,Lille,Mode,Pull laine,1,884.49
2024-11-07,Lille,Électroménager,Robot cuiseur,1,249.97
2024-11-07,Roubaix,Électroménager,Réfrigérateur,4,1549.48
2024-11-07,Valenciennes,Mode,Pull laine,3,2520.8
2024-11-07,Lille,Maison,Couette 220x240,3,672.27
2024-11-07,Amiens,Mode,Robe été,1,296.52
2024-11-08,Lille,Mode,T-shirt coton,2,1009.34
2024-11-08,En ligne,Mode,Veste hiver,1,655.99
2024-11-08,Tourcoing,Sport,Ballon foot,1,100.1
2024-11-08,Dunkerque,Bricolage,Peinture 5L,1,609.0
2024-11-08,Dunkerque,Sport,Ballon foot,1,100.1
2024-11-08,En ligne,Électroménager,Aspirateur,2,382.36
2024-11-08,Dunkerque,Électroménager,Micro-ondes,1,430.5
2024-11-08,Amiens,Sport,Vélo VTT,1,517.95
2024-11-08,Dunkerque,Sport,Haltères 10kg,2,196.6
2024-11-09,Valenciennes,Maison,Étagère bois,3,838.77
2024-11-09,En ligne,Maison,Set casseroles,1,706.85
2024-11-09,Roubaix,Sport,Tapis yoga,1,658.36
2024-11-09,Lille,Bricolage,Perceuse,4,422.64
2024-11-09,Roubaix,Mode,Robe été,4,1126.78
2024-11-09,Lille,Électroménager,Aspirateur,1,191.18
2024-11-09,Dunkerque,Sport,Vélo VTT,3,1635.63
2024-11-09,Lille,Électroménager,Réfrigérateur,2,736.0
2024-11-09,En ligne,Mode,Jean homme,2,517.31
2024-11-09,Valenciennes,Maison,Étagère bois,4,1118.36
2024-11-09,Roubaix,Sport,Raquette tennis,3,2118.57
2024-11-09,Dunkerque,Mode,Robe été,3,889.56
2024-11-09,Roubaix,Bricolage,Perceuse,3,316.98
2024-11-09,Valenciennes,Maison,Couette 220x240,3,672.27
2024-11-09,Valenciennes,Bricolage,Boîte à outils,2,149.78
2024-11-09,Valenciennes,Mode,Veste hiver,4,2623.96
2024-11-09,Dunkerque,Sport,Chaussures running,3,1708.59
2024-11-09,Dunkerque,Sport,Raquette tennis,2,1412.38
2024-11-10,Lille,Maison,Set casseroles,2,1413.7
2024-11-10,Lille,Électroménager,Bouilloire,4,2904.16
2024-11-10,Valenciennes,Électroménager,Réfrigérateur,1,387.37
2024-11-10,Tourcoing,Mode,Robe été,2,593.04
2024-11-10,Roubaix,Bricolage,Échelle alu,2,709.34
2024-11-10,Dunkerque,Bricolage,Perceuse,2,200.75
2024-11-10,Dunkerque,Bricolage,Boîte à outils,2,166.42
2024-11-10,Tourcoing,Bricolage,Perceuse,2,211.32
2024-11-10,Dunkerque,Sport,Ballon foot,4,400.4
2024-11-10,Amiens,Mode,Pull laine,1,884.49
2024-11-10,Roubaix,Sport,Raquette tennis,2,1412.38
2024-11-10,Amiens,Bricolage,Peinture 5L,4,2436.0
2024-11-10,Lille,Bricolage,Perceuse,2,211.32
2024-11-10,Lille,Bricolage,Peinture 5L,4,2436.0
2024-11-10,Lille,Mode,Baskets ville,2,921.02
2024-11-10,Valenciennes,Maison,Lampe LED,1,134.22
2024-11-10,Valenciennes,Bricolage,Boîte à outils,2,166.42
2024-11-11,Tourcoing,Mode,Veste hiver,2,1180.78
2024-11-11,Dunkerque,Sport,Ballon foot,1,100.1
2024-11-11,Lille,Sport,Haltères 10kg,1,98.3
2024-11-11,Dunkerque,Maison,Canapé 3 places,3,738.69
2024-11-11,Roubaix,Sport,Haltères 10kg,1,93.38
2024-11-11,Roubaix,Électroménager,Cafetière,3,1176.72
2024-11-11,Lille,Électroménager,Réfrigérateur,1,387.37
2024-11-11,Tourcoing,Bricolage,Tournevis set,2,1272.56
2024-11-11,Amiens,Maison,Rideau occultant,2,202.42
2024-11-11,En ligne,Maison,Lampe LED,1,107.38
2024-11-11,Lille,Sport,Raquette tennis,4,2824.76
2024-11-11,Tourcoing,Sport,Ballon foot,1,100.1
2024-11-11,Dunkerque,Bricolage,Peinture 5L,2,1218.0
2024-11-11,Lille,Électroménager,Aspirateur,1,181.62
2024-11-11,Dunkerque,Électroménager,Bouilloire,2,1452.08
2024-11-11,En ligne,Maison,Set casseroles,1,706.85
2024-11-11,Lille,Électroménager,Cafetière,2,784.48
2024-11-11,Amiens,Électroménager,Cafetière,1,392.24
2024-11-11,En ligne,Bricolage,Boîte à outils,3,249.63
2024-11-11,Amiens,Électroménager,Bouilloire,2,1452.08
2024-11-11,Dunkerque,Mode,Robe été,1,281.69
2024-11-11,Roubaix,Maison,Rideau occultant,1,101.21
2024-11-12,En ligne,Sport,Chaussures running,2,1139.06
2024-11-12,Amiens,Mode,Veste hiver,2,1311.98
2024-11-12,Dunkerque,Sport,Maillot bain,2,701.54
2024-11-12,Roubaix,Maison,Lampe LED,2,268.44
2024-11-12,Dunkerque,Bricolage,Peinture 5L,1,609.0
2024-11-12,Lille,Maison,Lampe LED,3,402.66
2024-11-12,Lille,Mode,Veste hiver,1,655.99
2024-11-12,Lille,Mode,Baskets ville,2,921.02
2024-11-12,Lille,Maison,Set casseroles,3,2120.55
2024-11-12,Dunkerque,Électroménager,Aspirateur,1,191.18
2024-11-13,Valenciennes,Maison,Couette 220x240,1,224.09
2024-11-13,Dunkerque,Mode,T-shirt coton,4,2018.68
2024-11-13,Amiens,Sport,Raquette tennis,1,706.19
2024-11-13,Amiens,Maison,Canapé 3 places,1,246.23
2024-11-13,Tourcoing,Bricolage,Peinture 5L,1,609.0
2024-11-13,En ligne,Sport,Haltères 10kg,3,294.9
2024-11-13,Tourcoing,Sport,Tapis yoga,2,1316.72
2024-11-13,Amiens,Sport,Chaussures running,3,1708.59
2024-11-13,Dunkerque,Mode,Baskets ville,3,1381.53
2024-11-13,Lille,Sport,Maillot bain,2,701.54
2024-11-13,Lille,Sport,Tapis yoga,3,1876.33
2024-11-13,Roubaix,Bricolage,Perceuse,5,528.3
2024-11-13,Amiens,Mode,Veste hiver,4,2623.96
2024-11-13,Amiens,Maison,Canapé 3 places,3,738.69
2024-11-13,Roubaix,Sport,Tapis yoga,2,1316.72
2024-11-13,Roubaix,Sport,Vélo VTT,3,1635.63
2024-11-14,Amiens,Électroménager,Aspirateur,2,382.36
2024-11-14,Tourcoing,Mode,Robe été,1,296.52
2024-11-14,Amiens,Sport,Tapis yoga,3,1975.08
2024-11-14,Valenciennes,Mode,Baskets ville,2,921.02
2024-11-14,Valenciennes,Électroménager,Robot cuiseur,2,499.94
2024-11-14,Lille,Maison,Couette 220x240,4,896.36
2024-11-14,Roubaix,Mode,Robe été,2,563.39
2024-11-14,En ligne,Sport,Chaussures running,1,512.58
2024-11-14,Roubaix,Mode,Pull laine,4,3537.96
2024-11-14,Dunkerque,Maison,Canapé 3 places,1,246.23
2024-11-14,Amiens,Électroménager,Robot cuiseur,2,499.94
2024-11-14,Tourcoing,Bricolage,Peinture 5L,3,1827.0
2024-11-14,Valenciennes,Sport,Chaussures running,1,569.53
2024-11-14,Valenciennes,Sport,Vélo VTT,2,1090.42
2024-11-14,En ligne,Mode,Veste hiver,2,1311.98
2024-11-14,Dunkerque,Maison,Rideau occultant,2,202.42
2024-11-15,Roubaix,Bricolage,Boîte à outils,3,249.63
2024-11-15,Amiens,Électroménager,Bouilloire,3,2178.12
2024-11-15,Dunkerque,Maison,Set casseroles,4,2827.4
2024-11-15,Dunkerque,Maison,Lampe LED,2,241.6
2024-11-15,Tourcoing,Bricolage,Tournevis set,2,1272.56
2024-11-15,Valenciennes,Sport,Raquette tennis,1,706.19
2024-11-15,Dunkerque,Mode,Baskets ville,1,460.51
2024-11-15,Dunkerque,Mode,Jean homme,4,1089.08
2024-11-15,En ligne,Mode,Jean homme,1,272.27
2024-11-15,Valenciennes,Sport,Chaussures running,1,569.53
2024-11-15,En ligne,Mode,Robe été,3,889.56
2024-11-15,Amiens,Mode,Pull laine,2,1592.08
2024-11-15,Tourcoing,Mode,Pull laine,1,884.49
2024-11-15,Dunkerque,Maison,Rideau occultant,2,202.42
2024-11-15,En ligne,Mode,T-shirt coton,3,1362.61
2024-11-15,Roubaix,Mode,Veste hiver,2,1180.78
2024-11-15,Lille,Bricolage,Tournevis set,2,1272.56
2024-11-15,Amiens,Bricolage,Peinture 5L,3,1827.0
2024-11-16,Valenciennes,Sport,Raquette tennis,4,2683.52
2024-11-16,En ligne,Électroménager,Cafetière,2,784.48
2024-11-16,Roubaix,Mode,Robe été,2,593.04
2024-11-16,Amiens,Électroménager,Micro-ondes,4,1812.64
2024-11-16,En ligne,Électroménager,Micro-ondes,3,1359.48
2024-11-16,Roubaix,Sport,Raquette tennis,2,1412.38
2024-11-16,Roubaix,Sport,Tapis yoga,1,658.36
2024-11-16,Roubaix,Maison,Canapé 3 places,1,246.23
2024-11-16,En ligne,Bricolage,Tournevis set,3,1908.84
2024-11-16,Amiens,Sport,Maillot bain,3,1052.31
2024-11-16,Lille,Maison,Lampe LED,2,268.44
2024-11-16,Roubaix,Maison,Canapé 3 places,3,701.76
2024-11-16,Dunkerque,Maison,Étagère bois,1,265.61
2024-11-16,Amiens,Sport,Haltères 10kg,2,196.6
2024-11-16,Roubaix,Mode,T-shirt coton,3,1438.31
2024-11-16,Roubaix,Sport,Maillot bain,4,1403.08
2024-11-16,En ligne,Maison,Canapé 3 places,4,886.43
2024-11-16,Lille,Bricolage,Perceuse,3,316.98
2024-11-16,Roubaix,Sport,Raquette tennis,2,1412.38
2024-11-16,En ligne,Sport,Vélo VTT,1,545.21
2024-11-16,Tourcoing,Mode,Robe été,2,593.04
2024-11-16,Valenciennes,Électroménager,Robot cuiseur,4,799.9
2024-11-16,En ligne,Mode,Pull laine,2,1680.53
2024-11-17,Roubaix,Électroménager,Micro-ondes,3,1359.48
2024-11-17,Tourcoing,Sport,Maillot bain,5,1753.85
2024-11-17,En ligne,Électroménager,Micro-ondes,1,453.16
2024-11-17,Dunkerque,Sport,Maillot bain,1,333.23
2024-11-17,En ligne,Sport,Haltères 10kg,1,98.3
2024-11-17,Roubaix,Maison,Étagère bois,3,838.77
2024-11-17,Tourcoing,Mode,Pull laine,2,1680.53
2024-11-17,Amiens,Mode,Pull laine,3,2520.8
2024-11-17,Lille,Mode,Robe été,3,845.08
2024-11-18,En ligne,Maison,Rideau occultant,2,202.42
2024-11-18,Roubaix,Électroménager,Bouilloire,2,1452.08
2024-11-18,Roubaix,Électroménager,Robot cuiseur,1,249.97
2024-11-18,Tourcoing,Électroménager,Cafetière,3,941.38
2024-11-18,Roubaix,Électroménager,Réfrigérateur,1,387.37
2024-11-18,Amiens,Mode,Baskets ville,2,921.02
2024-11-18,Tourcoing,Maison,Set casseroles,1,706.85
2024-11-18,Tourcoing,Bricolage,Perceuse,1,105.66
2024-11-18,En ligne,Électroménager,Bouilloire,1,726.04
2024-11-18,En ligne,Électroménager,Cafetière,2,784.48
2024-11-18,Roubaix,Électroménager,Bouilloire,2,1452.08
2024-11-18,Amiens,Maison,Étagère bois,2,447.34
2024-11-18,Dunkerque,Bricolage,Boîte à outils,1,83.21
2024-11-18,Roubaix,Électroménager,Aspirateur,3,573.54
2024-11-18,Lille,Bricolage,Perceuse,1,105.66
2024-11-19,Lille,Bricolage,Tournevis set,1,636.28
2024-11-19,En ligne,Électroménager,Robot cuiseur,3,749.91
2024-11-19,Lille,Sport,Vélo VTT,3,1635.63
2024-11-19,Roubaix,Électroménager,Micro-ondes,1,453.16
2024-11-19,Dunkerque,Bricolage,Tournevis set,3,1908.84
2024-11-19,Valenciennes,Maison,Couette 220x240,1,224.09
2024-11-19,Lille,Mode,Baskets ville,2,921.02
2024-11-19,Roubaix,Mode,Jean homme,2,544.54
2024-11-20,Lille,Mode,Baskets ville,2,921.02
2024-11-20,Tourcoing,Bricolage,Échelle alu,1,336.94
2024-11-20,En ligne,Électroménager,Aspirateur,3,516.19
2024-11-20,Amiens,Sport,Raquette tennis,3,2118.57
2024-11-20,Dunkerque,Électroménager,Réfrigérateur,1,387.37
2024-11-20,Dunkerque,Électroménager,Aspirateur,1,191.18
2024-11-20,Lille,Mode,Pull laine,4,3537.96
2024-11-20,Lille,Maison,Rideau occultant,3,303.63
2024-11-20,Dunkerque,Sport,Raquette tennis,1,706.19
2024-11-20,En ligne,Sport,Vélo VTT,1,517.95
2024-11-20,Valenciennes,Maison,Couette 220x240,3,672.27
2024-11-20,En ligne,Maison,Rideau occultant,1,101.21
2024-11-20,Lille,Maison,Rideau occultant,3,303.63
2024-11-20,Tourcoing,Sport,Haltères 10kg,1,93.38
2024-11-20,Amiens,Électroménager,Bouilloire,3,2178.12
2024-11-20,Amiens,Maison,Canapé 3 places,2,492.46
2024-11-20,En ligne,Électroménager,Micro-ondes,1,453.16
2024-11-20,Amiens,Électroménager,Réfrigérateur,4,1549.48
2024-11-20,Dunkerque,Électroménager,Réfrigérateur,4,1549.48
2024-11-20,Tourcoing,Bricolage,Perceuse,2,190.19
2024-11-20,Dunkerque,Maison,Lampe LED,1,134.22
2024-11-20,Dunkerque,Électroménager,Aspirateur,2,363.24
2024-11-20,Dunkerque,Maison,Étagère bois,1,279.59
2024-11-20,Roubaix,Sport,Chaussures running,1,569.53
2024-11-21,Lille,Maison,Set casseroles,2,1413.7
2024-11-21,Lille,Maison,Lampe LED,2,268.44
2024-11-21,Dunkerque,Mode,Baskets ville,2,921.02
2024-11-21,Amiens,Électroménager,Réfrigérateur,3,1162.11
2024-11-21,Lille,Sport,Tapis yoga,2,1316.72
2024-11-21,Valenciennes,Électroménager,Cafetière,3,1117.88
2024-11-21,Lille,Bricolage,Tournevis set,3,1908.84
2024-11-21,Valenciennes,Sport,Tapis yoga,1,658.36
2024-11-22,Amiens,Bricolage,Échelle alu,2,638.41
2024-11-22,Lille,Électroménager,Réfrigérateur,3,1162.11
2024-11-22,Tourcoing,Sport,Tapis yoga,1,592.52
2024-11-22,Tourcoing,Maison,Couette 220x240,2,448.18
2024-11-22,Amiens,Sport,Haltères 10kg,5,491.5
2024-11-22,Amiens,Mode,T-shirt coton,3,1514.01
2024-11-22,Lille,Mode,Baskets ville,2,921.02
2024-11-22,Lille,Maison,Set casseroles,2,1413.7
2024-11-22,Roubaix,Électroménager,Micro-ondes,2,906.32
2024-11-22,Lille,Bricolage,Échelle alu,2,709.34
2024-11-22,Lille,Bricolage,Boîte à outils,2,158.1
2024-11-22,Roubaix,Mode,Jean homme,3,816.81
2024-11-22,Lille,Électroménager,Micro-ondes,3,1359.48
2024-11-22,Roubaix,Sport,Maillot bain,4,1403.08
2024-11-23,Valenciennes,Électroménager,Cafetière,3,1176.72
2024-11-23,En ligne,Bricolage,Boîte à outils,3,249.63
2024-11-23,Valenciennes,Électroménager,Aspirateur,3,458.83
2024-11-23,Valenciennes,Sport,Raquette tennis,3,2118.57
2024-11-23,En ligne,Bricolage,Peinture 5L,1,578.55
2024-11-23,Roubaix,Sport,Raquette tennis,4,2824.76
2024-11-23,Roubaix,Bricolage,Tournevis set,2,1272.56
2024-11-23,Tourcoing,Bricolage,Tournevis set,2,1145.3
2024-11-23,Lille,Électroménager,Réfrigérateur,1,387.37
2024-11-23,Amiens,Mode,Veste hiver,1,655.99
2024-11-23,Dunkerque,Maison,Set casseroles,1,636.17
2024-11-23,Valenciennes,Sport,Chaussures running,2,1139.06
2024-11-23,Dunkerque,Électroménager,Micro-ondes,1,453.16
2024-11-23,Roubaix,Mode,Jean homme,1,272.27
2024-11-23,Amiens,Bricolage,Tournevis set,2,1272.56
2024-11-24,Amiens,Mode,Veste hiver,2,1311.98
2024-11-24,Valenciennes,Électroménager,Robot cuiseur,2,499.94
2024-11-24,Roubaix,Électroménager,Micro-ondes,2,906.32
2024-11-24,Amiens,Maison,Set casseroles,1,671.51
2024-11-24,En ligne,Maison,Rideau occultant,1,101.21
2024-11-24,Lille,Sport,Haltères 10kg,4,393.2
2024-11-24,Dunkerque,Sport,Chaussures running,2,1139.06
2024-11-24,Amiens,Bricolage,Échelle alu,2,709.34
2024-11-24,Lille,Sport,Vélo VTT,4,1962.76
2024-11-24,Amiens,Mode,Baskets ville,4,1842.04
2024-11-24,Amiens,Bricolage,Perceuse,2,200.75
2024-11-24,Lille,Mode,Robe été,4,1126.78
2024-11-24,Tourcoing,Électroménager,Micro-ondes,1,453.16
2024-11-24,Roubaix,Bricolage,Peinture 5L,2,1157.1
2024-11-24,Dunkerque,Bricolage,Échelle alu,3,1064.01
2024-11-24,Dunkerque,Sport,Raquette tennis,3,1906.71
2024-11-24,En ligne,Bricolage,Perceuse,4,422.64
2024-11-24,En ligne,Bricolage,Boîte à outils,5,416.05
2024-11-25,En ligne,Bricolage,Perceuse,4,401.51
2024-11-25,Amiens,Sport,Maillot bain,4,1403.08
2024-11-25,Lille,Électroménager,Micro-ondes,4,1812.64
2024-11-25,Roubaix,Bricolage,Peinture 5L,4,2314.2
2024-11-25,Dunkerque,Mode,Jean homme,1,272.27
2024-11-25,Lille,Mode,Baskets ville,4,1842.04
2024-11-25,Lille,Bricolage,Peinture 5L,1,609.0
2024-11-25,Dunkerque,Sport,Ballon foot,2,200.2
2024-11-25,En ligne,Sport,Maillot bain,3,947.08
2024-11-26,Roubaix,Bricolage,Tournevis set,1,636.28
2024-11-26,Valenciennes,Maison,Lampe LED,5,671.1
2024-11-26,Dunkerque,Maison,Étagère bois,1,279.59
2024-11-26,En ligne,Bricolage,Peinture 5L,4,2436.0
2024-11-26,Roubaix,Maison,Canapé 3 places,3,738.69
2024-11-26,Lille,Électroménager,Cafetière,1,372.63
2024-11-26,Tourcoing,Mode,T-shirt coton,2,1009.34
2024-11-26,Amiens,Sport,Vélo VTT,1,545.21
2024-11-26,Valenciennes,Maison,Lampe LED,1,134.22
2024-11-26,En ligne,Maison,Étagère bois,5,1258.16
2024-11-26,Valenciennes,Électroménager,Micro-ondes,2,906.32
2024-11-26,Roubaix,Maison,Rideau occultant,4,404.84
2024-11-26,Dunkerque,Maison,Set casseroles,2,1413.7
2024-11-26,Tourcoing,Mode,Veste hiver,1,655.99
2024-11-26,Dunkerque,Bricolage,Perceuse,3,316.98
2024-11-26,Roubaix,Bricolage,Perceuse,1,105.66
2024-11-26,Amiens,Maison,Set casseroles,2,1413.7
2024-11-26,Roubaix,Mode,Pull laine,3,2653.47
2024-11-26,Valenciennes,Maison,Couette 220x240,2,448.18
2024-11-27,En ligne,Mode,T-shirt coton,1,504.67
2024-11-27,Dunkerque,Bricolage,Boîte à outils,2,166.42
2024-11-27,En ligne,Sport,Haltères 10kg,2,196.6
2024-11-27,En ligne,Électroménager,Micro-ondes,2,906.32
2024-11-27,Tourcoing,Sport,Raquette tennis,1,706.19
2024-11-27,Valenciennes,Maison,Rideau occultant,1,96.15
2024-11-27,Dunkerque,Mode,Jean homme,1,272.27
2024-11-27,Valenciennes,Sport,Maillot bain,2,701.54
2024-11-27,Lille,Sport,Haltères 10kg,1,98.3
2024-11-27,Amiens,Sport,Tapis yoga,3,1876.33
2024-11-27,Tourcoing,Mode,Baskets ville,4,1842.04
2024-11-27,Lille,Bricolage,Peinture 5L,2,1218.0
2024-11-27,Lille,Maison,Canapé 3 places,2,492.46
2024-11-27,Dunkerque,Électroménager,Robot cuiseur,3,749.91
2024-11-28,Tourcoing,Maison,Set casseroles,3,2120.55
2024-11-28,Tourcoing,Électroménager,Cafetière,5,1961.2
2024-11-28,Dunkerque,Sport,Ballon foot,3,285.28
2024-11-28,Roubaix,Bricolage,Boîte à outils,1,83.21
2024-11-28,En ligne,Bricolage,Tournevis set,1,636.28
2024-11-28,Tourcoing,Bricolage,Boîte à outils,1,83.21
2024-11-28,Lille,Sport,Chaussures running,3,1623.16
2024-11-28,Tourcoing,Électroménager,Cafetière,1,392.24
2024-11-28,Dunkerque,Électroménager,Bouilloire,2,1452.08
2024-11-28,Roubaix,Maison,Couette 220x240,3,672.27
2024-11-28,Dunkerque,Mode,Pull laine,1,884.49
2024-11-28,Roubaix,Sport,Tapis yoga,1,625.44
2024-11-28,Tourcoing,Sport,Chaussures running,1,569.53
2024-11-28,Dunkerque,Bricolage,Boîte à outils,4,332.84
2024-11-29,Valenciennes,Électroménager,Bouilloire,2,1379.48
2024-11-29,Valenciennes,Électroménager,Aspirateur,1,181.62
2024-11-29,Valenciennes,Sport,Vélo VTT,4,2180.84
2024-11-29,Roubaix,Mode,Pull laine,5,4422.45
2024-11-29,Valenciennes,Mode,Veste hiver,1,655.99
2024-11-29,Valenciennes,Maison,Rideau occultant,1,91.09
2024-11-29,Dunkerque,Électroménager,Robot cuiseur,5,1249.85
2024-11-29,Roubaix,Maison,Lampe LED,3,362.39
2024-11-29,Lille,Électroménager,Micro-ondes,1,453.16
2024-11-29,Lille,Sport,Haltères 10kg,1,98.3
2024-11-29,Roubaix,Bricolage,Perceuse,5,528.3
2024-11-30,Amiens,Électroménager,Micro-ondes,3,1359.48
2024-11-30,En ligne,Maison,Canapé 3 places,4,984.92
2024-11-30,Tourcoing,Mode,Pull laine,2,1768.98
2024-11-30,Valenciennes,Mode,Baskets ville,4,1842.04
2024-11-30,Valenciennes,Électroménager,Aspirateur,3,573.54
2024-11-30,Roubaix,Sport,Maillot bain,2,701.54
2024-11-30,Valenciennes,Sport,Ballon foot,5,450.45
2024-11-30,Dunkerque,Électroménager,Bouilloire,1,726.04
2024-11-30,Amiens,Bricolage,Échelle alu,2,709.34
2024-11-30,Amiens,Sport,Maillot bain,3,1052.31
2024-11-30,Dunkerque,Sport,Ballon foot,2,200.2
2024-11-30,En ligne,Maison,Canapé 3 places,3,738.69
2024-11-30,Lille,Mode,T-shirt coton,2,1009.34
2024-12-01,Tourcoing,Sport,Maillot bain,2,701.54
2024-12-01,Valenciennes,Électroménager,Bouilloire,6,4356.24
2024-12-01,Amiens,Maison,Rideau occultant,3,303.63
2024-12-01,Lille,Électroménager,Micro-ondes,4,1812.64
2024-12-01,Lille,Bricolage,Perceuse,6,602.26
2024-12-01,En ligne,Électroménager,Réfrigérateur,2,774.74
2024-12-01,Amiens,Bricolage,Boîte à outils,5,416.05
2024-12-01,Dunkerque,Sport,Chaussures running,7,3986.71
2024-12-01,Dunkerque,Maison,Lampe LED,1,134.22
2024-12-01,En ligne,Sport,Raquette tennis,2,1412.38
2024-12-01,Valenciennes,Maison,Lampe LED,4,536.88
2024-12-01,Roubaix,Sport,Raquette tennis,8,5367.04
2024-12-01,Lille,Bricolage,Perceuse,1,105.66
2024-12-01,En ligne,Maison,Étagère bois,6,1677.54
2024-12-01,Lille,Maison,Canapé 3 places,1,246.23
2024-12-01,Roubaix,Sport,Chaussures running,5,2847.65
2024-12-01,Dunkerque,Bricolage,Perceuse,8,845.28
2024-12-01,En ligne,Bricolage,Échelle alu,6,2128.02
2024-12-01,En ligne,Bricolage,Boîte à outils,6,499.26
2024-12-01,Roubaix,Sport,Chaussures running,6,3417.18
2024-12-01,En ligne,Bricolage,Échelle alu,5,1773.35
2024-12-01,Valenciennes,Mode,T-shirt coton,3,1514.01
2024-12-01,Valenciennes,Maison,Set casseroles,3,2120.55
2024-12-01,Amiens,Sport,Tapis yoga,10,6583.6
2024-12-02,Amiens,Électroménager,Cafetière,4,1568.96
2024-12-02,Tourcoing,Mode,Robe été,5,1334.34
2024-12-02,Dunkerque,Sport,Chaussures running,8,4556.24
2024-12-02,Roubaix,Mode,Robe été,7,2075.64
2024-12-02,Roubaix,Électroménager,Cafetière,3,1176.72
2024-12-02,Amiens,Électroménager,Bouilloire,9,6534.36
2024-12-02,Lille,Mode,Pull laine,9,7960.41
2024-12-02,Dunkerque,Mode,Robe été,8,2372.16
2024-12-02,En ligne,Électroménager,Réfrigérateur,2,774.74
2024-12-02,Roubaix,Maison,Canapé 3 places,8,1969.84
2024-12-02,En ligne,Électroménager,Micro-ondes,3,1223.53
2024-12-02,Dunkerque,Sport,Tapis yoga,5,2633.44
2024-12-02,En ligne,Bricolage,Tournevis set,5,3181.4
2024-12-03,Tourcoing,Bricolage,Échelle alu,3,1064.01
2024-12-03,Lille,Électroménager,Réfrigérateur,8,3098.96
2024-12-03,Tourcoing,Mode,Robe été,4,1186.08
2024-12-03,En ligne,Mode,Veste hiver,6,3935.94
2024-12-03,Roubaix,Maison,Set casseroles,4,2261.92
2024-12-03,Dunkerque,Électroménager,Robot cuiseur,3,749.91
2024-12-03,En ligne,Maison,Étagère bois,2,531.22
2024-12-03,En ligne,Électroménager,Micro-ondes,7,3172.12
2024-12-03,Lille,Bricolage,Perceuse,6,633.96
2024-12-03,Dunkerque,Maison,Set casseroles,7,4947.95
2024-12-03,Lille,Sport,Raquette tennis,6,4237.14
2024-12-03,En ligne,Électroménager,Robot cuiseur,2,449.95
2024-12-03,Lille,Mode,Jean homme,9,2450.43
2024-12-04,Amiens,Maison,Rideau occultant,7,708.47
2024-12-04,Lille,Bricolage,Perceuse,5,528.3
2024-12-04,Tourcoing,Électroménager,Cafetière,2,784.48
2024-12-04,Roubaix,Maison,Canapé 3 places,4,984.92
2024-12-04,Tourcoing,Sport,Vélo VTT,3,1553.85
2024-12-04,Amiens,Maison,Rideau occultant,8,809.68
2024-12-04,Roubaix,Mode,Veste hiver,9,5903.91
2024-12-04,Lille,Électroménager,Micro-ondes,5,2265.8
2024-12-04,Lille,Bricolage,Peinture 5L,6,3288.6
2024-12-04,Amiens,Sport,Tapis yoga,6,3950.16
2024-12-04,Lille,Mode,Veste hiver,2,1311.98
2024-12-04,Roubaix,Bricolage,Échelle alu,3,1064.01
2024-12-04,Lille,Maison,Lampe LED,4,536.88
2024-12-04,Valenciennes,Maison,Canapé 3 places,1,233.92
2024-12-04,Dunkerque,Mode,Veste hiver,6,3935.94
2024-12-04,Lille,Bricolage,Perceuse,4,422.64
2024-12-05,Lille,Bricolage,Tournevis set,2,1272.56
2024-12-05,Dunkerque,Sport,Ballon foot,7,560.56
2024-12-05,Dunkerque,Électroménager,Aspirateur,3,573.54
2024-12-05,Amiens,Maison,Canapé 3 places,2,492.46
2024-12-05,Lille,Électroménager,Bouilloire,5,3630.2
2024-12-05,Roubaix,Sport,Haltères 10kg,4,393.2
2024-12-05,En ligne,Sport,Chaussures running,7,3787.37
2024-12-05,En ligne,Électroménager,Micro-ondes,6,2718.96
2024-12-05,Tourcoing,Sport,Haltères 10kg,6,589.8
2024-12-05,Tourcoing,Électroménager,Bouilloire,7,5082.28
2024-12-05,En ligne,Bricolage,Boîte à outils,2,149.78
2024-12-06,Tourcoing,Maison,Lampe LED,3,402.66
2024-12-06,En ligne,Bricolage,Tournevis set,8,4835.73
2024-12-06,En ligne,Bricolage,Tournevis set,8,5090.24
2024-12-06,Amiens,Bricolage,Échelle alu,6,1702.42
2024-12-06,Amiens,Électroménager,Cafetière,8,3137.92
2024-12-06,Amiens,Bricolage,Boîte à outils,6,499.26
2024-12-06,Amiens,Sport,Vélo VTT,2,1090.42
2024-12-06,Valenciennes,Bricolage,Tournevis set,5,3181.4
2024-12-06,Tourcoing,Sport,Tapis yoga,5,3291.8
2024-12-06,Lille,Maison,Lampe LED,9,966.38
2024-12-06,Lille,Sport,Tapis yoga,8,5266.88
2024-12-06,Roubaix,Électroménager,Aspirateur,4,764.72
2024-12-06,Valenciennes,Bricolage,Tournevis set,9,5726.52
2024-12-06,Roubaix,Mode,Pull laine,6,5306.94
2024-12-06,Lille,Sport,Chaussures running,9,5125.77
2024-12-07,Roubaix,Électroménager,Bouilloire,4,2904.16
2024-12-07,Roubaix,Maison,Canapé 3 places,1,246.23
2024-12-07,En ligne,Sport,Tapis yoga,1,658.36
2024-12-07,Roubaix,Mode,Baskets ville,3,1381.53
2024-12-07,Amiens,Bricolage,Peinture 5L,2,1218.0
2024-12-07,Lille,Bricolage,Peinture 5L,3,1827.0
2024-12-07,Lille,Électroménager,Robot cuiseur,3,712.41
2024-12-07,Valenciennes,Électroménager,Aspirateur,1,191.18
2024-12-07,Amiens,Maison,Set casseroles,3,2120.55
2024-12-07,Valenciennes,Électroménager,Bouilloire,3,2178.12
2024-12-07,Amiens,Maison,Rideau occultant,1,80.97
2024-12-07,En ligne,Maison,Lampe LED,5,671.1
2024-12-07,Lille,Sport,Tapis yoga,2,1316.72
2024-12-07,Valenciennes,Électroménager,Aspirateur,4,726.48
2024-12-07,Amiens,Électroménager,Robot cuiseur,6,1499.82
2024-12-07,Amiens,Sport,Maillot bain,8,2806.16
2024-12-07,Amiens,Sport,Chaussures running,5,2847.65
2024-12-07,Tourcoing,Bricolage,Peinture 5L,2,1157.1
2024-12-08,Valenciennes,Mode,Pull laine,3,2653.47
2024-12-08,Lille,Sport,Chaussures running,3,1708.59
2024-12-08,En ligne,Sport,Tapis yoga,2,1250.88
2024-12-08,En ligne,Électroménager,Micro-ondes,10,4531.6
2024-12-08,En ligne,Mode,Baskets ville,8,3499.88
2024-12-08,Valenciennes,Électroménager,Robot cuiseur,7,1749.79
2024-12-08,Lille,Sport,Chaussures running,2,1139.06
2024-12-08,En ligne,Maison,Lampe LED,9,1207.98
2024-12-08,Dunkerque,Mode,Pull laine,10,8844.9
2024-12-08,Dunkerque,Mode,Pull laine,7,6191.43
2024-12-08,Roubaix,Maison,Lampe LED,6,805.32
2024-12-08,Amiens,Mode,Robe été,2,593.04
2024-12-08,Lille,Électroménager,Bouilloire,3,2178.12
2024-12-08,Dunkerque,Maison,Lampe LED,3,362.39
2024-12-08,Amiens,Maison,Rideau occultant,3,303.63
2024-12-08,Roubaix,Bricolage,Perceuse,6,602.26
2024-12-08,Amiens,Maison,Set casseroles,2,1413.7
2024-12-08,Tourcoing,Mode,Veste hiver,5,3279.95
2024-12-08,Dunkerque,Mode,Pull laine,2,1768.98
2024-12-09,En ligne,Électroménager,Micro-ondes,8,3262.75
2024-12-09,Roubaix,Mode,Jean homme,7,1905.89
2024-12-09,Lille,Sport,Maillot bain,4,1403.08
2024-12-09,Roubaix,Bricolage,Tournevis set,3,1813.4
2024-12-09,Amiens,Électroménager,Aspirateur,3,573.54
2024-12-09,Amiens,Électroménager,Micro-ondes,2,906.32
2024-12-09,Amiens,Maison,Lampe LED,2,268.44
2024-12-09,En ligne,Électroménager,Robot cuiseur,7,1749.79
2024-12-09,Roubaix,Bricolage,Tournevis set,3,1908.84
2024-12-09,Lille,Électroménager,Bouilloire,1,726.04
2024-12-09,Amiens,Sport,Haltères 10kg,2,196.6
2024-12-09,Dunkerque,Mode,Veste hiver,6,3935.94
2024-12-09,Roubaix,Électroménager,Micro-ondes,6,2718.96
2024-12-10,En ligne,Électroménager,Aspirateur,8,1529.44
2024-12-10,Dunkerque,Maison,Lampe LED,5,671.1
2024-12-10,Dunkerque,Bricolage,Perceuse,8,845.28
2024-12-10,En ligne,Électroménager,Micro-ondes,1,453.16
2024-12-10,Valenciennes,Mode,Jean homme,4,1089.08
2024-12-10,Amiens,Bricolage,Boîte à outils,5,416.05
2024-12-10,Dunkerque,Électroménager,Réfrigérateur,4,1549.48
2024-12-10,En ligne,Maison,Étagère bois,8,2236.72
2024-12-10,En ligne,Sport,Raquette tennis,7,4943.33
2024-12-10,Dunkerque,Électroménager,Robot cuiseur,2,499.94
2024-12-10,Dunkerque,Mode,Pull laine,5,4422.45
2024-12-10,Dunkerque,Sport,Haltères 10kg,6,589.8
2024-12-10,Dunkerque,Électroménager,Bouilloire,1,726.04
2024-12-11,Lille,Sport,Tapis yoga,9,5332.72
2024-12-11,Amiens,Bricolage,Perceuse,6,633.96
2024-12-11,Roubaix,Sport,Haltères 10kg,2,196.6
2024-12-11,Lille,Sport,Raquette tennis,1,706.19
2024-12-11,Amiens,Maison,Couette 220x240,5,1120.45
2024-12-11,Valenciennes,Sport,Chaussures running,5,2847.65
2024-12-11,En ligne,Sport,Chaussures running,6,3417.18
2024-12-11,Lille,Électroménager,Bouilloire,5,3630.2
2024-12-11,Lille,Mode,Jean homme,6,1633.62
2024-12-11,Roubaix,Électroménager,Robot cuiseur,3,749.91
2024-12-11,Lille,Bricolage,Échelle alu,9,3032.43
2024-12-11,Dunkerque,Sport,Haltères 10kg,6,589.8
2024-12-11,Dunkerque,Électroménager,Aspirateur,7,1338.26
2024-12-11,En ligne,Bricolage,Tournevis set,6,3817.68
2024-12-11,Roubaix,Électroménager,Robot cuiseur,4,999.88
2024-12-11,Roubaix,Électroménager,Robot cuiseur,2,499.94
2024-12-11,Valenciennes,Mode,T-shirt coton,3,1514.01
2024-12-11,Dunkerque,Électroménager,Micro-ondes,2,906.32
2024-12-11,En ligne,Mode,Veste hiver,4,2623.96
2024-12-12,Roubaix,Maison,Étagère bois,8,2236.72
2024-12-12,Valenciennes,Maison,Couette 220x240,4,896.36
2024-12-12,Valenciennes,Mode,Baskets ville,2,921.02
2024-12-12,Tourcoing,Maison,Étagère bois,8,2236.72
2024-12-12,Dunkerque,Bricolage,Tournevis set,4,2545.12
2024-12-12,Dunkerque,Maison,Set casseroles,4,2827.4
2024-12-12,En ligne,Mode,Jean homme,6,1633.62
2024-12-12,Dunkerque,Maison,Set casseroles,2,1413.7
2024-12-12,Lille,Maison,Étagère bois,5,1397.95
2024-12-12,Tourcoing,Sport,Chaussures running,6,3075.46
2024-12-12,Roubaix,Maison,Set casseroles,5,3534.25
2024-12-12,Lille,Bricolage,Peinture 5L,3,1827.0
2024-12-12,Lille,Sport,Ballon foot,10,1001.0
2024-12-12,Amiens,Maison,Rideau occultant,9,910.89
2024-12-12,Dunkerque,Mode,Baskets ville,7,3223.57
2024-12-12,En ligne,Mode,Jean homme,3,775.97
2024-12-12,Roubaix,Bricolage,Boîte à outils,10,832.1
2024-12-12,Roubaix,Bricolage,Boîte à outils,2,166.42
2024-12-13,Tourcoing,Sport,Raquette tennis,7,4696.16
2024-12-13,Roubaix,Électroménager,Réfrigérateur,4,1549.48
2024-12-13,Roubaix,Sport,Raquette tennis,5,2824.76
2024-12-13,Lille,Maison,Set casseroles,6,4241.1
2024-12-13,Valenciennes,Sport,Vélo VTT,6,3271.26
2024-12-13,Tourcoing,Sport,Maillot bain,6,2104.62
2024-12-13,Dunkerque,Maison,Rideau occultant,3,303.63
2024-12-13,Roubaix,Électroménager,Robot cuiseur,9,2249.73
2024-12-13,En ligne,Sport,Chaussures running,9,5125.77
2024-12-13,Dunkerque,Mode,Jean homme,6,1633.62
2024-12-13,Tourcoing,Électroménager,Bouilloire,9,6534.36
2024-12-13,Amiens,Bricolage,Tournevis set,3,1908.84
2024-12-13,Valenciennes,Sport,Raquette tennis,6,4237.14
2024-12-14,Amiens,Électroménager,Bouilloire,7,5082.28
2024-12-14,Lille,Sport,Chaussures running,6,3417.18
2024-12-14,En ligne,Bricolage,Peinture 5L,7,4263.0
2024-12-14,En ligne,Mode,T-shirt coton,2,1009.34
2024-12-14,Amiens,Maison,Canapé 3 places,4,984.92
2024-12-14,Lille,Sport,Ballon foot,9,900.9
2024-12-14,Roubaix,Bricolage,Échelle alu,6,2128.02
2024-12-14,Roubaix,Sport,Vélo VTT,2,1090.42
2024-12-14,Valenciennes,Bricolage,Boîte à outils,4,332.84
2024-12-15,Roubaix,Mode,Robe été,4,948.86
2024-12-15,En ligne,Bricolage,Boîte à outils,1,83.21
2024-12-15,Valenciennes,Maison,Couette 220x240,5,1120.45
2024-12-15,Roubaix,Électroménager,Bouilloire,6,4356.24
2024-12-15,Lille,Électroménager,Aspirateur,4,764.72
2024-12-15,Dunkerque,Sport,Vélo VTT,5,2726.05
2024-12-15,En ligne,Électroménager,Cafetière,8,3137.92
2024-12-15,Roubaix,Électroménager,Cafetière,7,2745.68
2024-12-15,Dunkerque,Électroménager,Bouilloire,5,3630.2
2024-12-15,Dunkerque,Électroménager,Réfrigérateur,9,3312.01
2024-12-15,Roubaix,Mode,Robe été,4,1186.08
2024-12-15,Valenciennes,Sport,Maillot bain,2,701.54
2024-12-15,Lille,Mode,Baskets ville,10,4605.1
2024-12-15,Amiens,Bricolage,Tournevis set,1,636.28
2024-12-15,Tourcoing,Électroménager,Aspirateur,2,382.36
2024-12-15,Lille,Électroménager,Micro-ondes,8,3625.28
2024-12-16,Roubaix,Électroménager,Bouilloire,2,1452.08
2024-12-16,Lille,Maison,Couette 220x240,6,1344.54
2024-12-16,Tourcoing,Maison,Canapé 3 places,4,886.43
2024-12-16,En ligne,Électroménager,Bouilloire,6,4356.24
2024-12-16,En ligne,Maison,Rideau occultant,7,637.62
2024-12-16,Tourcoing,Maison,Canapé 3 places,3,701.76
2024-12-16,Amiens,Maison,Étagère bois,8,2236.72
2024-12-16,Roubaix,Électroménager,Cafetière,3,1176.72
2024-12-16,Tourcoing,Mode,Jean homme,3,816.81
2024-12-16,Dunkerque,Sport,Raquette tennis,2,1271.14
2024-12-16,Lille,Mode,Robe été,4,1186.08
2024-12-16,En ligne,Bricolage,Tournevis set,3,1908.84
2024-12-16,Dunkerque,Bricolage,Échelle alu,2,709.34
2024-12-16,Lille,Électroménager,Bouilloire,4,2904.16
2024-12-16,En ligne,Mode,Jean homme,6,1633.62
2024-12-16,Amiens,Sport,Haltères 10kg,4,393.2
2024-12-16,Valenciennes,Électroménager,Robot cuiseur,1,249.97
2024-12-16,Valenciennes,Bricolage,Peinture 5L,3,1827.0
2024-12-16,Amiens,Maison,Étagère bois,4,1006.52
2024-12-17,Valenciennes,Électroménager,Micro-ondes,10,4531.6
2024-12-17,Amiens,Bricolage,Tournevis set,8,5090.24
2024-12-17,Amiens,Sport,Maillot bain,9,2525.54
2024-12-17,Valenciennes,Électroménager,Réfrigérateur,7,2711.59
2024-12-17,Dunkerque,Sport,Haltères 10kg,6,560.31
2024-12-17,Dunkerque,Maison,Lampe LED,8,859.01
2024-12-17,Roubaix,Mode,Pull laine,1,884.49
2024-12-17,Roubaix,Bricolage,Peinture 5L,2,1218.0
2024-12-17,Tourcoing,Bricolage,Échelle alu,1,336.94
2024-12-17,En ligne,Mode,Veste hiver,6,3542.35
2024-12-17,Dunkerque,Maison,Set casseroles,1,706.85
2024-12-17,Amiens,Mode,T-shirt coton,8,3633.62
2024-12-17,Lille,Mode,T-shirt coton,6,3028.02
2024-12-17,En ligne,Maison,Lampe LED,2,255.02
2024-12-17,Amiens,Mode,Jean homme,9,2450.43
2024-12-18,Lille,Maison,Set casseroles,7,4947.95
2024-12-18,Roubaix,Sport,Vélo VTT,1,545.21
2024-12-18,Roubaix,Mode,Veste hiver,6,3739.14
2024-12-18,En ligne,Électroménager,Micro-ondes,10,4531.6
2024-12-18,Lille,Bricolage,Perceuse,9,855.85
2024-12-18,Tourcoing,Sport,Ballon foot,4,360.36
2024-12-18,Amiens,Mode,T-shirt coton,2,1009.34
2024-12-18,Tourcoing,Mode,Robe été,7,2075.64
2024-12-18,Dunkerque,Électroménager,Micro-ondes,6,2718.96
2024-12-18,Amiens,Mode,Jean homme,3,775.97
2024-12-18,Amiens,Bricolage,Échelle alu,8,2695.49
2024-12-18,Amiens,Bricolage,Échelle alu,7,2482.69
2024-12-18,Lille,Mode,T-shirt coton,5,2397.18
2024-12-18,Dunkerque,Bricolage,Boîte à outils,9,674.0
2024-12-19,Amiens,Sport,Vélo VTT,4,1962.76
2024-12-19,En ligne,Sport,Vélo VTT,4,2180.84
2024-12-19,Dunkerque,Bricolage,Tournevis set,4,2545.12
2024-12-19,Roubaix,Maison,Canapé 3 places,8,1969.84
2024-12-19,Lille,Bricolage,Échelle alu,3,1064.01
2024-12-19,En ligne,Maison,Set casseroles,10,7068.5
2024-12-19,Amiens,Électroménager,Cafetière,7,2745.68
2024-12-19,Tourcoing,Maison,Étagère bois,2,559.18
2024-12-19,Roubaix,Maison,Canapé 3 places,5,1231.15
2024-12-19,Roubaix,Bricolage,Tournevis set,2,1272.56
2024-12-19,Lille,Mode,Jean homme,8,2178.16
2024-12-19,Amiens,Sport,Haltères 10kg,6,589.8
2024-12-19,Tourcoing,Mode,Robe été,5,1334.34
2024-12-19,Tourcoing,Bricolage,Échelle alu,6,2128.02
2024-12-19,Roubaix,Sport,Raquette tennis,1,706.19
2024-12-19,Lille,Mode,Veste hiver,8,4723.13
2024-12-19,Tourcoing,Maison,Étagère bois,8,2236.72
2024-12-20,Valenciennes,Sport,Chaussures running,9,4869.48
2024-12-20,En ligne,Électroménager,Aspirateur,1,181.62
2024-12-20,Tourcoing,Maison,Canapé 3 places,2,492.46
2024-12-20,Dunkerque,Mode,Baskets ville,3,1381.53
2024-12-20,Dunkerque,Sport,Haltères 10kg,8,786.4
2024-12-20,En ligne,Maison,Set casseroles,5,3534.25
2024-12-20,Amiens,Bricolage,Échelle alu,3,1064.01
2024-12-20,Tourcoing,Électroménager,Micro-ondes,2,906.32
2024-12-20,Roubaix,Mode,Veste hiver,2,1311.98
2024-12-20,Roubaix,Électroménager,Réfrigérateur,2,774.74
2024-12-20,Dunkerque,Sport,Vélo VTT,8,4361.68
2024-12-21,Dunkerque,Électroménager,Bouilloire,8,5808.32
2024-12-21,Lille,Sport,Haltères 10kg,9,884.7
2024-12-21,Lille,Bricolage,Tournevis set,1,636.28
2024-12-21,Lille,Bricolage,Boîte à outils,3,249.63
2024-12-21,Roubaix,Sport,Haltères 10kg,1,98.3
2024-12-21,Roubaix,Mode,Pull laine,5,4422.45
2024-12-21,Dunkerque,Bricolage,Tournevis set,1,636.28
2024-12-21,Roubaix,Bricolage,Boîte à outils,4,332.84
2024-12-21,Lille,Bricolage,Échelle alu,8,2837.36
2024-12-21,Lille,Maison,Set casseroles,5,3534.25
2024-12-21,Amiens,Bricolage,Peinture 5L,2,974.4
2024-12-21,Valenciennes,Sport,Raquette tennis,4,2542.28
2024-12-21,Valenciennes,Sport,Maillot bain,7,2455.39
2024-12-21,Amiens,Mode,Veste hiver,1,655.99
2024-12-21,En ligne,Bricolage,Peinture 5L,7,4049.85
2024-12-21,Roubaix,Électroménager,Bouilloire,6,4356.24
2024-12-21,Lille,Sport,Vélo VTT,6,3271.26
2024-12-21,Lille,Sport,Vélo VTT,3,1635.63
2024-12-21,Amiens,Bricolage,Tournevis set,1,636.28
2024-12-21,Tourcoing,Mode,Veste hiver,3,1967.97
2024-12-21,Dunkerque,Sport,Ballon foot,7,700.7
2024-12-22,Valenciennes,Électroménager,Bouilloire,3,2069.21
2024-12-22,Lille,Maison,Canapé 3 places,4,984.92
2024-12-22,Tourcoing,Électroménager,Réfrigérateur,3,1162.11
2024-12-22,Valenciennes,Électroménager,Bouilloire,10,7260.4
2024-12-22,Roubaix,Maison,Set casseroles,6,4241.1
2024-12-22,Tourcoing,Mode,Jean homme,2,544.54
2024-12-22,Lille,Bricolage,Tournevis set,2,1272.56
2024-12-22,Dunkerque,Sport,Ballon foot,5,500.5
2024-12-22,Lille,Bricolage,Boîte à outils,2,166.42
2024-12-23,Roubaix,Mode,Jean homme,4,1089.08
2024-12-23,Lille,Mode,Jean homme,1,272.27
2024-12-23,Lille,Électroménager,Bouilloire,8,5808.32
2024-12-23,Tourcoing,Sport,Chaussures running,4,2278.12
2024-12-23,Lille,Maison,Canapé 3 places,4,886.43
2024-12-23,Lille,Sport,Haltères 10kg,6,589.8
2024-12-23,Roubaix,Électroménager,Bouilloire,4,2904.16
2024-12-23,Tourcoing,Électroménager,Bouilloire,10,7260.4
2024-12-23,En ligne,Électroménager,Robot cuiseur,7,1749.79
2024-12-23,Tourcoing,Sport,Tapis yoga,3,1777.57
2024-12-23,Valenciennes,Mode,Baskets ville,1,460.51
2024-12-23,Lille,Mode,T-shirt coton,7,3532.69
2024-12-23,Tourcoing,Bricolage,Peinture 5L,5,3045.0
2024-12-23,Roubaix,Maison,Canapé 3 places,6,1477.38
2024-12-23,Lille,Électroménager,Micro-ondes,9,4078.44
2024-12-23,Lille,Électroménager,Aspirateur,4,764.72
2024-12-23,Lille,Maison,Lampe LED,3,402.66
2024-12-23,Lille,Maison,Étagère bois,8,2236.72
2024-12-23,Amiens,Bricolage,Tournevis set,2,1272.56
2024-12-23,Lille,Maison,Set casseroles,7,4947.95
2024-12-24,Lille,Maison,Couette 220x240,7,1568.63
2024-12-24,Dunkerque,Sport,Chaussures running,1,569.53
2024-12-24,Dunkerque,Mode,Veste hiver,5,3279.95
2024-12-24,Tourcoing,Bricolage,Tournevis set,5,3181.4
2024-12-24,Lille,Électroménager,Réfrigérateur,6,2324.22
2024-12-24,Lille,Sport,Maillot bain,3,1052.31
2024-12-24,En ligne,Sport,Vélo VTT,5,2726.05
2024-12-24,Amiens,Sport,Vélo VTT,6,3271.26
2024-12-24,En ligne,Sport,Raquette tennis,8,5649.52
2024-12-24,Tourcoing,Sport,Chaussures running,6,3417.18
2024-12-24,Roubaix,Mode,T-shirt coton,3,1514.01
2024-12-24,Amiens,Sport,Ballon foot,3,300.3
2024-12-24,Dunkerque,Électroménager,Bouilloire,2,1452.08
2024-12-24,Dunkerque,Sport,Maillot bain,1,350.77
2024-12-24,Dunkerque,Maison,Set casseroles,2,1413.7
2024-12-24,Lille,Bricolage,Peinture 5L,1,609.0
2024-12-24,Lille,Mode,T-shirt coton,6,3028.02
2024-12-24,Roubaix,Mode,Veste hiver,2,1311.98
2024-12-24,Valenciennes,Sport,Tapis yoga,7,4147.67
2024-12-24,Lille,Mode,Veste hiver,7,4591.93
2024-12-24,Lille,Bricolage,Échelle alu,7,1986.15
2024-12-24,Dunkerque,Mode,Baskets ville,8,3684.08
2024-12-24,En ligne,Électroménager,Micro-ondes,6,2718.96
2024-12-24,En ligne,Maison,Rideau occultant,4,404.84
2024-12-24,Tourcoing,Mode,Pull laine,4,3537.96
2024-12-24,Lille,Maison,Couette 220x240,4,896.36
2024-12-24,Lille,Maison,Étagère bois,8,2236.72
2024-12-24,Lille,Mode,T-shirt coton,5,2271.02
2024-12-25,Dunkerque,Électroménager,Robot cuiseur,2,499.94
2024-12-25,Lille,Maison,Lampe LED,4,483.19
2024-12-25,En ligne,Bricolage,Tournevis set,2,1272.56
2024-12-25,Roubaix,Sport,Raquette tennis,3,1694.86
2024-12-25,Dunkerque,Bricolage,Perceuse,4,422.64
2024-12-25,Lille,Maison,Couette 220x240,9,2016.81
2024-12-25,Lille,Bricolage,Boîte à outils,3,199.7
2024-12-25,Amiens,Électroménager,Robot cuiseur,7,1749.79
2024-12-25,Tourcoing,Sport,Chaussures running,8,4556.24
2024-12-25,En ligne,Mode,Veste hiver,6,3148.75
2024-12-25,Roubaix,Maison,Lampe LED,6,805.32
2024-12-25,Tourcoing,Électroménager,Bouilloire,2,1452.08
2024-12-25,Lille,Mode,T-shirt coton,1,504.67
2024-12-25,Tourcoing,Mode,T-shirt coton,2,1009.34
2024-12-25,Valenciennes,Mode,Baskets ville,1,437.48
2024-12-25,Amiens,Maison,Couette 220x240,8,1792.72
2024-12-25,Roubaix,Bricolage,Tournevis set,2,1145.3
2024-12-25,En ligne,Sport,Vélo VTT,4,2180.84
2024-12-25,Amiens,Bricolage,Tournevis set,3,1908.84
2024-12-26,Lille,Électroménager,Robot cuiseur,3,749.91
2024-12-26,Valenciennes,Maison,Lampe LED,8,859.01
2024-12-26,Dunkerque,Maison,Set casseroles,7,4947.95
2024-12-26,Valenciennes,Électroménager,Micro-ondes,7,3172.12
2024-12-26,Amiens,Maison,Set casseroles,4,2827.4
2024-12-26,Dunkerque,Mode,Jean homme,2,544.54
2024-12-26,En ligne,Électroménager,Cafetière,2,745.26
2024-12-26,Lille,Mode,Veste hiver,6,3935.94
2024-12-26,Valenciennes,Mode,Veste hiver,7,4591.93
2024-12-27,Roubaix,Électroménager,Aspirateur,3,544.86
2024-12-27,Tourcoing,Mode,Veste hiver,3,1967.97
2024-12-27,Roubaix,Sport,Tapis yoga,6,3555.14
2024-12-27,Roubaix,Électroménager,Micro-ondes,8,3625.28
2024-12-27,Amiens,Mode,Veste hiver,6,3935.94
2024-12-27,Dunkerque,Bricolage,Tournevis set,8,5090.24
2024-12-27,Lille,Sport,Ballon foot,6,540.54
2024-12-27,Valenciennes,Sport,Raquette tennis,2,1412.38
2024-12-27,Dunkerque,Sport,Raquette tennis,8,5367.04
2024-12-27,Dunkerque,Bricolage,Perceuse,3,316.98
2024-12-27,Dunkerque,Électroménager,Robot cuiseur,7,1749.79
2024-12-27,Roubaix,Sport,Raquette tennis,5,3530.95
2024-12-27,Tourcoing,Maison,Rideau occultant,3,303.63
2024-12-27,Lille,Bricolage,Tournevis set,1,636.28
2024-12-27,Lille,Sport,Vélo VTT,5,2726.05
2024-12-28,Lille,Bricolage,Boîte à outils,7,582.47
2024-12-28,En ligne,Électroménager,Cafetière,8,3137.92
2024-12-28,Roubaix,Maison,Rideau occultant,5,506.05
2024-12-28,Dunkerque,Bricolage,Échelle alu,5,1773.35
2024-12-28,Amiens,Mode,Veste hiver,10,6559.9
2024-12-28,Roubaix,Mode,Baskets ville,7,3223.57
2024-12-28,Roubaix,Sport,Haltères 10kg,8,786.4
2024-12-28,Roubaix,Mode,T-shirt coton,6,3028.02
2024-12-28,Roubaix,Électroménager,Robot cuiseur,10,2499.7
2024-12-28,Amiens,Sport,Chaussures running,6,3417.18
2024-12-28,Dunkerque,Bricolage,Boîte à outils,7,582.47
2024-12-28,En ligne,Sport,Vélo VTT,6,3271.26
2024-12-28,Amiens,Électroménager,Micro-ondes,6,2718.96
2024-12-28,Lille,Maison,Canapé 3 places,4,984.92
2024-12-28,Amiens,Mode,T-shirt coton,6,2422.42
2024-12-28,Tourcoing,Électroménager,Aspirateur,3,573.54
2024-12-28,Roubaix,Sport,Raquette tennis,6,4237.14
2024-12-28,Amiens,Sport,Maillot bain,1,333.23
2024-12-28,Roubaix,Sport,Raquette tennis,1,706.19
2024-12-28,Dunkerque,Mode,Robe été,4,1067.47
2024-12-29,En ligne,Sport,Maillot bain,7,2209.85
2024-12-29,Valenciennes,Sport,Haltères 10kg,4,393.2
2024-12-29,Amiens,Bricolage,Échelle alu,1,354.67
2024-12-29,Roubaix,Électroménager,Bouilloire,6,4356.24
2024-12-29,En ligne,Sport,Maillot bain,8,2806.16
2024-12-29,Roubaix,Bricolage,Boîte à outils,7,582.47
2024-12-29,Lille,Électroménager,Réfrigérateur,2,774.74
2024-12-29,Dunkerque,Mode,T-shirt coton,3,1514.01
2024-12-29,Roubaix,Maison,Rideau occultant,5,506.05
2024-12-29,Dunkerque,Électroménager,Cafetière,6,2353.44
2024-12-29,Lille,Maison,Lampe LED,8,1073.76
2024-12-29,Lille,Électroménager,Cafetière,4,1568.96
2024-12-29,Dunkerque,Maison,Rideau occultant,9,910.89
2024-12-29,Dunkerque,Électroménager,Robot cuiseur,7,1749.79
2024-12-29,Lille,Maison,Rideau occultant,10,1012.1
2024-12-29,Tourcoing,Sport,Tapis yoga,5,3291.8
2024-12-29,Roubaix,Électroménager,Micro-ondes,5,2265.8
2024-12-29,Lille,Mode,Robe été,5,1334.34
2024-12-29,Lille,Sport,Maillot bain,7,2455.39
2024-12-30,Valenciennes,Sport,Tapis yoga,4,2633.44
2024-12-30,Lille,Sport,Haltères 10kg,2,186.77
2024-12-30,Lille,Mode,Pull laine,4,3184.16
2024-12-30,Valenciennes,Mode,Pull laine,8,6722.12
2024-12-30,Tourcoing,Mode,Baskets ville,4,1842.04
2024-12-30,Lille,Mode,Pull laine,7,4953.14
2024-12-30,Roubaix,Mode,Jean homme,2,544.54
2024-12-30,Lille,Sport,Chaussures running,3,1708.59
2024-12-30,Tourcoing,Sport,Haltères 10kg,4,393.2
2024-12-30,Valenciennes,Mode,Pull laine,10,8402.65
2024-12-30,Lille,Maison,Étagère bois,6,1677.54
2024-12-30,Roubaix,Maison,Rideau occultant,7,708.47
2024-12-30,Lille,Mode,Veste hiver,2,1311.98
2024-12-30,Lille,Électroménager,Robot cuiseur,6,1499.82
2024-12-30,Dunkerque,Électroménager,Réfrigérateur,8,3098.96
2024-12-30,Lille,Sport,Vélo VTT,4,2180.84
2024-12-30,Roubaix,Bricolage,Perceuse,2,211.32
2024-12-30,Tourcoing,Maison,Rideau occultant,8,728.71
2024-12-30,Valenciennes,Sport,Raquette tennis,5,3530.95
2024-12-30,Dunkerque,Électroménager,Robot cuiseur,1,249.97
2024-12-30,Dunkerque,Maison,Canapé 3 places,4,984.92
2024-12-30,Dunkerque,Mode,Baskets ville,8,2947.26
2024-12-30,Dunkerque,Bricolage,Peinture 5L,1,578.55
