date,ville,type,categorie,produit,quantite,prix_unitaire,remise,montant,marge,client_id
2023-01-01,Dunkerque,Magasin,Électroménager,Réfrigérateur,4,387.37,0.0,1549.48,451.12,252
2023-01-01,Roubaix,Magasin,Mode,T-shirt coton,4,504.67,0.0,2018.68,800.92,208
2023-01-01,Valenciennes,Magasin,Maison,Lampe LED,7,134.22,0.0,939.54,477.96,10
2023-01-01,Dunkerque,Magasin,Mode,Pull laine,2,884.49,0.0,1768.98,992.12,477
2023-01-01,Amiens,Magasin,Mode,T-shirt coton,5,504.67,0.0,2523.35,1001.15,569
2023-01-01,Dunkerque,Magasin,Mode,Pull laine,4,884.49,0.05,3361.06,1807.34,474
2023-01-01,Tourcoing,Magasin,Maison,Étagère bois,2,279.59,0.05,531.22,150.28,598
2023-01-01,Lille,Magasin,Bricolage,Perceuse,6,105.66,0.0,633.96,130.2,113
2023-01-01,Tourcoing,Magasin,Électroménager,Réfrigérateur,7,387.37,0.0,2711.59,789.46,192
2023-01-01,Tourcoing,Magasin,Électroménager,Bouilloire,4,726.04,0.0,2904.16,1569.2,542
2023-01-01,Valenciennes,Magasin,Maison,Rideau occultant,6,101.21,0.0,607.26,269.34,596
2023-01-01,Lille,Magasin,Sport,Vélo VTT,2,545.21,0.0,1090.42,469.0,520
2023-01-01,En ligne,E-commerce,Maison,Étagère bois,7,279.59,0.0,1957.13,623.84,367
2023-01-01,Valenciennes,Magasin,Mode,Robe été,5,296.52,0.0,1482.6,362.3,238
2023-01-01,Lille,Magasin,Maison,Rideau occultant,3,101.21,0.0,303.63,134.67,274
2023-01-02,Lille,Magasin,Sport,Chaussures running,2,569.53,0.0,1139.06,620.4,278
2023-01-02,Lille,Magasin,Sport,Chaussures running,8,569.53,0.0,4556.24,2481.6,252
2023-01-02,Amiens,Magasin,Bricolage,Peinture 5L,4,609.0,0.0,2436.0,1301.84,452
2023-01-02,Roubaix,Magasin,Sport,Chaussures running,2,569.53,0.0,1139.06,620.4,358
2023-01-02,Amiens,Magasin,Sport,Chaussures running,6,569.53,0.0,3417.18,1861.2,225
2023-01-02,Dunkerque,Magasin,Électroménager,Réfrigérateur,2,387.37,0.0,774.74,225.56,183
2023-01-02,En ligne,E-commerce,Électroménager,Aspirateur,1,191.18,0.0,191.18,96.55,243
2023-01-02,Lille,Magasin,Sport,Vélo VTT,3,545.21,0.0,1635.63,703.5,358
2023-01-02,En ligne,E-commerce,Sport,Raquette tennis,6,706.19,0.0,4237.14,2172.24,332
2023-01-02,Dunkerque,Magasin,Électroménager,Robot cuiseur,9,249.97,0.0,2249.73,827.28,101
2023-01-02,En ligne,E-commerce,Bricolage,Échelle alu,1,354.67,0.0,354.67,168.4,144
2023-01-02,Tourcoing,Magasin,Électroménager,Bouilloire,7,726.04,0.0,5082.28,2746.1,442
2023-01-03,Lille,Magasin,Sport,Maillot bain,3,350.77,0.05,999.69,545.28,7
2023-01-03,Roubaix,Magasin,Sport,Tapis yoga,4,658.36,0.0,2633.44,1410.84,321
2023-01-03,Lille,Magasin,Maison,Rideau occultant,3,101.21,0.0,303.63,134.67,95
2023-01-03,En ligne,E-commerce,Sport,Chaussures running,2,569.53,0.0,1139.06,620.4,369
2023-01-03,Roubaix,Magasin,Électroménager,Robot cuiseur,1,249.97,0.0,249.97,91.92,296
2023-01-03,Lille,Magasin,Maison,Rideau occultant,5,101.21,0.0,506.05,224.45,381
2023-01-03,Lille,Magasin,Sport,Ballon foot,1,100.1,0.0,100.1,57.9,491
2023-01-03,En ligne,E-commerce,Bricolage,Boîte à outils,1,83.21,0.05,79.05,18.83,105
2023-01-03,Valenciennes,Magasin,Sport,Raquette tennis,1,706.19,0.0,706.19,362.04,318
2023-01-03,Tourcoing,Magasin,Mode,Veste hiver,2,655.99,0.0,1311.98,648.16,257
2023-01-03,Tourcoing,Magasin,Bricolage,Perceuse,1,105.66,0.0,105.66,21.7,113
2023-01-03,Tourcoing,Magasin,Bricolage,Échelle alu,4,354.67,0.0,1418.68,673.6,204
2023-01-03,Roubaix,Magasin,Bricolage,Échelle alu,4,354.67,0.0,1418.68,673.6,15
2023-01-03,Tourcoing,Magasin,Électroménager,Micro-ondes,3,453.16,0.05,1291.51,446.71,557
2023-01-03,Lille,Magasin,Sport,Tapis yoga,4,658.36,0.0,2633.44,1410.84,231
2023-01-03,Tourcoing,Magasin,Sport,Raquette tennis,6,706.19,0.0,4237.14,2172.24,271
2023-01-03,Amiens,Magasin,Maison,Rideau occultant,6,101.21,0.0,607.26,269.34,21
2023-01-03,Roubaix,Magasin,Mode,Pull laine,1,884.49,0.0,884.49,496.06,282
2023-01-04,Lille,Magasin,Bricolage,Peinture 5L,3,609.0,0.0,1827.0,976.38,150
2023-01-04,Lille,Magasin,Électroménager,Robot cuiseur,3,249.97,0.0,749.91,275.76,322
2023-01-04,Roubaix,Magasin,Électroménager,Robot cuiseur,1,249.97,0.0,249.97,91.92,444
2023-01-04,Valenciennes,Magasin,Électroménager,Micro-ondes,4,453.16,0.0,1812.64,686.24,307
2023-01-04,Roubaix,Magasin,Électroménager,Micro-ondes,2,453.16,0.0,906.32,343.12,381
2023-01-04,Valenciennes,Magasin,Électroménager,Micro-ondes,2,453.16,0.0,906.32,343.12,157
2023-01-04,Dunkerque,Magasin,Mode,Veste hiver,1,655.99,0.0,655.99,324.08,514
2023-01-04,En ligne,E-commerce,Mode,Baskets ville,5,460.51,0.1,2072.3,510.0,541
2023-01-04,Valenciennes,Magasin,Sport,Vélo VTT,5,545.21,0.0,2726.05,1172.5,145
2023-01-04,Lille,Magasin,Mode,Baskets ville,4,460.51,0.0,1842.04,592.2,56
2023-01-04,Lille,Magasin,Électroménager,Réfrigérateur,8,387.37,0.0,3098.96,902.24,510
2023-01-04,Lille,Magasin,Maison,Couette 220x240,2,224.09,0.0,448.18,180.78,218
2023-01-04,Roubaix,Magasin,Maison,Rideau occultant,5,101.21,0.0,506.05,224.45,300
2023-01-04,Lille,Magasin,Mode,Baskets ville,4,460.51,0.0,1842.04,592.2,427
2023-01-04,Valenciennes,Magasin,Sport,Chaussures running,1,569.53,0.0,569.53,310.2,15
2023-01-04,Roubaix,Magasin,Sport,Raquette tennis,4,706.19,0.1,2542.28,1165.68,409
2023-01-04,Roubaix,Magasin,Électroménager,Micro-ondes,2,453.16,0.1,815.69,252.49,217
2023-01-04,Roubaix,Magasin,Électroménager,Bouilloire,4,726.04,0.0,2904.16,1569.2,354
2023-01-04,Dunkerque,Magasin,Électroménager,Aspirateur,4,191.18,0.0,764.72,386.2,518
2023-01-05,Roubaix,Magasin,Sport,Tapis yoga,1,658.36,0.0,658.36,352.71,483
2023-01-05,Lille,Magasin,Sport,Vélo VTT,6,545.21,0.0,3271.26,1407.0,487
2023-01-05,En ligne,E-commerce,Mode,Robe été,2,296.52,0.0,593.04,144.92,76
2023-01-05,Lille,Magasin,Maison,Set casseroles,5,706.85,0.0,3534.25,2038.35,160
2023-01-05,Roubaix,Magasin,Sport,Haltères 10kg,5,98.3,0.1,442.35,164.35,276
2023-01-05,Lille,Magasin,Mode,T-shirt coton,6,504.67,0.0,3028.02,1201.38,515
2023-01-05,Valenciennes,Magasin,Bricolage,Boîte à outils,3,83.21,0.1,224.67,44.01,43
2023-01-05,Roubaix,Magasin,Maison,Rideau occultant,3,101.21,0.0,303.63,134.67,56
2023-01-05,Tourcoing,Magasin,Maison,Set casseroles,6,706.85,0.0,4241.1,2446.02,559
2023-01-05,Lille,Magasin,Sport,Vélo VTT,4,545.21,0.0,2180.84,938.0,561
2023-01-05,En ligne,E-commerce,Électroménager,Réfrigérateur,3,387.37,0.0,1162.11,338.34,377
2023-01-05,Lille,Magasin,Maison,Couette 220x240,5,224.09,0.05,1064.43,395.93,589
2023-01-05,Roubaix,Magasin,Sport,Tapis yoga,2,658.36,0.0,1316.72,705.42,232
2023-01-05,Valenciennes,Magasin,Électroménager,Réfrigérateur,2,387.37,0.0,774.74,225.56,237
2023-01-05,Lille,Magasin,Mode,Veste hiver,5,655.99,0.0,3279.95,1620.4,383
2023-01-05,Lille,Magasin,Électroménager,Réfrigérateur,2,387.37,0.0,774.74,225.56,593
2023-01-05,En ligne,E-commerce,Bricolage,Perceuse,6,105.66,0.0,633.96,130.2,575
2023-01-05,Dunkerque,Magasin,Maison,Couette 220x240,4,224.09,0.0,896.36,361.56,547
2023-01-06,Lille,Magasin,Maison,Couette 220x240,6,224.09,0.1,1210.09,407.89,227
2023-01-06,Roubaix,Magasin,Mode,Baskets ville,6,460.51,0.1,2486.75,611.99,147
2023-01-06,Lille,Magasin,Maison,Rideau occultant,5,101.21,0.0,506.05,224.45,288
2023-01-06,En ligne,E-commerce,Bricolage,Perceuse,8,105.66,0.0,845.28,173.6,179
2023-01-06,Amiens,Magasin,Électroménager,Bouilloire,7,726.04,0.0,5082.28,2746.1,344
2023-01-06,Valenciennes,Magasin,Sport,Raquette tennis,2,706.19,0.1,1271.14,582.84,368
2023-01-06,Tourcoing,Magasin,Mode,Baskets ville,2,460.51,0.05,874.97,250.05,4
2023-01-06,Dunkerque,Magasin,Mode,Pull laine,5,884.49,0.0,4422.45,2480.3,427
2023-01-06,Tourcoing,Magasin,Électroménager,Cafetière,8,392.24,0.0,3137.92,1716.48,293
2023-01-06,Dunkerque,Magasin,Mode,Pull laine,3,884.49,0.0,2653.47,1488.18,480
2023-01-06,Lille,Magasin,Électroménager,Bouilloire,3,726.04,0.0,2178.12,1176.9,62
2023-01-06,Roubaix,Magasin,Maison,Set casseroles,6,706.85,0.0,4241.1,2446.02,318
2023-01-06,Tourcoing,Magasin,Mode,Robe été,2,296.52,0.05,563.39,115.27,246
2023-01-06,Tourcoing,Magasin,Mode,Pull laine,1,884.49,0.0,884.49,496.06,218
2023-01-06,Dunkerque,Magasin,Bricolage,Perceuse,4,105.66,0.0,422.64,86.8,61
2023-01-07,En ligne,E-commerce,Mode,Robe été,4,296.52,0.0,1186.08,289.84,450
2023-01-07,Roubaix,Magasin,Maison,Set casseroles,5,706.85,0.0,3534.25,2038.35,480
2023-01-07,En ligne,E-commerce,Mode,Robe été,7,296.52,0.0,2075.64,507.22,412
2023-01-07,Tourcoing,Magasin,Sport,Chaussures running,3,569.53,0.0,1708.59,930.6,15
2023-01-07,Lille,Magasin,Sport,Tapis yoga,5,658.36,0.05,3127.21,1598.96,538
2023-01-07,Lille,Magasin,Mode,Veste hiver,1,655.99,0.0,655.99,324.08,553
2023-01-07,Lille,Magasin,Maison,Couette 220x240,3,224.09,0.0,672.27,271.17,36
2023-01-07,Lille,Magasin,Bricolage,Boîte à outils,5,83.21,0.0,416.05,114.95,385
2023-01-07,Lille,Magasin,Maison,Étagère bois,5,279.59,0.0,1397.95,445.6,79
2023-01-07,Amiens,Magasin,Électroménager,Cafetière,1,392.24,0.0,392.24,214.56,437
2023-01-07,Dunkerque,Magasin,Mode,Veste hiver,1,655.99,0.0,655.99,324.08,554
2023-01-07,Dunkerque,Magasin,Électroménager,Cafetière,1,392.24,0.0,392.24,214.56,524
2023-01-08,Valenciennes,Magasin,Bricolage,Échelle alu,3,354.67,0.0,1064.01,505.2,327
2023-01-08,Lille,Magasin,Électroménager,Réfrigérateur,8,387.37,0.0,3098.96,902.24,351
2023-01-08,Amiens,Magasin,Bricolage,Peinture 5L,5,609.0,0.0,3045.0,1627.3,280
2023-01-08,Tourcoing,Magasin,Électroménager,Réfrigérateur,1,387.37,0.0,387.37,112.78,209
2023-01-08,Roubaix,Magasin,Électroménager,Micro-ondes,2,453.16,0.05,861.0,297.8,71
2023-01-08,Roubaix,Magasin,Mode,Pull laine,5,884.49,0.0,4422.45,2480.3,400
2023-01-08,Amiens,Magasin,Sport,Tapis yoga,6,658.36,0.0,3950.16,2116.26,509
2023-01-08,Amiens,Magasin,Bricolage,Perceuse,8,105.66,0.0,845.28,173.6,16
2023-01-08,Lille,Magasin,Électroménager,Bouilloire,4,726.04,0.0,2904.16,1569.2,186
2023-01-08,Lille,Magasin,Bricolage,Tournevis set,3,636.28,0.0,1908.84,961.32,507
2023-01-08,Tourcoing,Magasin,Sport,Maillot bain,3,350.77,0.0,1052.31,597.9,286
2023-01-08,Amiens,Magasin,Maison,Set casseroles,3,706.85,0.0,2120.55,1223.01,139
2023-01-08,Dunkerque,Magasin,Électroménager,Micro-ondes,3,453.16,0.0,1359.48,514.68,316
2023-01-08,Roubaix,Magasin,Bricolage,Boîte à outils,5,83.21,0.0,416.05,114.95,265
2023-01-08,Lille,Magasin,Électroménager,Réfrigérateur,4,387.37,0.0,1549.48,451.12,256
2023-01-09,Dunkerque,Magasin,Sport,Maillot bain,5,350.77,0.0,1753.85,996.5,410
2023-01-09,Dunkerque,Magasin,Maison,Set casseroles,5,706.85,0.0,3534.25,2038.35,241
2023-01-09,Amiens,Magasin,Maison,Set casseroles,4,706.85,0.0,2827.4,1630.68,533
2023-01-09,Lille,Magasin,Maison,Couette 220x240,2,224.09,0.0,448.18,180.78,552
2023-01-09,Valenciennes,Magasin,Bricolage,Peinture 5L,2,609.0,0.0,1218.0,650.92,277
2023-01-09,Dunkerque,Magasin,Électroménager,Robot cuiseur,5,249.97,0.0,1249.85,459.6,69
2023-01-09,Valenciennes,Magasin,Bricolage,Échelle alu,4,354.67,0.0,1418.68,673.6,436
2023-01-09,Amiens,Magasin,Électroménager,Micro-ondes,8,453.16,0.1,3262.75,1009.95,564
2023-01-09,Roubaix,Magasin,Électroménager,Robot cuiseur,1,249.97,0.0,249.97,91.92,9
2023-01-09,Roubaix,Magasin,Électroménager,Aspirateur,3,191.18,0.05,544.86,260.97,356
2023-01-09,Dunkerque,Magasin,Maison,Rideau occultant,5,101.21,0.1,455.44,173.84,287
2023-01-09,Valenciennes,Magasin,Sport,Haltères 10kg,3,98.3,0.0,294.9,128.1,224
2023-01-09,Roubaix,Magasin,Bricolage,Tournevis set,4,636.28,0.0,2545.12,1281.76,344
2023-01-09,Roubaix,Magasin,Électroménager,Micro-ondes,7,453.16,0.0,3172.12,1200.92,521
2023-01-10,Amiens,Magasin,Maison,Lampe LED,4,134.22,0.0,536.88,273.12,76
2023-01-10,Dunkerque,Magasin,Maison,Rideau occultant,2,101.21,0.05,192.3,79.66,384
2023-01-10,Lille,Magasin,Bricolage,Boîte à outils,5,83.21,0.0,416.05,114.95,421
2023-01-10,En ligne,E-commerce,Maison,Lampe LED,4,134.22,0.0,536.88,273.12,506
2023-01-10,Amiens,Magasin,Bricolage,Échelle alu,7,354.67,0.1,2234.42,930.53,133
2023-01-10,Roubaix,Magasin,Électroménager,Bouilloire,1,726.04,0.0,726.04,392.3,91
2023-01-10,Dunkerque,Magasin,Mode,Jean homme,1,272.27,0.0,272.27,92.12,90
2023-01-10,Lille,Magasin,Électroménager,Aspirateur,8,191.18,0.0,1529.44,772.4,573
2023-01-10,Lille,Magasin,Mode,T-shirt coton,6,504.67,0.0,3028.02,1201.38,88
2023-01-10,Amiens,Magasin,Électroménager,Bouilloire,7,726.04,0.1,4574.05,2237.87,501
2023-01-10,Roubaix,Magasin,Bricolage,Échelle alu,5,354.67,0.0,1773.35,842.0,545
2023-01-10,Dunkerque,Magasin,Bricolage,Perceuse,5,105.66,0.0,528.3,108.5,554
2023-01-10,Lille,Magasin,Mode,Pull laine,5,884.49,0.0,4422.45,2480.3,349
2023-01-10,Roubaix,Magasin,Sport,Tapis yoga,5,658.36,0.1,2962.62,1434.37,352
2023-01-11,Roubaix,Magasin,Maison,Étagère bois,1,279.59,0.0,279.59,89.12,246
2023-01-11,Dunkerque,Magasin,Bricolage,Tournevis set,6,636.28,0.05,3626.8,1731.76,433
2023-01-11,Lille,Magasin,Sport,Maillot bain,6,350.77,0.0,2104.62,1195.8,30
2023-01-11,Lille,Magasin,Maison,Canapé 3 places,3,246.23,0.0,738.69,170.64,383
2023-01-11,Tourcoing,Magasin,Électroménager,Micro-ondes,5,453.16,0.0,2265.8,857.8,154
2023-01-11,Amiens,Magasin,Mode,Robe été,7,296.52,0.0,2075.64,507.22,112
2023-01-11,Lille,Magasin,Mode,Baskets ville,1,460.51,0.0,460.51,148.05,119
2023-01-11,Lille,Magasin,Électroménager,Bouilloire,4,726.04,0.0,2904.16,1569.2,372
2023-01-11,Amiens,Magasin,Sport,Maillot bain,4,350.77,0.0,1403.08,797.2,192
2023-01-11,Dunkerque,Magasin,Mode,Veste hiver,2,655.99,0.0,1311.98,648.16,254
2023-01-11,Amiens,Magasin,Maison,Étagère bois,5,279.59,0.1,1258.16,305.8,166
2023-01-11,En ligne,E-commerce,Maison,Lampe LED,1,134.22,0.0,134.22,68.28,154
2023-01-11,Tourcoing,Magasin,Sport,Ballon foot,3,100.1,0.0,300.3,173.7,523
2023-01-11,Dunkerque,Magasin,Mode,T-shirt coton,1,504.67,0.1,454.2,149.76,222
2023-01-11,Tourcoing,Magasin,Sport,Chaussures running,1,569.53,0.0,569.53,310.2,521
2023-01-11,En ligne,E-commerce,Électroménager,Aspirateur,1,191.18,0.1,172.06,77.43,503
2023-01-11,En ligne,E-commerce,Bricolage,Tournevis set,6,636.28,0.0,3817.68,1922.64,209
2023-01-11,En ligne,E-commerce,Mode,Veste hiver,3,655.99,0.0,1967.97,972.24,441
2023-01-11,Lille,Magasin,Sport,Ballon foot,3,100.1,0.0,300.3,173.7,90
2023-01-12,Roubaix,Magasin,Maison,Rideau occultant,5,101.21,0.0,506.05,224.45,540
2023-01-12,Lille,Magasin,Mode,Baskets ville,8,460.51,0.0,3684.08,1184.4,407
2023-01-12,En ligne,E-commerce,Électroménager,Robot cuiseur,5,249.97,0.0,1249.85,459.6,105
2023-01-12,Lille,Magasin,Bricolage,Tournevis set,3,636.28,0.05,1813.4,865.88,245
2023-01-12,Lille,Magasin,Sport,Chaussures running,1,569.53,0.2,455.62,196.29,201
2023-01-12,Roubaix,Magasin,Mode,Baskets ville,5,460.51,0.0,2302.55,740.25,236
2023-01-12,Valenciennes,Magasin,Mode,Jean homme,6,272.27,0.0,1633.62,552.72,85
2023-01-12,Lille,Magasin,Mode,Jean homme,4,272.27,0.2,871.26,150.66,142
2023-01-12,Lille,Magasin,Sport,Tapis yoga,3,658.36,0.0,1975.08,1058.13,251
2023-01-12,Lille,Magasin,Mode,Baskets ville,8,460.51,0.0,3684.08,1184.4,325
2023-01-12,Amiens,Magasin,Sport,Ballon foot,1,100.1,0.0,100.1,57.9,342
2023-01-12,Valenciennes,Magasin,Maison,Rideau occultant,2,101.21,0.0,202.42,89.78,216
2023-01-12,Lille,Magasin,Bricolage,Perceuse,4,105.66,0.2,338.11,2.27,89
2023-01-12,Roubaix,Magasin,Sport,Raquette tennis,5,706.19,0.0,3530.95,1810.2,151
2023-01-12,Lille,Magasin,Mode,Jean homme,8,272.27,0.0,2178.16,736.96,588
2023-01-12,En ligne,E-commerce,Électroménager,Cafetière,7,392.24,0.0,2745.68,1501.92,283
2023-01-12,Valenciennes,Magasin,Maison,Rideau occultant,7,101.21,0.05,673.05,278.81,347
2023-01-12,Lille,Magasin,Sport,Maillot bain,3,350.77,0.0,1052.31,597.9,342
2023-01-13,Amiens,Magasin,Électroménager,Aspirateur,4,191.18,0.0,764.72,386.2,8
2023-01-13,Tourcoing,Magasin,Maison,Set casseroles,2,706.85,0.2,1130.96,532.6,441
2023-01-13,Lille,Magasin,Bricolage,Peinture 5L,3,609.0,0.0,1827.0,976.38,240
2023-01-13,Roubaix,Magasin,Électroménager,Réfrigérateur,2,387.37,0.0,774.74,225.56,153
2023-01-13,Tourcoing,Magasin,Sport,Chaussures running,1,569.53,0.0,569.53,310.2,266
2023-01-13,Amiens,Magasin,Mode,Robe été,2,296.52,0.0,593.04,144.92,313
2023-01-13,Roubaix,Magasin,Électroménager,Robot cuiseur,7,249.97,0.0,1749.79,643.44,466
2023-01-13,Dunkerque,Magasin,Sport,Ballon foot,3,100.1,0.2,240.24,113.64,198
2023-01-13,Amiens,Magasin,Maison,Rideau occultant,5,101.21,0.0,506.05,224.45,152
2023-01-13,Roubaix,Magasin,Mode,Jean homme,2,272.27,0.1,490.09,129.79,188
2023-01-13,Dunkerque,Magasin,Bricolage,Peinture 5L,2,609.0,0.0,1218.0,650.92,145
2023-01-13,En ligne,E-commerce,Électroménager,Réfrigérateur,5,387.37,0.1,1743.16,370.22,485
2023-01-13,Roubaix,Magasin,Bricolage,Tournevis set,1,636.28,0.0,636.28,320.44,142
2023-01-13,Lille,Magasin,Maison,Canapé 3 places,4,246.23,0.0,984.92,227.52,403
2023-01-13,Valenciennes,Magasin,Bricolage,Tournevis set,2,636.28,0.0,1272.56,640.88,505
2023-01-13,Tourcoing,Magasin,Électroménager,Bouilloire,3,726.04,0.1,1960.31,959.09,54
2023-01-13,Lille,Magasin,Bricolage,Peinture 5L,4,609.0,0.0,2436.0,1301.84,121
2023-01-13,Lille,Magasin,Sport,Chaussures running,2,569.53,0.0,1139.06,620.4,410
2023-01-14,Dunkerque,Magasin,Maison,Set casseroles,4,706.85,0.0,2827.4,1630.68,325
2023-01-14,En ligne,E-commerce,Mode,Baskets ville,6,460.51,0.0,2763.06,888.3,294
2023-01-14,Lille,Magasin,Bricolage,Boîte à outils,1,83.21,0.0,83.21,22.99,127
2023-01-14,Dunkerque,Magasin,Maison,Étagère bois,1,279.59,0.0,279.59,89.12,406
2023-01-14,Tourcoing,Magasin,Mode,T-shirt coton,6,504.67,0.0,3028.02,1201.38,83
2023-01-14,Dunkerque,Magasin,Électroménager,Cafetière,3,392.24,0.0,1176.72,643.68,408
2023-01-14,Dunkerque,Magasin,Bricolage,Boîte à outils,6,83.21,0.0,499.26,137.94,289
2023-01-14,Lille,Magasin,Électroménager,Réfrigérateur,3,387.37,0.1,1045.9,222.13,452
2023-01-14,Roubaix,Magasin,Sport,Vélo VTT,8,545.21,0.0,4361.68,1876.0,258
2023-01-14,En ligne,E-commerce,Maison,Lampe LED,2,134.22,0.0,268.44,136.56,313
2023-01-14,Tourcoing,Magasin,Maison,Rideau occultant,6,101.21,0.0,607.26,269.34,462
2023-01-14,Dunkerque,Magasin,Bricolage,Perceuse,4,105.66,0.0,422.64,86.8,576
2023-01-14,Roubaix,Magasin,Maison,Rideau occultant,7,101.21,0.0,708.47,314.23,231
2023-01-14,Roubaix,Magasin,Mode,Pull laine,7,884.49,0.0,6191.43,3472.42,516
2023-01-14,Tourcoing,Magasin,Mode,Veste hiver,5,655.99,0.0,3279.95,1620.4,253
2023-01-15,Dunkerque,Magasin,Mode,T-shirt coton,5,504.67,0.05,2397.18,874.98,107
2023-01-15,Lille,Magasin,Sport,Haltères 10kg,7,98.3,0.05,653.69,264.49,206
2023-01-15,En ligne,E-commerce,Mode,Pull laine,5,884.49,0.0,4422.45,2480.3,387
2023-01-15,Lille,Magasin,Maison,Couette 220x240,8,224.09,0.0,1792.72,723.12,240
2023-01-15,En ligne,E-commerce,Sport,Maillot bain,1,350.77,0.0,350.77,199.3,498
2023-01-15,Roubaix,Magasin,Sport,Chaussures running,1,569.53,0.0,569.53,310.2,331
2023-01-15,Dunkerque,Magasin,Maison,Étagère bois,1,279.59,0.0,279.59,89.12,382
2023-01-15,Roubaix,Magasin,Maison,Étagère bois,1,279.59,0.1,251.63,61.16,356
2023-01-15,Tourcoing,Magasin,Bricolage,Tournevis set,4,636.28,0.0,2545.12,1281.76,277
2023-01-15,En ligne,E-commerce,Sport,Maillot bain,1,350.77,0.0,350.77,199.3,253
2023-01-15,Dunkerque,Magasin,Sport,Vélo VTT,8,545.21,0.0,4361.68,1876.0,312
2023-01-15,En ligne,E-commerce,Bricolage,Peinture 5L,5,609.0,0.0,3045.0,1627.3,274
2023-01-15,En ligne,E-commerce,Sport,Raquette tennis,6,706.19,0.0,4237.14,2172.24,334
2023-01-15,Lille,Magasin,Mode,Robe été,2,296.52,0.05,563.39,115.27,362
2023-01-15,En ligne,E-commerce,Sport,Haltères 10kg,1,98.3,0.0,98.3,42.7,91
2023-01-15,Tourcoing,Magasin,Maison,Set casseroles,1,706.85,0.0,706.85,407.67,462
2023-01-15,En ligne,E-commerce,Sport,Chaussures running,5,569.53,0.1,2562.88,1266.24,498
2023-01-16,Lille,Magasin,Maison,Étagère bois,3,279.59,0.0,838.77,267.36,232
2023-01-16,En ligne,E-commerce,Bricolage,Boîte à outils,5,83.21,0.0,416.05,114.95,565
2023-01-16,Lille,Magasin,Bricolage,Tournevis set,2,636.28,0.0,1272.56,640.88,569
2023-01-16,Lille,Magasin,Sport,Haltères 10kg,2,98.3,0.05,186.77,75.57,484
2023-01-16,Amiens,Magasin,Sport,Haltères 10kg,6,98.3,0.0,589.8,256.2,373
2023-01-16,Valenciennes,Magasin,Sport,Maillot bain,1,350.77,0.0,350.77,199.3,34
2023-01-16,Amiens,Magasin,Bricolage,Tournevis set,7,636.28,0.0,4453.96,2243.08,574
2023-01-16,Tourcoing,Magasin,Mode,Pull laine,3,884.49,0.0,2653.47,1488.18,109
2023-01-16,Tourcoing,Magasin,Sport,Chaussures running,2,569.53,0.0,1139.06,620.4,244
2023-01-16,Dunkerque,Magasin,Sport,Chaussures running,3,569.53,0.0,1708.59,930.6,354
2023-01-16,Dunkerque,Magasin,Maison,Rideau occultant,7,101.21,0.05,673.05,278.81,171
2023-01-16,Dunkerque,Magasin,Maison,Couette 220x240,5,224.09,0.0,1120.45,451.95,546
2023-01-16,Tourcoing,Magasin,Sport,Haltères 10kg,6,98.3,0.0,589.8,256.2,296
2023-01-16,Valenciennes,Magasin,Sport,Haltères 10kg,3,98.3,0.0,294.9,128.1,529
2023-01-16,Valenciennes,Magasin,Sport,Chaussures running,2,569.53,0.0,1139.06,620.4,320
2023-01-16,Lille,Magasin,Bricolage,Perceuse,8,105.66,0.0,845.28,173.6,116
2023-01-16,Valenciennes,Magasin,Bricolage,Boîte à outils,3,83.21,0.0,249.63,68.97,563
2023-01-16,Roubaix,Magasin,Bricolage,Tournevis set,8,636.28,0.0,5090.24,2563.52,265
2023-01-16,Roubaix,Magasin,Mode,Pull laine,6,884.49,0.0,5306.94,2976.36,288
2023-01-16,Dunkerque,Magasin,Sport,Maillot bain,3,350.77,0.0,1052.31,597.9,27
2023-01-16,Lille,Magasin,Sport,Ballon foot,1,100.1,0.0,100.1,57.9,217
2023-01-17,Dunkerque,Magasin,Électroménager,Cafetière,4,392.24,0.0,1568.96,858.24,373
2023-01-17,Dunkerque,Magasin,Sport,Haltères 10kg,6,98.3,0.05,560.31,226.71,14
2023-01-17,Amiens,Magasin,Sport,Chaussures running,7,569.53,0.0,3986.71,2171.4,527
2023-01-17,Valenciennes,Magasin,Mode,T-shirt coton,1,504.67,0.0,504.67,200.23,178
2023-01-17,Lille,Magasin,Électroménager,Réfrigérateur,2,387.37,0.0,774.74,225.56,413
2023-01-17,Amiens,Magasin,Maison,Couette 220x240,7,224.09,0.2,1254.9,319.0,403
2023-01-17,Lille,Magasin,Bricolage,Tournevis set,3,636.28,0.0,1908.84,961.32,42
2023-01-17,Valenciennes,Magasin,Sport,Vélo VTT,3,545.21,0.0,1635.63,703.5,136
2023-01-17,En ligne,E-commerce,Bricolage,Échelle alu,5,354.67,0.0,1773.35,842.0,268
2023-01-17,En ligne,E-commerce,Électroménager,Cafetière,5,392.24,0.0,1961.2,1072.8,414
2023-01-17,Lille,Magasin,Bricolage,Peinture 5L,3,609.0,0.0,1827.0,976.38,557
2023-01-18,Lille,Magasin,Mode,Pull laine,8,884.49,0.0,7075.92,3968.48,174
2023-01-18,Dunkerque,Magasin,Mode,Baskets ville,1,460.51,0.0,460.51,148.05,279
2023-01-18,Lille,Magasin,Maison,Couette 220x240,5,224.09,0.1,1008.41,339.91,452
2023-01-18,En ligne,E-commerce,Maison,Rideau occultant,5,101.21,0.0,506.05,224.45,335
2023-01-18,Lille,Magasin,Électroménager,Réfrigérateur,3,387.37,0.05,1104.0,280.23,537
2023-01-18,Lille,Magasin,Sport,Chaussures running,6,569.53,0.0,3417.18,1861.2,103
2023-01-18,Valenciennes,Magasin,Maison,Set casseroles,3,706.85,0.0,2120.55,1223.01,572
2023-01-18,Dunkerque,Magasin,Maison,Couette 220x240,5,224.09,0.0,1120.45,451.95,88
2023-01-18,En ligne,E-commerce,Sport,Raquette tennis,8,706.19,0.0,5649.52,2896.32,91
2023-01-18,Roubaix,Magasin,Maison,Étagère bois,3,279.59,0.0,838.77,267.36,557
2023-01-18,Lille,Magasin,Sport,Raquette tennis,2,706.19,0.0,1412.38,724.08,226
2023-01-18,Tourcoing,Magasin,Sport,Tapis yoga,6,658.36,0.0,3950.16,2116.26,256
2023-01-18,Roubaix,Magasin,Électroménager,Micro-ondes,6,453.16,0.0,2718.96,1029.36,425
2023-01-18,Dunkerque,Magasin,Mode,Veste hiver,4,655.99,0.0,2623.96,1296.32,211
2023-01-18,Amiens,Magasin,Sport,Raquette tennis,3,706.19,0.0,2118.57,1086.12,31
2023-01-18,Amiens,Magasin,Bricolage,Peinture 5L,6,609.0,0.05,3471.3,1770.06,546
2023-01-18,Tourcoing,Magasin,Mode,Baskets ville,1,460.51,0.1,414.46,102.0,20
2023-01-18,En ligne,E-commerce,Sport,Chaussures running,1,569.53,0.0,569.53,310.2,42
2023-01-18,Lille,Magasin,Sport,Raquette tennis,5,706.19,0.0,3530.95,1810.2,73
2023-01-18,Roubaix,Magasin,Électroménager,Cafetière,3,392.24,0.0,1176.72,643.68,43
2023-01-19,Roubaix,Magasin,Sport,Raquette tennis,4,706.19,0.05,2683.52,1306.92,58
2023-01-19,Roubaix,Magasin,Sport,Haltères 10kg,5,98.3,0.0,491.5,213.5,523
2023-01-19,Dunkerque,Magasin,Sport,Haltères 10kg,2,98.3,0.0,196.6,85.4,524
2023-01-19,Dunkerque,Magasin,Bricolage,Échelle alu,5,354.67,0.0,1773.35,842.0,425
2023-01-19,Valenciennes,Magasin,Bricolage,Peinture 5L,4,609.0,0.0,2436.0,1301.84,4
2023-01-19,Roubaix,Magasin,Mode,Veste hiver,3,655.99,0.2,1574.38,578.65,378
2023-01-19,Lille,Magasin,Mode,Jean homme,6,272.27,0.0,1633.62,552.72,526
2023-01-19,Dunkerque,Magasin,Sport,Haltères 10kg,3,98.3,0.0,294.9,128.1,321
2023-01-19,Roubaix,Magasin,Bricolage,Peinture 5L,5,609.0,0.0,3045.0,1627.3,526
2023-01-19,Roubaix,Magasin,Mode,Veste hiver,3,655.99,0.0,1967.97,972.24,320
2023-01-19,En ligne,E-commerce,Maison,Lampe LED,6,134.22,0.0,805.32,409.68,170
2023-01-19,Lille,Magasin,Maison,Set casseroles,3,706.85,0.0,2120.55,1223.01,248
2023-01-19,Roubaix,Magasin,Électroménager,Cafetière,3,392.24,0.0,1176.72,643.68,299
2023-01-19,En ligne,E-commerce,Maison,Rideau occultant,6,101.21,0.0,607.26,269.34,135
2023-01-19,Amiens,Magasin,Mode,Jean homme,8,272.27,0.0,2178.16,736.96,558
2023-01-19,Lille,Magasin,Maison,Étagère bois,6,279.59,0.0,1677.54,534.72,552
2023-01-19,Amiens,Magasin,Bricolage,Peinture 5L,1,609.0,0.05,578.55,295.01,423
2023-01-19,Lille,Magasin,Sport,Ballon foot,1,100.1,0.0,100.1,57.9,74
2023-01-19,En ligne,E-commerce,Mode,Baskets ville,3,460.51,0.0,1381.53,444.15,179
2023-01-19,Valenciennes,Magasin,Sport,Maillot bain,2,350.77,0.0,701.54,398.6,282
2023-01-19,Roubaix,Magasin,Bricolage,Échelle alu,2,354.67,0.1,638.41,265.87,215
2023-01-20,Amiens,Magasin,Maison,Canapé 3 places,5,246.23,0.0,1231.15,284.4,225
2023-01-20,Roubaix,Magasin,Électroménager,Aspirateur,2,191.18,0.0,382.36,193.1,155
2023-01-20,Dunkerque,Magasin,Électroménager,Robot cuiseur,5,249.97,0.0,1249.85,459.6,455
2023-01-20,Amiens,Magasin,Mode,Pull laine,5,884.49,0.0,4422.45,2480.3,321
2023-01-20,Roubaix,Magasin,Bricolage,Perceuse,1,105.66,0.0,105.66,21.7,347
2023-01-20,Dunkerque,Magasin,Électroménager,Aspirateur,4,191.18,0.2,611.78,233.26,528
2023-01-20,Tourcoing,Magasin,Maison,Lampe LED,1,134.22,0.0,134.22,68.28,80
2023-01-20,En ligne,E-commerce,Maison,Étagère bois,4,279.59,0.0,1118.36,356.48,255
2023-01-20,Tourcoing,Magasin,Mode,Baskets ville,4,460.51,0.0,1842.04,592.2,440
2023-01-20,Amiens,Magasin,Mode,Robe été,1,296.52,0.0,296.52,72.46,431
2023-01-20,Amiens,Magasin,Sport,Tapis yoga,3,658.36,0.0,1975.08,1058.13,251
2023-01-20,Roubaix,Magasin,Sport,Tapis yoga,7,658.36,0.0,4608.52,2468.97,363
2023-01-20,Dunkerque,Magasin,Bricolage,Peinture 5L,4,609.0,0.0,2436.0,1301.84,204
2023-01-20,Roubaix,Magasin,Sport,Ballon foot,2,100.1,0.05,190.19,105.79,455
2023-01-20,Tourcoing,Magasin,Mode,Veste hiver,6,655.99,0.0,3935.94,1944.48,349
2023-01-20,Amiens,Magasin,Mode,Pull laine,2,884.49,0.0,1768.98,992.12,375
2023-01-20,Roubaix,Magasin,Maison,Lampe LED,7,134.22,0.0,939.54,477.96,391
2023-01-20,Dunkerque,Magasin,Sport,Chaussures running,4,569.53,0.05,2164.21,1126.89,76
2023-01-20,Roubaix,Magasin,Sport,Vélo VTT,3,545.21,0.0,1635.63,703.5,521
2023-01-20,Roubaix,Magasin,Sport,Vélo VTT,1,545.21,0.2,436.17,125.46,244
2023-01-20,Lille,Magasin,Sport,Ballon foot,5,100.1,0.0,500.5,289.5,303
2023-01-21,Lille,Magasin,Maison,Étagère bois,6,279.59,0.0,1677.54,534.72,420
2023-01-21,Dunkerque,Magasin,Maison,Set casseroles,4,706.85,0.0,2827.4,1630.68,141
2023-01-21,Lille,Magasin,Bricolage,Échelle alu,2,354.67,0.0,709.34,336.8,530
2023-01-21,Dunkerque,Magasin,Sport,Haltères 10kg,5,98.3,0.0,491.5,213.5,368
2023-01-21,Lille,Magasin,Bricolage,Boîte à outils,6,83.21,0.0,499.26,137.94,4
2023-01-21,En ligne,E-commerce,Mode,Baskets ville,3,460.51,0.0,1381.53,444.15,253
2023-01-21,En ligne,E-commerce,Bricolage,Peinture 5L,2,609.0,0.05,1157.1,590.02,539
2023-01-21,Dunkerque,Magasin,Sport,Chaussures running,3,569.53,0.0,1708.59,930.6,597
2023-01-21,Lille,Magasin,Sport,Vélo VTT,6,545.21,0.0,3271.26,1407.0,254
2023-01-21,Dunkerque,Magasin,Électroménager,Réfrigérateur,3,387.37,0.0,1162.11,338.34,86
2023-01-21,En ligne,E-commerce,Électroménager,Aspirateur,7,191.18,0.0,1338.26,675.85,42
2023-01-21,Amiens,Magasin,Maison,Canapé 3 places,8,246.23,0.0,1969.84,455.04,245
2023-01-21,Amiens,Magasin,Bricolage,Peinture 5L,5,609.0,0.0,3045.0,1627.3,439
2023-01-21,Lille,Magasin,Bricolage,Perceuse,3,105.66,0.0,316.98,65.1,107
2023-01-22,Amiens,Magasin,Sport,Maillot bain,7,350.77,0.0,2455.39,1395.1,319
2023-01-22,Amiens,Magasin,Sport,Maillot bain,5,350.77,0.0,1753.85,996.5,361
2023-01-22,Tourcoing,Magasin,Électroménager,Micro-ondes,7,453.16,0.0,3172.12,1200.92,433
2023-01-22,Dunkerque,Magasin,Mode,Veste hiver,4,655.99,0.0,2623.96,1296.32,136
2023-01-22,Lille,Magasin,Maison,Lampe LED,4,134.22,0.05,510.04,246.28,75
2023-01-22,Tourcoing,Magasin,Maison,Rideau occultant,3,101.21,0.1,273.27,104.31,420
2023-01-22,Tourcoing,Magasin,Maison,Rideau occultant,3,101.21,0.0,303.63,134.67,126
2023-01-22,Tourcoing,Magasin,Maison,Canapé 3 places,5,246.23,0.05,1169.59,222.84,505
2023-01-22,Lille,Magasin,Mode,Pull laine,6,884.49,0.2,4245.55,1914.97,159
2023-01-22,Dunkerque,Magasin,Bricolage,Boîte à outils,5,83.21,0.05,395.25,94.15,157
2023-01-22,Roubaix,Magasin,Sport,Vélo VTT,2,545.21,0.0,1090.42,469.0,356
2023-01-22,Lille,Magasin,Maison,Canapé 3 places,4,246.23,0.0,984.92,227.52,301
2023-01-22,Lille,Magasin,Maison,Étagère bois,3,279.59,0.0,838.77,267.36,360
2023-01-22,Lille,Magasin,Bricolage,Boîte à outils,6,83.21,0.0,499.26,137.94,470
2023-01-22,Roubaix,Magasin,Bricolage,Échelle alu,7,354.67,0.0,2482.69,1178.8,242
2023-01-22,Amiens,Magasin,Bricolage,Perceuse,1,105.66,0.0,105.66,21.7,511
2023-01-23,Valenciennes,Magasin,Mode,Veste hiver,3,655.99,0.0,1967.97,972.24,385
2023-01-23,Lille,Magasin,Mode,Veste hiver,4,655.99,0.0,2623.96,1296.32,50
2023-01-23,En ligne,E-commerce,Sport,Haltères 10kg,5,98.3,0.0,491.5,213.5,480
2023-01-23,Roubaix,Magasin,Électroménager,Robot cuiseur,3,249.97,0.0,749.91,275.76,227
2023-01-23,Lille,Magasin,Électroménager,Micro-ondes,4,453.16,0.0,1812.64,686.24,98
2023-01-23,Lille,Magasin,Électroménager,Robot cuiseur,1,249.97,0.0,249.97,91.92,473
2023-01-23,Roubaix,Magasin,Bricolage,Tournevis set,4,636.28,0.0,2545.12,1281.76,428
2023-01-23,Roubaix,Magasin,Maison,Canapé 3 places,3,246.23,0.2,590.95,22.9,586
2023-01-23,Dunkerque,Magasin,Mode,Robe été,5,296.52,0.0,1482.6,362.3,33
2023-01-23,Dunkerque,Magasin,Bricolage,Boîte à outils,1,83.21,0.0,83.21,22.99,408
2023-01-23,Roubaix,Magasin,Bricolage,Boîte à outils,4,83.21,0.05,316.2,75.32,426
2023-01-23,Valenciennes,Magasin,Maison,Rideau occultant,2,101.21,0.0,202.42,89.78,301
2023-01-23,Amiens,Magasin,Sport,Tapis yoga,7,658.36,0.0,4608.52,2468.97,76
2023-01-23,Roubaix,Magasin,Sport,Vélo VTT,5,545.21,0.0,2726.05,1172.5,314
2023-01-23,Lille,Magasin,Sport,Tapis yoga,4,658.36,0.0,2633.44,1410.84,332
2023-01-23,En ligne,E-commerce,Bricolage,Échelle alu,2,354.67,0.05,673.87,301.33,596
2023-01-23,Roubaix,Magasin,Maison,Rideau occultant,3,101.21,0.0,303.63,134.67,534
2023-01-23,En ligne,E-commerce,Sport,Vélo VTT,3,545.21,0.0,1635.63,703.5,36
2023-01-23,Dunkerque,Magasin,Maison,Étagère bois,1,279.59,0.0,279.59,89.12,430
2023-01-23,Roubaix,Magasin,Mode,Veste hiver,4,655.99,0.1,2361.56,1033.92,421
2023-01-23,Lille,Magasin,Mode,Baskets ville,3,460.51,0.0,1381.53,444.15,462
2023-01-23,Tourcoing,Magasin,Bricolage,Tournevis set,1,636.28,0.0,636.28,320.44,488
2023-01-24,En ligne,E-commerce,Mode,T-shirt coton,4,504.67,0.0,2018.68,800.92,325
2023-01-24,En ligne,E-commerce,Électroménager,Réfrigérateur,2,387.37,0.05,736.0,186.82,320
2023-01-24,Lille,Magasin,Mode,T-shirt coton,2,504.67,0.0,1009.34,400.46,51
2023-01-24,Valenciennes,Magasin,Sport,Raquette tennis,3,706.19,0.0,2118.57,1086.12,591
2023-01-24,Tourcoing,Magasin,Sport,Vélo VTT,1,545.21,0.1,490.69,179.98,171
2023-01-24,Valenciennes,Magasin,Électroménager,Robot cuiseur,8,249.97,0.0,1999.76,735.36,267
2023-01-24,Amiens,Magasin,Électroménager,Micro-ondes,5,453.16,0.0,2265.8,857.8,180
2023-01-24,Dunkerque,Magasin,Électroménager,Bouilloire,6,726.04,0.0,4356.24,2353.8,586
2023-01-24,En ligne,E-commerce,Électroménager,Robot cuiseur,1,249.97,0.2,199.98,41.93,347
2023-01-24,Tourcoing,Magasin,Électroménager,Robot cuiseur,2,249.97,0.0,499.94,183.84,375
2023-01-24,En ligne,E-commerce,Électroménager,Aspirateur,8,191.18,0.0,1529.44,772.4,14
2023-01-24,Lille,Magasin,Électroménager,Robot cuiseur,5,249.97,0.0,1249.85,459.6,452
2023-01-25,Lille,Magasin,Mode,T-shirt coton,9,504.67,0.0,4542.03,1802.07,312
2023-01-25,Amiens,Magasin,Maison,Set casseroles,7,706.85,0.05,4700.55,2606.29,485
2023-01-25,Roubaix,Magasin,Bricolage,Perceuse,2,105.66,0.0,211.32,43.4,362
2023-01-25,Tourcoing,Magasin,Électroménager,Bouilloire,5,726.04,0.0,3630.2,1961.5,398
2023-01-25,Valenciennes,Magasin,Sport,Ballon foot,1,100.1,0.0,100.1,57.9,244
2023-01-25,Roubaix,Magasin,Maison,Canapé 3 places,6,246.23,0.05,1403.51,267.41,249
2023-01-25,Amiens,Magasin,Bricolage,Boîte à outils,3,83.21,0.1,224.67,44.01,182
2023-01-25,Lille,Magasin,Bricolage,Tournevis set,1,636.28,0.0,636.28,320.44,117
2023-01-25,Tourcoing,Magasin,Sport,Vélo VTT,6,545.21,0.05,3107.7,1243.44,487
2023-01-25,Dunkerque,Magasin,Bricolage,Boîte à outils,3,83.21,0.0,249.63,68.97,419
2023-01-25,Dunkerque,Magasin,Mode,Veste hiver,4,655.99,0.0,2623.96,1296.32,396
2023-01-25,Dunkerque,Magasin,Mode,T-shirt coton,2,504.67,0.0,1009.34,400.46,552
2023-01-25,Valenciennes,Magasin,Électroménager,Aspirateur,2,191.18,0.0,382.36,193.1,439
2023-01-25,Dunkerque,Magasin,Maison,Couette 220x240,8,224.09,0.05,1703.08,633.48,81
2023-01-26,Amiens,Magasin,Électroménager,Micro-ondes,3,453.16,0.0,1359.48,514.68,331
2023-01-26,Valenciennes,Magasin,Mode,Robe été,4,296.52,0.05,1126.78,230.54,281
2023-01-26,Dunkerque,Magasin,Maison,Canapé 3 places,4,246.23,0.0,984.92,227.52,302
2023-01-26,Lille,Magasin,Bricolage,Boîte à outils,4,83.21,0.0,332.84,91.96,488
2023-01-26,Tourcoing,Magasin,Sport,Vélo VTT,7,545.21,0.0,3816.47,1641.5,366
2023-01-26,Lille,Magasin,Bricolage,Tournevis set,7,636.28,0.0,4453.96,2243.08,411
2023-01-26,En ligne,E-commerce,Électroménager,Cafetière,1,392.24,0.05,372.63,194.95,104
2023-01-26,Dunkerque,Magasin,Mode,Pull laine,3,884.49,0.0,2653.47,1488.18,95
2023-01-26,Dunkerque,Magasin,Maison,Lampe LED,1,134.22,0.0,134.22,68.28,258
2023-01-26,Dunkerque,Magasin,Maison,Canapé 3 places,5,246.23,0.0,1231.15,284.4,566
2023-01-26,En ligne,E-commerce,Sport,Chaussures running,5,569.53,0.2,2278.12,981.47,504
2023-01-26,Roubaix,Magasin,Bricolage,Tournevis set,5,636.28,0.0,3181.4,1602.2,168
2023-01-26,Lille,Magasin,Électroménager,Aspirateur,2,191.18,0.1,344.12,154.86,64
2023-01-26,Dunkerque,Magasin,Bricolage,Perceuse,7,105.66,0.05,702.64,114.92,308
2023-01-26,Lille,Magasin,Mode,Jean homme,2,272.27,0.0,544.54,184.24,421
2023-01-26,Lille,Magasin,Bricolage,Boîte à outils,7,83.21,0.1,524.22,102.68,517
2023-01-26,Amiens,Magasin,Électroménager,Bouilloire,4,726.04,0.0,2904.16,1569.2,141
2023-01-26,Tourcoing,Magasin,Maison,Canapé 3 places,5,246.23,0.0,1231.15,284.4,146
2023-01-27,En ligne,E-commerce,Sport,Vélo VTT,4,545.21,0.0,2180.84,938.0,381
2023-01-27,Lille,Magasin,Bricolage,Perceuse,4,105.66,0.1,380.38,44.54,573
2023-01-27,Lille,Magasin,Bricolage,Boîte à outils,3,83.21,0.0,249.63,68.97,35
2023-01-27,En ligne,E-commerce,Sport,Maillot bain,4,350.77,0.0,1403.08,797.2,413
2023-01-27,Roubaix,Magasin,Sport,Chaussures running,2,569.53,0.0,1139.06,620.4,104
2023-01-27,Tourcoing,Magasin,Électroménager,Bouilloire,5,726.04,0.0,3630.2,1961.5,489
2023-01-27,Roubaix,Magasin,Sport,Vélo VTT,2,545.21,0.1,981.38,359.96,475
2023-01-27,Roubaix,Magasin,Maison,Couette 220x240,1,224.09,0.0,224.09,90.39,12
2023-01-27,Lille,Magasin,Sport,Chaussures running,6,569.53,0.0,3417.18,1861.2,380
2023-01-27,Tourcoing,Magasin,Mode,Pull laine,4,884.49,0.0,3537.96,1984.24,545
2023-01-27,Amiens,Magasin,Sport,Ballon foot,2,100.1,0.0,200.2,115.8,25
2023-01-27,Dunkerque,Magasin,Maison,Set casseroles,5,706.85,0.0,3534.25,2038.35,25
2023-01-27,En ligne,E-commerce,Sport,Vélo VTT,3,545.21,0.2,1308.5,376.37,488
2023-01-27,Tourcoing,Magasin,Maison,Étagère bois,1,279.59,0.0,279.59,89.12,304
2023-01-27,En ligne,E-commerce,Mode,Veste hiver,5,655.99,0.0,3279.95,1620.4,178
2023-01-27,Lille,Magasin,Maison,Étagère bois,1,279.59,0.0,279.59,89.12,219
2023-01-27,Tourcoing,Magasin,Sport,Ballon foot,4,100.1,0.05,380.38,211.58,191
2023-01-27,Lille,Magasin,Électroménager,Réfrigérateur,8,387.37,0.0,3098.96,902.24,489
2023-01-27,Lille,Magasin,Mode,T-shirt coton,2,504.67,0.0,1009.34,400.46,108
2023-01-27,Roubaix,Magasin,Électroménager,Aspirateur,5,191.18,0.0,955.9,482.75,311
2023-01-27,Dunkerque,Magasin,Maison,Canapé 3 places,1,246.23,0.0,246.23,56.88,368
2023-01-27,Tourcoing,Magasin,Électroménager,Aspirateur,5,191.18,0.0,955.9,482.75,406
2023-01-27,Tourcoing,Magasin,Mode,Baskets ville,7,460.51,0.1,2901.21,713.99,41
2023-01-28,Valenciennes,Magasin,Sport,Chaussures running,1,569.53,0.0,569.53,310.2,577
2023-01-28,Tourcoing,Magasin,Sport,Tapis yoga,4,658.36,0.0,2633.44,1410.84,478
2023-01-28,Dunkerque,Magasin,Mode,Pull laine,6,884.49,0.0,5306.94,2976.36,226
2023-01-28,Lille,Magasin,Mode,Pull laine,3,884.49,0.0,2653.47,1488.18,81
2023-01-28,Roubaix,Magasin,Maison,Couette 220x240,2,224.09,0.0,448.18,180.78,157
2023-01-28,Lille,Magasin,Maison,Lampe LED,6,134.22,0.0,805.32,409.68,549
2023-01-28,Tourcoing,Magasin,Sport,Maillot bain,7,350.77,0.0,2455.39,1395.1,405
2023-01-28,Valenciennes,Magasin,Sport,Haltères 10kg,1,98.3,0.0,98.3,42.7,186
2023-01-28,Amiens,Magasin,Sport,Vélo VTT,5,545.21,0.0,2726.05,1172.5,289
2023-01-28,Tourcoing,Magasin,Bricolage,Échelle alu,6,354.67,0.0,2128.02,1010.4,480
2023-01-28,Dunkerque,Magasin,Sport,Vélo VTT,1,545.21,0.0,545.21,234.5,168
2023-01-28,Roubaix,Magasin,Électroménager,Réfrigérateur,5,387.37,0.05,1840.01,467.06,145
2023-01-28,Amiens,Magasin,Sport,Raquette tennis,2,706.19,0.0,1412.38,724.08,430
2023-01-28,En ligne,E-commerce,Électroménager,Aspirateur,8,191.18,0.1,1376.5,619.46,190
2023-01-28,Lille,Magasin,Mode,T-shirt coton,4,504.67,0.0,2018.68,800.92,70
2023-01-28,En ligne,E-commerce,Bricolage,Échelle alu,1,354.67,0.0,354.67,168.4,289
2023-01-28,Lille,Magasin,Électroménager,Réfrigérateur,3,387.37,0.0,1162.11,338.34,532
2023-01-28,En ligne,E-commerce,Maison,Set casseroles,1,706.85,0.0,706.85,407.67,233
2023-01-29,En ligne,E-commerce,Sport,Ballon foot,2,100.1,0.0,200.2,115.8,412
2023-01-29,Lille,Magasin,Maison,Couette 220x240,3,224.09,0.1,605.04,203.94,339
2023-01-29,Tourcoing,Magasin,Bricolage,Échelle alu,1,354.67,0.0,354.67,168.4,289
2023-01-29,Roubaix,Magasin,Mode,Veste hiver,1,655.99,0.0,655.99,324.08,484
2023-01-29,Amiens,Magasin,Bricolage,Échelle alu,1,354.67,0.0,354.67,168.4,187
2023-01-29,Tourcoing,Magasin,Mode,T-shirt coton,1,504.67,0.1,454.2,149.76,92
2023-01-29,Lille,Magasin,Mode,Veste hiver,2,655.99,0.0,1311.98,648.16,332
2023-01-29,Roubaix,Magasin,Bricolage,Boîte à outils,6,83.21,0.0,499.26,137.94,579
2023-01-29,Roubaix,Magasin,Maison,Canapé 3 places,4,246.23,0.0,984.92,227.52,157
2023-01-29,Valenciennes,Magasin,Mode,Baskets ville,2,460.51,0.0,921.02,296.1,430
2023-01-29,Lille,Magasin,Maison,Rideau occultant,5,101.21,0.05,480.75,199.15,476
2023-01-29,Dunkerque,Magasin,Maison,Couette 220x240,7,224.09,0.0,1568.63,632.73,313
2023-01-29,En ligne,E-commerce,Sport,Tapis yoga,2,658.36,0.0,1316.72,705.42,466
2023-01-29,En ligne,E-commerce,Électroménager,Robot cuiseur,1,249.97,0.1,224.97,66.92,65
2023-01-29,Dunkerque,Magasin,Bricolage,Perceuse,5,105.66,0.05,501.88,82.08,338
2023-01-29,Roubaix,Magasin,Bricolage,Échelle alu,2,354.67,0.05,673.87,301.33,32
2023-01-29,Dunkerque,Magasin,Électroménager,Robot cuiseur,3,249.97,0.0,749.91,275.76,194
2023-01-29,En ligne,E-commerce,Bricolage,Échelle alu,4,354.67,0.05,1347.75,602.67,115
2023-01-29,Tourcoing,Magasin,Électroménager,Aspirateur,4,191.18,0.0,764.72,386.2,336
2023-01-29,Roubaix,Magasin,Électroménager,Réfrigérateur,6,387.37,0.0,2324.22,676.68,304
2023-01-30,Lille,Magasin,Bricolage,Perceuse,4,105.66,0.0,422.64,86.8,86
2023-01-30,Roubaix,Magasin,Maison,Lampe LED,1,134.22,0.0,134.22,68.28,416
2023-01-30,Tourcoing,Magasin,Sport,Raquette tennis,8,706.19,0.0,5649.52,2896.32,41
2023-01-30,Roubaix,Magasin,Mode,Robe été,6,296.52,0.0,1779.12,434.76,242
2023-01-30,Dunkerque,Magasin,Bricolage,Tournevis set,3,636.28,0.0,1908.84,961.32,87
2023-01-30,En ligne,E-commerce,Mode,T-shirt coton,6,504.67,0.0,3028.02,1201.38,432
2023-01-30,Tourcoing,Magasin,Électroménager,Aspirateur,4,191.18,0.0,764.72,386.2,332
2023-01-30,En ligne,E-commerce,Sport,Raquette tennis,4,706.19,0.0,2824.76,1448.16,220
2023-01-30,Lille,Magasin,Bricolage,Boîte à outils,4,83.21,0.0,332.84,91.96,218
2023-01-30,Lille,Magasin,Bricolage,Échelle alu,1,354.67,0.2,283.74,97.47,14
2023-01-30,Roubaix,Magasin,Bricolage,Peinture 5L,1,609.0,0.1,548.1,264.56,534
2023-01-30,Lille,Magasin,Maison,Rideau occultant,3,101.21,0.1,273.27,104.31,480
2023-01-30,Amiens,Magasin,Mode,Veste hiver,5,655.99,0.0,3279.95,1620.4,431
2023-01-30,Tourcoing,Magasin,Électroménager,Micro-ondes,5,453.16,0.0,2265.8,857.8,96
2023-01-30,Lille,Magasin,Maison,Rideau occultant,8,101.21,0.0,809.68,359.12,484
2023-01-30,En ligne,E-commerce,Sport,Haltères 10kg,6,98.3,0.05,560.31,226.71,58
2023-01-30,Lille,Magasin,Maison,Set casseroles,3,706.85,0.0,2120.55,1223.01,484
2023-01-30,En ligne,E-commerce,Maison,Couette 220x240,5,224.09,0.0,1120.45,451.95,298
2023-01-30,Dunkerque,Magasin,Bricolage,Boîte à outils,4,83.21,0.0,332.84,91.96,138
2023-01-30,Lille,Magasin,Maison,Lampe LED,5,134.22,0.0,671.1,341.4,523
2023-01-30,Tourcoing,Magasin,Mode,Pull laine,8,884.49,0.05,6722.12,3614.68,42
2023-01-31,Lille,Magasin,Bricolage,Tournevis set,7,636.28,0.0,4453.96,2243.08,233
2023-01-31,Lille,Magasin,Mode,Pull laine,3,884.49,0.05,2520.8,1355.51,545
2023-01-31,Dunkerque,Magasin,Mode,Veste hiver,2,655.99,0.0,1311.98,648.16,550
2023-01-31,Amiens,Magasin,Bricolage,Tournevis set,5,636.28,0.0,3181.4,1602.2,54
2023-01-31,Valenciennes,Magasin,Mode,Veste hiver,4,655.99,0.0,2623.96,1296.32,203
2023-01-31,Tourcoing,Magasin,Électroménager,Aspirateur,2,191.18,0.0,382.36,193.1,193
2023-01-31,Lille,Magasin,Mode,Veste hiver,3,655.99,0.1,1771.17,775.44,86
2023-01-31,Lille,Magasin,Bricolage,Tournevis set,3,636.28,0.0,1908.84,961.32,258
2023-01-31,Roubaix,Magasin,Sport,Haltères 10kg,3,98.3,0.0,294.9,128.1,278
2023-01-31,Amiens,Magasin,Bricolage,Tournevis set,5,636.28,0.05,3022.33,1443.13,437
2023-01-31,Lille,Magasin,Sport,Maillot bain,2,350.77,0.0,701.54,398.6,541
2023-01-31,Tourcoing,Magasin,Maison,Set casseroles,7,706.85,0.0,4947.95,2853.69,524
2023-01-31,Lille,Magasin,Bricolage,Perceuse,3,105.66,0.0,316.98,65.1,146
2023-02-01,Roubaix,Magasin,Maison,Canapé 3 places,2,246.23,0.0,492.46,113.76,407
2023-02-01,Lille,Magasin,Mode,Baskets ville,4,460.51,0.0,1842.04,592.2,206
2023-02-01,En ligne,E-commerce,Électroménager,Réfrigérateur,1,387.37,0.0,387.37,112.78,51
2023-02-01,Valenciennes,Magasin,Maison,Étagère bois,5,279.59,0.0,1397.95,445.6,337
2023-02-01,Roubaix,Magasin,Maison,Étagère bois,2,279.59,0.0,559.18,178.24,187
2023-02-01,Lille,Magasin,Mode,Jean homme,1,272.27,0.05,258.66,78.51,439
2023-02-01,Dunkerque,Magasin,Mode,Jean homme,2,272.27,0.0,544.54,184.24,123
2023-02-01,Roubaix,Magasin,Mode,Baskets ville,1,460.51,0.0,460.51,148.05,420
2023-02-01,Lille,Magasin,Sport,Haltères 10kg,1,98.3,0.0,98.3,42.7,210
2023-02-01,Valenciennes,Magasin,Bricolage,Tournevis set,1,636.28,0.2,509.02,193.18,591
2023-02-01,Dunkerque,Magasin,Sport,Tapis yoga,4,658.36,0.0,2633.44,1410.84,589
2023-02-01,Tourcoing,Magasin,Sport,Raquette tennis,3,706.19,0.05,2012.64,980.19,245
2023-02-01,En ligne,E-commerce,Mode,Baskets ville,2,460.51,0.0,921.02,296.1,574
2023-02-01,Amiens,Magasin,Électroménager,Cafetière,1,392.24,0.0,392.24,214.56,289
2023-02-01,En ligne,E-commerce,Mode,Robe été,3,296.52,0.0,889.56,217.38,133
2023-02-01,Dunkerque,Magasin,Sport,Tapis yoga,3,658.36,0.0,1975.08,1058.13,138
2023-02-01,Amiens,Magasin,Mode,Robe été,2,296.52,0.05,563.39,115.27,244
2023-02-01,Roubaix,Magasin,Électroménager,Micro-ondes,5,453.16,0.0,2265.8,857.8,40
2023-02-02,Tourcoing,Magasin,Mode,Veste hiver,2,655.99,0.0,1311.98,648.16,81
2023-02-02,Lille,Magasin,Sport,Chaussures running,3,569.53,0.05,1623.16,845.17,157
2023-02-02,Roubaix,Magasin,Électroménager,Robot cuiseur,2,249.97,0.0,499.94,183.84,305
2023-02-02,En ligne,E-commerce,Mode,Jean homme,2,272.27,0.05,517.31,157.01,114
2023-02-02,Dunkerque,Magasin,Électroménager,Réfrigérateur,1,387.37,0.1,348.63,74.04,436
2023-02-02,Dunkerque,Magasin,Bricolage,Tournevis set,1,636.28,0.0,636.28,320.44,479
2023-02-02,En ligne,E-commerce,Électroménager,Réfrigérateur,2,387.37,0.0,774.74,225.56,135
2023-02-02,Amiens,Magasin,Maison,Lampe LED,2,134.22,0.2,214.75,82.87,570
2023-02-02,Dunkerque,Magasin,Mode,Pull laine,4,884.49,0.0,3537.96,1984.24,556
2023-02-02,Lille,Magasin,Électroménager,Aspirateur,2,191.18,0.0,382.36,193.1,597
2023-02-02,Roubaix,Magasin,Bricolage,Boîte à outils,5,83.21,0.05,395.25,94.15,336
2023-02-02,Lille,Magasin,Sport,Vélo VTT,4,545.21,0.0,2180.84,938.0,261
2023-02-02,En ligne,E-commerce,Électroménager,Bouilloire,2,726.04,0.05,1379.48,712.0,257
2023-02-02,Dunkerque,Magasin,Bricolage,Échelle alu,3,354.67,0.0,1064.01,505.2,393
2023-02-02,Valenciennes,Magasin,Électroménager,Aspirateur,3,191.18,0.0,573.54,289.65,91
2023-02-02,Lille,Magasin,Maison,Étagère bois,4,279.59,0.0,1118.36,356.48,580
2023-02-02,Valenciennes,Magasin,Électroménager,Bouilloire,2,726.04,0.0,1452.08,784.6,535
2023-02-02,Roubaix,Magasin,Mode,Pull laine,1,884.49,0.0,884.49,496.06,545
2023-02-02,Tourcoing,Magasin,Bricolage,Échelle alu,3,354.67,0.0,1064.01,505.2,299
2023-02-03,Tourcoing,Magasin,Mode,Robe été,1,296.52,0.05,281.69,57.63,542
2023-02-03,Dunkerque,Magasin,Bricolage,Peinture 5L,2,609.0,0.0,1218.0,650.92,428
2023-02-03,Tourcoing,Magasin,Maison,Rideau occultant,4,101.21,0.1,364.36,139.08,196
2023-02-03,Dunkerque,Magasin,Électroménager,Réfrigérateur,3,387.37,0.0,1162.11,338.34,297
2023-02-03,Amiens,Magasin,Sport,Ballon foot,2,100.1,0.0,200.2,115.8,490
2023-02-03,Amiens,Magasin,Sport,Maillot bain,3,350.77,0.0,1052.31,597.9,554
2023-02-03,En ligne,E-commerce,Bricolage,Boîte à outils,3,83.21,0.2,199.7,19.04,465
2023-02-03,Roubaix,Magasin,Électroménager,Bouilloire,3,726.04,0.05,2069.21,1067.99,493
2023-02-03,Roubaix,Magasin,Sport,Haltères 10kg,1,98.3,0.0,98.3,42.7,1
2023-02-03,Dunkerque,Magasin,Maison,Étagère bois,3,279.59,0.0,838.77,267.36,78
2023-02-03,Lille,Magasin,Maison,Rideau occultant,2,101.21,0.0,202.42,89.78,92
2023-02-03,En ligne,E-commerce,Électroménager,Cafetière,1,392.24,0.0,392.24,214.56,353
2023-02-03,Dunkerque,Magasin,Sport,Chaussures running,4,569.53,0.0,2278.12,1240.8,50
2023-02-03,Dunkerque,Magasin,Maison,Étagère bois,2,279.59,0.0,559.18,178.24,8
2023-02-03,Amiens,Magasin,Électroménager,Cafetière,3,392.24,0.0,1176.72,643.68,236
2023-02-03,Tourcoing,Magasin,Bricolage,Perceuse,3,105.66,0.0,316.98,65.1,502
2023-02-03,Amiens,Magasin,Bricolage,Boîte à outils,4,83.21,0.2,266.27,25.39,487
2023-02-03,Lille,Magasin,Sport,Haltères 10kg,3,98.3,0.0,294.9,128.1,51
2023-02-04,Valenciennes,Magasin,Maison,Canapé 3 places,3,246.23,0.0,738.69,170.64,380
2023-02-04,Tourcoing,Magasin,Bricolage,Échelle alu,4,354.67,0.0,1418.68,673.6,68
2023-02-04,Amiens,Magasin,Sport,Raquette tennis,1,706.19,0.05,670.88,326.73,514
2023-02-04,Amiens,Magasin,Électroménager,Micro-ondes,1,453.16,0.2,362.53,80.93,134
2023-02-04,En ligne,E-commerce,Sport,Maillot bain,4,350.77,0.0,1403.08,797.2,380
2023-02-04,Dunkerque,Magasin,Maison,Couette 220x240,1,224.09,0.0,224.09,90.39,447
2023-02-04,Tourcoing,Magasin,Maison,Set casseroles,1,706.85,0.0,706.85,407.67,117
2023-02-04,Roubaix,Magasin,Maison,Lampe LED,2,134.22,0.0,268.44,136.56,161
2023-02-04,Roubaix,Magasin,Sport,Maillot bain,4,350.77,0.05,1332.93,727.05,384
2023-02-04,Amiens,Magasin,Maison,Set casseroles,2,706.85,0.0,1413.7,815.34,205
2023-02-04,Lille,Magasin,Sport,Chaussures running,4,569.53,0.0,2278.12,1240.8,266
2023-02-04,Amiens,Magasin,Sport,Chaussures running,3,569.53,0.0,1708.59,930.6,344
2023-02-04,Tourcoing,Magasin,Sport,Ballon foot,1,100.1,0.0,100.1,57.9,152
2023-02-04,Valenciennes,Magasin,Mode,Robe été,3,296.52,0.0,889.56,217.38,414
2023-02-04,Amiens,Magasin,Maison,Étagère bois,1,279.59,0.0,279.59,89.12,550
2023-02-04,Amiens,Magasin,Bricolage,Perceuse,1,105.66,0.0,105.66,21.7,219
2023-02-04,Lille,Magasin,Mode,Baskets ville,3,460.51,0.0,1381.53,444.15,234
2023-02-05,Roubaix,Magasin,Bricolage,Peinture 5L,1,609.0,0.1,548.1,264.56,208
2023-02-05,Tourcoing,Magasin,Sport,Vélo VTT,1,545.21,0.0,545.21,234.5,158
2023-02-05,Valenciennes,Magasin,Maison,Canapé 3 places,1,246.23,0.0,246.23,56.88,579
2023-02-05,Lille,Magasin,Électroménager,Bouilloire,2,726.04,0.0,1452.08,784.6,169
2023-02-05,Valenciennes,Magasin,Maison,Set casseroles,2,706.85,0.0,1413.7,815.34,168
2023-02-05,Tourcoing,Magasin,Bricolage,Tournevis set,3,636.28,0.0,1908.84,961.32,36
2023-02-05,Lille,Magasin,Électroménager,Cafetière,1,392.24,0.1,353.02,175.34,99
2023-02-05,Dunkerque,Magasin,Bricolage,Peinture 5L,2,609.0,0.0,1218.0,650.92,175
2023-02-05,Amiens,Magasin,Mode,Baskets ville,3,460.51,0.0,1381.53,444.15,288
2023-02-05,Roubaix,Magasin,Électroménager,Aspirateur,1,191.18,0.0,191.18,96.55,376
2023-02-05,Lille,Magasin,Bricolage,Peinture 5L,1,609.0,0.0,609.0,325.46,62
2023-02-05,Valenciennes,Magasin,Maison,Rideau occultant,3,101.21,0.0,303.63,134.67,490
2023-02-05,Roubaix,Magasin,Mode,Baskets ville,4,460.51,0.0,1842.04,592.2,53
2023-02-05,Lille,Magasin,Bricolage,Échelle alu,2,354.67,0.0,709.34,336.8,257
2023-02-05,Lille,Magasin,Maison,Couette 220x240,1,224.09,0.0,224.09,90.39,420
2023-02-06,Lille,Magasin,Sport,Maillot bain,3,350.77,0.2,841.85,387.44,159
2023-02-06,Roubaix,Magasin,Électroménager,Aspirateur,1,191.18,0.0,191.18,96.55,560
2023-02-06,Tourcoing,Magasin,Mode,Jean homme,1,272.27,0.1,245.04,64.89,581
2023-02-06,Lille,Magasin,Sport,Haltères 10kg,3,98.3,0.0,294.9,128.1,462
2023-02-06,Roubaix,Magasin,Sport,Maillot bain,3,350.77,0.0,1052.31,597.9,165
2023-02-06,Roubaix,Magasin,Sport,Maillot bain,1,350.77,0.0,350.77,199.3,169
2023-02-06,Amiens,Magasin,Sport,Haltères 10kg,3,98.3,0.0,294.9,128.1,14
2023-02-06,Amiens,Magasin,Électroménager,Robot cuiseur,1,249.97,0.1,224.97,66.92,242
2023-02-06,Lille,Magasin,Sport,Vélo VTT,2,545.21,0.0,1090.42,469.0,73
2023-02-06,Lille,Magasin,Mode,Pull laine,3,884.49,0.0,2653.47,1488.18,301
2023-02-06,Lille,Magasin,Maison,Lampe LED,3,134.22,0.0,402.66,204.84,316
2023-02-06,Amiens,Magasin,Électroménager,Réfrigérateur,2,387.37,0.05,736.0,186.82,468
2023-02-06,Amiens,Magasin,Maison,Rideau occultant,1,101.21,0.0,101.21,44.89,337
2023-02-06,Tourcoing,Magasin,Maison,Lampe LED,1,134.22,0.0,134.22,68.28,369
2023-02-06,Amiens,Magasin,Sport,Chaussures running,4,569.53,0.0,2278.12,1240.8,302
2023-02-07,Tourcoing,Magasin,Bricolage,Perceuse,1,105.66,0.0,105.66,21.7,387
2023-02-07,Dunkerque,Magasin,Maison,Rideau occultant,2,101.21,0.0,202.42,89.78,125
2023-02-07,En ligne,E-commerce,Électroménager,Robot cuiseur,1,249.97,0.0,249.97,91.92,46
2023-02-07,Dunkerque,Magasin,Électroménager,Micro-ondes,1,453.16,0.05,430.5,148.9,534
2023-02-07,Amiens,Magasin,Sport,Maillot bain,3,350.77,0.0,1052.31,597.9,60
2023-02-07,Lille,Magasin,Bricolage,Perceuse,3,105.66,0.05,301.13,49.25,488
2023-02-07,Amiens,Magasin,Bricolage,Peinture 5L,3,609.0,0.0,1827.0,976.38,287
2023-02-07,En ligne,E-commerce,Bricolage,Tournevis set,2,636.28,0.0,1272.56,640.88,309
2023-02-07,Tourcoing,Magasin,Maison,Couette 220x240,1,224.09,0.0,224.09,90.39,580
2023-02-07,Tourcoing,Magasin,Maison,Couette 220x240,4,224.09,0.0,896.36,361.56,305
2023-02-07,En ligne,E-commerce,Maison,Canapé 3 places,3,246.23,0.1,664.82,96.77,282
2023-02-07,Tourcoing,Magasin,Sport,Chaussures running,3,569.53,0.0,1708.59,930.6,80
2023-02-07,Lille,Magasin,Bricolage,Tournevis set,1,636.28,0.2,509.02,193.18,293
2023-02-07,Amiens,Magasin,Mode,Baskets ville,2,460.51,0.0,921.02,296.1,117
2023-02-07,Amiens,Magasin,Électroménager,Bouilloire,3,726.04,0.0,2178.12,1176.9,452
2023-02-08,Lille,Magasin,Maison,Set casseroles,1,706.85,0.05,671.51,372.33,562
2023-02-08,En ligne,E-commerce,Mode,Baskets ville,2,460.51,0.0,921.02,296.1,104
2023-02-08,Roubaix,Magasin,Bricolage,Tournevis set,2,636.28,0.0,1272.56,640.88,50
2023-02-08,Lille,Magasin,Bricolage,Perceuse,3,105.66,0.05,301.13,49.25,547
2023-02-08,Valenciennes,Magasin,Sport,Vélo VTT,3,545.21,0.0,1635.63,703.5,312
2023-02-08,Tourcoing,Magasin,Bricolage,Peinture 5L,1,609.0,0.0,609.0,325.46,17
2023-02-08,Lille,Magasin,Maison,Lampe LED,1,134.22,0.0,134.22,68.28,463
2023-02-08,Roubaix,Magasin,Maison,Set casseroles,2,706.85,0.0,1413.7,815.34,438
2023-02-08,Amiens,Magasin,Sport,Maillot bain,2,350.77,0.0,701.54,398.6,170
2023-02-08,Lille,Magasin,Maison,Étagère bois,2,279.59,0.0,559.18,178.24,589
2023-02-08,Dunkerque,Magasin,Bricolage,Échelle alu,5,354.67,0.0,1773.35,842.0,34
2023-02-08,Lille,Magasin,Bricolage,Tournevis set,1,636.28,0.0,636.28,320.44,428
2023-02-08,Valenciennes,Magasin,Sport,Ballon foot,1,100.1,0.0,100.1,57.9,49
2023-02-08,Valenciennes,Magasin,Mode,Robe été,3,296.52,0.0,889.56,217.38,539
2023-02-08,Roubaix,Magasin,Sport,Ballon foot,3,100.1,0.0,300.3,173.7,529
2023-02-08,Lille,Magasin,Mode,T-shirt coton,2,504.67,0.0,1009.34,400.46,404
2023-02-09,Roubaix,Magasin,Maison,Canapé 3 places,2,246.23,0.0,492.46,113.76,583
2023-02-09,Dunkerque,Magasin,Mode,Robe été,4,296.52,0.0,1186.08,289.84,257
2023-02-09,Tourcoing,Magasin,Mode,Baskets ville,3,460.51,0.0,1381.53,444.15,452
2023-02-09,Roubaix,Magasin,Sport,Vélo VTT,3,545.21,0.0,1635.63,703.5,277
2023-02-09,Lille,Magasin,Sport,Raquette tennis,4,706.19,0.0,2824.76,1448.16,374
2023-02-09,Amiens,Magasin,Électroménager,Robot cuiseur,1,249.97,0.0,249.97,91.92,18
2023-02-09,Dunkerque,Magasin,Sport,Raquette tennis,3,706.19,0.0,2118.57,1086.12,146
2023-02-09,Lille,Magasin,Sport,Chaussures running,1,569.53,0.2,455.62,196.29,97
2023-02-09,En ligne,E-commerce,Électroménager,Réfrigérateur,2,387.37,0.0,774.74,225.56,148
2023-02-09,Dunkerque,Magasin,Maison,Canapé 3 places,4,246.23,0.0,984.92,227.52,526
2023-02-09,Dunkerque,Magasin,Bricolage,Boîte à outils,1,83.21,0.0,83.21,22.99,27
2023-02-09,Amiens,Magasin,Électroménager,Aspirateur,2,191.18,0.0,382.36,193.1,221
2023-02-09,En ligne,E-commerce,Maison,Canapé 3 places,2,246.23,0.0,492.46,113.76,129
2023-02-09,Lille,Magasin,Électroménager,Micro-ondes,3,453.16,0.0,1359.48,514.68,352
2023-02-09,Roubaix,Magasin,Maison,Set casseroles,3,706.85,0.0,2120.55,1223.01,452
2023-02-09,Amiens,Magasin,Sport,Maillot bain,1,350.77,0.0,350.77,199.3,52
2023-02-09,Tourcoing,Magasin,Mode,Robe été,1,296.52,0.0,296.52,72.46,495
2023-02-09,Amiens,Magasin,Sport,Raquette tennis,2,706.19,0.05,1341.76,653.46,85
2023-02-09,Dunkerque,Magasin,Sport,Raquette tennis,4,706.19,0.0,2824.76,1448.16,371
2023-02-09,Dunkerque,Magasin,Bricolage,Échelle alu,2,354.67,0.0,709.34,336.8,230
2023-02-10,Lille,Magasin,Bricolage,Échelle alu,1,354.67,0.1,319.2,132.93,333
2023-02-10,Lille,Magasin,Mode,Pull laine,2,884.49,0.0,1768.98,992.12,580
2023-02-10,Amiens,Magasin,Bricolage,Tournevis set,2,636.28,0.0,1272.56,640.88,331
2023-02-10,Valenciennes,Magasin,Mode,Pull laine,3,884.49,0.0,2653.47,1488.18,127
2023-02-10,Dunkerque,Magasin,Électroménager,Robot cuiseur,2,249.97,0.0,499.94,183.84,225
2023-02-10,En ligne,E-commerce,Sport,Tapis yoga,2,658.36,0.0,1316.72,705.42,239
2023-02-10,Lille,Magasin,Maison,Rideau occultant,2,101.21,0.0,202.42,89.78,416
2023-02-10,Dunkerque,Magasin,Mode,Jean homme,2,272.27,0.05,517.31,157.01,214
2023-02-10,Tourcoing,Magasin,Électroménager,Aspirateur,1,191.18,0.2,152.94,58.31,68
2023-02-10,Roubaix,Magasin,Mode,Jean homme,1,272.27,0.0,272.27,92.12,430
2023-02-10,Amiens,Magasin,Sport,Ballon foot,1,100.1,0.1,90.09,47.89,82
2023-02-10,Tourcoing,Magasin,Bricolage,Perceuse,2,105.66,0.0,211.32,43.4,209
2023-02-10,Amiens,Magasin,Maison,Couette 220x240,2,224.09,0.0,448.18,180.78,32
2023-02-10,Roubaix,Magasin,Mode,T-shirt coton,3,504.67,0.0,1514.01,600.69,536
2023-02-11,Amiens,Magasin,Sport,Tapis yoga,3,658.36,0.0,1975.08,1058.13,105
2023-02-11,Tourcoing,Magasin,Maison,Rideau occultant,3,101.21,0.0,303.63,134.67,90
2023-02-11,Dunkerque,Magasin,Électroménager,Cafetière,3,392.24,0.05,1117.88,584.84,581
2023-02-11,Lille,Magasin,Sport,Haltères 10kg,1,98.3,0.0,98.3,42.7,488
2023-02-11,Tourcoing,Magasin,Sport,Haltères 10kg,2,98.3,0.0,196.6,85.4,77
2023-02-11,Valenciennes,Magasin,Mode,Pull laine,2,884.49,0.05,1680.53,903.67,100
2023-02-11,Tourcoing,Magasin,Mode,T-shirt coton,2,504.67,0.0,1009.34,400.46,132
2023-02-11,Dunkerque,Magasin,Mode,Pull laine,2,884.49,0.0,1768.98,992.12,400
2023-02-11,En ligne,E-commerce,Sport,Raquette tennis,1,706.19,0.0,706.19,362.04,519
2023-02-11,Tourcoing,Magasin,Maison,Set casseroles,2,706.85,0.0,1413.7,815.34,83
2023-02-11,En ligne,E-commerce,Bricolage,Peinture 5L,4,609.0,0.0,2436.0,1301.84,61
2023-02-11,Tourcoing,Magasin,Électroménager,Bouilloire,1,726.04,0.2,580.83,247.09,448
2023-02-12,Roubaix,Magasin,Sport,Tapis yoga,3,658.36,0.0,1975.08,1058.13,288
2023-02-12,En ligne,E-commerce,Maison,Rideau occultant,3,101.21,0.0,303.63,134.67,394
2023-02-12,En ligne,E-commerce,Mode,Jean homme,4,272.27,0.0,1089.08,368.48,577
2023-02-12,Lille,Magasin,Sport,Tapis yoga,4,658.36,0.0,2633.44,1410.84,141
2023-02-12,Roubaix,Magasin,Bricolage,Peinture 5L,1,609.0,0.0,609.0,325.46,108
2023-02-12,En ligne,E-commerce,Bricolage,Perceuse,1,105.66,0.0,105.66,21.7,120
2023-02-12,Amiens,Magasin,Sport,Chaussures running,4,569.53,0.0,2278.12,1240.8,449
2023-02-12,Lille,Magasin,Sport,Vélo VTT,1,545.21,0.0,545.21,234.5,262
2023-02-12,Roubaix,Magasin,Maison,Canapé 3 places,5,246.23,0.0,1231.15,284.4,435
2023-02-12,En ligne,E-commerce,Électroménager,Bouilloire,3,726.04,0.0,2178.12,1176.9,599
2023-02-12,Dunkerque,Magasin,Électroménager,Aspirateur,2,191.18,0.0,382.36,193.1,169
2023-02-12,En ligne,E-commerce,Maison,Canapé 3 places,1,246.23,0.0,246.23,56.88,246
2023-02-12,Dunkerque,Magasin,Électroménager,Réfrigérateur,3,387.37,0.1,1045.9,222.13,66
2023-02-12,Lille,Magasin,Électroménager,Bouilloire,2,726.04,0.0,1452.08,784.6,93
2023-02-12,En ligne,E-commerce,Sport,Raquette tennis,2,706.19,0.05,1341.76,653.46,364
2023-02-12,Amiens,Magasin,Maison,Étagère bois,3,279.59,0.0,838.77,267.36,492
2023-02-12,Dunkerque,Magasin,Sport,Vélo VTT,2,545.21,0.05,1035.9,414.48,308
2023-02-13,En ligne,E-commerce,Maison,Canapé 3 places,4,246.23,0.05,935.67,178.27,70
2023-02-13,Roubaix,Magasin,Électroménager,Aspirateur,1,191.18,0.0,191.18,96.55,244
2023-02-13,Lille,Magasin,Sport,Chaussures running,2,569.53,0.0,1139.06,620.4,46
2023-02-13,Valenciennes,Magasin,Bricolage,Échelle alu,1,354.67,0.0,354.67,168.4,127
2023-02-13,Tourcoing,Magasin,Mode,Veste hiver,2,655.99,0.0,1311.98,648.16,277
2023-02-13,Lille,Magasin,Électroménager,Bouilloire,2,726.04,0.0,1452.08,784.6,107
2023-02-13,Amiens,Magasin,Maison,Canapé 3 places,4,246.23,0.2,787.94,30.54,424
2023-02-13,Valenciennes,Magasin,Mode,Jean homme,4,272.27,0.05,1034.63,314.03,325
2023-02-13,En ligne,E-commerce,Électroménager,Micro-ondes,3,453.16,0.0,1359.48,514.68,131
2023-02-13,Tourcoing,Magasin,Maison,Set casseroles,3,706.85,0.1,1908.5,1010.96,587
2023-02-13,Roubaix,Magasin,Mode,Veste hiver,1,655.99,0.0,655.99,324.08,507
2023-02-13,En ligne,E-commerce,Mode,Robe été,2,296.52,0.0,593.04,144.92,78
2023-02-13,En ligne,E-commerce,Maison,Rideau occultant,2,101.21,0.0,202.42,89.78,353
2023-02-13,En ligne,E-commerce,Sport,Maillot bain,3,350.77,0.0,1052.31,597.9,561
2023-02-13,Valenciennes,Magasin,Électroménager,Bouilloire,4,726.04,0.1,2613.74,1278.78,340
2023-02-13,Lille,Magasin,Maison,Étagère bois,3,279.59,0.0,838.77,267.36,462
2023-02-14,Dunkerque,Magasin,Maison,Couette 220x240,2,224.09,0.0,448.18,180.78,300
2023-02-14,Roubaix,Magasin,Bricolage,Échelle alu,1,354.67,0.0,354.67,168.4,558
2023-02-14,En ligne,E-commerce,Mode,Robe été,3,296.52,0.0,889.56,217.38,43
2023-02-14,Tourcoing,Magasin,Sport,Ballon foot,1,100.1,0.2,80.08,37.88,526
2023-02-14,Tourcoing,Magasin,Maison,Set casseroles,1,706.85,0.0,706.85,407.67,497
2023-02-14,Lille,Magasin,Maison,Canapé 3 places,2,246.23,0.0,492.46,113.76,376
2023-02-14,Roubaix,Magasin,Sport,Maillot bain,2,350.77,0.0,701.54,398.6,67
2023-02-14,Tourcoing,Magasin,Sport,Chaussures running,4,569.53,0.0,2278.12,1240.8,465
2023-02-14,Roubaix,Magasin,Sport,Raquette tennis,1,706.19,0.0,706.19,362.04,281
2023-02-14,Roubaix,Magasin,Sport,Tapis yoga,1,658.36,0.0,658.36,352.71,3
2023-02-14,Amiens,Magasin,Mode,Veste hiver,3,655.99,0.0,1967.97,972.24,193
2023-02-14,Amiens,Magasin,Électroménager,Micro-ondes,2,453.16,0.0,906.32,343.12,592
2023-02-14,Roubaix,Magasin,Sport,Chaussures running,3,569.53,0.0,1708.59,930.6,582
2023-02-14,Dunkerque,Magasin,Sport,Maillot bain,3,350.77,0.0,1052.31,597.9,48
2023-02-14,Dunkerque,Magasin,Bricolage,Échelle alu,2,354.67,0.05,673.87,301.33,464
2023-02-15,Valenciennes,Magasin,Sport,Vélo VTT,2,545.21,0.0,1090.42,469.0,566
2023-02-15,Roubaix,Magasin,Sport,Vélo VTT,3,545.21,0.2,1308.5,376.37,402
2023-02-15,Valenciennes,Magasin,Sport,Tapis yoga,1,658.36,0.0,658.36,352.71,263
2023-02-15,Lille,Magasin,Mode,Baskets ville,1,460.51,0.0,460.51,148.05,247
2023-02-15,En ligne,E-commerce,Sport,Chaussures running,1,569.53,0.0,569.53,310.2,314
2023-02-15,Tourcoing,Magasin,Mode,T-shirt coton,3,504.67,0.1,1362.61,449.29,129
2023-02-15,Dunkerque,Magasin,Électroménager,Réfrigérateur,3,387.37,0.1,1045.9,222.13,395
2023-02-15,Amiens,Magasin,Maison,Couette 220x240,1,224.09,0.1,201.68,67.98,240
2023-02-15,En ligne,E-commerce,Maison,Couette 220x240,3,224.09,0.1,605.04,203.94,225
2023-02-15,Dunkerque,Magasin,Bricolage,Échelle alu,1,354.67,0.0,354.67,168.4,16
2023-02-15,Roubaix,Magasin,Électroménager,Robot cuiseur,2,249.97,0.0,499.94,183.84,289
2023-02-15,En ligne,E-commerce,Maison,Couette 220x240,2,224.09,0.1,403.36,135.96,144
2023-02-15,Dunkerque,Magasin,Sport,Haltères 10kg,1,98.3,0.0,98.3,42.7,263
2023-02-15,En ligne,E-commerce,Sport,Maillot bain,2,350.77,0.0,701.54,398.6,147
2023-02-15,Dunkerque,Magasin,Bricolage,Boîte à outils,1,83.21,0.0,83.21,22.99,569
2023-02-15,Lille,Magasin,Électroménager,Micro-ondes,2,453.16,0.0,906.32,343.12,110
2023-02-15,En ligne,E-commerce,Sport,Chaussures running,4,569.53,0.0,2278.12,1240.8,224
2023-02-15,Tourcoing,Magasin,Bricolage,Perceuse,1,105.66,0.05,100.38,16.42,321
2023-02-16,Lille,Magasin,Maison,Étagère bois,1,279.59,0.1,251.63,61.16,586
2023-02-16,Tourcoing,Magasin,Mode,T-shirt coton,5,504.67,0.05,2397.18,874.98,119
2023-02-16,Amiens,Magasin,Sport,Chaussures running,2,569.53,0.05,1082.11,563.45,211
2023-02-16,Lille,Magasin,Sport,Vélo VTT,2,545.21,0.0,1090.42,469.0,97
2023-02-16,Roubaix,Magasin,Sport,Maillot bain,3,350.77,0.05,999.69,545.28,348
2023-02-16,Tourcoing,Magasin,Bricolage,Peinture 5L,4,609.0,0.0,2436.0,1301.84,238
2023-02-16,En ligne,E-commerce,Mode,Robe été,1,296.52,0.2,237.22,13.16,185
2023-02-16,Dunkerque,Magasin,Électroménager,Aspirateur,3,191.18,0.0,573.54,289.65,86
2023-02-16,Amiens,Magasin,Bricolage,Perceuse,3,105.66,0.05,301.13,49.25,13
2023-02-16,Dunkerque,Magasin,Maison,Canapé 3 places,2,246.23,0.0,492.46,113.76,194
2023-02-16,Roubaix,Magasin,Électroménager,Cafetière,4,392.24,0.0,1568.96,858.24,260
2023-02-16,Dunkerque,Magasin,Maison,Rideau occultant,3,101.21,0.1,273.27,104.31,288
2023-02-16,Dunkerque,Magasin,Mode,Pull laine,3,884.49,0.0,2653.47,1488.18,252
2023-02-16,Tourcoing,Magasin,Mode,Jean homme,3,272.27,0.1,735.13,194.68,569
2023-02-16,Amiens,Magasin,Bricolage,Échelle alu,1,354.67,0.05,336.94,150.67,136
2023-02-16,Lille,Magasin,Électroménager,Cafetière,3,392.24,0.0,1176.72,643.68,407
2023-02-16,Lille,Magasin,Maison,Couette 220x240,2,224.09,0.05,425.77,158.37,563
2023-02-17,Tourcoing,Magasin,Maison,Étagère bois,2,279.59,0.05,531.22,150.28,458
2023-02-17,Tourcoing,Magasin,Mode,Pull laine,2,884.49,0.2,1415.18,638.32,282
2023-02-17,En ligne,E-commerce,Bricolage,Boîte à outils,3,83.21,0.1,224.67,44.01,122
2023-02-17,En ligne,E-commerce,Mode,Baskets ville,3,460.51,0.0,1381.53,444.15,585
2023-02-17,Lille,Magasin,Bricolage,Peinture 5L,1,609.0,0.0,609.0,325.46,365
2023-02-17,En ligne,E-commerce,Bricolage,Peinture 5L,3,609.0,0.0,1827.0,976.38,298
2023-02-17,Roubaix,Magasin,Bricolage,Tournevis set,4,636.28,0.0,2545.12,1281.76,366
2023-02-17,Tourcoing,Magasin,Électroménager,Bouilloire,1,726.04,0.1,653.44,319.7,9
2023-02-17,Amiens,Magasin,Sport,Chaussures running,2,569.53,0.0,1139.06,620.4,415
2023-02-17,Lille,Magasin,Sport,Haltères 10kg,3,98.3,0.0,294.9,128.1,296
2023-02-17,Tourcoing,Magasin,Bricolage,Boîte à outils,4,83.21,0.0,332.84,91.96,74
2023-02-17,Lille,Magasin,Sport,Tapis yoga,2,658.36,0.0,1316.72,705.42,508
2023-02-17,Amiens,Magasin,Sport,Ballon foot,1,100.1,0.0,100.1,57.9,545
2023-02-18,Dunkerque,Magasin,Sport,Maillot bain,3,350.77,0.0,1052.31,597.9,51
2023-02-18,Amiens,Magasin,Bricolage,Boîte à outils,5,83.21,0.1,374.44,73.34,560
2023-02-18,Lille,Magasin,Maison,Étagère bois,1,279.59,0.0,279.59,89.12,536
2023-02-18,Dunkerque,Magasin,Mode,Veste hiver,2,655.99,0.0,1311.98,648.16,144
2023-02-18,Roubaix,Magasin,Sport,Vélo VTT,3,545.21,0.0,1635.63,703.5,536
2023-02-18,Tourcoing,Magasin,Bricolage,Perceuse,1,105.66,0.1,95.09,11.13,493
2023-02-18,Roubaix,Magasin,Maison,Couette 220x240,1,224.09,0.0,224.09,90.39,188
2023-02-18,Lille,Magasin,Électroménager,Cafetière,4,392.24,0.0,1568.96,858.24,249
2023-02-18,En ligne,E-commerce,Mode,Baskets ville,3,460.51,0.05,1312.45,375.07,208
2023-02-18,Lille,Magasin,Sport,Ballon foot,4,100.1,0.0,400.4,231.6,516
2023-02-18,Roubaix,Magasin,Électroménager,Aspirateur,2,191.18,0.0,382.36,193.1,544
2023-02-18,Lille,Magasin,Maison,Set casseroles,2,706.85,0.0,1413.7,815.34,368
2023-02-18,Lille,Magasin,Maison,Set casseroles,1,706.85,0.05,671.51,372.33,533
2023-02-18,Amiens,Magasin,Mode,T-shirt coton,2,504.67,0.0,1009.34,400.46,59
2023-02-18,Tourcoing,Magasin,Sport,Maillot bain,1,350.77,0.0,350.77,199.3,31
2023-02-18,Roubaix,Magasin,Mode,T-shirt coton,3,504.67,0.2,1211.21,297.89,193
2023-02-19,Valenciennes,Magasin,Mode,Baskets ville,2,460.51,0.1,828.92,204.0,59
2023-02-19,Roubaix,Magasin,Maison,Étagère bois,2,279.59,0.0,559.18,178.24,438
2023-02-19,Lille,Magasin,Bricolage,Peinture 5L,2,609.0,0.0,1218.0,650.92,294
2023-02-19,Dunkerque,Magasin,Maison,Lampe LED,3,134.22,0.0,402.66,204.84,262
2023-02-19,Tourcoing,Magasin,Maison,Lampe LED,2,134.22,0.0,268.44,136.56,10
2023-02-19,Dunkerque,Magasin,Électroménager,Aspirateur,2,191.18,0.0,382.36,193.1,172
2023-02-19,Tourcoing,Magasin,Maison,Lampe LED,2,134.22,0.0,268.44,136.56,38
2023-02-19,Tourcoing,Magasin,Mode,Robe été,2,296.52,0.0,593.04,144.92,217
2023-02-19,Lille,Magasin,Bricolage,Peinture 5L,4,609.0,0.0,2436.0,1301.84,302
2023-02-19,En ligne,E-commerce,Électroménager,Bouilloire,3,726.04,0.0,2178.12,1176.9,321
2023-02-19,Amiens,Magasin,Sport,Raquette tennis,2,706.19,0.0,1412.38,724.08,228
2023-02-19,Lille,Magasin,Mode,Pull laine,3,884.49,0.0,2653.47,1488.18,41
2023-02-19,Roubaix,Magasin,Sport,Chaussures running,1,569.53,0.2,455.62,196.29,367
2023-02-19,Roubaix,Magasin,Sport,Maillot bain,2,350.77,0.0,701.54,398.6,529
2023-02-19,Lille,Magasin,Bricolage,Perceuse,5,105.66,0.0,528.3,108.5,188
2023-02-19,Lille,Magasin,Maison,Rideau occultant,3,101.21,0.0,303.63,134.67,580
2023-02-19,Dunkerque,Magasin,Électroménager,Bouilloire,2,726.04,0.0,1452.08,784.6,473
2023-02-19,Valenciennes,Magasin,Maison,Couette 220x240,4,224.09,0.1,806.72,271.92,570
2023-02-19,Valenciennes,Magasin,Mode,T-shirt coton,4,504.67,0.0,2018.68,800.92,440
2023-02-19,Lille,Magasin,Sport,Tapis yoga,1,658.36,0.1,592.52,286.87,172
2023-02-19,Roubaix,Magasin,Électroménager,Robot cuiseur,1,249.97,0.0,249.97,91.92,503
2023-02-19,En ligne,E-commerce,Sport,Haltères 10kg,4,98.3,0.05,373.54,151.14,117
2023-02-20,Tourcoing,Magasin,Sport,Tapis yoga,1,658.36,0.0,658.36,352.71,401
2023-02-20,Tourcoing,Magasin,Électroménager,Cafetière,1,392.24,0.0,392.24,214.56,171
2023-02-20,En ligne,E-commerce,Électroménager,Aspirateur,1,191.18,0.0,191.18,96.55,597
2023-02-20,Roubaix,Magasin,Électroménager,Cafetière,2,392.24,0.0,784.48,429.12,525
2023-02-20,Amiens,Magasin,Maison,Couette 220x240,1,224.09,0.0,224.09,90.39,552
2023-02-20,Lille,Magasin,Électroménager,Robot cuiseur,1,249.97,0.0,249.97,91.92,384
2023-02-20,Dunkerque,Magasin,Mode,Jean homme,1,272.27,0.0,272.27,92.12,221
2023-02-20,Lille,Magasin,Maison,Étagère bois,1,279.59,0.0,279.59,89.12,48
2023-02-20,Roubaix,Magasin,Maison,Set casseroles,4,706.85,0.0,2827.4,1630.68,423
2023-02-20,Lille,Magasin,Mode,T-shirt coton,1,504.67,0.0,504.67,200.23,121
2023-02-20,Lille,Magasin,Sport,Maillot bain,3,350.77,0.0,1052.31,597.9,313
2023-02-20,Dunkerque,Magasin,Bricolage,Échelle alu,3,354.67,0.0,1064.01,505.2,305
2023-02-20,Lille,Magasin,Sport,Maillot bain,1,350.77,0.0,350.77,199.3,88
2023-02-20,Roubaix,Magasin,Électroménager,Aspirateur,1,191.18,0.1,172.06,77.43,289
2023-02-20,Dunkerque,Magasin,Électroménager,Bouilloire,1,726.04,0.0,726.04,392.3,313
2023-02-20,En ligne,E-commerce,Sport,Tapis yoga,3,658.36,0.0,1975.08,1058.13,498
2023-02-20,En ligne,E-commerce,Maison,Étagère bois,3,279.59,0.1,754.89,183.48,496
2023-02-20,Dunkerque,Magasin,Mode,Jean homme,2,272.27,0.0,544.54,184.24,150
2023-02-20,Lille,Magasin,Mode,Jean homme,4,272.27,0.0,1089.08,368.48,476
2023-02-21,Roubaix,Magasin,Bricolage,Tournevis set,4,636.28,0.05,2417.86,1154.5,565
2023-02-21,En ligne,E-commerce,Bricolage,Boîte à outils,3,83.21,0.0,249.63,68.97,430
2023-02-21,Dunkerque,Magasin,Bricolage,Peinture 5L,4,609.0,0.0,2436.0,1301.84,307
2023-02-21,Roubaix,Magasin,Électroménager,Robot cuiseur,3,249.97,0.0,749.91,275.76,561
2023-02-21,Lille,Magasin,Électroménager,Micro-ondes,3,453.16,0.0,1359.48,514.68,384
2023-02-21,En ligne,E-commerce,Maison,Étagère bois,1,279.59,0.0,279.59,89.12,19
2023-02-21,Roubaix,Magasin,Mode,Pull laine,4,884.49,0.0,3537.96,1984.24,228
2023-02-21,Roubaix,Magasin,Électroménager,Bouilloire,2,726.04,0.0,1452.08,784.6,305
2023-02-21,Lille,Magasin,Électroménager,Réfrigérateur,2,387.37,0.0,774.74,225.56,496
2023-02-21,En ligne,E-commerce,Sport,Raquette tennis,1,706.19,0.0,706.19,362.04,558
2023-02-21,Lille,Magasin,Bricolage,Peinture 5L,3,609.0,0.0,1827.0,976.38,104
2023-02-21,Tourcoing,Magasin,Maison,Canapé 3 places,2,246.23,0.0,492.46,113.76,440
2023-02-21,Roubaix,Magasin,Sport,Vélo VTT,1,545.21,0.05,517.95,207.24,225
2023-02-21,Tourcoing,Magasin,Sport,Haltères 10kg,3,98.3,0.0,294.9,128.1,404
2023-02-21,Valenciennes,Magasin,Mode,Veste hiver,2,655.99,0.0,1311.98,648.16,19
2023-02-21,En ligne,E-commerce,Électroménager,Cafetière,3,392.24,0.0,1176.72,643.68,463
2023-02-21,Tourcoing,Magasin,Bricolage,Tournevis set,2,636.28,0.0,1272.56,640.88,25
2023-02-21,Lille,Magasin,Électroménager,Réfrigérateur,2,387.37,0.05,736.0,186.82,494
2023-02-21,Valenciennes,Magasin,Mode,Pull laine,3,884.49,0.0,2653.47,1488.18,202
2023-02-21,En ligne,E-commerce,Bricolage,Boîte à outils,3,83.21,0.1,224.67,44.01,271
2023-02-21,Lille,Magasin,Bricolage,Boîte à outils,3,83.21,0.0,249.63,68.97,69
2023-02-21,Lille,Magasin,Mode,Baskets ville,2,460.51,0.0,921.02,296.1,556
2023-02-21,Amiens,Magasin,Mode,Veste hiver,2,655.99,0.0,1311.98,648.16,548
2023-02-22,En ligne,E-commerce,Bricolage,Échelle alu,2,354.67,0.0,709.34,336.8,587
2023-02-22,Roubaix,Magasin,Électroménager,Cafetière,4,392.24,0.0,1568.96,858.24,579
2023-02-22,Roubaix,Magasin,Mode,Pull laine,2,884.49,0.05,1680.53,903.67,104
2023-02-22,En ligne,E-commerce,Électroménager,Robot cuiseur,3,249.97,0.0,749.91,275.76,432
2023-02-22,Lille,Magasin,Électroménager,Micro-ondes,1,453.16,0.0,453.16,171.56,306
2023-02-22,Dunkerque,Magasin,Sport,Haltères 10kg,3,98.3,0.0,294.9,128.1,534
2023-02-22,Lille,Magasin,Maison,Couette 220x240,1,224.09,0.0,224.09,90.39,570
2023-02-22,Roubaix,Magasin,Électroménager,Aspirateur,4,191.18,0.0,764.72,386.2,37
2023-02-22,Amiens,Magasin,Maison,Couette 220x240,5,224.09,0.0,1120.45,451.95,73
2023-02-22,Valenciennes,Magasin,Sport,Haltères 10kg,1,98.3,0.0,98.3,42.7,577
2023-02-22,Lille,Magasin,Bricolage,Échelle alu,3,354.67,0.0,1064.01,505.2,416
2023-02-22,Lille,Magasin,Électroménager,Bouilloire,1,726.04,0.0,726.04,392.3,300
2023-02-22,Dunkerque,Magasin,Électroménager,Aspirateur,2,191.18,0.0,382.36,193.1,556
2023-02-22,Lille,Magasin,Électroménager,Robot cuiseur,4,249.97,0.0,999.88,367.68,584
2023-02-22,Tourcoing,Magasin,Bricolage,Peinture 5L,3,609.0,0.05,1735.65,885.03,562
2023-02-22,Dunkerque,Magasin,Maison,Rideau occultant,1,101.21,0.0,101.21,44.89,431
2023-02-22,Dunkerque,Magasin,Électroménager,Cafetière,4,392.24,0.0,1568.96,858.24,471
2023-02-23,Amiens,Magasin,Bricolage,Échelle alu,2,354.67,0.0,709.34,336.8,441
2023-02-23,Valenciennes,Magasin,Électroménager,Aspirateur,2,191.18,0.0,382.36,193.1,567
2023-02-23,Lille,Magasin,Bricolage,Peinture 5L,2,609.0,0.0,1218.0,650.92,495
2023-02-23,Roubaix,Magasin,Mode,Veste hiver,1,655.99,0.0,655.99,324.08,428
2023-02-23,Amiens,Magasin,Bricolage,Perceuse,2,105.66,0.0,211.32,43.4,54
2023-02-23,Tourcoing,Magasin,Sport,Haltères 10kg,2,98.3,0.0,196.6,85.4,293
2023-02-23,Tourcoing,Magasin,Maison,Canapé 3 places,1,246.23,0.0,246.23,56.88,573
2023-02-23,Dunkerque,Magasin,Sport,Ballon foot,1,100.1,0.0,100.1,57.9,437
2023-02-23,Roubaix,Magasin,Électroménager,Cafetière,3,392.24,0.0,1176.72,643.68,467
2023-02-23,Tourcoing,Magasin,Bricolage,Boîte à outils,2,83.21,0.0,166.42,45.98,168
2023-02-23,Dunkerque,Magasin,Sport,Vélo VTT,2,545.21,0.0,1090.42,469.0,177
2023-02-23,Roubaix,Magasin,Sport,Maillot bain,2,350.77,0.0,701.54,398.6,26
2023-02-23,Tourcoing,Magasin,Électroménager,Réfrigérateur,2,387.37,0.0,774.74,225.56,412
2023-02-23,En ligne,E-commerce,Sport,Tapis yoga,1,658.36,0.0,658.36,352.71,376
2023-02-23,Amiens,Magasin,Mode,T-shirt coton,3,504.67,0.0,1514.01,600.69,418
2023-02-23,Tourcoing,Magasin,Maison,Canapé 3 places,1,246.23,0.05,233.92,44.57,235
2023-02-23,En ligne,E-commerce,Maison,Canapé 3 places,1,246.23,0.0,246.23,56.88,377
2023-02-23,Tourcoing,Magasin,Maison,Lampe LED,1,134.22,0.2,107.38,41.44,74
2023-02-24,Tourcoing,Magasin,Bricolage,Peinture 5L,3,609.0,0.0,1827.0,976.38,243
2023-02-24,Lille,Magasin,Bricolage,Perceuse,3,105.66,0.0,316.98,65.1,400
2023-02-24,Lille,Magasin,Maison,Lampe LED,3,134.22,0.0,402.66,204.84,150
2023-02-24,En ligne,E-commerce,Mode,T-shirt coton,2,504.67,0.0,1009.34,400.46,283
2023-02-24,Tourcoing,Magasin,Bricolage,Échelle alu,2,354.67,0.0,709.34,336.8,211
2023-02-24,En ligne,E-commerce,Bricolage,Peinture 5L,1,609.0,0.0,609.0,325.46,61
2023-02-24,Lille,Magasin,Bricolage,Perceuse,1,105.66,0.0,105.66,21.7,479
2023-02-24,En ligne,E-commerce,Électroménager,Micro-ondes,3,453.16,0.0,1359.48,514.68,315
2023-02-24,Dunkerque,Magasin,Sport,Ballon foot,3,100.1,0.0,300.3,173.7,290
2023-02-24,En ligne,E-commerce,Maison,Canapé 3 places,5,246.23,0.0,1231.15,284.4,173
2023-02-24,Valenciennes,Magasin,Électroménager,Micro-ondes,2,453.16,0.05,861.0,297.8,79
2023-02-24,Lille,Magasin,Maison,Couette 220x240,5,224.09,0.0,1120.45,451.95,517
2023-02-24,En ligne,E-commerce,Sport,Tapis yoga,3,658.36,0.0,1975.08,1058.13,422
2023-02-24,En ligne,E-commerce,Sport,Maillot bain,3,350.77,0.0,1052.31,597.9,355
2023-02-24,Lille,Magasin,Sport,Haltères 10kg,2,98.3,0.05,186.77,75.57,118
2023-02-24,Lille,Magasin,Mode,T-shirt coton,3,504.67,0.0,1514.01,600.69,163
2023-02-24,Roubaix,Magasin,Maison,Set casseroles,3,706.85,0.0,2120.55,1223.01,182
2023-02-25,Dunkerque,Magasin,Maison,Couette 220x240,4,224.09,0.0,896.36,361.56,354
2023-02-25,Roubaix,Magasin,Sport,Maillot bain,2,350.77,0.0,701.54,398.6,463
2023-02-25,Dunkerque,Magasin,Électroménager,Robot cuiseur,4,249.97,0.0,999.88,367.68,217
2023-02-25,Dunkerque,Magasin,Bricolage,Échelle alu,1,354.67,0.1,319.2,132.93,368
2023-02-25,Dunkerque,Magasin,Électroménager,Robot cuiseur,2,249.97,0.0,499.94,183.84,237
2023-02-25,Roubaix,Magasin,Électroménager,Robot cuiseur,2,249.97,0.05,474.94,158.84,497
2023-02-25,En ligne,E-commerce,Sport,Vélo VTT,2,545.21,0.0,1090.42,469.0,589
2023-02-25,Valenciennes,Magasin,Sport,Haltères 10kg,2,98.3,0.0,196.6,85.4,378
2023-02-25,Lille,Magasin,Sport,Chaussures running,3,569.53,0.0,1708.59,930.6,571
2023-02-25,Lille,Magasin,Électroménager,Aspirateur,3,191.18,0.0,573.54,289.65,424
2023-02-25,Valenciennes,Magasin,Électroménager,Cafetière,3,392.24,0.0,1176.72,643.68,548
2023-02-26,En ligne,E-commerce,Maison,Canapé 3 places,2,246.23,0.0,492.46,113.76,446
2023-02-26,Lille,Magasin,Mode,T-shirt coton,4,504.67,0.0,2018.68,800.92,89
2023-02-26,Tourcoing,Magasin,Sport,Chaussures running,1,569.53,0.05,541.05,281.72,25
2023-02-26,En ligne,E-commerce,Maison,Canapé 3 places,3,246.23,0.0,738.69,170.64,293
2023-02-26,Tourcoing,Magasin,Électroménager,Micro-ondes,3,453.16,0.0,1359.48,514.68,170
2023-02-26,Amiens,Magasin,Maison,Rideau occultant,2,101.21,0.0,202.42,89.78,294
2023-02-26,Roubaix,Magasin,Mode,Pull laine,5,884.49,0.0,4422.45,2480.3,441
2023-02-26,Dunkerque,Magasin,Électroménager,Robot cuiseur,2,249.97,0.05,474.94,158.84,165
2023-02-26,Amiens,Magasin,Sport,Maillot bain,4,350.77,0.0,1403.08,797.2,234
2023-02-26,Amiens,Magasin,Électroménager,Robot cuiseur,4,249.97,0.0,999.88,367.68,352
2023-02-26,Amiens,Magasin,Maison,Set casseroles,4,706.85,0.0,2827.4,1630.68,433
2023-02-26,Tourcoing,Magasin,Électroménager,Robot cuiseur,3,249.97,0.0,749.91,275.76,140
2023-02-26,Lille,Magasin,Bricolage,Boîte à outils,4,83.21,0.05,316.2,75.32,252
2023-02-26,Lille,Magasin,Maison,Couette 220x240,3,224.09,0.0,672.27,271.17,63
2023-02-26,Dunkerque,Magasin,Sport,Ballon foot,1,100.1,0.0,100.1,57.9,359
2023-02-27,Amiens,Magasin,Sport,Vélo VTT,3,545.21,0.0,1635.63,703.5,162
2023-02-27,En ligne,E-commerce,Électroménager,Aspirateur,4,191.18,0.0,764.72,386.2,100
2023-02-27,Lille,Magasin,Maison,Étagère bois,1,279.59,0.1,251.63,61.16,272
2023-02-27,Valenciennes,Magasin,Sport,Vélo VTT,4,545.21,0.0,2180.84,938.0,535
2023-02-27,En ligne,E-commerce,Sport,Chaussures running,2,569.53,0.2,911.25,392.59,438
2023-02-27,Roubaix,Magasin,Mode,Veste hiver,5,655.99,0.0,3279.95,1620.4,59
2023-02-27,Dunkerque,Magasin,Maison,Set casseroles,3,706.85,0.1,1908.5,1010.96,254
2023-02-27,En ligne,E-commerce,Sport,Chaussures running,2,569.53,0.0,1139.06,620.4,567
2023-02-27,Roubaix,Magasin,Maison,Canapé 3 places,4,246.23,0.0,984.92,227.52,375
2023-02-27,Roubaix,Magasin,Mode,Veste hiver,3,655.99,0.0,1967.97,972.24,537
2023-02-27,Tourcoing,Magasin,Mode,Pull laine,3,884.49,0.0,2653.47,1488.18,51
2023-02-27,Lille,Magasin,Maison,Set casseroles,1,706.85,0.0,706.85,407.67,441
2023-02-27,Roubaix,Magasin,Bricolage,Boîte à outils,3,83.21,0.0,249.63,68.97,454
2023-02-27,Roubaix,Magasin,Maison,Canapé 3 places,1,246.23,0.0,246.23,56.88,470
2023-02-27,Amiens,Magasin,Mode,Baskets ville,3,460.51,0.0,1381.53,444.15,271
2023-02-27,Valenciennes,Magasin,Sport,Maillot bain,1,350.77,0.0,350.77,199.3,289
2023-02-27,En ligne,E-commerce,Mode,Baskets ville,2,460.51,0.0,921.02,296.1,354
2023-02-27,Tourcoing,Magasin,Électroménager,Robot cuiseur,3,249.97,0.0,749.91,275.76,516
2023-02-27,Roubaix,Magasin,Bricolage,Peinture 5L,3,609.0,0.0,1827.0,976.38,407
2023-02-28,Valenciennes,Magasin,Mode,Jean homme,2,272.27,0.0,544.54,184.24,43
2023-02-28,Tourcoing,Magasin,Sport,Vélo VTT,3,545.21,0.1,1472.07,539.94,351
2023-02-28,Roubaix,Magasin,Sport,Vélo VTT,1,545.21,0.0,545.21,234.5,173
2023-02-28,Dunkerque,Magasin,Mode,Veste hiver,2,655.99,0.0,1311.98,648.16,480
2023-02-28,En ligne,E-commerce,Sport,Maillot bain,1,350.77,0.2,280.62,129.15,73
2023-02-28,En ligne,E-commerce,Mode,Pull laine,2,884.49,0.05,1680.53,903.67,22
2023-02-28,Dunkerque,Magasin,Sport,Tapis yoga,3,658.36,0.05,1876.33,959.38,14
2023-02-28,En ligne,E-commerce,Maison,Couette 220x240,1,224.09,0.0,224.09,90.39,39
2023-02-28,Dunkerque,Magasin,Bricolage,Boîte à outils,1,83.21,0.05,79.05,18.83,515
2023-02-28,Tourcoing,Magasin,Électroménager,Réfrigérateur,2,387.37,0.0,774.74,225.56,250
2023-02-28,Amiens,Magasin,Bricolage,Échelle alu,2,354.67,0.1,638.41,265.87,481
2023-02-28,Roubaix,Magasin,Mode,Pull laine,1,884.49,0.0,884.49,496.06,138
2023-02-28,Amiens,Magasin,Mode,T-shirt coton,1,504.67,0.0,504.67,200.23,121
2023-02-28,Amiens,Magasin,Bricolage,Échelle alu,1,354.67,0.05,336.94,150.67,46
2023-02-28,Dunkerque,Magasin,Mode,Baskets ville,1,460.51,0.0,460.51,148.05,152
2023-02-28,Amiens,Magasin,Mode,Baskets ville,2,460.51,0.0,921.02,296.1,42
2023-02-28,Lille,Magasin,Sport,Maillot bain,1,350.77,0.0,350.77,199.3,514
2023-02-28,Lille,Magasin,Mode,Robe été,2,296.52,0.1,533.74,85.62,96
2023-02-28,Valenciennes,Magasin,Sport,Vélo VTT,1,545.21,0.05,517.95,207.24,461
2023-02-28,Lille,Magasin,Électroménager,Cafetière,2,392.24,0.0,784.48,429.12,401
2023-03-01,Dunkerque,Magasin,Maison,Set casseroles,3,706.85,0.0,2120.55,1223.01,109
2023-03-01,Lille,Magasin,Bricolage,Échelle alu,5,354.67,0.0,1773.35,842.0,500
2023-03-01,Dunkerque,Magasin,Mode,T-shirt coton,2,504.67,0.0,1009.34,400.46,441
2023-03-01,Lille,Magasin,Bricolage,Perceuse,6,105.66,0.0,633.96,130.2,128
2023-03-01,Lille,Magasin,Maison,Lampe LED,3,134.22,0.05,382.53,184.71,100
2023-03-01,Roubaix,Magasin,Électroménager,Aspirateur,2,191.18,0.0,382.36,193.1,410
2023-03-01,Valenciennes,Magasin,Maison,Lampe LED,4,134.22,0.0,536.88,273.12,247
2023-03-01,Lille,Magasin,Maison,Rideau occultant,3,101.21,0.0,303.63,134.67,401
2023-03-01,Amiens,Magasin,Bricolage,Tournevis set,3,636.28,0.0,1908.84,961.32,577
2023-03-01,Tourcoing,Magasin,Bricolage,Tournevis set,3,636.28,0.0,1908.84,961.32,543
2023-03-01,Amiens,Magasin,Mode,Pull laine,3,884.49,0.0,2653.47,1488.18,392
2023-03-01,En ligne,E-commerce,Sport,Haltères 10kg,1,98.3,0.1,88.47,32.87,255
2023-03-01,Roubaix,Magasin,Mode,Robe été,3,296.52,0.0,889.56,217.38,315
2023-03-01,Lille,Magasin,Électroménager,Robot cuiseur,1,249.97,0.05,237.47,79.42,78
2023-03-02,Lille,Magasin,Électroménager,Réfrigérateur,1,387.37,0.0,387.37,112.78,210
2023-03-02,Tourcoing,Magasin,Sport,Raquette tennis,2,706.19,0.0,1412.38,724.08,22
2023-03-02,Tourcoing,Magasin,Maison,Set casseroles,6,706.85,0.0,4241.1,2446.02,112
2023-03-02,Roubaix,Magasin,Bricolage,Perceuse,2,105.66,0.0,211.32,43.4,409
2023-03-02,Amiens,Magasin,Mode,Robe été,3,296.52,0.0,889.56,217.38,208
2023-03-02,Lille,Magasin,Sport,Raquette tennis,3,706.19,0.0,2118.57,1086.12,372
2023-03-02,En ligne,E-commerce,Électroménager,Cafetière,4,392.24,0.0,1568.96,858.24,436
2023-03-02,En ligne,E-commerce,Bricolage,Tournevis set,2,636.28,0.0,1272.56,640.88,7
2023-03-02,Tourcoing,Magasin,Mode,Robe été,1,296.52,0.0,296.52,72.46,388
2023-03-02,Tourcoing,Magasin,Électroménager,Robot cuiseur,4,249.97,0.0,999.88,367.68,104
2023-03-02,Roubaix,Magasin,Maison,Étagère bois,5,279.59,0.0,1397.95,445.6,279
2023-03-02,Amiens,Magasin,Sport,Ballon foot,3,100.1,0.0,300.3,173.7,88
2023-03-03,Roubaix,Magasin,Sport,Haltères 10kg,1,98.3,0.05,93.38,37.78,257
2023-03-03,Valenciennes,Magasin,Bricolage,Boîte à outils,2,83.21,0.0,166.42,45.98,266
2023-03-03,Roubaix,Magasin,Maison,Canapé 3 places,2,246.23,0.0,492.46,113.76,371
2023-03-03,Lille,Magasin,Sport,Raquette tennis,2,706.19,0.0,1412.38,724.08,68
2023-03-03,Lille,Magasin,Mode,Veste hiver,2,655.99,0.0,1311.98,648.16,30
2023-03-03,Lille,Magasin,Mode,Veste hiver,1,655.99,0.0,655.99,324.08,541
2023-03-03,Roubaix,Magasin,Bricolage,Échelle alu,4,354.67,0.0,1418.68,673.6,456
2023-03-03,Tourcoing,Magasin,Sport,Haltères 10kg,1,98.3,0.0,98.3,42.7,122
2023-03-03,Lille,Magasin,Bricolage,Boîte à outils,3,83.21,0.0,249.63,68.97,16
2023-03-03,Lille,Magasin,Mode,Baskets ville,2,460.51,0.0,921.02,296.1,325
2023-03-03,Roubaix,Magasin,Maison,Canapé 3 places,2,246.23,0.0,492.46,113.76,299
2023-03-03,En ligne,E-commerce,Sport,Vélo VTT,4,545.21,0.0,2180.84,938.0,98
2023-03-03,Roubaix,Magasin,Sport,Vélo VTT,2,545.21,0.0,1090.42,469.0,518
2023-03-03,Dunkerque,Magasin,Bricolage,Peinture 5L,2,609.0,0.0,1218.0,650.92,596
2023-03-04,Amiens,Magasin,Sport,Maillot bain,1,350.77,0.05,333.23,181.76,104
2023-03-04,Roubaix,Magasin,Électroménager,Cafetière,3,392.24,0.05,1117.88,584.84,189
2023-03-04,Roubaix,Magasin,Sport,Vélo VTT,3,545.21,0.0,1635.63,703.5,408
2023-03-04,Lille,Magasin,Maison,Rideau occultant,1,101.21,0.0,101.21,44.89,512
2023-03-04,Valenciennes,Magasin,Sport,Ballon foot,4,100.1,0.0,400.4,231.6,135
2023-03-04,Roubaix,Magasin,Maison,Étagère bois,1,279.59,0.05,265.61,75.14,475
2023-03-04,Amiens,Magasin,Maison,Étagère bois,3,279.59,0.0,838.77,267.36,342
2023-03-04,Tourcoing,Magasin,Maison,Set casseroles,1,706.85,0.0,706.85,407.67,540
2023-03-04,Dunkerque,Magasin,Sport,Tapis yoga,3,658.36,0.2,1580.06,663.11,3
2023-03-04,Lille,Magasin,Maison,Set casseroles,5,706.85,0.0,3534.25,2038.35,248
2023-03-04,Lille,Magasin,Sport,Raquette tennis,2,706.19,0.0,1412.38,724.08,158
2023-03-04,Lille,Magasin,Mode,Jean homme,3,272.27,0.0,816.81,276.36,257
2023-03-04,Valenciennes,Magasin,Sport,Vélo VTT,4,545.21,0.2,1744.67,501.83,431
2023-03-04,Tourcoing,Magasin,Électroménager,Robot cuiseur,3,249.97,0.0,749.91,275.76,413
2023-03-04,Tourcoing,Magasin,Bricolage,Boîte à outils,3,83.21,0.0,249.63,68.97,597
2023-03-04,Amiens,Magasin,Bricolage,Échelle alu,2,354.67,0.0,709.34,336.8,325
2023-03-04,Roubaix,Magasin,Sport,Haltères 10kg,2,98.3,0.05,186.77,75.57,263
2023-03-04,Lille,Magasin,Mode,Robe été,2,296.52,0.0,593.04,144.92,362
2023-03-05,Lille,Magasin,Bricolage,Échelle alu,4,354.67,0.2,1134.94,389.86,432
2023-03-05,Amiens,Magasin,Mode,Robe été,5,296.52,0.0,1482.6,362.3,461
2023-03-05,En ligne,E-commerce,Électroménager,Bouilloire,3,726.04,0.0,2178.12,1176.9,230
2023-03-05,Lille,Magasin,Maison,Rideau occultant,4,101.21,0.0,404.84,179.56,550
2023-03-05,Lille,Magasin,Bricolage,Peinture 5L,3,609.0,0.0,1827.0,976.38,343
2023-03-05,Roubaix,Magasin,Électroménager,Aspirateur,2,191.18,0.0,382.36,193.1,594
2023-03-05,Roubaix,Magasin,Maison,Couette 220x240,5,224.09,0.05,1064.43,395.93,368
2023-03-05,Lille,Magasin,Bricolage,Échelle alu,2,354.67,0.0,709.34,336.8,11
2023-03-05,Tourcoing,Magasin,Bricolage,Boîte à outils,1,83.21,0.0,83.21,22.99,481
2023-03-05,Roubaix,Magasin,Mode,T-shirt coton,2,504.67,0.0,1009.34,400.46,514
2023-03-05,Lille,Magasin,Bricolage,Tournevis set,5,636.28,0.0,3181.4,1602.2,248
2023-03-05,Valenciennes,Magasin,Mode,Robe été,1,296.52,0.05,281.69,57.63,30
2023-03-05,Roubaix,Magasin,Bricolage,Boîte à outils,1,83.21,0.0,83.21,22.99,500
2023-03-05,Lille,Magasin,Bricolage,Peinture 5L,4,609.0,0.0,2436.0,1301.84,287
2023-03-05,Lille,Magasin,Sport,Haltères 10kg,1,98.3,0.05,93.38,37.78,74
2023-03-05,Amiens,Magasin,Sport,Ballon foot,1,100.1,0.1,90.09,47.89,63
2023-03-05,Dunkerque,Magasin,Mode,Veste hiver,1,655.99,0.0,655.99,324.08,257
2023-03-05,Amiens,Magasin,Mode,Robe été,1,296.52,0.0,296.52,72.46,95
2023-03-05,Roubaix,Magasin,Sport,Chaussures running,1,569.53,0.0,569.53,310.2,441
2023-03-05,En ligne,E-commerce,Maison,Set casseroles,1,706.85,0.0,706.85,407.67,544
2023-03-05,Lille,Magasin,Sport,Maillot bain,2,350.77,0.0,701.54,398.6,62
2023-03-06,En ligne,E-commerce,Sport,Vélo VTT,5,545.21,0.0,2726.05,1172.5,122
2023-03-06,Roubaix,Magasin,Sport,Haltères 10kg,3,98.3,0.05,280.15,113.35,191
2023-03-06,En ligne,E-commerce,Mode,Jean homme,4,272.27,0.0,1089.08,368.48,11
2023-03-06,Valenciennes,Magasin,Bricolage,Peinture 5L,1,609.0,0.0,609.0,325.46,448
2023-03-06,Dunkerque,Magasin,Sport,Tapis yoga,1,658.36,0.1,592.52,286.87,377
2023-03-06,Amiens,Magasin,Sport,Raquette tennis,3,706.19,0.0,2118.57,1086.12,130
2023-03-06,Lille,Magasin,Sport,Ballon foot,2,100.1,0.0,200.2,115.8,575
2023-03-06,Amiens,Magasin,Sport,Haltères 10kg,1,98.3,0.0,98.3,42.7,437
2023-03-06,En ligne,E-commerce,Maison,Lampe LED,4,134.22,0.0,536.88,273.12,401
2023-03-06,Tourcoing,Magasin,Maison,Rideau occultant,3,101.21,0.2,242.9,73.94,371
2023-03-06,Roubaix,Magasin,Bricolage,Boîte à outils,2,83.21,0.0,166.42,45.98,363
2023-03-06,Lille,Magasin,Sport,Chaussures running,2,569.53,0.0,1139.06,620.4,549
2023-03-06,Roubaix,Magasin,Mode,T-shirt coton,3,504.67,0.05,1438.31,524.99,314
2023-03-06,Lille,Magasin,Électroménager,Aspirateur,2,191.18,0.1,344.12,154.86,404
2023-03-06,Roubaix,Magasin,Mode,Pull laine,1,884.49,0.0,884.49,496.06,13
2023-03-06,Lille,Magasin,Électroménager,Bouilloire,2,726.04,0.1,1306.87,639.39,538
2023-03-07,Valenciennes,Magasin,Bricolage,Tournevis set,1,636.28,0.0,636.28,320.44,366
2023-03-07,Amiens,Magasin,Sport,Tapis yoga,1,658.36,0.0,658.36,352.71,248
2023-03-07,Amiens,Magasin,Mode,Veste hiver,1,655.99,0.0,655.99,324.08,204
2023-03-07,Valenciennes,Magasin,Mode,Baskets ville,3,460.51,0.05,1312.45,375.07,488
2023-03-07,Lille,Magasin,Bricolage,Boîte à outils,3,83.21,0.0,249.63,68.97,530
2023-03-07,Dunkerque,Magasin,Sport,Vélo VTT,4,545.21,0.1,1962.76,719.92,600
2023-03-07,En ligne,E-commerce,Mode,T-shirt coton,2,504.67,0.0,1009.34,400.46,214
2023-03-07,Lille,Magasin,Mode,Baskets ville,3,460.51,0.0,1381.53,444.15,331
2023-03-07,Lille,Magasin,Électroménager,Réfrigérateur,1,387.37,0.05,368.0,93.41,506
2023-03-07,Tourcoing,Magasin,Sport,Vélo VTT,3,545.21,0.0,1635.63,703.5,40
2023-03-07,Roubaix,Magasin,Électroménager,Micro-ondes,3,453.16,0.0,1359.48,514.68,555
2023-03-07,Amiens,Magasin,Électroménager,Aspirateur,2,191.18,0.0,382.36,193.1,109
2023-03-07,Roubaix,Magasin,Mode,T-shirt coton,1,504.67,0.0,504.67,200.23,266
2023-03-07,Amiens,Magasin,Bricolage,Boîte à outils,3,83.21,0.0,249.63,68.97,502
2023-03-08,Tourcoing,Magasin,Maison,Set casseroles,2,706.85,0.0,1413.7,815.34,511
2023-03-08,Valenciennes,Magasin,Mode,Pull laine,4,884.49,0.0,3537.96,1984.24,478
2023-03-08,En ligne,E-commerce,Mode,Jean homme,1,272.27,0.0,272.27,92.12,279
2023-03-08,Lille,Magasin,Mode,Jean homme,4,272.27,0.0,1089.08,368.48,508
2023-03-08,Lille,Magasin,Maison,Étagère bois,2,279.59,0.1,503.26,122.32,7
2023-03-08,En ligne,E-commerce,Maison,Rideau occultant,3,101.21,0.0,303.63,134.67,341
2023-03-08,En ligne,E-commerce,Maison,Canapé 3 places,3,246.23,0.0,738.69,170.64,319
2023-03-08,Roubaix,Magasin,Maison,Couette 220x240,3,224.09,0.05,638.66,237.56,93
2023-03-08,Dunkerque,Magasin,Maison,Rideau occultant,3,101.21,0.0,303.63,134.67,433
2023-03-08,Roubaix,Magasin,Sport,Maillot bain,2,350.77,0.0,701.54,398.6,578
2023-03-08,Lille,Magasin,Mode,Pull laine,4,884.49,0.0,3537.96,1984.24,30
2023-03-09,Lille,Magasin,Électroménager,Aspirateur,5,191.18,0.0,955.9,482.75,495
2023-03-09,En ligne,E-commerce,Bricolage,Échelle alu,4,354.67,0.0,1418.68,673.6,245
2023-03-09,Lille,Magasin,Mode,Pull laine,2,884.49,0.0,1768.98,992.12,14
2023-03-09,Dunkerque,Magasin,Bricolage,Peinture 5L,3,609.0,0.0,1827.0,976.38,119
2023-03-09,Amiens,Magasin,Maison,Couette 220x240,3,224.09,0.05,638.66,237.56,127
2023-03-09,Dunkerque,Magasin,Sport,Vélo VTT,1,545.21,0.2,436.17,125.46,299
2023-03-09,Tourcoing,Magasin,Maison,Couette 220x240,5,224.09,0.0,1120.45,451.95,598
2023-03-09,Valenciennes,Magasin,Maison,Set casseroles,4,706.85,0.0,2827.4,1630.68,153
2023-03-09,Amiens,Magasin,Maison,Canapé 3 places,3,246.23,0.05,701.76,133.71,563
2023-03-09,Lille,Magasin,Bricolage,Échelle alu,3,354.67,0.0,1064.01,505.2,406
2023-03-09,Amiens,Magasin,Électroménager,Réfrigérateur,3,387.37,0.0,1162.11,338.34,327
2023-03-09,Amiens,Magasin,Électroménager,Réfrigérateur,3,387.37,0.0,1162.11,338.34,525
2023-03-09,Dunkerque,Magasin,Maison,Étagère bois,1,279.59,0.0,279.59,89.12,481
2023-03-09,En ligne,E-commerce,Sport,Chaussures running,4,569.53,0.0,2278.12,1240.8,53
2023-03-09,Roubaix,Magasin,Électroménager,Bouilloire,4,726.04,0.0,2904.16,1569.2,92
2023-03-09,Tourcoing,Magasin,Maison,Étagère bois,1,279.59,0.0,279.59,89.12,64
2023-03-09,Lille,Magasin,Bricolage,Échelle alu,3,354.67,0.0,1064.01,505.2,581
2023-03-09,Roubaix,Magasin,Sport,Vélo VTT,1,545.21,0.0,545.21,234.5,278
2023-03-10,Tourcoing,Magasin,Sport,Maillot bain,2,350.77,0.05,666.46,363.52,119
2023-03-10,Amiens,Magasin,Sport,Vélo VTT,4,545.21,0.0,2180.84,938.0,488
2023-03-10,Lille,Magasin,Bricolage,Échelle alu,2,354.67,0.0,709.34,336.8,158
2023-03-10,Tourcoing,Magasin,Bricolage,Peinture 5L,3,609.0,0.0,1827.0,976.38,329
2023-03-10,Lille,Magasin,Sport,Maillot bain,1,350.77,0.0,350.77,199.3,89
2023-03-10,Dunkerque,Magasin,Électroménager,Robot cuiseur,2,249.97,0.2,399.95,83.85,260
2023-03-10,Roubaix,Magasin,Électroménager,Micro-ondes,4,453.16,0.0,1812.64,686.24,222
2023-03-10,Amiens,Magasin,Électroménager,Micro-ondes,3,453.16,0.0,1359.48,514.68,439
2023-03-10,Tourcoing,Magasin,Maison,Canapé 3 places,2,246.23,0.0,492.46,113.76,475
2023-03-10,Lille,Magasin,Maison,Couette 220x240,5,224.09,0.0,1120.45,451.95,411
2023-03-10,Tourcoing,Magasin,Électroménager,Robot cuiseur,3,249.97,0.0,749.91,275.76,387
2023-03-10,Dunkerque,Magasin,Électroménager,Aspirateur,2,191.18,0.0,382.36,193.1,404
2023-03-10,Lille,Magasin,Mode,Veste hiver,2,655.99,0.0,1311.98,648.16,150
2023-03-10,Lille,Magasin,Mode,Jean homme,6,272.27,0.0,1633.62,552.72,331
2023-03-11,Tourcoing,Magasin,Sport,Ballon foot,3,100.1,0.0,300.3,173.7,554
2023-03-11,Roubaix,Magasin,Mode,Robe été,6,296.52,0.0,1779.12,434.76,44
2023-03-11,En ligne,E-commerce,Bricolage,Tournevis set,3,636.28,0.0,1908.84,961.32,183
2023-03-11,Dunkerque,Magasin,Électroménager,Cafetière,3,392.24,0.0,1176.72,643.68,561
2023-03-11,Roubaix,Magasin,Électroménager,Micro-ondes,1,453.16,0.0,453.16,171.56,236
2023-03-11,Amiens,Magasin,Sport,Vélo VTT,3,545.21,0.2,1308.5,376.37,466
2023-03-11,Lille,Magasin,Électroménager,Bouilloire,2,726.04,0.0,1452.08,784.6,68
2023-03-11,Lille,Magasin,Bricolage,Perceuse,1,105.66,0.2,84.53,0.57,155
2023-03-11,Lille,Magasin,Électroménager,Bouilloire,3,726.04,0.0,2178.12,1176.9,211
2023-03-11,En ligne,E-commerce,Mode,Robe été,3,296.52,0.0,889.56,217.38,397
2023-03-11,En ligne,E-commerce,Maison,Set casseroles,2,706.85,0.1,1272.33,673.97,363
2023-03-11,Amiens,Magasin,Électroménager,Bouilloire,3,726.04,0.0,2178.12,1176.9,273
2023-03-11,Valenciennes,Magasin,Maison,Canapé 3 places,2,246.23,0.0,492.46,113.76,199
2023-03-11,Lille,Magasin,Mode,Veste hiver,4,655.99,0.1,2361.56,1033.92,42
2023-03-11,En ligne,E-commerce,Bricolage,Perceuse,2,105.66,0.0,211.32,43.4,105
2023-03-11,Lille,Magasin,Bricolage,Perceuse,3,105.66,0.0,316.98,65.1,292
2023-03-11,Valenciennes,Magasin,Maison,Lampe LED,1,134.22,0.0,134.22,68.28,453
2023-03-12,Lille,Magasin,Sport,Vélo VTT,1,545.21,0.1,490.69,179.98,54
2023-03-12,Lille,Magasin,Mode,Pull laine,1,884.49,0.0,884.49,496.06,404
2023-03-12,Dunkerque,Magasin,Bricolage,Boîte à outils,3,83.21,0.0,249.63,68.97,160
2023-03-12,En ligne,E-commerce,Maison,Couette 220x240,4,224.09,0.0,896.36,361.56,173
2023-03-12,En ligne,E-commerce,Maison,Lampe LED,3,134.22,0.0,402.66,204.84,491
2023-03-12,Valenciennes,Magasin,Électroménager,Réfrigérateur,2,387.37,0.0,774.74,225.56,223
2023-03-12,Lille,Magasin,Maison,Couette 220x240,4,224.09,0.0,896.36,361.56,448
2023-03-12,Dunkerque,Magasin,Bricolage,Perceuse,1,105.66,0.1,95.09,11.13,244
2023-03-12,Amiens,Magasin,Bricolage,Échelle alu,2,354.67,0.0,709.34,336.8,283
2023-03-12,Lille,Magasin,Bricolage,Boîte à outils,1,83.21,0.0,83.21,22.99,227
2023-03-12,Valenciennes,Magasin,Maison,Set casseroles,5,706.85,0.0,3534.25,2038.35,266
2023-03-12,Roubaix,Magasin,Électroménager,Robot cuiseur,5,249.97,0.0,1249.85,459.6,306
2023-03-12,Lille,Magasin,Sport,Maillot bain,1,350.77,0.0,350.77,199.3,316
2023-03-12,Amiens,Magasin,Sport,Ballon foot,1,100.1,0.2,80.08,37.88,34
2023-03-12,Lille,Magasin,Bricolage,Échelle alu,3,354.67,0.0,1064.01,505.2,239
2023-03-12,Amiens,Magasin,Sport,Tapis yoga,1,658.36,0.0,658.36,352.71,350
2023-03-12,Amiens,Magasin,Mode,Pull laine,5,884.49,0.0,4422.45,2480.3,581
2023-03-12,Amiens,Magasin,Électroménager,Bouilloire,3,726.04,0.1,1960.31,959.09,145
2023-03-12,Lille,Magasin,Maison,Rideau occultant,2,101.21,0.0,202.42,89.78,220
2023-03-13,Dunkerque,Magasin,Mode,Baskets ville,1,460.51,0.0,460.51,148.05,287
2023-03-13,Dunkerque,Magasin,Sport,Tapis yoga,3,658.36,0.05,1876.33,959.38,322
2023-03-13,En ligne,E-commerce,Sport,Vélo VTT,2,545.21,0.0,1090.42,469.0,349
2023-03-13,Valenciennes,Magasin,Mode,Baskets ville,1,460.51,0.0,460.51,148.05,198
2023-03-13,En ligne,E-commerce,Sport,Ballon foot,2,100.1,0.0,200.2,115.8,221
2023-03-13,Roubaix,Magasin,Bricolage,Échelle alu,1,354.67,0.0,354.67,168.4,563
2023-03-13,Amiens,Magasin,Mode,Veste hiver,1,655.99,0.0,655.99,324.08,580
2023-03-13,Roubaix,Magasin,Maison,Étagère bois,2,279.59,0.05,531.22,150.28,169
2023-03-13,Dunkerque,Magasin,Électroménager,Robot cuiseur,4,249.97,0.0,999.88,367.68,78
2023-03-13,Valenciennes,Magasin,Électroménager,Aspirateur,3,191.18,0.05,544.86,260.97,552
2023-03-13,Roubaix,Magasin,Mode,Baskets ville,1,460.51,0.0,460.51,148.05,444
2023-03-13,Valenciennes,Magasin,Maison,Étagère bois,2,279.59,0.0,559.18,178.24,477
2023-03-13,Roubaix,Magasin,Mode,Pull laine,2,884.49,0.0,1768.98,992.12,15
2023-03-14,Amiens,Magasin,Mode,Baskets ville,2,460.51,0.0,921.02,296.1,355
2023-03-14,Valenciennes,Magasin,Maison,Canapé 3 places,4,246.23,0.05,935.67,178.27,587
2023-03-14,Roubaix,Magasin,Sport,Ballon foot,4,100.1,0.0,400.4,231.6,3
2023-03-14,Valenciennes,Magasin,Mode,Jean homme,3,272.27,0.0,816.81,276.36,34
2023-03-14,Tourcoing,Magasin,Bricolage,Peinture 5L,1,609.0,0.0,609.0,325.46,307
2023-03-14,Roubaix,Magasin,Sport,Chaussures running,2,569.53,0.0,1139.06,620.4,165
2023-03-14,Tourcoing,Magasin,Bricolage,Perceuse,1,105.66,0.2,84.53,0.57,194
2023-03-14,Amiens,Magasin,Bricolage,Tournevis set,3,636.28,0.0,1908.84,961.32,549
2023-03-14,En ligne,E-commerce,Sport,Ballon foot,4,100.1,0.0,400.4,231.6,70
2023-03-14,Dunkerque,Magasin,Maison,Canapé 3 places,2,246.23,0.0,492.46,113.76,161
2023-03-14,Amiens,Magasin,Électroménager,Aspirateur,3,191.18,0.2,458.83,174.94,95
2023-03-14,Roubaix,Magasin,Bricolage,Échelle alu,2,354.67,0.0,709.34,336.8,243
2023-03-14,Dunkerque,Magasin,Électroménager,Cafetière,5,392.24,0.0,1961.2,1072.8,199
2023-03-15,Dunkerque,Magasin,Maison,Canapé 3 places,6,246.23,0.0,1477.38,341.28,562
2023-03-15,En ligne,E-commerce,Mode,Robe été,2,296.52,0.0,593.04,144.92,528
2023-03-15,Roubaix,Magasin,Sport,Maillot bain,1,350.77,0.0,350.77,199.3,15
2023-03-15,Dunkerque,Magasin,Sport,Maillot bain,5,350.77,0.1,1578.46,821.11,529
2023-03-15,Lille,Magasin,Sport,Chaussures running,2,569.53,0.0,1139.06,620.4,102
2023-03-15,Roubaix,Magasin,Bricolage,Tournevis set,2,636.28,0.0,1272.56,640.88,564
2023-03-15,Lille,Magasin,Sport,Tapis yoga,3,658.36,0.0,1975.08,1058.13,151
2023-03-15,Amiens,Magasin,Mode,Robe été,1,296.52,0.05,281.69,57.63,500
2023-03-15,Dunkerque,Magasin,Maison,Couette 220x240,3,224.09,0.1,605.04,203.94,183
2023-03-15,Amiens,Magasin,Électroménager,Cafetière,3,392.24,0.0,1176.72,643.68,473
2023-03-15,Dunkerque,Magasin,Électroménager,Micro-ondes,3,453.16,0.0,1359.48,514.68,53
2023-03-15,Roubaix,Magasin,Électroménager,Bouilloire,4,726.04,0.0,2904.16,1569.2,72
2023-03-15,Amiens,Magasin,Mode,Robe été,4,296.52,0.0,1186.08,289.84,101
2023-03-15,Tourcoing,Magasin,Sport,Ballon foot,3,100.1,0.0,300.3,173.7,179
2023-03-15,Amiens,Magasin,Bricolage,Boîte à outils,2,83.21,0.0,166.42,45.98,407
2023-03-15,Roubaix,Magasin,Électroménager,Micro-ondes,2,453.16,0.0,906.32,343.12,219
2023-03-15,Amiens,Magasin,Bricolage,Tournevis set,3,636.28,0.0,1908.84,961.32,320
2023-03-15,Lille,Magasin,Mode,Baskets ville,3,460.51,0.05,1312.45,375.07,218
2023-03-15,Tourcoing,Magasin,Électroménager,Aspirateur,3,191.18,0.0,573.54,289.65,546
2023-03-15,Amiens,Magasin,Maison,Set casseroles,4,706.85,0.0,2827.4,1630.68,334
2023-03-16,En ligne,E-commerce,Sport,Haltères 10kg,3,98.3,0.0,294.9,128.1,581
2023-03-16,Roubaix,Magasin,Sport,Raquette tennis,4,706.19,0.0,2824.76,1448.16,515
2023-03-16,En ligne,E-commerce,Maison,Lampe LED,4,134.22,0.0,536.88,273.12,232
2023-03-16,Lille,Magasin,Électroménager,Réfrigérateur,3,387.37,0.1,1045.9,222.13,439
2023-03-16,Dunkerque,Magasin,Mode,Pull laine,4,884.49,0.0,3537.96,1984.24,59
2023-03-16,Tourcoing,Magasin,Bricolage,Perceuse,1,105.66,0.0,105.66,21.7,390
2023-03-16,Dunkerque,Magasin,Sport,Tapis yoga,1,658.36,0.1,592.52,286.87,157
2023-03-16,Lille,Magasin,Sport,Maillot bain,3,350.77,0.0,1052.31,597.9,78
2023-03-16,En ligne,E-commerce,Maison,Couette 220x240,3,224.09,0.2,537.82,136.72,260
2023-03-16,Roubaix,Magasin,Bricolage,Peinture 5L,1,609.0,0.0,609.0,325.46,22
2023-03-16,Valenciennes,Magasin,Sport,Maillot bain,1,350.77,0.0,350.77,199.3,8
2023-03-16,Valenciennes,Magasin,Bricolage,Boîte à outils,3,83.21,0.0,249.63,68.97,585
2023-03-16,Amiens,Magasin,Électroménager,Aspirateur,5,191.18,0.0,955.9,482.75,284
2023-03-16,Amiens,Magasin,Mode,Pull laine,3,884.49,0.1,2388.12,1222.83,142
2023-03-16,Roubaix,Magasin,Sport,Maillot bain,2,350.77,0.0,701.54,398.6,462
2023-03-16,Dunkerque,Magasin,Sport,Vélo VTT,3,545.21,0.0,1635.63,703.5,133
2023-03-16,Amiens,Magasin,Mode,T-shirt coton,4,504.67,0.0,2018.68,800.92,535
2023-03-16,Amiens,Magasin,Mode,Veste hiver,2,655.99,0.0,1311.98,648.16,486
2023-03-16,Lille,Magasin,Électroménager,Réfrigérateur,1,387.37,0.0,387.37,112.78,305
2023-03-16,Dunkerque,Magasin,Bricolage,Peinture 5L,1,609.0,0.0,609.0,325.46,27
2023-03-17,Roubaix,Magasin,Mode,Baskets ville,5,460.51,0.0,2302.55,740.25,352
2023-03-17,Lille,Magasin,Sport,Chaussures running,4,569.53,0.0,2278.12,1240.8,541
2023-03-17,Lille,Magasin,Bricolage,Tournevis set,1,636.28,0.0,636.28,320.44,186
2023-03-17,Valenciennes,Magasin,Sport,Haltères 10kg,1,98.3,0.0,98.3,42.7,244
2023-03-17,Valenciennes,Magasin,Mode,Veste hiver,5,655.99,0.0,3279.95,1620.4,130
2023-03-17,Tourcoing,Magasin,Bricolage,Tournevis set,6,636.28,0.0,3817.68,1922.64,36
2023-03-17,Amiens,Magasin,Maison,Lampe LED,2,134.22,0.0,268.44,136.56,506
2023-03-17,Lille,Magasin,Mode,Jean homme,1,272.27,0.0,272.27,92.12,466
2023-03-17,Lille,Magasin,Mode,Jean homme,1,272.27,0.0,272.27,92.12,229
2023-03-17,En ligne,E-commerce,Bricolage,Tournevis set,3,636.28,0.05,1813.4,865.88,497
2023-03-17,Amiens,Magasin,Sport,Vélo VTT,2,545.21,0.0,1090.42,469.0,189
2023-03-18,Dunkerque,Magasin,Bricolage,Peinture 5L,3,609.0,0.0,1827.0,976.38,386
2023-03-18,Amiens,Magasin,Mode,Veste hiver,3,655.99,0.0,1967.97,972.24,578
2023-03-18,Amiens,Magasin,Bricolage,Échelle alu,4,354.67,0.0,1418.68,673.6,246
2023-03-18,Amiens,Magasin,Bricolage,Échelle alu,2,354.67,0.05,673.87,301.33,468
2023-03-18,Amiens,Magasin,Mode,Baskets ville,5,460.51,0.0,2302.55,740.25,296
2023-03-18,Roubaix,Magasin,Maison,Couette 220x240,4,224.09,0.0,896.36,361.56,112
2023-03-18,Dunkerque,Magasin,Bricolage,Perceuse,5,105.66,0.0,528.3,108.5,338
2023-03-18,En ligne,E-commerce,Maison,Set casseroles,1,706.85,0.0,706.85,407.67,207
2023-03-18,Lille,Magasin,Mode,Pull laine,4,884.49,0.0,3537.96,1984.24,144
2023-03-18,En ligne,E-commerce,Électroménager,Bouilloire,3,726.04,0.0,2178.12,1176.9,176
2023-03-18,Roubaix,Magasin,Maison,Étagère bois,3,279.59,0.0,838.77,267.36,315
2023-03-18,Lille,Magasin,Maison,Couette 220x240,3,224.09,0.1,605.04,203.94,182
2023-03-18,Tourcoing,Magasin,Maison,Rideau occultant,3,101.21,0.0,303.63,134.67,95
2023-03-18,Roubaix,Magasin,Bricolage,Perceuse,1,105.66,0.0,105.66,21.7,381
2023-03-18,Lille,Magasin,Mode,T-shirt coton,1,504.67,0.05,479.44,175.0,272
2023-03-18,Dunkerque,Magasin,Maison,Étagère bois,2,279.59,0.0,559.18,178.24,336
2023-03-19,Amiens,Magasin,Mode,Pull laine,2,884.49,0.05,1680.53,903.67,152
2023-03-19,Dunkerque,Magasin,Mode,Veste hiver,5,655.99,0.0,3279.95,1620.4,572
2023-03-19,En ligne,E-commerce,Maison,Canapé 3 places,3,246.23,0.0,738.69,170.64,64
2023-03-19,Roubaix,Magasin,Maison,Couette 220x240,4,224.09,0.0,896.36,361.56,577
2023-03-19,En ligne,E-commerce,Électroménager,Bouilloire,1,726.04,0.0,726.04,392.3,373
2023-03-19,En ligne,E-commerce,Électroménager,Bouilloire,3,726.04,0.0,2178.12,1176.9,172
2023-03-19,Roubaix,Magasin,Bricolage,Échelle alu,1,354.67,0.0,354.67,168.4,294
2023-03-19,En ligne,E-commerce,Sport,Raquette tennis,3,706.19,0.0,2118.57,1086.12,39
2023-03-19,Amiens,Magasin,Mode,Baskets ville,2,460.51,0.0,921.02,296.1,396
2023-03-19,Valenciennes,Magasin,Électroménager,Réfrigérateur,5,387.37,0.0,1936.85,563.9,525
2023-03-19,Tourcoing,Magasin,Maison,Étagère bois,3,279.59,0.0,838.77,267.36,215
2023-03-19,Amiens,Magasin,Électroménager,Robot cuiseur,4,249.97,0.0,999.88,367.68,171
2023-03-19,En ligne,E-commerce,Mode,Veste hiver,1,655.99,0.0,655.99,324.08,316
2023-03-19,En ligne,E-commerce,Électroménager,Aspirateur,1,191.18,0.0,191.18,96.55,469
2023-03-19,Amiens,Magasin,Mode,Robe été,1,296.52,0.0,296.52,72.46,452
2023-03-19,Dunkerque,Magasin,Sport,Vélo VTT,3,545.21,0.0,1635.63,703.5,163
2023-03-19,En ligne,E-commerce,Mode,Jean homme,1,272.27,0.05,258.66,78.51,286
2023-03-19,Roubaix,Magasin,Bricolage,Boîte à outils,1,83.21,0.0,83.21,22.99,418
2023-03-19,En ligne,E-commerce,Mode,Baskets ville,3,460.51,0.0,1381.53,444.15,460
2023-03-19,Valenciennes,Magasin,Électroménager,Robot cuiseur,5,249.97,0.0,1249.85,459.6,189
2023-03-19,Valenciennes,Magasin,Maison,Set casseroles,1,706.85,0.0,706.85,407.67,266
2023-03-20,Lille,Magasin,Électroménager,Cafetière,3,392.24,0.05,1117.88,584.84,232
2023-03-20,Roubaix,Magasin,Mode,Baskets ville,3,460.51,0.0,1381.53,444.15,199
2023-03-20,Lille,Magasin,Électroménager,Bouilloire,2,726.04,0.0,1452.08,784.6,183
2023-03-20,Dunkerque,Magasin,Maison,Set casseroles,2,706.85,0.0,1413.7,815.34,257
2023-03-20,Amiens,Magasin,Électroménager,Réfrigérateur,1,387.37,0.05,368.0,93.41,368
2023-03-20,En ligne,E-commerce,Électroménager,Bouilloire,4,726.04,0.0,2904.16,1569.2,318
2023-03-20,Dunkerque,Magasin,Sport,Ballon foot,1,100.1,0.0,100.1,57.9,589
2023-03-20,Lille,Magasin,Électroménager,Réfrigérateur,3,387.37,0.0,1162.11,338.34,549
2023-03-20,Tourcoing,Magasin,Électroménager,Bouilloire,5,726.04,0.0,3630.2,1961.5,506
2023-03-20,Dunkerque,Magasin,Bricolage,Boîte à outils,2,83.21,0.2,133.14,12.7,577
2023-03-20,Dunkerque,Magasin,Mode,Pull laine,3,884.49,0.0,2653.47,1488.18,357
2023-03-20,Roubaix,Magasin,Électroménager,Cafetière,3,392.24,0.0,1176.72,643.68,68
2023-03-20,En ligne,E-commerce,Électroménager,Micro-ondes,4,453.16,0.0,1812.64,686.24,33
2023-03-20,Valenciennes,Magasin,Sport,Chaussures running,3,569.53,0.0,1708.59,930.6,364
2023-03-20,Roubaix,Magasin,Électroménager,Bouilloire,4,726.04,0.05,2758.95,1423.99,56
2023-03-20,Tourcoing,Magasin,Maison,Canapé 3 places,1,246.23,0.0,246.23,56.88,477
2023-03-21,En ligne,E-commerce,Maison,Étagère bois,1,279.59,0.0,279.59,89.12,117
2023-03-21,Lille,Magasin,Mode,Jean homme,6,272.27,0.05,1551.94,471.04,480
2023-03-21,Lille,Magasin,Maison,Lampe LED,2,134.22,0.0,268.44,136.56,172
2023-03-21,Tourcoing,Magasin,Mode,Veste hiver,1,655.99,0.0,655.99,324.08,121
2023-03-21,Lille,Magasin,Électroménager,Micro-ondes,4,453.16,0.0,1812.64,686.24,186
2023-03-21,Dunkerque,Magasin,Bricolage,Peinture 5L,1,609.0,0.05,578.55,295.01,203
2023-03-21,Lille,Magasin,Sport,Haltères 10kg,4,98.3,0.0,393.2,170.8,135
2023-03-21,Lille,Magasin,Électroménager,Robot cuiseur,1,249.97,0.0,249.97,91.92,281
2023-03-21,Tourcoing,Magasin,Mode,Veste hiver,4,655.99,0.0,2623.96,1296.32,173
2023-03-21,En ligne,E-commerce,Sport,Tapis yoga,3,658.36,0.0,1975.08,1058.13,377
2023-03-21,Roubaix,Magasin,Maison,Set casseroles,1,706.85,0.1,636.17,336.99,250
2023-03-21,Lille,Magasin,Électroménager,Micro-ondes,3,453.16,0.0,1359.48,514.68,252
2023-03-21,Roubaix,Magasin,Bricolage,Tournevis set,1,636.28,0.0,636.28,320.44,311
2023-03-21,Lille,Magasin,Maison,Set casseroles,2,706.85,0.0,1413.7,815.34,315
2023-03-21,Tourcoing,Magasin,Maison,Lampe LED,2,134.22,0.0,268.44,136.56,323
2023-03-21,Tourcoing,Magasin,Sport,Chaussures running,5,569.53,0.1,2562.88,1266.24,186
2023-03-21,Amiens,Magasin,Mode,Jean homme,1,272.27,0.0,272.27,92.12,522
2023-03-22,En ligne,E-commerce,Maison,Couette 220x240,1,224.09,0.0,224.09,90.39,298
2023-03-22,Tourcoing,Magasin,Sport,Maillot bain,4,350.77,0.0,1403.08,797.2,418
2023-03-22,En ligne,E-commerce,Sport,Haltères 10kg,1,98.3,0.1,88.47,32.87,62
2023-03-22,En ligne,E-commerce,Mode,Baskets ville,2,460.51,0.0,921.02,296.1,439
2023-03-22,Dunkerque,Magasin,Mode,T-shirt coton,3,504.67,0.0,1514.01,600.69,46
2023-03-22,Valenciennes,Magasin,Sport,Haltères 10kg,2,98.3,0.0,196.6,85.4,134
2023-03-22,Tourcoing,Magasin,Bricolage,Perceuse,5,105.66,0.0,528.3,108.5,260
2023-03-22,Roubaix,Magasin,Sport,Vélo VTT,2,545.21,0.0,1090.42,469.0,20
2023-03-22,Tourcoing,Magasin,Mode,Baskets ville,1,460.51,0.1,414.46,102.0,100
2023-03-22,En ligne,E-commerce,Mode,Jean homme,4,272.27,0.1,980.17,259.57,29
2023-03-22,Lille,Magasin,Électroménager,Robot cuiseur,1,249.97,0.0,249.97,91.92,344
2023-03-22,En ligne,E-commerce,Mode,Baskets ville,1,460.51,0.1,414.46,102.0,595
2023-03-22,En ligne,E-commerce,Électroménager,Robot cuiseur,1,249.97,0.0,249.97,91.92,167
2023-03-22,Roubaix,Magasin,Sport,Chaussures running,4,569.53,0.0,2278.12,1240.8,92
2023-03-22,Roubaix,Magasin,Sport,Vélo VTT,3,545.21,0.0,1635.63,703.5,56
2023-03-22,Valenciennes,Magasin,Maison,Couette 220x240,4,224.09,0.0,896.36,361.56,100
2023-03-23,Tourcoing,Magasin,Maison,Set casseroles,1,706.85,0.0,706.85,407.67,363
2023-03-23,Roubaix,Magasin,Sport,Raquette tennis,4,706.19,0.0,2824.76,1448.16,580
2023-03-23,Lille,Magasin,Mode,Jean homme,4,272.27,0.0,1089.08,368.48,141
2023-03-23,Roubaix,Magasin,Électroménager,Micro-ondes,3,453.16,0.0,1359.48,514.68,259
2023-03-23,Tourcoing,Magasin,Électroménager,Robot cuiseur,3,249.97,0.0,749.91,275.76,162
2023-03-23,En ligne,E-commerce,Sport,Ballon foot,3,100.1,0.1,270.27,143.67,448
2023-03-23,En ligne,E-commerce,Électroménager,Aspirateur,2,191.18,0.0,382.36,193.1,251
2023-03-23,Lille,Magasin,Mode,Robe été,1,296.52,0.0,296.52,72.46,430
2023-03-23,Tourcoing,Magasin,Bricolage,Tournevis set,1,636.28,0.0,636.28,320.44,430
2023-03-23,Amiens,Magasin,Bricolage,Échelle alu,5,354.67,0.1,1596.02,664.67,234
2023-03-23,Amiens,Magasin,Maison,Lampe LED,4,134.22,0.0,536.88,273.12,581
2023-03-23,Roubaix,Magasin,Mode,Pull laine,4,884.49,0.0,3537.96,1984.24,130
2023-03-23,Dunkerque,Magasin,Mode,Veste hiver,2,655.99,0.0,1311.98,648.16,550
2023-03-24,Lille,Magasin,Maison,Étagère bois,2,279.59,0.0,559.18,178.24,58
2023-03-24,Roubaix,Magasin,Maison,Étagère bois,5,279.59,0.0,1397.95,445.6,427
2023-03-24,Valenciennes,Magasin,Sport,Chaussures running,1,569.53,0.05,541.05,281.72,373
2023-03-24,En ligne,E-commerce,Maison,Canapé 3 places,3,246.23,0.0,738.69,170.64,221
2023-03-24,Valenciennes,Magasin,Maison,Étagère bois,1,279.59,0.0,279.59,89.12,513
2023-03-24,Amiens,Magasin,Mode,Veste hiver,3,655.99,0.0,1967.97,972.24,73
2023-03-24,Amiens,Magasin,Sport,Haltères 10kg,2,98.3,0.0,196.6,85.4,140
2023-03-24,Roubaix,Magasin,Maison,Lampe LED,4,134.22,0.0,536.88,273.12,278
2023-03-24,Dunkerque,Magasin,Mode,Baskets ville,4,460.51,0.0,1842.04,592.2,186
2023-03-24,Tourcoing,Magasin,Électroménager,Aspirateur,5,191.18,0.0,955.9,482.75,374
2023-03-24,Tourcoing,Magasin,Mode,Baskets ville,1,460.51,0.0,460.51,148.05,331
2023-03-24,Tourcoing,Magasin,Maison,Couette 220x240,3,224.09,0.0,672.27,271.17,179
2023-03-24,Valenciennes,Magasin,Maison,Lampe LED,1,134.22,0.0,134.22,68.28,371
2023-03-24,Lille,Magasin,Mode,Pull laine,3,884.49,0.0,2653.47,1488.18,393
2023-03-25,Roubaix,Magasin,Sport,Tapis yoga,3,658.36,0.0,1975.08,1058.13,204
2023-03-25,Valenciennes,Magasin,Mode,Pull laine,2,884.49,0.05,1680.53,903.67,183
2023-03-25,Lille,Magasin,Maison,Lampe LED,3,134.22,0.0,402.66,204.84,554
2023-03-25,Lille,Magasin,Mode,Baskets ville,5,460.51,0.1,2072.3,510.0,332
2023-03-25,Amiens,Magasin,Bricolage,Peinture 5L,3,609.0,0.1,1644.3,793.68,467
2023-03-25,Dunkerque,Magasin,Maison,Set casseroles,2,706.85,0.1,1272.33,673.97,263
2023-03-25,En ligne,E-commerce,Bricolage,Perceuse,4,105.66,0.0,422.64,86.8,254
2023-03-25,Lille,Magasin,Mode,T-shirt coton,1,504.67,0.0,504.67,200.23,216
2023-03-25,Dunkerque,Magasin,Maison,Étagère bois,4,279.59,0.05,1062.44,300.56,472
2023-03-25,Lille,Magasin,Bricolage,Boîte à outils,4,83.21,0.05,316.2,75.32,446
2023-03-25,Lille,Magasin,Électroménager,Aspirateur,3,191.18,0.1,516.19,232.3,512
2023-03-25,Amiens,Magasin,Sport,Maillot bain,2,350.77,0.1,631.39,328.45,419
2023-03-25,Roubaix,Magasin,Bricolage,Tournevis set,2,636.28,0.0,1272.56,640.88,515
2023-03-25,Lille,Magasin,Bricolage,Peinture 5L,1,609.0,0.0,609.0,325.46,274
2023-03-25,Lille,Magasin,Bricolage,Échelle alu,2,354.67,0.0,709.34,336.8,63
2023-03-25,Amiens,Magasin,Sport,Maillot bain,4,350.77,0.05,1332.93,727.05,473
2023-03-25,Valenciennes,Magasin,Bricolage,Tournevis set,1,636.28,0.05,604.47,288.63,51
2023-03-25,Lille,Magasin,Mode,Pull laine,2,884.49,0.0,1768.98,992.12,180
2023-03-26,En ligne,E-commerce,Maison,Set casseroles,3,706.85,0.0,2120.55,1223.01,91
2023-03-26,Dunkerque,Magasin,Bricolage,Échelle alu,3,354.67,0.0,1064.01,505.2,565
2023-03-26,Amiens,Magasin,Mode,Robe été,1,296.52,0.0,296.52,72.46,371
2023-03-26,Tourcoing,Magasin,Électroménager,Bouilloire,1,726.04,0.0,726.04,392.3,205
2023-03-26,En ligne,E-commerce,Maison,Set casseroles,1,706.85,0.0,706.85,407.67,347
2023-03-26,Roubaix,Magasin,Bricolage,Boîte à outils,3,83.21,0.0,249.63,68.97,247
2023-03-26,Roubaix,Magasin,Bricolage,Échelle alu,3,354.67,0.2,851.21,292.4,250
2023-03-26,Amiens,Magasin,Électroménager,Micro-ondes,3,453.16,0.0,1359.48,514.68,415
2023-03-26,Roubaix,Magasin,Électroménager,Cafetière,5,392.24,0.0,1961.2,1072.8,272
2023-03-26,Roubaix,Magasin,Électroménager,Bouilloire,4,726.04,0.0,2904.16,1569.2,188
2023-03-27,Amiens,Magasin,Maison,Lampe LED,2,134.22,0.0,268.44,136.56,378
2023-03-27,Tourcoing,Magasin,Maison,Étagère bois,5,279.59,0.0,1397.95,445.6,215
2023-03-27,Valenciennes,Magasin,Sport,Ballon foot,2,100.1,0.2,160.16,75.76,153
2023-03-27,Amiens,Magasin,Mode,Jean homme,2,272.27,0.0,544.54,184.24,110
2023-03-27,Lille,Magasin,Électroménager,Aspirateur,1,191.18,0.0,191.18,96.55,529
2023-03-27,Valenciennes,Magasin,Sport,Chaussures running,2,569.53,0.1,1025.15,506.49,330
2023-03-27,Lille,Magasin,Maison,Canapé 3 places,5,246.23,0.0,1231.15,284.4,8
2023-03-27,Valenciennes,Magasin,Maison,Lampe LED,2,134.22,0.0,268.44,136.56,260
2023-03-27,Dunkerque,Magasin,Mode,T-shirt coton,1,504.67,0.0,504.67,200.23,278
2023-03-27,En ligne,E-commerce,Mode,Jean homme,1,272.27,0.0,272.27,92.12,413
2023-03-27,Dunkerque,Magasin,Bricolage,Boîte à outils,5,83.21,0.0,416.05,114.95,184
2023-03-27,Lille,Magasin,Bricolage,Tournevis set,3,636.28,0.0,1908.84,961.32,431
2023-03-27,Amiens,Magasin,Électroménager,Bouilloire,2,726.04,0.0,1452.08,784.6,227
2023-03-27,Amiens,Magasin,Sport,Haltères 10kg,5,98.3,0.05,466.92,188.92,157
2023-03-28,Amiens,Magasin,Bricolage,Tournevis set,3,636.28,0.0,1908.84,961.32,384
2023-03-28,Lille,Magasin,Électroménager,Aspirateur,2,191.18,0.1,344.12,154.86,134
2023-03-28,Lille,Magasin,Maison,Étagère bois,1,279.59,0.0,279.59,89.12,552
2023-03-28,Valenciennes,Magasin,Électroménager,Réfrigérateur,2,387.37,0.0,774.74,225.56,226
2023-03-28,Lille,Magasin,Sport,Chaussures running,2,569.53,0.0,1139.06,620.4,263
2023-03-28,En ligne,E-commerce,Mode,Pull laine,3,884.49,0.05,2520.8,1355.51,181
2023-03-28,Dunkerque,Magasin,Sport,Chaussures running,5,569.53,0.0,2847.65,1551.0,344
2023-03-28,Lille,Magasin,Sport,Chaussures running,1,569.53,0.0,569.53,310.2,581
2023-03-28,Valenciennes,Magasin,Électroménager,Bouilloire,3,726.04,0.0,2178.12,1176.9,164
2023-03-28,En ligne,E-commerce,Sport,Vélo VTT,1,545.21,0.0,545.21,234.5,449
2023-03-28,Dunkerque,Magasin,Électroménager,Bouilloire,4,726.04,0.0,2904.16,1569.2,377
2023-03-28,Roubaix,Magasin,Mode,Veste hiver,1,655.99,0.0,655.99,324.08,104
2023-03-28,Valenciennes,Magasin,Bricolage,Peinture 5L,4,609.0,0.0,2436.0,1301.84,395
2023-03-28,Valenciennes,Magasin,Maison,Rideau occultant,1,101.21,0.0,101.21,44.89,469
2023-03-28,Roubaix,Magasin,Électroménager,Robot cuiseur,4,249.97,0.05,949.89,317.69,378
2023-03-28,Lille,Magasin,Sport,Vélo VTT,3,545.21,0.1,1472.07,539.94,506
2023-03-28,Roubaix,Magasin,Électroménager,Robot cuiseur,3,249.97,0.0,749.91,275.76,181
2023-03-28,Dunkerque,Magasin,Maison,Canapé 3 places,1,246.23,0.0,246.23,56.88,157
2023-03-28,Valenciennes,Magasin,Mode,T-shirt coton,1,504.67,0.0,504.67,200.23,253
2023-03-28,Amiens,Magasin,Sport,Vélo VTT,1,545.21,0.0,545.21,234.5,307
2023-03-29,Lille,Magasin,Mode,Jean homme,1,272.27,0.0,272.27,92.12,296
2023-03-29,Lille,Magasin,Mode,Pull laine,1,884.49,0.1,796.04,407.61,431
2023-03-29,Tourcoing,Magasin,Mode,Pull laine,2,884.49,0.1,1592.08,815.22,349
2023-03-29,Roubaix,Magasin,Bricolage,Tournevis set,1,636.28,0.0,636.28,320.44,343
2023-03-29,Roubaix,Magasin,Bricolage,Échelle alu,1,354.67,0.05,336.94,150.67,204
2023-03-29,Dunkerque,Magasin,Bricolage,Boîte à outils,3,83.21,0.0,249.63,68.97,369
2023-03-29,Valenciennes,Magasin,Électroménager,Robot cuiseur,2,249.97,0.0,499.94,183.84,352
2023-03-29,Lille,Magasin,Maison,Set casseroles,2,706.85,0.0,1413.7,815.34,218
2023-03-29,Dunkerque,Magasin,Bricolage,Tournevis set,2,636.28,0.1,1145.3,513.62,100
2023-03-29,Roubaix,Magasin,Électroménager,Cafetière,1,392.24,0.1,353.02,175.34,304
2023-03-29,Valenciennes,Magasin,Mode,Jean homme,2,272.27,0.0,544.54,184.24,528
2023-03-29,Lille,Magasin,Mode,Baskets ville,2,460.51,0.0,921.02,296.1,582
2023-03-29,En ligne,E-commerce,Électroménager,Micro-ondes,1,453.16,0.0,453.16,171.56,598
2023-03-30,Roubaix,Magasin,Sport,Raquette tennis,3,706.19,0.2,1694.86,662.41,98
2023-03-30,Valenciennes,Magasin,Sport,Vélo VTT,4,545.21,0.0,2180.84,938.0,429
2023-03-30,Valenciennes,Magasin,Bricolage,Boîte à outils,3,83.21,0.2,199.7,19.04,427
2023-03-30,Dunkerque,Magasin,Bricolage,Échelle alu,4,354.67,0.0,1418.68,673.6,481
2023-03-30,En ligne,E-commerce,Sport,Haltères 10kg,2,98.3,0.1,176.94,65.74,383
2023-03-30,Dunkerque,Magasin,Sport,Chaussures running,1,569.53,0.0,569.53,310.2,511
2023-03-30,En ligne,E-commerce,Électroménager,Micro-ondes,2,453.16,0.0,906.32,343.12,45
2023-03-30,Lille,Magasin,Bricolage,Échelle alu,3,354.67,0.0,1064.01,505.2,558
2023-03-30,En ligne,E-commerce,Sport,Ballon foot,1,100.1,0.05,95.09,52.89,413
2023-03-31,Lille,Magasin,Maison,Set casseroles,1,706.85,0.0,706.85,407.67,537
2023-03-31,En ligne,E-commerce,Mode,Robe été,3,296.52,0.0,889.56,217.38,154
2023-03-31,Lille,Magasin,Maison,Rideau occultant,1,101.21,0.0,101.21,44.89,442
2023-03-31,Lille,Magasin,Bricolage,Boîte à outils,1,83.21,0.05,79.05,18.83,371
2023-03-31,Lille,Magasin,Sport,Tapis yoga,1,658.36,0.0,658.36,352.71,479
2023-03-31,Valenciennes,Magasin,Mode,Baskets ville,5,460.51,0.0,2302.55,740.25,313
2023-03-31,Amiens,Magasin,Électroménager,Cafetière,4,392.24,0.0,1568.96,858.24,210
2023-03-31,Roubaix,Magasin,Sport,Vélo VTT,2,545.21,0.0,1090.42,469.0,556
2023-03-31,Amiens,Magasin,Électroménager,Aspirateur,2,191.18,0.0,382.36,193.1,405
2023-03-31,Lille,Magasin,Sport,Tapis yoga,1,658.36,0.0,658.36,352.71,103
2023-03-31,Amiens,Magasin,Électroménager,Robot cuiseur,1,249.97,0.0,249.97,91.92,539
2023-03-31,Lille,Magasin,Bricolage,Perceuse,5,105.66,0.1,475.47,55.67,357
2023-03-31,Roubaix,Magasin,Sport,Vélo VTT,3,545.21,0.0,1635.63,703.5,271
2023-03-31,Dunkerque,Magasin,Maison,Couette 220x240,2,224.09,0.0,448.18,180.78,297
2023-03-31,Lille,Magasin,Électroménager,Bouilloire,2,726.04,0.0,1452.08,784.6,485
2023-04-01,Amiens,Magasin,Mode,Robe été,2,296.52,0.0,593.04,144.92,69
2023-04-01,En ligne,E-commerce,Maison,Lampe LED,4,134.22,0.0,536.88,273.12,414
2023-04-01,Lille,Magasin,Sport,Vélo VTT,1,545.21,0.0,545.21,234.5,297
2023-04-01,Tourcoing,Magasin,Maison,Canapé 3 places,3,246.23,0.05,701.76,133.71,433
2023-04-01,En ligne,E-commerce,Mode,Veste hiver,1,655.99,0.0,655.99,324.08,67
2023-04-01,Lille,Magasin,Mode,Robe été,3,296.52,0.0,889.56,217.38,292
2023-04-01,Lille,Magasin,Bricolage,Boîte à outils,4,83.21,0.0,332.84,91.96,186
2023-04-01,Lille,Magasin,Électroménager,Robot cuiseur,2,249.97,0.0,499.94,183.84,171
2023-04-01,Dunkerque,Magasin,Bricolage,Boîte à outils,5,83.21,0.0,416.05,114.95,456
2023-04-01,En ligne,E-commerce,Mode,Veste hiver,5,655.99,0.0,3279.95,1620.4,3
2023-04-01,Amiens,Magasin,Sport,Tapis yoga,3,658.36,0.0,1975.08,1058.13,582
2023-04-01,Roubaix,Magasin,Maison,Couette 220x240,1,224.09,0.0,224.09,90.39,327
2023-04-01,Valenciennes,Magasin,Maison,Étagère bois,2,279.59,0.0,559.18,178.24,97
2023-04-01,Lille,Magasin,Bricolage,Boîte à outils,2,83.21,0.0,166.42,45.98,453
2023-04-01,Lille,Magasin,Maison,Lampe LED,2,134.22,0.0,268.44,136.56,429
2023-04-01,Valenciennes,Magasin,Sport,Raquette tennis,4,706.19,0.0,2824.76,1448.16,514
2023-04-01,Tourcoing,Magasin,Électroménager,Robot cuiseur,1,249.97,0.0,249.97,91.92,426
2023-04-01,Valenciennes,Magasin,Mode,Robe été,5,296.52,0.0,1482.6,362.3,241
2023-04-01,En ligne,E-commerce,Maison,Étagère bois,3,279.59,0.05,796.83,225.42,67
2023-04-01,Tourcoing,Magasin,Électroménager,Micro-ondes,1,453.16,0.0,453.16,171.56,55
2023-04-01,Amiens,Magasin,Sport,Haltères 10kg,2,98.3,0.1,176.94,65.74,3
2023-04-01,En ligne,E-commerce,Bricolage,Boîte à outils,1,83.21,0.0,83.21,22.99,70
2023-04-01,Lille,Magasin,Maison,Canapé 3 places,2,246.23,0.0,492.46,113.76,169
2023-04-01,En ligne,E-commerce,Sport,Haltères 10kg,1,98.3,0.0,98.3,42.7,123
2023-04-01,Dunkerque,Magasin,Mode,Robe été,2,296.52,0.0,593.04,144.92,132
2023-04-01,Amiens,Magasin,Électroménager,Micro-ondes,1,453.16,0.0,453.16,171.56,400
2023-04-01,Lille,Magasin,Sport,Ballon foot,2,100.1,0.0,200.2,115.8,247
2023-04-01,Lille,Magasin,Bricolage,Boîte à outils,3,83.21,0.0,249.63,68.97,335
2023-04-01,Tourcoing,Magasin,Bricolage,Perceuse,3,105.66,0.0,316.98,65.1,290
2023-04-01,Dunkerque,Magasin,Maison,Set casseroles,4,706.85,0.0,2827.4,1630.68,253
2023-04-02,Lille,Magasin,Bricolage,Échelle alu,1,354.67,0.1,319.2,132.93,489
2023-04-02,Amiens,Magasin,Électroménager,Micro-ondes,2,453.16,0.0,906.32,343.12,475
2023-04-02,En ligne,E-commerce,Électroménager,Robot cuiseur,4,249.97,0.0,999.88,367.68,79
2023-04-02,Roubaix,Magasin,Bricolage,Perceuse,3,105.66,0.2,253.58,1.7,55
2023-04-02,Dunkerque,Magasin,Électroménager,Micro-ondes,1,453.16,0.0,453.16,171.56,514
2023-04-02,Amiens,Magasin,Mode,Jean homme,4,272.27,0.0,1089.08,368.48,426
2023-04-02,Roubaix,Magasin,Sport,Haltères 10kg,3,98.3,0.0,294.9,128.1,98
2023-04-02,Dunkerque,Magasin,Électroménager,Aspirateur,1,191.18,0.0,191.18,96.55,126
2023-04-02,Valenciennes,Magasin,Mode,Veste hiver,1,655.99,0.2,524.79,192.88,202
2023-04-02,En ligne,E-commerce,Sport,Vélo VTT,2,545.21,0.0,1090.42,469.0,67
2023-04-02,Dunkerque,Magasin,Électroménager,Micro-ondes,4,453.16,0.0,1812.64,686.24,321
2023-04-02,Lille,Magasin,Bricolage,Perceuse,3,105.66,0.0,316.98,65.1,214
2023-04-02,En ligne,E-commerce,Sport,Vélo VTT,4,545.21,0.0,2180.84,938.0,390
2023-04-02,Dunkerque,Magasin,Mode,Robe été,2,296.52,0.0,593.04,144.92,393
2023-04-02,En ligne,E-commerce,Maison,Rideau occultant,3,101.21,0.0,303.63,134.67,355
2023-04-03,Dunkerque,Magasin,Maison,Canapé 3 places,2,246.23,0.1,443.21,64.51,224
2023-04-03,Dunkerque,Magasin,Maison,Rideau occultant,1,101.21,0.0,101.21,44.89,17
2023-04-03,En ligne,E-commerce,Électroménager,Réfrigérateur,1,387.37,0.0,387.37,112.78,93
2023-04-03,Roubaix,Magasin,Sport,Raquette tennis,4,706.19,0.0,2824.76,1448.16,428
2023-04-03,Amiens,Magasin,Mode,Baskets ville,1,460.51,0.1,414.46,102.0,139
2023-04-03,Lille,Magasin,Maison,Rideau occultant,2,101.21,0.0,202.42,89.78,93
2023-04-03,Roubaix,Magasin,Bricolage,Échelle alu,2,354.67,0.0,709.34,336.8,587
2023-04-03,Roubaix,Magasin,Sport,Vélo VTT,5,545.21,0.0,2726.05,1172.5,292
2023-04-03,Dunkerque,Magasin,Maison,Étagère bois,3,279.59,0.0,838.77,267.36,282
2023-04-03,Lille,Magasin,Sport,Haltères 10kg,2,98.3,0.0,196.6,85.4,536
2023-04-03,Amiens,Magasin,Sport,Maillot bain,3,350.77,0.0,1052.31,597.9,451
2023-04-03,Dunkerque,Magasin,Sport,Haltères 10kg,3,98.3,0.2,235.92,69.12,116
2023-04-04,En ligne,E-commerce,Sport,Chaussures running,2,569.53,0.1,1025.15,506.49,117
2023-04-04,Valenciennes,Magasin,Maison,Étagère bois,3,279.59,0.0,838.77,267.36,308
2023-04-04,En ligne,E-commerce,Sport,Ballon foot,1,100.1,0.0,100.1,57.9,594
2023-04-04,Roubaix,Magasin,Bricolage,Boîte à outils,3,83.21,0.0,249.63,68.97,561
2023-04-04,Dunkerque,Magasin,Bricolage,Perceuse,3,105.66,0.0,316.98,65.1,33
2023-04-04,Lille,Magasin,Bricolage,Tournevis set,1,636.28,0.0,636.28,320.44,265
2023-04-04,Valenciennes,Magasin,Sport,Maillot bain,2,350.77,0.05,666.46,363.52,526
2023-04-04,Lille,Magasin,Électroménager,Robot cuiseur,2,249.97,0.1,449.95,133.85,408
2023-04-04,Lille,Magasin,Électroménager,Réfrigérateur,1,387.37,0.0,387.37,112.78,597
2023-04-04,Dunkerque,Magasin,Bricolage,Échelle alu,2,354.67,0.0,709.34,336.8,479
2023-04-04,En ligne,E-commerce,Sport,Tapis yoga,3,658.36,0.0,1975.08,1058.13,388
2023-04-04,Tourcoing,Magasin,Bricolage,Perceuse,3,105.66,0.05,301.13,49.25,445
2023-04-04,Tourcoing,Magasin,Sport,Tapis yoga,4,658.36,0.0,2633.44,1410.84,307
2023-04-04,Tourcoing,Magasin,Maison,Lampe LED,3,134.22,0.0,402.66,204.84,232
2023-04-04,Lille,Magasin,Bricolage,Perceuse,2,105.66,0.0,211.32,43.4,456
2023-04-04,Tourcoing,Magasin,Électroménager,Aspirateur,3,191.18,0.0,573.54,289.65,108
2023-04-04,Dunkerque,Magasin,Sport,Vélo VTT,2,545.21,0.0,1090.42,469.0,295
2023-04-04,En ligne,E-commerce,Électroménager,Bouilloire,3,726.04,0.0,2178.12,1176.9,410
2023-04-04,Lille,Magasin,Électroménager,Robot cuiseur,3,249.97,0.0,749.91,275.76,191
2023-04-04,Tourcoing,Magasin,Mode,Pull laine,1,884.49,0.0,884.49,496.06,108
2023-04-05,Lille,Magasin,Sport,Maillot bain,2,350.77,0.0,701.54,398.6,3
2023-04-05,Dunkerque,Magasin,Mode,Baskets ville,5,460.51,0.1,2072.3,510.0,69
2023-04-05,Dunkerque,Magasin,Sport,Vélo VTT,3,545.21,0.0,1635.63,703.5,389
2023-04-05,Lille,Magasin,Maison,Lampe LED,1,134.22,0.05,127.51,61.57,597
2023-04-05,Roubaix,Magasin,Mode,T-shirt coton,1,504.67,0.0,504.67,200.23,463
2023-04-05,Lille,Magasin,Mode,Jean homme,1,272.27,0.0,272.27,92.12,96
2023-04-05,Dunkerque,Magasin,Mode,Baskets ville,3,460.51,0.1,1243.38,306.0,229
2023-04-05,Tourcoing,Magasin,Bricolage,Échelle alu,4,354.67,0.1,1276.81,531.73,119
2023-04-05,Dunkerque,Magasin,Sport,Ballon foot,3,100.1,0.0,300.3,173.7,394
2023-04-05,Roubaix,Magasin,Maison,Rideau occultant,2,101.21,0.05,192.3,79.66,117
2023-04-05,Lille,Magasin,Maison,Lampe LED,2,134.22,0.1,241.6,109.72,127
2023-04-05,Tourcoing,Magasin,Mode,Veste hiver,4,655.99,0.0,2623.96,1296.32,164
2023-04-05,Dunkerque,Magasin,Maison,Rideau occultant,5,101.21,0.0,506.05,224.45,253
2023-04-05,Tourcoing,Magasin,Maison,Canapé 3 places,1,246.23,0.0,246.23,56.88,541
2023-04-05,Lille,Magasin,Bricolage,Boîte à outils,4,83.21,0.0,332.84,91.96,439
2023-04-05,Amiens,Magasin,Mode,Pull laine,3,884.49,0.0,2653.47,1488.18,153
2023-04-05,Lille,Magasin,Sport,Tapis yoga,2,658.36,0.0,1316.72,705.42,556
2023-04-05,Lille,Magasin,Maison,Couette 220x240,1,224.09,0.0,224.09,90.39,590
2023-04-05,Dunkerque,Magasin,Maison,Set casseroles,3,706.85,0.0,2120.55,1223.01,418
2023-04-05,Valenciennes,Magasin,Sport,Ballon foot,3,100.1,0.0,300.3,173.7,353
2023-04-05,Valenciennes,Magasin,Sport,Chaussures running,5,569.53,0.0,2847.65,1551.0,202
2023-04-05,Dunkerque,Magasin,Mode,Robe été,1,296.52,0.1,266.87,42.81,469
2023-04-05,Lille,Magasin,Sport,Maillot bain,5,350.77,0.0,1753.85,996.5,435
2023-04-05,Roubaix,Magasin,Maison,Rideau occultant,5,101.21,0.0,506.05,224.45,410
2023-04-05,En ligne,E-commerce,Sport,Ballon foot,1,100.1,0.1,90.09,47.89,307
2023-04-05,Valenciennes,Magasin,Électroménager,Micro-ondes,1,453.16,0.0,453.16,171.56,51
2023-04-06,Lille,Magasin,Électroménager,Robot cuiseur,3,249.97,0.0,749.91,275.76,39
2023-04-06,Dunkerque,Magasin,Mode,T-shirt coton,2,504.67,0.0,1009.34,400.46,293
2023-04-06,En ligne,E-commerce,Électroménager,Bouilloire,1,726.04,0.0,726.04,392.3,7
2023-04-06,Dunkerque,Magasin,Sport,Raquette tennis,1,706.19,0.0,706.19,362.04,107
2023-04-06,Valenciennes,Magasin,Bricolage,Tournevis set,1,636.28,0.0,636.28,320.44,365
2023-04-06,Lille,Magasin,Électroménager,Micro-ondes,2,453.16,0.0,906.32,343.12,512
2023-04-06,Lille,Magasin,Mode,Veste hiver,3,655.99,0.0,1967.97,972.24,26
2023-04-06,Dunkerque,Magasin,Sport,Vélo VTT,4,545.21,0.0,2180.84,938.0,435
2023-04-06,En ligne,E-commerce,Mode,Veste hiver,1,655.99,0.2,524.79,192.88,298
2023-04-06,Amiens,Magasin,Maison,Set casseroles,2,706.85,0.0,1413.7,815.34,517
2023-04-07,Tourcoing,Magasin,Électroménager,Bouilloire,3,726.04,0.0,2178.12,1176.9,30
2023-04-07,Tourcoing,Magasin,Mode,T-shirt coton,3,504.67,0.0,1514.01,600.69,206
2023-04-07,Amiens,Magasin,Mode,Veste hiver,3,655.99,0.0,1967.97,972.24,433
2023-04-07,Valenciennes,Magasin,Sport,Raquette tennis,3,706.19,0.0,2118.57,1086.12,342
2023-04-07,Lille,Magasin,Mode,Robe été,1,296.52,0.0,296.52,72.46,419
2023-04-07,Lille,Magasin,Bricolage,Échelle alu,1,354.67,0.05,336.94,150.67,382
2023-04-07,Tourcoing,Magasin,Bricolage,Peinture 5L,3,609.0,0.0,1827.0,976.38,512
2023-04-07,En ligne,E-commerce,Électroménager,Robot cuiseur,2,249.97,0.0,499.94,183.84,391
2023-04-07,Lille,Magasin,Mode,Jean homme,4,272.27,0.1,980.17,259.57,191
2023-04-07,Dunkerque,Magasin,Électroménager,Aspirateur,3,191.18,0.0,573.54,289.65,296
2023-04-07,Tourcoing,Magasin,Sport,Chaussures running,1,569.53,0.0,569.53,310.2,358
2023-04-07,Valenciennes,Magasin,Électroménager,Micro-ondes,3,453.16,0.0,1359.48,514.68,393
2023-04-07,Tourcoing,Magasin,Maison,Set casseroles,2,706.85,0.0,1413.7,815.34,310
2023-04-07,Tourcoing,Magasin,Électroménager,Micro-ondes,1,453.16,0.0,453.16,171.56,93
2023-04-07,Tourcoing,Magasin,Mode,Robe été,4,296.52,0.0,1186.08,289.84,373
2023-04-07,Dunkerque,Magasin,Mode,Robe été,2,296.52,0.05,563.39,115.27,36
2023-04-07,Tourcoing,Magasin,Sport,Maillot bain,5,350.77,0.0,1753.85,996.5,471
2023-04-07,Roubaix,Magasin,Mode,Jean homme,2,272.27,0.0,544.54,184.24,43
2023-04-07,Amiens,Magasin,Électroménager,Aspirateur,1,191.18,0.0,191.18,96.55,578
2023-04-07,En ligne,E-commerce,Mode,T-shirt coton,5,504.67,0.0,2523.35,1001.15,278
2023-04-08,Amiens,Magasin,Maison,Rideau occultant,3,101.21,0.05,288.45,119.49,399
2023-04-08,Tourcoing,Magasin,Électroménager,Cafetière,1,392.24,0.0,392.24,214.56,23
2023-04-08,Lille,Magasin,Maison,Set casseroles,5,706.85,0.0,3534.25,2038.35,364
2023-04-08,Tourcoing,Magasin,Sport,Maillot bain,4,350.77,0.0,1403.08,797.2,588
2023-04-08,En ligne,E-commerce,Sport,Haltères 10kg,5,98.3,0.0,491.5,213.5,213
2023-04-08,Lille,Magasin,Mode,Veste hiver,3,655.99,0.0,1967.97,972.24,108
2023-04-08,Dunkerque,Magasin,Mode,T-shirt coton,2,504.67,0.0,1009.34,400.46,134
2023-04-08,Roubaix,Magasin,Mode,Baskets ville,1,460.51,0.0,460.51,148.05,409
2023-04-08,Amiens,Magasin,Maison,Set casseroles,4,706.85,0.2,2261.92,1065.2,526
2023-04-08,En ligne,E-commerce,Mode,T-shirt coton,2,504.67,0.0,1009.34,400.46,124
2023-04-08,En ligne,E-commerce,Électroménager,Aspirateur,1,191.18,0.0,191.18,96.55,255
2023-04-08,Valenciennes,Magasin,Bricolage,Échelle alu,1,354.67,0.0,354.67,168.4,145
2023-04-08,Lille,Magasin,Sport,Maillot bain,3,350.77,0.05,999.69,545.28,140
2023-04-08,Tourcoing,Magasin,Sport,Raquette tennis,1,706.19,0.0,706.19,362.04,566
2023-04-08,Valenciennes,Magasin,Sport,Ballon foot,1,100.1,0.0,100.1,57.9,133
2023-04-08,Lille,Magasin,Électroménager,Cafetière,1,392.24,0.0,392.24,214.56,363
2023-04-08,Lille,Magasin,Mode,T-shirt coton,1,504.67,0.0,504.67,200.23,562
2023-04-08,Roubaix,Magasin,Électroménager,Cafetière,3,392.24,0.0,1176.72,643.68,146
2023-04-09,Roubaix,Magasin,Mode,Jean homme,3,272.27,0.0,816.81,276.36,72
2023-04-09,Lille,Magasin,Électroménager,Bouilloire,1,726.04,0.0,726.04,392.3,335
2023-04-09,Tourcoing,Magasin,Mode,Baskets ville,1,460.51,0.0,460.51,148.05,264
2023-04-09,Amiens,Magasin,Sport,Chaussures running,2,569.53,0.0,1139.06,620.4,117
2023-04-09,Dunkerque,Magasin,Mode,Jean homme,3,272.27,0.05,775.97,235.52,277
2023-04-09,Roubaix,Magasin,Mode,Robe été,1,296.52,0.05,281.69,57.63,573
2023-04-09,Lille,Magasin,Bricolage,Échelle alu,2,354.67,0.0,709.34,336.8,503
2023-04-09,Roubaix,Magasin,Mode,Jean homme,2,272.27,0.0,544.54,184.24,513
2023-04-09,Tourcoing,Magasin,Maison,Rideau occultant,3,101.21,0.0,303.63,134.67,386
2023-04-09,Lille,Magasin,Bricolage,Tournevis set,3,636.28,0.0,1908.84,961.32,118
2023-04-10,En ligne,E-commerce,Mode,Veste hiver,1,655.99,0.2,524.79,192.88,111
2023-04-10,Roubaix,Magasin,Maison,Couette 220x240,3,224.09,0.1,605.04,203.94,559
2023-04-10,Dunkerque,Magasin,Mode,Robe été,6,296.52,0.1,1601.21,256.85,352
2023-04-10,Roubaix,Magasin,Électroménager,Robot cuiseur,1,249.97,0.0,249.97,91.92,516
2023-04-10,Dunkerque,Magasin,Sport,Chaussures running,2,569.53,0.0,1139.06,620.4,155
2023-04-10,En ligne,E-commerce,Maison,Canapé 3 places,1,246.23,0.0,246.23,56.88,222
2023-04-10,Dunkerque,Magasin,Sport,Ballon foot,2,100.1,0.0,200.2,115.8,197
2023-04-10,Lille,Magasin,Mode,T-shirt coton,2,504.67,0.2,807.47,198.59,130
2023-04-10,Tourcoing,Magasin,Mode,Veste hiver,3,655.99,0.05,1869.57,873.84,35
2023-04-10,Lille,Magasin,Sport,Tapis yoga,4,658.36,0.0,2633.44,1410.84,11
2023-04-10,Roubaix,Magasin,Électroménager,Aspirateur,2,191.18,0.05,363.24,173.98,213
2023-04-10,Lille,Magasin,Mode,T-shirt coton,2,504.67,0.05,958.87,349.99,263
2023-04-10,Roubaix,Magasin,Bricolage,Perceuse,1,105.66,0.0,105.66,21.7,4
2023-04-10,Tourcoing,Magasin,Bricolage,Peinture 5L,3,609.0,0.0,1827.0,976.38,143
2023-04-10,Lille,Magasin,Sport,Vélo VTT,6,545.21,0.1,2944.13,1079.87,189
2023-04-10,Roubaix,Magasin,Sport,Vélo VTT,1,545.21,0.1,490.69,179.98,226
2023-04-10,Lille,Magasin,Sport,Haltères 10kg,3,98.3,0.0,294.9,128.1,71
2023-04-10,Amiens,Magasin,Électroménager,Aspirateur,3,191.18,0.0,573.54,289.65,470
2023-04-10,Lille,Magasin,Bricolage,Tournevis set,4,636.28,0.0,2545.12,1281.76,415
2023-04-10,Roubaix,Magasin,Mode,Robe été,3,296.52,0.0,889.56,217.38,137
2023-04-11,Tourcoing,Magasin,Maison,Rideau occultant,2,101.21,0.0,202.42,89.78,476
2023-04-11,Tourcoing,Magasin,Bricolage,Peinture 5L,3,609.0,0.0,1827.0,976.38,61
2023-04-11,Tourcoing,Magasin,Sport,Vélo VTT,4,545.21,0.0,2180.84,938.0,233
2023-04-11,Roubaix,Magasin,Mode,Pull laine,4,884.49,0.05,3361.06,1807.34,158
2023-04-11,Tourcoing,Magasin,Bricolage,Perceuse,3,105.66,0.0,316.98,65.1,262
2023-04-11,Lille,Magasin,Mode,Robe été,1,296.52,0.0,296.52,72.46,203
2023-04-11,Roubaix,Magasin,Sport,Maillot bain,3,350.77,0.0,1052.31,597.9,393
2023-04-11,Roubaix,Magasin,Mode,Veste hiver,2,655.99,0.0,1311.98,648.16,324
2023-04-11,En ligne,E-commerce,Bricolage,Boîte à outils,3,83.21,0.0,249.63,68.97,264
2023-04-11,Tourcoing,Magasin,Sport,Chaussures running,1,569.53,0.0,569.53,310.2,502
2023-04-11,Dunkerque,Magasin,Sport,Maillot bain,1,350.77,0.0,350.77,199.3,497
2023-04-11,Valenciennes,Magasin,Électroménager,Micro-ondes,5,453.16,0.0,2265.8,857.8,252
2023-04-11,Roubaix,Magasin,Sport,Vélo VTT,1,545.21,0.0,545.21,234.5,478
2023-04-11,Amiens,Magasin,Électroménager,Robot cuiseur,3,249.97,0.05,712.41,238.26,544
2023-04-11,Roubaix,Magasin,Électroménager,Robot cuiseur,2,249.97,0.05,474.94,158.84,557
2023-04-12,Lille,Magasin,Maison,Étagère bois,2,279.59,0.0,559.18,178.24,565
2023-04-12,Amiens,Magasin,Maison,Lampe LED,2,134.22,0.0,268.44,136.56,288
2023-04-12,Tourcoing,Magasin,Maison,Lampe LED,1,134.22,0.0,134.22,68.28,370
2023-04-12,Lille,Magasin,Maison,Couette 220x240,1,224.09,0.0,224.09,90.39,6
2023-04-12,Amiens,Magasin,Bricolage,Peinture 5L,1,609.0,0.0,609.0,325.46,272
2023-04-12,Tourcoing,Magasin,Maison,Canapé 3 places,1,246.23,0.05,233.92,44.57,94
2023-04-12,Amiens,Magasin,Électroménager,Robot cuiseur,5,249.97,0.0,1249.85,459.6,54
2023-04-12,Roubaix,Magasin,Maison,Lampe LED,2,134.22,0.0,268.44,136.56,572
2023-04-12,Dunkerque,Magasin,Sport,Raquette tennis,3,706.19,0.0,2118.57,1086.12,169
2023-04-12,Dunkerque,Magasin,Bricolage,Perceuse,3,105.66,0.0,316.98,65.1,416
2023-04-12,Amiens,Magasin,Sport,Raquette tennis,3,706.19,0.0,2118.57,1086.12,594
2023-04-12,Roubaix,Magasin,Bricolage,Peinture 5L,1,609.0,0.0,609.0,325.46,81
2023-04-12,Lille,Magasin,Électroménager,Micro-ondes,3,453.16,0.05,1291.51,446.71,473
2023-04-12,Lille,Magasin,Mode,T-shirt coton,4,504.67,0.0,2018.68,800.92,212
2023-04-12,Amiens,Magasin,Électroménager,Robot cuiseur,2,249.97,0.0,499.94,183.84,224
2023-04-12,Lille,Magasin,Bricolage,Échelle alu,2,354.67,0.0,709.34,336.8,173
2023-04-12,En ligne,E-commerce,Maison,Rideau occultant,6,101.21,0.05,576.9,238.98,417
2023-04-13,Roubaix,Magasin,Électroménager,Réfrigérateur,1,387.37,0.0,387.37,112.78,551
2023-04-13,Lille,Magasin,Électroménager,Aspirateur,4,191.18,0.0,764.72,386.2,166
2023-04-13,Roubaix,Magasin,Maison,Couette 220x240,6,224.09,0.0,1344.54,542.34,541
2023-04-13,Amiens,Magasin,Sport,Vélo VTT,4,545.21,0.05,2071.8,828.96,308
2023-04-13,Valenciennes,Magasin,Maison,Rideau occultant,1,101.21,0.05,96.15,39.83,252
2023-04-13,Dunkerque,Magasin,Électroménager,Réfrigérateur,1,387.37,0.0,387.37,112.78,366
2023-04-13,Roubaix,Magasin,Bricolage,Tournevis set,2,636.28,0.0,1272.56,640.88,48
2023-04-13,En ligne,E-commerce,Électroménager,Micro-ondes,4,453.16,0.0,1812.64,686.24,52
2023-04-13,Lille,Magasin,Électroménager,Aspirateur,4,191.18,0.0,764.72,386.2,422
2023-04-13,Lille,Magasin,Électroménager,Réfrigérateur,2,387.37,0.0,774.74,225.56,96
2023-04-13,Lille,Magasin,Électroménager,Cafetière,3,392.24,0.0,1176.72,643.68,70
2023-04-13,Dunkerque,Magasin,Mode,Pull laine,1,884.49,0.0,884.49,496.06,53
2023-04-14,Roubaix,Magasin,Bricolage,Boîte à outils,3,83.21,0.0,249.63,68.97,350
2023-04-14,Lille,Magasin,Électroménager,Aspirateur,3,191.18,0.1,516.19,232.3,578
2023-04-14,Tourcoing,Magasin,Mode,Baskets ville,4,460.51,0.0,1842.04,592.2,588
2023-04-14,Lille,Magasin,Bricolage,Tournevis set,2,636.28,0.0,1272.56,640.88,233
2023-04-14,Amiens,Magasin,Sport,Ballon foot,3,100.1,0.0,300.3,173.7,157
2023-04-14,Lille,Magasin,Bricolage,Tournevis set,1,636.28,0.1,572.65,256.81,242
2023-04-14,En ligne,E-commerce,Mode,T-shirt coton,2,504.67,0.0,1009.34,400.46,402
2023-04-14,En ligne,E-commerce,Sport,Maillot bain,1,350.77,0.0,350.77,199.3,507
2023-04-14,Dunkerque,Magasin,Maison,Étagère bois,3,279.59,0.0,838.77,267.36,546
2023-04-14,Tourcoing,Magasin,Bricolage,Boîte à outils,2,83.21,0.05,158.1,37.66,37
2023-04-14,Lille,Magasin,Maison,Rideau occultant,4,101.21,0.0,404.84,179.56,8
2023-04-14,En ligne,E-commerce,Sport,Haltères 10kg,1,98.3,0.1,88.47,32.87,303
2023-04-14,Lille,Magasin,Bricolage,Peinture 5L,1,609.0,0.0,609.0,325.46,595
2023-04-14,Dunkerque,Magasin,Mode,Veste hiver,2,655.99,0.0,1311.98,648.16,546
2023-04-14,Valenciennes,Magasin,Électroménager,Micro-ondes,4,453.16,0.1,1631.38,504.98,167
2023-04-14,Dunkerque,Magasin,Maison,Set casseroles,2,706.85,0.05,1343.02,744.65,550
2023-04-14,Roubaix,Magasin,Mode,Baskets ville,4,460.51,0.0,1842.04,592.2,507
2023-04-14,Lille,Magasin,Maison,Étagère bois,1,279.59,0.0,279.59,89.12,269
2023-04-14,Valenciennes,Magasin,Maison,Set casseroles,3,706.85,0.0,2120.55,1223.01,216
2023-04-14,En ligne,E-commerce,Sport,Raquette tennis,1,706.19,0.0,706.19,362.04,149
2023-04-14,Roubaix,Magasin,Électroménager,Micro-ondes,1,453.16,0.0,453.16,171.56,44
2023-04-15,Dunkerque,Magasin,Sport,Vélo VTT,2,545.21,0.0,1090.42,469.0,482
2023-04-15,Dunkerque,Magasin,Bricolage,Échelle alu,4,354.67,0.0,1418.68,673.6,154
2023-04-15,Tourcoing,Magasin,Électroménager,Bouilloire,1,726.04,0.05,689.74,356.0,158
2023-04-15,Tourcoing,Magasin,Électroménager,Micro-ondes,4,453.16,0.1,1631.38,504.98,175
2023-04-15,Roubaix,Magasin,Maison,Set casseroles,3,706.85,0.0,2120.55,1223.01,112
2023-04-15,Dunkerque,Magasin,Bricolage,Boîte à outils,2,83.21,0.0,166.42,45.98,212
2023-04-15,Dunkerque,Magasin,Mode,Veste hiver,5,655.99,0.0,3279.95,1620.4,144
2023-04-15,Amiens,Magasin,Maison,Canapé 3 places,1,246.23,0.0,246.23,56.88,395
2023-04-15,En ligne,E-commerce,Sport,Chaussures running,1,569.53,0.0,569.53,310.2,428
2023-04-15,Tourcoing,Magasin,Bricolage,Tournevis set,1,636.28,0.0,636.28,320.44,542
2023-04-15,Roubaix,Magasin,Mode,Baskets ville,1,460.51,0.0,460.51,148.05,589
2023-04-15,Roubaix,Magasin,Maison,Set casseroles,5,706.85,0.0,3534.25,2038.35,139
2023-04-15,Amiens,Magasin,Électroménager,Robot cuiseur,1,249.97,0.0,249.97,91.92,394
2023-04-15,Lille,Magasin,Maison,Set casseroles,1,706.85,0.0,706.85,407.67,124
2023-04-15,Roubaix,Magasin,Mode,Baskets ville,4,460.51,0.1,1657.84,408.0,598
2023-04-15,Tourcoing,Magasin,Mode,Pull laine,4,884.49,0.0,3537.96,1984.24,391
2023-04-15,Valenciennes,Magasin,Maison,Couette 220x240,3,224.09,0.0,672.27,271.17,476
2023-04-15,Lille,Magasin,Mode,Jean homme,3,272.27,0.05,775.97,235.52,576
2023-04-15,Amiens,Magasin,Mode,Jean homme,1,272.27,0.05,258.66,78.51,317
2023-04-15,Tourcoing,Magasin,Maison,Couette 220x240,3,224.09,0.0,672.27,271.17,482
2023-04-15,Valenciennes,Magasin,Mode,Robe été,2,296.52,0.0,593.04,144.92,535
2023-04-15,Lille,Magasin,Électroménager,Cafetière,3,392.24,0.0,1176.72,643.68,40
2023-04-15,En ligne,E-commerce,Bricolage,Tournevis set,5,636.28,0.0,3181.4,1602.2,551
2023-04-15,Amiens,Magasin,Bricolage,Tournevis set,2,636.28,0.0,1272.56,640.88,390
2023-04-15,Valenciennes,Magasin,Mode,Veste hiver,2,655.99,0.0,1311.98,648.16,203
2023-04-16,Tourcoing,Magasin,Sport,Maillot bain,3,350.77,0.05,999.69,545.28,238
2023-04-16,Dunkerque,Magasin,Sport,Raquette tennis,4,706.19,0.0,2824.76,1448.16,303
2023-04-16,Dunkerque,Magasin,Mode,Veste hiver,3,655.99,0.0,1967.97,972.24,286
2023-04-16,En ligne,E-commerce,Mode,Baskets ville,2,460.51,0.0,921.02,296.1,356
2023-04-16,Amiens,Magasin,Mode,Baskets ville,1,460.51,0.05,437.48,125.02,472
2023-04-16,Valenciennes,Magasin,Mode,Pull laine,5,884.49,0.1,3980.2,2038.06,499
2023-04-16,Amiens,Magasin,Électroménager,Cafetière,3,392.24,0.05,1117.88,584.84,550
2023-04-16,Lille,Magasin,Mode,Jean homme,3,272.27,0.05,775.97,235.52,558
2023-04-16,Lille,Magasin,Mode,Robe été,4,296.52,0.1,1067.47,171.23,112
2023-04-16,Tourcoing,Magasin,Mode,Jean homme,1,272.27,0.05,258.66,78.51,269
2023-04-16,En ligne,E-commerce,Sport,Ballon foot,2,100.1,0.0,200.2,115.8,389
2023-04-17,Dunkerque,Magasin,Mode,T-shirt coton,3,504.67,0.0,1514.01,600.69,276
2023-04-17,Dunkerque,Magasin,Mode,T-shirt coton,3,504.67,0.0,1514.01,600.69,261
2023-04-17,Lille,Magasin,Bricolage,Peinture 5L,2,609.0,0.0,1218.0,650.92,102
2023-04-17,Roubaix,Magasin,Mode,Baskets ville,4,460.51,0.0,1842.04,592.2,208
2023-04-17,Dunkerque,Magasin,Bricolage,Peinture 5L,5,609.0,0.05,2892.75,1475.05,518
2023-04-17,Dunkerque,Magasin,Sport,Haltères 10kg,1,98.3,0.0,98.3,42.7,579
2023-04-17,Valenciennes,Magasin,Maison,Étagère bois,4,279.59,0.0,1118.36,356.48,408
2023-04-17,En ligne,E-commerce,Sport,Chaussures running,3,569.53,0.0,1708.59,930.6,81
2023-04-17,Dunkerque,Magasin,Bricolage,Perceuse,4,105.66,0.0,422.64,86.8,131
2023-04-17,Tourcoing,Magasin,Électroménager,Robot cuiseur,1,249.97,0.0,249.97,91.92,214
2023-04-17,Tourcoing,Magasin,Sport,Maillot bain,2,350.77,0.2,561.23,258.29,377
2023-04-17,Amiens,Magasin,Sport,Maillot bain,2,350.77,0.0,701.54,398.6,561
2023-04-17,Amiens,Magasin,Sport,Vélo VTT,3,545.21,0.0,1635.63,703.5,522
2023-04-17,Lille,Magasin,Mode,Pull laine,5,884.49,0.05,4201.33,2259.18,177
2023-04-17,Lille,Magasin,Électroménager,Micro-ondes,5,453.16,0.05,2152.51,744.51,360
2023-04-17,Valenciennes,Magasin,Électroménager,Robot cuiseur,4,249.97,0.0,999.88,367.68,584
2023-04-17,Roubaix,Magasin,Électroménager,Robot cuiseur,1,249.97,0.0,249.97,91.92,131
2023-04-17,Lille,Magasin,Maison,Lampe LED,2,134.22,0.0,268.44,136.56,592
2023-04-17,Lille,Magasin,Bricolage,Peinture 5L,2,609.0,0.0,1218.0,650.92,520
2023-04-18,Roubaix,Magasin,Maison,Set casseroles,4,706.85,0.0,2827.4,1630.68,275
2023-04-18,Lille,Magasin,Mode,Jean homme,4,272.27,0.0,1089.08,368.48,550
2023-04-18,En ligne,E-commerce,Maison,Canapé 3 places,3,246.23,0.0,738.69,170.64,256
2023-04-18,Lille,Magasin,Électroménager,Aspirateur,2,191.18,0.0,382.36,193.1,27
2023-04-18,Dunkerque,Magasin,Électroménager,Réfrigérateur,4,387.37,0.0,1549.48,451.12,153
2023-04-18,En ligne,E-commerce,Sport,Haltères 10kg,3,98.3,0.0,294.9,128.1,318
2023-04-18,En ligne,E-commerce,Sport,Vélo VTT,3,545.21,0.0,1635.63,703.5,18
2023-04-18,Amiens,Magasin,Mode,Jean homme,1,272.27,0.0,272.27,92.12,515
2023-04-18,En ligne,E-commerce,Sport,Tapis yoga,3,658.36,0.0,1975.08,1058.13,38
2023-04-18,Valenciennes,Magasin,Maison,Set casseroles,5,706.85,0.0,3534.25,2038.35,214
2023-04-18,Dunkerque,Magasin,Bricolage,Échelle alu,4,354.67,0.0,1418.68,673.6,426
2023-04-18,Lille,Magasin,Maison,Lampe LED,4,134.22,0.0,536.88,273.12,354
2023-04-18,Tourcoing,Magasin,Bricolage,Tournevis set,1,636.28,0.05,604.47,288.63,402
2023-04-18,En ligne,E-commerce,Électroménager,Micro-ondes,2,453.16,0.05,861.0,297.8,548
2023-04-18,En ligne,E-commerce,Sport,Raquette tennis,4,706.19,0.0,2824.76,1448.16,303
2023-04-19,Lille,Magasin,Maison,Set casseroles,2,706.85,0.2,1130.96,532.6,493
2023-04-19,Dunkerque,Magasin,Maison,Set casseroles,2,706.85,0.0,1413.7,815.34,587
2023-04-19,Roubaix,Magasin,Mode,Pull laine,2,884.49,0.0,1768.98,992.12,100
2023-04-19,Lille,Magasin,Mode,Veste hiver,3,655.99,0.0,1967.97,972.24,473
2023-04-19,Lille,Magasin,Mode,Pull laine,2,884.49,0.0,1768.98,992.12,99
2023-04-19,Lille,Magasin,Sport,Chaussures running,2,569.53,0.1,1025.15,506.49,233
2023-04-19,Valenciennes,Magasin,Électroménager,Réfrigérateur,4,387.37,0.0,1549.48,451.12,283
2023-04-19,Lille,Magasin,Électroménager,Robot cuiseur,5,249.97,0.0,1249.85,459.6,32
2023-04-19,Tourcoing,Magasin,Bricolage,Perceuse,1,105.66,0.0,105.66,21.7,485
2023-04-19,Dunkerque,Magasin,Sport,Raquette tennis,3,706.19,0.0,2118.57,1086.12,225
2023-04-19,En ligne,E-commerce,Maison,Étagère bois,5,279.59,0.0,1397.95,445.6,572
2023-04-19,Roubaix,Magasin,Mode,Jean homme,4,272.27,0.0,1089.08,368.48,470
2023-04-19,Dunkerque,Magasin,Maison,Couette 220x240,1,224.09,0.05,212.89,79.19,249
2023-04-19,Roubaix,Magasin,Électroménager,Réfrigérateur,3,387.37,0.0,1162.11,338.34,399
2023-04-20,Amiens,Magasin,Maison,Lampe LED,3,134.22,0.0,402.66,204.84,226
2023-04-20,Amiens,Magasin,Mode,Baskets ville,1,460.51,0.0,460.51,148.05,324
2023-04-20,En ligne,E-commerce,Sport,Tapis yoga,3,658.36,0.0,1975.08,1058.13,219
2023-04-20,Roubaix,Magasin,Sport,Haltères 10kg,2,98.3,0.0,196.6,85.4,494
2023-04-20,En ligne,E-commerce,Électroménager,Robot cuiseur,2,249.97,0.0,499.94,183.84,194
2023-04-20,Tourcoing,Magasin,Maison,Étagère bois,2,279.59,0.0,559.18,178.24,567
2023-04-20,En ligne,E-commerce,Mode,Robe été,3,296.52,0.0,889.56,217.38,473
2023-04-20,Lille,Magasin,Mode,Pull laine,4,884.49,0.05,3361.06,1807.34,577
2023-04-20,Amiens,Magasin,Maison,Set casseroles,3,706.85,0.0,2120.55,1223.01,362
2023-04-20,Amiens,Magasin,Sport,Tapis yoga,3,658.36,0.0,1975.08,1058.13,218
2023-04-20,Dunkerque,Magasin,Bricolage,Boîte à outils,1,83.21,0.0,83.21,22.99,489
2023-04-20,En ligne,E-commerce,Maison,Étagère bois,1,279.59,0.0,279.59,89.12,189
2023-04-20,Amiens,Magasin,Bricolage,Peinture 5L,2,609.0,0.0,1218.0,650.92,510
2023-04-20,En ligne,E-commerce,Maison,Set casseroles,4,706.85,0.1,2544.66,1347.94,336
2023-04-20,Amiens,Magasin,Maison,Set casseroles,3,706.85,0.0,2120.55,1223.01,453
2023-04-20,Roubaix,Magasin,Mode,Veste hiver,5,655.99,0.0,3279.95,1620.4,234
2023-04-21,Tourcoing,Magasin,Bricolage,Peinture 5L,3,609.0,0.0,1827.0,976.38,137
2023-04-21,Tourcoing,Magasin,Bricolage,Perceuse,1,105.66,0.0,105.66,21.7,208
2023-04-21,Roubaix,Magasin,Électroménager,Micro-ondes,1,453.16,0.05,430.5,148.9,451
2023-04-21,En ligne,E-commerce,Maison,Set casseroles,1,706.85,0.0,706.85,407.67,585
2023-04-21,Roubaix,Magasin,Bricolage,Perceuse,1,105.66,0.0,105.66,21.7,165
2023-04-21,Tourcoing,Magasin,Maison,Couette 220x240,1,224.09,0.0,224.09,90.39,459
2023-04-21,En ligne,E-commerce,Maison,Couette 220x240,4,224.09,0.0,896.36,361.56,138
2023-04-21,Tourcoing,Magasin,Électroménager,Micro-ondes,2,453.16,0.0,906.32,343.12,464
2023-04-21,Tourcoing,Magasin,Sport,Haltères 10kg,2,98.3,0.0,196.6,85.4,114
2023-04-21,Dunkerque,Magasin,Mode,Veste hiver,2,655.99,0.0,1311.98,648.16,420
2023-04-21,Dunkerque,Magasin,Bricolage,Échelle alu,4,354.67,0.0,1418.68,673.6,178
2023-04-21,Lille,Magasin,Bricolage,Peinture 5L,2,609.0,0.0,1218.0,650.92,432
2023-04-21,Dunkerque,Magasin,Sport,Tapis yoga,3,658.36,0.0,1975.08,1058.13,135
2023-04-21,En ligne,E-commerce,Bricolage,Boîte à outils,2,83.21,0.0,166.42,45.98,20
2023-04-21,Lille,Magasin,Sport,Maillot bain,4,350.77,0.0,1403.08,797.2,96
2023-04-22,Dunkerque,Magasin,Maison,Rideau occultant,3,101.21,0.0,303.63,134.67,559
2023-04-22,Amiens,Magasin,Sport,Haltères 10kg,2,98.3,0.1,176.94,65.74,589
2023-04-22,Amiens,Magasin,Électroménager,Micro-ondes,2,453.16,0.0,906.32,343.12,338
2023-04-22,Lille,Magasin,Maison,Lampe LED,4,134.22,0.0,536.88,273.12,393
2023-04-22,Valenciennes,Magasin,Électroménager,Bouilloire,3,726.04,0.0,2178.12,1176.9,290
2023-04-22,Roubaix,Magasin,Bricolage,Boîte à outils,2,83.21,0.0,166.42,45.98,239
2023-04-22,En ligne,E-commerce,Électroménager,Micro-ondes,5,453.16,0.0,2265.8,857.8,367
2023-04-22,Amiens,Magasin,Sport,Maillot bain,3,350.77,0.0,1052.31,597.9,162
2023-04-22,Lille,Magasin,Mode,Baskets ville,3,460.51,0.0,1381.53,444.15,308
2023-04-22,Dunkerque,Magasin,Mode,Veste hiver,1,655.99,0.0,655.99,324.08,491
2023-04-22,Lille,Magasin,Sport,Vélo VTT,6,545.21,0.0,3271.26,1407.0,404
2023-04-22,Lille,Magasin,Maison,Lampe LED,2,134.22,0.0,268.44,136.56,503
2023-04-22,Lille,Magasin,Sport,Vélo VTT,4,545.21,0.1,1962.76,719.92,391
2023-04-22,Amiens,Magasin,Sport,Tapis yoga,1,658.36,0.0,658.36,352.71,313
2023-04-22,Valenciennes,Magasin,Électroménager,Bouilloire,1,726.04,0.0,726.04,392.3,125
2023-04-22,Amiens,Magasin,Sport,Haltères 10kg,1,98.3,0.1,88.47,32.87,62
2023-04-22,Tourcoing,Magasin,Maison,Étagère bois,2,279.59,0.0,559.18,178.24,308
2023-04-23,Dunkerque,Magasin,Maison,Canapé 3 places,2,246.23,0.0,492.46,113.76,35
2023-04-23,Amiens,Magasin,Sport,Ballon foot,2,100.1,0.0,200.2,115.8,518
2023-04-23,Valenciennes,Magasin,Maison,Rideau occultant,2,101.21,0.0,202.42,89.78,179
2023-04-23,Lille,Magasin,Sport,Tapis yoga,3,658.36,0.0,1975.08,1058.13,325
2023-04-23,Lille,Magasin,Sport,Raquette tennis,1,706.19,0.0,706.19,362.04,334
2023-04-23,En ligne,E-commerce,Mode,Baskets ville,5,460.51,0.0,2302.55,740.25,98
2023-04-23,Tourcoing,Magasin,Mode,Robe été,3,296.52,0.0,889.56,217.38,576
2023-04-23,Valenciennes,Magasin,Mode,Pull laine,3,884.49,0.0,2653.47,1488.18,404
2023-04-23,En ligne,E-commerce,Maison,Étagère bois,4,279.59,0.0,1118.36,356.48,23
2023-04-23,Valenciennes,Magasin,Électroménager,Aspirateur,1,191.18,0.0,191.18,96.55,53
2023-04-23,Amiens,Magasin,Bricolage,Perceuse,1,105.66,0.1,95.09,11.13,137
2023-04-23,Lille,Magasin,Sport,Ballon foot,3,100.1,0.0,300.3,173.7,138
2023-04-23,Lille,Magasin,Électroménager,Micro-ondes,4,453.16,0.0,1812.64,686.24,479
2023-04-23,Valenciennes,Magasin,Électroménager,Robot cuiseur,1,249.97,0.0,249.97,91.92,457
2023-04-23,Lille,Magasin,Électroménager,Micro-ondes,6,453.16,0.05,2583.01,893.41,261
2023-04-23,Roubaix,Magasin,Maison,Rideau occultant,2,101.21,0.0,202.42,89.78,278
2023-04-23,Dunkerque,Magasin,Mode,Robe été,1,296.52,0.0,296.52,72.46,565
2023-04-23,Roubaix,Magasin,Maison,Lampe LED,2,134.22,0.0,268.44,136.56,155
2023-04-23,Lille,Magasin,Maison,Rideau occultant,4,101.21,0.2,323.87,98.59,473
2023-04-24,Valenciennes,Magasin,Électroménager,Robot cuiseur,4,249.97,0.0,999.88,367.68,331
2023-04-24,Tourcoing,Magasin,Électroménager,Micro-ondes,3,453.16,0.2,1087.58,242.78,449
2023-04-24,Roubaix,Magasin,Bricolage,Perceuse,5,105.66,0.0,528.3,108.5,16
2023-04-24,En ligne,E-commerce,Électroménager,Cafetière,2,392.24,0.1,706.03,350.67,279
2023-04-24,Roubaix,Magasin,Mode,Pull laine,1,884.49,0.0,884.49,496.06,30
2023-04-24,Dunkerque,Magasin,Sport,Vélo VTT,4,545.21,0.0,2180.84,938.0,559
2023-04-24,Lille,Magasin,Mode,Jean homme,3,272.27,0.0,816.81,276.36,266
2023-04-24,Tourcoing,Magasin,Maison,Lampe LED,3,134.22,0.0,402.66,204.84,464
2023-04-24,Amiens,Magasin,Électroménager,Bouilloire,3,726.04,0.0,2178.12,1176.9,120
2023-04-24,Lille,Magasin,Bricolage,Perceuse,3,105.66,0.0,316.98,65.1,221
2023-04-24,Amiens,Magasin,Maison,Couette 220x240,1,224.09,0.0,224.09,90.39,529
2023-04-24,Lille,Magasin,Maison,Rideau occultant,1,101.21,0.0,101.21,44.89,356
2023-04-24,Amiens,Magasin,Électroménager,Aspirateur,2,191.18,0.0,382.36,193.1,212
2023-04-24,Roubaix,Magasin,Électroménager,Micro-ondes,3,453.16,0.0,1359.48,514.68,250
2023-04-24,Lille,Magasin,Sport,Maillot bain,1,350.77,0.0,350.77,199.3,115
2023-04-24,Roubaix,Magasin,Sport,Ballon foot,1,100.1,0.0,100.1,57.9,393
2023-04-24,Lille,Magasin,Sport,Vélo VTT,1,545.21,0.05,517.95,207.24,142
2023-04-24,Tourcoing,Magasin,Sport,Ballon foot,2,100.1,0.0,200.2,115.8,6
2023-04-25,Amiens,Magasin,Bricolage,Peinture 5L,4,609.0,0.0,2436.0,1301.84,397
2023-04-25,Roubaix,Magasin,Mode,Jean homme,4,272.27,0.0,1089.08,368.48,186
2023-04-25,En ligne,E-commerce,Bricolage,Peinture 5L,1,609.0,0.0,609.0,325.46,181
2023-04-25,Lille,Magasin,Bricolage,Tournevis set,2,636.28,0.0,1272.56,640.88,343
2023-04-25,Roubaix,Magasin,Maison,Étagère bois,3,279.59,0.0,838.77,267.36,92
2023-04-25,Lille,Magasin,Bricolage,Boîte à outils,1,83.21,0.0,83.21,22.99,51
2023-04-25,Dunkerque,Magasin,Électroménager,Cafetière,3,392.24,0.0,1176.72,643.68,466
2023-04-25,Amiens,Magasin,Bricolage,Boîte à outils,1,83.21,0.0,83.21,22.99,148
2023-04-25,Amiens,Magasin,Électroménager,Micro-ondes,4,453.16,0.0,1812.64,686.24,580
2023-04-25,Dunkerque,Magasin,Bricolage,Peinture 5L,4,609.0,0.0,2436.0,1301.84,185
2023-04-25,Dunkerque,Magasin,Sport,Maillot bain,2,350.77,0.2,561.23,258.29,75
2023-04-25,Dunkerque,Magasin,Électroménager,Micro-ondes,2,453.16,0.0,906.32,343.12,501
2023-04-25,Amiens,Magasin,Électroménager,Réfrigérateur,1,387.37,0.0,387.37,112.78,345
2023-04-25,Tourcoing,Magasin,Bricolage,Échelle alu,4,354.67,0.0,1418.68,673.6,235
2023-04-25,Lille,Magasin,Électroménager,Aspirateur,6,191.18,0.0,1147.08,579.3,570
2023-04-25,Roubaix,Magasin,Maison,Étagère bois,3,279.59,0.0,838.77,267.36,21
2023-04-25,Roubaix,Magasin,Électroménager,Micro-ondes,2,453.16,0.2,725.06,161.86,53
2023-04-25,Tourcoing,Magasin,Électroménager,Aspirateur,1,191.18,0.0,191.18,96.55,287
2023-04-25,Dunkerque,Magasin,Sport,Maillot bain,5,350.77,0.0,1753.85,996.5,217
2023-04-26,Dunkerque,Magasin,Sport,Chaussures running,2,569.53,0.0,1139.06,620.4,155
2023-04-26,Roubaix,Magasin,Électroménager,Aspirateur,3,191.18,0.1,516.19,232.3,421
2023-04-26,Lille,Magasin,Électroménager,Micro-ondes,3,453.16,0.0,1359.48,514.68,579
2023-04-26,En ligne,E-commerce,Maison,Canapé 3 places,5,246.23,0.0,1231.15,284.4,464
2023-04-26,Tourcoing,Magasin,Bricolage,Tournevis set,4,636.28,0.0,2545.12,1281.76,359
2023-04-26,Roubaix,Magasin,Maison,Rideau occultant,2,101.21,0.0,202.42,89.78,81
2023-04-26,Dunkerque,Magasin,Mode,Robe été,1,296.52,0.0,296.52,72.46,332
2023-04-26,Roubaix,Magasin,Sport,Tapis yoga,1,658.36,0.1,592.52,286.87,215
2023-04-26,Dunkerque,Magasin,Électroménager,Aspirateur,4,191.18,0.0,764.72,386.2,514
2023-04-26,Roubaix,Magasin,Électroménager,Réfrigérateur,1,387.37,0.0,387.37,112.78,313
2023-04-26,Lille,Magasin,Bricolage,Boîte à outils,2,83.21,0.0,166.42,45.98,352
2023-04-26,En ligne,E-commerce,Sport,Chaussures running,3,569.53,0.0,1708.59,930.6,284
2023-04-26,En ligne,E-commerce,Bricolage,Boîte à outils,2,83.21,0.0,166.42,45.98,231
2023-04-26,Roubaix,Magasin,Électroménager,Robot cuiseur,4,249.97,0.0,999.88,367.68,179
2023-04-26,Dunkerque,Magasin,Mode,Robe été,1,296.52,0.0,296.52,72.46,5
2023-04-26,Lille,Magasin,Mode,T-shirt coton,1,504.67,0.1,454.2,149.76,280
2023-04-26,Roubaix,Magasin,Mode,Pull laine,4,884.49,0.0,3537.96,1984.24,40
2023-04-26,Roubaix,Magasin,Sport,Chaussures running,3,569.53,0.0,1708.59,930.6,561
2023-04-26,Valenciennes,Magasin,Électroménager,Réfrigérateur,2,387.37,0.2,619.79,70.61,214
2023-04-26,Roubaix,Magasin,Mode,Baskets ville,2,460.51,0.0,921.02,296.1,253
2023-04-26,Dunkerque,Magasin,Bricolage,Perceuse,1,105.66,0.0,105.66,21.7,291
2023-04-26,Lille,Magasin,Mode,Pull laine,4,884.49,0.0,3537.96,1984.24,167
2023-04-27,Lille,Magasin,Mode,Pull laine,5,884.49,0.0,4422.45,2480.3,487
2023-04-27,Dunkerque,Magasin,Bricolage,Tournevis set,4,636.28,0.0,2545.12,1281.76,161
2023-04-27,Tourcoing,Magasin,Sport,Haltères 10kg,1,98.3,0.1,88.47,32.87,106
2023-04-27,Lille,Magasin,Maison,Rideau occultant,2,101.21,0.0,202.42,89.78,181
2023-04-27,Dunkerque,Magasin,Maison,Étagère bois,4,279.59,0.0,1118.36,356.48,247
2023-04-27,Roubaix,Magasin,Sport,Haltères 10kg,1,98.3,0.0,98.3,42.7,153
2023-04-27,Roubaix,Magasin,Électroménager,Bouilloire,2,726.04,0.0,1452.08,784.6,485
2023-04-27,Dunkerque,Magasin,Sport,Ballon foot,4,100.1,0.0,400.4,231.6,13
2023-04-27,Valenciennes,Magasin,Mode,Jean homme,2,272.27,0.0,544.54,184.24,47
2023-04-27,Dunkerque,Magasin,Maison,Étagère bois,3,279.59,0.0,838.77,267.36,190
2023-04-27,Amiens,Magasin,Bricolage,Échelle alu,3,354.67,0.0,1064.01,505.2,509
2023-04-27,Lille,Magasin,Sport,Tapis yoga,3,658.36,0.0,1975.08,1058.13,67
2023-04-27,Dunkerque,Magasin,Sport,Ballon foot,1,100.1,0.0,100.1,57.9,33
2023-04-27,Amiens,Magasin,Sport,Maillot bain,5,350.77,0.0,1753.85,996.5,257
2023-04-27,Amiens,Magasin,Électroménager,Bouilloire,2,726.04,0.0,1452.08,784.6,428
2023-04-27,En ligne,E-commerce,Mode,Robe été,2,296.52,0.0,593.04,144.92,101
2023-04-27,Amiens,Magasin,Sport,Maillot bain,5,350.77,0.1,1578.46,821.11,180
2023-04-28,Dunkerque,Magasin,Sport,Maillot bain,2,350.77,0.0,701.54,398.6,411
2023-04-28,Tourcoing,Magasin,Sport,Raquette tennis,1,706.19,0.0,706.19,362.04,222
2023-04-28,Tourcoing,Magasin,Mode,Baskets ville,4,460.51,0.0,1842.04,592.2,443
2023-04-28,Valenciennes,Magasin,Maison,Lampe LED,1,134.22,0.0,134.22,68.28,418
2023-04-28,En ligne,E-commerce,Sport,Raquette tennis,1,706.19,0.2,564.95,220.8,297
2023-04-28,Tourcoing,Magasin,Bricolage,Peinture 5L,1,609.0,0.0,609.0,325.46,594
2023-04-28,En ligne,E-commerce,Maison,Étagère bois,2,279.59,0.0,559.18,178.24,97
2023-04-28,Valenciennes,Magasin,Sport,Haltères 10kg,2,98.3,0.0,196.6,85.4,311
2023-04-28,Lille,Magasin,Maison,Lampe LED,6,134.22,0.0,805.32,409.68,273
2023-04-28,Amiens,Magasin,Maison,Canapé 3 places,1,246.23,0.1,221.61,32.26,230
2023-04-28,Dunkerque,Magasin,Mode,Veste hiver,4,655.99,0.05,2492.76,1165.12,406
2023-04-28,Roubaix,Magasin,Sport,Vélo VTT,4,545.21,0.0,2180.84,938.0,181
2023-04-28,Lille,Magasin,Maison,Rideau occultant,1,101.21,0.1,91.09,34.77,256
2023-04-28,Roubaix,Magasin,Bricolage,Perceuse,2,105.66,0.0,211.32,43.4,524
2023-04-28,Amiens,Magasin,Électroménager,Réfrigérateur,5,387.37,0.0,1936.85,563.9,30
2023-04-28,Lille,Magasin,Électroménager,Aspirateur,4,191.18,0.05,726.48,347.96,225
2023-04-28,Lille,Magasin,Électroménager,Réfrigérateur,4,387.37,0.0,1549.48,451.12,595
2023-04-28,Tourcoing,Magasin,Sport,Vélo VTT,3,545.21,0.0,1635.63,703.5,521
2023-04-28,Roubaix,Magasin,Maison,Set casseroles,5,706.85,0.0,3534.25,2038.35,408
2023-04-28,Tourcoing,Magasin,Électroménager,Cafetière,3,392.24,0.0,1176.72,643.68,174
2023-04-28,Dunkerque,Magasin,Électroménager,Aspirateur,4,191.18,0.0,764.72,386.2,85
2023-04-29,Tourcoing,Magasin,Mode,Baskets ville,1,460.51,0.0,460.51,148.05,229
2023-04-29,Valenciennes,Magasin,Sport,Tapis yoga,4,658.36,0.0,2633.44,1410.84,422
2023-04-29,Lille,Magasin,Électroménager,Micro-ondes,3,453.16,0.0,1359.48,514.68,68
2023-04-29,En ligne,E-commerce,Sport,Haltères 10kg,3,98.3,0.2,235.92,69.12,387
2023-04-29,Valenciennes,Magasin,Maison,Rideau occultant,2,101.21,0.0,202.42,89.78,188
2023-04-29,Tourcoing,Magasin,Électroménager,Micro-ondes,1,453.16,0.0,453.16,171.56,322
2023-04-29,Dunkerque,Magasin,Sport,Ballon foot,3,100.1,0.0,300.3,173.7,360
2023-04-29,Amiens,Magasin,Maison,Canapé 3 places,5,246.23,0.0,1231.15,284.4,320
2023-04-29,Roubaix,Magasin,Sport,Tapis yoga,3,658.36,0.0,1975.08,1058.13,302
2023-04-29,Amiens,Magasin,Électroménager,Cafetière,2,392.24,0.0,784.48,429.12,559
2023-04-30,Amiens,Magasin,Maison,Rideau occultant,6,101.21,0.05,576.9,238.98,441
2023-04-30,Amiens,Magasin,Sport,Vélo VTT,3,545.21,0.1,1472.07,539.94,18
2023-04-30,Tourcoing,Magasin,Mode,Pull laine,4,884.49,0.0,3537.96,1984.24,312
2023-04-30,Dunkerque,Magasin,Mode,Robe été,2,296.52,0.0,593.04,144.92,467
2023-04-30,En ligne,E-commerce,Maison,Lampe LED,3,134.22,0.0,402.66,204.84,50
2023-04-30,Lille,Magasin,Mode,T-shirt coton,2,504.67,0.0,1009.34,400.46,350
2023-04-30,Amiens,Magasin,Sport,Maillot bain,4,350.77,0.0,1403.08,797.2,315
2023-04-30,En ligne,E-commerce,Sport,Tapis yoga,2,658.36,0.0,1316.72,705.42,207
2023-04-30,Amiens,Magasin,Sport,Chaussures running,3,569.53,0.0,1708.59,930.6,412
2023-04-30,En ligne,E-commerce,Mode,T-shirt coton,5,504.67,0.0,2523.35,1001.15,527
2023-04-30,Dunkerque,Magasin,Bricolage,Échelle alu,2,354.67,0.0,709.34,336.8,123
2023-04-30,En ligne,E-commerce,Bricolage,Boîte à outils,2,83.21,0.05,158.1,37.66,467
2023-04-30,Lille,Magasin,Mode,Robe été,2,296.52,0.0,593.04,144.92,567
2023-05-01,Tourcoing,Magasin,Électroménager,Bouilloire,3,726.04,0.0,2178.12,1176.9,108
2023-05-01,Lille,Magasin,Mode,Pull laine,1,884.49,0.0,884.49,496.06,400
2023-05-01,Lille,Magasin,Sport,Raquette tennis,6,706.19,0.0,4237.14,2172.24,112
2023-05-01,En ligne,E-commerce,Mode,Jean homme,5,272.27,0.0,1361.35,460.6,486
2023-05-01,Amiens,Magasin,Mode,Veste hiver,1,655.99,0.1,590.39,258.48,482
2023-05-01,Dunkerque,Magasin,Sport,Maillot bain,1,350.77,0.0,350.77,199.3,140
2023-05-01,Lille,Magasin,Sport,Maillot bain,1,350.77,0.0,350.77,199.3,572
2023-05-01,Tourcoing,Magasin,Mode,Robe été,2,296.52,0.05,563.39,115.27,317
2023-05-01,Lille,Magasin,Électroménager,Robot cuiseur,3,249.97,0.0,749.91,275.76,73
2023-05-01,Amiens,Magasin,Sport,Raquette tennis,4,706.19,0.0,2824.76,1448.16,115
2023-05-01,Amiens,Magasin,Mode,Veste hiver,3,655.99,0.05,1869.57,873.84,101
2023-05-01,Dunkerque,Magasin,Mode,Pull laine,1,884.49,0.0,884.49,496.06,245
2023-05-01,Lille,Magasin,Mode,Jean homme,5,272.27,0.0,1361.35,460.6,371
2023-05-01,Dunkerque,Magasin,Sport,Tapis yoga,1,658.36,0.0,658.36,352.71,544
2023-05-01,Tourcoing,Magasin,Bricolage,Échelle alu,4,354.67,0.05,1347.75,602.67,28
2023-05-01,Dunkerque,Magasin,Maison,Set casseroles,4,706.85,0.0,2827.4,1630.68,548
2023-05-01,Tourcoing,Magasin,Bricolage,Tournevis set,3,636.28,0.0,1908.84,961.32,393
2023-05-02,Valenciennes,Magasin,Mode,T-shirt coton,4,504.67,0.0,2018.68,800.92,172
2023-05-02,Amiens,Magasin,Sport,Chaussures running,1,569.53,0.0,569.53,310.2,526
2023-05-02,Roubaix,Magasin,Maison,Canapé 3 places,3,246.23,0.0,738.69,170.64,245
2023-05-02,Tourcoing,Magasin,Sport,Tapis yoga,2,658.36,0.0,1316.72,705.42,276
2023-05-02,En ligne,E-commerce,Maison,Canapé 3 places,1,246.23,0.0,246.23,56.88,85
2023-05-02,En ligne,E-commerce,Sport,Vélo VTT,3,545.21,0.0,1635.63,703.5,428
2023-05-02,Lille,Magasin,Électroménager,Robot cuiseur,2,249.97,0.0,499.94,183.84,291
2023-05-02,Dunkerque,Magasin,Bricolage,Boîte à outils,4,83.21,0.1,299.56,58.68,84
2023-05-02,Dunkerque,Magasin,Mode,Jean homme,2,272.27,0.0,544.54,184.24,243
2023-05-02,Amiens,Magasin,Sport,Chaussures running,4,569.53,0.05,2164.21,1126.89,307
2023-05-02,Amiens,Magasin,Sport,Raquette tennis,5,706.19,0.1,3177.86,1457.11,295
2023-05-02,En ligne,E-commerce,Maison,Lampe LED,4,134.22,0.0,536.88,273.12,566
2023-05-02,Tourcoing,Magasin,Bricolage,Perceuse,2,105.66,0.0,211.32,43.4,566
2023-05-02,Valenciennes,Magasin,Mode,Baskets ville,4,460.51,0.0,1842.04,592.2,236
2023-05-03,En ligne,E-commerce,Sport,Ballon foot,2,100.1,0.0,200.2,115.8,546
2023-05-03,En ligne,E-commerce,Sport,Vélo VTT,5,545.21,0.0,2726.05,1172.5,424
2023-05-03,En ligne,E-commerce,Électroménager,Micro-ondes,2,453.16,0.0,906.32,343.12,476
2023-05-03,Lille,Magasin,Mode,Pull laine,1,884.49,0.0,884.49,496.06,105
2023-05-03,Tourcoing,Magasin,Bricolage,Tournevis set,2,636.28,0.0,1272.56,640.88,592
2023-05-03,En ligne,E-commerce,Maison,Canapé 3 places,1,246.23,0.0,246.23,56.88,498
2023-05-03,Tourcoing,Magasin,Maison,Set casseroles,2,706.85,0.0,1413.7,815.34,225
2023-05-03,Lille,Magasin,Mode,Pull laine,1,884.49,0.0,884.49,496.06,214
2023-05-03,Roubaix,Magasin,Mode,T-shirt coton,4,504.67,0.0,2018.68,800.92,67
2023-05-03,Amiens,Magasin,Électroménager,Robot cuiseur,2,249.97,0.0,499.94,183.84,195
2023-05-03,En ligne,E-commerce,Mode,Pull laine,5,884.49,0.0,4422.45,2480.3,150
2023-05-03,Dunkerque,Magasin,Sport,Maillot bain,1,350.77,0.2,280.62,129.15,105
2023-05-03,Dunkerque,Magasin,Électroménager,Aspirateur,3,191.18,0.0,573.54,289.65,126
2023-05-03,Lille,Magasin,Bricolage,Peinture 5L,3,609.0,0.0,1827.0,976.38,198
2023-05-03,Roubaix,Magasin,Sport,Tapis yoga,3,658.36,0.0,1975.08,1058.13,165
2023-05-03,Dunkerque,Magasin,Maison,Lampe LED,2,134.22,0.0,268.44,136.56,252
2023-05-03,Amiens,Magasin,Bricolage,Perceuse,3,105.66,0.0,316.98,65.1,224
2023-05-04,Tourcoing,Magasin,Mode,Baskets ville,3,460.51,0.0,1381.53,444.15,180
2023-05-04,Tourcoing,Magasin,Mode,T-shirt coton,1,504.67,0.0,504.67,200.23,343
2023-05-04,En ligne,E-commerce,Sport,Raquette tennis,3,706.19,0.0,2118.57,1086.12,478
2023-05-04,Valenciennes,Magasin,Sport,Ballon foot,3,100.1,0.0,300.3,173.7,165
2023-05-04,Dunkerque,Magasin,Bricolage,Peinture 5L,2,609.0,0.0,1218.0,650.92,453
2023-05-04,Roubaix,Magasin,Électroménager,Robot cuiseur,2,249.97,0.0,499.94,183.84,200
2023-05-04,Lille,Magasin,Électroménager,Robot cuiseur,1,249.97,0.0,249.97,91.92,256
2023-05-04,Lille,Magasin,Maison,Rideau occultant,2,101.21,0.0,202.42,89.78,511
2023-05-04,Valenciennes,Magasin,Électroménager,Bouilloire,3,726.04,0.0,2178.12,1176.9,250
2023-05-04,Lille,Magasin,Mode,Baskets ville,4,460.51,0.0,1842.04,592.2,531
2023-05-04,Tourcoing,Magasin,Sport,Raquette tennis,2,706.19,0.0,1412.38,724.08,448
2023-05-05,Lille,Magasin,Électroménager,Cafetière,3,392.24,0.0,1176.72,643.68,383
2023-05-05,Tourcoing,Magasin,Mode,Veste hiver,4,655.99,0.1,2361.56,1033.92,421
2023-05-05,Tourcoing,Magasin,Maison,Couette 220x240,4,224.09,0.0,896.36,361.56,50
2023-05-05,Roubaix,Magasin,Bricolage,Échelle alu,4,354.67,0.0,1418.68,673.6,448
2023-05-05,Lille,Magasin,Maison,Lampe LED,1,134.22,0.0,134.22,68.28,410
2023-05-05,Lille,Magasin,Bricolage,Perceuse,4,105.66,0.1,380.38,44.54,223
2023-05-05,Roubaix,Magasin,Sport,Haltères 10kg,3,98.3,0.0,294.9,128.1,483
2023-05-05,Amiens,Magasin,Maison,Couette 220x240,1,224.09,0.0,224.09,90.39,10
2023-05-05,Lille,Magasin,Bricolage,Boîte à outils,1,83.21,0.0,83.21,22.99,204
2023-05-05,Lille,Magasin,Maison,Set casseroles,4,706.85,0.0,2827.4,1630.68,470
2023-05-05,Tourcoing,Magasin,Sport,Haltères 10kg,1,98.3,0.0,98.3,42.7,304
2023-05-05,Dunkerque,Magasin,Bricolage,Peinture 5L,5,609.0,0.2,2436.0,1018.3,77
2023-05-05,Tourcoing,Magasin,Sport,Tapis yoga,1,658.36,0.1,592.52,286.87,477
2023-05-05,Lille,Magasin,Sport,Raquette tennis,6,706.19,0.2,3389.71,1324.81,586
2023-05-05,Amiens,Magasin,Sport,Vélo VTT,1,545.21,0.0,545.21,234.5,229
2023-05-05,Lille,Magasin,Sport,Vélo VTT,1,545.21,0.0,545.21,234.5,77
2023-05-05,Amiens,Magasin,Maison,Couette 220x240,2,224.09,0.0,448.18,180.78,272
2023-05-06,Dunkerque,Magasin,Maison,Set casseroles,2,706.85,0.0,1413.7,815.34,372
2023-05-06,Valenciennes,Magasin,Maison,Étagère bois,5,279.59,0.0,1397.95,445.6,582
2023-05-06,Roubaix,Magasin,Bricolage,Échelle alu,2,354.67,0.0,709.34,336.8,197
2023-05-06,Dunkerque,Magasin,Sport,Tapis yoga,4,658.36,0.05,2501.77,1279.17,598
2023-05-06,Roubaix,Magasin,Bricolage,Échelle alu,1,354.67,0.0,354.67,168.4,46
2023-05-06,Valenciennes,Magasin,Bricolage,Perceuse,2,105.66,0.0,211.32,43.4,539
2023-05-06,Lille,Magasin,Mode,Pull laine,3,884.49,0.0,2653.47,1488.18,583
2023-05-06,Roubaix,Magasin,Mode,Jean homme,2,272.27,0.0,544.54,184.24,156
2023-05-06,Lille,Magasin,Mode,T-shirt coton,3,504.67,0.0,1514.01,600.69,359
2023-05-06,Amiens,Magasin,Mode,Robe été,3,296.52,0.0,889.56,217.38,124
2023-05-07,Roubaix,Magasin,Maison,Couette 220x240,5,224.09,0.0,1120.45,451.95,555
2023-05-07,Lille,Magasin,Mode,Baskets ville,3,460.51,0.05,1312.45,375.07,198
2023-05-07,Lille,Magasin,Bricolage,Boîte à outils,3,83.21,0.1,224.67,44.01,514
2023-05-07,Valenciennes,Magasin,Sport,Ballon foot,2,100.1,0.0,200.2,115.8,313
2023-05-07,Roubaix,Magasin,Bricolage,Peinture 5L,3,609.0,0.05,1735.65,885.03,199
2023-05-07,Dunkerque,Magasin,Mode,Pull laine,2,884.49,0.2,1415.18,638.32,275
2023-05-07,Lille,Magasin,Mode,Robe été,2,296.52,0.0,593.04,144.92,531
2023-05-07,Dunkerque,Magasin,Bricolage,Tournevis set,1,636.28,0.0,636.28,320.44,296
2023-05-07,Lille,Magasin,Maison,Couette 220x240,6,224.09,0.05,1277.31,475.11,428
2023-05-07,Lille,Magasin,Bricolage,Échelle alu,3,354.67,0.1,957.61,398.8,33
2023-05-07,Dunkerque,Magasin,Électroménager,Aspirateur,4,191.18,0.1,688.25,309.73,23
2023-05-07,Roubaix,Magasin,Mode,Robe été,4,296.52,0.0,1186.08,289.84,1
2023-05-07,Lille,Magasin,Sport,Chaussures running,2,569.53,0.0,1139.06,620.4,43
2023-05-07,Amiens,Magasin,Maison,Couette 220x240,4,224.09,0.0,896.36,361.56,63
2023-05-07,Lille,Magasin,Sport,Haltères 10kg,3,98.3,0.0,294.9,128.1,512
2023-05-07,Amiens,Magasin,Maison,Set casseroles,2,706.85,0.0,1413.7,815.34,521
2023-05-07,Roubaix,Magasin,Bricolage,Boîte à outils,3,83.21,0.0,249.63,68.97,542
2023-05-07,Tourcoing,Magasin,Bricolage,Peinture 5L,2,609.0,0.0,1218.0,650.92,590
2023-05-08,Lille,Magasin,Maison,Set casseroles,3,706.85,0.1,1908.5,1010.96,413
2023-05-08,Dunkerque,Magasin,Électroménager,Réfrigérateur,4,387.37,0.0,1549.48,451.12,59
2023-05-08,Dunkerque,Magasin,Maison,Couette 220x240,5,224.09,0.0,1120.45,451.95,227
2023-05-08,Lille,Magasin,Sport,Raquette tennis,6,706.19,0.0,4237.14,2172.24,391
2023-05-08,Lille,Magasin,Sport,Ballon foot,4,100.1,0.0,400.4,231.6,5
2023-05-08,Valenciennes,Magasin,Électroménager,Robot cuiseur,3,249.97,0.05,712.41,238.26,39
2023-05-08,En ligne,E-commerce,Électroménager,Réfrigérateur,4,387.37,0.0,1549.48,451.12,65
2023-05-08,Roubaix,Magasin,Sport,Maillot bain,1,350.77,0.0,350.77,199.3,1
2023-05-08,En ligne,E-commerce,Électroménager,Robot cuiseur,4,249.97,0.0,999.88,367.68,403
2023-05-08,Dunkerque,Magasin,Maison,Rideau occultant,4,101.21,0.0,404.84,179.56,577
2023-05-08,En ligne,E-commerce,Mode,Jean homme,4,272.27,0.0,1089.08,368.48,203
2023-05-08,Roubaix,Magasin,Électroménager,Robot cuiseur,3,249.97,0.05,712.41,238.26,102
2023-05-08,En ligne,E-commerce,Électroménager,Aspirateur,4,191.18,0.05,726.48,347.96,376
2023-05-08,Dunkerque,Magasin,Électroménager,Aspirateur,2,191.18,0.0,382.36,193.1,481
2023-05-08,Roubaix,Magasin,Bricolage,Boîte à outils,5,83.21,0.05,395.25,94.15,210
2023-05-08,Roubaix,Magasin,Électroménager,Réfrigérateur,4,387.37,0.0,1549.48,451.12,86
2023-05-08,En ligne,E-commerce,Mode,Robe été,4,296.52,0.0,1186.08,289.84,321
2023-05-08,Tourcoing,Magasin,Maison,Étagère bois,4,279.59,0.0,1118.36,356.48,541
2023-05-08,Tourcoing,Magasin,Sport,Maillot bain,1,350.77,0.0,350.77,199.3,159
2023-05-08,Amiens,Magasin,Bricolage,Perceuse,2,105.66,0.0,211.32,43.4,567
2023-05-08,Lille,Magasin,Bricolage,Peinture 5L,2,609.0,0.0,1218.0,650.92,471
2023-05-09,Lille,Magasin,Maison,Rideau occultant,3,101.21,0.0,303.63,134.67,249
2023-05-09,En ligne,E-commerce,Sport,Ballon foot,1,100.1,0.0,100.1,57.9,128
2023-05-09,Roubaix,Magasin,Maison,Couette 220x240,5,224.09,0.0,1120.45,451.95,78
2023-05-09,Valenciennes,Magasin,Sport,Tapis yoga,1,658.36,0.0,658.36,352.71,511
2023-05-09,Lille,Magasin,Électroménager,Réfrigérateur,3,387.37,0.0,1162.11,338.34,373
2023-05-09,Roubaix,Magasin,Électroménager,Micro-ondes,5,453.16,0.05,2152.51,744.51,331
2023-05-09,Amiens,Magasin,Mode,T-shirt coton,2,504.67,0.0,1009.34,400.46,142
2023-05-09,Lille,Magasin,Maison,Lampe LED,3,134.22,0.0,402.66,204.84,554
2023-05-09,Roubaix,Magasin,Bricolage,Boîte à outils,2,83.21,0.0,166.42,45.98,277
2023-05-09,Roubaix,Magasin,Sport,Raquette tennis,3,706.19,0.0,2118.57,1086.12,410
2023-05-09,Roubaix,Magasin,Maison,Rideau occultant,3,101.21,0.0,303.63,134.67,101
2023-05-09,Amiens,Magasin,Sport,Tapis yoga,2,658.36,0.05,1250.88,639.58,361
2023-05-10,Roubaix,Magasin,Sport,Haltères 10kg,3,98.3,0.0,294.9,128.1,589
2023-05-10,Dunkerque,Magasin,Maison,Canapé 3 places,2,246.23,0.05,467.84,89.14,348
2023-05-10,Roubaix,Magasin,Mode,Jean homme,2,272.27,0.0,544.54,184.24,137
2023-05-10,Lille,Magasin,Maison,Rideau occultant,5,101.21,0.0,506.05,224.45,210
2023-05-10,Dunkerque,Magasin,Électroménager,Aspirateur,2,191.18,0.0,382.36,193.1,132
2023-05-10,Lille,Magasin,Sport,Chaussures running,4,569.53,0.05,2164.21,1126.89,10
2023-05-10,En ligne,E-commerce,Mode,Pull laine,4,884.49,0.0,3537.96,1984.24,315
2023-05-10,Lille,Magasin,Électroménager,Cafetière,4,392.24,0.05,1490.51,779.79,190
2023-05-10,Roubaix,Magasin,Électroménager,Bouilloire,2,726.04,0.0,1452.08,784.6,372
2023-05-10,Tourcoing,Magasin,Mode,Veste hiver,3,655.99,0.0,1967.97,972.24,21
2023-05-10,Roubaix,Magasin,Électroménager,Aspirateur,2,191.18,0.0,382.36,193.1,68
2023-05-10,En ligne,E-commerce,Mode,Baskets ville,1,460.51,0.0,460.51,148.05,264
2023-05-11,Amiens,Magasin,Sport,Ballon foot,4,100.1,0.0,400.4,231.6,195
2023-05-11,En ligne,E-commerce,Électroménager,Robot cuiseur,1,249.97,0.0,249.97,91.92,93
2023-05-11,Lille,Magasin,Électroménager,Aspirateur,2,191.18,0.0,382.36,193.1,537
2023-05-11,Tourcoing,Magasin,Mode,T-shirt coton,1,504.67,0.0,504.67,200.23,55
2023-05-11,Valenciennes,Magasin,Mode,Veste hiver,3,655.99,0.0,1967.97,972.24,382
2023-05-11,Tourcoing,Magasin,Maison,Rideau occultant,3,101.21,0.2,242.9,73.94,255
2023-05-11,Dunkerque,Magasin,Mode,Robe été,1,296.52,0.1,266.87,42.81,15
2023-05-11,Roubaix,Magasin,Électroménager,Cafetière,2,392.24,0.0,784.48,429.12,371
2023-05-11,Dunkerque,Magasin,Sport,Chaussures running,2,569.53,0.0,1139.06,620.4,308
2023-05-11,Lille,Magasin,Sport,Haltères 10kg,3,98.3,0.0,294.9,128.1,549
2023-05-11,Roubaix,Magasin,Électroménager,Micro-ondes,3,453.16,0.0,1359.48,514.68,290
2023-05-11,Valenciennes,Magasin,Maison,Étagère bois,6,279.59,0.0,1677.54,534.72,142
2023-05-11,Dunkerque,Magasin,Maison,Lampe LED,2,134.22,0.0,268.44,136.56,153
2023-05-11,Lille,Magasin,Maison,Rideau occultant,3,101.21,0.0,303.63,134.67,201
2023-05-11,Tourcoing,Magasin,Mode,Jean homme,3,272.27,0.0,816.81,276.36,534
2023-05-12,Dunkerque,Magasin,Électroménager,Bouilloire,4,726.04,0.0,2904.16,1569.2,593
2023-05-12,Roubaix,Magasin,Mode,Baskets ville,1,460.51,0.05,437.48,125.02,586
2023-05-12,En ligne,E-commerce,Mode,Baskets ville,1,460.51,0.0,460.51,148.05,362
2023-05-12,Lille,Magasin,Électroménager,Bouilloire,2,726.04,0.0,1452.08,784.6,570
2023-05-12,Dunkerque,Magasin,Électroménager,Cafetière,5,392.24,0.0,1961.2,1072.8,503
2023-05-12,Valenciennes,Magasin,Bricolage,Perceuse,5,105.66,0.0,528.3,108.5,22
2023-05-12,Valenciennes,Magasin,Maison,Lampe LED,1,134.22,0.0,134.22,68.28,155
2023-05-12,Dunkerque,Magasin,Sport,Chaussures running,1,569.53,0.0,569.53,310.2,104
2023-05-12,Tourcoing,Magasin,Électroménager,Cafetière,1,392.24,0.05,372.63,194.95,265
2023-05-12,Lille,Magasin,Mode,Veste hiver,3,655.99,0.0,1967.97,972.24,5
2023-05-12,Lille,Magasin,Électroménager,Micro-ondes,1,453.16,0.0,453.16,171.56,287
2023-05-12,Dunkerque,Magasin,Sport,Maillot bain,1,350.77,0.0,350.77,199.3,140
2023-05-12,Amiens,Magasin,Électroménager,Aspirateur,1,191.18,0.0,191.18,96.55,263
2023-05-12,Lille,Magasin,Bricolage,Échelle alu,1,354.67,0.0,354.67,168.4,251
2023-05-12,Valenciennes,Magasin,Mode,Baskets ville,1,460.51,0.0,460.51,148.05,325
2023-05-12,En ligne,E-commerce,Mode,Veste hiver,2,655.99,0.0,1311.98,648.16,556
2023-05-12,En ligne,E-commerce,Sport,Haltères 10kg,1,98.3,0.0,98.3,42.7,443
2023-05-12,En ligne,E-commerce,Mode,Jean homme,1,272.27,0.0,272.27,92.12,81
2023-05-12,Lille,Magasin,Sport,Raquette tennis,4,706.19,0.0,2824.76,1448.16,74
2023-05-12,Lille,Magasin,Maison,Set casseroles,4,706.85,0.1,2544.66,1347.94,228
2023-05-13,Roubaix,Magasin,Mode,Robe été,3,296.52,0.0,889.56,217.38,72
2023-05-13,Lille,Magasin,Électroménager,Aspirateur,1,191.18,0.1,172.06,77.43,405
2023-05-13,Lille,Magasin,Électroménager,Réfrigérateur,2,387.37,0.05,736.0,186.82,43
2023-05-13,Dunkerque,Magasin,Maison,Étagère bois,1,279.59,0.0,279.59,89.12,492
2023-05-13,Valenciennes,Magasin,Maison,Couette 220x240,3,224.09,0.0,672.27,271.17,406
2023-05-13,En ligne,E-commerce,Maison,Couette 220x240,2,224.09,0.0,448.18,180.78,102
2023-05-13,Lille,Magasin,Électroménager,Réfrigérateur,4,387.37,0.0,1549.48,451.12,58
2023-05-13,Roubaix,Magasin,Électroménager,Réfrigérateur,5,387.37,0.0,1936.85,563.9,355
2023-05-13,Lille,Magasin,Sport,Tapis yoga,4,658.36,0.0,2633.44,1410.84,589
2023-05-13,Valenciennes,Magasin,Maison,Lampe LED,1,134.22,0.0,134.22,68.28,235
2023-05-13,Roubaix,Magasin,Bricolage,Perceuse,1,105.66,0.0,105.66,21.7,335
2023-05-13,Tourcoing,Magasin,Sport,Raquette tennis,2,706.19,0.0,1412.38,724.08,307
2023-05-14,En ligne,E-commerce,Mode,Robe été,3,296.52,0.0,889.56,217.38,579
2023-05-14,Valenciennes,Magasin,Mode,Jean homme,4,272.27,0.0,1089.08,368.48,280
2023-05-14,Lille,Magasin,Sport,Chaussures running,5,569.53,0.0,2847.65,1551.0,492
2023-05-14,En ligne,E-commerce,Électroménager,Réfrigérateur,5,387.37,0.0,1936.85,563.9,286
2023-05-14,Valenciennes,Magasin,Maison,Lampe LED,3,134.22,0.0,402.66,204.84,2
2023-05-14,Roubaix,Magasin,Maison,Canapé 3 places,3,246.23,0.0,738.69,170.64,39
2023-05-14,Tourcoing,Magasin,Maison,Couette 220x240,5,224.09,0.0,1120.45,451.95,277
2023-05-14,Lille,Magasin,Bricolage,Perceuse,2,105.66,0.0,211.32,43.4,527
2023-05-14,En ligne,E-commerce,Bricolage,Perceuse,4,105.66,0.0,422.64,86.8,457
2023-05-14,Lille,Magasin,Sport,Raquette tennis,3,706.19,0.0,2118.57,1086.12,62
2023-05-14,Amiens,Magasin,Maison,Étagère bois,1,279.59,0.0,279.59,89.12,352
2023-05-14,Lille,Magasin,Bricolage,Échelle alu,3,354.67,0.0,1064.01,505.2,215
2023-05-15,Roubaix,Magasin,Bricolage,Peinture 5L,1,609.0,0.0,609.0,325.46,218
2023-05-15,En ligne,E-commerce,Sport,Raquette tennis,1,706.19,0.0,706.19,362.04,393
2023-05-15,Tourcoing,Magasin,Maison,Canapé 3 places,3,246.23,0.0,738.69,170.64,107
2023-05-15,Lille,Magasin,Électroménager,Aspirateur,2,191.18,0.0,382.36,193.1,6
2023-05-15,Lille,Magasin,Sport,Ballon foot,2,100.1,0.0,200.2,115.8,239
2023-05-15,Lille,Magasin,Mode,T-shirt coton,2,504.67,0.0,1009.34,400.46,150
2023-05-15,Amiens,Magasin,Mode,Pull laine,3,884.49,0.0,2653.47,1488.18,522
2023-05-15,Valenciennes,Magasin,Sport,Haltères 10kg,1,98.3,0.0,98.3,42.7,175
2023-05-15,Lille,Magasin,Électroménager,Réfrigérateur,4,387.37,0.0,1549.48,451.12,431
2023-05-15,Amiens,Magasin,Sport,Vélo VTT,2,545.21,0.0,1090.42,469.0,295
2023-05-15,Dunkerque,Magasin,Sport,Haltères 10kg,3,98.3,0.0,294.9,128.1,518
2023-05-15,Lille,Magasin,Bricolage,Tournevis set,1,636.28,0.0,636.28,320.44,489
2023-05-15,En ligne,E-commerce,Sport,Tapis yoga,2,658.36,0.0,1316.72,705.42,380
2023-05-15,Lille,Magasin,Bricolage,Échelle alu,1,354.67,0.0,354.67,168.4,528
2023-05-15,Lille,Magasin,Maison,Set casseroles,2,706.85,0.0,1413.7,815.34,564
2023-05-15,Lille,Magasin,Sport,Maillot bain,2,350.77,0.0,701.54,398.6,159
2023-05-15,Tourcoing,Magasin,Sport,Maillot bain,3,350.77,0.0,1052.31,597.9,267
2023-05-15,Tourcoing,Magasin,Maison,Rideau occultant,2,101.21,0.0,202.42,89.78,337
2023-05-15,En ligne,E-commerce,Bricolage,Boîte à outils,3,83.21,0.1,224.67,44.01,158
2023-05-16,En ligne,E-commerce,Maison,Couette 220x240,2,224.09,0.0,448.18,180.78,223
2023-05-16,Amiens,Magasin,Sport,Vélo VTT,1,545.21,0.1,490.69,179.98,363
2023-05-16,Amiens,Magasin,Mode,Baskets ville,2,460.51,0.0,921.02,296.1,553
2023-05-16,Tourcoing,Magasin,Maison,Étagère bois,1,279.59,0.05,265.61,75.14,68
2023-05-16,Valenciennes,Magasin,Mode,Pull laine,1,884.49,0.2,707.59,319.16,403
2023-05-16,Amiens,Magasin,Sport,Maillot bain,1,350.77,0.0,350.77,199.3,495
2023-05-16,Lille,Magasin,Maison,Rideau occultant,2,101.21,0.0,202.42,89.78,155
2023-05-16,Roubaix,Magasin,Sport,Chaussures running,3,569.53,0.0,1708.59,930.6,201
2023-05-16,En ligne,E-commerce,Mode,Pull laine,2,884.49,0.05,1680.53,903.67,346
2023-05-16,Lille,Magasin,Maison,Lampe LED,1,134.22,0.0,134.22,68.28,288
2023-05-16,Roubaix,Magasin,Bricolage,Peinture 5L,2,609.0,0.0,1218.0,650.92,93
2023-05-16,Valenciennes,Magasin,Sport,Tapis yoga,3,658.36,0.0,1975.08,1058.13,550
2023-05-17,Lille,Magasin,Sport,Maillot bain,3,350.77,0.1,947.08,492.67,311
2023-05-17,Valenciennes,Magasin,Électroménager,Réfrigérateur,3,387.37,0.0,1162.11,338.34,510
2023-05-17,Roubaix,Magasin,Bricolage,Peinture 5L,1,609.0,0.0,609.0,325.46,111
2023-05-17,Valenciennes,Magasin,Bricolage,Peinture 5L,3,609.0,0.0,1827.0,976.38,412
2023-05-17,Tourcoing,Magasin,Maison,Couette 220x240,2,224.09,0.1,403.36,135.96,244
2023-05-17,Amiens,Magasin,Bricolage,Échelle alu,2,354.67,0.0,709.34,336.8,104
2023-05-17,Lille,Magasin,Électroménager,Aspirateur,2,191.18,0.0,382.36,193.1,253
2023-05-17,En ligne,E-commerce,Mode,Jean homme,5,272.27,0.1,1225.21,324.46,125
2023-05-17,Tourcoing,Magasin,Bricolage,Tournevis set,6,636.28,0.1,3435.91,1540.87,468
2023-05-17,En ligne,E-commerce,Maison,Étagère bois,4,279.59,0.0,1118.36,356.48,231
2023-05-17,Roubaix,Magasin,Mode,T-shirt coton,1,504.67,0.0,504.67,200.23,106
2023-05-17,Lille,Magasin,Bricolage,Perceuse,2,105.66,0.0,211.32,43.4,474
2023-05-17,Tourcoing,Magasin,Sport,Tapis yoga,2,658.36,0.0,1316.72,705.42,369
2023-05-17,Amiens,Magasin,Mode,Baskets ville,1,460.51,0.0,460.51,148.05,493
2023-05-17,En ligne,E-commerce,Maison,Rideau occultant,4,101.21,0.05,384.6,159.32,447
2023-05-17,Valenciennes,Magasin,Mode,Jean homme,3,272.27,0.0,816.81,276.36,276
2023-05-17,Amiens,Magasin,Mode,Baskets ville,1,460.51,0.0,460.51,148.05,341
2023-05-17,Amiens,Magasin,Bricolage,Boîte à outils,3,83.21,0.0,249.63,68.97,551
2023-05-17,Roubaix,Magasin,Sport,Haltères 10kg,5,98.3,0.0,491.5,213.5,228
2023-05-18,Lille,Magasin,Bricolage,Échelle alu,4,354.67,0.0,1418.68,673.6,345
2023-05-18,Dunkerque,Magasin,Électroménager,Robot cuiseur,4,249.97,0.0,999.88,367.68,347
2023-05-18,Lille,Magasin,Sport,Chaussures running,1,569.53,0.1,512.58,253.25,360
2023-05-18,Dunkerque,Magasin,Maison,Set casseroles,1,706.85,0.0,706.85,407.67,134
2023-05-18,Dunkerque,Magasin,Maison,Lampe LED,1,134.22,0.0,134.22,68.28,137
2023-05-18,Valenciennes,Magasin,Maison,Étagère bois,3,279.59,0.0,838.77,267.36,18
2023-05-18,Amiens,Magasin,Sport,Maillot bain,3,350.77,0.0,1052.31,597.9,217
2023-05-18,Roubaix,Magasin,Maison,Couette 220x240,5,224.09,0.0,1120.45,451.95,198
2023-05-18,Roubaix,Magasin,Mode,T-shirt coton,4,504.67,0.0,2018.68,800.92,161
2023-05-18,Tourcoing,Magasin,Sport,Ballon foot,3,100.1,0.0,300.3,173.7,298
2023-05-18,Lille,Magasin,Mode,Pull laine,1,884.49,0.0,884.49,496.06,299
2023-05-18,Roubaix,Magasin,Bricolage,Peinture 5L,3,609.0,0.0,1827.0,976.38,400
2023-05-18,Lille,Magasin,Maison,Lampe LED,1,134.22,0.0,134.22,68.28,67
2023-05-18,Dunkerque,Magasin,Sport,Ballon foot,3,100.1,0.0,300.3,173.7,480
2023-05-18,En ligne,E-commerce,Maison,Couette 220x240,4,224.09,0.0,896.36,361.56,103
2023-05-18,Tourcoing,Magasin,Maison,Couette 220x240,2,224.09,0.0,448.18,180.78,307
2023-05-18,Valenciennes,Magasin,Sport,Tapis yoga,3,658.36,0.0,1975.08,1058.13,521
2023-05-18,Lille,Magasin,Mode,Pull laine,2,884.49,0.0,1768.98,992.12,147
2023-05-18,En ligne,E-commerce,Sport,Haltères 10kg,2,98.3,0.0,196.6,85.4,279
2023-05-19,Amiens,Magasin,Maison,Canapé 3 places,4,246.23,0.0,984.92,227.52,108
2023-05-19,Lille,Magasin,Sport,Vélo VTT,4,545.21,0.0,2180.84,938.0,573
2023-05-19,Dunkerque,Magasin,Électroménager,Bouilloire,1,726.04,0.0,726.04,392.3,459
2023-05-19,Dunkerque,Magasin,Maison,Rideau occultant,6,101.21,0.0,607.26,269.34,596
2023-05-19,Lille,Magasin,Bricolage,Perceuse,5,105.66,0.0,528.3,108.5,198
2023-05-19,En ligne,E-commerce,Électroménager,Aspirateur,1,191.18,0.1,172.06,77.43,174
2023-05-19,Lille,Magasin,Bricolage,Peinture 5L,4,609.0,0.0,2436.0,1301.84,116
2023-05-19,Lille,Magasin,Sport,Raquette tennis,4,706.19,0.05,2683.52,1306.92,572
2023-05-19,En ligne,E-commerce,Bricolage,Boîte à outils,5,83.21,0.0,416.05,114.95,138
2023-05-19,Lille,Magasin,Mode,Jean homme,2,272.27,0.0,544.54,184.24,500
2023-05-19,Lille,Magasin,Maison,Set casseroles,2,706.85,0.0,1413.7,815.34,537
2023-05-19,Tourcoing,Magasin,Maison,Couette 220x240,1,224.09,0.0,224.09,90.39,493
2023-05-19,En ligne,E-commerce,Mode,Pull laine,3,884.49,0.0,2653.47,1488.18,275
2023-05-19,Roubaix,Magasin,Mode,Veste hiver,2,655.99,0.0,1311.98,648.16,490
2023-05-19,Lille,Magasin,Bricolage,Boîte à outils,1,83.21,0.0,83.21,22.99,65
2023-05-19,En ligne,E-commerce,Sport,Vélo VTT,1,545.21,0.0,545.21,234.5,198
2023-05-20,Roubaix,Magasin,Bricolage,Perceuse,2,105.66,0.0,211.32,43.4,163
2023-05-20,Tourcoing,Magasin,Maison,Lampe LED,4,134.22,0.0,536.88,273.12,145
2023-05-20,Dunkerque,Magasin,Électroménager,Cafetière,4,392.24,0.0,1568.96,858.24,406
2023-05-20,Roubaix,Magasin,Mode,Jean homme,5,272.27,0.1,1225.21,324.46,61
2023-05-20,Roubaix,Magasin,Électroménager,Bouilloire,1,726.04,0.0,726.04,392.3,252
2023-05-20,Valenciennes,Magasin,Maison,Canapé 3 places,1,246.23,0.0,246.23,56.88,18
2023-05-20,Roubaix,Magasin,Électroménager,Micro-ondes,2,453.16,0.2,725.06,161.86,152
2023-05-20,Valenciennes,Magasin,Mode,Pull laine,2,884.49,0.05,1680.53,903.67,335
2023-05-20,Lille,Magasin,Électroménager,Aspirateur,1,191.18,0.1,172.06,77.43,259
2023-05-20,Valenciennes,Magasin,Électroménager,Robot cuiseur,3,249.97,0.0,749.91,275.76,105
2023-05-21,Tourcoing,Magasin,Mode,Baskets ville,1,460.51,0.1,414.46,102.0,10
2023-05-21,Dunkerque,Magasin,Bricolage,Tournevis set,2,636.28,0.05,1208.93,577.25,193
2023-05-21,Lille,Magasin,Sport,Haltères 10kg,2,98.3,0.0,196.6,85.4,305
2023-05-21,Roubaix,Magasin,Mode,Pull laine,2,884.49,0.0,1768.98,992.12,491
2023-05-21,En ligne,E-commerce,Bricolage,Peinture 5L,5,609.0,0.0,3045.0,1627.3,96
2023-05-21,Roubaix,Magasin,Bricolage,Peinture 5L,5,609.0,0.2,2436.0,1018.3,174
2023-05-21,Dunkerque,Magasin,Mode,Baskets ville,1,460.51,0.0,460.51,148.05,119
2023-05-21,Roubaix,Magasin,Bricolage,Tournevis set,1,636.28,0.05,604.47,288.63,268
2023-05-21,En ligne,E-commerce,Bricolage,Échelle alu,2,354.67,0.0,709.34,336.8,259
2023-05-21,Amiens,Magasin,Sport,Maillot bain,3,350.77,0.0,1052.31,597.9,269
2023-05-21,Lille,Magasin,Mode,Baskets ville,4,460.51,0.0,1842.04,592.2,565
2023-05-21,Roubaix,Magasin,Maison,Set casseroles,1,706.85,0.1,636.17,336.99,282
2023-05-21,En ligne,E-commerce,Électroménager,Cafetière,5,392.24,0.0,1961.2,1072.8,505
2023-05-21,Roubaix,Magasin,Mode,Baskets ville,3,460.51,0.0,1381.53,444.15,53
2023-05-21,Lille,Magasin,Mode,T-shirt coton,3,504.67,0.05,1438.31,524.99,335
2023-05-21,Lille,Magasin,Mode,Jean homme,3,272.27,0.0,816.81,276.36,325
2023-05-21,Lille,Magasin,Maison,Lampe LED,2,134.22,0.05,255.02,123.14,182
2023-05-21,Tourcoing,Magasin,Bricolage,Tournevis set,3,636.28,0.05,1813.4,865.88,347
2023-05-21,Dunkerque,Magasin,Maison,Canapé 3 places,2,246.23,0.05,467.84,89.14,471
2023-05-21,Amiens,Magasin,Sport,Maillot bain,5,350.77,0.0,1753.85,996.5,64
2023-05-22,Lille,Magasin,Mode,Robe été,2,296.52,0.0,593.04,144.92,176
2023-05-22,En ligne,E-commerce,Mode,Robe été,5,296.52,0.0,1482.6,362.3,146
2023-05-22,En ligne,E-commerce,Bricolage,Boîte à outils,3,83.21,0.0,249.63,68.97,417
2023-05-22,En ligne,E-commerce,Sport,Ballon foot,2,100.1,0.1,180.18,95.78,381
2023-05-22,Amiens,Magasin,Mode,Robe été,1,296.52,0.0,296.52,72.46,29
2023-05-22,Lille,Magasin,Mode,Robe été,5,296.52,0.0,1482.6,362.3,301
2023-05-22,Dunkerque,Magasin,Maison,Canapé 3 places,5,246.23,0.0,1231.15,284.4,521
2023-05-22,Roubaix,Magasin,Maison,Set casseroles,1,706.85,0.0,706.85,407.67,153
2023-05-23,Tourcoing,Magasin,Mode,Baskets ville,1,460.51,0.0,460.51,148.05,386
2023-05-23,Amiens,Magasin,Bricolage,Boîte à outils,3,83.21,0.0,249.63,68.97,101
2023-05-23,Valenciennes,Magasin,Maison,Couette 220x240,2,224.09,0.2,358.54,91.14,401
2023-05-23,Lille,Magasin,Mode,Jean homme,1,272.27,0.05,258.66,78.51,149
2023-05-23,Lille,Magasin,Bricolage,Échelle alu,2,354.67,0.0,709.34,336.8,425
2023-05-23,Dunkerque,Magasin,Maison,Canapé 3 places,2,246.23,0.0,492.46,113.76,119
2023-05-23,Lille,Magasin,Maison,Canapé 3 places,3,246.23,0.0,738.69,170.64,422
2023-05-23,Lille,Magasin,Sport,Chaussures running,1,569.53,0.2,455.62,196.29,591
2023-05-23,Roubaix,Magasin,Sport,Ballon foot,2,100.1,0.0,200.2,115.8,535
2023-05-23,Tourcoing,Magasin,Sport,Haltères 10kg,4,98.3,0.1,353.88,131.48,306
2023-05-23,Roubaix,Magasin,Maison,Set casseroles,3,706.85,0.0,2120.55,1223.01,78
2023-05-23,Lille,Magasin,Maison,Couette 220x240,4,224.09,0.05,851.54,316.74,591
2023-05-23,Valenciennes,Magasin,Mode,Robe été,3,296.52,0.0,889.56,217.38,506
2023-05-23,En ligne,E-commerce,Mode,Pull laine,1,884.49,0.0,884.49,496.06,193
2023-05-23,Tourcoing,Magasin,Électroménager,Robot cuiseur,6,249.97,0.1,1349.84,401.54,130
2023-05-23,Valenciennes,Magasin,Sport,Raquette tennis,1,706.19,0.0,706.19,362.04,544
2023-05-23,Tourcoing,Magasin,Électroménager,Micro-ondes,1,453.16,0.0,453.16,171.56,475
2023-05-23,Roubaix,Magasin,Maison,Set casseroles,2,706.85,0.0,1413.7,815.34,562
2023-05-23,Valenciennes,Magasin,Mode,Robe été,2,296.52,0.0,593.04,144.92,255
2023-05-23,Tourcoing,Magasin,Bricolage,Perceuse,2,105.66,0.0,211.32,43.4,152
2023-05-23,Amiens,Magasin,Maison,Couette 220x240,1,224.09,0.0,224.09,90.39,439
2023-05-23,Lille,Magasin,Mode,Veste hiver,6,655.99,0.05,3739.14,1747.68,192
2023-05-23,Tourcoing,Magasin,Maison,Couette 220x240,2,224.09,0.0,448.18,180.78,424
2023-05-23,Dunkerque,Magasin,Maison,Rideau occultant,6,101.21,0.1,546.53,208.61,539
2023-05-23,En ligne,E-commerce,Sport,Vélo VTT,3,545.21,0.0,1635.63,703.5,24
2023-05-24,Lille,Magasin,Mode,T-shirt coton,3,504.67,0.0,1514.01,600.69,8
2023-05-24,Amiens,Magasin,Sport,Chaussures running,1,569.53,0.05,541.05,281.72,216
2023-05-24,Dunkerque,Magasin,Mode,Veste hiver,3,655.99,0.2,1574.38,578.65,203
2023-05-24,Valenciennes,Magasin,Maison,Lampe LED,1,134.22,0.0,134.22,68.28,37
2023-05-24,Dunkerque,Magasin,Bricolage,Boîte à outils,5,83.21,0.0,416.05,114.95,347
2023-05-24,Lille,Magasin,Électroménager,Aspirateur,3,191.18,0.2,458.83,174.94,209
2023-05-24,Lille,Magasin,Mode,Veste hiver,4,655.99,0.0,2623.96,1296.32,111
2023-05-24,En ligne,E-commerce,Maison,Set casseroles,1,706.85,0.1,636.17,336.99,27
2023-05-24,Lille,Magasin,Bricolage,Peinture 5L,4,609.0,0.0,2436.0,1301.84,57
2023-05-24,Lille,Magasin,Sport,Vélo VTT,2,545.21,0.0,1090.42,469.0,128
2023-05-24,Dunkerque,Magasin,Sport,Maillot bain,5,350.77,0.0,1753.85,996.5,182
2023-05-24,En ligne,E-commerce,Sport,Maillot bain,5,350.77,0.0,1753.85,996.5,407
2023-05-24,Roubaix,Magasin,Électroménager,Cafetière,2,392.24,0.0,784.48,429.12,333
2023-05-24,Lille,Magasin,Électroménager,Micro-ondes,6,453.16,0.0,2718.96,1029.36,103
2023-05-24,Dunkerque,Magasin,Électroménager,Robot cuiseur,1,249.97,0.0,249.97,91.92,261
2023-05-25,Lille,Magasin,Bricolage,Peinture 5L,1,609.0,0.05,578.55,295.01,443
2023-05-25,Valenciennes,Magasin,Électroménager,Robot cuiseur,5,249.97,0.0,1249.85,459.6,508
2023-05-25,Tourcoing,Magasin,Sport,Vélo VTT,4,545.21,0.0,2180.84,938.0,266
2023-05-25,Roubaix,Magasin,Électroménager,Cafetière,4,392.24,0.0,1568.96,858.24,351
2023-05-25,Lille,Magasin,Mode,Baskets ville,2,460.51,0.05,874.97,250.05,431
2023-05-25,Tourcoing,Magasin,Bricolage,Peinture 5L,2,609.0,0.0,1218.0,650.92,266
2023-05-25,En ligne,E-commerce,Sport,Raquette tennis,5,706.19,0.0,3530.95,1810.2,90
2023-05-25,Dunkerque,Magasin,Maison,Étagère bois,1,279.59,0.0,279.59,89.12,284
2023-05-25,Dunkerque,Magasin,Électroménager,Micro-ondes,1,453.16,0.0,453.16,171.56,253
2023-05-25,Tourcoing,Magasin,Maison,Lampe LED,2,134.22,0.2,214.75,82.87,471
2023-05-25,Tourcoing,Magasin,Sport,Maillot bain,3,350.77,0.0,1052.31,597.9,437
2023-05-25,En ligne,E-commerce,Bricolage,Boîte à outils,1,83.21,0.0,83.21,22.99,350
2023-05-25,Roubaix,Magasin,Maison,Étagère bois,1,279.59,0.0,279.59,89.12,56
2023-05-25,Amiens,Magasin,Mode,Robe été,5,296.52,0.0,1482.6,362.3,391
2023-05-25,En ligne,E-commerce,Bricolage,Tournevis set,1,636.28,0.0,636.28,320.44,244
2023-05-25,Dunkerque,Magasin,Maison,Étagère bois,2,279.59,0.0,559.18,178.24,385
2023-05-25,Tourcoing,Magasin,Sport,Chaussures running,3,569.53,0.0,1708.59,930.6,435
2023-05-25,Valenciennes,Magasin,Bricolage,Perceuse,2,105.66,0.0,211.32,43.4,565
2023-05-25,En ligne,E-commerce,Sport,Vélo VTT,1,545.21,0.0,545.21,234.5,94
2023-05-25,Amiens,Magasin,Électroménager,Micro-ondes,3,453.16,0.0,1359.48,514.68,94
2023-05-25,Amiens,Magasin,Bricolage,Peinture 5L,3,609.0,0.0,1827.0,976.38,38
2023-05-25,Amiens,Magasin,Maison,Rideau occultant,3,101.21,0.0,303.63,134.67,158
2023-05-25,Lille,Magasin,Électroménager,Cafetière,2,392.24,0.0,784.48,429.12,515
2023-05-26,Amiens,Magasin,Bricolage,Échelle alu,1,354.67,0.0,354.67,168.4,280
2023-05-26,Roubaix,Magasin,Mode,T-shirt coton,3,504.67,0.0,1514.01,600.69,193
2023-05-26,En ligne,E-commerce,Sport,Haltères 10kg,2,98.3,0.0,196.6,85.4,50
2023-05-26,Dunkerque,Magasin,Sport,Raquette tennis,3,706.19,0.0,2118.57,1086.12,155
2023-05-26,En ligne,E-commerce,Bricolage,Boîte à outils,3,83.21,0.0,249.63,68.97,71
2023-05-26,Tourcoing,Magasin,Bricolage,Tournevis set,2,636.28,0.05,1208.93,577.25,142
2023-05-26,En ligne,E-commerce,Bricolage,Boîte à outils,3,83.21,0.0,249.63,68.97,110
2023-05-26,Tourcoing,Magasin,Bricolage,Perceuse,2,105.66,0.0,211.32,43.4,349
2023-05-26,Roubaix,Magasin,Sport,Ballon foot,4,100.1,0.0,400.4,231.6,95
2023-05-26,Dunkerque,Magasin,Sport,Raquette tennis,4,706.19,0.0,2824.76,1448.16,420
2023-05-26,Tourcoing,Magasin,Bricolage,Perceuse,4,105.66,0.0,422.64,86.8,390
2023-05-26,Valenciennes,Magasin,Mode,T-shirt coton,1,504.67,0.0,504.67,200.23,521
2023-05-27,Dunkerque,Magasin,Bricolage,Échelle alu,1,354.67,0.0,354.67,168.4,165
2023-05-27,Dunkerque,Magasin,Maison,Étagère bois,3,279.59,0.1,754.89,183.48,27
2023-05-27,Valenciennes,Magasin,Électroménager,Micro-ondes,1,453.16,0.0,453.16,171.56,482
2023-05-27,Valenciennes,Magasin,Électroménager,Robot cuiseur,5,249.97,0.2,999.88,209.63,152
2023-05-27,Roubaix,Magasin,Mode,Jean homme,3,272.27,0.0,816.81,276.36,567
2023-05-27,Tourcoing,Magasin,Maison,Étagère bois,1,279.59,0.0,279.59,89.12,142
2023-05-27,Lille,Magasin,Électroménager,Cafetière,3,392.24,0.0,1176.72,643.68,433
2023-05-27,Lille,Magasin,Mode,Jean homme,2,272.27,0.0,544.54,184.24,446
2023-05-27,Lille,Magasin,Sport,Tapis yoga,6,658.36,0.0,3950.16,2116.26,569
2023-05-27,Roubaix,Magasin,Mode,Veste hiver,1,655.99,0.05,623.19,291.28,179
2023-05-27,Valenciennes,Magasin,Maison,Set casseroles,4,706.85,0.05,2686.03,1489.31,477
2023-05-27,Roubaix,Magasin,Bricolage,Tournevis set,3,636.28,0.05,1813.4,865.88,110
2023-05-27,Tourcoing,Magasin,Maison,Canapé 3 places,2,246.23,0.0,492.46,113.76,124
2023-05-27,Roubaix,Magasin,Sport,Maillot bain,3,350.77,0.0,1052.31,597.9,20
2023-05-27,Amiens,Magasin,Électroménager,Cafetière,3,392.24,0.05,1117.88,584.84,542
2023-05-27,Amiens,Magasin,Mode,Pull laine,3,884.49,0.05,2520.8,1355.51,77
2023-05-27,Tourcoing,Magasin,Électroménager,Bouilloire,3,726.04,0.0,2178.12,1176.9,479
2023-05-28,Lille,Magasin,Sport,Tapis yoga,5,658.36,0.0,3291.8,1763.55,396
2023-05-28,Valenciennes,Magasin,Maison,Canapé 3 places,1,246.23,0.0,246.23,56.88,15
2023-05-28,Dunkerque,Magasin,Mode,Veste hiver,1,655.99,0.0,655.99,324.08,386
2023-05-28,Dunkerque,Magasin,Électroménager,Bouilloire,1,726.04,0.0,726.04,392.3,64
2023-05-28,En ligne,E-commerce,Sport,Maillot bain,5,350.77,0.0,1753.85,996.5,171
2023-05-28,Lille,Magasin,Mode,Jean homme,5,272.27,0.1,1225.21,324.46,301
2023-05-28,Valenciennes,Magasin,Mode,T-shirt coton,2,504.67,0.0,1009.34,400.46,480
2023-05-28,Roubaix,Magasin,Mode,Veste hiver,2,655.99,0.0,1311.98,648.16,393
2023-05-28,En ligne,E-commerce,Maison,Étagère bois,3,279.59,0.1,754.89,183.48,514
2023-05-28,Valenciennes,Magasin,Mode,Veste hiver,1,655.99,0.0,655.99,324.08,486
2023-05-28,Lille,Magasin,Sport,Chaussures running,2,569.53,0.05,1082.11,563.45,376
2023-05-28,Lille,Magasin,Mode,Baskets ville,4,460.51,0.1,1657.84,408.0,444
2023-05-28,Tourcoing,Magasin,Maison,Étagère bois,5,279.59,0.1,1258.16,305.8,504
2023-05-28,Tourcoing,Magasin,Mode,Robe été,1,296.52,0.0,296.52,72.46,161
2023-05-28,Lille,Magasin,Sport,Raquette tennis,5,706.19,0.0,3530.95,1810.2,452
2023-05-28,Lille,Magasin,Mode,Pull laine,2,884.49,0.0,1768.98,992.12,130
2023-05-28,En ligne,E-commerce,Mode,Robe été,2,296.52,0.0,593.04,144.92,339
2023-05-28,Dunkerque,Magasin,Sport,Haltères 10kg,5,98.3,0.0,491.5,213.5,474
2023-05-28,Dunkerque,Magasin,Maison,Lampe LED,5,134.22,0.0,671.1,341.4,211
2023-05-28,Roubaix,Magasin,Mode,Robe été,5,296.52,0.0,1482.6,362.3,234
2023-05-28,Amiens,Magasin,Maison,Lampe LED,2,134.22,0.0,268.44,136.56,501
2023-05-29,Roubaix,Magasin,Bricolage,Boîte à outils,3,83.21,0.0,249.63,68.97,246
2023-05-29,Lille,Magasin,Maison,Canapé 3 places,2,246.23,0.05,467.84,89.14,315
2023-05-29,Roubaix,Magasin,Électroménager,Réfrigérateur,3,387.37,0.05,1104.0,280.23,361
2023-05-29,Lille,Magasin,Maison,Rideau occultant,1,101.21,0.0,101.21,44.89,331
2023-05-29,Roubaix,Magasin,Sport,Vélo VTT,4,545.21,0.0,2180.84,938.0,82
2023-05-29,Dunkerque,Magasin,Bricolage,Boîte à outils,1,83.21,0.1,74.89,14.67,74
2023-05-29,En ligne,E-commerce,Maison,Étagère bois,5,279.59,0.0,1397.95,445.6,403
2023-05-29,Lille,Magasin,Bricolage,Boîte à outils,2,83.21,0.0,166.42,45.98,112
2023-05-29,En ligne,E-commerce,Mode,Veste hiver,2,655.99,0.0,1311.98,648.16,9
2023-05-29,En ligne,E-commerce,Sport,Ballon foot,1,100.1,0.0,100.1,57.9,113
2023-05-29,Roubaix,Magasin,Électroménager,Cafetière,1,392.24,0.0,392.24,214.56,335
2023-05-29,Lille,Magasin,Mode,Jean homme,1,272.27,0.0,272.27,92.12,159
2023-05-30,Valenciennes,Magasin,Maison,Couette 220x240,2,224.09,0.0,448.18,180.78,241
2023-05-30,Valenciennes,Magasin,Maison,Lampe LED,5,134.22,0.0,671.1,341.4,461
2023-05-30,Tourcoing,Magasin,Mode,Jean homme,1,272.27,0.0,272.27,92.12,546
2023-05-30,Tourcoing,Magasin,Électroménager,Cafetière,1,392.24,0.0,392.24,214.56,470
2023-05-30,Tourcoing,Magasin,Sport,Maillot bain,2,350.77,0.0,701.54,398.6,186
2023-05-30,En ligne,E-commerce,Sport,Haltères 10kg,2,98.3,0.0,196.6,85.4,577
2023-05-30,Valenciennes,Magasin,Sport,Chaussures running,4,569.53,0.0,2278.12,1240.8,249
2023-05-30,Tourcoing,Magasin,Maison,Étagère bois,1,279.59,0.0,279.59,89.12,408
2023-05-30,Roubaix,Magasin,Mode,Jean homme,1,272.27,0.0,272.27,92.12,542
2023-05-30,Valenciennes,Magasin,Sport,Tapis yoga,2,658.36,0.0,1316.72,705.42,54
2023-05-30,Lille,Magasin,Mode,Jean homme,1,272.27,0.0,272.27,92.12,377
2023-05-30,Amiens,Magasin,Sport,Tapis yoga,1,658.36,0.0,658.36,352.71,264
2023-05-30,Roubaix,Magasin,Électroménager,Cafetière,3,392.24,0.1,1059.05,526.01,532
2023-05-30,Lille,Magasin,Électroménager,Aspirateur,1,191.18,0.0,191.18,96.55,300
2023-05-30,Roubaix,Magasin,Maison,Canapé 3 places,1,246.23,0.0,246.23,56.88,271
2023-05-31,Roubaix,Magasin,Mode,Jean homme,2,272.27,0.0,544.54,184.24,254
2023-05-31,Roubaix,Magasin,Mode,Veste hiver,2,655.99,0.1,1180.78,516.96,588
2023-05-31,En ligne,E-commerce,Bricolage,Tournevis set,2,636.28,0.0,1272.56,640.88,596
2023-05-31,Amiens,Magasin,Électroménager,Micro-ondes,1,453.16,0.2,362.53,80.93,23
2023-05-31,Roubaix,Magasin,Bricolage,Peinture 5L,3,609.0,0.0,1827.0,976.38,160
2023-05-31,Valenciennes,Magasin,Maison,Rideau occultant,2,101.21,0.0,202.42,89.78,376
2023-05-31,Amiens,Magasin,Maison,Set casseroles,5,706.85,0.0,3534.25,2038.35,406
2023-05-31,Dunkerque,Magasin,Sport,Chaussures running,4,569.53,0.1,2050.31,1012.99,448
2023-05-31,Lille,Magasin,Sport,Haltères 10kg,2,98.3,0.0,196.6,85.4,498
2023-05-31,Tourcoing,Magasin,Maison,Canapé 3 places,3,246.23,0.1,664.82,96.77,220
2023-05-31,Lille,Magasin,Sport,Tapis yoga,1,658.36,0.0,658.36,352.71,5
2023-05-31,Tourcoing,Magasin,Maison,Lampe LED,4,134.22,0.0,536.88,273.12,50
2023-05-31,En ligne,E-commerce,Bricolage,Boîte à outils,4,83.21,0.0,332.84,91.96,156
2023-05-31,Dunkerque,Magasin,Électroménager,Cafetière,3,392.24,0.0,1176.72,643.68,241
2023-05-31,Lille,Magasin,Maison,Couette 220x240,4,224.09,0.0,896.36,361.56,559
2023-05-31,Roubaix,Magasin,Maison,Étagère bois,1,279.59,0.0,279.59,89.12,174
2023-05-31,Amiens,Magasin,Sport,Raquette tennis,1,706.19,0.0,706.19,362.04,177
2023-05-31,Valenciennes,Magasin,Sport,Haltères 10kg,3,98.3,0.0,294.9,128.1,246
2023-06-01,Amiens,Magasin,Mode,T-shirt coton,4,504.67,0.0,2018.68,800.92,395
2023-06-01,Tourcoing,Magasin,Maison,Étagère bois,2,279.59,0.0,559.18,178.24,349
2023-06-01,Dunkerque,Magasin,Maison,Canapé 3 places,4,246.23,0.0,984.92,227.52,549
2023-06-01,Roubaix,Magasin,Sport,Ballon foot,2,100.1,0.2,160.16,75.76,498
2023-06-01,Tourcoing,Magasin,Électroménager,Bouilloire,3,726.04,0.0,2178.12,1176.9,94
2023-06-01,Amiens,Magasin,Maison,Rideau occultant,3,101.21,0.0,303.63,134.67,69
2023-06-01,Valenciennes,Magasin,Électroménager,Cafetière,3,392.24,0.0,1176.72,643.68,226
2023-06-01,Amiens,Magasin,Mode,Robe été,5,296.52,0.0,1482.6,362.3,436
2023-06-01,Roubaix,Magasin,Sport,Ballon foot,2,100.1,0.05,190.19,105.79,299
2023-06-01,Amiens,Magasin,Sport,Vélo VTT,3,545.21,0.0,1635.63,703.5,352
2023-06-01,Amiens,Magasin,Maison,Rideau occultant,1,101.21,0.0,101.21,44.89,342
2023-06-01,En ligne,E-commerce,Électroménager,Robot cuiseur,3,249.97,0.0,749.91,275.76,481
2023-06-02,En ligne,E-commerce,Électroménager,Cafetière,1,392.24,0.0,392.24,214.56,53
2023-06-02,Lille,Magasin,Mode,Robe été,1,296.52,0.0,296.52,72.46,329
2023-06-02,Lille,Magasin,Bricolage,Échelle alu,1,354.67,0.1,319.2,132.93,92
2023-06-02,Dunkerque,Magasin,Mode,Jean homme,1,272.27,0.1,245.04,64.89,130
2023-06-02,Lille,Magasin,Sport,Tapis yoga,1,658.36,0.0,658.36,352.71,562
2023-06-02,Amiens,Magasin,Sport,Haltères 10kg,2,98.3,0.0,196.6,85.4,402
2023-06-02,Amiens,Magasin,Sport,Chaussures running,1,569.53,0.0,569.53,310.2,506
2023-06-02,Lille,Magasin,Maison,Set casseroles,2,706.85,0.0,1413.7,815.34,274
2023-06-02,Dunkerque,Magasin,Mode,Pull laine,3,884.49,0.0,2653.47,1488.18,583
2023-06-02,Amiens,Magasin,Mode,Jean homme,3,272.27,0.1,735.13,194.68,45
2023-06-02,Roubaix,Magasin,Électroménager,Robot cuiseur,1,249.97,0.2,199.98,41.93,253
2023-06-02,Lille,Magasin,Sport,Chaussures running,1,569.53,0.0,569.53,310.2,15
2023-06-02,Lille,Magasin,Mode,Robe été,3,296.52,0.0,889.56,217.38,332
2023-06-02,Roubaix,Magasin,Mode,Robe été,1,296.52,0.0,296.52,72.46,135
2023-06-02,Tourcoing,Magasin,Bricolage,Échelle alu,5,354.67,0.0,1773.35,842.0,331
2023-06-03,Roubaix,Magasin,Sport,Tapis yoga,3,658.36,0.2,1580.06,663.11,539
2023-06-03,Roubaix,Magasin,Maison,Set casseroles,2,706.85,0.0,1413.7,815.34,455
2023-06-03,En ligne,E-commerce,Maison,Lampe LED,3,134.22,0.2,322.13,124.31,234
2023-06-03,Roubaix,Magasin,Sport,Haltères 10kg,3,98.3,0.0,294.9,128.1,159
2023-06-03,Lille,Magasin,Mode,Pull laine,2,884.49,0.0,1768.98,992.12,71
2023-06-03,Lille,Magasin,Bricolage,Échelle alu,2,354.67,0.0,709.34,336.8,338
2023-06-03,Dunkerque,Magasin,Mode,Robe été,1,296.52,0.1,266.87,42.81,256
2023-06-03,Amiens,Magasin,Électroménager,Aspirateur,2,191.18,0.0,382.36,193.1,267
2023-06-03,Lille,Magasin,Sport,Tapis yoga,2,658.36,0.1,1185.05,573.75,9
2023-06-03,Dunkerque,Magasin,Électroménager,Aspirateur,2,191.18,0.0,382.36,193.1,26
2023-06-03,Lille,Magasin,Maison,Couette 220x240,3,224.09,0.0,672.27,271.17,165
2023-06-03,Lille,Magasin,Sport,Tapis yoga,1,658.36,0.0,658.36,352.71,135
2023-06-03,Tourcoing,Magasin,Électroménager,Réfrigérateur,3,387.37,0.0,1162.11,338.34,521
2023-06-03,En ligne,E-commerce,Électroménager,Bouilloire,4,726.04,0.1,2613.74,1278.78,357
2023-06-03,Dunkerque,Magasin,Bricolage,Échelle alu,5,354.67,0.0,1773.35,842.0,123
2023-06-03,Amiens,Magasin,Sport,Maillot bain,1,350.77,0.0,350.77,199.3,256
2023-06-03,Lille,Magasin,Électroménager,Réfrigérateur,4,387.37,0.0,1549.48,451.12,419
2023-06-03,Valenciennes,Magasin,Mode,T-shirt coton,1,504.67,0.0,504.67,200.23,235
2023-06-03,Dunkerque,Magasin,Électroménager,Micro-ondes,1,453.16,0.0,453.16,171.56,436
2023-06-03,Roubaix,Magasin,Bricolage,Tournevis set,2,636.28,0.0,1272.56,640.88,188
2023-06-03,Lille,Magasin,Électroménager,Réfrigérateur,5,387.37,0.0,1936.85,563.9,530
2023-06-03,Amiens,Magasin,Sport,Haltères 10kg,1,98.3,0.0,98.3,42.7,192
2023-06-03,Valenciennes,Magasin,Maison,Canapé 3 places,1,246.23,0.0,246.23,56.88,443
2023-06-03,Dunkerque,Magasin,Sport,Vélo VTT,2,545.21,0.0,1090.42,469.0,455
2023-06-04,Lille,Magasin,Sport,Maillot bain,3,350.77,0.0,1052.31,597.9,49
2023-06-04,Amiens,Magasin,Électroménager,Robot cuiseur,3,249.97,0.0,749.91,275.76,171
2023-06-04,Dunkerque,Magasin,Sport,Maillot bain,5,350.77,0.0,1753.85,996.5,513
2023-06-04,Roubaix,Magasin,Bricolage,Échelle alu,1,354.67,0.0,354.67,168.4,394
2023-06-04,Amiens,Magasin,Sport,Maillot bain,2,350.77,0.0,701.54,398.6,409
2023-06-04,Amiens,Magasin,Maison,Lampe LED,6,134.22,0.0,805.32,409.68,98
2023-06-04,Dunkerque,Magasin,Bricolage,Peinture 5L,5,609.0,0.05,2892.75,1475.05,421
2023-06-04,Amiens,Magasin,Maison,Étagère bois,3,279.59,0.05,796.83,225.42,105
2023-06-04,Roubaix,Magasin,Maison,Set casseroles,1,706.85,0.0,706.85,407.67,392
2023-06-04,Valenciennes,Magasin,Maison,Set casseroles,1,706.85,0.0,706.85,407.67,251
2023-06-04,Valenciennes,Magasin,Sport,Maillot bain,5,350.77,0.0,1753.85,996.5,75
2023-06-04,Dunkerque,Magasin,Électroménager,Micro-ondes,3,453.16,0.0,1359.48,514.68,361
2023-06-04,Amiens,Magasin,Électroménager,Réfrigérateur,1,387.37,0.2,309.9,35.31,211
2023-06-04,Lille,Magasin,Mode,Robe été,1,296.52,0.0,296.52,72.46,484
2023-06-04,Dunkerque,Magasin,Mode,Jean homme,5,272.27,0.0,1361.35,460.6,565
2023-06-04,Tourcoing,Magasin,Sport,Raquette tennis,5,706.19,0.0,3530.95,1810.2,431
2023-06-04,Tourcoing,Magasin,Bricolage,Peinture 5L,1,609.0,0.0,609.0,325.46,595
2023-06-04,Dunkerque,Magasin,Mode,Jean homme,3,272.27,0.0,816.81,276.36,249
2023-06-04,Lille,Magasin,Sport,Maillot bain,5,350.77,0.1,1578.46,821.11,170
2023-06-05,Roubaix,Magasin,Électroménager,Bouilloire,4,726.04,0.0,2904.16,1569.2,17
2023-06-05,Dunkerque,Magasin,Sport,Raquette tennis,2,706.19,0.0,1412.38,724.08,327
2023-06-05,Valenciennes,Magasin,Maison,Set casseroles,1,706.85,0.0,706.85,407.67,352
2023-06-05,Roubaix,Magasin,Électroménager,Micro-ondes,1,453.16,0.1,407.84,126.24,274
2023-06-05,Dunkerque,Magasin,Mode,T-shirt coton,5,504.67,0.0,2523.35,1001.15,495
2023-06-05,Tourcoing,Magasin,Sport,Maillot bain,3,350.77,0.0,1052.31,597.9,144
2023-06-05,Lille,Magasin,Sport,Chaussures running,2,569.53,0.0,1139.06,620.4,237
2023-06-05,Amiens,Magasin,Mode,T-shirt coton,4,504.67,0.1,1816.81,599.05,577
2023-06-05,Dunkerque,Magasin,Électroménager,Cafetière,2,392.24,0.1,706.03,350.67,475
2023-06-06,En ligne,E-commerce,Mode,Pull laine,3,884.49,0.0,2653.47,1488.18,563
2023-06-06,En ligne,E-commerce,Mode,Veste hiver,3,655.99,0.05,1869.57,873.84,494
2023-06-06,Lille,Magasin,Sport,Chaussures running,1,569.53,0.1,512.58,253.25,534
2023-06-06,Dunkerque,Magasin,Bricolage,Perceuse,2,105.66,0.0,211.32,43.4,75
2023-06-06,Dunkerque,Magasin,Bricolage,Boîte à outils,1,83.21,0.0,83.21,22.99,205
2023-06-06,Dunkerque,Magasin,Sport,Maillot bain,4,350.77,0.0,1403.08,797.2,114
2023-06-06,Roubaix,Magasin,Bricolage,Tournevis set,6,636.28,0.0,3817.68,1922.64,533
2023-06-06,Lille,Magasin,Électroménager,Bouilloire,3,726.04,0.0,2178.12,1176.9,203
2023-06-06,En ligne,E-commerce,Électroménager,Réfrigérateur,5,387.37,0.0,1936.85,563.9,394
2023-06-06,Dunkerque,Magasin,Électroménager,Cafetière,5,392.24,0.0,1961.2,1072.8,580
2023-06-06,Amiens,Magasin,Électroménager,Réfrigérateur,1,387.37,0.2,309.9,35.31,51
2023-06-06,Roubaix,Magasin,Électroménager,Robot cuiseur,1,249.97,0.0,249.97,91.92,232
2023-06-06,Roubaix,Magasin,Électroménager,Bouilloire,2,726.04,0.0,1452.08,784.6,226
2023-06-06,Roubaix,Magasin,Mode,T-shirt coton,1,504.67,0.0,504.67,200.23,518
2023-06-06,Valenciennes,Magasin,Bricolage,Perceuse,5,105.66,0.0,528.3,108.5,420
2023-06-06,Roubaix,Magasin,Maison,Couette 220x240,2,224.09,0.0,448.18,180.78,267
2023-06-07,Lille,Magasin,Électroménager,Robot cuiseur,1,249.97,0.0,249.97,91.92,300
2023-06-07,Lille,Magasin,Maison,Lampe LED,2,134.22,0.0,268.44,136.56,557
2023-06-07,Valenciennes,Magasin,Sport,Vélo VTT,1,545.21,0.0,545.21,234.5,479
2023-06-07,Roubaix,Magasin,Électroménager,Micro-ondes,4,453.16,0.05,1722.01,595.61,389
2023-06-07,Tourcoing,Magasin,Maison,Étagère bois,1,279.59,0.1,251.63,61.16,555
2023-06-07,Dunkerque,Magasin,Maison,Set casseroles,2,706.85,0.0,1413.7,815.34,476
2023-06-07,Dunkerque,Magasin,Bricolage,Tournevis set,2,636.28,0.0,1272.56,640.88,316
2023-06-07,Lille,Magasin,Mode,Robe été,2,296.52,0.0,593.04,144.92,558
2023-06-07,Amiens,Magasin,Sport,Tapis yoga,3,658.36,0.0,1975.08,1058.13,270
2023-06-07,Lille,Magasin,Électroménager,Bouilloire,4,726.04,0.0,2904.16,1569.2,226
2023-06-07,Dunkerque,Magasin,Bricolage,Perceuse,2,105.66,0.0,211.32,43.4,290
2023-06-07,Lille,Magasin,Mode,Pull laine,5,884.49,0.0,4422.45,2480.3,401
2023-06-07,Amiens,Magasin,Mode,Veste hiver,3,655.99,0.0,1967.97,972.24,344
2023-06-07,Valenciennes,Magasin,Bricolage,Boîte à outils,2,83.21,0.2,133.14,12.7,294
2023-06-07,Dunkerque,Magasin,Maison,Couette 220x240,4,224.09,0.0,896.36,361.56,297
2023-06-07,Amiens,Magasin,Électroménager,Réfrigérateur,2,387.37,0.0,774.74,225.56,259
2023-06-08,Lille,Magasin,Électroménager,Micro-ondes,3,453.16,0.05,1291.51,446.71,291
2023-06-08,Lille,Magasin,Bricolage,Peinture 5L,1,609.0,0.0,609.0,325.46,20
2023-06-08,Tourcoing,Magasin,Électroménager,Bouilloire,2,726.04,0.0,1452.08,784.6,181
2023-06-08,En ligne,E-commerce,Sport,Haltères 10kg,2,98.3,0.1,176.94,65.74,400
2023-06-08,Lille,Magasin,Électroménager,Réfrigérateur,4,387.37,0.05,1472.01,373.65,365
2023-06-08,Amiens,Magasin,Électroménager,Réfrigérateur,1,387.37,0.0,387.37,112.78,68
2023-06-08,Dunkerque,Magasin,Bricolage,Échelle alu,1,354.67,0.0,354.67,168.4,435
2023-06-08,Amiens,Magasin,Bricolage,Peinture 5L,4,609.0,0.0,2436.0,1301.84,341
2023-06-08,Lille,Magasin,Mode,Veste hiver,1,655.99,0.0,655.99,324.08,451
2023-06-08,Amiens,Magasin,Maison,Couette 220x240,1,224.09,0.0,224.09,90.39,22
2023-06-09,Amiens,Magasin,Bricolage,Boîte à outils,1,83.21,0.0,83.21,22.99,143
2023-06-09,Roubaix,Magasin,Mode,Baskets ville,2,460.51,0.05,874.97,250.05,553
2023-06-09,Tourcoing,Magasin,Mode,T-shirt coton,3,504.67,0.0,1514.01,600.69,95
2023-06-09,Roubaix,Magasin,Maison,Étagère bois,3,279.59,0.0,838.77,267.36,248
2023-06-09,Amiens,Magasin,Électroménager,Bouilloire,4,726.04,0.05,2758.95,1423.99,63
2023-06-09,En ligne,E-commerce,Électroménager,Réfrigérateur,1,387.37,0.0,387.37,112.78,433
2023-06-09,Roubaix,Magasin,Sport,Chaussures running,2,569.53,0.0,1139.06,620.4,533
2023-06-09,Lille,Magasin,Électroménager,Réfrigérateur,2,387.37,0.1,697.27,148.09,187
2023-06-09,Tourcoing,Magasin,Mode,Baskets ville,1,460.51,0.0,460.51,148.05,496
2023-06-09,Tourcoing,Magasin,Sport,Chaussures running,1,569.53,0.0,569.53,310.2,185
2023-06-09,En ligne,E-commerce,Électroménager,Aspirateur,3,191.18,0.0,573.54,289.65,356
2023-06-09,Lille,Magasin,Maison,Couette 220x240,3,224.09,0.0,672.27,271.17,485
2023-06-09,Amiens,Magasin,Mode,Robe été,3,296.52,0.0,889.56,217.38,446
2023-06-09,Dunkerque,Magasin,Électroménager,Aspirateur,1,191.18,0.0,191.18,96.55,182
2023-06-09,Lille,Magasin,Électroménager,Micro-ondes,2,453.16,0.0,906.32,343.12,122
2023-06-09,Amiens,Magasin,Électroménager,Bouilloire,3,726.04,0.0,2178.12,1176.9,369
2023-06-10,Lille,Magasin,Sport,Maillot bain,2,350.77,0.05,666.46,363.52,265
2023-06-10,Roubaix,Magasin,Sport,Haltères 10kg,3,98.3,0.0,294.9,128.1,538
2023-06-10,Amiens,Magasin,Mode,Pull laine,2,884.49,0.0,1768.98,992.12,208
2023-06-10,Lille,Magasin,Maison,Canapé 3 places,4,246.23,0.0,984.92,227.52,544
2023-06-10,Dunkerque,Magasin,Sport,Maillot bain,1,350.77,0.0,350.77,199.3,271
2023-06-10,En ligne,E-commerce,Bricolage,Tournevis set,1,636.28,0.0,636.28,320.44,309
2023-06-10,Valenciennes,Magasin,Bricolage,Échelle alu,3,354.67,0.05,1010.81,452.0,560
2023-06-10,Roubaix,Magasin,Maison,Set casseroles,2,706.85,0.05,1343.02,744.65,192
2023-06-10,En ligne,E-commerce,Sport,Maillot bain,1,350.77,0.0,350.77,199.3,413
2023-06-10,Tourcoing,Magasin,Électroménager,Réfrigérateur,3,387.37,0.2,929.69,105.92,394
2023-06-10,Tourcoing,Magasin,Électroménager,Cafetière,3,392.24,0.0,1176.72,643.68,294
2023-06-10,Lille,Magasin,Sport,Ballon foot,1,100.1,0.0,100.1,57.9,300
2023-06-10,Lille,Magasin,Électroménager,Micro-ondes,3,453.16,0.0,1359.48,514.68,423
2023-06-10,Lille,Magasin,Électroménager,Aspirateur,2,191.18,0.0,382.36,193.1,479
2023-06-10,Valenciennes,Magasin,Bricolage,Tournevis set,3,636.28,0.0,1908.84,961.32,224
2023-06-10,Dunkerque,Magasin,Électroménager,Micro-ondes,3,453.16,0.0,1359.48,514.68,221
2023-06-10,Lille,Magasin,Mode,Jean homme,2,272.27,0.05,517.31,157.01,588
2023-06-10,Dunkerque,Magasin,Sport,Ballon foot,2,100.1,0.0,200.2,115.8,32
2023-06-10,Amiens,Magasin,Bricolage,Boîte à outils,1,83.21,0.0,83.21,22.99,200
2023-06-11,Roubaix,Magasin,Électroménager,Aspirateur,4,191.18,0.05,726.48,347.96,396
2023-06-11,Lille,Magasin,Mode,Robe été,2,296.52,0.0,593.04,144.92,280
2023-06-11,Amiens,Magasin,Électroménager,Aspirateur,1,191.18,0.0,191.18,96.55,490
2023-06-11,Lille,Magasin,Bricolage,Perceuse,1,105.66,0.0,105.66,21.7,45
2023-06-11,Roubaix,Magasin,Électroménager,Aspirateur,3,191.18,0.0,573.54,289.65,484
2023-06-11,Valenciennes,Magasin,Sport,Maillot bain,3,350.77,0.1,947.08,492.67,511
2023-06-11,Amiens,Magasin,Mode,Baskets ville,2,460.51,0.0,921.02,296.1,56
2023-06-11,Valenciennes,Magasin,Maison,Rideau occultant,3,101.21,0.05,288.45,119.49,470
2023-06-11,Tourcoing,Magasin,Bricolage,Boîte à outils,6,83.21,0.0,499.26,137.94,547
2023-06-11,Roubaix,Magasin,Électroménager,Réfrigérateur,2,387.37,0.0,774.74,225.56,404
2023-06-11,Lille,Magasin,Électroménager,Aspirateur,4,191.18,0.0,764.72,386.2,325
2023-06-11,Roubaix,Magasin,Sport,Maillot bain,2,350.77,0.0,701.54,398.6,489
2023-06-11,Tourcoing,Magasin,Mode,Jean homme,2,272.27,0.0,544.54,184.24,59
2023-06-11,Tourcoing,Magasin,Sport,Haltères 10kg,1,98.3,0.0,98.3,42.7,522
2023-06-11,Roubaix,Magasin,Sport,Chaussures running,3,569.53,0.2,1366.87,588.88,357
2023-06-11,Lille,Magasin,Bricolage,Boîte à outils,3,83.21,0.0,249.63,68.97,192
2023-06-11,Dunkerque,Magasin,Maison,Lampe LED,3,134.22,0.0,402.66,204.84,280
2023-06-11,Tourcoing,Magasin,Électroménager,Aspirateur,4,191.18,0.0,764.72,386.2,257
2023-06-11,Dunkerque,Magasin,Mode,Jean homme,2,272.27,0.0,544.54,184.24,598
2023-06-11,Roubaix,Magasin,Mode,Veste hiver,3,655.99,0.0,1967.97,972.24,30
2023-06-11,Dunkerque,Magasin,Bricolage,Peinture 5L,2,609.0,0.0,1218.0,650.92,403
2023-06-12,Amiens,Magasin,Sport,Tapis yoga,5,658.36,0.0,3291.8,1763.55,130
2023-06-12,En ligne,E-commerce,Sport,Vélo VTT,1,545.21,0.0,545.21,234.5,375
2023-06-12,Lille,Magasin,Maison,Couette 220x240,2,224.09,0.05,425.77,158.37,524
2023-06-12,Tourcoing,Magasin,Maison,Canapé 3 places,3,246.23,0.0,738.69,170.64,586
2023-06-12,Tourcoing,Magasin,Électroménager,Micro-ondes,2,453.16,0.0,906.32,343.12,114
2023-06-12,Dunkerque,Magasin,Mode,Jean homme,4,272.27,0.05,1034.63,314.03,500
2023-06-12,En ligne,E-commerce,Sport,Raquette tennis,2,706.19,0.0,1412.38,724.08,379
2023-06-12,Roubaix,Magasin,Maison,Rideau occultant,5,101.21,0.0,506.05,224.45,344
2023-06-12,Tourcoing,Magasin,Bricolage,Échelle alu,3,354.67,0.0,1064.01,505.2,156
2023-06-12,Roubaix,Magasin,Sport,Maillot bain,4,350.77,0.0,1403.08,797.2,88
2023-06-12,Dunkerque,Magasin,Maison,Étagère bois,2,279.59,0.0,559.18,178.24,292
2023-06-12,Amiens,Magasin,Mode,T-shirt coton,4,504.67,0.0,2018.68,800.92,206
2023-06-12,Roubaix,Magasin,Maison,Lampe LED,3,134.22,0.0,402.66,204.84,198
2023-06-12,Amiens,Magasin,Sport,Tapis yoga,5,658.36,0.2,2633.44,1105.19,206
2023-06-12,En ligne,E-commerce,Mode,Pull laine,2,884.49,0.0,1768.98,992.12,541
2023-06-13,En ligne,E-commerce,Mode,Baskets ville,2,460.51,0.0,921.02,296.1,423
2023-06-13,Tourcoing,Magasin,Maison,Canapé 3 places,1,246.23,0.05,233.92,44.57,107
2023-06-13,Roubaix,Magasin,Bricolage,Boîte à outils,3,83.21,0.0,249.63,68.97,365
2023-06-13,En ligne,E-commerce,Électroménager,Réfrigérateur,3,387.37,0.0,1162.11,338.34,315
2023-06-13,Lille,Magasin,Mode,Veste hiver,4,655.99,0.0,2623.96,1296.32,352
2023-06-13,Dunkerque,Magasin,Maison,Lampe LED,1,134.22,0.0,134.22,68.28,137
2023-06-13,En ligne,E-commerce,Maison,Couette 220x240,4,224.09,0.0,896.36,361.56,569
2023-06-13,Roubaix,Magasin,Électroménager,Réfrigérateur,1,387.37,0.05,368.0,93.41,4
2023-06-13,Tourcoing,Magasin,Mode,Veste hiver,2,655.99,0.1,1180.78,516.96,450
2023-06-13,Lille,Magasin,Sport,Chaussures running,1,569.53,0.0,569.53,310.2,149
2023-06-13,Lille,Magasin,Bricolage,Peinture 5L,2,609.0,0.0,1218.0,650.92,492
2023-06-13,Valenciennes,Magasin,Mode,Robe été,6,296.52,0.0,1779.12,434.76,462
2023-06-13,Lille,Magasin,Sport,Chaussures running,3,569.53,0.0,1708.59,930.6,77
2023-06-13,En ligne,E-commerce,Sport,Vélo VTT,1,545.21,0.0,545.21,234.5,555
2023-06-14,Dunkerque,Magasin,Maison,Canapé 3 places,3,246.23,0.0,738.69,170.64,462
2023-06-14,Dunkerque,Magasin,Électroménager,Robot cuiseur,2,249.97,0.0,499.94,183.84,364
2023-06-14,Amiens,Magasin,Maison,Lampe LED,3,134.22,0.05,382.53,184.71,547
2023-06-14,En ligne,E-commerce,Électroménager,Micro-ondes,3,453.16,0.1,1223.53,378.73,491
2023-06-14,Roubaix,Magasin,Maison,Étagère bois,1,279.59,0.0,279.59,89.12,430
2023-06-14,Dunkerque,Magasin,Mode,Pull laine,1,884.49,0.0,884.49,496.06,409
2023-06-14,Lille,Magasin,Sport,Vélo VTT,1,545.21,0.0,545.21,234.5,369
2023-06-14,En ligne,E-commerce,Sport,Ballon foot,3,100.1,0.0,300.3,173.7,315
2023-06-14,Valenciennes,Magasin,Sport,Chaussures running,3,569.53,0.0,1708.59,930.6,98
2023-06-14,Roubaix,Magasin,Électroménager,Robot cuiseur,2,249.97,0.0,499.94,183.84,19
2023-06-14,Valenciennes,Magasin,Bricolage,Peinture 5L,1,609.0,0.0,609.0,325.46,46
2023-06-14,Valenciennes,Magasin,Bricolage,Boîte à outils,6,83.21,0.0,499.26,137.94,306
2023-06-14,Tourcoing,Magasin,Mode,T-shirt coton,1,504.67,0.1,454.2,149.76,21
2023-06-14,Lille,Magasin,Mode,Baskets ville,3,460.51,0.05,1312.45,375.07,513
2023-06-14,Valenciennes,Magasin,Mode,Robe été,1,296.52,0.0,296.52,72.46,381
2023-06-14,Dunkerque,Magasin,Maison,Set casseroles,2,706.85,0.0,1413.7,815.34,51
2023-06-14,Roubaix,Magasin,Maison,Set casseroles,3,706.85,0.0,2120.55,1223.01,366
2023-06-14,Valenciennes,Magasin,Bricolage,Échelle alu,1,354.67,0.0,354.67,168.4,108
2023-06-14,Roubaix,Magasin,Maison,Set casseroles,2,706.85,0.0,1413.7,815.34,145
2023-06-14,Valenciennes,Magasin,Sport,Haltères 10kg,1,98.3,0.1,88.47,32.87,140
2023-06-14,En ligne,E-commerce,Électroménager,Réfrigérateur,6,387.37,0.05,2208.01,560.47,454
2023-06-14,Lille,Magasin,Maison,Set casseroles,2,706.85,0.1,1272.33,673.97,520
2023-06-15,Valenciennes,Magasin,Sport,Haltères 10kg,3,98.3,0.0,294.9,128.1,118
2023-06-15,Lille,Magasin,Maison,Lampe LED,4,134.22,0.0,536.88,273.12,196
2023-06-15,Amiens,Magasin,Sport,Vélo VTT,2,545.21,0.0,1090.42,469.0,137
2023-06-15,Lille,Magasin,Maison,Lampe LED,5,134.22,0.0,671.1,341.4,455
2023-06-15,Lille,Magasin,Bricolage,Boîte à outils,2,83.21,0.0,166.42,45.98,29
2023-06-15,Roubaix,Magasin,Sport,Tapis yoga,2,658.36,0.0,1316.72,705.42,218
2023-06-15,Tourcoing,Magasin,Mode,T-shirt coton,2,504.67,0.1,908.41,299.53,421
2023-06-15,Roubaix,Magasin,Sport,Chaussures running,3,569.53,0.0,1708.59,930.6,389
2023-06-15,Lille,Magasin,Maison,Couette 220x240,5,224.09,0.0,1120.45,451.95,59
2023-06-15,Valenciennes,Magasin,Bricolage,Échelle alu,1,354.67,0.0,354.67,168.4,504
2023-06-15,Lille,Magasin,Sport,Haltères 10kg,2,98.3,0.0,196.6,85.4,391
2023-06-15,Roubaix,Magasin,Maison,Set casseroles,3,706.85,0.0,2120.55,1223.01,272
2023-06-15,Roubaix,Magasin,Électroménager,Cafetière,2,392.24,0.0,784.48,429.12,135
2023-06-15,Lille,Magasin,Maison,Étagère bois,2,279.59,0.05,531.22,150.28,382
2023-06-15,En ligne,E-commerce,Maison,Lampe LED,2,134.22,0.0,268.44,136.56,591
2023-06-16,Dunkerque,Magasin,Sport,Tapis yoga,3,658.36,0.0,1975.08,1058.13,133
2023-06-16,Tourcoing,Magasin,Sport,Maillot bain,2,350.77,0.0,701.54,398.6,598
2023-06-16,Amiens,Magasin,Bricolage,Perceuse,2,105.66,0.0,211.32,43.4,128
2023-06-16,Dunkerque,Magasin,Électroménager,Réfrigérateur,2,387.37,0.0,774.74,225.56,182
2023-06-16,Valenciennes,Magasin,Mode,Jean homme,5,272.27,0.0,1361.35,460.6,331
2023-06-16,Dunkerque,Magasin,Électroménager,Micro-ondes,2,453.16,0.0,906.32,343.12,242
2023-06-16,Dunkerque,Magasin,Maison,Canapé 3 places,1,246.23,0.2,196.98,7.63,406
2023-06-16,Amiens,Magasin,Mode,Pull laine,5,884.49,0.0,4422.45,2480.3,58
2023-06-16,Amiens,Magasin,Sport,Maillot bain,3,350.77,0.0,1052.31,597.9,528
2023-06-16,En ligne,E-commerce,Sport,Chaussures running,3,569.53,0.0,1708.59,930.6,103
2023-06-16,Amiens,Magasin,Mode,T-shirt coton,5,504.67,0.0,2523.35,1001.15,199
2023-06-16,Dunkerque,Magasin,Maison,Lampe LED,5,134.22,0.0,671.1,341.4,312
2023-06-16,Tourcoing,Magasin,Maison,Lampe LED,3,134.22,0.0,402.66,204.84,111
2023-06-16,Roubaix,Magasin,Bricolage,Tournevis set,2,636.28,0.0,1272.56,640.88,501
2023-06-16,Amiens,Magasin,Bricolage,Peinture 5L,2,609.0,0.0,1218.0,650.92,83
2023-06-16,Amiens,Magasin,Mode,Pull laine,3,884.49,0.0,2653.47,1488.18,411
2023-06-16,Amiens,Magasin,Mode,Robe été,1,296.52,0.0,296.52,72.46,157
2023-06-17,En ligne,E-commerce,Mode,Jean homme,5,272.27,0.0,1361.35,460.6,91
2023-06-17,Lille,Magasin,Bricolage,Tournevis set,4,636.28,0.0,2545.12,1281.76,598
2023-06-17,Lille,Magasin,Bricolage,Échelle alu,2,354.67,0.0,709.34,336.8,145
2023-06-17,En ligne,E-commerce,Mode,T-shirt coton,4,504.67,0.0,2018.68,800.92,494
2023-06-17,Tourcoing,Magasin,Maison,Canapé 3 places,2,246.23,0.0,492.46,113.76,417
2023-06-17,Roubaix,Magasin,Maison,Couette 220x240,1,224.09,0.0,224.09,90.39,280
2023-06-17,Lille,Magasin,Bricolage,Tournevis set,1,636.28,0.0,636.28,320.44,257
2023-06-17,Lille,Magasin,Sport,Tapis yoga,4,658.36,0.0,2633.44,1410.84,436
2023-06-17,Roubaix,Magasin,Mode,Veste hiver,1,655.99,0.0,655.99,324.08,459
2023-06-17,Lille,Magasin,Sport,Raquette tennis,1,706.19,0.0,706.19,362.04,320
2023-06-17,Valenciennes,Magasin,Maison,Rideau occultant,1,101.21,0.0,101.21,44.89,135
2023-06-18,En ligne,E-commerce,Maison,Rideau occultant,1,101.21,0.0,101.21,44.89,577
2023-06-18,Lille,Magasin,Sport,Chaussures running,1,569.53,0.0,569.53,310.2,342
2023-06-18,Lille,Magasin,Électroménager,Robot cuiseur,3,249.97,0.05,712.41,238.26,507
2023-06-18,Amiens,Magasin,Sport,Vélo VTT,5,545.21,0.0,2726.05,1172.5,583
2023-06-18,En ligne,E-commerce,Sport,Maillot bain,1,350.77,0.0,350.77,199.3,376
2023-06-18,En ligne,E-commerce,Sport,Raquette tennis,3,706.19,0.0,2118.57,1086.12,148
2023-06-18,Tourcoing,Magasin,Maison,Canapé 3 places,2,246.23,0.0,492.46,113.76,307
2023-06-18,En ligne,E-commerce,Électroménager,Micro-ondes,4,453.16,0.05,1722.01,595.61,282
2023-06-18,En ligne,E-commerce,Bricolage,Peinture 5L,3,609.0,0.0,1827.0,976.38,410
2023-06-18,Lille,Magasin,Mode,Jean homme,2,272.27,0.0,544.54,184.24,271
2023-06-18,Amiens,Magasin,Bricolage,Peinture 5L,3,609.0,0.0,1827.0,976.38,201
2023-06-18,Valenciennes,Magasin,Sport,Tapis yoga,2,658.36,0.0,1316.72,705.42,335
2023-06-18,Dunkerque,Magasin,Sport,Raquette tennis,1,706.19,0.0,706.19,362.04,585
2023-06-18,Valenciennes,Magasin,Électroménager,Bouilloire,4,726.04,0.05,2758.95,1423.99,379
2023-06-19,Roubaix,Magasin,Mode,Pull laine,1,884.49,0.05,840.27,451.84,545
2023-06-19,Lille,Magasin,Électroménager,Micro-ondes,1,453.16,0.05,430.5,148.9,209
2023-06-19,En ligne,E-commerce,Maison,Couette 220x240,3,224.09,0.0,672.27,271.17,529
2023-06-19,Roubaix,Magasin,Bricolage,Perceuse,1,105.66,0.2,84.53,0.57,585
2023-06-19,En ligne,E-commerce,Électroménager,Réfrigérateur,2,387.37,0.0,774.74,225.56,118
2023-06-19,Tourcoing,Magasin,Bricolage,Échelle alu,1,354.67,0.0,354.67,168.4,246
2023-06-19,Amiens,Magasin,Électroménager,Bouilloire,5,726.04,0.0,3630.2,1961.5,412
2023-06-19,Amiens,Magasin,Maison,Rideau occultant,5,101.21,0.0,506.05,224.45,507
2023-06-19,Amiens,Magasin,Sport,Chaussures running,3,569.53,0.0,1708.59,930.6,565
2023-06-19,Dunkerque,Magasin,Mode,Jean homme,3,272.27,0.0,816.81,276.36,175
2023-06-19,Valenciennes,Magasin,Sport,Chaussures running,2,569.53,0.0,1139.06,620.4,112
2023-06-19,En ligne,E-commerce,Électroménager,Micro-ondes,2,453.16,0.0,906.32,343.12,483
2023-06-20,Roubaix,Magasin,Sport,Raquette tennis,3,706.19,0.0,2118.57,1086.12,349
2023-06-20,En ligne,E-commerce,Électroménager,Micro-ondes,2,453.16,0.0,906.32,343.12,419
2023-06-20,Valenciennes,Magasin,Maison,Set casseroles,3,706.85,0.0,2120.55,1223.01,109
2023-06-20,Amiens,Magasin,Maison,Étagère bois,5,279.59,0.0,1397.95,445.6,546
2023-06-20,Lille,Magasin,Sport,Chaussures running,2,569.53,0.0,1139.06,620.4,89
2023-06-20,Lille,Magasin,Maison,Étagère bois,1,279.59,0.0,279.59,89.12,194
2023-06-20,Dunkerque,Magasin,Mode,Pull laine,3,884.49,0.0,2653.47,1488.18,476
2023-06-20,Tourcoing,Magasin,Sport,Raquette tennis,3,706.19,0.0,2118.57,1086.12,318
2023-06-20,Tourcoing,Magasin,Maison,Couette 220x240,5,224.09,0.0,1120.45,451.95,320
2023-06-20,Roubaix,Magasin,Mode,Pull laine,3,884.49,0.0,2653.47,1488.18,42
2023-06-20,Roubaix,Magasin,Bricolage,Perceuse,1,105.66,0.0,105.66,21.7,311
2023-06-20,Lille,Magasin,Bricolage,Peinture 5L,2,609.0,0.0,1218.0,650.92,61
2023-06-21,En ligne,E-commerce,Sport,Tapis yoga,4,658.36,0.0,2633.44,1410.84,174
2023-06-21,Roubaix,Magasin,Mode,Jean homme,2,272.27,0.05,517.31,157.01,52
2023-06-21,Tourcoing,Magasin,Sport,Chaussures running,1,569.53,0.0,569.53,310.2,331
2023-06-21,Dunkerque,Magasin,Électroménager,Réfrigérateur,5,387.37,0.0,1936.85,563.9,62
2023-06-21,Dunkerque,Magasin,Bricolage,Tournevis set,4,636.28,0.0,2545.12,1281.76,257
2023-06-21,Amiens,Magasin,Mode,Baskets ville,3,460.51,0.05,1312.45,375.07,69
2023-06-21,Lille,Magasin,Sport,Maillot bain,4,350.77,0.0,1403.08,797.2,321
2023-06-21,Amiens,Magasin,Électroménager,Robot cuiseur,2,249.97,0.0,499.94,183.84,200
2023-06-21,Roubaix,Magasin,Électroménager,Cafetière,3,392.24,0.0,1176.72,643.68,49
2023-06-21,Amiens,Magasin,Électroménager,Robot cuiseur,3,249.97,0.05,712.41,238.26,127
2023-06-21,Amiens,Magasin,Électroménager,Réfrigérateur,4,387.37,0.0,1549.48,451.12,400
2023-06-21,Roubaix,Magasin,Maison,Couette 220x240,1,224.09,0.0,224.09,90.39,327
2023-06-21,Dunkerque,Magasin,Maison,Couette 220x240,1,224.09,0.0,224.09,90.39,479
2023-06-21,Tourcoing,Magasin,Mode,Robe été,2,296.52,0.0,593.04,144.92,57
2023-06-21,Lille,Magasin,Électroménager,Aspirateur,3,191.18,0.1,516.19,232.3,375
2023-06-21,Tourcoing,Magasin,Sport,Raquette tennis,3,706.19,0.0,2118.57,1086.12,318
2023-06-21,Roubaix,Magasin,Bricolage,Échelle alu,4,354.67,0.0,1418.68,673.6,448
2023-06-22,Valenciennes,Magasin,Bricolage,Boîte à outils,2,83.21,0.0,166.42,45.98,10
2023-06-22,En ligne,E-commerce,Bricolage,Boîte à outils,2,83.21,0.0,166.42,45.98,79
2023-06-22,Tourcoing,Magasin,Bricolage,Échelle alu,2,354.67,0.0,709.34,336.8,283
2023-06-22,Roubaix,Magasin,Sport,Vélo VTT,6,545.21,0.0,3271.26,1407.0,161
2023-06-22,Dunkerque,Magasin,Bricolage,Tournevis set,5,636.28,0.0,3181.4,1602.2,291
2023-06-22,Valenciennes,Magasin,Mode,Pull laine,2,884.49,0.0,1768.98,992.12,132
2023-06-22,Lille,Magasin,Bricolage,Boîte à outils,3,83.21,0.0,249.63,68.97,225
2023-06-22,Lille,Magasin,Sport,Chaussures running,3,569.53,0.1,1537.73,759.74,374
2023-06-22,Lille,Magasin,Électroménager,Bouilloire,2,726.04,0.0,1452.08,784.6,427
2023-06-22,Dunkerque,Magasin,Bricolage,Échelle alu,2,354.67,0.0,709.34,336.8,194
2023-06-22,Lille,Magasin,Mode,Jean homme,1,272.27,0.0,272.27,92.12,540
2023-06-22,Dunkerque,Magasin,Électroménager,Bouilloire,3,726.04,0.0,2178.12,1176.9,315
2023-06-22,Valenciennes,Magasin,Sport,Tapis yoga,2,658.36,0.0,1316.72,705.42,432
2023-06-22,Valenciennes,Magasin,Sport,Chaussures running,4,569.53,0.05,2164.21,1126.89,147
2023-06-22,Valenciennes,Magasin,Mode,Baskets ville,4,460.51,0.0,1842.04,592.2,445
2023-06-22,Lille,Magasin,Mode,Pull laine,1,884.49,0.1,796.04,407.61,551
2023-06-22,Tourcoing,Magasin,Sport,Ballon foot,4,100.1,0.0,400.4,231.6,105
2023-06-22,Lille,Magasin,Électroménager,Bouilloire,2,726.04,0.05,1379.48,712.0,169
2023-06-22,Lille,Magasin,Maison,Couette 220x240,3,224.09,0.0,672.27,271.17,421
2023-06-22,En ligne,E-commerce,Bricolage,Peinture 5L,2,609.0,0.0,1218.0,650.92,67
2023-06-23,Tourcoing,Magasin,Électroménager,Aspirateur,1,191.18,0.0,191.18,96.55,303
2023-06-23,Amiens,Magasin,Sport,Ballon foot,1,100.1,0.0,100.1,57.9,360
2023-06-23,Lille,Magasin,Sport,Chaussures running,4,569.53,0.0,2278.12,1240.8,159
2023-06-23,En ligne,E-commerce,Maison,Couette 220x240,2,224.09,0.0,448.18,180.78,150
2023-06-23,Lille,Magasin,Sport,Raquette tennis,4,706.19,0.0,2824.76,1448.16,226
2023-06-23,En ligne,E-commerce,Maison,Canapé 3 places,5,246.23,0.0,1231.15,284.4,66
2023-06-23,En ligne,E-commerce,Bricolage,Peinture 5L,1,609.0,0.0,609.0,325.46,516
2023-06-23,Tourcoing,Magasin,Mode,T-shirt coton,1,504.67,0.0,504.67,200.23,494
2023-06-23,Roubaix,Magasin,Bricolage,Perceuse,2,105.66,0.0,211.32,43.4,553
2023-06-23,Dunkerque,Magasin,Mode,T-shirt coton,2,504.67,0.0,1009.34,400.46,266
2023-06-23,Roubaix,Magasin,Sport,Vélo VTT,3,545.21,0.1,1472.07,539.94,394
2023-06-23,Lille,Magasin,Maison,Étagère bois,3,279.59,0.05,796.83,225.42,39
2023-06-23,Valenciennes,Magasin,Bricolage,Tournevis set,3,636.28,0.0,1908.84,961.32,514
2023-06-23,Valenciennes,Magasin,Mode,Pull laine,5,884.49,0.2,3537.96,1595.81,336
2023-06-23,En ligne,E-commerce,Mode,T-shirt coton,4,504.67,0.05,1917.75,699.99,249
2023-06-23,Roubaix,Magasin,Sport,Raquette tennis,1,706.19,0.0,706.19,362.04,450
2023-06-23,Tourcoing,Magasin,Maison,Lampe LED,3,134.22,0.0,402.66,204.84,371
2023-06-24,Dunkerque,Magasin,Mode,Pull laine,6,884.49,0.0,5306.94,2976.36,377
2023-06-24,Valenciennes,Magasin,Électroménager,Robot cuiseur,2,249.97,0.0,499.94,183.84,133
2023-06-24,Roubaix,Magasin,Électroménager,Aspirateur,2,191.18,0.1,344.12,154.86,579
2023-06-24,Valenciennes,Magasin,Maison,Rideau occultant,1,101.21,0.2,80.97,24.65,85
2023-06-24,Valenciennes,Magasin,Électroménager,Robot cuiseur,1,249.97,0.0,249.97,91.92,389
2023-06-24,Dunkerque,Magasin,Maison,Lampe LED,1,134.22,0.0,134.22,68.28,392
2023-06-24,Valenciennes,Magasin,Sport,Chaussures running,4,569.53,0.0,2278.12,1240.8,195
2023-06-24,Lille,Magasin,Bricolage,Peinture 5L,1,609.0,0.0,609.0,325.46,203
2023-06-24,Amiens,Magasin,Mode,Jean homme,3,272.27,0.0,816.81,276.36,424
2023-06-24,Valenciennes,Magasin,Maison,Couette 220x240,2,224.09,0.0,448.18,180.78,587
2023-06-24,Valenciennes,Magasin,Mode,Robe été,2,296.52,0.0,593.04,144.92,512
2023-06-24,Dunkerque,Magasin,Sport,Ballon foot,1,100.1,0.0,100.1,57.9,12
2023-06-24,Roubaix,Magasin,Bricolage,Perceuse,2,105.66,0.0,211.32,43.4,251
2023-06-24,Lille,Magasin,Maison,Couette 220x240,1,224.09,0.0,224.09,90.39,402
2023-06-25,Roubaix,Magasin,Bricolage,Tournevis set,3,636.28,0.0,1908.84,961.32,316
2023-06-25,Lille,Magasin,Mode,Baskets ville,3,460.51,0.0,1381.53,444.15,483
2023-06-25,Valenciennes,Magasin,Maison,Étagère bois,5,279.59,0.0,1397.95,445.6,397
2023-06-25,En ligne,E-commerce,Bricolage,Échelle alu,3,354.67,0.0,1064.01,505.2,585
2023-06-25,Lille,Magasin,Mode,Baskets ville,2,460.51,0.0,921.02,296.1,384
2023-06-25,Valenciennes,Magasin,Maison,Étagère bois,1,279.59,0.0,279.59,89.12,135
2023-06-25,Dunkerque,Magasin,Mode,Pull laine,3,884.49,0.0,2653.47,1488.18,336
2023-06-25,Roubaix,Magasin,Sport,Tapis yoga,2,658.36,0.0,1316.72,705.42,429
2023-06-25,Valenciennes,Magasin,Électroménager,Bouilloire,2,726.04,0.05,1379.48,712.0,361
2023-06-25,Lille,Magasin,Maison,Étagère bois,5,279.59,0.2,1118.36,166.01,169
2023-06-25,Lille,Magasin,Sport,Ballon foot,1,100.1,0.0,100.1,57.9,213
2023-06-25,Amiens,Magasin,Mode,Robe été,1,296.52,0.0,296.52,72.46,486
2023-06-25,Lille,Magasin,Sport,Raquette tennis,4,706.19,0.1,2542.28,1165.68,234
2023-06-25,Lille,Magasin,Mode,Jean homme,4,272.27,0.05,1034.63,314.03,333
2023-06-26,En ligne,E-commerce,Électroménager,Aspirateur,1,191.18,0.0,191.18,96.55,540
2023-06-26,Dunkerque,Magasin,Électroménager,Bouilloire,2,726.04,0.1,1306.87,639.39,113
2023-06-26,Valenciennes,Magasin,Bricolage,Échelle alu,1,354.67,0.1,319.2,132.93,126
2023-06-26,Dunkerque,Magasin,Bricolage,Tournevis set,2,636.28,0.05,1208.93,577.25,173
2023-06-26,En ligne,E-commerce,Bricolage,Peinture 5L,4,609.0,0.0,2436.0,1301.84,399
2023-06-26,Dunkerque,Magasin,Mode,T-shirt coton,4,504.67,0.0,2018.68,800.92,568
2023-06-26,Lille,Magasin,Sport,Vélo VTT,3,545.21,0.0,1635.63,703.5,321
2023-06-26,Roubaix,Magasin,Maison,Couette 220x240,3,224.09,0.0,672.27,271.17,224
2023-06-26,Dunkerque,Magasin,Sport,Haltères 10kg,3,98.3,0.1,265.41,98.61,378
2023-06-26,Amiens,Magasin,Sport,Maillot bain,1,350.77,0.0,350.77,199.3,501
2023-06-26,En ligne,E-commerce,Électroménager,Bouilloire,4,726.04,0.0,2904.16,1569.2,583
2023-06-26,Lille,Magasin,Sport,Chaussures running,2,569.53,0.0,1139.06,620.4,233
2023-06-26,Dunkerque,Magasin,Mode,Veste hiver,1,655.99,0.0,655.99,324.08,205
2023-06-26,Lille,Magasin,Électroménager,Aspirateur,5,191.18,0.0,955.9,482.75,103
2023-06-26,Roubaix,Magasin,Bricolage,Tournevis set,1,636.28,0.0,636.28,320.44,451
2023-06-26,En ligne,E-commerce,Électroménager,Aspirateur,5,191.18,0.0,955.9,482.75,39
2023-06-26,Lille,Magasin,Bricolage,Perceuse,5,105.66,0.0,528.3,108.5,534
2023-06-26,Lille,Magasin,Maison,Couette 220x240,5,224.09,0.0,1120.45,451.95,292
2023-06-26,Valenciennes,Magasin,Maison,Rideau occultant,4,101.21,0.0,404.84,179.56,246
2023-06-27,Roubaix,Magasin,Électroménager,Cafetière,1,392.24,0.0,392.24,214.56,486
2023-06-27,Roubaix,Magasin,Électroménager,Bouilloire,3,726.04,0.0,2178.12,1176.9,251
2023-06-27,Valenciennes,Magasin,Sport,Raquette tennis,3,706.19,0.0,2118.57,1086.12,7
2023-06-27,Tourcoing,Magasin,Électroménager,Aspirateur,5,191.18,0.0,955.9,482.75,470
2023-06-27,Lille,Magasin,Maison,Rideau occultant,3,101.21,0.05,288.45,119.49,567
2023-06-27,Roubaix,Magasin,Mode,T-shirt coton,1,504.67,0.0,504.67,200.23,172
2023-06-27,Valenciennes,Magasin,Électroménager,Réfrigérateur,4,387.37,0.0,1549.48,451.12,184
2023-06-27,Amiens,Magasin,Mode,Baskets ville,2,460.51,0.0,921.02,296.1,317
2023-06-27,Lille,Magasin,Maison,Set casseroles,4,706.85,0.0,2827.4,1630.68,401
2023-06-27,Roubaix,Magasin,Mode,Baskets ville,3,460.51,0.0,1381.53,444.15,527
2023-06-27,Dunkerque,Magasin,Sport,Chaussures running,2,569.53,0.0,1139.06,620.4,335
2023-06-27,Dunkerque,Magasin,Maison,Couette 220x240,1,224.09,0.0,224.09,90.39,298
2023-06-27,Valenciennes,Magasin,Sport,Tapis yoga,2,658.36,0.0,1316.72,705.42,335
2023-06-27,Lille,Magasin,Maison,Étagère bois,4,279.59,0.0,1118.36,356.48,537
2023-06-27,Lille,Magasin,Mode,T-shirt coton,3,504.67,0.0,1514.01,600.69,409
2023-06-27,Lille,Magasin,Maison,Set casseroles,2,706.85,0.0,1413.7,815.34,58
2023-06-27,Lille,Magasin,Mode,T-shirt coton,2,504.67,0.0,1009.34,400.46,21
2023-06-28,En ligne,E-commerce,Sport,Chaussures running,3,569.53,0.0,1708.59,930.6,418
2023-06-28,Roubaix,Magasin,Bricolage,Tournevis set,6,636.28,0.0,3817.68,1922.64,99
2023-06-28,Amiens,Magasin,Maison,Canapé 3 places,4,246.23,0.0,984.92,227.52,344
2023-06-28,Roubaix,Magasin,Maison,Lampe LED,3,134.22,0.05,382.53,184.71,240
2023-06-28,Tourcoing,Magasin,Mode,Robe été,1,296.52,0.0,296.52,72.46,155
2023-06-28,Dunkerque,Magasin,Maison,Couette 220x240,4,224.09,0.0,896.36,361.56,93
2023-06-28,Amiens,Magasin,Maison,Lampe LED,1,134.22,0.0,134.22,68.28,229
2023-06-28,Amiens,Magasin,Maison,Set casseroles,2,706.85,0.05,1343.02,744.65,57
2023-06-28,Tourcoing,Magasin,Sport,Vélo VTT,4,545.21,0.0,2180.84,938.0,35
2023-06-28,Roubaix,Magasin,Sport,Raquette tennis,4,706.19,0.1,2542.28,1165.68,567
2023-06-28,Roubaix,Magasin,Maison,Set casseroles,5,706.85,0.0,3534.25,2038.35,575
2023-06-28,Amiens,Magasin,Électroménager,Robot cuiseur,4,249.97,0.0,999.88,367.68,433
2023-06-28,En ligne,E-commerce,Mode,Robe été,4,296.52,0.05,1126.78,230.54,547
2023-06-28,Valenciennes,Magasin,Maison,Couette 220x240,2,224.09,0.1,403.36,135.96,14
2023-06-28,Amiens,Magasin,Maison,Couette 220x240,3,224.09,0.0,672.27,271.17,271
2023-06-28,Dunkerque,Magasin,Maison,Set casseroles,4,706.85,0.0,2827.4,1630.68,193
2023-06-28,Roubaix,Magasin,Sport,Haltères 10kg,4,98.3,0.0,393.2,170.8,231
2023-06-28,Lille,Magasin,Bricolage,Échelle alu,1,354.67,0.1,319.2,132.93,298
2023-06-28,Valenciennes,Magasin,Sport,Tapis yoga,5,658.36,0.0,3291.8,1763.55,169
2023-06-28,Roubaix,Magasin,Bricolage,Boîte à outils,2,83.21,0.0,166.42,45.98,91
2023-06-28,Roubaix,Magasin,Maison,Set casseroles,5,706.85,0.0,3534.25,2038.35,542
2023-06-28,Tourcoing,Magasin,Bricolage,Échelle alu,3,354.67,0.0,1064.01,505.2,474
2023-06-28,Lille,Magasin,Mode,Pull laine,1,884.49,0.0,884.49,496.06,256
2023-06-29,En ligne,E-commerce,Maison,Rideau occultant,3,101.21,0.0,303.63,134.67,178
2023-06-29,Lille,Magasin,Mode,Baskets ville,2,460.51,0.0,921.02,296.1,420
2023-06-29,Lille,Magasin,Maison,Set casseroles,2,706.85,0.05,1343.02,744.65,157
2023-06-29,Tourcoing,Magasin,Électroménager,Bouilloire,2,726.04,0.0,1452.08,784.6,269
2023-06-29,Roubaix,Magasin,Maison,Canapé 3 places,3,246.23,0.0,738.69,170.64,89
2023-06-29,Tourcoing,Magasin,Bricolage,Échelle alu,1,354.67,0.0,354.67,168.4,114
2023-06-29,Valenciennes,Magasin,Bricolage,Peinture 5L,3,609.0,0.05,1735.65,885.03,392
2023-06-29,Dunkerque,Magasin,Électroménager,Bouilloire,2,726.04,0.0,1452.08,784.6,479
2023-06-29,Amiens,Magasin,Maison,Étagère bois,3,279.59,0.0,838.77,267.36,499
2023-06-30,Dunkerque,Magasin,Maison,Étagère bois,4,279.59,0.05,1062.44,300.56,2
2023-06-30,Valenciennes,Magasin,Sport,Maillot bain,3,350.77,0.0,1052.31,597.9,11
2023-06-30,Lille,Magasin,Électroménager,Réfrigérateur,5,387.37,0.0,1936.85,563.9,468
2023-06-30,Tourcoing,Magasin,Mode,Baskets ville,1,460.51,0.1,414.46,102.0,575
2023-06-30,Valenciennes,Magasin,Maison,Set casseroles,2,706.85,0.0,1413.7,815.34,216
2023-06-30,Lille,Magasin,Bricolage,Peinture 5L,4,609.0,0.0,2436.0,1301.84,344
2023-06-30,Tourcoing,Magasin,Sport,Haltères 10kg,1,98.3,0.05,93.38,37.78,444
2023-06-30,Tourcoing,Magasin,Maison,Lampe LED,2,134.22,0.0,268.44,136.56,479
2023-06-30,Lille,Magasin,Sport,Maillot bain,6,350.77,0.0,2104.62,1195.8,571
2023-06-30,Lille,Magasin,Sport,Chaussures running,4,569.53,0.0,2278.12,1240.8,575
2023-06-30,Valenciennes,Magasin,Électroménager,Robot cuiseur,3,249.97,0.1,674.92,200.77,236
2023-06-30,Lille,Magasin,Sport,Maillot bain,3,350.77,0.0,1052.31,597.9,275
2023-06-30,Valenciennes,Magasin,Mode,Baskets ville,1,460.51,0.0,460.51,148.05,299
2023-06-30,Valenciennes,Magasin,Bricolage,Peinture 5L,3,609.0,0.0,1827.0,976.38,133
2023-06-30,Valenciennes,Magasin,Bricolage,Échelle alu,1,354.67,0.05,336.94,150.67,470
2023-06-30,Tourcoing,Magasin,Mode,Baskets ville,1,460.51,0.0,460.51,148.05,510
2023-06-30,Roubaix,Magasin,Sport,Tapis yoga,4,658.36,0.1,2370.1,1147.5,483
2023-06-30,Dunkerque,Magasin,Maison,Couette 220x240,3,224.09,0.0,672.27,271.17,277
2023-06-30,Tourcoing,Magasin,Maison,Canapé 3 places,2,246.23,0.0,492.46,113.76,538
2023-07-01,Lille,Magasin,Mode,Pull laine,4,884.49,0.0,3537.96,1984.24,190
2023-07-01,Amiens,Magasin,Bricolage,Tournevis set,1,636.28,0.0,636.28,320.44,498
2023-07-01,Valenciennes,Magasin,Électroménager,Robot cuiseur,3,249.97,0.0,749.91,275.76,220
2023-07-01,Lille,Magasin,Sport,Vélo VTT,4,545.21,0.0,2180.84,938.0,522
2023-07-01,Roubaix,Magasin,Sport,Maillot bain,5,350.77,0.05,1666.16,908.81,512
2023-07-01,En ligne,E-commerce,Électroménager,Micro-ondes,3,453.16,0.2,1087.58,242.78,375
2023-07-01,En ligne,E-commerce,Mode,Robe été,7,296.52,0.0,2075.64,507.22,134
2023-07-01,Valenciennes,Magasin,Électroménager,Réfrigérateur,4,387.37,0.0,1549.48,451.12,524
2023-07-01,Amiens,Magasin,Bricolage,Perceuse,2,105.66,0.05,200.75,32.83,568
2023-07-01,En ligne,E-commerce,Sport,Ballon foot,3,100.1,0.0,300.3,173.7,252
2023-07-01,Amiens,Magasin,Sport,Maillot bain,3,350.77,0.1,947.08,492.67,372
2023-07-01,Lille,Magasin,Mode,Baskets ville,6,460.51,0.0,2763.06,888.3,428
2023-07-01,En ligne,E-commerce,Mode,Jean homme,2,272.27,0.0,544.54,184.24,249
2023-07-01,Lille,Magasin,Mode,Robe été,4,296.52,0.0,1186.08,289.84,487
2023-07-01,Tourcoing,Magasin,Mode,Jean homme,5,272.27,0.0,1361.35,460.6,421
2023-07-01,Amiens,Magasin,Bricolage,Échelle alu,3,354.67,0.0,1064.01,505.2,71
2023-07-02,Amiens,Magasin,Électroménager,Aspirateur,2,191.18,0.0,382.36,193.1,480
2023-07-02,Dunkerque,Magasin,Sport,Ballon foot,1,100.1,0.0,100.1,57.9,573
2023-07-02,Amiens,Magasin,Bricolage,Boîte à outils,4,83.21,0.0,332.84,91.96,176
2023-07-02,Roubaix,Magasin,Maison,Couette 220x240,2,224.09,0.0,448.18,180.78,470
2023-07-02,Amiens,Magasin,Électroménager,Robot cuiseur,5,249.97,0.0,1249.85,459.6,112
2023-07-02,Lille,Magasin,Sport,Haltères 10kg,7,98.3,0.1,619.29,230.09,347
2023-07-02,Lille,Magasin,Sport,Ballon foot,1,100.1,0.1,90.09,47.89,339
2023-07-02,Lille,Magasin,Mode,T-shirt coton,1,504.67,0.0,504.67,200.23,127
2023-07-02,Roubaix,Magasin,Électroménager,Robot cuiseur,1,249.97,0.05,237.47,79.42,321
2023-07-02,Roubaix,Magasin,Mode,Pull laine,4,884.49,0.1,3184.16,1630.44,562
2023-07-02,Amiens,Magasin,Électroménager,Aspirateur,7,191.18,0.0,1338.26,675.85,186
2023-07-02,Lille,Magasin,Bricolage,Perceuse,5,105.66,0.0,528.3,108.5,386
2023-07-02,Lille,Magasin,Sport,Raquette tennis,6,706.19,0.0,4237.14,2172.24,462
2023-07-02,Tourcoing,Magasin,Bricolage,Échelle alu,3,354.67,0.0,1064.01,505.2,213
2023-07-02,Valenciennes,Magasin,Électroménager,Cafetière,5,392.24,0.0,1961.2,1072.8,499
2023-07-02,Dunkerque,Magasin,Électroménager,Aspirateur,7,191.18,0.2,1070.61,408.2,350
2023-07-02,Dunkerque,Magasin,Sport,Chaussures running,2,569.53,0.0,1139.06,620.4,16
2023-07-02,Lille,Magasin,Mode,T-shirt coton,6,504.67,0.05,2876.62,1049.98,99
2023-07-02,Tourcoing,Magasin,Maison,Lampe LED,3,134.22,0.0,402.66,204.84,328
2023-07-02,Valenciennes,Magasin,Bricolage,Perceuse,3,105.66,0.05,301.13,49.25,450
2023-07-02,Lille,Magasin,Sport,Vélo VTT,5,545.21,0.0,2726.05,1172.5,505
2023-07-02,Lille,Magasin,Sport,Chaussures running,3,569.53,0.0,1708.59,930.6,86
2023-07-02,Valenciennes,Magasin,Sport,Haltères 10kg,4,98.3,0.0,393.2,170.8,502
2023-07-02,Lille,Magasin,Électroménager,Robot cuiseur,2,249.97,0.0,499.94,183.84,310
2023-07-02,Lille,Magasin,Mode,Robe été,5,296.52,0.0,1482.6,362.3,391
2023-07-03,Dunkerque,Magasin,Maison,Lampe LED,5,134.22,0.05,637.54,307.84,225
2023-07-03,Amiens,Magasin,Électroménager,Robot cuiseur,3,249.97,0.0,749.91,275.76,276
2023-07-03,Amiens,Magasin,Maison,Set casseroles,5,706.85,0.0,3534.25,2038.35,395
2023-07-03,Amiens,Magasin,Mode,Pull laine,4,884.49,0.05,3361.06,1807.34,122
2023-07-03,Amiens,Magasin,Sport,Tapis yoga,1,658.36,0.05,625.44,319.79,30
2023-07-03,Lille,Magasin,Bricolage,Perceuse,1,105.66,0.0,105.66,21.7,287
2023-07-03,Lille,Magasin,Maison,Étagère bois,4,279.59,0.0,1118.36,356.48,187
2023-07-03,Dunkerque,Magasin,Bricolage,Tournevis set,9,636.28,0.0,5726.52,2883.96,516
2023-07-03,Dunkerque,Magasin,Sport,Haltères 10kg,5,98.3,0.0,491.5,213.5,188
2023-07-03,Lille,Magasin,Électroménager,Cafetière,4,392.24,0.0,1568.96,858.24,546
2023-07-03,Tourcoing,Magasin,Sport,Chaussures running,2,569.53,0.0,1139.06,620.4,535
2023-07-03,Roubaix,Magasin,Mode,Baskets ville,3,460.51,0.0,1381.53,444.15,544
2023-07-03,Tourcoing,Magasin,Maison,Étagère bois,4,279.59,0.0,1118.36,356.48,18
2023-07-03,Roubaix,Magasin,Maison,Étagère bois,8,279.59,0.0,2236.72,712.96,126
2023-07-04,En ligne,E-commerce,Bricolage,Peinture 5L,6,609.0,0.1,3288.6,1587.36,207
2023-07-04,Roubaix,Magasin,Maison,Lampe LED,9,134.22,0.0,1207.98,614.52,243
2023-07-04,Dunkerque,Magasin,Maison,Set casseroles,7,706.85,0.0,4947.95,2853.69,192
2023-07-04,Lille,Magasin,Électroménager,Aspirateur,4,191.18,0.0,764.72,386.2,196
2023-07-04,Valenciennes,Magasin,Mode,Pull laine,8,884.49,0.1,6368.33,3260.89,335
2023-07-04,Lille,Magasin,Bricolage,Perceuse,6,105.66,0.0,633.96,130.2,246
2023-07-04,En ligne,E-commerce,Mode,T-shirt coton,3,504.67,0.05,1438.31,524.99,544
2023-07-04,En ligne,E-commerce,Mode,Pull laine,5,884.49,0.0,4422.45,2480.3,230
2023-07-04,Lille,Magasin,Sport,Haltères 10kg,3,98.3,0.0,294.9,128.1,332
2023-07-04,Tourcoing,Magasin,Sport,Haltères 10kg,1,98.3,0.0,98.3,42.7,97
2023-07-04,Roubaix,Magasin,Bricolage,Échelle alu,4,354.67,0.0,1418.68,673.6,512
2023-07-04,Lille,Magasin,Mode,Veste hiver,2,655.99,0.0,1311.98,648.16,513
2023-07-05,Roubaix,Magasin,Maison,Canapé 3 places,6,246.23,0.0,1477.38,341.28,496
2023-07-05,Lille,Magasin,Sport,Vélo VTT,2,545.21,0.0,1090.42,469.0,117
2023-07-05,En ligne,E-commerce,Électroménager,Robot cuiseur,4,249.97,0.0,999.88,367.68,149
2023-07-05,Lille,Magasin,Mode,Baskets ville,6,460.51,0.05,2624.91,750.15,316
2023-07-05,Lille,Magasin,Bricolage,Tournevis set,4,636.28,0.05,2417.86,1154.5,168
2023-07-05,Lille,Magasin,Bricolage,Peinture 5L,2,609.0,0.0,1218.0,650.92,238
2023-07-05,Valenciennes,Magasin,Maison,Canapé 3 places,3,246.23,0.0,738.69,170.64,361
2023-07-05,Lille,Magasin,Mode,T-shirt coton,1,504.67,0.0,504.67,200.23,410
2023-07-05,Tourcoing,Magasin,Mode,Veste hiver,4,655.99,0.0,2623.96,1296.32,191
2023-07-05,Tourcoing,Magasin,Bricolage,Échelle alu,5,354.67,0.0,1773.35,842.0,165
2023-07-05,Lille,Magasin,Mode,Veste hiver,8,655.99,0.0,5247.92,2592.64,451
2023-07-05,Tourcoing,Magasin,Mode,Robe été,3,296.52,0.0,889.56,217.38,514
2023-07-05,Dunkerque,Magasin,Mode,Robe été,1,296.52,0.0,296.52,72.46,203
2023-07-05,Roubaix,Magasin,Sport,Chaussures running,3,569.53,0.0,1708.59,930.6,505
2023-07-05,Lille,Magasin,Mode,Pull laine,4,884.49,0.0,3537.96,1984.24,308
2023-07-05,Lille,Magasin,Mode,T-shirt coton,3,504.67,0.0,1514.01,600.69,403
2023-07-05,Dunkerque,Magasin,Maison,Canapé 3 places,3,246.23,0.05,701.76,133.71,515
2023-07-05,Dunkerque,Magasin,Maison,Canapé 3 places,4,246.23,0.0,984.92,227.52,54
2023-07-05,Valenciennes,Magasin,Sport,Maillot bain,3,350.77,0.05,999.69,545.28,226
2023-07-05,Tourcoing,Magasin,Électroménager,Aspirateur,6,191.18,0.0,1147.08,579.3,575
2023-07-06,Valenciennes,Magasin,Sport,Maillot bain,4,350.77,0.0,1403.08,797.2,241
2023-07-06,Tourcoing,Magasin,Mode,Jean homme,4,272.27,0.0,1089.08,368.48,262
2023-07-06,Amiens,Magasin,Mode,Jean homme,6,272.27,0.0,1633.62,552.72,8
2023-07-06,Lille,Magasin,Électroménager,Micro-ondes,2,453.16,0.0,906.32,343.12,206
2023-07-06,Dunkerque,Magasin,Mode,Veste hiver,3,655.99,0.0,1967.97,972.24,403
2023-07-06,Lille,Magasin,Bricolage,Échelle alu,8,354.67,0.0,2837.36,1347.2,139
2023-07-06,Lille,Magasin,Sport,Raquette tennis,6,706.19,0.0,4237.14,2172.24,171
2023-07-06,En ligne,E-commerce,Sport,Vélo VTT,3,545.21,0.0,1635.63,703.5,359
2023-07-06,Lille,Magasin,Sport,Maillot bain,5,350.77,0.0,1753.85,996.5,177
2023-07-06,Roubaix,Magasin,Mode,T-shirt coton,7,504.67,0.0,3532.69,1401.61,457
2023-07-06,En ligne,E-commerce,Mode,Pull laine,3,884.49,0.05,2520.8,1355.51,342
2023-07-06,Valenciennes,Magasin,Mode,Veste hiver,1,655.99,0.0,655.99,324.08,187
2023-07-06,Lille,Magasin,Maison,Lampe LED,2,134.22,0.0,268.44,136.56,423
2023-07-06,Dunkerque,Magasin,Mode,Jean homme,4,272.27,0.0,1089.08,368.48,355
2023-07-06,Lille,Magasin,Électroménager,Micro-ondes,1,453.16,0.0,453.16,171.56,495
2023-07-06,En ligne,E-commerce,Bricolage,Tournevis set,7,636.28,0.0,4453.96,2243.08,290
2023-07-06,Lille,Magasin,Bricolage,Peinture 5L,5,609.0,0.0,3045.0,1627.3,458
2023-07-06,Valenciennes,Magasin,Bricolage,Échelle alu,5,354.67,0.1,1596.02,664.67,101
2023-07-06,Dunkerque,Magasin,Maison,Set casseroles,1,706.85,0.0,706.85,407.67,183
2023-07-06,Lille,Magasin,Maison,Lampe LED,5,134.22,0.05,637.54,307.84,535
2023-07-06,Amiens,Magasin,Sport,Vélo VTT,6,545.21,0.0,3271.26,1407.0,181
2023-07-06,Valenciennes,Magasin,Mode,T-shirt coton,7,504.67,0.0,3532.69,1401.61,513
2023-07-06,Lille,Magasin,Mode,T-shirt coton,6,504.67,0.0,3028.02,1201.38,166
2023-07-07,Roubaix,Magasin,Électroménager,Réfrigérateur,3,387.37,0.05,1104.0,280.23,341
2023-07-07,Amiens,Magasin,Électroménager,Réfrigérateur,1,387.37,0.05,368.0,93.41,510
2023-07-07,Valenciennes,Magasin,Sport,Ballon foot,1,100.1,0.0,100.1,57.9,387
2023-07-07,Valenciennes,Magasin,Sport,Raquette tennis,4,706.19,0.2,2259.81,883.21,341
2023-07-07,Roubaix,Magasin,Maison,Couette 220x240,1,224.09,0.0,224.09,90.39,375
2023-07-07,Roubaix,Magasin,Sport,Tapis yoga,3,658.36,0.0,1975.08,1058.13,87
2023-07-07,Amiens,Magasin,Mode,Pull laine,6,884.49,0.0,5306.94,2976.36,256
2023-07-07,En ligne,E-commerce,Mode,Pull laine,8,884.49,0.1,6368.33,3260.89,265
2023-07-07,Lille,Magasin,Électroménager,Cafetière,5,392.24,0.0,1961.2,1072.8,169
2023-07-07,Dunkerque,Magasin,Électroménager,Robot cuiseur,5,249.97,0.0,1249.85,459.6,529
2023-07-07,En ligne,E-commerce,Électroménager,Micro-ondes,4,453.16,0.0,1812.64,686.24,534
2023-07-07,Lille,Magasin,Mode,Pull laine,5,884.49,0.0,4422.45,2480.3,450
2023-07-07,Tourcoing,Magasin,Sport,Maillot bain,5,350.77,0.2,1403.08,645.73,155
2023-07-07,Valenciennes,Magasin,Mode,Pull laine,1,884.49,0.0,884.49,496.06,394
2023-07-07,Amiens,Magasin,Sport,Raquette tennis,7,706.19,0.05,4696.16,2287.11,361
2023-07-07,Amiens,Magasin,Sport,Maillot bain,5,350.77,0.0,1753.85,996.5,447
2023-07-07,Lille,Magasin,Mode,Veste hiver,2,655.99,0.0,1311.98,648.16,107
2023-07-07,Roubaix,Magasin,Électroménager,Cafetière,2,392.24,0.0,784.48,429.12,395
2023-07-07,Lille,Magasin,Électroménager,Bouilloire,4,726.04,0.0,2904.16,1569.2,286
2023-07-07,Dunkerque,Magasin,Mode,Veste hiver,8,655.99,0.0,5247.92,2592.64,338
2023-07-07,Valenciennes,Magasin,Mode,T-shirt coton,4,504.67,0.0,2018.68,800.92,192
2023-07-08,En ligne,E-commerce,Mode,Pull laine,1,884.49,0.1,796.04,407.61,1
2023-07-08,Lille,Magasin,Mode,Baskets ville,6,460.51,0.1,2486.75,611.99,128
2023-07-08,En ligne,E-commerce,Mode,Jean homme,4,272.27,0.0,1089.08,368.48,376
2023-07-08,Dunkerque,Magasin,Mode,Baskets ville,3,460.51,0.0,1381.53,444.15,275
2023-07-08,Lille,Magasin,Électroménager,Micro-ondes,2,453.16,0.05,861.0,297.8,188
2023-07-08,Valenciennes,Magasin,Électroménager,Micro-ondes,5,453.16,0.0,2265.8,857.8,319
2023-07-08,Roubaix,Magasin,Électroménager,Cafetière,6,392.24,0.0,2353.44,1287.36,580
2023-07-08,En ligne,E-commerce,Maison,Set casseroles,8,706.85,0.1,5089.32,2695.88,335
2023-07-08,Dunkerque,Magasin,Maison,Canapé 3 places,5,246.23,0.0,1231.15,284.4,334
2023-07-08,Dunkerque,Magasin,Bricolage,Boîte à outils,2,83.21,0.0,166.42,45.98,225
2023-07-08,Amiens,Magasin,Maison,Couette 220x240,4,224.09,0.0,896.36,361.56,466
2023-07-08,Dunkerque,Magasin,Électroménager,Micro-ondes,6,453.16,0.0,2718.96,1029.36,561
2023-07-08,Tourcoing,Magasin,Maison,Étagère bois,5,279.59,0.0,1397.95,445.6,159
2023-07-08,Roubaix,Magasin,Maison,Couette 220x240,3,224.09,0.0,672.27,271.17,3
2023-07-08,Roubaix,Magasin,Maison,Couette 220x240,5,224.09,0.0,1120.45,451.95,560
2023-07-08,Dunkerque,Magasin,Maison,Canapé 3 places,3,246.23,0.0,738.69,170.64,494
2023-07-08,Dunkerque,Magasin,Mode,Jean homme,6,272.27,0.0,1633.62,552.72,89
2023-07-09,Lille,Magasin,Électroménager,Robot cuiseur,2,249.97,0.0,499.94,183.84,121
2023-07-09,Tourcoing,Magasin,Maison,Lampe LED,3,134.22,0.0,402.66,204.84,390
2023-07-09,Valenciennes,Magasin,Sport,Raquette tennis,6,706.19,0.05,4025.28,1960.38,104
2023-07-09,Roubaix,Magasin,Maison,Canapé 3 places,3,246.23,0.0,738.69,170.64,556
2023-07-09,Roubaix,Magasin,Sport,Chaussures running,2,569.53,0.0,1139.06,620.4,423
2023-07-09,Roubaix,Magasin,Bricolage,Perceuse,8,105.66,0.0,845.28,173.6,163
2023-07-09,Lille,Magasin,Mode,Baskets ville,4,460.51,0.0,1842.04,592.2,224
2023-07-09,Roubaix,Magasin,Sport,Chaussures running,6,569.53,0.0,3417.18,1861.2,375
2023-07-09,Lille,Magasin,Électroménager,Micro-ondes,2,453.16,0.05,861.0,297.8,430
2023-07-09,Roubaix,Magasin,Maison,Rideau occultant,3,101.21,0.0,303.63,134.67,196
2023-07-09,Dunkerque,Magasin,Mode,Robe été,6,296.52,0.05,1690.16,345.8,88
2023-07-09,Lille,Magasin,Bricolage,Boîte à outils,6,83.21,0.0,499.26,137.94,447
2023-07-09,En ligne,E-commerce,Bricolage,Perceuse,3,105.66,0.0,316.98,65.1,410
2023-07-09,Valenciennes,Magasin,Électroménager,Robot cuiseur,3,249.97,0.0,749.91,275.76,460
2023-07-09,Lille,Magasin,Maison,Rideau occultant,4,101.21,0.0,404.84,179.56,184
2023-07-09,Tourcoing,Magasin,Sport,Maillot bain,5,350.77,0.0,1753.85,996.5,311
2023-07-09,Tourcoing,Magasin,Maison,Canapé 3 places,5,246.23,0.0,1231.15,284.4,551
2023-07-09,Dunkerque,Magasin,Électroménager,Réfrigérateur,5,387.37,0.05,1840.01,467.06,153
2023-07-10,Roubaix,Magasin,Électroménager,Réfrigérateur,2,387.37,0.05,736.0,186.82,187
2023-07-10,Lille,Magasin,Bricolage,Peinture 5L,5,609.0,0.0,3045.0,1627.3,566
2023-07-10,Lille,Magasin,Électroménager,Cafetière,1,392.24,0.0,392.24,214.56,87
2023-07-10,Roubaix,Magasin,Bricolage,Perceuse,2,105.66,0.0,211.32,43.4,309
2023-07-10,Lille,Magasin,Électroménager,Aspirateur,1,191.18,0.0,191.18,96.55,492
2023-07-10,Tourcoing,Magasin,Électroménager,Bouilloire,3,726.04,0.0,2178.12,1176.9,74
2023-07-10,En ligne,E-commerce,Électroménager,Micro-ondes,3,453.16,0.0,1359.48,514.68,20
2023-07-10,Roubaix,Magasin,Sport,Raquette tennis,1,706.19,0.0,706.19,362.04,405
2023-07-10,Tourcoing,Magasin,Maison,Set casseroles,4,706.85,0.05,2686.03,1489.31,586
2023-07-10,Roubaix,Magasin,Sport,Maillot bain,3,350.77,0.0,1052.31,597.9,33
2023-07-10,Tourcoing,Magasin,Maison,Canapé 3 places,3,246.23,0.0,738.69,170.64,438
2023-07-10,En ligne,E-commerce,Bricolage,Tournevis set,6,636.28,0.1,3435.91,1540.87,147
2023-07-10,Roubaix,Magasin,Électroménager,Robot cuiseur,6,249.97,0.0,1499.82,551.52,359
2023-07-10,Valenciennes,Magasin,Sport,Vélo VTT,3,545.21,0.0,1635.63,703.5,283
2023-07-10,Roubaix,Magasin,Bricolage,Perceuse,6,105.66,0.0,633.96,130.2,581
2023-07-10,Dunkerque,Magasin,Sport,Maillot bain,2,350.77,0.0,701.54,398.6,6
2023-07-10,Dunkerque,Magasin,Électroménager,Aspirateur,2,191.18,0.0,382.36,193.1,50
2023-07-10,Lille,Magasin,Bricolage,Boîte à outils,6,83.21,0.0,499.26,137.94,48
2023-07-10,En ligne,E-commerce,Bricolage,Perceuse,2,105.66,0.2,169.06,1.14,53
2023-07-10,Roubaix,Magasin,Sport,Vélo VTT,2,545.21,0.05,1035.9,414.48,13
2023-07-11,Lille,Magasin,Sport,Haltères 10kg,3,98.3,0.0,294.9,128.1,189
2023-07-11,En ligne,E-commerce,Maison,Set casseroles,2,706.85,0.2,1130.96,532.6,176
2023-07-11,En ligne,E-commerce,Maison,Couette 220x240,3,224.09,0.2,537.82,136.72,507
2023-07-11,Tourcoing,Magasin,Électroménager,Aspirateur,4,191.18,0.0,764.72,386.2,217
2023-07-11,Valenciennes,Magasin,Sport,Maillot bain,3,350.77,0.0,1052.31,597.9,224
2023-07-11,Valenciennes,Magasin,Maison,Couette 220x240,5,224.09,0.0,1120.45,451.95,474
2023-07-11,Dunkerque,Magasin,Bricolage,Échelle alu,1,354.67,0.0,354.67,168.4,192
2023-07-11,Amiens,Magasin,Électroménager,Bouilloire,6,726.04,0.0,4356.24,2353.8,543
2023-07-11,Lille,Magasin,Maison,Canapé 3 places,5,246.23,0.0,1231.15,284.4,58
2023-07-11,Roubaix,Magasin,Électroménager,Aspirateur,1,191.18,0.0,191.18,96.55,242
2023-07-11,Lille,Magasin,Bricolage,Tournevis set,1,636.28,0.05,604.47,288.63,474
2023-07-11,Lille,Magasin,Bricolage,Peinture 5L,2,609.0,0.0,1218.0,650.92,435
2023-07-11,Roubaix,Magasin,Bricolage,Tournevis set,7,636.28,0.0,4453.96,2243.08,165
2023-07-11,Lille,Magasin,Électroménager,Bouilloire,6,726.04,0.0,4356.24,2353.8,209
2023-07-11,Lille,Magasin,Bricolage,Boîte à outils,6,83.21,0.0,499.26,137.94,468
2023-07-11,Roubaix,Magasin,Électroménager,Bouilloire,1,726.04,0.0,726.04,392.3,470
2023-07-11,Dunkerque,Magasin,Électroménager,Robot cuiseur,2,249.97,0.0,499.94,183.84,252
2023-07-11,Dunkerque,Magasin,Mode,Jean homme,5,272.27,0.0,1361.35,460.6,428
2023-07-11,Tourcoing,Magasin,Maison,Étagère bois,2,279.59,0.0,559.18,178.24,580
2023-07-12,Valenciennes,Magasin,Mode,Jean homme,2,272.27,0.0,544.54,184.24,18
2023-07-12,Tourcoing,Magasin,Maison,Étagère bois,4,279.59,0.0,1118.36,356.48,584
2023-07-12,Roubaix,Magasin,Sport,Tapis yoga,7,658.36,0.0,4608.52,2468.97,279
2023-07-12,Tourcoing,Magasin,Maison,Set casseroles,5,706.85,0.2,2827.4,1331.5,337
2023-07-12,Valenciennes,Magasin,Mode,Jean homme,7,272.27,0.0,1905.89,644.84,241
2023-07-12,Valenciennes,Magasin,Maison,Rideau occultant,2,101.21,0.0,202.42,89.78,208
2023-07-12,Roubaix,Magasin,Mode,T-shirt coton,5,504.67,0.05,2397.18,874.98,221
2023-07-12,Roubaix,Magasin,Bricolage,Échelle alu,2,354.67,0.0,709.34,336.8,319
2023-07-12,Roubaix,Magasin,Maison,Couette 220x240,1,224.09,0.0,224.09,90.39,444
2023-07-12,Tourcoing,Magasin,Bricolage,Boîte à outils,1,83.21,0.0,83.21,22.99,441
2023-07-12,Tourcoing,Magasin,Maison,Rideau occultant,5,101.21,0.0,506.05,224.45,545
2023-07-12,Amiens,Magasin,Électroménager,Micro-ondes,1,453.16,0.0,453.16,171.56,94
2023-07-12,Amiens,Magasin,Mode,Jean homme,3,272.27,0.0,816.81,276.36,480
2023-07-12,Amiens,Magasin,Maison,Rideau occultant,1,101.21,0.2,80.97,24.65,474
2023-07-12,Valenciennes,Magasin,Maison,Couette 220x240,4,224.09,0.0,896.36,361.56,353
2023-07-12,Lille,Magasin,Électroménager,Réfrigérateur,4,387.37,0.0,1549.48,451.12,449
2023-07-12,Amiens,Magasin,Électroménager,Robot cuiseur,1,249.97,0.0,249.97,91.92,420
2023-07-12,Tourcoing,Magasin,Mode,Robe été,1,296.52,0.0,296.52,72.46,182
2023-07-13,Tourcoing,Magasin,Mode,Baskets ville,6,460.51,0.0,2763.06,888.3,24
2023-07-13,Roubaix,Magasin,Maison,Rideau occultant,2,101.21,0.0,202.42,89.78,381
2023-07-13,Valenciennes,Magasin,Sport,Haltères 10kg,5,98.3,0.05,466.92,188.92,302
2023-07-13,Tourcoing,Magasin,Sport,Haltères 10kg,1,98.3,0.0,98.3,42.7,63
2023-07-13,Tourcoing,Magasin,Sport,Haltères 10kg,2,98.3,0.1,176.94,65.74,14
2023-07-13,En ligne,E-commerce,Sport,Tapis yoga,2,658.36,0.0,1316.72,705.42,119
2023-07-13,Lille,Magasin,Électroménager,Bouilloire,6,726.04,0.05,4138.43,2135.99,214
2023-07-13,Amiens,Magasin,Mode,Veste hiver,9,655.99,0.0,5903.91,2916.72,477
2023-07-13,Lille,Magasin,Sport,Chaussures running,1,569.53,0.05,541.05,281.72,494
2023-07-13,Dunkerque,Magasin,Bricolage,Échelle alu,4,354.67,0.0,1418.68,673.6,328
2023-07-13,Dunkerque,Magasin,Bricolage,Échelle alu,2,354.67,0.0,709.34,336.8,571
2023-07-13,En ligne,E-commerce,Sport,Ballon foot,8,100.1,0.0,800.8,463.2,99
2023-07-13,Valenciennes,Magasin,Maison,Couette 220x240,3,224.09,0.0,672.27,271.17,293
2023-07-13,Lille,Magasin,Électroménager,Réfrigérateur,3,387.37,0.0,1162.11,338.34,478
2023-07-13,Amiens,Magasin,Maison,Lampe LED,6,134.22,0.1,724.79,329.15,24
2023-07-13,Roubaix,Magasin,Électroménager,Micro-ondes,7,453.16,0.0,3172.12,1200.92,553
2023-07-14,Lille,Magasin,Maison,Couette 220x240,1,224.09,0.0,224.09,90.39,68
2023-07-14,Amiens,Magasin,Mode,Robe été,6,296.52,0.0,1779.12,434.76,101
2023-07-14,Valenciennes,Magasin,Électroménager,Bouilloire,9,726.04,0.0,6534.36,3530.7,448
2023-07-14,Amiens,Magasin,Électroménager,Cafetière,8,392.24,0.2,2510.34,1088.9,231
2023-07-14,Dunkerque,Magasin,Électroménager,Micro-ondes,5,453.16,0.0,2265.8,857.8,267
2023-07-14,Amiens,Magasin,Maison,Couette 220x240,1,224.09,0.0,224.09,90.39,581
2023-07-14,Lille,Magasin,Bricolage,Boîte à outils,8,83.21,0.0,665.68,183.92,111
2023-07-14,En ligne,E-commerce,Mode,Robe été,3,296.52,0.0,889.56,217.38,158
2023-07-14,Roubaix,Magasin,Mode,T-shirt coton,5,504.67,0.0,2523.35,1001.15,142
2023-07-14,En ligne,E-commerce,Sport,Ballon foot,4,100.1,0.05,380.38,211.58,247
2023-07-14,Dunkerque,Magasin,Électroménager,Cafetière,8,392.24,0.0,3137.92,1716.48,468
2023-07-14,Valenciennes,Magasin,Maison,Set casseroles,5,706.85,0.0,3534.25,2038.35,528
2023-07-14,Lille,Magasin,Sport,Vélo VTT,2,545.21,0.0,1090.42,469.0,483
2023-07-14,En ligne,E-commerce,Électroménager,Micro-ondes,5,453.16,0.0,2265.8,857.8,382
2023-07-15,Dunkerque,Magasin,Mode,Baskets ville,6,460.51,0.2,2210.45,335.69,263
2023-07-15,Roubaix,Magasin,Mode,Pull laine,5,884.49,0.0,4422.45,2480.3,36
2023-07-15,Lille,Magasin,Mode,Baskets ville,8,460.51,0.0,3684.08,1184.4,92
2023-07-15,Roubaix,Magasin,Mode,Jean homme,8,272.27,0.05,2069.25,628.05,575
2023-07-15,Lille,Magasin,Sport,Haltères 10kg,1,98.3,0.05,93.38,37.78,565
2023-07-15,Amiens,Magasin,Sport,Raquette tennis,3,706.19,0.0,2118.57,1086.12,282
2023-07-15,Lille,Magasin,Sport,Tapis yoga,1,658.36,0.0,658.36,352.71,207
2023-07-15,En ligne,E-commerce,Maison,Set casseroles,2,706.85,0.0,1413.7,815.34,20
2023-07-15,Dunkerque,Magasin,Bricolage,Échelle alu,5,354.67,0.0,1773.35,842.0,327
2023-07-15,Lille,Magasin,Maison,Set casseroles,7,706.85,0.0,4947.95,2853.69,152
2023-07-15,Lille,Magasin,Bricolage,Peinture 5L,3,609.0,0.0,1827.0,976.38,60
2023-07-15,Amiens,Magasin,Bricolage,Tournevis set,6,636.28,0.0,3817.68,1922.64,60
2023-07-15,Tourcoing,Magasin,Sport,Haltères 10kg,5,98.3,0.0,491.5,213.5,286
2023-07-15,En ligne,E-commerce,Maison,Canapé 3 places,2,246.23,0.0,492.46,113.76,68
2023-07-15,Amiens,Magasin,Sport,Chaussures running,4,569.53,0.0,2278.12,1240.8,384
2023-07-15,Tourcoing,Magasin,Mode,T-shirt coton,3,504.67,0.0,1514.01,600.69,300
2023-07-15,Lille,Magasin,Maison,Set casseroles,4,706.85,0.0,2827.4,1630.68,146
2023-07-15,Amiens,Magasin,Maison,Canapé 3 places,6,246.23,0.0,1477.38,341.28,537
2023-07-15,Roubaix,Magasin,Sport,Haltères 10kg,5,98.3,0.0,491.5,213.5,14
2023-07-15,Tourcoing,Magasin,Mode,T-shirt coton,3,504.67,0.0,1514.01,600.69,191
2023-07-15,Roubaix,Magasin,Maison,Étagère bois,4,279.59,0.0,1118.36,356.48,75
2023-07-16,Valenciennes,Magasin,Sport,Tapis yoga,3,658.36,0.0,1975.08,1058.13,165
2023-07-16,Lille,Magasin,Électroménager,Cafetière,6,392.24,0.0,2353.44,1287.36,519
2023-07-16,Lille,Magasin,Sport,Tapis yoga,5,658.36,0.0,3291.8,1763.55,534
2023-07-16,Lille,Magasin,Maison,Set casseroles,4,706.85,0.05,2686.03,1489.31,35
2023-07-16,En ligne,E-commerce,Maison,Canapé 3 places,3,246.23,0.0,738.69,170.64,123
2023-07-16,Amiens,Magasin,Mode,Veste hiver,7,655.99,0.0,4591.93,2268.56,548
2023-07-16,En ligne,E-commerce,Sport,Tapis yoga,3,658.36,0.0,1975.08,1058.13,227
2023-07-16,Amiens,Magasin,Sport,Vélo VTT,6,545.21,0.05,3107.7,1243.44,113
2023-07-16,Dunkerque,Magasin,Maison,Étagère bois,2,279.59,0.0,559.18,178.24,53
2023-07-17,Lille,Magasin,Électroménager,Cafetière,6,392.24,0.0,2353.44,1287.36,248
2023-07-17,Tourcoing,Magasin,Bricolage,Tournevis set,1,636.28,0.0,636.28,320.44,534
2023-07-17,Tourcoing,Magasin,Mode,T-shirt coton,4,504.67,0.0,2018.68,800.92,72
2023-07-17,Roubaix,Magasin,Électroménager,Micro-ondes,4,453.16,0.0,1812.64,686.24,524
2023-07-17,Tourcoing,Magasin,Maison,Canapé 3 places,3,246.23,0.0,738.69,170.64,407
2023-07-17,Amiens,Magasin,Bricolage,Boîte à outils,7,83.21,0.05,553.35,131.81,246
2023-07-17,Roubaix,Magasin,Électroménager,Cafetière,3,392.24,0.0,1176.72,643.68,560
2023-07-17,Roubaix,Magasin,Mode,T-shirt coton,5,504.67,0.1,2271.02,748.82,591
2023-07-17,Valenciennes,Magasin,Électroménager,Aspirateur,5,191.18,0.0,955.9,482.75,507
2023-07-17,Lille,Magasin,Électroménager,Micro-ondes,1,453.16,0.0,453.16,171.56,322
2023-07-17,Valenciennes,Magasin,Bricolage,Perceuse,7,105.66,0.0,739.62,151.9,254
2023-07-17,Roubaix,Magasin,Mode,Baskets ville,4,460.51,0.0,1842.04,592.2,457
2023-07-17,Roubaix,Magasin,Sport,Vélo VTT,1,545.21,0.0,545.21,234.5,157
2023-07-17,En ligne,E-commerce,Bricolage,Boîte à outils,2,83.21,0.0,166.42,45.98,408
2023-07-17,Valenciennes,Magasin,Sport,Tapis yoga,3,658.36,0.0,1975.08,1058.13,299
2023-07-17,Tourcoing,Magasin,Sport,Tapis yoga,2,658.36,0.0,1316.72,705.42,266
2023-07-17,Lille,Magasin,Bricolage,Perceuse,6,105.66,0.0,633.96,130.2,405
2023-07-17,Dunkerque,Magasin,Maison,Rideau occultant,5,101.21,0.0,506.05,224.45,342
2023-07-17,Lille,Magasin,Bricolage,Peinture 5L,4,609.0,0.1,2192.4,1058.24,170
2023-07-17,Roubaix,Magasin,Maison,Rideau occultant,1,101.21,0.0,101.21,44.89,407
2023-07-18,Dunkerque,Magasin,Électroménager,Aspirateur,5,191.18,0.0,955.9,482.75,409
2023-07-18,En ligne,E-commerce,Bricolage,Peinture 5L,3,609.0,0.0,1827.0,976.38,499
2023-07-18,En ligne,E-commerce,Mode,Robe été,6,296.52,0.0,1779.12,434.76,63
2023-07-18,Valenciennes,Magasin,Mode,Jean homme,3,272.27,0.0,816.81,276.36,315
2023-07-18,En ligne,E-commerce,Sport,Tapis yoga,3,658.36,0.0,1975.08,1058.13,419
2023-07-18,Valenciennes,Magasin,Mode,Robe été,1,296.52,0.0,296.52,72.46,100
2023-07-18,Tourcoing,Magasin,Maison,Set casseroles,1,706.85,0.0,706.85,407.67,208
2023-07-18,Roubaix,Magasin,Électroménager,Bouilloire,4,726.04,0.0,2904.16,1569.2,426
2023-07-18,Tourcoing,Magasin,Bricolage,Peinture 5L,7,609.0,0.0,4263.0,2278.22,45
2023-07-18,Lille,Magasin,Mode,Veste hiver,1,655.99,0.0,655.99,324.08,243
2023-07-18,En ligne,E-commerce,Maison,Rideau occultant,2,101.21,0.0,202.42,89.78,366
2023-07-18,Tourcoing,Magasin,Maison,Couette 220x240,1,224.09,0.0,224.09,90.39,36
2023-07-18,Dunkerque,Magasin,Mode,Veste hiver,2,655.99,0.1,1180.78,516.96,243
2023-07-18,Roubaix,Magasin,Électroménager,Micro-ondes,2,453.16,0.0,906.32,343.12,523
2023-07-19,Roubaix,Magasin,Sport,Tapis yoga,3,658.36,0.0,1975.08,1058.13,243
2023-07-19,Lille,Magasin,Électroménager,Robot cuiseur,3,249.97,0.1,674.92,200.77,135
2023-07-19,Lille,Magasin,Électroménager,Cafetière,3,392.24,0.0,1176.72,643.68,402
2023-07-19,En ligne,E-commerce,Mode,Baskets ville,8,460.51,0.0,3684.08,1184.4,418
2023-07-19,Dunkerque,Magasin,Électroménager,Aspirateur,1,191.18,0.0,191.18,96.55,95
2023-07-19,Dunkerque,Magasin,Bricolage,Boîte à outils,4,83.21,0.0,332.84,91.96,214
2023-07-19,Dunkerque,Magasin,Sport,Vélo VTT,3,545.21,0.0,1635.63,703.5,530
2023-07-19,Roubaix,Magasin,Sport,Tapis yoga,5,658.36,0.0,3291.8,1763.55,507
2023-07-19,Dunkerque,Magasin,Électroménager,Micro-ondes,2,453.16,0.0,906.32,343.12,291
2023-07-19,Tourcoing,Magasin,Sport,Haltères 10kg,4,98.3,0.0,393.2,170.8,122
2023-07-19,Amiens,Magasin,Mode,Robe été,3,296.52,0.0,889.56,217.38,407
2023-07-19,Valenciennes,Magasin,Maison,Rideau occultant,2,101.21,0.0,202.42,89.78,276
2023-07-19,Lille,Magasin,Maison,Rideau occultant,2,101.21,0.0,202.42,89.78,20
2023-07-19,Valenciennes,Magasin,Électroménager,Aspirateur,7,191.18,0.0,1338.26,675.85,89
2023-07-19,Lille,Magasin,Électroménager,Micro-ondes,6,453.16,0.0,2718.96,1029.36,297
2023-07-19,En ligne,E-commerce,Électroménager,Aspirateur,5,191.18,0.0,955.9,482.75,174
2023-07-19,Dunkerque,Magasin,Maison,Couette 220x240,3,224.09,0.0,672.27,271.17,477
2023-07-19,Tourcoing,Magasin,Mode,T-shirt coton,4,504.67,0.0,2018.68,800.92,64
2023-07-19,Lille,Magasin,Bricolage,Perceuse,4,105.66,0.0,422.64,86.8,444
2023-07-19,Valenciennes,Magasin,Maison,Étagère bois,8,279.59,0.0,2236.72,712.96,427
2023-07-19,En ligne,E-commerce,Maison,Étagère bois,8,279.59,0.0,2236.72,712.96,247
2023-07-19,Dunkerque,Magasin,Sport,Chaussures running,2,569.53,0.0,1139.06,620.4,292
2023-07-19,Dunkerque,Magasin,Mode,Jean homme,3,272.27,0.0,816.81,276.36,275
2023-07-19,En ligne,E-commerce,Sport,Maillot bain,6,350.77,0.0,2104.62,1195.8,461
2023-07-20,Lille,Magasin,Maison,Set casseroles,5,706.85,0.0,3534.25,2038.35,295
2023-07-20,Roubaix,Magasin,Sport,Raquette tennis,5,706.19,0.05,3354.4,1633.65,148
2023-07-20,Amiens,Magasin,Sport,Tapis yoga,5,658.36,0.0,3291.8,1763.55,225
2023-07-20,Roubaix,Magasin,Électroménager,Bouilloire,2,726.04,0.0,1452.08,784.6,387
2023-07-20,Valenciennes,Magasin,Sport,Raquette tennis,6,706.19,0.0,4237.14,2172.24,349
2023-07-20,Dunkerque,Magasin,Bricolage,Perceuse,5,105.66,0.0,528.3,108.5,416
2023-07-20,Valenciennes,Magasin,Maison,Rideau occultant,2,101.21,0.0,202.42,89.78,540
2023-07-20,Amiens,Magasin,Bricolage,Boîte à outils,8,83.21,0.0,665.68,183.92,9
2023-07-20,Tourcoing,Magasin,Électroménager,Bouilloire,4,726.04,0.0,2904.16,1569.2,368
2023-07-20,Roubaix,Magasin,Sport,Maillot bain,4,350.77,0.0,1403.08,797.2,590
2023-07-20,Amiens,Magasin,Sport,Raquette tennis,6,706.19,0.0,4237.14,2172.24,322
2023-07-20,En ligne,E-commerce,Électroménager,Réfrigérateur,4,387.37,0.0,1549.48,451.12,387
2023-07-20,Amiens,Magasin,Maison,Couette 220x240,6,224.09,0.0,1344.54,542.34,86
2023-07-20,Amiens,Magasin,Électroménager,Aspirateur,8,191.18,0.05,1452.97,695.93,251
2023-07-20,Lille,Magasin,Électroménager,Cafetière,5,392.24,0.0,1961.2,1072.8,143
2023-07-20,En ligne,E-commerce,Sport,Vélo VTT,1,545.21,0.0,545.21,234.5,588
2023-07-20,Amiens,Magasin,Mode,Jean homme,5,272.27,0.0,1361.35,460.6,26
2023-07-20,Dunkerque,Magasin,Électroménager,Aspirateur,6,191.18,0.0,1147.08,579.3,443
2023-07-20,Dunkerque,Magasin,Bricolage,Perceuse,7,105.66,0.0,739.62,151.9,140
2023-07-20,Tourcoing,Magasin,Bricolage,Tournevis set,8,636.28,0.0,5090.24,2563.52,455
2023-07-20,Dunkerque,Magasin,Électroménager,Bouilloire,3,726.04,0.0,2178.12,1176.9,243
2023-07-20,Roubaix,Magasin,Sport,Chaussures running,7,569.53,0.0,3986.71,2171.4,380
2023-07-20,Valenciennes,Magasin,Sport,Ballon foot,4,100.1,0.05,380.38,211.58,264
2023-07-20,Lille,Magasin,Mode,T-shirt coton,5,504.67,0.0,2523.35,1001.15,317
2023-07-21,Roubaix,Magasin,Électroménager,Micro-ondes,2,453.16,0.05,861.0,297.8,291
2023-07-21,Roubaix,Magasin,Maison,Lampe LED,5,134.22,0.0,671.1,341.4,259
2023-07-21,Lille,Magasin,Électroménager,Bouilloire,2,726.04,0.0,1452.08,784.6,5
2023-07-21,Lille,Magasin,Sport,Maillot bain,5,350.77,0.1,1578.46,821.11,273
2023-07-21,Lille,Magasin,Sport,Tapis yoga,3,658.36,0.1,1777.57,860.62,101
2023-07-21,Dunkerque,Magasin,Mode,Veste hiver,3,655.99,0.0,1967.97,972.24,211
2023-07-21,Tourcoing,Magasin,Bricolage,Perceuse,1,105.66,0.0,105.66,21.7,391
2023-07-21,Roubaix,Magasin,Mode,Baskets ville,3,460.51,0.0,1381.53,444.15,576
2023-07-21,Lille,Magasin,Sport,Haltères 10kg,2,98.3,0.0,196.6,85.4,512
2023-07-21,Lille,Magasin,Mode,Baskets ville,1,460.51,0.0,460.51,148.05,124
2023-07-21,En ligne,E-commerce,Bricolage,Boîte à outils,5,83.21,0.0,416.05,114.95,449
2023-07-21,Roubaix,Magasin,Sport,Haltères 10kg,7,98.3,0.0,688.1,298.9,95
2023-07-21,Lille,Magasin,Électroménager,Micro-ondes,4,453.16,0.0,1812.64,686.24,258
2023-07-21,Amiens,Magasin,Sport,Maillot bain,5,350.77,0.0,1753.85,996.5,556
2023-07-21,Lille,Magasin,Sport,Haltères 10kg,1,98.3,0.1,88.47,32.87,555
2023-07-21,Amiens,Magasin,Sport,Chaussures running,4,569.53,0.0,2278.12,1240.8,494
2023-07-22,Tourcoing,Magasin,Électroménager,Cafetière,5,392.24,0.0,1961.2,1072.8,305
2023-07-22,Amiens,Magasin,Sport,Ballon foot,5,100.1,0.0,500.5,289.5,105
2023-07-22,En ligne,E-commerce,Électroménager,Micro-ondes,4,453.16,0.1,1631.38,504.98,328
2023-07-22,Roubaix,Magasin,Électroménager,Cafetière,1,392.24,0.1,353.02,175.34,193
2023-07-22,Roubaix,Magasin,Maison,Set casseroles,4,706.85,0.0,2827.4,1630.68,495
2023-07-22,Roubaix,Magasin,Électroménager,Cafetière,5,392.24,0.0,1961.2,1072.8,521
2023-07-22,Lille,Magasin,Sport,Raquette tennis,3,706.19,0.05,2012.64,980.19,445
2023-07-22,Roubaix,Magasin,Sport,Chaussures running,7,569.53,0.1,3588.04,1772.73,6
2023-07-22,Amiens,Magasin,Sport,Chaussures running,1,569.53,0.0,569.53,310.2,97
2023-07-22,Lille,Magasin,Électroménager,Bouilloire,4,726.04,0.0,2904.16,1569.2,433
2023-07-22,Roubaix,Magasin,Sport,Maillot bain,2,350.77,0.0,701.54,398.6,471
2023-07-22,Dunkerque,Magasin,Maison,Étagère bois,1,279.59,0.0,279.59,89.12,565
2023-07-22,Lille,Magasin,Électroménager,Cafetière,2,392.24,0.0,784.48,429.12,111
2023-07-22,Valenciennes,Magasin,Sport,Chaussures running,2,569.53,0.1,1025.15,506.49,73
2023-07-22,Valenciennes,Magasin,Bricolage,Peinture 5L,1,609.0,0.05,578.55,295.01,228
2023-07-22,Lille,Magasin,Électroménager,Bouilloire,4,726.04,0.0,2904.16,1569.2,248
2023-07-22,Lille,Magasin,Électroménager,Cafetière,4,392.24,0.0,1568.96,858.24,386
2023-07-23,En ligne,E-commerce,Électroménager,Bouilloire,5,726.04,0.0,3630.2,1961.5,572
2023-07-23,En ligne,E-commerce,Sport,Chaussures running,3,569.53,0.0,1708.59,930.6,407
2023-07-23,En ligne,E-commerce,Maison,Set casseroles,6,706.85,0.0,4241.1,2446.02,575
2023-07-23,Roubaix,Magasin,Mode,Baskets ville,8,460.51,0.0,3684.08,1184.4,195
2023-07-23,Valenciennes,Magasin,Électroménager,Réfrigérateur,3,387.37,0.0,1162.11,338.34,115
2023-07-23,En ligne,E-commerce,Maison,Étagère bois,2,279.59,0.0,559.18,178.24,160
2023-07-23,Roubaix,Magasin,Maison,Set casseroles,6,706.85,0.05,4029.04,2233.96,242
2023-07-23,En ligne,E-commerce,Bricolage,Boîte à outils,1,83.21,0.0,83.21,22.99,446
2023-07-23,Lille,Magasin,Sport,Chaussures running,2,569.53,0.0,1139.06,620.4,485
2023-07-23,Lille,Magasin,Bricolage,Peinture 5L,3,609.0,0.0,1827.0,976.38,142
2023-07-23,Lille,Magasin,Maison,Étagère bois,1,279.59,0.0,279.59,89.12,346
2023-07-23,Lille,Magasin,Maison,Lampe LED,2,134.22,0.0,268.44,136.56,344
2023-07-23,En ligne,E-commerce,Maison,Set casseroles,8,706.85,0.2,4523.84,2130.4,115
2023-07-24,Lille,Magasin,Électroménager,Cafetière,5,392.24,0.0,1961.2,1072.8,486
2023-07-24,Dunkerque,Magasin,Électroménager,Cafetière,6,392.24,0.0,2353.44,1287.36,26
2023-07-24,Valenciennes,Magasin,Sport,Vélo VTT,4,545.21,0.0,2180.84,938.0,6
2023-07-24,Lille,Magasin,Sport,Tapis yoga,2,658.36,0.0,1316.72,705.42,309
2023-07-24,Roubaix,Magasin,Électroménager,Aspirateur,2,191.18,0.0,382.36,193.1,25
2023-07-24,Roubaix,Magasin,Mode,Pull laine,8,884.49,0.0,7075.92,3968.48,332
2023-07-24,Lille,Magasin,Mode,Jean homme,7,272.27,0.0,1905.89,644.84,324
2023-07-24,Amiens,Magasin,Électroménager,Aspirateur,1,191.18,0.1,172.06,77.43,198
2023-07-24,Amiens,Magasin,Maison,Couette 220x240,6,224.09,0.0,1344.54,542.34,197
2023-07-24,Lille,Magasin,Maison,Étagère bois,2,279.59,0.0,559.18,178.24,489
2023-07-24,En ligne,E-commerce,Électroménager,Robot cuiseur,6,249.97,0.0,1499.82,551.52,461
2023-07-24,Lille,Magasin,Mode,Pull laine,4,884.49,0.0,3537.96,1984.24,278
2023-07-24,Roubaix,Magasin,Maison,Lampe LED,2,134.22,0.0,268.44,136.56,45
2023-07-24,Valenciennes,Magasin,Sport,Vélo VTT,3,545.21,0.0,1635.63,703.5,528
2023-07-24,Lille,Magasin,Mode,Robe été,4,296.52,0.0,1186.08,289.84,579
2023-07-24,Lille,Magasin,Mode,Baskets ville,7,460.51,0.05,3062.39,875.17,438
2023-07-25,Amiens,Magasin,Sport,Chaussures running,5,569.53,0.1,2562.88,1266.24,95
2023-07-25,Amiens,Magasin,Mode,Jean homme,1,272.27,0.0,272.27,92.12,544
2023-07-25,Amiens,Magasin,Maison,Rideau occultant,6,101.21,0.0,607.26,269.34,343
2023-07-25,Valenciennes,Magasin,Bricolage,Tournevis set,4,636.28,0.0,2545.12,1281.76,329
2023-07-25,Dunkerque,Magasin,Électroménager,Bouilloire,3,726.04,0.1,1960.31,959.09,496
2023-07-25,Amiens,Magasin,Électroménager,Bouilloire,6,726.04,0.0,4356.24,2353.8,515
2023-07-25,Dunkerque,Magasin,Sport,Chaussures running,1,569.53,0.0,569.53,310.2,222
2023-07-25,Dunkerque,Magasin,Bricolage,Boîte à outils,6,83.21,0.0,499.26,137.94,156
2023-07-25,Valenciennes,Magasin,Bricolage,Échelle alu,7,354.67,0.05,2358.56,1054.67,179
2023-07-25,En ligne,E-commerce,Mode,Pull laine,2,884.49,0.0,1768.98,992.12,194
2023-07-25,En ligne,E-commerce,Maison,Rideau occultant,7,101.21,0.0,708.47,314.23,36
2023-07-25,Dunkerque,Magasin,Électroménager,Cafetière,1,392.24,0.05,372.63,194.95,44
2023-07-25,En ligne,E-commerce,Sport,Haltères 10kg,1,98.3,0.0,98.3,42.7,431
2023-07-25,Amiens,Magasin,Mode,Veste hiver,7,655.99,0.0,4591.93,2268.56,451
2023-07-26,Roubaix,Magasin,Maison,Set casseroles,2,706.85,0.0,1413.7,815.34,266
2023-07-26,Amiens,Magasin,Sport,Raquette tennis,3,706.19,0.0,2118.57,1086.12,499
2023-07-26,En ligne,E-commerce,Mode,Baskets ville,7,460.51,0.0,3223.57,1036.35,27
2023-07-26,Lille,Magasin,Maison,Set casseroles,2,706.85,0.0,1413.7,815.34,448
2023-07-26,Lille,Magasin,Électroménager,Aspirateur,3,191.18,0.0,573.54,289.65,40
2023-07-26,Dunkerque,Magasin,Sport,Raquette tennis,6,706.19,0.0,4237.14,2172.24,74
2023-07-26,Amiens,Magasin,Bricolage,Échelle alu,1,354.67,0.0,354.67,168.4,78
2023-07-26,En ligne,E-commerce,Bricolage,Perceuse,2,105.66,0.0,211.32,43.4,239
2023-07-26,Roubaix,Magasin,Sport,Chaussures running,3,569.53,0.1,1537.73,759.74,379
2023-07-26,Amiens,Magasin,Électroménager,Aspirateur,8,191.18,0.0,1529.44,772.4,265
2023-07-26,Dunkerque,Magasin,Bricolage,Peinture 5L,4,609.0,0.0,2436.0,1301.84,102
2023-07-26,Roubaix,Magasin,Sport,Raquette tennis,3,706.19,0.1,1906.71,874.26,370
2023-07-26,Amiens,Magasin,Bricolage,Perceuse,8,105.66,0.2,676.22,4.54,120
2023-07-26,Amiens,Magasin,Mode,Veste hiver,4,655.99,0.05,2492.76,1165.12,107
2023-07-26,Dunkerque,Magasin,Bricolage,Boîte à outils,2,83.21,0.0,166.42,45.98,455
2023-07-26,Roubaix,Magasin,Sport,Raquette tennis,5,706.19,0.0,3530.95,1810.2,100
2023-07-27,Amiens,Magasin,Sport,Ballon foot,1,100.1,0.0,100.1,57.9,238
2023-07-27,Roubaix,Magasin,Sport,Chaussures running,3,569.53,0.0,1708.59,930.6,410
2023-07-27,Amiens,Magasin,Mode,Jean homme,4,272.27,0.0,1089.08,368.48,428
2023-07-27,Amiens,Magasin,Bricolage,Perceuse,4,105.66,0.0,422.64,86.8,150
2023-07-27,Valenciennes,Magasin,Bricolage,Tournevis set,5,636.28,0.0,3181.4,1602.2,154
2023-07-27,En ligne,E-commerce,Maison,Set casseroles,4,706.85,0.1,2544.66,1347.94,581
2023-07-27,Lille,Magasin,Bricolage,Boîte à outils,4,83.21,0.1,299.56,58.68,425
2023-07-27,En ligne,E-commerce,Électroménager,Aspirateur,5,191.18,0.0,955.9,482.75,187
2023-07-27,Roubaix,Magasin,Bricolage,Peinture 5L,1,609.0,0.0,609.0,325.46,317
2023-07-27,Lille,Magasin,Bricolage,Perceuse,1,105.66,0.0,105.66,21.7,243
2023-07-27,Lille,Magasin,Maison,Set casseroles,8,706.85,0.0,5654.8,3261.36,298
2023-07-27,Dunkerque,Magasin,Électroménager,Aspirateur,2,191.18,0.0,382.36,193.1,339
2023-07-27,En ligne,E-commerce,Électroménager,Cafetière,4,392.24,0.0,1568.96,858.24,18
2023-07-27,En ligne,E-commerce,Sport,Raquette tennis,3,706.19,0.05,2012.64,980.19,211
2023-07-27,Valenciennes,Magasin,Mode,T-shirt coton,4,504.67,0.05,1917.75,699.99,336
2023-07-27,Roubaix,Magasin,Bricolage,Échelle alu,3,354.67,0.0,1064.01,505.2,278
2023-07-27,Valenciennes,Magasin,Sport,Tapis yoga,5,658.36,0.0,3291.8,1763.55,525
2023-07-27,Dunkerque,Magasin,Maison,Set casseroles,2,706.85,0.05,1343.02,744.65,498
2023-07-27,Amiens,Magasin,Bricolage,Peinture 5L,1,609.0,0.0,609.0,325.46,369
2023-07-27,En ligne,E-commerce,Électroménager,Robot cuiseur,6,249.97,0.1,1349.84,401.54,456
2023-07-27,Tourcoing,Magasin,Bricolage,Échelle alu,3,354.67,0.05,1010.81,452.0,449
2023-07-27,Lille,Magasin,Électroménager,Réfrigérateur,3,387.37,0.0,1162.11,338.34,488
2023-07-27,Roubaix,Magasin,Bricolage,Échelle alu,8,354.67,0.0,2837.36,1347.2,115
2023-07-27,Roubaix,Magasin,Électroménager,Réfrigérateur,5,387.37,0.0,1936.85,563.9,199
2023-07-27,Tourcoing,Magasin,Sport,Maillot bain,5,350.77,0.0,1753.85,996.5,97
2023-07-28,Valenciennes,Magasin,Électroménager,Aspirateur,4,191.18,0.0,764.72,386.2,337
2023-07-28,Tourcoing,Magasin,Maison,Étagère bois,1,279.59,0.0,279.59,89.12,295
2023-07-28,Amiens,Magasin,Bricolage,Perceuse,2,105.66,0.0,211.32,43.4,592
2023-07-28,Roubaix,Magasin,Mode,Robe été,2,296.52,0.0,593.04,144.92,123
2023-07-28,Tourcoing,Magasin,Bricolage,Échelle alu,4,354.67,0.05,1347.75,602.67,130
2023-07-28,Roubaix,Magasin,Électroménager,Aspirateur,3,191.18,0.0,573.54,289.65,32
2023-07-28,Tourcoing,Magasin,Électroménager,Réfrigérateur,5,387.37,0.0,1936.85,563.9,228
2023-07-28,Amiens,Magasin,Sport,Vélo VTT,5,545.21,0.0,2726.05,1172.5,561
2023-07-28,Valenciennes,Magasin,Maison,Canapé 3 places,4,246.23,0.0,984.92,227.52,457
2023-07-28,Tourcoing,Magasin,Électroménager,Robot cuiseur,2,249.97,0.0,499.94,183.84,103
2023-07-28,Amiens,Magasin,Mode,Robe été,4,296.52,0.0,1186.08,289.84,230
2023-07-28,En ligne,E-commerce,Maison,Canapé 3 places,8,246.23,0.0,1969.84,455.04,480
2023-07-28,Amiens,Magasin,Mode,Jean homme,2,272.27,0.0,544.54,184.24,180
2023-07-28,En ligne,E-commerce,Maison,Rideau occultant,1,101.21,0.0,101.21,44.89,400
2023-07-28,Amiens,Magasin,Électroménager,Aspirateur,3,191.18,0.05,544.86,260.97,356
2023-07-28,En ligne,E-commerce,Sport,Ballon foot,6,100.1,0.0,600.6,347.4,338
2023-07-28,Lille,Magasin,Électroménager,Réfrigérateur,5,387.37,0.0,1936.85,563.9,133
2023-07-29,Amiens,Magasin,Maison,Set casseroles,5,706.85,0.0,3534.25,2038.35,121
2023-07-29,En ligne,E-commerce,Bricolage,Boîte à outils,4,83.21,0.0,332.84,91.96,534
2023-07-29,Lille,Magasin,Maison,Set casseroles,2,706.85,0.0,1413.7,815.34,338
2023-07-29,Lille,Magasin,Mode,Robe été,3,296.52,0.0,889.56,217.38,401
2023-07-29,Valenciennes,Magasin,Sport,Vélo VTT,1,545.21,0.0,545.21,234.5,144
2023-07-29,Valenciennes,Magasin,Électroménager,Robot cuiseur,5,249.97,0.0,1249.85,459.6,281
2023-07-29,Roubaix,Magasin,Maison,Canapé 3 places,1,246.23,0.0,246.23,56.88,139
2023-07-29,Valenciennes,Magasin,Sport,Chaussures running,3,569.53,0.0,1708.59,930.6,206
2023-07-29,Roubaix,Magasin,Bricolage,Peinture 5L,3,609.0,0.1,1644.3,793.68,422
2023-07-29,Roubaix,Magasin,Sport,Tapis yoga,6,658.36,0.0,3950.16,2116.26,14
2023-07-29,Amiens,Magasin,Sport,Maillot bain,5,350.77,0.0,1753.85,996.5,572
2023-07-29,Dunkerque,Magasin,Mode,T-shirt coton,3,504.67,0.0,1514.01,600.69,45
2023-07-29,Tourcoing,Magasin,Sport,Chaussures running,4,569.53,0.05,2164.21,1126.89,454
2023-07-29,Tourcoing,Magasin,Bricolage,Échelle alu,1,354.67,0.0,354.67,168.4,385
2023-07-29,Lille,Magasin,Maison,Couette 220x240,5,224.09,0.0,1120.45,451.95,445
2023-07-29,Roubaix,Magasin,Mode,Jean homme,1,272.27,0.05,258.66,78.51,53
2023-07-29,En ligne,E-commerce,Mode,Pull laine,6,884.49,0.0,5306.94,2976.36,519
2023-07-30,En ligne,E-commerce,Sport,Maillot bain,6,350.77,0.0,2104.62,1195.8,376
2023-07-30,Tourcoing,Magasin,Sport,Vélo VTT,3,545.21,0.0,1635.63,703.5,196
2023-07-30,En ligne,E-commerce,Mode,T-shirt coton,6,504.67,0.0,3028.02,1201.38,386
2023-07-30,En ligne,E-commerce,Maison,Canapé 3 places,3,246.23,0.0,738.69,170.64,103
2023-07-30,Dunkerque,Magasin,Maison,Rideau occultant,2,101.21,0.0,202.42,89.78,315
2023-07-30,Lille,Magasin,Maison,Canapé 3 places,5,246.23,0.0,1231.15,284.4,243
2023-07-30,Dunkerque,Magasin,Mode,Baskets ville,6,460.51,0.0,2763.06,888.3,50
2023-07-30,En ligne,E-commerce,Mode,Robe été,5,296.52,0.2,1186.08,65.78,118
2023-07-30,Lille,Magasin,Bricolage,Boîte à outils,2,83.21,0.0,166.42,45.98,397
2023-07-30,Dunkerque,Magasin,Électroménager,Aspirateur,2,191.18,0.0,382.36,193.1,275
2023-07-30,Valenciennes,Magasin,Sport,Haltères 10kg,2,98.3,0.05,186.77,75.57,437
2023-07-30,Lille,Magasin,Mode,Veste hiver,5,655.99,0.0,3279.95,1620.4,345
2023-07-30,Lille,Magasin,Sport,Chaussures running,4,569.53,0.0,2278.12,1240.8,558
2023-07-30,Dunkerque,Magasin,Sport,Haltères 10kg,2,98.3,0.0,196.6,85.4,511
2023-07-30,Tourcoing,Magasin,Mode,Jean homme,1,272.27,0.0,272.27,92.12,425
2023-07-30,Lille,Magasin,Mode,Pull laine,5,884.49,0.0,4422.45,2480.3,142
2023-07-30,Lille,Magasin,Sport,Ballon foot,5,100.1,0.0,500.5,289.5,91
2023-07-31,Lille,Magasin,Mode,Veste hiver,1,655.99,0.0,655.99,324.08,104
2023-07-31,Amiens,Magasin,Mode,Veste hiver,3,655.99,0.0,1967.97,972.24,260
2023-07-31,Tourcoing,Magasin,Maison,Rideau occultant,5,101.21,0.05,480.75,199.15,461
2023-07-31,En ligne,E-commerce,Électroménager,Cafetière,4,392.24,0.0,1568.96,858.24,407
2023-07-31,Amiens,Magasin,Bricolage,Peinture 5L,1,609.0,0.0,609.0,325.46,78
2023-07-31,En ligne,E-commerce,Maison,Canapé 3 places,1,246.23,0.0,246.23,56.88,295
2023-07-31,Dunkerque,Magasin,Sport,Vélo VTT,5,545.21,0.2,2180.84,627.29,515
2023-07-31,Roubaix,Magasin,Électroménager,Robot cuiseur,6,249.97,0.0,1499.82,551.52,540
2023-07-31,Dunkerque,Magasin,Électroménager,Réfrigérateur,4,387.37,0.0,1549.48,451.12,116
2023-07-31,Lille,Magasin,Bricolage,Perceuse,1,105.66,0.0,105.66,21.7,265
2023-07-31,Lille,Magasin,Maison,Rideau occultant,4,101.21,0.0,404.84,179.56,553
2023-07-31,Tourcoing,Magasin,Sport,Raquette tennis,4,706.19,0.1,2542.28,1165.68,577
2023-07-31,Dunkerque,Magasin,Bricolage,Échelle alu,1,354.67,0.0,354.67,168.4,119
2023-08-01,Roubaix,Magasin,Sport,Ballon foot,1,100.1,0.0,100.1,57.9,443
2023-08-01,Roubaix,Magasin,Maison,Rideau occultant,2,101.21,0.0,202.42,89.78,180
2023-08-01,Dunkerque,Magasin,Maison,Étagère bois,5,279.59,0.0,1397.95,445.6,578
2023-08-01,Tourcoing,Magasin,Mode,Veste hiver,1,655.99,0.0,655.99,324.08,515
2023-08-01,En ligne,E-commerce,Électroménager,Robot cuiseur,3,249.97,0.0,749.91,275.76,36
2023-08-01,Lille,Magasin,Bricolage,Échelle alu,3,354.67,0.0,1064.01,505.2,370
2023-08-01,Roubaix,Magasin,Sport,Maillot bain,5,350.77,0.0,1753.85,996.5,8
2023-08-01,Lille,Magasin,Bricolage,Tournevis set,3,636.28,0.0,1908.84,961.32,433
2023-08-01,En ligne,E-commerce,Maison,Étagère bois,4,279.59,0.0,1118.36,356.48,383
2023-08-01,Valenciennes,Magasin,Maison,Lampe LED,2,134.22,0.0,268.44,136.56,402
2023-08-01,Roubaix,Magasin,Bricolage,Perceuse,6,105.66,0.0,633.96,130.2,313
2023-08-01,Lille,Magasin,Sport,Raquette tennis,1,706.19,0.0,706.19,362.04,258
2023-08-01,Dunkerque,Magasin,Sport,Ballon foot,1,100.1,0.1,90.09,47.89,419
2023-08-01,Dunkerque,Magasin,Maison,Étagère bois,4,279.59,0.0,1118.36,356.48,233
2023-08-01,Roubaix,Magasin,Bricolage,Échelle alu,2,354.67,0.0,709.34,336.8,31
2023-08-01,Valenciennes,Magasin,Sport,Tapis yoga,1,658.36,0.0,658.36,352.71,485
2023-08-01,Dunkerque,Magasin,Sport,Tapis yoga,4,658.36,0.0,2633.44,1410.84,484
2023-08-02,Dunkerque,Magasin,Maison,Étagère bois,3,279.59,0.0,838.77,267.36,307
2023-08-02,Lille,Magasin,Maison,Set casseroles,1,706.85,0.0,706.85,407.67,488
2023-08-02,Amiens,Magasin,Mode,T-shirt coton,5,504.67,0.0,2523.35,1001.15,507
2023-08-02,Tourcoing,Magasin,Maison,Canapé 3 places,3,246.23,0.0,738.69,170.64,253
2023-08-02,En ligne,E-commerce,Maison,Canapé 3 places,4,246.23,0.1,886.43,129.03,358
2023-08-02,Roubaix,Magasin,Bricolage,Peinture 5L,2,609.0,0.0,1218.0,650.92,258
2023-08-02,Roubaix,Magasin,Bricolage,Boîte à outils,3,83.21,0.0,249.63,68.97,128
2023-08-02,Tourcoing,Magasin,Sport,Vélo VTT,3,545.21,0.0,1635.63,703.5,132
2023-08-02,Lille,Magasin,Sport,Haltères 10kg,6,98.3,0.0,589.8,256.2,188
2023-08-02,Amiens,Magasin,Électroménager,Micro-ondes,4,453.16,0.05,1722.01,595.61,19
2023-08-02,Roubaix,Magasin,Maison,Lampe LED,3,134.22,0.0,402.66,204.84,119
2023-08-02,Tourcoing,Magasin,Mode,Baskets ville,5,460.51,0.0,2302.55,740.25,54
2023-08-02,Amiens,Magasin,Bricolage,Tournevis set,4,636.28,0.0,2545.12,1281.76,151
2023-08-02,Roubaix,Magasin,Sport,Maillot bain,6,350.77,0.0,2104.62,1195.8,586
2023-08-02,Dunkerque,Magasin,Électroménager,Aspirateur,3,191.18,0.0,573.54,289.65,48
2023-08-02,Lille,Magasin,Mode,Jean homme,3,272.27,0.05,775.97,235.52,6
2023-08-02,Lille,Magasin,Maison,Set casseroles,5,706.85,0.0,3534.25,2038.35,333
2023-08-02,Valenciennes,Magasin,Mode,Baskets ville,1,460.51,0.0,460.51,148.05,301
2023-08-02,Roubaix,Magasin,Sport,Haltères 10kg,2,98.3,0.05,186.77,75.57,131
2023-08-02,Lille,Magasin,Mode,Jean homme,3,272.27,0.0,816.81,276.36,116
2023-08-02,Roubaix,Magasin,Électroménager,Aspirateur,2,191.18,0.0,382.36,193.1,331
2023-08-03,Amiens,Magasin,Mode,Pull laine,2,884.49,0.0,1768.98,992.12,147
2023-08-03,Lille,Magasin,Électroménager,Aspirateur,6,191.18,0.0,1147.08,579.3,493
2023-08-03,Dunkerque,Magasin,Bricolage,Échelle alu,5,354.67,0.0,1773.35,842.0,559
2023-08-03,Valenciennes,Magasin,Mode,Pull laine,5,884.49,0.05,4201.33,2259.18,526
2023-08-03,Dunkerque,Magasin,Sport,Vélo VTT,4,545.21,0.0,2180.84,938.0,580
2023-08-03,Amiens,Magasin,Sport,Ballon foot,1,100.1,0.0,100.1,57.9,143
2023-08-03,Valenciennes,Magasin,Maison,Set casseroles,1,706.85,0.0,706.85,407.67,54
2023-08-03,Tourcoing,Magasin,Bricolage,Tournevis set,3,636.28,0.0,1908.84,961.32,580
2023-08-03,Lille,Magasin,Mode,T-shirt coton,1,504.67,0.0,504.67,200.23,213
2023-08-03,Tourcoing,Magasin,Sport,Ballon foot,3,100.1,0.0,300.3,173.7,523
2023-08-03,Dunkerque,Magasin,Sport,Ballon foot,2,100.1,0.0,200.2,115.8,31
2023-08-03,Lille,Magasin,Mode,Pull laine,1,884.49,0.05,840.27,451.84,548
2023-08-03,Dunkerque,Magasin,Sport,Ballon foot,4,100.1,0.0,400.4,231.6,498
2023-08-03,Dunkerque,Magasin,Sport,Ballon foot,6,100.1,0.05,570.57,317.37,229
2023-08-03,Roubaix,Magasin,Maison,Rideau occultant,3,101.21,0.0,303.63,134.67,369
2023-08-03,Lille,Magasin,Électroménager,Réfrigérateur,2,387.37,0.0,774.74,225.56,572
2023-08-03,Amiens,Magasin,Électroménager,Aspirateur,2,191.18,0.0,382.36,193.1,326
2023-08-03,En ligne,E-commerce,Sport,Raquette tennis,1,706.19,0.0,706.19,362.04,21
2023-08-03,Tourcoing,Magasin,Bricolage,Boîte à outils,4,83.21,0.0,332.84,91.96,577
2023-08-03,Lille,Magasin,Électroménager,Réfrigérateur,3,387.37,0.0,1162.11,338.34,440
2023-08-04,Dunkerque,Magasin,Sport,Maillot bain,1,350.77,0.0,350.77,199.3,237
2023-08-04,Lille,Magasin,Électroménager,Bouilloire,1,726.04,0.0,726.04,392.3,198
2023-08-04,Tourcoing,Magasin,Mode,Veste hiver,1,655.99,0.0,655.99,324.08,15
2023-08-04,Lille,Magasin,Électroménager,Cafetière,1,392.24,0.0,392.24,214.56,308
2023-08-04,Lille,Magasin,Mode,T-shirt coton,1,504.67,0.0,504.67,200.23,431
2023-08-04,Dunkerque,Magasin,Sport,Ballon foot,6,100.1,0.0,600.6,347.4,287
2023-08-04,Roubaix,Magasin,Sport,Chaussures running,4,569.53,0.0,2278.12,1240.8,170
2023-08-04,Valenciennes,Magasin,Bricolage,Tournevis set,2,636.28,0.1,1145.3,513.62,7
2023-08-04,Roubaix,Magasin,Maison,Étagère bois,4,279.59,0.0,1118.36,356.48,74
2023-08-04,Roubaix,Magasin,Électroménager,Cafetière,3,392.24,0.0,1176.72,643.68,399
2023-08-04,Dunkerque,Magasin,Maison,Couette 220x240,5,224.09,0.0,1120.45,451.95,153
2023-08-04,Lille,Magasin,Électroménager,Robot cuiseur,2,249.97,0.0,499.94,183.84,214
2023-08-04,En ligne,E-commerce,Bricolage,Boîte à outils,2,83.21,0.0,166.42,45.98,314
2023-08-04,Valenciennes,Magasin,Bricolage,Boîte à outils,1,83.21,0.0,83.21,22.99,477
2023-08-04,Lille,Magasin,Maison,Set casseroles,6,706.85,0.0,4241.1,2446.02,529
2023-08-04,En ligne,E-commerce,Sport,Chaussures running,1,569.53,0.0,569.53,310.2,480
2023-08-04,En ligne,E-commerce,Maison,Canapé 3 places,5,246.23,0.05,1169.59,222.84,304
2023-08-04,Tourcoing,Magasin,Sport,Maillot bain,2,350.77,0.0,701.54,398.6,559
2023-08-04,Lille,Magasin,Sport,Ballon foot,1,100.1,0.0,100.1,57.9,87
2023-08-04,Tourcoing,Magasin,Mode,Robe été,3,296.52,0.0,889.56,217.38,135
2023-08-04,En ligne,E-commerce,Électroménager,Bouilloire,5,726.04,0.0,3630.2,1961.5,592
2023-08-05,Roubaix,Magasin,Maison,Couette 220x240,3,224.09,0.05,638.66,237.56,467
2023-08-05,Roubaix,Magasin,Bricolage,Boîte à outils,1,83.21,0.0,83.21,22.99,87
2023-08-05,Tourcoing,Magasin,Électroménager,Robot cuiseur,2,249.97,0.0,499.94,183.84,280
2023-08-05,En ligne,E-commerce,Maison,Lampe LED,2,134.22,0.0,268.44,136.56,234
2023-08-05,Valenciennes,Magasin,Sport,Raquette tennis,1,706.19,0.0,706.19,362.04,287
2023-08-05,En ligne,E-commerce,Maison,Lampe LED,4,134.22,0.0,536.88,273.12,107
2023-08-05,Dunkerque,Magasin,Bricolage,Peinture 5L,1,609.0,0.05,578.55,295.01,294
2023-08-05,Lille,Magasin,Bricolage,Peinture 5L,1,609.0,0.0,609.0,325.46,584
2023-08-05,Amiens,Magasin,Sport,Tapis yoga,2,658.36,0.1,1185.05,573.75,29
2023-08-05,Lille,Magasin,Sport,Chaussures running,3,569.53,0.0,1708.59,930.6,572
2023-08-05,Dunkerque,Magasin,Sport,Ballon foot,3,100.1,0.0,300.3,173.7,407
2023-08-05,Valenciennes,Magasin,Bricolage,Peinture 5L,5,609.0,0.0,3045.0,1627.3,214
2023-08-05,Lille,Magasin,Bricolage,Perceuse,3,105.66,0.0,316.98,65.1,85
2023-08-06,En ligne,E-commerce,Électroménager,Cafetière,3,392.24,0.0,1176.72,643.68,403
2023-08-06,Tourcoing,Magasin,Maison,Couette 220x240,3,224.09,0.0,672.27,271.17,481
2023-08-06,Tourcoing,Magasin,Bricolage,Perceuse,1,105.66,0.1,95.09,11.13,129
2023-08-06,Amiens,Magasin,Maison,Lampe LED,5,134.22,0.0,671.1,341.4,428
2023-08-06,Lille,Magasin,Bricolage,Perceuse,3,105.66,0.05,301.13,49.25,203
2023-08-06,Lille,Magasin,Mode,Pull laine,1,884.49,0.0,884.49,496.06,591
2023-08-06,Dunkerque,Magasin,Sport,Tapis yoga,3,658.36,0.0,1975.08,1058.13,21
2023-08-06,Dunkerque,Magasin,Maison,Canapé 3 places,3,246.23,0.0,738.69,170.64,46
2023-08-06,Lille,Magasin,Sport,Raquette tennis,3,706.19,0.0,2118.57,1086.12,550
2023-08-06,Roubaix,Magasin,Électroménager,Micro-ondes,2,453.16,0.0,906.32,343.12,550
2023-08-06,Lille,Magasin,Bricolage,Tournevis set,2,636.28,0.0,1272.56,640.88,314
2023-08-06,Dunkerque,Magasin,Bricolage,Boîte à outils,2,83.21,0.0,166.42,45.98,141
2023-08-06,Dunkerque,Magasin,Sport,Raquette tennis,4,706.19,0.0,2824.76,1448.16,527
2023-08-06,Lille,Magasin,Sport,Vélo VTT,2,545.21,0.05,1035.9,414.48,225
2023-08-06,Dunkerque,Magasin,Électroménager,Aspirateur,5,191.18,0.0,955.9,482.75,484
2023-08-06,Amiens,Magasin,Sport,Chaussures running,2,569.53,0.0,1139.06,620.4,565
2023-08-06,Dunkerque,Magasin,Électroménager,Réfrigérateur,3,387.37,0.0,1162.11,338.34,416
2023-08-06,En ligne,E-commerce,Mode,Robe été,2,296.52,0.0,593.04,144.92,121
2023-08-06,Amiens,Magasin,Mode,T-shirt coton,5,504.67,0.0,2523.35,1001.15,46
2023-08-06,Lille,Magasin,Électroménager,Micro-ondes,3,453.16,0.0,1359.48,514.68,348
2023-08-07,En ligne,E-commerce,Sport,Tapis yoga,3,658.36,0.0,1975.08,1058.13,340
2023-08-07,En ligne,E-commerce,Sport,Raquette tennis,2,706.19,0.0,1412.38,724.08,506
2023-08-07,Valenciennes,Magasin,Maison,Canapé 3 places,2,246.23,0.1,443.21,64.51,28
2023-08-07,En ligne,E-commerce,Mode,Robe été,1,296.52,0.0,296.52,72.46,548
2023-08-07,Roubaix,Magasin,Maison,Set casseroles,2,706.85,0.05,1343.02,744.65,421
2023-08-07,Amiens,Magasin,Bricolage,Peinture 5L,2,609.0,0.0,1218.0,650.92,442
2023-08-07,Valenciennes,Magasin,Mode,Jean homme,2,272.27,0.0,544.54,184.24,119
2023-08-07,En ligne,E-commerce,Sport,Vélo VTT,2,545.21,0.0,1090.42,469.0,142
2023-08-07,Lille,Magasin,Électroménager,Bouilloire,3,726.04,0.0,2178.12,1176.9,15
2023-08-07,Roubaix,Magasin,Mode,Robe été,3,296.52,0.0,889.56,217.38,258
2023-08-07,Lille,Magasin,Bricolage,Tournevis set,5,636.28,0.0,3181.4,1602.2,222
2023-08-07,Dunkerque,Magasin,Bricolage,Perceuse,5,105.66,0.0,528.3,108.5,565
2023-08-07,Lille,Magasin,Électroménager,Bouilloire,5,726.04,0.0,3630.2,1961.5,172
2023-08-07,Dunkerque,Magasin,Mode,Jean homme,3,272.27,0.0,816.81,276.36,117
2023-08-07,Valenciennes,Magasin,Électroménager,Cafetière,1,392.24,0.05,372.63,194.95,516
2023-08-07,Tourcoing,Magasin,Électroménager,Réfrigérateur,5,387.37,0.0,1936.85,563.9,129
2023-08-07,Roubaix,Magasin,Sport,Maillot bain,4,350.77,0.0,1403.08,797.2,189
2023-08-07,Tourcoing,Magasin,Mode,Veste hiver,4,655.99,0.0,2623.96,1296.32,347
2023-08-07,Amiens,Magasin,Maison,Set casseroles,1,706.85,0.0,706.85,407.67,427
2023-08-07,Valenciennes,Magasin,Maison,Canapé 3 places,1,246.23,0.0,246.23,56.88,108
2023-08-07,En ligne,E-commerce,Maison,Lampe LED,2,134.22,0.05,255.02,123.14,324
2023-08-07,Dunkerque,Magasin,Électroménager,Cafetière,4,392.24,0.0,1568.96,858.24,420
2023-08-07,Roubaix,Magasin,Sport,Maillot bain,5,350.77,0.0,1753.85,996.5,153
2023-08-07,En ligne,E-commerce,Mode,Jean homme,2,272.27,0.0,544.54,184.24,331
2023-08-08,Dunkerque,Magasin,Électroménager,Réfrigérateur,3,387.37,0.0,1162.11,338.34,536
2023-08-08,Valenciennes,Magasin,Électroménager,Cafetière,2,392.24,0.0,784.48,429.12,452
2023-08-08,En ligne,E-commerce,Maison,Rideau occultant,2,101.21,0.0,202.42,89.78,41
2023-08-08,Lille,Magasin,Électroménager,Micro-ondes,1,453.16,0.05,430.5,148.9,248
2023-08-08,Roubaix,Magasin,Électroménager,Aspirateur,3,191.18,0.0,573.54,289.65,453
2023-08-08,En ligne,E-commerce,Sport,Vélo VTT,5,545.21,0.05,2589.75,1036.2,15
2023-08-08,Lille,Magasin,Mode,Pull laine,4,884.49,0.0,3537.96,1984.24,313
2023-08-08,Lille,Magasin,Sport,Maillot bain,1,350.77,0.0,350.77,199.3,384
2023-08-08,Roubaix,Magasin,Sport,Tapis yoga,3,658.36,0.0,1975.08,1058.13,268
2023-08-09,Lille,Magasin,Bricolage,Boîte à outils,6,83.21,0.0,499.26,137.94,519
2023-08-09,Dunkerque,Magasin,Bricolage,Peinture 5L,4,609.0,0.0,2436.0,1301.84,384
2023-08-09,Valenciennes,Magasin,Électroménager,Bouilloire,4,726.04,0.05,2758.95,1423.99,557
2023-08-09,Amiens,Magasin,Bricolage,Peinture 5L,5,609.0,0.0,3045.0,1627.3,562
2023-08-09,Roubaix,Magasin,Maison,Rideau occultant,1,101.21,0.05,96.15,39.83,216
2023-08-09,Amiens,Magasin,Mode,Jean homme,4,272.27,0.05,1034.63,314.03,555
2023-08-09,Dunkerque,Magasin,Sport,Chaussures running,1,569.53,0.0,569.53,310.2,41
2023-08-09,Dunkerque,Magasin,Sport,Maillot bain,2,350.77,0.0,701.54,398.6,285
2023-08-09,Amiens,Magasin,Bricolage,Tournevis set,2,636.28,0.0,1272.56,640.88,445
2023-08-09,Roubaix,Magasin,Mode,Jean homme,2,272.27,0.0,544.54,184.24,562
2023-08-09,Roubaix,Magasin,Maison,Rideau occultant,6,101.21,0.0,607.26,269.34,547
2023-08-09,Amiens,Magasin,Bricolage,Tournevis set,1,636.28,0.0,636.28,320.44,596
2023-08-09,Tourcoing,Magasin,Sport,Ballon foot,2,100.1,0.0,200.2,115.8,98
2023-08-09,Dunkerque,Magasin,Électroménager,Micro-ondes,5,453.16,0.0,2265.8,857.8,435
2023-08-09,Lille,Magasin,Mode,Baskets ville,1,460.51,0.0,460.51,148.05,278
2023-08-09,Lille,Magasin,Sport,Tapis yoga,3,658.36,0.0,1975.08,1058.13,481
2023-08-09,Roubaix,Magasin,Électroménager,Micro-ondes,2,453.16,0.0,906.32,343.12,262
2023-08-10,Roubaix,Magasin,Maison,Couette 220x240,1,224.09,0.0,224.09,90.39,42
2023-08-10,Lille,Magasin,Sport,Chaussures running,4,569.53,0.0,2278.12,1240.8,523
2023-08-10,Lille,Magasin,Maison,Canapé 3 places,5,246.23,0.0,1231.15,284.4,530
2023-08-10,Tourcoing,Magasin,Sport,Chaussures running,3,569.53,0.0,1708.59,930.6,303
2023-08-10,En ligne,E-commerce,Maison,Canapé 3 places,3,246.23,0.0,738.69,170.64,42
2023-08-10,Dunkerque,Magasin,Maison,Étagère bois,3,279.59,0.0,838.77,267.36,368
2023-08-10,Roubaix,Magasin,Sport,Raquette tennis,4,706.19,0.0,2824.76,1448.16,582
2023-08-10,Valenciennes,Magasin,Électroménager,Cafetière,4,392.24,0.0,1568.96,858.24,505
2023-08-10,Roubaix,Magasin,Électroménager,Cafetière,2,392.24,0.0,784.48,429.12,245
2023-08-10,En ligne,E-commerce,Maison,Canapé 3 places,2,246.23,0.0,492.46,113.76,482
2023-08-10,En ligne,E-commerce,Sport,Maillot bain,3,350.77,0.0,1052.31,597.9,368
2023-08-10,En ligne,E-commerce,Électroménager,Aspirateur,1,191.18,0.0,191.18,96.55,63
2023-08-10,Lille,Magasin,Sport,Ballon foot,1,100.1,0.0,100.1,57.9,39
2023-08-11,Dunkerque,Magasin,Maison,Couette 220x240,1,224.09,0.0,224.09,90.39,314
2023-08-11,En ligne,E-commerce,Électroménager,Aspirateur,4,191.18,0.0,764.72,386.2,392
2023-08-11,En ligne,E-commerce,Mode,Pull laine,1,884.49,0.0,884.49,496.06,136
2023-08-11,Tourcoing,Magasin,Mode,Veste hiver,3,655.99,0.0,1967.97,972.24,459
2023-08-11,Tourcoing,Magasin,Sport,Maillot bain,1,350.77,0.0,350.77,199.3,273
2023-08-11,Dunkerque,Magasin,Mode,Veste hiver,1,655.99,0.0,655.99,324.08,564
2023-08-11,Tourcoing,Magasin,Électroménager,Réfrigérateur,6,387.37,0.0,2324.22,676.68,119
2023-08-11,Lille,Magasin,Sport,Chaussures running,1,569.53,0.0,569.53,310.2,345
2023-08-11,En ligne,E-commerce,Sport,Tapis yoga,2,658.36,0.1,1185.05,573.75,342
2023-08-11,Valenciennes,Magasin,Sport,Maillot bain,2,350.77,0.0,701.54,398.6,526
2023-08-12,En ligne,E-commerce,Maison,Rideau occultant,5,101.21,0.0,506.05,224.45,147
2023-08-12,Amiens,Magasin,Sport,Ballon foot,3,100.1,0.2,240.24,113.64,505
2023-08-12,Roubaix,Magasin,Maison,Couette 220x240,6,224.09,0.0,1344.54,542.34,565
2023-08-12,Valenciennes,Magasin,Mode,Baskets ville,2,460.51,0.0,921.02,296.1,430
2023-08-12,Dunkerque,Magasin,Sport,Ballon foot,1,100.1,0.0,100.1,57.9,173
2023-08-12,Roubaix,Magasin,Maison,Canapé 3 places,4,246.23,0.0,984.92,227.52,75
2023-08-12,Valenciennes,Magasin,Bricolage,Boîte à outils,3,83.21,0.0,249.63,68.97,214
2023-08-12,Dunkerque,Magasin,Électroménager,Réfrigérateur,1,387.37,0.0,387.37,112.78,116
2023-08-12,Amiens,Magasin,Maison,Set casseroles,2,706.85,0.0,1413.7,815.34,7
2023-08-12,En ligne,E-commerce,Sport,Ballon foot,2,100.1,0.0,200.2,115.8,31
2023-08-12,Lille,Magasin,Mode,Baskets ville,4,460.51,0.1,1657.84,408.0,337
2023-08-12,Roubaix,Magasin,Sport,Chaussures running,2,569.53,0.0,1139.06,620.4,423
2023-08-12,Tourcoing,Magasin,Électroménager,Robot cuiseur,3,249.97,0.1,674.92,200.77,246
2023-08-12,Lille,Magasin,Électroménager,Réfrigérateur,3,387.37,0.0,1162.11,338.34,225
2023-08-13,Lille,Magasin,Électroménager,Robot cuiseur,5,249.97,0.0,1249.85,459.6,439
2023-08-13,En ligne,E-commerce,Électroménager,Cafetière,1,392.24,0.0,392.24,214.56,350
2023-08-13,Tourcoing,Magasin,Mode,Baskets ville,5,460.51,0.0,2302.55,740.25,191
2023-08-13,Dunkerque,Magasin,Sport,Tapis yoga,1,658.36,0.0,658.36,352.71,203
2023-08-13,Amiens,Magasin,Sport,Maillot bain,1,350.77,0.0,350.77,199.3,597
2023-08-13,Roubaix,Magasin,Maison,Couette 220x240,3,224.09,0.0,672.27,271.17,169
2023-08-13,Dunkerque,Magasin,Mode,Baskets ville,1,460.51,0.0,460.51,148.05,238
2023-08-13,Valenciennes,Magasin,Sport,Vélo VTT,4,545.21,0.0,2180.84,938.0,144
2023-08-13,Lille,Magasin,Sport,Vélo VTT,2,545.21,0.0,1090.42,469.0,156
2023-08-13,Dunkerque,Magasin,Mode,Baskets ville,1,460.51,0.0,460.51,148.05,571
2023-08-13,En ligne,E-commerce,Mode,Jean homme,4,272.27,0.0,1089.08,368.48,464
2023-08-13,Tourcoing,Magasin,Électroménager,Micro-ondes,5,453.16,0.0,2265.8,857.8,366
2023-08-13,Amiens,Magasin,Électroménager,Micro-ondes,3,453.16,0.0,1359.48,514.68,460
2023-08-13,En ligne,E-commerce,Maison,Canapé 3 places,1,246.23,0.0,246.23,56.88,145
2023-08-13,Lille,Magasin,Électroménager,Réfrigérateur,2,387.37,0.0,774.74,225.56,456
2023-08-13,Tourcoing,Magasin,Sport,Chaussures running,1,569.53,0.0,569.53,310.2,206
2023-08-13,Valenciennes,Magasin,Électroménager,Bouilloire,5,726.04,0.0,3630.2,1961.5,167
2023-08-13,Valenciennes,Magasin,Bricolage,Perceuse,3,105.66,0.0,316.98,65.1,267
2023-08-14,Amiens,Magasin,Maison,Couette 220x240,3,224.09,0.0,672.27,271.17,179
2023-08-14,Roubaix,Magasin,Sport,Tapis yoga,2,658.36,0.0,1316.72,705.42,410
2023-08-14,Valenciennes,Magasin,Sport,Ballon foot,3,100.1,0.0,300.3,173.7,283
2023-08-14,Roubaix,Magasin,Sport,Haltères 10kg,5,98.3,0.0,491.5,213.5,489
2023-08-14,Roubaix,Magasin,Bricolage,Peinture 5L,2,609.0,0.0,1218.0,650.92,136
2023-08-14,Roubaix,Magasin,Maison,Étagère bois,2,279.59,0.05,531.22,150.28,536
2023-08-14,En ligne,E-commerce,Sport,Haltères 10kg,1,98.3,0.0,98.3,42.7,397
2023-08-14,Dunkerque,Magasin,Maison,Set casseroles,1,706.85,0.0,706.85,407.67,459
2023-08-14,Tourcoing,Magasin,Bricolage,Peinture 5L,2,609.0,0.0,1218.0,650.92,384
2023-08-14,Lille,Magasin,Maison,Set casseroles,2,706.85,0.0,1413.7,815.34,539
2023-08-14,Dunkerque,Magasin,Bricolage,Perceuse,2,105.66,0.05,200.75,32.83,105
2023-08-14,Amiens,Magasin,Sport,Chaussures running,3,569.53,0.0,1708.59,930.6,540
2023-08-14,Tourcoing,Magasin,Mode,T-shirt coton,1,504.67,0.0,504.67,200.23,526
2023-08-14,Roubaix,Magasin,Mode,Pull laine,3,884.49,0.0,2653.47,1488.18,41
2023-08-14,En ligne,E-commerce,Sport,Tapis yoga,3,658.36,0.0,1975.08,1058.13,62
2023-08-14,Tourcoing,Magasin,Bricolage,Peinture 5L,1,609.0,0.0,609.0,325.46,226
2023-08-14,En ligne,E-commerce,Maison,Canapé 3 places,4,246.23,0.0,984.92,227.52,264
2023-08-14,Lille,Magasin,Sport,Tapis yoga,1,658.36,0.05,625.44,319.79,319
2023-08-14,Dunkerque,Magasin,Sport,Haltères 10kg,3,98.3,0.0,294.9,128.1,396
2023-08-14,En ligne,E-commerce,Sport,Chaussures running,1,569.53,0.0,569.53,310.2,592
2023-08-15,Lille,Magasin,Mode,T-shirt coton,1,504.67,0.0,504.67,200.23,446
2023-08-15,En ligne,E-commerce,Bricolage,Tournevis set,3,636.28,0.0,1908.84,961.32,542
2023-08-15,Lille,Magasin,Sport,Maillot bain,6,350.77,0.0,2104.62,1195.8,478
2023-08-15,Amiens,Magasin,Mode,T-shirt coton,5,504.67,0.0,2523.35,1001.15,361
2023-08-15,En ligne,E-commerce,Mode,T-shirt coton,4,504.67,0.0,2018.68,800.92,563
2023-08-15,Tourcoing,Magasin,Maison,Couette 220x240,6,224.09,0.0,1344.54,542.34,281
2023-08-15,Roubaix,Magasin,Mode,Jean homme,3,272.27,0.0,816.81,276.36,39
2023-08-15,Valenciennes,Magasin,Sport,Haltères 10kg,5,98.3,0.0,491.5,213.5,302
2023-08-15,Amiens,Magasin,Maison,Couette 220x240,1,224.09,0.0,224.09,90.39,306
2023-08-15,En ligne,E-commerce,Bricolage,Tournevis set,2,636.28,0.0,1272.56,640.88,425
2023-08-15,Dunkerque,Magasin,Électroménager,Cafetière,4,392.24,0.0,1568.96,858.24,491
2023-08-15,Amiens,Magasin,Mode,Jean homme,4,272.27,0.0,1089.08,368.48,256
2023-08-15,Tourcoing,Magasin,Bricolage,Échelle alu,1,354.67,0.0,354.67,168.4,333
2023-08-15,Dunkerque,Magasin,Mode,Veste hiver,1,655.99,0.0,655.99,324.08,321
2023-08-16,En ligne,E-commerce,Bricolage,Perceuse,5,105.66,0.0,528.3,108.5,571
2023-08-16,Amiens,Magasin,Mode,Jean homme,4,272.27,0.0,1089.08,368.48,437
2023-08-16,Valenciennes,Magasin,Sport,Tapis yoga,2,658.36,0.0,1316.72,705.42,443
2023-08-16,Dunkerque,Magasin,Sport,Vélo VTT,3,545.21,0.0,1635.63,703.5,160
2023-08-16,En ligne,E-commerce,Mode,Baskets ville,1,460.51,0.0,460.51,148.05,259
2023-08-16,Lille,Magasin,Électroménager,Micro-ondes,3,453.16,0.0,1359.48,514.68,120
2023-08-16,Lille,Magasin,Maison,Couette 220x240,2,224.09,0.0,448.18,180.78,399
2023-08-16,Roubaix,Magasin,Sport,Tapis yoga,3,658.36,0.1,1777.57,860.62,294
2023-08-16,Tourcoing,Magasin,Maison,Set casseroles,4,706.85,0.0,2827.4,1630.68,366
2023-08-16,Lille,Magasin,Mode,Baskets ville,2,460.51,0.05,874.97,250.05,200
2023-08-16,Tourcoing,Magasin,Maison,Étagère bois,3,279.59,0.0,838.77,267.36,397
2023-08-16,Lille,Magasin,Maison,Lampe LED,4,134.22,0.0,536.88,273.12,17
2023-08-16,Lille,Magasin,Électroménager,Aspirateur,2,191.18,0.0,382.36,193.1,403
2023-08-16,Valenciennes,Magasin,Sport,Maillot bain,1,350.77,0.0,350.77,199.3,302
2023-08-16,En ligne,E-commerce,Électroménager,Cafetière,2,392.24,0.0,784.48,429.12,183
2023-08-16,En ligne,E-commerce,Mode,T-shirt coton,3,504.67,0.05,1438.31,524.99,3
2023-08-16,Roubaix,Magasin,Bricolage,Perceuse,1,105.66,0.0,105.66,21.7,482
2023-08-16,Amiens,Magasin,Bricolage,Perceuse,1,105.66,0.0,105.66,21.7,332
2023-08-16,Lille,Magasin,Maison,Lampe LED,4,134.22,0.2,429.5,165.74,73
2023-08-16,En ligne,E-commerce,Électroménager,Aspirateur,1,191.18,0.0,191.18,96.55,335
2023-08-16,Roubaix,Magasin,Sport,Ballon foot,2,100.1,0.0,200.2,115.8,180
2023-08-17,Amiens,Magasin,Électroménager,Micro-ondes,2,453.16,0.0,906.32,343.12,352
2023-08-17,Lille,Magasin,Sport,Tapis yoga,2,658.36,0.0,1316.72,705.42,358
2023-08-17,Tourcoing,Magasin,Électroménager,Cafetière,3,392.24,0.0,1176.72,643.68,278
2023-08-17,Dunkerque,Magasin,Bricolage,Échelle alu,1,354.67,0.0,354.67,168.4,261
2023-08-17,Dunkerque,Magasin,Électroménager,Réfrigérateur,2,387.37,0.0,774.74,225.56,167
2023-08-17,En ligne,E-commerce,Bricolage,Peinture 5L,1,609.0,0.0,609.0,325.46,305
2023-08-17,Lille,Magasin,Sport,Haltères 10kg,1,98.3,0.0,98.3,42.7,281
2023-08-17,Tourcoing,Magasin,Mode,Baskets ville,3,460.51,0.1,1243.38,306.0,195
2023-08-17,En ligne,E-commerce,Bricolage,Tournevis set,3,636.28,0.2,1527.07,579.55,341
2023-08-18,Roubaix,Magasin,Maison,Lampe LED,4,134.22,0.0,536.88,273.12,289
2023-08-18,Valenciennes,Magasin,Électroménager,Bouilloire,1,726.04,0.0,726.04,392.3,565
2023-08-18,Lille,Magasin,Électroménager,Micro-ondes,3,453.16,0.1,1223.53,378.73,535
2023-08-18,Dunkerque,Magasin,Sport,Vélo VTT,1,545.21,0.0,545.21,234.5,164
2023-08-18,Roubaix,Magasin,Sport,Ballon foot,4,100.1,0.0,400.4,231.6,159
2023-08-18,En ligne,E-commerce,Bricolage,Échelle alu,3,354.67,0.0,1064.01,505.2,44
2023-08-18,Tourcoing,Magasin,Électroménager,Réfrigérateur,2,387.37,0.1,697.27,148.09,564
2023-08-18,Amiens,Magasin,Électroménager,Aspirateur,5,191.18,0.0,955.9,482.75,17
2023-08-18,Valenciennes,Magasin,Bricolage,Perceuse,4,105.66,0.0,422.64,86.8,284
2023-08-18,Valenciennes,Magasin,Mode,T-shirt coton,4,504.67,0.05,1917.75,699.99,563
2023-08-18,Lille,Magasin,Mode,Veste hiver,4,655.99,0.05,2492.76,1165.12,50
2023-08-18,Dunkerque,Magasin,Maison,Rideau occultant,4,101.21,0.0,404.84,179.56,378
2023-08-18,Tourcoing,Magasin,Mode,Veste hiver,5,655.99,0.1,2951.96,1292.41,15
2023-08-18,Amiens,Magasin,Mode,Pull laine,5,884.49,0.0,4422.45,2480.3,256
2023-08-18,Dunkerque,Magasin,Électroménager,Réfrigérateur,3,387.37,0.0,1162.11,338.34,200
2023-08-18,Lille,Magasin,Sport,Haltères 10kg,5,98.3,0.0,491.5,213.5,146
2023-08-18,Valenciennes,Magasin,Bricolage,Échelle alu,1,354.67,0.0,354.67,168.4,219
2023-08-18,Lille,Magasin,Électroménager,Bouilloire,1,726.04,0.1,653.44,319.7,271
2023-08-18,Tourcoing,Magasin,Sport,Raquette tennis,4,706.19,0.0,2824.76,1448.16,193
2023-08-18,Amiens,Magasin,Maison,Étagère bois,2,279.59,0.0,559.18,178.24,563
2023-08-18,Dunkerque,Magasin,Sport,Haltères 10kg,3,98.3,0.1,265.41,98.61,4
2023-08-18,En ligne,E-commerce,Sport,Haltères 10kg,2,98.3,0.0,196.6,85.4,40
2023-08-19,Dunkerque,Magasin,Électroménager,Aspirateur,1,191.18,0.0,191.18,96.55,369
2023-08-19,Roubaix,Magasin,Électroménager,Réfrigérateur,4,387.37,0.0,1549.48,451.12,54
2023-08-19,En ligne,E-commerce,Maison,Lampe LED,4,134.22,0.0,536.88,273.12,521
2023-08-19,En ligne,E-commerce,Sport,Haltères 10kg,2,98.3,0.0,196.6,85.4,289
2023-08-19,Dunkerque,Magasin,Maison,Canapé 3 places,1,246.23,0.0,246.23,56.88,136
2023-08-19,Roubaix,Magasin,Sport,Haltères 10kg,1,98.3,0.0,98.3,42.7,279
2023-08-19,Tourcoing,Magasin,Sport,Ballon foot,5,100.1,0.0,500.5,289.5,389
2023-08-19,Dunkerque,Magasin,Mode,T-shirt coton,4,504.67,0.0,2018.68,800.92,109
2023-08-19,Tourcoing,Magasin,Sport,Ballon foot,1,100.1,0.0,100.1,57.9,228
2023-08-19,Roubaix,Magasin,Sport,Maillot bain,4,350.77,0.0,1403.08,797.2,297
2023-08-19,Dunkerque,Magasin,Électroménager,Bouilloire,4,726.04,0.0,2904.16,1569.2,370
2023-08-20,Lille,Magasin,Mode,Veste hiver,2,655.99,0.0,1311.98,648.16,295
2023-08-20,Amiens,Magasin,Bricolage,Peinture 5L,4,609.0,0.0,2436.0,1301.84,321
2023-08-20,Lille,Magasin,Bricolage,Perceuse,2,105.66,0.0,211.32,43.4,410
2023-08-20,Dunkerque,Magasin,Sport,Haltères 10kg,2,98.3,0.0,196.6,85.4,94
2023-08-20,Valenciennes,Magasin,Sport,Tapis yoga,3,658.36,0.0,1975.08,1058.13,1
2023-08-20,Lille,Magasin,Maison,Rideau occultant,3,101.21,0.0,303.63,134.67,303
2023-08-20,Roubaix,Magasin,Bricolage,Peinture 5L,2,609.0,0.0,1218.0,650.92,387
2023-08-20,En ligne,E-commerce,Bricolage,Échelle alu,1,354.67,0.0,354.67,168.4,475
2023-08-20,Lille,Magasin,Maison,Canapé 3 places,3,246.23,0.0,738.69,170.64,390
2023-08-20,Tourcoing,Magasin,Bricolage,Perceuse,4,105.66,0.0,422.64,86.8,105
2023-08-20,Dunkerque,Magasin,Sport,Vélo VTT,6,545.21,0.05,3107.7,1243.44,274
2023-08-20,Amiens,Magasin,Bricolage,Boîte à outils,1,83.21,0.0,83.21,22.99,418
2023-08-20,Lille,Magasin,Électroménager,Aspirateur,5,191.18,0.0,955.9,482.75,1
2023-08-20,Valenciennes,Magasin,Sport,Ballon foot,2,100.1,0.0,200.2,115.8,415
2023-08-20,Amiens,Magasin,Sport,Raquette tennis,1,706.19,0.0,706.19,362.04,310
2023-08-20,Valenciennes,Magasin,Sport,Haltères 10kg,2,98.3,0.2,157.28,46.08,191
2023-08-20,En ligne,E-commerce,Maison,Lampe LED,1,134.22,0.0,134.22,68.28,339
2023-08-20,En ligne,E-commerce,Maison,Canapé 3 places,6,246.23,0.0,1477.38,341.28,189
2023-08-20,En ligne,E-commerce,Mode,Pull laine,3,884.49,0.0,2653.47,1488.18,427
2023-08-20,En ligne,E-commerce,Maison,Set casseroles,4,706.85,0.0,2827.4,1630.68,342
2023-08-20,Dunkerque,Magasin,Maison,Rideau occultant,1,101.21,0.1,91.09,34.77,144
2023-08-20,En ligne,E-commerce,Maison,Set casseroles,1,706.85,0.2,565.48,266.3,49
2023-08-20,Lille,Magasin,Électroménager,Robot cuiseur,2,249.97,0.0,499.94,183.84,410
2023-08-20,Amiens,Magasin,Bricolage,Perceuse,3,105.66,0.0,316.98,65.1,375
2023-08-20,Tourcoing,Magasin,Électroménager,Réfrigérateur,3,387.37,0.0,1162.11,338.34,558
2023-08-21,Lille,Magasin,Bricolage,Échelle alu,3,354.67,0.0,1064.01,505.2,397
2023-08-21,Tourcoing,Magasin,Maison,Canapé 3 places,1,246.23,0.0,246.23,56.88,149
2023-08-21,En ligne,E-commerce,Électroménager,Micro-ondes,4,453.16,0.0,1812.64,686.24,420
2023-08-21,Roubaix,Magasin,Bricolage,Tournevis set,2,636.28,0.1,1145.3,513.62,294
2023-08-21,Tourcoing,Magasin,Sport,Tapis yoga,3,658.36,0.0,1975.08,1058.13,409
2023-08-21,Lille,Magasin,Électroménager,Bouilloire,3,726.04,0.0,2178.12,1176.9,77
2023-08-21,Tourcoing,Magasin,Bricolage,Peinture 5L,2,609.0,0.0,1218.0,650.92,60
2023-08-21,Amiens,Magasin,Mode,Pull laine,1,884.49,0.0,884.49,496.06,394
2023-08-21,Valenciennes,Magasin,Sport,Vélo VTT,4,545.21,0.0,2180.84,938.0,59
2023-08-21,Dunkerque,Magasin,Sport,Raquette tennis,3,706.19,0.0,2118.57,1086.12,241
2023-08-21,Dunkerque,Magasin,Électroménager,Bouilloire,4,726.04,0.0,2904.16,1569.2,36
2023-08-21,Roubaix,Magasin,Mode,Robe été,2,296.52,0.0,593.04,144.92,424
2023-08-21,Tourcoing,Magasin,Bricolage,Boîte à outils,3,83.21,0.0,249.63,68.97,115
2023-08-21,En ligne,E-commerce,Sport,Maillot bain,4,350.77,0.0,1403.08,797.2,558
2023-08-21,En ligne,E-commerce,Électroménager,Réfrigérateur,2,387.37,0.1,697.27,148.09,119
2023-08-22,Valenciennes,Magasin,Maison,Rideau occultant,3,101.21,0.2,242.9,73.94,512
2023-08-22,Tourcoing,Magasin,Bricolage,Boîte à outils,6,83.21,0.0,499.26,137.94,147
2023-08-22,Lille,Magasin,Maison,Set casseroles,2,706.85,0.0,1413.7,815.34,239
2023-08-22,Lille,Magasin,Maison,Rideau occultant,1,101.21,0.0,101.21,44.89,237
2023-08-22,Dunkerque,Magasin,Mode,Jean homme,4,272.27,0.0,1089.08,368.48,27
2023-08-22,Amiens,Magasin,Mode,Baskets ville,2,460.51,0.0,921.02,296.1,442
2023-08-22,Lille,Magasin,Mode,Pull laine,3,884.49,0.0,2653.47,1488.18,89
2023-08-22,Lille,Magasin,Électroménager,Bouilloire,2,726.04,0.1,1306.87,639.39,206
2023-08-22,Lille,Magasin,Mode,Veste hiver,6,655.99,0.0,3935.94,1944.48,409
2023-08-22,Dunkerque,Magasin,Maison,Couette 220x240,3,224.09,0.0,672.27,271.17,18
2023-08-22,Lille,Magasin,Maison,Rideau occultant,5,101.21,0.0,506.05,224.45,26
2023-08-22,Lille,Magasin,Maison,Lampe LED,2,134.22,0.0,268.44,136.56,156
2023-08-22,Lille,Magasin,Électroménager,Bouilloire,2,726.04,0.05,1379.48,712.0,481
2023-08-22,Roubaix,Magasin,Bricolage,Peinture 5L,2,609.0,0.0,1218.0,650.92,582
2023-08-22,En ligne,E-commerce,Sport,Tapis yoga,3,658.36,0.0,1975.08,1058.13,582
2023-08-22,Lille,Magasin,Bricolage,Échelle alu,2,354.67,0.0,709.34,336.8,281
2023-08-22,Lille,Magasin,Maison,Set casseroles,5,706.85,0.0,3534.25,2038.35,335
2023-08-22,Lille,Magasin,Sport,Raquette tennis,4,706.19,0.0,2824.76,1448.16,287
2023-08-22,Lille,Magasin,Mode,Veste hiver,4,655.99,0.0,2623.96,1296.32,559
2023-08-23,Roubaix,Magasin,Sport,Tapis yoga,5,658.36,0.0,3291.8,1763.55,404
2023-08-23,Tourcoing,Magasin,Électroménager,Aspirateur,3,191.18,0.0,573.54,289.65,527
2023-08-23,Roubaix,Magasin,Maison,Étagère bois,1,279.59,0.2,223.67,33.2,559
2023-08-23,En ligne,E-commerce,Bricolage,Peinture 5L,4,609.0,0.0,2436.0,1301.84,531
2023-08-23,Amiens,Magasin,Maison,Lampe LED,2,134.22,0.0,268.44,136.56,573
2023-08-23,En ligne,E-commerce,Mode,T-shirt coton,2,504.67,0.0,1009.34,400.46,277
2023-08-23,Tourcoing,Magasin,Maison,Lampe LED,2,134.22,0.0,268.44,136.56,456
2023-08-23,Amiens,Magasin,Bricolage,Peinture 5L,4,609.0,0.1,2192.4,1058.24,134
2023-08-23,Valenciennes,Magasin,Sport,Chaussures running,1,569.53,0.0,569.53,310.2,336
2023-08-23,Amiens,Magasin,Bricolage,Boîte à outils,4,83.21,0.0,332.84,91.96,420
2023-08-23,Amiens,Magasin,Électroménager,Robot cuiseur,1,249.97,0.0,249.97,91.92,55
2023-08-23,Lille,Magasin,Sport,Tapis yoga,2,658.36,0.0,1316.72,705.42,367
2023-08-23,En ligne,E-commerce,Mode,T-shirt coton,1,504.67,0.0,504.67,200.23,427
2023-08-23,Amiens,Magasin,Maison,Étagère bois,3,279.59,0.0,838.77,267.36,25
2023-08-23,Tourcoing,Magasin,Sport,Maillot bain,2,350.77,0.0,701.54,398.6,580
2023-08-23,Dunkerque,Magasin,Électroménager,Réfrigérateur,1,387.37,0.0,387.37,112.78,228
2023-08-23,Lille,Magasin,Mode,Pull laine,1,884.49,0.0,884.49,496.06,115
2023-08-23,Valenciennes,Magasin,Mode,Robe été,3,296.52,0.0,889.56,217.38,387
2023-08-23,Dunkerque,Magasin,Bricolage,Boîte à outils,3,83.21,0.0,249.63,68.97,215
2023-08-24,Roubaix,Magasin,Maison,Étagère bois,3,279.59,0.0,838.77,267.36,504
2023-08-24,Amiens,Magasin,Maison,Canapé 3 places,3,246.23,0.05,701.76,133.71,373
2023-08-24,Valenciennes,Magasin,Maison,Canapé 3 places,2,246.23,0.0,492.46,113.76,477
2023-08-24,Roubaix,Magasin,Mode,Baskets ville,2,460.51,0.05,874.97,250.05,271
2023-08-24,Amiens,Magasin,Électroménager,Réfrigérateur,4,387.37,0.2,1239.58,141.22,217
2023-08-24,En ligne,E-commerce,Électroménager,Aspirateur,1,191.18,0.0,191.18,96.55,269
2023-08-24,Roubaix,Magasin,Électroménager,Aspirateur,3,191.18,0.1,516.19,232.3,525
2023-08-24,Lille,Magasin,Électroménager,Micro-ondes,2,453.16,0.0,906.32,343.12,90
2023-08-24,Roubaix,Magasin,Maison,Couette 220x240,2,224.09,0.0,448.18,180.78,183
2023-08-24,Valenciennes,Magasin,Électroménager,Cafetière,2,392.24,0.1,706.03,350.67,475
2023-08-24,Amiens,Magasin,Électroménager,Bouilloire,2,726.04,0.0,1452.08,784.6,112
2023-08-24,Valenciennes,Magasin,Électroménager,Cafetière,2,392.24,0.0,784.48,429.12,295
2023-08-24,Amiens,Magasin,Mode,Pull laine,1,884.49,0.0,884.49,496.06,294
2023-08-24,Tourcoing,Magasin,Mode,Veste hiver,3,655.99,0.0,1967.97,972.24,484
2023-08-24,Roubaix,Magasin,Bricolage,Échelle alu,1,354.67,0.0,354.67,168.4,183
2023-08-24,Lille,Magasin,Sport,Chaussures running,3,569.53,0.1,1537.73,759.74,121
2023-08-24,Dunkerque,Magasin,Électroménager,Micro-ondes,2,453.16,0.0,906.32,343.12,299
2023-08-24,Lille,Magasin,Électroménager,Bouilloire,1,726.04,0.0,726.04,392.3,261
2023-08-24,Valenciennes,Magasin,Sport,Raquette tennis,3,706.19,0.0,2118.57,1086.12,329
2023-08-24,Amiens,Magasin,Maison,Rideau occultant,1,101.21,0.0,101.21,44.89,65
2023-08-24,Dunkerque,Magasin,Maison,Étagère bois,2,279.59,0.05,531.22,150.28,567
2023-08-25,Dunkerque,Magasin,Mode,Veste hiver,4,655.99,0.1,2361.56,1033.92,179
2023-08-25,Amiens,Magasin,Sport,Maillot bain,5,350.77,0.05,1666.16,908.81,599
2023-08-25,Roubaix,Magasin,Sport,Tapis yoga,5,658.36,0.0,3291.8,1763.55,173
2023-08-25,Dunkerque,Magasin,Bricolage,Perceuse,2,105.66,0.0,211.32,43.4,537
2023-08-25,Lille,Magasin,Maison,Set casseroles,2,706.85,0.0,1413.7,815.34,458
2023-08-25,Tourcoing,Magasin,Sport,Haltères 10kg,3,98.3,0.0,294.9,128.1,560
2023-08-25,Lille,Magasin,Mode,Baskets ville,1,460.51,0.0,460.51,148.05,169
2023-08-25,En ligne,E-commerce,Sport,Tapis yoga,3,658.36,0.0,1975.08,1058.13,336
2023-08-25,Dunkerque,Magasin,Maison,Rideau occultant,2,101.21,0.0,202.42,89.78,22
2023-08-25,Valenciennes,Magasin,Sport,Raquette tennis,6,706.19,0.0,4237.14,2172.24,241
2023-08-25,Roubaix,Magasin,Mode,Veste hiver,2,655.99,0.0,1311.98,648.16,568
2023-08-25,Tourcoing,Magasin,Électroménager,Robot cuiseur,1,249.97,0.0,249.97,91.92,254
2023-08-25,Lille,Magasin,Bricolage,Peinture 5L,1,609.0,0.0,609.0,325.46,52
2023-08-25,Lille,Magasin,Mode,Veste hiver,1,655.99,0.0,655.99,324.08,42
2023-08-26,Tourcoing,Magasin,Sport,Haltères 10kg,1,98.3,0.0,98.3,42.7,448
2023-08-26,Tourcoing,Magasin,Maison,Rideau occultant,1,101.21,0.0,101.21,44.89,288
2023-08-26,Lille,Magasin,Électroménager,Réfrigérateur,5,387.37,0.0,1936.85,563.9,494
2023-08-26,Lille,Magasin,Électroménager,Bouilloire,2,726.04,0.1,1306.87,639.39,560
2023-08-26,Roubaix,Magasin,Maison,Couette 220x240,2,224.09,0.0,448.18,180.78,280
2023-08-26,Tourcoing,Magasin,Électroménager,Robot cuiseur,5,249.97,0.0,1249.85,459.6,537
2023-08-26,Lille,Magasin,Mode,Veste hiver,2,655.99,0.0,1311.98,648.16,588
2023-08-26,Lille,Magasin,Bricolage,Boîte à outils,4,83.21,0.1,299.56,58.68,174
2023-08-26,Lille,Magasin,Bricolage,Échelle alu,2,354.67,0.0,709.34,336.8,77
2023-08-26,Lille,Magasin,Sport,Ballon foot,3,100.1,0.0,300.3,173.7,327
2023-08-26,Amiens,Magasin,Sport,Chaussures running,4,569.53,0.0,2278.12,1240.8,446
2023-08-26,Roubaix,Magasin,Maison,Lampe LED,5,134.22,0.0,671.1,341.4,307
2023-08-26,Valenciennes,Magasin,Électroménager,Micro-ondes,2,453.16,0.0,906.32,343.12,524
2023-08-26,Amiens,Magasin,Bricolage,Peinture 5L,2,609.0,0.0,1218.0,650.92,4
2023-08-26,Lille,Magasin,Sport,Tapis yoga,3,658.36,0.0,1975.08,1058.13,289
2023-08-27,Dunkerque,Magasin,Sport,Vélo VTT,5,545.21,0.0,2726.05,1172.5,11
2023-08-27,Dunkerque,Magasin,Électroménager,Aspirateur,4,191.18,0.0,764.72,386.2,384
2023-08-27,Lille,Magasin,Sport,Tapis yoga,4,658.36,0.0,2633.44,1410.84,441
2023-08-27,Lille,Magasin,Électroménager,Robot cuiseur,5,249.97,0.0,1249.85,459.6,363
2023-08-27,Amiens,Magasin,Sport,Tapis yoga,4,658.36,0.0,2633.44,1410.84,590
2023-08-27,Tourcoing,Magasin,Bricolage,Échelle alu,1,354.67,0.0,354.67,168.4,397
2023-08-27,Amiens,Magasin,Électroménager,Bouilloire,1,726.04,0.0,726.04,392.3,314
2023-08-27,En ligne,E-commerce,Sport,Haltères 10kg,5,98.3,0.0,491.5,213.5,116
2023-08-27,Roubaix,Magasin,Électroménager,Aspirateur,4,191.18,0.0,764.72,386.2,38
2023-08-27,Lille,Magasin,Sport,Raquette tennis,4,706.19,0.0,2824.76,1448.16,199
2023-08-27,En ligne,E-commerce,Électroménager,Micro-ondes,4,453.16,0.0,1812.64,686.24,413
2023-08-27,Lille,Magasin,Mode,Jean homme,4,272.27,0.0,1089.08,368.48,147
2023-08-27,Roubaix,Magasin,Sport,Raquette tennis,4,706.19,0.0,2824.76,1448.16,80
2023-08-27,Lille,Magasin,Maison,Set casseroles,2,706.85,0.0,1413.7,815.34,123
2023-08-27,Lille,Magasin,Mode,Baskets ville,3,460.51,0.0,1381.53,444.15,520
2023-08-27,Valenciennes,Magasin,Sport,Ballon foot,2,100.1,0.0,200.2,115.8,124
2023-08-27,Valenciennes,Magasin,Maison,Couette 220x240,2,224.09,0.2,358.54,91.14,2
2023-08-27,En ligne,E-commerce,Électroménager,Micro-ondes,2,453.16,0.0,906.32,343.12,512
2023-08-27,Dunkerque,Magasin,Sport,Haltères 10kg,3,98.3,0.0,294.9,128.1,247
2023-08-28,Amiens,Magasin,Sport,Chaussures running,3,569.53,0.1,1537.73,759.74,512
2023-08-28,En ligne,E-commerce,Mode,Jean homme,1,272.27,0.0,272.27,92.12,68
2023-08-28,Roubaix,Magasin,Maison,Lampe LED,4,134.22,0.0,536.88,273.12,179
2023-08-28,Amiens,Magasin,Bricolage,Échelle alu,2,354.67,0.0,709.34,336.8,166
2023-08-28,Valenciennes,Magasin,Mode,Jean homme,2,272.27,0.0,544.54,184.24,129
2023-08-28,Dunkerque,Magasin,Électroménager,Cafetière,1,392.24,0.0,392.24,214.56,131
2023-08-28,Roubaix,Magasin,Électroménager,Réfrigérateur,4,387.37,0.0,1549.48,451.12,232
2023-08-28,Lille,Magasin,Maison,Lampe LED,1,134.22,0.0,134.22,68.28,443
2023-08-28,Amiens,Magasin,Sport,Ballon foot,4,100.1,0.0,400.4,231.6,391
2023-08-28,Tourcoing,Magasin,Sport,Raquette tennis,1,706.19,0.0,706.19,362.04,114
2023-08-28,Lille,Magasin,Sport,Maillot bain,1,350.77,0.0,350.77,199.3,314
2023-08-28,En ligne,E-commerce,Sport,Ballon foot,3,100.1,0.1,270.27,143.67,357
2023-08-28,Tourcoing,Magasin,Maison,Couette 220x240,1,224.09,0.05,212.89,79.19,180
2023-08-28,Lille,Magasin,Bricolage,Boîte à outils,1,83.21,0.1,74.89,14.67,49
2023-08-28,Dunkerque,Magasin,Électroménager,Robot cuiseur,1,249.97,0.05,237.47,79.42,40
2023-08-29,Lille,Magasin,Sport,Vélo VTT,5,545.21,0.0,2726.05,1172.5,274
2023-08-29,Roubaix,Magasin,Bricolage,Tournevis set,2,636.28,0.0,1272.56,640.88,412
2023-08-29,Lille,Magasin,Maison,Étagère bois,3,279.59,0.0,838.77,267.36,34
2023-08-29,Amiens,Magasin,Mode,Robe été,2,296.52,0.0,593.04,144.92,78
2023-08-29,En ligne,E-commerce,Mode,Baskets ville,3,460.51,0.05,1312.45,375.07,286
2023-08-29,Dunkerque,Magasin,Mode,Robe été,4,296.52,0.1,1067.47,171.23,132
2023-08-29,Amiens,Magasin,Maison,Couette 220x240,2,224.09,0.0,448.18,180.78,260
2023-08-29,Tourcoing,Magasin,Maison,Lampe LED,3,134.22,0.0,402.66,204.84,389
2023-08-29,Lille,Magasin,Sport,Chaussures running,1,569.53,0.0,569.53,310.2,78
2023-08-29,Tourcoing,Magasin,Maison,Lampe LED,2,134.22,0.0,268.44,136.56,589
2023-08-29,Dunkerque,Magasin,Sport,Vélo VTT,3,545.21,0.05,1553.85,621.72,479
2023-08-29,Tourcoing,Magasin,Électroménager,Bouilloire,3,726.04,0.0,2178.12,1176.9,521
2023-08-29,En ligne,E-commerce,Sport,Vélo VTT,2,545.21,0.05,1035.9,414.48,46
2023-08-29,Amiens,Magasin,Électroménager,Bouilloire,2,726.04,0.0,1452.08,784.6,65
2023-08-29,Amiens,Magasin,Bricolage,Tournevis set,2,636.28,0.0,1272.56,640.88,320
2023-08-29,Lille,Magasin,Sport,Tapis yoga,2,658.36,0.0,1316.72,705.42,390
2023-08-29,Dunkerque,Magasin,Bricolage,Échelle alu,3,354.67,0.1,957.61,398.8,318
2023-08-29,Tourcoing,Magasin,Électroménager,Micro-ondes,3,453.16,0.0,1359.48,514.68,284
2023-08-30,En ligne,E-commerce,Bricolage,Perceuse,3,105.66,0.0,316.98,65.1,526
2023-08-30,Tourcoing,Magasin,Mode,Jean homme,2,272.27,0.0,544.54,184.24,553
2023-08-30,En ligne,E-commerce,Électroménager,Micro-ondes,3,453.16,0.05,1291.51,446.71,87
2023-08-30,Lille,Magasin,Mode,Robe été,1,296.52,0.0,296.52,72.46,261
2023-08-30,Amiens,Magasin,Électroménager,Réfrigérateur,3,387.37,0.0,1162.11,338.34,395
2023-08-30,En ligne,E-commerce,Bricolage,Échelle alu,4,354.67,0.0,1418.68,673.6,154
2023-08-30,Lille,Magasin,Sport,Ballon foot,1,100.1,0.0,100.1,57.9,286
2023-08-30,Lille,Magasin,Maison,Couette 220x240,2,224.09,0.0,448.18,180.78,538
2023-08-30,En ligne,E-commerce,Maison,Canapé 3 places,3,246.23,0.0,738.69,170.64,73
2023-08-30,Amiens,Magasin,Mode,Pull laine,4,884.49,0.0,3537.96,1984.24,275
2023-08-30,Lille,Magasin,Maison,Rideau occultant,5,101.21,0.0,506.05,224.45,500
2023-08-30,Lille,Magasin,Sport,Haltères 10kg,5,98.3,0.0,491.5,213.5,346
2023-08-30,Lille,Magasin,Électroménager,Robot cuiseur,1,249.97,0.05,237.47,79.42,370
2023-08-30,Lille,Magasin,Sport,Haltères 10kg,2,98.3,0.0,196.6,85.4,378
2023-08-30,Dunkerque,Magasin,Bricolage,Tournevis set,1,636.28,0.0,636.28,320.44,429
2023-08-30,Valenciennes,Magasin,Sport,Chaussures running,1,569.53,0.0,569.53,310.2,351
2023-08-30,Lille,Magasin,Mode,Pull laine,2,884.49,0.0,1768.98,992.12,581
2023-08-30,Tourcoing,Magasin,Sport,Raquette tennis,3,706.19,0.1,1906.71,874.26,552
2023-08-30,Valenciennes,Magasin,Mode,Jean homme,2,272.27,0.0,544.54,184.24,349
2023-08-30,Lille,Magasin,Électroménager,Bouilloire,1,726.04,0.0,726.04,392.3,430
2023-08-30,Amiens,Magasin,Bricolage,Boîte à outils,3,83.21,0.0,249.63,68.97,373
2023-08-31,Lille,Magasin,Mode,Pull laine,1,884.49,0.0,884.49,496.06,98
2023-08-31,Valenciennes,Magasin,Mode,Veste hiver,4,655.99,0.0,2623.96,1296.32,530
2023-08-31,Tourcoing,Magasin,Maison,Étagère bois,1,279.59,0.0,279.59,89.12,437
2023-08-31,Roubaix,Magasin,Électroménager,Micro-ondes,5,453.16,0.0,2265.8,857.8,207
2023-08-31,Amiens,Magasin,Bricolage,Échelle alu,2,354.67,0.0,709.34,336.8,434
2023-08-31,Lille,Magasin,Maison,Étagère bois,3,279.59,0.0,838.77,267.36,138
2023-08-31,Lille,Magasin,Mode,Veste hiver,2,655.99,0.0,1311.98,648.16,414
2023-08-31,Dunkerque,Magasin,Sport,Tapis yoga,4,658.36,0.0,2633.44,1410.84,483
2023-08-31,Roubaix,Magasin,Sport,Chaussures running,2,569.53,0.0,1139.06,620.4,94
2023-08-31,Lille,Magasin,Bricolage,Peinture 5L,1,609.0,0.0,609.0,325.46,524
2023-08-31,Roubaix,Magasin,Maison,Rideau occultant,3,101.21,0.0,303.63,134.67,534
2023-08-31,Roubaix,Magasin,Bricolage,Perceuse,2,105.66,0.0,211.32,43.4,424
2023-08-31,Lille,Magasin,Mode,Jean homme,2,272.27,0.0,544.54,184.24,131
2023-08-31,Tourcoing,Magasin,Bricolage,Échelle alu,1,354.67,0.0,354.67,168.4,380
2023-08-31,En ligne,E-commerce,Sport,Chaussures running,4,569.53,0.0,2278.12,1240.8,310
2023-08-31,Dunkerque,Magasin,Bricolage,Perceuse,3,105.66,0.0,316.98,65.1,280
2023-08-31,En ligne,E-commerce,Bricolage,Perceuse,3,105.66,0.05,301.13,49.25,380
2023-08-31,Valenciennes,Magasin,Électroménager,Robot cuiseur,1,249.97,0.0,249.97,91.92,590
2023-08-31,Amiens,Magasin,Bricolage,Perceuse,4,105.66,0.0,422.64,86.8,466
2023-09-01,Lille,Magasin,Bricolage,Boîte à outils,3,83.21,0.0,249.63,68.97,346
2023-09-01,Roubaix,Magasin,Bricolage,Échelle alu,1,354.67,0.0,354.67,168.4,115
2023-09-01,Dunkerque,Magasin,Bricolage,Échelle alu,2,354.67,0.0,709.34,336.8,416
2023-09-01,Roubaix,Magasin,Mode,Baskets ville,1,460.51,0.0,460.51,148.05,174
2023-09-01,Valenciennes,Magasin,Bricolage,Peinture 5L,6,609.0,0.0,3654.0,1952.76,574
2023-09-01,Roubaix,Magasin,Maison,Set casseroles,3,706.85,0.0,2120.55,1223.01,406
2023-09-01,Amiens,Magasin,Maison,Lampe LED,1,134.22,0.0,134.22,68.28,435
2023-09-01,En ligne,E-commerce,Mode,Baskets ville,3,460.51,0.0,1381.53,444.15,86
2023-09-01,Valenciennes,Magasin,Électroménager,Micro-ondes,2,453.16,0.0,906.32,343.12,124
2023-09-01,Lille,Magasin,Maison,Étagère bois,3,279.59,0.0,838.77,267.36,41
2023-09-01,Tourcoing,Magasin,Bricolage,Peinture 5L,6,609.0,0.0,3654.0,1952.76,420
2023-09-01,Amiens,Magasin,Mode,T-shirt coton,1,504.67,0.0,504.67,200.23,597
2023-09-01,Roubaix,Magasin,Sport,Vélo VTT,6,545.21,0.0,3271.26,1407.0,574
2023-09-01,En ligne,E-commerce,Sport,Ballon foot,2,100.1,0.0,200.2,115.8,79
2023-09-01,Dunkerque,Magasin,Bricolage,Échelle alu,4,354.67,0.0,1418.68,673.6,35
2023-09-01,Valenciennes,Magasin,Maison,Rideau occultant,2,101.21,0.0,202.42,89.78,578
2023-09-01,Lille,Magasin,Bricolage,Perceuse,6,105.66,0.0,633.96,130.2,275
2023-09-01,Dunkerque,Magasin,Bricolage,Boîte à outils,5,83.21,0.1,374.44,73.34,449
2023-09-01,En ligne,E-commerce,Bricolage,Échelle alu,3,354.67,0.0,1064.01,505.2,203
2023-09-01,En ligne,E-commerce,Électroménager,Aspirateur,2,191.18,0.0,382.36,193.1,22
2023-09-01,Dunkerque,Magasin,Bricolage,Peinture 5L,2,609.0,0.0,1218.0,650.92,166
2023-09-01,Amiens,Magasin,Maison,Rideau occultant,4,101.21,0.0,404.84,179.56,102
2023-09-02,Tourcoing,Magasin,Mode,Veste hiver,4,655.99,0.0,2623.96,1296.32,27
2023-09-02,Amiens,Magasin,Sport,Haltères 10kg,2,98.3,0.0,196.6,85.4,345
2023-09-02,Lille,Magasin,Sport,Maillot bain,3,350.77,0.0,1052.31,597.9,508
2023-09-02,Lille,Magasin,Bricolage,Échelle alu,3,354.67,0.0,1064.01,505.2,121
2023-09-02,Lille,Magasin,Bricolage,Perceuse,2,105.66,0.0,211.32,43.4,90
2023-09-02,Amiens,Magasin,Électroménager,Robot cuiseur,4,249.97,0.0,999.88,367.68,582
2023-09-02,Amiens,Magasin,Électroménager,Robot cuiseur,1,249.97,0.0,249.97,91.92,157
2023-09-02,Lille,Magasin,Électroménager,Micro-ondes,1,453.16,0.0,453.16,171.56,547
2023-09-02,Tourcoing,Magasin,Électroménager,Aspirateur,3,191.18,0.0,573.54,289.65,407
2023-09-02,Roubaix,Magasin,Sport,Ballon foot,4,100.1,0.0,400.4,231.6,598
2023-09-02,Roubaix,Magasin,Maison,Couette 220x240,4,224.09,0.0,896.36,361.56,106
2023-09-02,Lille,Magasin,Bricolage,Échelle alu,5,354.67,0.1,1596.02,664.67,112
2023-09-02,Lille,Magasin,Maison,Étagère bois,1,279.59,0.0,279.59,89.12,268
2023-09-02,Amiens,Magasin,Maison,Canapé 3 places,3,246.23,0.0,738.69,170.64,6
2023-09-02,En ligne,E-commerce,Bricolage,Boîte à outils,3,83.21,0.0,249.63,68.97,536
2023-09-03,Amiens,Magasin,Bricolage,Boîte à outils,1,83.21,0.0,83.21,22.99,341
2023-09-03,En ligne,E-commerce,Maison,Rideau occultant,2,101.21,0.0,202.42,89.78,461
2023-09-03,Amiens,Magasin,Bricolage,Perceuse,3,105.66,0.0,316.98,65.1,75
2023-09-03,Tourcoing,Magasin,Sport,Maillot bain,2,350.77,0.0,701.54,398.6,394
2023-09-03,Roubaix,Magasin,Électroménager,Réfrigérateur,4,387.37,0.0,1549.48,451.12,239
2023-09-03,Roubaix,Magasin,Sport,Ballon foot,5,100.1,0.0,500.5,289.5,413
2023-09-03,En ligne,E-commerce,Maison,Couette 220x240,3,224.09,0.1,605.04,203.94,535
2023-09-03,Roubaix,Magasin,Sport,Haltères 10kg,3,98.3,0.0,294.9,128.1,52
2023-09-03,Roubaix,Magasin,Maison,Set casseroles,4,706.85,0.0,2827.4,1630.68,475
2023-09-03,Dunkerque,Magasin,Mode,Robe été,1,296.52,0.0,296.52,72.46,538
2023-09-03,Amiens,Magasin,Mode,Pull laine,1,884.49,0.0,884.49,496.06,396
2023-09-03,Dunkerque,Magasin,Sport,Tapis yoga,1,658.36,0.0,658.36,352.71,64
2023-09-03,Roubaix,Magasin,Maison,Canapé 3 places,1,246.23,0.0,246.23,56.88,503
2023-09-04,Tourcoing,Magasin,Électroménager,Robot cuiseur,4,249.97,0.05,949.89,317.69,106
2023-09-04,Amiens,Magasin,Sport,Raquette tennis,5,706.19,0.0,3530.95,1810.2,376
2023-09-04,En ligne,E-commerce,Bricolage,Peinture 5L,1,609.0,0.0,609.0,325.46,219
2023-09-04,Lille,Magasin,Maison,Couette 220x240,2,224.09,0.2,358.54,91.14,170
2023-09-04,Lille,Magasin,Électroménager,Réfrigérateur,3,387.37,0.0,1162.11,338.34,109
2023-09-04,Valenciennes,Magasin,Électroménager,Robot cuiseur,2,249.97,0.0,499.94,183.84,121
2023-09-04,Roubaix,Magasin,Maison,Set casseroles,4,706.85,0.0,2827.4,1630.68,211
2023-09-04,Valenciennes,Magasin,Électroménager,Aspirateur,3,191.18,0.0,573.54,289.65,352
2023-09-04,Dunkerque,Magasin,Électroménager,Réfrigérateur,6,387.37,0.0,2324.22,676.68,582
2023-09-04,Roubaix,Magasin,Électroménager,Robot cuiseur,4,249.97,0.0,999.88,367.68,350
2023-09-04,En ligne,E-commerce,Sport,Tapis yoga,4,658.36,0.0,2633.44,1410.84,241
2023-09-04,Tourcoing,Magasin,Maison,Rideau occultant,1,101.21,0.0,101.21,44.89,459
2023-09-05,Roubaix,Magasin,Mode,Robe été,3,296.52,0.0,889.56,217.38,461
2023-09-05,Tourcoing,Magasin,Mode,Pull laine,5,884.49,0.0,4422.45,2480.3,153
2023-09-05,Lille,Magasin,Maison,Rideau occultant,4,101.21,0.0,404.84,179.56,199
2023-09-05,Valenciennes,Magasin,Mode,Veste hiver,2,655.99,0.0,1311.98,648.16,301
2023-09-05,Roubaix,Magasin,Sport,Haltères 10kg,1,98.3,0.0,98.3,42.7,373
2023-09-05,Roubaix,Magasin,Sport,Maillot bain,5,350.77,0.0,1753.85,996.5,327
2023-09-05,Valenciennes,Magasin,Maison,Couette 220x240,1,224.09,0.0,224.09,90.39,517
2023-09-05,Valenciennes,Magasin,Mode,Baskets ville,5,460.51,0.0,2302.55,740.25,399
2023-09-05,Lille,Magasin,Bricolage,Tournevis set,3,636.28,0.0,1908.84,961.32,415
2023-09-05,Lille,Magasin,Mode,Veste hiver,3,655.99,0.0,1967.97,972.24,347
2023-09-05,Dunkerque,Magasin,Électroménager,Cafetière,4,392.24,0.0,1568.96,858.24,268
2023-09-05,Dunkerque,Magasin,Mode,Jean homme,2,272.27,0.0,544.54,184.24,318
2023-09-05,Lille,Magasin,Maison,Lampe LED,1,134.22,0.0,134.22,68.28,560
2023-09-05,Valenciennes,Magasin,Mode,Veste hiver,1,655.99,0.0,655.99,324.08,481
2023-09-05,Valenciennes,Magasin,Sport,Chaussures running,1,569.53,0.0,569.53,310.2,122
2023-09-05,Lille,Magasin,Bricolage,Échelle alu,4,354.67,0.0,1418.68,673.6,481
2023-09-05,Roubaix,Magasin,Bricolage,Échelle alu,1,354.67,0.0,354.67,168.4,527
2023-09-05,Amiens,Magasin,Électroménager,Aspirateur,3,191.18,0.2,458.83,174.94,105
2023-09-05,En ligne,E-commerce,Mode,Pull laine,3,884.49,0.0,2653.47,1488.18,491
2023-09-05,Valenciennes,Magasin,Bricolage,Échelle alu,4,354.67,0.0,1418.68,673.6,189
2023-09-05,Lille,Magasin,Mode,T-shirt coton,3,504.67,0.0,1514.01,600.69,401
2023-09-05,Roubaix,Magasin,Sport,Raquette tennis,4,706.19,0.0,2824.76,1448.16,595
2023-09-05,Tourcoing,Magasin,Sport,Chaussures running,3,569.53,0.0,1708.59,930.6,162
2023-09-05,Valenciennes,Magasin,Mode,Jean homme,3,272.27,0.0,816.81,276.36,334
2023-09-05,Roubaix,Magasin,Électroménager,Robot cuiseur,2,249.97,0.05,474.94,158.84,479
2023-09-05,En ligne,E-commerce,Maison,Canapé 3 places,3,246.23,0.0,738.69,170.64,167
2023-09-05,Tourcoing,Magasin,Mode,Robe été,3,296.52,0.0,889.56,217.38,476
2023-09-05,Lille,Magasin,Électroménager,Micro-ondes,2,453.16,0.05,861.0,297.8,574
2023-09-06,Amiens,Magasin,Sport,Maillot bain,1,350.77,0.1,315.69,164.22,92
2023-09-06,En ligne,E-commerce,Sport,Chaussures running,3,569.53,0.0,1708.59,930.6,526
2023-09-06,Valenciennes,Magasin,Électroménager,Robot cuiseur,1,249.97,0.1,224.97,66.92,159
2023-09-06,Dunkerque,Magasin,Mode,Baskets ville,3,460.51,0.1,1243.38,306.0,95
2023-09-06,Lille,Magasin,Électroménager,Réfrigérateur,5,387.37,0.0,1936.85,563.9,396
2023-09-06,Dunkerque,Magasin,Électroménager,Bouilloire,3,726.04,0.1,1960.31,959.09,36
2023-09-06,En ligne,E-commerce,Bricolage,Perceuse,1,105.66,0.0,105.66,21.7,504
2023-09-06,Lille,Magasin,Maison,Couette 220x240,4,224.09,0.0,896.36,361.56,69
2023-09-06,Roubaix,Magasin,Sport,Vélo VTT,2,545.21,0.0,1090.42,469.0,336
2023-09-06,Dunkerque,Magasin,Électroménager,Robot cuiseur,1,249.97,0.0,249.97,91.92,34
2023-09-06,Tourcoing,Magasin,Bricolage,Boîte à outils,1,83.21,0.0,83.21,22.99,552
2023-09-06,Lille,Magasin,Électroménager,Réfrigérateur,4,387.37,0.0,1549.48,451.12,137
2023-09-06,En ligne,E-commerce,Électroménager,Réfrigérateur,2,387.37,0.0,774.74,225.56,377
2023-09-06,Dunkerque,Magasin,Bricolage,Tournevis set,4,636.28,0.0,2545.12,1281.76,384
2023-09-06,Tourcoing,Magasin,Électroménager,Bouilloire,1,726.04,0.0,726.04,392.3,344
2023-09-06,Dunkerque,Magasin,Électroménager,Bouilloire,3,726.04,0.0,2178.12,1176.9,280
2023-09-06,Tourcoing,Magasin,Sport,Raquette tennis,3,706.19,0.0,2118.57,1086.12,61
2023-09-06,Lille,Magasin,Sport,Raquette tennis,4,706.19,0.0,2824.76,1448.16,428
2023-09-07,Lille,Magasin,Sport,Haltères 10kg,1,98.3,0.0,98.3,42.7,246
2023-09-07,Dunkerque,Magasin,Sport,Raquette tennis,2,706.19,0.0,1412.38,724.08,283
2023-09-07,Dunkerque,Magasin,Mode,Robe été,3,296.52,0.0,889.56,217.38,598
2023-09-07,Roubaix,Magasin,Électroménager,Aspirateur,4,191.18,0.05,726.48,347.96,82
2023-09-07,En ligne,E-commerce,Sport,Maillot bain,1,350.77,0.1,315.69,164.22,203
2023-09-07,Lille,Magasin,Sport,Haltères 10kg,2,98.3,0.05,186.77,75.57,235
2023-09-07,Tourcoing,Magasin,Mode,Robe été,1,296.52,0.0,296.52,72.46,284
2023-09-07,Lille,Magasin,Sport,Haltères 10kg,4,98.3,0.0,393.2,170.8,392
2023-09-07,Roubaix,Magasin,Mode,Veste hiver,2,655.99,0.0,1311.98,648.16,456
2023-09-07,Tourcoing,Magasin,Maison,Set casseroles,3,706.85,0.0,2120.55,1223.01,133
2023-09-07,Roubaix,Magasin,Bricolage,Échelle alu,5,354.67,0.05,1684.68,753.33,321
2023-09-07,Roubaix,Magasin,Sport,Maillot bain,5,350.77,0.0,1753.85,996.5,7
2023-09-07,Roubaix,Magasin,Maison,Set casseroles,4,706.85,0.05,2686.03,1489.31,265
2023-09-07,Dunkerque,Magasin,Électroménager,Micro-ondes,3,453.16,0.0,1359.48,514.68,181
2023-09-07,Roubaix,Magasin,Mode,Baskets ville,5,460.51,0.0,2302.55,740.25,269
2023-09-07,Roubaix,Magasin,Mode,Baskets ville,4,460.51,0.0,1842.04,592.2,347
2023-09-07,Dunkerque,Magasin,Maison,Canapé 3 places,2,246.23,0.2,393.97,15.27,529
2023-09-07,Lille,Magasin,Bricolage,Échelle alu,1,354.67,0.0,354.67,168.4,499
2023-09-07,Dunkerque,Magasin,Électroménager,Cafetière,2,392.24,0.0,784.48,429.12,501
2023-09-08,Valenciennes,Magasin,Bricolage,Échelle alu,1,354.67,0.0,354.67,168.4,486
2023-09-08,Dunkerque,Magasin,Mode,Robe été,4,296.52,0.0,1186.08,289.84,101
2023-09-08,Tourcoing,Magasin,Bricolage,Peinture 5L,3,609.0,0.05,1735.65,885.03,326
2023-09-08,Dunkerque,Magasin,Maison,Étagère bois,4,279.59,0.0,1118.36,356.48,525
2023-09-08,Lille,Magasin,Électroménager,Cafetière,1,392.24,0.0,392.24,214.56,338
2023-09-08,Valenciennes,Magasin,Mode,Baskets ville,3,460.51,0.0,1381.53,444.15,128
2023-09-08,Roubaix,Magasin,Électroménager,Micro-ondes,2,453.16,0.0,906.32,343.12,48
2023-09-08,Lille,Magasin,Électroménager,Robot cuiseur,1,249.97,0.0,249.97,91.92,42
2023-09-08,En ligne,E-commerce,Bricolage,Boîte à outils,2,83.21,0.05,158.1,37.66,478
2023-09-08,Tourcoing,Magasin,Électroménager,Cafetière,3,392.24,0.0,1176.72,643.68,587
2023-09-08,Roubaix,Magasin,Bricolage,Échelle alu,3,354.67,0.0,1064.01,505.2,108
2023-09-08,Roubaix,Magasin,Maison,Rideau occultant,2,101.21,0.0,202.42,89.78,77
2023-09-08,Dunkerque,Magasin,Sport,Tapis yoga,4,658.36,0.0,2633.44,1410.84,491
2023-09-08,En ligne,E-commerce,Sport,Tapis yoga,1,658.36,0.1,592.52,286.87,210
2023-09-08,Roubaix,Magasin,Bricolage,Peinture 5L,4,609.0,0.0,2436.0,1301.84,87
2023-09-08,Amiens,Magasin,Électroménager,Bouilloire,3,726.04,0.0,2178.12,1176.9,72
2023-09-08,Dunkerque,Magasin,Maison,Canapé 3 places,4,246.23,0.0,984.92,227.52,122
2023-09-08,Roubaix,Magasin,Électroménager,Cafetière,2,392.24,0.0,784.48,429.12,104
2023-09-08,En ligne,E-commerce,Bricolage,Peinture 5L,3,609.0,0.0,1827.0,976.38,156
2023-09-09,Lille,Magasin,Maison,Lampe LED,1,134.22,0.0,134.22,68.28,393
2023-09-09,Dunkerque,Magasin,Sport,Haltères 10kg,3,98.3,0.0,294.9,128.1,256
2023-09-09,Lille,Magasin,Sport,Vélo VTT,3,545.21,0.0,1635.63,703.5,74
2023-09-09,Lille,Magasin,Bricolage,Échelle alu,1,354.67,0.1,319.2,132.93,107
2023-09-09,Amiens,Magasin,Maison,Rideau occultant,4,101.21,0.0,404.84,179.56,322
2023-09-09,Valenciennes,Magasin,Mode,Jean homme,2,272.27,0.0,544.54,184.24,552
2023-09-09,Dunkerque,Magasin,Électroménager,Robot cuiseur,5,249.97,0.0,1249.85,459.6,1
2023-09-09,Dunkerque,Magasin,Sport,Vélo VTT,2,545.21,0.05,1035.9,414.48,60
2023-09-09,Lille,Magasin,Maison,Lampe LED,2,134.22,0.0,268.44,136.56,72
2023-09-09,Valenciennes,Magasin,Électroménager,Aspirateur,1,191.18,0.0,191.18,96.55,65
2023-09-09,Valenciennes,Magasin,Mode,Pull laine,1,884.49,0.0,884.49,496.06,178
2023-09-09,Dunkerque,Magasin,Maison,Lampe LED,1,134.22,0.05,127.51,61.57,193
2023-09-09,Roubaix,Magasin,Maison,Set casseroles,6,706.85,0.0,4241.1,2446.02,136
2023-09-09,Dunkerque,Magasin,Bricolage,Peinture 5L,2,609.0,0.0,1218.0,650.92,107
2023-09-09,En ligne,E-commerce,Maison,Lampe LED,3,134.22,0.0,402.66,204.84,222
2023-09-09,En ligne,E-commerce,Sport,Tapis yoga,1,658.36,0.2,526.69,221.04,384
2023-09-09,Valenciennes,Magasin,Sport,Raquette tennis,4,706.19,0.0,2824.76,1448.16,515
2023-09-09,Dunkerque,Magasin,Sport,Maillot bain,4,350.77,0.0,1403.08,797.2,245
2023-09-09,Lille,Magasin,Mode,Robe été,2,296.52,0.0,593.04,144.92,204
2023-09-09,Lille,Magasin,Sport,Tapis yoga,3,658.36,0.2,1580.06,663.11,589
2023-09-10,Dunkerque,Magasin,Mode,Robe été,5,296.52,0.0,1482.6,362.3,174
2023-09-10,Dunkerque,Magasin,Maison,Canapé 3 places,3,246.23,0.0,738.69,170.64,193
2023-09-10,En ligne,E-commerce,Maison,Couette 220x240,5,224.09,0.2,896.36,227.86,426
2023-09-10,Lille,Magasin,Bricolage,Boîte à outils,5,83.21,0.0,416.05,114.95,2
2023-09-10,Roubaix,Magasin,Électroménager,Cafetière,4,392.24,0.0,1568.96,858.24,379
2023-09-10,Roubaix,Magasin,Mode,Baskets ville,3,460.51,0.0,1381.53,444.15,584
2023-09-10,Roubaix,Magasin,Mode,Jean homme,1,272.27,0.0,272.27,92.12,255
2023-09-10,Dunkerque,Magasin,Électroménager,Aspirateur,3,191.18,0.0,573.54,289.65,275
2023-09-10,Tourcoing,Magasin,Maison,Étagère bois,3,279.59,0.0,838.77,267.36,475
2023-09-10,Tourcoing,Magasin,Sport,Raquette tennis,3,706.19,0.0,2118.57,1086.12,80
2023-09-10,Dunkerque,Magasin,Maison,Rideau occultant,4,101.21,0.0,404.84,179.56,210
2023-09-10,Lille,Magasin,Mode,Robe été,1,296.52,0.0,296.52,72.46,428
2023-09-10,Dunkerque,Magasin,Mode,Pull laine,1,884.49,0.0,884.49,496.06,569
2023-09-10,Amiens,Magasin,Maison,Lampe LED,3,134.22,0.0,402.66,204.84,137
2023-09-10,Dunkerque,Magasin,Bricolage,Boîte à outils,3,83.21,0.1,224.67,44.01,256
2023-09-11,En ligne,E-commerce,Électroménager,Cafetière,1,392.24,0.0,392.24,214.56,340
2023-09-11,Valenciennes,Magasin,Sport,Maillot bain,1,350.77,0.0,350.77,199.3,50
2023-09-11,Lille,Magasin,Bricolage,Échelle alu,5,354.67,0.1,1596.02,664.67,143
2023-09-11,Lille,Magasin,Maison,Lampe LED,6,134.22,0.05,765.05,369.41,124
2023-09-11,Tourcoing,Magasin,Sport,Maillot bain,1,350.77,0.0,350.77,199.3,410
2023-09-11,Valenciennes,Magasin,Maison,Couette 220x240,2,224.09,0.0,448.18,180.78,223
2023-09-11,Amiens,Magasin,Électroménager,Micro-ondes,2,453.16,0.1,815.69,252.49,108
2023-09-11,Roubaix,Magasin,Maison,Set casseroles,1,706.85,0.0,706.85,407.67,48
2023-09-11,Amiens,Magasin,Mode,Robe été,2,296.52,0.0,593.04,144.92,232
2023-09-11,Tourcoing,Magasin,Maison,Lampe LED,1,134.22,0.0,134.22,68.28,431
2023-09-11,Dunkerque,Magasin,Sport,Vélo VTT,3,545.21,0.0,1635.63,703.5,450
2023-09-11,Valenciennes,Magasin,Bricolage,Perceuse,2,105.66,0.2,169.06,1.14,317
2023-09-12,Amiens,Magasin,Sport,Chaussures running,2,569.53,0.0,1139.06,620.4,242
2023-09-12,Amiens,Magasin,Sport,Maillot bain,5,350.77,0.0,1753.85,996.5,404
2023-09-12,Lille,Magasin,Bricolage,Tournevis set,1,636.28,0.0,636.28,320.44,405
2023-09-12,Roubaix,Magasin,Sport,Haltères 10kg,3,98.3,0.05,280.15,113.35,504
2023-09-12,Dunkerque,Magasin,Maison,Lampe LED,1,134.22,0.0,134.22,68.28,55
2023-09-12,Roubaix,Magasin,Sport,Ballon foot,1,100.1,0.0,100.1,57.9,55
2023-09-12,En ligne,E-commerce,Sport,Tapis yoga,2,658.36,0.0,1316.72,705.42,31
2023-09-12,En ligne,E-commerce,Mode,Veste hiver,3,655.99,0.0,1967.97,972.24,400
2023-09-12,Amiens,Magasin,Électroménager,Bouilloire,3,726.04,0.0,2178.12,1176.9,16
2023-09-12,En ligne,E-commerce,Bricolage,Perceuse,3,105.66,0.0,316.98,65.1,477
2023-09-12,Lille,Magasin,Maison,Étagère bois,2,279.59,0.0,559.18,178.24,524
2023-09-12,Amiens,Magasin,Sport,Ballon foot,1,100.1,0.2,80.08,37.88,335
2023-09-12,Roubaix,Magasin,Électroménager,Bouilloire,1,726.04,0.2,580.83,247.09,158
2023-09-12,Amiens,Magasin,Maison,Couette 220x240,3,224.09,0.05,638.66,237.56,127
2023-09-12,Tourcoing,Magasin,Mode,Robe été,3,296.52,0.1,800.6,128.42,496
2023-09-12,Tourcoing,Magasin,Sport,Raquette tennis,4,706.19,0.0,2824.76,1448.16,167
2023-09-13,Tourcoing,Magasin,Sport,Ballon foot,3,100.1,0.0,300.3,173.7,497
2023-09-13,Valenciennes,Magasin,Électroménager,Bouilloire,2,726.04,0.0,1452.08,784.6,114
2023-09-13,Amiens,Magasin,Sport,Haltères 10kg,1,98.3,0.0,98.3,42.7,132
2023-09-13,Lille,Magasin,Mode,Baskets ville,3,460.51,0.1,1243.38,306.0,370
2023-09-13,Lille,Magasin,Maison,Couette 220x240,2,224.09,0.2,358.54,91.14,25
2023-09-13,Roubaix,Magasin,Électroménager,Robot cuiseur,1,249.97,0.0,249.97,91.92,152
2023-09-13,Roubaix,Magasin,Maison,Couette 220x240,2,224.09,0.0,448.18,180.78,34
2023-09-13,Roubaix,Magasin,Électroménager,Aspirateur,1,191.18,0.0,191.18,96.55,81
2023-09-13,Tourcoing,Magasin,Bricolage,Perceuse,1,105.66,0.0,105.66,21.7,395
2023-09-13,Lille,Magasin,Mode,Veste hiver,4,655.99,0.0,2623.96,1296.32,288
2023-09-13,Roubaix,Magasin,Mode,Jean homme,5,272.27,0.0,1361.35,460.6,384
2023-09-13,Amiens,Magasin,Sport,Chaussures running,1,569.53,0.0,569.53,310.2,146
2023-09-13,Lille,Magasin,Sport,Vélo VTT,3,545.21,0.0,1635.63,703.5,138
2023-09-13,En ligne,E-commerce,Sport,Haltères 10kg,5,98.3,0.0,491.5,213.5,13
2023-09-13,Dunkerque,Magasin,Maison,Étagère bois,4,279.59,0.05,1062.44,300.56,76
2023-09-13,Dunkerque,Magasin,Électroménager,Robot cuiseur,2,249.97,0.0,499.94,183.84,227
2023-09-13,Lille,Magasin,Mode,Jean homme,5,272.27,0.0,1361.35,460.6,398
2023-09-13,Lille,Magasin,Électroménager,Robot cuiseur,2,249.97,0.0,499.94,183.84,532
2023-09-13,Lille,Magasin,Maison,Couette 220x240,4,224.09,0.0,896.36,361.56,433
2023-09-13,En ligne,E-commerce,Sport,Tapis yoga,2,658.36,0.2,1053.38,442.08,472
2023-09-13,En ligne,E-commerce,Maison,Set casseroles,3,706.85,0.0,2120.55,1223.01,201
2023-09-14,En ligne,E-commerce,Maison,Set casseroles,2,706.85,0.0,1413.7,815.34,145
2023-09-14,Amiens,Magasin,Bricolage,Perceuse,3,105.66,0.1,285.28,33.4,221
2023-09-14,Tourcoing,Magasin,Maison,Canapé 3 places,5,246.23,0.0,1231.15,284.4,414
2023-09-14,Lille,Magasin,Sport,Vélo VTT,1,545.21,0.0,545.21,234.5,69
2023-09-14,Roubaix,Magasin,Sport,Ballon foot,1,100.1,0.0,100.1,57.9,429
2023-09-14,Roubaix,Magasin,Sport,Tapis yoga,3,658.36,0.05,1876.33,959.38,514
2023-09-14,Amiens,Magasin,Sport,Ballon foot,2,100.1,0.0,200.2,115.8,426
2023-09-14,Lille,Magasin,Électroménager,Aspirateur,2,191.18,0.0,382.36,193.1,539
2023-09-14,Lille,Magasin,Sport,Haltères 10kg,1,98.3,0.0,98.3,42.7,192
2023-09-14,Valenciennes,Magasin,Mode,Jean homme,6,272.27,0.0,1633.62,552.72,507
2023-09-14,En ligne,E-commerce,Bricolage,Échelle alu,1,354.67,0.0,354.67,168.4,163
2023-09-14,Lille,Magasin,Maison,Lampe LED,4,134.22,0.0,536.88,273.12,264
2023-09-14,Lille,Magasin,Électroménager,Réfrigérateur,2,387.37,0.0,774.74,225.56,237
2023-09-14,Lille,Magasin,Sport,Raquette tennis,4,706.19,0.05,2683.52,1306.92,141
2023-09-14,Lille,Magasin,Électroménager,Micro-ondes,2,453.16,0.05,861.0,297.8,450
2023-09-14,Lille,Magasin,Électroménager,Cafetière,1,392.24,0.0,392.24,214.56,387
2023-09-14,Lille,Magasin,Mode,Veste hiver,1,655.99,0.1,590.39,258.48,262
2023-09-14,Lille,Magasin,Mode,Jean homme,3,272.27,0.0,816.81,276.36,435
2023-09-15,Amiens,Magasin,Bricolage,Boîte à outils,2,83.21,0.0,166.42,45.98,413
2023-09-15,Tourcoing,Magasin,Maison,Rideau occultant,3,101.21,0.05,288.45,119.49,26
2023-09-15,Tourcoing,Magasin,Maison,Set casseroles,1,706.85,0.0,706.85,407.67,472
2023-09-15,En ligne,E-commerce,Électroménager,Cafetière,3,392.24,0.2,941.38,408.34,199
2023-09-15,Valenciennes,Magasin,Mode,Baskets ville,3,460.51,0.0,1381.53,444.15,237
2023-09-15,Roubaix,Magasin,Bricolage,Échelle alu,3,354.67,0.1,957.61,398.8,489
2023-09-15,Valenciennes,Magasin,Maison,Rideau occultant,4,101.21,0.05,384.6,159.32,219
2023-09-15,En ligne,E-commerce,Bricolage,Boîte à outils,2,83.21,0.0,166.42,45.98,220
2023-09-15,Valenciennes,Magasin,Bricolage,Peinture 5L,2,609.0,0.0,1218.0,650.92,572
2023-09-15,En ligne,E-commerce,Sport,Chaussures running,3,569.53,0.0,1708.59,930.6,278
2023-09-15,Lille,Magasin,Bricolage,Tournevis set,3,636.28,0.05,1813.4,865.88,30
2023-09-15,Tourcoing,Magasin,Maison,Couette 220x240,2,224.09,0.0,448.18,180.78,338
2023-09-15,Dunkerque,Magasin,Maison,Canapé 3 places,4,246.23,0.0,984.92,227.52,150
2023-09-15,Lille,Magasin,Mode,T-shirt coton,2,504.67,0.0,1009.34,400.46,470
2023-09-15,En ligne,E-commerce,Sport,Maillot bain,3,350.77,0.0,1052.31,597.9,491
2023-09-15,Lille,Magasin,Bricolage,Échelle alu,2,354.67,0.0,709.34,336.8,438
2023-09-15,Lille,Magasin,Mode,T-shirt coton,2,504.67,0.2,807.47,198.59,428
2023-09-15,Tourcoing,Magasin,Électroménager,Cafetière,4,392.24,0.0,1568.96,858.24,110
2023-09-16,Roubaix,Magasin,Sport,Tapis yoga,2,658.36,0.0,1316.72,705.42,50
2023-09-16,Roubaix,Magasin,Maison,Lampe LED,2,134.22,0.0,268.44,136.56,530
2023-09-16,Amiens,Magasin,Sport,Raquette tennis,4,706.19,0.0,2824.76,1448.16,21
2023-09-16,Amiens,Magasin,Bricolage,Tournevis set,3,636.28,0.0,1908.84,961.32,141
2023-09-16,Roubaix,Magasin,Sport,Maillot bain,3,350.77,0.1,947.08,492.67,139
2023-09-16,Dunkerque,Magasin,Bricolage,Boîte à outils,2,83.21,0.0,166.42,45.98,436
2023-09-16,Lille,Magasin,Maison,Set casseroles,2,706.85,0.0,1413.7,815.34,293
2023-09-16,Tourcoing,Magasin,Sport,Vélo VTT,3,545.21,0.0,1635.63,703.5,82
2023-09-16,Dunkerque,Magasin,Sport,Tapis yoga,3,658.36,0.0,1975.08,1058.13,521
2023-09-16,Dunkerque,Magasin,Électroménager,Cafetière,4,392.24,0.0,1568.96,858.24,499
2023-09-16,Amiens,Magasin,Sport,Ballon foot,1,100.1,0.0,100.1,57.9,568
2023-09-16,Roubaix,Magasin,Bricolage,Perceuse,1,105.66,0.0,105.66,21.7,332
2023-09-16,Tourcoing,Magasin,Sport,Tapis yoga,1,658.36,0.1,592.52,286.87,422
2023-09-17,Roubaix,Magasin,Maison,Set casseroles,4,706.85,0.0,2827.4,1630.68,104
2023-09-17,Lille,Magasin,Bricolage,Perceuse,2,105.66,0.0,211.32,43.4,20
2023-09-17,Roubaix,Magasin,Sport,Raquette tennis,2,706.19,0.0,1412.38,724.08,551
2023-09-17,Lille,Magasin,Électroménager,Micro-ondes,4,453.16,0.1,1631.38,504.98,263
2023-09-17,En ligne,E-commerce,Électroménager,Micro-ondes,4,453.16,0.0,1812.64,686.24,557
2023-09-17,Tourcoing,Magasin,Mode,Veste hiver,1,655.99,0.0,655.99,324.08,482
2023-09-17,Roubaix,Magasin,Mode,Jean homme,2,272.27,0.0,544.54,184.24,305
2023-09-17,Dunkerque,Magasin,Électroménager,Robot cuiseur,5,249.97,0.0,1249.85,459.6,329
2023-09-17,Lille,Magasin,Électroménager,Bouilloire,1,726.04,0.2,580.83,247.09,90
2023-09-17,Roubaix,Magasin,Sport,Maillot bain,1,350.77,0.0,350.77,199.3,458
2023-09-17,Dunkerque,Magasin,Sport,Maillot bain,4,350.77,0.0,1403.08,797.2,431
2023-09-17,Lille,Magasin,Mode,Veste hiver,3,655.99,0.0,1967.97,972.24,421
2023-09-17,Lille,Magasin,Électroménager,Micro-ondes,4,453.16,0.0,1812.64,686.24,383
2023-09-17,Dunkerque,Magasin,Maison,Lampe LED,3,134.22,0.0,402.66,204.84,403
2023-09-17,Lille,Magasin,Sport,Maillot bain,2,350.77,0.0,701.54,398.6,391
2023-09-17,Valenciennes,Magasin,Bricolage,Boîte à outils,2,83.21,0.0,166.42,45.98,426
2023-09-18,Dunkerque,Magasin,Mode,Pull laine,1,884.49,0.0,884.49,496.06,364
2023-09-18,Lille,Magasin,Maison,Set casseroles,5,706.85,0.0,3534.25,2038.35,393
2023-09-18,Amiens,Magasin,Sport,Maillot bain,1,350.77,0.0,350.77,199.3,553
2023-09-18,Roubaix,Magasin,Sport,Haltères 10kg,2,98.3,0.0,196.6,85.4,69
2023-09-18,Tourcoing,Magasin,Électroménager,Réfrigérateur,2,387.37,0.0,774.74,225.56,201
2023-09-18,Tourcoing,Magasin,Électroménager,Bouilloire,1,726.04,0.0,726.04,392.3,385
2023-09-18,Dunkerque,Magasin,Électroménager,Micro-ondes,5,453.16,0.1,2039.22,631.22,526
2023-09-18,En ligne,E-commerce,Sport,Vélo VTT,1,545.21,0.0,545.21,234.5,400
2023-09-18,Tourcoing,Magasin,Maison,Canapé 3 places,3,246.23,0.2,590.95,22.9,539
2023-09-18,Dunkerque,Magasin,Bricolage,Échelle alu,2,354.67,0.0,709.34,336.8,276
2023-09-18,Dunkerque,Magasin,Sport,Vélo VTT,3,545.21,0.0,1635.63,703.5,539
2023-09-18,Lille,Magasin,Sport,Ballon foot,2,100.1,0.05,190.19,105.79,564
2023-09-18,Roubaix,Magasin,Sport,Chaussures running,3,569.53,0.0,1708.59,930.6,380
2023-09-18,En ligne,E-commerce,Sport,Tapis yoga,2,658.36,0.0,1316.72,705.42,104
2023-09-18,Roubaix,Magasin,Bricolage,Échelle alu,3,354.67,0.0,1064.01,505.2,434
2023-09-18,En ligne,E-commerce,Sport,Tapis yoga,2,658.36,0.05,1250.88,639.58,558
2023-09-18,Tourcoing,Magasin,Mode,Baskets ville,1,460.51,0.05,437.48,125.02,28
2023-09-18,Dunkerque,Magasin,Mode,Veste hiver,4,655.99,0.2,2099.17,771.53,301
2023-09-18,Roubaix,Magasin,Mode,Baskets ville,3,460.51,0.0,1381.53,444.15,484
2023-09-18,Amiens,Magasin,Bricolage,Échelle alu,4,354.67,0.0,1418.68,673.6,570
2023-09-18,Lille,Magasin,Mode,Jean homme,3,272.27,0.0,816.81,276.36,78
2023-09-18,En ligne,E-commerce,Électroménager,Aspirateur,5,191.18,0.0,955.9,482.75,410
2023-09-19,Amiens,Magasin,Bricolage,Boîte à outils,2,83.21,0.0,166.42,45.98,552
2023-09-19,Lille,Magasin,Maison,Étagère bois,2,279.59,0.0,559.18,178.24,249
2023-09-19,Tourcoing,Magasin,Bricolage,Boîte à outils,3,83.21,0.0,249.63,68.97,522
2023-09-19,Roubaix,Magasin,Sport,Tapis yoga,2,658.36,0.0,1316.72,705.42,330
2023-09-19,Tourcoing,Magasin,Électroménager,Robot cuiseur,2,249.97,0.0,499.94,183.84,270
2023-09-19,Amiens,Magasin,Bricolage,Tournevis set,4,636.28,0.0,2545.12,1281.76,181
2023-09-19,Tourcoing,Magasin,Sport,Haltères 10kg,1,98.3,0.0,98.3,42.7,560
2023-09-19,Roubaix,Magasin,Électroménager,Réfrigérateur,3,387.37,0.0,1162.11,338.34,21
2023-09-19,Dunkerque,Magasin,Électroménager,Aspirateur,5,191.18,0.0,955.9,482.75,48
2023-09-19,Roubaix,Magasin,Mode,T-shirt coton,1,504.67,0.0,504.67,200.23,576
2023-09-19,Tourcoing,Magasin,Électroménager,Micro-ondes,3,453.16,0.0,1359.48,514.68,306
2023-09-19,Lille,Magasin,Sport,Tapis yoga,5,658.36,0.0,3291.8,1763.55,457
2023-09-19,Dunkerque,Magasin,Mode,Veste hiver,1,655.99,0.0,655.99,324.08,191
2023-09-19,Lille,Magasin,Électroménager,Réfrigérateur,4,387.37,0.0,1549.48,451.12,522
2023-09-19,Roubaix,Magasin,Maison,Set casseroles,2,706.85,0.0,1413.7,815.34,390
2023-09-20,Valenciennes,Magasin,Mode,T-shirt coton,3,504.67,0.0,1514.01,600.69,131
2023-09-20,Lille,Magasin,Maison,Canapé 3 places,4,246.23,0.0,984.92,227.52,564
2023-09-20,Amiens,Magasin,Maison,Rideau occultant,2,101.21,0.05,192.3,79.66,420
2023-09-20,Tourcoing,Magasin,Électroménager,Bouilloire,1,726.04,0.0,726.04,392.3,121
2023-09-20,Dunkerque,Magasin,Mode,Baskets ville,2,460.51,0.0,921.02,296.1,154
2023-09-20,Valenciennes,Magasin,Maison,Rideau occultant,3,101.21,0.0,303.63,134.67,450
2023-09-20,Tourcoing,Magasin,Maison,Étagère bois,2,279.59,0.05,531.22,150.28,454
2023-09-20,Roubaix,Magasin,Mode,Robe été,2,296.52,0.0,593.04,144.92,235
2023-09-20,Dunkerque,Magasin,Maison,Rideau occultant,3,101.21,0.0,303.63,134.67,432
2023-09-20,En ligne,E-commerce,Mode,Jean homme,3,272.27,0.0,816.81,276.36,256
2023-09-20,Roubaix,Magasin,Bricolage,Tournevis set,1,636.28,0.05,604.47,288.63,249
2023-09-20,Amiens,Magasin,Électroménager,Cafetière,4,392.24,0.2,1255.17,544.45,301
2023-09-20,Dunkerque,Magasin,Mode,Baskets ville,3,460.51,0.1,1243.38,306.0,478
2023-09-20,Amiens,Magasin,Électroménager,Aspirateur,5,191.18,0.0,955.9,482.75,440
2023-09-20,En ligne,E-commerce,Bricolage,Tournevis set,3,636.28,0.0,1908.84,961.32,297
2023-09-20,Amiens,Magasin,Mode,Jean homme,1,272.27,0.0,272.27,92.12,166
2023-09-20,Tourcoing,Magasin,Sport,Chaussures running,4,569.53,0.0,2278.12,1240.8,129
2023-09-20,Dunkerque,Magasin,Électroménager,Aspirateur,1,191.18,0.0,191.18,96.55,98
2023-09-20,Dunkerque,Magasin,Mode,T-shirt coton,1,504.67,0.05,479.44,175.0,196
2023-09-21,En ligne,E-commerce,Maison,Canapé 3 places,1,246.23,0.0,246.23,56.88,505
2023-09-21,Roubaix,Magasin,Sport,Raquette tennis,3,706.19,0.05,2012.64,980.19,338
2023-09-21,Tourcoing,Magasin,Bricolage,Boîte à outils,2,83.21,0.0,166.42,45.98,478
2023-09-21,Dunkerque,Magasin,Bricolage,Échelle alu,3,354.67,0.05,1010.81,452.0,265
2023-09-21,En ligne,E-commerce,Mode,Pull laine,3,884.49,0.0,2653.47,1488.18,403
2023-09-21,Roubaix,Magasin,Maison,Couette 220x240,3,224.09,0.0,672.27,271.17,139
2023-09-21,Roubaix,Magasin,Maison,Étagère bois,5,279.59,0.0,1397.95,445.6,396
2023-09-21,Amiens,Magasin,Maison,Étagère bois,3,279.59,0.0,838.77,267.36,71
2023-09-21,En ligne,E-commerce,Bricolage,Échelle alu,3,354.67,0.0,1064.01,505.2,167
2023-09-21,Roubaix,Magasin,Maison,Lampe LED,1,134.22,0.0,134.22,68.28,2
2023-09-21,Tourcoing,Magasin,Maison,Canapé 3 places,1,246.23,0.2,196.98,7.63,43
2023-09-22,Lille,Magasin,Sport,Tapis yoga,4,658.36,0.0,2633.44,1410.84,6
2023-09-22,Dunkerque,Magasin,Sport,Maillot bain,1,350.77,0.0,350.77,199.3,56
2023-09-22,Amiens,Magasin,Mode,Veste hiver,1,655.99,0.0,655.99,324.08,383
2023-09-22,Lille,Magasin,Électroménager,Réfrigérateur,4,387.37,0.0,1549.48,451.12,34
2023-09-22,Tourcoing,Magasin,Bricolage,Boîte à outils,5,83.21,0.0,416.05,114.95,451
2023-09-22,Lille,Magasin,Sport,Maillot bain,1,350.77,0.0,350.77,199.3,11
2023-09-22,Dunkerque,Magasin,Bricolage,Perceuse,3,105.66,0.0,316.98,65.1,298
2023-09-22,Lille,Magasin,Électroménager,Micro-ondes,2,453.16,0.0,906.32,343.12,29
2023-09-22,Roubaix,Magasin,Bricolage,Peinture 5L,1,609.0,0.0,609.0,325.46,63
2023-09-22,Tourcoing,Magasin,Mode,Baskets ville,3,460.51,0.05,1312.45,375.07,316
2023-09-22,Lille,Magasin,Sport,Haltères 10kg,4,98.3,0.0,393.2,170.8,33
2023-09-22,En ligne,E-commerce,Sport,Haltères 10kg,5,98.3,0.0,491.5,213.5,502
2023-09-22,En ligne,E-commerce,Maison,Set casseroles,5,706.85,0.0,3534.25,2038.35,186
2023-09-22,Dunkerque,Magasin,Mode,T-shirt coton,3,504.67,0.0,1514.01,600.69,437
2023-09-22,Roubaix,Magasin,Maison,Lampe LED,2,134.22,0.0,268.44,136.56,521
2023-09-22,Amiens,Magasin,Mode,T-shirt coton,1,504.67,0.0,504.67,200.23,209
2023-09-23,Amiens,Magasin,Maison,Couette 220x240,1,224.09,0.05,212.89,79.19,492
2023-09-23,Roubaix,Magasin,Électroménager,Robot cuiseur,6,249.97,0.0,1499.82,551.52,45
2023-09-23,Lille,Magasin,Bricolage,Tournevis set,1,636.28,0.0,636.28,320.44,10
2023-09-23,Valenciennes,Magasin,Sport,Chaussures running,2,569.53,0.0,1139.06,620.4,438
2023-09-23,Lille,Magasin,Mode,Pull laine,4,884.49,0.05,3361.06,1807.34,93
2023-09-23,Roubaix,Magasin,Maison,Lampe LED,1,134.22,0.0,134.22,68.28,211
2023-09-23,Tourcoing,Magasin,Électroménager,Cafetière,1,392.24,0.0,392.24,214.56,228
2023-09-23,Tourcoing,Magasin,Électroménager,Robot cuiseur,4,249.97,0.0,999.88,367.68,387
2023-09-23,Roubaix,Magasin,Mode,Baskets ville,2,460.51,0.0,921.02,296.1,533
2023-09-23,Lille,Magasin,Mode,Robe été,4,296.52,0.0,1186.08,289.84,600
2023-09-23,Lille,Magasin,Maison,Couette 220x240,2,224.09,0.0,448.18,180.78,360
2023-09-23,Dunkerque,Magasin,Électroménager,Micro-ondes,4,453.16,0.0,1812.64,686.24,461
2023-09-24,Lille,Magasin,Électroménager,Bouilloire,2,726.04,0.0,1452.08,784.6,351
2023-09-24,Lille,Magasin,Mode,Pull laine,3,884.49,0.0,2653.47,1488.18,565
2023-09-24,Roubaix,Magasin,Sport,Vélo VTT,1,545.21,0.0,545.21,234.5,435
2023-09-24,Roubaix,Magasin,Maison,Étagère bois,2,279.59,0.0,559.18,178.24,41
2023-09-24,Roubaix,Magasin,Bricolage,Tournevis set,2,636.28,0.05,1208.93,577.25,539
2023-09-24,Dunkerque,Magasin,Maison,Lampe LED,2,134.22,0.0,268.44,136.56,101
2023-09-24,Lille,Magasin,Bricolage,Boîte à outils,1,83.21,0.1,74.89,14.67,366
2023-09-24,Tourcoing,Magasin,Électroménager,Aspirateur,1,191.18,0.0,191.18,96.55,453
2023-09-24,Dunkerque,Magasin,Sport,Tapis yoga,1,658.36,0.0,658.36,352.71,285
2023-09-24,Roubaix,Magasin,Sport,Raquette tennis,2,706.19,0.0,1412.38,724.08,558
2023-09-24,Lille,Magasin,Sport,Haltères 10kg,3,98.3,0.0,294.9,128.1,190
2023-09-24,Roubaix,Magasin,Électroménager,Micro-ondes,4,453.16,0.0,1812.64,686.24,536
2023-09-24,Roubaix,Magasin,Électroménager,Réfrigérateur,3,387.37,0.0,1162.11,338.34,366
2023-09-24,Tourcoing,Magasin,Électroménager,Cafetière,3,392.24,0.0,1176.72,643.68,332
2023-09-24,En ligne,E-commerce,Maison,Set casseroles,2,706.85,0.0,1413.7,815.34,278
2023-09-25,Tourcoing,Magasin,Sport,Vélo VTT,4,545.21,0.05,2071.8,828.96,143
2023-09-25,Amiens,Magasin,Bricolage,Peinture 5L,3,609.0,0.0,1827.0,976.38,368
2023-09-25,Valenciennes,Magasin,Électroménager,Cafetière,2,392.24,0.0,784.48,429.12,1
2023-09-25,Lille,Magasin,Sport,Ballon foot,4,100.1,0.0,400.4,231.6,542
2023-09-25,Lille,Magasin,Maison,Rideau occultant,1,101.21,0.2,80.97,24.65,523
2023-09-25,Lille,Magasin,Mode,Veste hiver,2,655.99,0.0,1311.98,648.16,74
2023-09-25,En ligne,E-commerce,Électroménager,Cafetière,5,392.24,0.0,1961.2,1072.8,510
2023-09-25,Dunkerque,Magasin,Mode,Pull laine,3,884.49,0.0,2653.47,1488.18,302
2023-09-25,Dunkerque,Magasin,Électroménager,Robot cuiseur,2,249.97,0.0,499.94,183.84,292
2023-09-25,Lille,Magasin,Mode,T-shirt coton,3,504.67,0.0,1514.01,600.69,15
2023-09-25,Lille,Magasin,Mode,T-shirt coton,1,504.67,0.0,504.67,200.23,324
2023-09-25,Tourcoing,Magasin,Bricolage,Échelle alu,1,354.67,0.0,354.67,168.4,124
2023-09-25,En ligne,E-commerce,Électroménager,Cafetière,3,392.24,0.0,1176.72,643.68,378
2023-09-25,Lille,Magasin,Sport,Haltères 10kg,4,98.3,0.05,373.54,151.14,403
2023-09-25,Dunkerque,Magasin,Mode,Robe été,1,296.52,0.1,266.87,42.81,96
2023-09-25,Lille,Magasin,Électroménager,Aspirateur,5,191.18,0.0,955.9,482.75,503
2023-09-25,Dunkerque,Magasin,Bricolage,Échelle alu,1,354.67,0.0,354.67,168.4,226
2023-09-26,Dunkerque,Magasin,Électroménager,Robot cuiseur,5,249.97,0.0,1249.85,459.6,174
2023-09-26,Roubaix,Magasin,Mode,Robe été,4,296.52,0.2,948.86,52.62,534
2023-09-26,Amiens,Magasin,Mode,Veste hiver,3,655.99,0.0,1967.97,972.24,428
2023-09-26,Valenciennes,Magasin,Électroménager,Micro-ondes,4,453.16,0.0,1812.64,686.24,459
2023-09-26,Valenciennes,Magasin,Électroménager,Cafetière,1,392.24,0.1,353.02,175.34,194
2023-09-26,En ligne,E-commerce,Électroménager,Robot cuiseur,5,249.97,0.0,1249.85,459.6,295
2023-09-26,Dunkerque,Magasin,Mode,Robe été,3,296.52,0.0,889.56,217.38,331
2023-09-26,En ligne,E-commerce,Mode,Jean homme,2,272.27,0.1,490.09,129.79,20
2023-09-26,Roubaix,Magasin,Mode,Pull laine,1,884.49,0.0,884.49,496.06,589
2023-09-26,Dunkerque,Magasin,Bricolage,Peinture 5L,3,609.0,0.0,1827.0,976.38,533
2023-09-26,Dunkerque,Magasin,Électroménager,Réfrigérateur,2,387.37,0.0,774.74,225.56,556
2023-09-26,Valenciennes,Magasin,Maison,Lampe LED,1,134.22,0.0,134.22,68.28,41
2023-09-26,Lille,Magasin,Maison,Set casseroles,1,706.85,0.1,636.17,336.99,6
2023-09-26,Tourcoing,Magasin,Sport,Raquette tennis,4,706.19,0.0,2824.76,1448.16,277
2023-09-26,Valenciennes,Magasin,Bricolage,Boîte à outils,5,83.21,0.0,416.05,114.95,464
2023-09-26,Lille,Magasin,Mode,T-shirt coton,3,504.67,0.0,1514.01,600.69,536
2023-09-26,Valenciennes,Magasin,Sport,Haltères 10kg,2,98.3,0.1,176.94,65.74,273
2023-09-27,Lille,Magasin,Sport,Maillot bain,2,350.77,0.2,561.23,258.29,547
2023-09-27,Dunkerque,Magasin,Bricolage,Boîte à outils,2,83.21,0.0,166.42,45.98,403
2023-09-27,Lille,Magasin,Sport,Haltères 10kg,2,98.3,0.0,196.6,85.4,491
2023-09-27,Lille,Magasin,Mode,Veste hiver,5,655.99,0.05,3115.95,1456.4,433
2023-09-27,Dunkerque,Magasin,Maison,Lampe LED,4,134.22,0.0,536.88,273.12,573
2023-09-27,Lille,Magasin,Électroménager,Robot cuiseur,3,249.97,0.0,749.91,275.76,121
2023-09-27,Dunkerque,Magasin,Sport,Tapis yoga,3,658.36,0.0,1975.08,1058.13,304
2023-09-27,En ligne,E-commerce,Électroménager,Cafetière,4,392.24,0.1,1412.06,701.34,417
2023-09-27,Dunkerque,Magasin,Sport,Tapis yoga,2,658.36,0.0,1316.72,705.42,121
2023-09-27,Lille,Magasin,Électroménager,Micro-ondes,3,453.16,0.0,1359.48,514.68,312
2023-09-27,Amiens,Magasin,Électroménager,Cafetière,1,392.24,0.0,392.24,214.56,377
2023-09-27,Roubaix,Magasin,Bricolage,Échelle alu,5,354.67,0.0,1773.35,842.0,328
2023-09-27,Amiens,Magasin,Maison,Set casseroles,1,706.85,0.0,706.85,407.67,126
2023-09-28,Amiens,Magasin,Électroménager,Robot cuiseur,1,249.97,0.0,249.97,91.92,109
2023-09-28,Roubaix,Magasin,Bricolage,Tournevis set,1,636.28,0.0,636.28,320.44,552
2023-09-28,Amiens,Magasin,Électroménager,Réfrigérateur,1,387.37,0.0,387.37,112.78,475
2023-09-28,En ligne,E-commerce,Sport,Vélo VTT,3,545.21,0.0,1635.63,703.5,420
2023-09-28,En ligne,E-commerce,Sport,Raquette tennis,1,706.19,0.05,670.88,326.73,28
2023-09-28,Tourcoing,Magasin,Sport,Raquette tennis,4,706.19,0.0,2824.76,1448.16,503
2023-09-28,Dunkerque,Magasin,Sport,Vélo VTT,1,545.21,0.0,545.21,234.5,218
2023-09-28,Tourcoing,Magasin,Maison,Canapé 3 places,2,246.23,0.1,443.21,64.51,391
2023-09-28,Dunkerque,Magasin,Maison,Set casseroles,5,706.85,0.0,3534.25,2038.35,141
2023-09-28,Lille,Magasin,Mode,T-shirt coton,3,504.67,0.0,1514.01,600.69,352
2023-09-28,Lille,Magasin,Électroménager,Micro-ondes,2,453.16,0.1,815.69,252.49,291
2023-09-28,Amiens,Magasin,Électroménager,Réfrigérateur,5,387.37,0.0,1936.85,563.9,154
2023-09-28,Amiens,Magasin,Électroménager,Réfrigérateur,4,387.37,0.0,1549.48,451.12,198
2023-09-28,Amiens,Magasin,Électroménager,Réfrigérateur,2,387.37,0.05,736.0,186.82,172
2023-09-28,Amiens,Magasin,Bricolage,Boîte à outils,4,83.21,0.0,332.84,91.96,213
2023-09-28,Amiens,Magasin,Électroménager,Bouilloire,3,726.04,0.0,2178.12,1176.9,370
2023-09-28,En ligne,E-commerce,Maison,Couette 220x240,3,224.09,0.05,638.66,237.56,26
2023-09-28,Valenciennes,Magasin,Mode,Jean homme,5,272.27,0.0,1361.35,460.6,469
2023-09-28,Dunkerque,Magasin,Mode,T-shirt coton,2,504.67,0.0,1009.34,400.46,328
2023-09-28,Lille,Magasin,Bricolage,Tournevis set,2,636.28,0.0,1272.56,640.88,351
2023-09-28,Valenciennes,Magasin,Bricolage,Perceuse,3,105.66,0.0,316.98,65.1,252
2023-09-28,Dunkerque,Magasin,Sport,Raquette tennis,3,706.19,0.0,2118.57,1086.12,101
2023-09-29,Lille,Magasin,Maison,Set casseroles,2,706.85,0.0,1413.7,815.34,423
2023-09-29,Dunkerque,Magasin,Mode,Baskets ville,3,460.51,0.0,1381.53,444.15,594
2023-09-29,Amiens,Magasin,Bricolage,Boîte à outils,5,83.21,0.0,416.05,114.95,379
2023-09-29,Tourcoing,Magasin,Sport,Raquette tennis,3,706.19,0.0,2118.57,1086.12,443
2023-09-29,Roubaix,Magasin,Maison,Lampe LED,5,134.22,0.0,671.1,341.4,588
2023-09-29,Amiens,Magasin,Maison,Rideau occultant,3,101.21,0.0,303.63,134.67,293
2023-09-29,Valenciennes,Magasin,Mode,Veste hiver,2,655.99,0.0,1311.98,648.16,109
2023-09-29,Lille,Magasin,Mode,Baskets ville,4,460.51,0.0,1842.04,592.2,112
2023-09-29,Lille,Magasin,Mode,Veste hiver,1,655.99,0.0,655.99,324.08,82
2023-09-29,Lille,Magasin,Électroménager,Cafetière,3,392.24,0.0,1176.72,643.68,38
2023-09-29,Amiens,Magasin,Maison,Canapé 3 places,1,246.23,0.0,246.23,56.88,89
2023-09-29,Dunkerque,Magasin,Sport,Maillot bain,3,350.77,0.0,1052.31,597.9,213
2023-09-29,En ligne,E-commerce,Bricolage,Boîte à outils,4,83.21,0.0,332.84,91.96,122
2023-09-30,Amiens,Magasin,Électroménager,Robot cuiseur,2,249.97,0.0,499.94,183.84,403
2023-09-30,Roubaix,Magasin,Mode,Robe été,1,296.52,0.0,296.52,72.46,582
2023-09-30,En ligne,E-commerce,Électroménager,Réfrigérateur,1,387.37,0.0,387.37,112.78,18
2023-09-30,En ligne,E-commerce,Électroménager,Aspirateur,3,191.18,0.0,573.54,289.65,562
2023-09-30,Tourcoing,Magasin,Électroménager,Cafetière,4,392.24,0.0,1568.96,858.24,506
2023-09-30,Valenciennes,Magasin,Bricolage,Peinture 5L,2,609.0,0.0,1218.0,650.92,576
2023-09-30,Roubaix,Magasin,Maison,Rideau occultant,1,101.21,0.0,101.21,44.89,105
2023-09-30,Lille,Magasin,Bricolage,Échelle alu,5,354.67,0.2,1418.68,487.33,47
2023-09-30,Roubaix,Magasin,Sport,Haltères 10kg,4,98.3,0.0,393.2,170.8,440
2023-09-30,Lille,Magasin,Mode,Robe été,1,296.52,0.0,296.52,72.46,455
2023-09-30,Dunkerque,Magasin,Électroménager,Cafetière,1,392.24,0.0,392.24,214.56,386
2023-09-30,Lille,Magasin,Sport,Haltères 10kg,5,98.3,0.0,491.5,213.5,451
2023-09-30,Dunkerque,Magasin,Maison,Canapé 3 places,1,246.23,0.0,246.23,56.88,150
2023-09-30,Dunkerque,Magasin,Sport,Maillot bain,4,350.77,0.0,1403.08,797.2,527
2023-10-01,Valenciennes,Magasin,Mode,Pull laine,4,884.49,0.0,3537.96,1984.24,317
2023-10-01,Lille,Magasin,Maison,Canapé 3 places,2,246.23,0.0,492.46,113.76,226
2023-10-01,Tourcoing,Magasin,Maison,Étagère bois,3,279.59,0.0,838.77,267.36,356
2023-10-01,Lille,Magasin,Électroménager,Réfrigérateur,2,387.37,0.0,774.74,225.56,480
2023-10-01,Lille,Magasin,Maison,Set casseroles,3,706.85,0.0,2120.55,1223.01,250
2023-10-01,Lille,Magasin,Électroménager,Aspirateur,2,191.18,0.0,382.36,193.1,581
2023-10-01,Roubaix,Magasin,Mode,Pull laine,2,884.49,0.05,1680.53,903.67,502
2023-10-01,Lille,Magasin,Bricolage,Tournevis set,5,636.28,0.0,3181.4,1602.2,517
2023-10-01,En ligne,E-commerce,Mode,Jean homme,3,272.27,0.0,816.81,276.36,448
2023-10-01,Amiens,Magasin,Mode,Baskets ville,4,460.51,0.0,1842.04,592.2,578
2023-10-01,Lille,Magasin,Bricolage,Boîte à outils,1,83.21,0.0,83.21,22.99,553
2023-10-01,Dunkerque,Magasin,Mode,Pull laine,1,884.49,0.0,884.49,496.06,429
2023-10-01,Valenciennes,Magasin,Bricolage,Boîte à outils,4,83.21,0.0,332.84,91.96,560
2023-10-01,Valenciennes,Magasin,Bricolage,Peinture 5L,2,609.0,0.0,1218.0,650.92,49
2023-10-01,Amiens,Magasin,Maison,Étagère bois,1,279.59,0.0,279.59,89.12,224
2023-10-01,Lille,Magasin,Sport,Chaussures running,2,569.53,0.05,1082.11,563.45,394
2023-10-02,Dunkerque,Magasin,Électroménager,Cafetière,4,392.24,0.05,1490.51,779.79,545
2023-10-02,Lille,Magasin,Mode,Jean homme,3,272.27,0.0,816.81,276.36,359
2023-10-02,En ligne,E-commerce,Bricolage,Boîte à outils,3,83.21,0.05,237.15,56.49,206
2023-10-02,Amiens,Magasin,Sport,Haltères 10kg,2,98.3,0.0,196.6,85.4,312
2023-10-02,Roubaix,Magasin,Mode,Veste hiver,3,655.99,0.0,1967.97,972.24,555
2023-10-02,Dunkerque,Magasin,Sport,Haltères 10kg,2,98.3,0.0,196.6,85.4,244
2023-10-02,Valenciennes,Magasin,Maison,Étagère bois,5,279.59,0.05,1328.05,375.7,174
2023-10-02,Dunkerque,Magasin,Électroménager,Réfrigérateur,4,387.37,0.0,1549.48,451.12,147
2023-10-02,En ligne,E-commerce,Électroménager,Réfrigérateur,3,387.37,0.0,1162.11,338.34,442
2023-10-02,Dunkerque,Magasin,Maison,Rideau occultant,2,101.21,0.0,202.42,89.78,352
2023-10-02,Roubaix,Magasin,Électroménager,Bouilloire,1,726.04,0.2,580.83,247.09,28
2023-10-02,Dunkerque,Magasin,Maison,Lampe LED,5,134.22,0.0,671.1,341.4,107
2023-10-02,Tourcoing,Magasin,Maison,Canapé 3 places,4,246.23,0.0,984.92,227.52,251
2023-10-02,Dunkerque,Magasin,Mode,Pull laine,1,884.49,0.0,884.49,496.06,482
2023-10-02,Roubaix,Magasin,Sport,Raquette tennis,4,706.19,0.0,2824.76,1448.16,85
2023-10-03,En ligne,E-commerce,Bricolage,Peinture 5L,3,609.0,0.0,1827.0,976.38,59
2023-10-03,Tourcoing,Magasin,Maison,Lampe LED,3,134.22,0.0,402.66,204.84,418
2023-10-03,Dunkerque,Magasin,Électroménager,Réfrigérateur,2,387.37,0.0,774.74,225.56,256
2023-10-03,Roubaix,Magasin,Mode,T-shirt coton,2,504.67,0.0,1009.34,400.46,142
2023-10-03,Tourcoing,Magasin,Sport,Ballon foot,5,100.1,0.0,500.5,289.5,370
2023-10-03,En ligne,E-commerce,Sport,Maillot bain,1,350.77,0.1,315.69,164.22,219
2023-10-03,Amiens,Magasin,Maison,Set casseroles,2,706.85,0.0,1413.7,815.34,36
2023-10-03,En ligne,E-commerce,Maison,Lampe LED,1,134.22,0.0,134.22,68.28,200
2023-10-03,Lille,Magasin,Bricolage,Échelle alu,3,354.67,0.1,957.61,398.8,112
2023-10-03,Roubaix,Magasin,Mode,Jean homme,4,272.27,0.0,1089.08,368.48,328
2023-10-03,En ligne,E-commerce,Maison,Lampe LED,2,134.22,0.05,255.02,123.14,504
2023-10-03,Tourcoing,Magasin,Sport,Maillot bain,5,350.77,0.0,1753.85,996.5,27
2023-10-03,En ligne,E-commerce,Électroménager,Aspirateur,3,191.18,0.1,516.19,232.3,523
2023-10-03,Tourcoing,Magasin,Mode,Pull laine,4,884.49,0.0,3537.96,1984.24,228
2023-10-03,Lille,Magasin,Électroménager,Bouilloire,5,726.04,0.1,3267.18,1598.48,267
2023-10-03,Lille,Magasin,Mode,T-shirt coton,3,504.67,0.0,1514.01,600.69,45
2023-10-03,Roubaix,Magasin,Bricolage,Échelle alu,4,354.67,0.0,1418.68,673.6,416
2023-10-03,Lille,Magasin,Maison,Canapé 3 places,2,246.23,0.1,443.21,64.51,85
2023-10-04,Lille,Magasin,Électroménager,Robot cuiseur,1,249.97,0.1,224.97,66.92,436
2023-10-04,Amiens,Magasin,Sport,Ballon foot,5,100.1,0.0,500.5,289.5,41
2023-10-04,Valenciennes,Magasin,Sport,Ballon foot,4,100.1,0.0,400.4,231.6,405
2023-10-04,Tourcoing,Magasin,Mode,Baskets ville,5,460.51,0.0,2302.55,740.25,324
2023-10-04,Amiens,Magasin,Mode,Baskets ville,5,460.51,0.0,2302.55,740.25,518
2023-10-04,Amiens,Magasin,Maison,Set casseroles,5,706.85,0.0,3534.25,2038.35,24
2023-10-04,Tourcoing,Magasin,Maison,Set casseroles,2,706.85,0.0,1413.7,815.34,538
2023-10-04,En ligne,E-commerce,Bricolage,Perceuse,4,105.66,0.0,422.64,86.8,515
2023-10-04,Tourcoing,Magasin,Électroménager,Micro-ondes,2,453.16,0.0,906.32,343.12,139
2023-10-04,Lille,Magasin,Bricolage,Échelle alu,1,354.67,0.0,354.67,168.4,34
2023-10-04,Roubaix,Magasin,Maison,Lampe LED,4,134.22,0.0,536.88,273.12,97
2023-10-04,Roubaix,Magasin,Bricolage,Perceuse,5,105.66,0.0,528.3,108.5,380
2023-10-04,Roubaix,Magasin,Sport,Maillot bain,4,350.77,0.05,1332.93,727.05,304
2023-10-04,Lille,Magasin,Mode,Veste hiver,2,655.99,0.0,1311.98,648.16,320
2023-10-04,Roubaix,Magasin,Bricolage,Tournevis set,4,636.28,0.0,2545.12,1281.76,577
2023-10-04,Roubaix,Magasin,Bricolage,Échelle alu,2,354.67,0.0,709.34,336.8,301
2023-10-04,En ligne,E-commerce,Maison,Lampe LED,1,134.22,0.0,134.22,68.28,587
2023-10-04,Tourcoing,Magasin,Maison,Canapé 3 places,3,246.23,0.0,738.69,170.64,539
2023-10-05,Amiens,Magasin,Sport,Raquette tennis,4,706.19,0.0,2824.76,1448.16,242
2023-10-05,Lille,Magasin,Bricolage,Tournevis set,4,636.28,0.05,2417.86,1154.5,322
2023-10-05,Dunkerque,Magasin,Mode,Pull laine,2,884.49,0.0,1768.98,992.12,258
2023-10-05,Dunkerque,Magasin,Maison,Couette 220x240,1,224.09,0.0,224.09,90.39,394
2023-10-05,En ligne,E-commerce,Électroménager,Micro-ondes,3,453.16,0.0,1359.48,514.68,273
2023-10-05,Amiens,Magasin,Bricolage,Boîte à outils,4,83.21,0.2,266.27,25.39,499
2023-10-05,Tourcoing,Magasin,Mode,Pull laine,2,884.49,0.1,1592.08,815.22,69
2023-10-05,Roubaix,Magasin,Maison,Set casseroles,2,706.85,0.05,1343.02,744.65,523
2023-10-05,Valenciennes,Magasin,Bricolage,Peinture 5L,3,609.0,0.0,1827.0,976.38,374
2023-10-05,Lille,Magasin,Maison,Lampe LED,3,134.22,0.0,402.66,204.84,269
2023-10-05,En ligne,E-commerce,Électroménager,Micro-ondes,1,453.16,0.05,430.5,148.9,505
2023-10-05,En ligne,E-commerce,Sport,Tapis yoga,1,658.36,0.0,658.36,352.71,143
2023-10-05,En ligne,E-commerce,Sport,Ballon foot,5,100.1,0.1,450.45,239.45,419
2023-10-05,Tourcoing,Magasin,Sport,Haltères 10kg,3,98.3,0.05,280.15,113.35,288
2023-10-05,Roubaix,Magasin,Sport,Maillot bain,4,350.77,0.0,1403.08,797.2,424
2023-10-05,Valenciennes,Magasin,Sport,Tapis yoga,2,658.36,0.0,1316.72,705.42,573
2023-10-06,Amiens,Magasin,Mode,Baskets ville,1,460.51,0.05,437.48,125.02,371
2023-10-06,Tourcoing,Magasin,Mode,Robe été,4,296.52,0.0,1186.08,289.84,572
2023-10-06,Dunkerque,Magasin,Sport,Raquette tennis,2,706.19,0.0,1412.38,724.08,150
2023-10-06,Roubaix,Magasin,Maison,Canapé 3 places,1,246.23,0.0,246.23,56.88,370
2023-10-06,En ligne,E-commerce,Maison,Set casseroles,3,706.85,0.0,2120.55,1223.01,211
2023-10-06,En ligne,E-commerce,Électroménager,Cafetière,2,392.24,0.05,745.26,389.9,372
2023-10-06,Lille,Magasin,Sport,Tapis yoga,1,658.36,0.05,625.44,319.79,312
2023-10-06,En ligne,E-commerce,Bricolage,Perceuse,5,105.66,0.0,528.3,108.5,13
2023-10-06,Roubaix,Magasin,Mode,Jean homme,4,272.27,0.0,1089.08,368.48,13
2023-10-06,Lille,Magasin,Électroménager,Cafetière,1,392.24,0.0,392.24,214.56,95
2023-10-06,Valenciennes,Magasin,Maison,Rideau occultant,4,101.21,0.0,404.84,179.56,13
2023-10-06,Dunkerque,Magasin,Mode,Veste hiver,5,655.99,0.0,3279.95,1620.4,151
2023-10-06,Tourcoing,Magasin,Mode,Jean homme,3,272.27,0.0,816.81,276.36,213
2023-10-06,Tourcoing,Magasin,Sport,Haltères 10kg,3,98.3,0.0,294.9,128.1,278
2023-10-07,Tourcoing,Magasin,Sport,Raquette tennis,3,706.19,0.0,2118.57,1086.12,443
2023-10-07,En ligne,E-commerce,Maison,Rideau occultant,4,101.21,0.0,404.84,179.56,107
2023-10-07,Dunkerque,Magasin,Électroménager,Bouilloire,2,726.04,0.0,1452.08,784.6,561
2023-10-07,Dunkerque,Magasin,Sport,Maillot bain,4,350.77,0.0,1403.08,797.2,137
2023-10-07,Valenciennes,Magasin,Maison,Rideau occultant,3,101.21,0.0,303.63,134.67,511
2023-10-07,Lille,Magasin,Électroménager,Réfrigérateur,3,387.37,0.0,1162.11,338.34,102
2023-10-07,Tourcoing,Magasin,Maison,Canapé 3 places,3,246.23,0.0,738.69,170.64,182
2023-10-07,Lille,Magasin,Mode,Jean homme,1,272.27,0.0,272.27,92.12,297
2023-10-07,Lille,Magasin,Mode,Baskets ville,6,460.51,0.0,2763.06,888.3,578
2023-10-07,Lille,Magasin,Maison,Set casseroles,3,706.85,0.0,2120.55,1223.01,298
2023-10-07,Dunkerque,Magasin,Sport,Ballon foot,2,100.1,0.0,200.2,115.8,322
2023-10-07,Lille,Magasin,Bricolage,Boîte à outils,5,83.21,0.0,416.05,114.95,335
2023-10-07,Dunkerque,Magasin,Sport,Tapis yoga,2,658.36,0.0,1316.72,705.42,41
2023-10-07,Amiens,Magasin,Maison,Couette 220x240,4,224.09,0.0,896.36,361.56,316
2023-10-07,Roubaix,Magasin,Sport,Haltères 10kg,4,98.3,0.0,393.2,170.8,21
2023-10-07,Lille,Magasin,Sport,Tapis yoga,2,658.36,0.0,1316.72,705.42,258
2023-10-07,Roubaix,Magasin,Bricolage,Perceuse,4,105.66,0.0,422.64,86.8,6
2023-10-07,Dunkerque,Magasin,Bricolage,Échelle alu,4,354.67,0.05,1347.75,602.67,544
2023-10-08,Valenciennes,Magasin,Sport,Vélo VTT,1,545.21,0.0,545.21,234.5,186
2023-10-08,Roubaix,Magasin,Mode,Pull laine,3,884.49,0.0,2653.47,1488.18,413
2023-10-08,Amiens,Magasin,Sport,Vélo VTT,5,545.21,0.0,2726.05,1172.5,446
2023-10-08,Tourcoing,Magasin,Sport,Maillot bain,1,350.77,0.0,350.77,199.3,248
2023-10-08,Amiens,Magasin,Électroménager,Réfrigérateur,3,387.37,0.05,1104.0,280.23,324
2023-10-08,Dunkerque,Magasin,Électroménager,Réfrigérateur,2,387.37,0.0,774.74,225.56,297
2023-10-08,Valenciennes,Magasin,Mode,Baskets ville,3,460.51,0.0,1381.53,444.15,131
2023-10-08,Amiens,Magasin,Électroménager,Bouilloire,4,726.04,0.0,2904.16,1569.2,370
2023-10-08,Tourcoing,Magasin,Sport,Chaussures running,1,569.53,0.0,569.53,310.2,506
2023-10-08,Valenciennes,Magasin,Électroménager,Micro-ondes,4,453.16,0.0,1812.64,686.24,110
2023-10-08,Dunkerque,Magasin,Mode,T-shirt coton,1,504.67,0.0,504.67,200.23,266
2023-10-08,Lille,Magasin,Sport,Haltères 10kg,3,98.3,0.0,294.9,128.1,396
2023-10-08,En ligne,E-commerce,Électroménager,Bouilloire,5,726.04,0.0,3630.2,1961.5,280
2023-10-08,Lille,Magasin,Maison,Couette 220x240,2,224.09,0.0,448.18,180.78,228
2023-10-08,Dunkerque,Magasin,Mode,Jean homme,2,272.27,0.1,490.09,129.79,411
2023-10-08,Lille,Magasin,Électroménager,Réfrigérateur,4,387.37,0.0,1549.48,451.12,464
2023-10-09,Lille,Magasin,Sport,Raquette tennis,1,706.19,0.0,706.19,362.04,350
2023-10-09,En ligne,E-commerce,Sport,Tapis yoga,1,658.36,0.0,658.36,352.71,369
2023-10-09,Dunkerque,Magasin,Électroménager,Bouilloire,5,726.04,0.0,3630.2,1961.5,490
2023-10-09,Lille,Magasin,Bricolage,Échelle alu,4,354.67,0.0,1418.68,673.6,292
2023-10-09,Tourcoing,Magasin,Électroménager,Robot cuiseur,5,249.97,0.0,1249.85,459.6,312
2023-10-09,Lille,Magasin,Maison,Lampe LED,5,134.22,0.0,671.1,341.4,593
2023-10-09,Tourcoing,Magasin,Bricolage,Tournevis set,3,636.28,0.0,1908.84,961.32,586
2023-10-09,Lille,Magasin,Sport,Vélo VTT,1,545.21,0.0,545.21,234.5,440
2023-10-09,Lille,Magasin,Électroménager,Réfrigérateur,5,387.37,0.0,1936.85,563.9,278
2023-10-09,Amiens,Magasin,Maison,Étagère bois,1,279.59,0.0,279.59,89.12,371
2023-10-10,Lille,Magasin,Maison,Étagère bois,2,279.59,0.0,559.18,178.24,381
2023-10-10,Amiens,Magasin,Maison,Canapé 3 places,2,246.23,0.0,492.46,113.76,18
2023-10-10,Valenciennes,Magasin,Mode,Pull laine,5,884.49,0.1,3980.2,2038.06,116
2023-10-10,Valenciennes,Magasin,Électroménager,Cafetière,2,392.24,0.0,784.48,429.12,368
2023-10-10,Lille,Magasin,Sport,Maillot bain,2,350.77,0.0,701.54,398.6,131
2023-10-10,Valenciennes,Magasin,Sport,Raquette tennis,3,706.19,0.0,2118.57,1086.12,596
2023-10-10,Roubaix,Magasin,Maison,Couette 220x240,4,224.09,0.0,896.36,361.56,487
2023-10-10,Roubaix,Magasin,Sport,Raquette tennis,5,706.19,0.2,2824.76,1104.01,305
2023-10-10,Valenciennes,Magasin,Mode,Robe été,5,296.52,0.0,1482.6,362.3,71
2023-10-10,Lille,Magasin,Électroménager,Aspirateur,2,191.18,0.05,363.24,173.98,217
2023-10-10,Roubaix,Magasin,Mode,T-shirt coton,3,504.67,0.2,1211.21,297.89,503
2023-10-10,Amiens,Magasin,Bricolage,Tournevis set,4,636.28,0.1,2290.61,1027.25,567
2023-10-10,Roubaix,Magasin,Électroménager,Aspirateur,3,191.18,0.0,573.54,289.65,169
2023-10-10,Amiens,Magasin,Maison,Set casseroles,4,706.85,0.0,2827.4,1630.68,126
2023-10-10,Tourcoing,Magasin,Mode,Jean homme,4,272.27,0.0,1089.08,368.48,433
2023-10-10,En ligne,E-commerce,Maison,Couette 220x240,4,224.09,0.0,896.36,361.56,583
2023-10-10,Amiens,Magasin,Mode,T-shirt coton,1,504.67,0.0,504.67,200.23,211
2023-10-11,Valenciennes,Magasin,Maison,Étagère bois,3,279.59,0.0,838.77,267.36,559
2023-10-11,Valenciennes,Magasin,Maison,Canapé 3 places,1,246.23,0.0,246.23,56.88,595
2023-10-11,Amiens,Magasin,Sport,Haltères 10kg,4,98.3,0.1,353.88,131.48,541
2023-10-11,Roubaix,Magasin,Sport,Maillot bain,4,350.77,0.0,1403.08,797.2,201
2023-10-11,Amiens,Magasin,Mode,Pull laine,4,884.49,0.05,3361.06,1807.34,116
2023-10-11,Valenciennes,Magasin,Bricolage,Boîte à outils,1,83.21,0.0,83.21,22.99,544
2023-10-11,En ligne,E-commerce,Maison,Set casseroles,1,706.85,0.0,706.85,407.67,258
2023-10-11,En ligne,E-commerce,Sport,Chaussures running,3,569.53,0.0,1708.59,930.6,464
2023-10-11,Dunkerque,Magasin,Électroménager,Micro-ondes,5,453.16,0.0,2265.8,857.8,588
2023-10-11,Dunkerque,Magasin,Électroménager,Bouilloire,4,726.04,0.0,2904.16,1569.2,515
2023-10-11,Dunkerque,Magasin,Électroménager,Micro-ondes,2,453.16,0.0,906.32,343.12,38
2023-10-11,Valenciennes,Magasin,Sport,Haltères 10kg,3,98.3,0.0,294.9,128.1,459
2023-10-12,Roubaix,Magasin,Sport,Maillot bain,4,350.77,0.0,1403.08,797.2,38
2023-10-12,Tourcoing,Magasin,Maison,Lampe LED,2,134.22,0.05,255.02,123.14,422
2023-10-12,Amiens,Magasin,Bricolage,Échelle alu,1,354.67,0.0,354.67,168.4,527
2023-10-12,Tourcoing,Magasin,Sport,Vélo VTT,3,545.21,0.0,1635.63,703.5,23
2023-10-12,Valenciennes,Magasin,Sport,Tapis yoga,2,658.36,0.0,1316.72,705.42,289
2023-10-12,Lille,Magasin,Électroménager,Aspirateur,2,191.18,0.1,344.12,154.86,530
2023-10-12,Dunkerque,Magasin,Mode,Jean homme,5,272.27,0.1,1225.21,324.46,112
2023-10-12,Amiens,Magasin,Mode,Veste hiver,3,655.99,0.0,1967.97,972.24,181
2023-10-12,Amiens,Magasin,Bricolage,Échelle alu,6,354.67,0.2,1702.42,584.8,392
2023-10-12,Tourcoing,Magasin,Maison,Couette 220x240,3,224.09,0.2,537.82,136.72,189
2023-10-12,Tourcoing,Magasin,Électroménager,Réfrigérateur,1,387.37,0.0,387.37,112.78,309
2023-10-12,Amiens,Magasin,Mode,Pull laine,3,884.49,0.05,2520.8,1355.51,347
2023-10-12,En ligne,E-commerce,Électroménager,Cafetière,4,392.24,0.0,1568.96,858.24,148
2023-10-12,Amiens,Magasin,Sport,Haltères 10kg,2,98.3,0.05,186.77,75.57,392
2023-10-12,En ligne,E-commerce,Maison,Set casseroles,1,706.85,0.0,706.85,407.67,39
2023-10-12,Roubaix,Magasin,Sport,Chaussures running,1,569.53,0.0,569.53,310.2,257
2023-10-12,Roubaix,Magasin,Sport,Raquette tennis,4,706.19,0.1,2542.28,1165.68,489
2023-10-12,En ligne,E-commerce,Électroménager,Bouilloire,3,726.04,0.0,2178.12,1176.9,82
2023-10-12,Dunkerque,Magasin,Électroménager,Aspirateur,5,191.18,0.2,764.72,291.57,522
2023-10-12,En ligne,E-commerce,Maison,Set casseroles,3,706.85,0.2,1696.44,798.9,311
2023-10-13,Amiens,Magasin,Sport,Chaussures running,1,569.53,0.0,569.53,310.2,253
2023-10-13,Roubaix,Magasin,Électroménager,Micro-ondes,6,453.16,0.0,2718.96,1029.36,190
2023-10-13,Tourcoing,Magasin,Mode,Baskets ville,2,460.51,0.0,921.02,296.1,237
2023-10-13,Amiens,Magasin,Sport,Haltères 10kg,2,98.3,0.0,196.6,85.4,27
2023-10-13,Roubaix,Magasin,Sport,Vélo VTT,2,545.21,0.0,1090.42,469.0,79
2023-10-13,Tourcoing,Magasin,Mode,T-shirt coton,2,504.67,0.0,1009.34,400.46,283
2023-10-13,Roubaix,Magasin,Bricolage,Tournevis set,5,636.28,0.0,3181.4,1602.2,526
2023-10-13,Lille,Magasin,Bricolage,Peinture 5L,1,609.0,0.0,609.0,325.46,192
2023-10-13,Valenciennes,Magasin,Sport,Tapis yoga,3,658.36,0.0,1975.08,1058.13,468
2023-10-13,Tourcoing,Magasin,Électroménager,Réfrigérateur,3,387.37,0.0,1162.11,338.34,517
2023-10-13,Dunkerque,Magasin,Mode,Veste hiver,5,655.99,0.0,3279.95,1620.4,100
2023-10-13,Dunkerque,Magasin,Sport,Haltères 10kg,2,98.3,0.0,196.6,85.4,252
2023-10-14,Roubaix,Magasin,Électroménager,Robot cuiseur,3,249.97,0.2,599.93,125.78,247
2023-10-14,Valenciennes,Magasin,Maison,Set casseroles,3,706.85,0.0,2120.55,1223.01,512
2023-10-14,Roubaix,Magasin,Sport,Chaussures running,2,569.53,0.0,1139.06,620.4,69
2023-10-14,Roubaix,Magasin,Électroménager,Robot cuiseur,2,249.97,0.0,499.94,183.84,360
2023-10-14,Valenciennes,Magasin,Bricolage,Échelle alu,4,354.67,0.0,1418.68,673.6,94
2023-10-14,Lille,Magasin,Maison,Étagère bois,5,279.59,0.0,1397.95,445.6,197
2023-10-14,Roubaix,Magasin,Mode,Veste hiver,2,655.99,0.0,1311.98,648.16,521
2023-10-14,Amiens,Magasin,Bricolage,Boîte à outils,1,83.21,0.0,83.21,22.99,410
2023-10-14,Tourcoing,Magasin,Bricolage,Boîte à outils,4,83.21,0.0,332.84,91.96,407
2023-10-14,Lille,Magasin,Bricolage,Peinture 5L,3,609.0,0.0,1827.0,976.38,363
2023-10-14,Lille,Magasin,Mode,Robe été,5,296.52,0.0,1482.6,362.3,413
2023-10-14,Valenciennes,Magasin,Maison,Couette 220x240,2,224.09,0.0,448.18,180.78,545
2023-10-14,Valenciennes,Magasin,Sport,Haltères 10kg,4,98.3,0.0,393.2,170.8,117
2023-10-14,Amiens,Magasin,Mode,Veste hiver,1,655.99,0.05,623.19,291.28,359
2023-10-14,Roubaix,Magasin,Maison,Rideau occultant,3,101.21,0.0,303.63,134.67,77
2023-10-14,Lille,Magasin,Sport,Vélo VTT,1,545.21,0.0,545.21,234.5,562
2023-10-14,En ligne,E-commerce,Maison,Set casseroles,4,706.85,0.0,2827.4,1630.68,358
2023-10-14,Lille,Magasin,Électroménager,Cafetière,1,392.24,0.0,392.24,214.56,263
2023-10-14,Dunkerque,Magasin,Maison,Set casseroles,3,706.85,0.0,2120.55,1223.01,580
2023-10-15,Lille,Magasin,Bricolage,Boîte à outils,5,83.21,0.05,395.25,94.15,192
2023-10-15,Roubaix,Magasin,Bricolage,Échelle alu,1,354.67,0.0,354.67,168.4,459
2023-10-15,Dunkerque,Magasin,Sport,Haltères 10kg,4,98.3,0.0,393.2,170.8,175
2023-10-15,Dunkerque,Magasin,Mode,Veste hiver,3,655.99,0.0,1967.97,972.24,574
2023-10-15,Tourcoing,Magasin,Mode,Pull laine,4,884.49,0.0,3537.96,1984.24,378
2023-10-15,En ligne,E-commerce,Maison,Canapé 3 places,4,246.23,0.2,787.94,30.54,206
2023-10-15,Lille,Magasin,Sport,Maillot bain,6,350.77,0.0,2104.62,1195.8,529
2023-10-15,En ligne,E-commerce,Mode,Baskets ville,3,460.51,0.0,1381.53,444.15,271
2023-10-15,Valenciennes,Magasin,Électroménager,Micro-ondes,2,453.16,0.0,906.32,343.12,421
2023-10-15,Lille,Magasin,Maison,Set casseroles,1,706.85,0.0,706.85,407.67,571
2023-10-15,Amiens,Magasin,Électroménager,Aspirateur,3,191.18,0.0,573.54,289.65,262
2023-10-15,Lille,Magasin,Électroménager,Bouilloire,4,726.04,0.2,2323.33,988.37,401
2023-10-15,Lille,Magasin,Sport,Tapis yoga,2,658.36,0.05,1250.88,639.58,580
2023-10-15,Tourcoing,Magasin,Maison,Set casseroles,4,706.85,0.05,2686.03,1489.31,109
2023-10-15,Tourcoing,Magasin,Mode,Robe été,3,296.52,0.0,889.56,217.38,208
2023-10-15,Tourcoing,Magasin,Bricolage,Boîte à outils,4,83.21,0.0,332.84,91.96,354
2023-10-15,En ligne,E-commerce,Bricolage,Boîte à outils,3,83.21,0.0,249.63,68.97,323
2023-10-15,Tourcoing,Magasin,Mode,Veste hiver,2,655.99,0.0,1311.98,648.16,249
2023-10-15,Roubaix,Magasin,Mode,Pull laine,3,884.49,0.0,2653.47,1488.18,502
2023-10-15,Tourcoing,Magasin,Mode,Pull laine,4,884.49,0.0,3537.96,1984.24,558
2023-10-16,En ligne,E-commerce,Sport,Raquette tennis,5,706.19,0.0,3530.95,1810.2,554
2023-10-16,Amiens,Magasin,Électroménager,Robot cuiseur,2,249.97,0.0,499.94,183.84,472
2023-10-16,Valenciennes,Magasin,Électroménager,Robot cuiseur,1,249.97,0.1,224.97,66.92,4
2023-10-16,Roubaix,Magasin,Mode,T-shirt coton,1,504.67,0.0,504.67,200.23,160
2023-10-16,Valenciennes,Magasin,Mode,Veste hiver,2,655.99,0.1,1180.78,516.96,540
2023-10-16,Lille,Magasin,Mode,Pull laine,3,884.49,0.2,2122.78,957.49,379
2023-10-16,En ligne,E-commerce,Mode,Jean homme,3,272.27,0.1,735.13,194.68,340
2023-10-16,Lille,Magasin,Mode,Veste hiver,6,655.99,0.2,3148.75,1157.29,107
2023-10-16,En ligne,E-commerce,Électroménager,Bouilloire,3,726.04,0.0,2178.12,1176.9,412
2023-10-16,Valenciennes,Magasin,Électroménager,Micro-ondes,4,453.16,0.0,1812.64,686.24,153
2023-10-16,Amiens,Magasin,Mode,Baskets ville,4,460.51,0.0,1842.04,592.2,344
2023-10-16,Amiens,Magasin,Sport,Ballon foot,3,100.1,0.1,270.27,143.67,475
2023-10-16,Tourcoing,Magasin,Bricolage,Tournevis set,1,636.28,0.0,636.28,320.44,310
2023-10-16,Valenciennes,Magasin,Sport,Chaussures running,4,569.53,0.0,2278.12,1240.8,128
2023-10-17,Valenciennes,Magasin,Mode,Veste hiver,3,655.99,0.2,1574.38,578.65,496
2023-10-17,Roubaix,Magasin,Bricolage,Peinture 5L,1,609.0,0.05,578.55,295.01,128
2023-10-17,Lille,Magasin,Électroménager,Micro-ondes,3,453.16,0.0,1359.48,514.68,193
2023-10-17,Valenciennes,Magasin,Maison,Couette 220x240,2,224.09,0.05,425.77,158.37,564
2023-10-17,Tourcoing,Magasin,Bricolage,Peinture 5L,3,609.0,0.0,1827.0,976.38,201
2023-10-17,Roubaix,Magasin,Mode,Robe été,2,296.52,0.0,593.04,144.92,163
2023-10-17,Roubaix,Magasin,Électroménager,Robot cuiseur,4,249.97,0.0,999.88,367.68,376
2023-10-17,Valenciennes,Magasin,Mode,Pull laine,1,884.49,0.0,884.49,496.06,140
2023-10-17,Dunkerque,Magasin,Électroménager,Réfrigérateur,5,387.37,0.0,1936.85,563.9,374
2023-10-17,En ligne,E-commerce,Sport,Tapis yoga,3,658.36,0.0,1975.08,1058.13,534
2023-10-17,Roubaix,Magasin,Électroménager,Cafetière,3,392.24,0.0,1176.72,643.68,497
2023-10-17,En ligne,E-commerce,Sport,Chaussures running,1,569.53,0.0,569.53,310.2,47
2023-10-17,Tourcoing,Magasin,Mode,Robe été,3,296.52,0.0,889.56,217.38,351
2023-10-17,Valenciennes,Magasin,Mode,Veste hiver,3,655.99,0.0,1967.97,972.24,308
2023-10-17,Tourcoing,Magasin,Sport,Tapis yoga,2,658.36,0.0,1316.72,705.42,125
2023-10-17,Lille,Magasin,Mode,T-shirt coton,3,504.67,0.0,1514.01,600.69,143
2023-10-17,Roubaix,Magasin,Électroménager,Robot cuiseur,2,249.97,0.0,499.94,183.84,440
2023-10-17,Roubaix,Magasin,Électroménager,Micro-ondes,3,453.16,0.05,1291.51,446.71,382
2023-10-17,Lille,Magasin,Mode,Baskets ville,2,460.51,0.0,921.02,296.1,206
2023-10-17,Valenciennes,Magasin,Mode,Baskets ville,3,460.51,0.0,1381.53,444.15,36
2023-10-18,Dunkerque,Magasin,Mode,Robe été,1,296.52,0.0,296.52,72.46,235
2023-10-18,Lille,Magasin,Mode,Jean homme,3,272.27,0.0,816.81,276.36,205
2023-10-18,Amiens,Magasin,Sport,Ballon foot,3,100.1,0.0,300.3,173.7,287
2023-10-18,Valenciennes,Magasin,Mode,Veste hiver,2,655.99,0.0,1311.98,648.16,546
2023-10-18,Dunkerque,Magasin,Bricolage,Peinture 5L,5,609.0,0.05,2892.75,1475.05,403
2023-10-18,Lille,Magasin,Bricolage,Échelle alu,2,354.67,0.0,709.34,336.8,261
2023-10-18,Lille,Magasin,Mode,Veste hiver,1,655.99,0.0,655.99,324.08,73
2023-10-18,Amiens,Magasin,Bricolage,Tournevis set,2,636.28,0.0,1272.56,640.88,245
2023-10-18,En ligne,E-commerce,Électroménager,Réfrigérateur,3,387.37,0.0,1162.11,338.34,89
2023-10-18,Valenciennes,Magasin,Bricolage,Perceuse,3,105.66,0.2,253.58,1.7,225
2023-10-18,Dunkerque,Magasin,Électroménager,Micro-ondes,2,453.16,0.0,906.32,343.12,110
2023-10-18,Valenciennes,Magasin,Maison,Étagère bois,2,279.59,0.0,559.18,178.24,462
2023-10-18,Lille,Magasin,Maison,Set casseroles,3,706.85,0.0,2120.55,1223.01,356
2023-10-18,Roubaix,Magasin,Maison,Couette 220x240,4,224.09,0.0,896.36,361.56,539
2023-10-18,Tourcoing,Magasin,Électroménager,Bouilloire,2,726.04,0.0,1452.08,784.6,336
2023-10-18,Amiens,Magasin,Bricolage,Échelle alu,4,354.67,0.0,1418.68,673.6,268
2023-10-18,Amiens,Magasin,Électroménager,Bouilloire,1,726.04,0.05,689.74,356.0,32
2023-10-19,Lille,Magasin,Mode,T-shirt coton,1,504.67,0.0,504.67,200.23,509
2023-10-19,Valenciennes,Magasin,Maison,Canapé 3 places,1,246.23,0.0,246.23,56.88,189
2023-10-19,Tourcoing,Magasin,Bricolage,Boîte à outils,1,83.21,0.0,83.21,22.99,536
2023-10-19,Amiens,Magasin,Électroménager,Réfrigérateur,1,387.37,0.0,387.37,112.78,356
2023-10-19,Roubaix,Magasin,Bricolage,Peinture 5L,5,609.0,0.0,3045.0,1627.3,213
2023-10-19,Dunkerque,Magasin,Bricolage,Boîte à outils,3,83.21,0.0,249.63,68.97,569
2023-10-19,Tourcoing,Magasin,Sport,Tapis yoga,3,658.36,0.0,1975.08,1058.13,397
2023-10-19,Lille,Magasin,Électroménager,Robot cuiseur,2,249.97,0.0,499.94,183.84,582
2023-10-19,En ligne,E-commerce,Sport,Maillot bain,5,350.77,0.0,1753.85,996.5,61
2023-10-19,Amiens,Magasin,Mode,Jean homme,5,272.27,0.0,1361.35,460.6,118
2023-10-19,Amiens,Magasin,Mode,Jean homme,2,272.27,0.1,490.09,129.79,221
2023-10-19,Lille,Magasin,Bricolage,Tournevis set,2,636.28,0.0,1272.56,640.88,258
2023-10-19,Amiens,Magasin,Électroménager,Bouilloire,2,726.04,0.05,1379.48,712.0,166
2023-10-19,Amiens,Magasin,Mode,Veste hiver,2,655.99,0.0,1311.98,648.16,55
2023-10-19,Amiens,Magasin,Sport,Haltères 10kg,2,98.3,0.05,186.77,75.57,247
2023-10-20,Dunkerque,Magasin,Bricolage,Peinture 5L,4,609.0,0.0,2436.0,1301.84,451
2023-10-20,En ligne,E-commerce,Maison,Lampe LED,3,134.22,0.0,402.66,204.84,226
2023-10-20,Amiens,Magasin,Mode,Robe été,4,296.52,0.0,1186.08,289.84,468
2023-10-20,Valenciennes,Magasin,Électroménager,Bouilloire,4,726.04,0.0,2904.16,1569.2,496
2023-10-20,Roubaix,Magasin,Maison,Lampe LED,4,134.22,0.0,536.88,273.12,228
2023-10-20,Lille,Magasin,Électroménager,Cafetière,3,392.24,0.0,1176.72,643.68,198
2023-10-20,Roubaix,Magasin,Bricolage,Boîte à outils,5,83.21,0.0,416.05,114.95,439
2023-10-20,Lille,Magasin,Sport,Ballon foot,4,100.1,0.0,400.4,231.6,384
2023-10-20,Valenciennes,Magasin,Électroménager,Robot cuiseur,5,249.97,0.05,1187.36,397.11,121
2023-10-20,Lille,Magasin,Sport,Vélo VTT,1,545.21,0.0,545.21,234.5,187
2023-10-20,Lille,Magasin,Électroménager,Cafetière,1,392.24,0.1,353.02,175.34,24
2023-10-20,Dunkerque,Magasin,Sport,Vélo VTT,2,545.21,0.05,1035.9,414.48,184
2023-10-21,Lille,Magasin,Sport,Chaussures running,2,569.53,0.0,1139.06,620.4,295
2023-10-21,Roubaix,Magasin,Bricolage,Perceuse,3,105.66,0.0,316.98,65.1,600
2023-10-21,Roubaix,Magasin,Sport,Chaussures running,4,569.53,0.0,2278.12,1240.8,481
2023-10-21,Dunkerque,Magasin,Sport,Maillot bain,4,350.77,0.0,1403.08,797.2,318
2023-10-21,Amiens,Magasin,Électroménager,Aspirateur,3,191.18,0.0,573.54,289.65,366
2023-10-21,Lille,Magasin,Sport,Vélo VTT,2,545.21,0.2,872.34,250.92,449
2023-10-21,Roubaix,Magasin,Sport,Tapis yoga,3,658.36,0.0,1975.08,1058.13,193
2023-10-21,Dunkerque,Magasin,Sport,Vélo VTT,5,545.21,0.0,2726.05,1172.5,215
2023-10-21,Lille,Magasin,Électroménager,Micro-ondes,1,453.16,0.0,453.16,171.56,112
2023-10-21,Roubaix,Magasin,Électroménager,Robot cuiseur,3,249.97,0.0,749.91,275.76,182
2023-10-21,Valenciennes,Magasin,Mode,Baskets ville,1,460.51,0.0,460.51,148.05,7
2023-10-21,Roubaix,Magasin,Électroménager,Aspirateur,1,191.18,0.0,191.18,96.55,535
2023-10-21,En ligne,E-commerce,Bricolage,Peinture 5L,1,609.0,0.0,609.0,325.46,293
2023-10-21,Lille,Magasin,Mode,T-shirt coton,1,504.67,0.0,504.67,200.23,105
2023-10-22,En ligne,E-commerce,Mode,Robe été,4,296.52,0.05,1126.78,230.54,414
2023-10-22,Lille,Magasin,Maison,Couette 220x240,2,224.09,0.05,425.77,158.37,46
2023-10-22,Lille,Magasin,Mode,Pull laine,3,884.49,0.0,2653.47,1488.18,62
2023-10-22,Dunkerque,Magasin,Électroménager,Bouilloire,5,726.04,0.0,3630.2,1961.5,290
2023-10-22,Amiens,Magasin,Maison,Étagère bois,3,279.59,0.0,838.77,267.36,456
2023-10-22,Roubaix,Magasin,Maison,Lampe LED,3,134.22,0.0,402.66,204.84,467
2023-10-22,Lille,Magasin,Bricolage,Tournevis set,2,636.28,0.0,1272.56,640.88,164
2023-10-22,Lille,Magasin,Électroménager,Bouilloire,5,726.04,0.05,3448.69,1779.99,530
2023-10-22,En ligne,E-commerce,Maison,Couette 220x240,1,224.09,0.0,224.09,90.39,53
2023-10-22,Roubaix,Magasin,Bricolage,Perceuse,5,105.66,0.0,528.3,108.5,167
2023-10-22,Roubaix,Magasin,Mode,T-shirt coton,4,504.67,0.1,1816.81,599.05,359
2023-10-22,Tourcoing,Magasin,Mode,Pull laine,5,884.49,0.0,4422.45,2480.3,465
2023-10-22,Dunkerque,Magasin,Électroménager,Aspirateur,1,191.18,0.2,152.94,58.31,512
2023-10-22,Amiens,Magasin,Maison,Couette 220x240,3,224.09,0.0,672.27,271.17,234
2023-10-22,Dunkerque,Magasin,Maison,Set casseroles,1,706.85,0.0,706.85,407.67,12
2023-10-22,Tourcoing,Magasin,Électroménager,Cafetière,2,392.24,0.0,784.48,429.12,419
2023-10-22,Valenciennes,Magasin,Sport,Chaussures running,4,569.53,0.0,2278.12,1240.8,256
2023-10-22,Amiens,Magasin,Sport,Vélo VTT,3,545.21,0.0,1635.63,703.5,183
2023-10-22,En ligne,E-commerce,Maison,Couette 220x240,5,224.09,0.05,1064.43,395.93,177
2023-10-22,Roubaix,Magasin,Bricolage,Tournevis set,1,636.28,0.0,636.28,320.44,308
2023-10-22,Valenciennes,Magasin,Sport,Raquette tennis,2,706.19,0.0,1412.38,724.08,258
2023-10-23,Roubaix,Magasin,Électroménager,Cafetière,1,392.24,0.05,372.63,194.95,410
2023-10-23,En ligne,E-commerce,Électroménager,Bouilloire,3,726.04,0.0,2178.12,1176.9,410
2023-10-23,Roubaix,Magasin,Sport,Raquette tennis,5,706.19,0.0,3530.95,1810.2,569
2023-10-23,Lille,Magasin,Électroménager,Réfrigérateur,2,387.37,0.05,736.0,186.82,251
2023-10-23,Amiens,Magasin,Mode,Pull laine,4,884.49,0.0,3537.96,1984.24,280
2023-10-23,Amiens,Magasin,Sport,Haltères 10kg,1,98.3,0.1,88.47,32.87,454
2023-10-23,Dunkerque,Magasin,Bricolage,Peinture 5L,3,609.0,0.0,1827.0,976.38,375
2023-10-23,Amiens,Magasin,Mode,T-shirt coton,2,504.67,0.2,807.47,198.59,43
2023-10-23,Roubaix,Magasin,Sport,Haltères 10kg,2,98.3,0.0,196.6,85.4,58
2023-10-23,Tourcoing,Magasin,Électroménager,Micro-ondes,4,453.16,0.0,1812.64,686.24,246
2023-10-23,Roubaix,Magasin,Mode,Veste hiver,2,655.99,0.0,1311.98,648.16,126
2023-10-23,Dunkerque,Magasin,Bricolage,Boîte à outils,3,83.21,0.0,249.63,68.97,321
2023-10-23,Lille,Magasin,Sport,Ballon foot,3,100.1,0.1,270.27,143.67,184
2023-10-23,Roubaix,Magasin,Électroménager,Réfrigérateur,1,387.37,0.0,387.37,112.78,29
2023-10-23,Roubaix,Magasin,Électroménager,Cafetière,1,392.24,0.0,392.24,214.56,406
2023-10-24,Tourcoing,Magasin,Maison,Couette 220x240,1,224.09,0.0,224.09,90.39,174
2023-10-24,Valenciennes,Magasin,Maison,Rideau occultant,1,101.21,0.05,96.15,39.83,170
2023-10-24,Lille,Magasin,Électroménager,Bouilloire,2,726.04,0.0,1452.08,784.6,239
2023-10-24,Lille,Magasin,Bricolage,Tournevis set,2,636.28,0.0,1272.56,640.88,496
2023-10-24,Roubaix,Magasin,Maison,Couette 220x240,4,224.09,0.0,896.36,361.56,505
2023-10-24,Dunkerque,Magasin,Bricolage,Tournevis set,1,636.28,0.0,636.28,320.44,78
2023-10-24,Tourcoing,Magasin,Mode,Baskets ville,1,460.51,0.0,460.51,148.05,111
2023-10-24,Lille,Magasin,Bricolage,Boîte à outils,1,83.21,0.05,79.05,18.83,173
2023-10-24,Roubaix,Magasin,Sport,Tapis yoga,1,658.36,0.05,625.44,319.79,9
2023-10-24,Valenciennes,Magasin,Maison,Set casseroles,2,706.85,0.0,1413.7,815.34,94
2023-10-24,Dunkerque,Magasin,Sport,Raquette tennis,2,706.19,0.0,1412.38,724.08,410
2023-10-25,Roubaix,Magasin,Bricolage,Tournevis set,4,636.28,0.2,2036.1,772.74,590
2023-10-25,Lille,Magasin,Bricolage,Perceuse,1,105.66,0.0,105.66,21.7,334
2023-10-25,Roubaix,Magasin,Bricolage,Peinture 5L,4,609.0,0.0,2436.0,1301.84,480
2023-10-25,Lille,Magasin,Électroménager,Aspirateur,2,191.18,0.0,382.36,193.1,203
2023-10-25,Valenciennes,Magasin,Maison,Couette 220x240,2,224.09,0.0,448.18,180.78,258
2023-10-25,Roubaix,Magasin,Maison,Rideau occultant,3,101.21,0.0,303.63,134.67,299
2023-10-25,Valenciennes,Magasin,Mode,Jean homme,2,272.27,0.0,544.54,184.24,268
2023-10-25,Roubaix,Magasin,Sport,Vélo VTT,1,545.21,0.0,545.21,234.5,333
2023-10-25,Tourcoing,Magasin,Mode,Veste hiver,4,655.99,0.0,2623.96,1296.32,528
2023-10-25,Lille,Magasin,Bricolage,Échelle alu,1,354.67,0.0,354.67,168.4,488
2023-10-25,Valenciennes,Magasin,Électroménager,Cafetière,5,392.24,0.0,1961.2,1072.8,490
2023-10-26,Dunkerque,Magasin,Électroménager,Micro-ondes,2,453.16,0.0,906.32,343.12,183
2023-10-26,En ligne,E-commerce,Sport,Vélo VTT,5,545.21,0.0,2726.05,1172.5,499
2023-10-26,Valenciennes,Magasin,Mode,Robe été,1,296.52,0.0,296.52,72.46,516
2023-10-26,Lille,Magasin,Mode,Robe été,3,296.52,0.0,889.56,217.38,38
2023-10-26,Dunkerque,Magasin,Électroménager,Aspirateur,1,191.18,0.0,191.18,96.55,46
2023-10-26,En ligne,E-commerce,Sport,Tapis yoga,2,658.36,0.05,1250.88,639.58,324
2023-10-26,Lille,Magasin,Sport,Ballon foot,3,100.1,0.0,300.3,173.7,88
2023-10-26,Valenciennes,Magasin,Maison,Rideau occultant,2,101.21,0.0,202.42,89.78,356
2023-10-27,Amiens,Magasin,Sport,Ballon foot,2,100.1,0.0,200.2,115.8,422
2023-10-27,Lille,Magasin,Sport,Vélo VTT,1,545.21,0.0,545.21,234.5,496
2023-10-27,Dunkerque,Magasin,Maison,Étagère bois,2,279.59,0.0,559.18,178.24,542
2023-10-27,Amiens,Magasin,Sport,Tapis yoga,1,658.36,0.0,658.36,352.71,521
2023-10-27,Lille,Magasin,Mode,Robe été,3,296.52,0.1,800.6,128.42,104
2023-10-27,Lille,Magasin,Maison,Canapé 3 places,2,246.23,0.0,492.46,113.76,487
2023-10-27,En ligne,E-commerce,Électroménager,Réfrigérateur,1,387.37,0.0,387.37,112.78,492
2023-10-27,Lille,Magasin,Électroménager,Aspirateur,2,191.18,0.0,382.36,193.1,470
2023-10-27,Tourcoing,Magasin,Mode,T-shirt coton,3,504.67,0.0,1514.01,600.69,464
2023-10-27,Lille,Magasin,Électroménager,Bouilloire,3,726.04,0.0,2178.12,1176.9,102
2023-10-27,Dunkerque,Magasin,Mode,Baskets ville,2,460.51,0.0,921.02,296.1,371
2023-10-27,Tourcoing,Magasin,Bricolage,Tournevis set,1,636.28,0.0,636.28,320.44,443
2023-10-27,Valenciennes,Magasin,Électroménager,Micro-ondes,5,453.16,0.0,2265.8,857.8,157
2023-10-27,Valenciennes,Magasin,Mode,Veste hiver,6,655.99,0.0,3935.94,1944.48,231
2023-10-27,Lille,Magasin,Mode,Baskets ville,1,460.51,0.1,414.46,102.0,71
2023-10-27,En ligne,E-commerce,Bricolage,Tournevis set,2,636.28,0.0,1272.56,640.88,341
2023-10-28,Tourcoing,Magasin,Mode,T-shirt coton,3,504.67,0.0,1514.01,600.69,393
2023-10-28,Amiens,Magasin,Bricolage,Peinture 5L,4,609.0,0.0,2436.0,1301.84,308
2023-10-28,Dunkerque,Magasin,Électroménager,Cafetière,2,392.24,0.0,784.48,429.12,490
2023-10-28,Valenciennes,Magasin,Maison,Étagère bois,3,279.59,0.0,838.77,267.36,145
2023-10-28,Dunkerque,Magasin,Électroménager,Micro-ondes,1,453.16,0.0,453.16,171.56,254
2023-10-28,Amiens,Magasin,Mode,Baskets ville,3,460.51,0.0,1381.53,444.15,44
2023-10-28,En ligne,E-commerce,Sport,Chaussures running,1,569.53,0.0,569.53,310.2,256
2023-10-28,Tourcoing,Magasin,Maison,Couette 220x240,4,224.09,0.0,896.36,361.56,562
2023-10-28,Lille,Magasin,Maison,Rideau occultant,4,101.21,0.0,404.84,179.56,299
2023-10-28,En ligne,E-commerce,Bricolage,Boîte à outils,3,83.21,0.1,224.67,44.01,98
2023-10-28,Valenciennes,Magasin,Mode,Robe été,3,296.52,0.0,889.56,217.38,408
2023-10-28,Lille,Magasin,Maison,Étagère bois,4,279.59,0.0,1118.36,356.48,532
2023-10-28,Dunkerque,Magasin,Électroménager,Réfrigérateur,1,387.37,0.05,368.0,93.41,469
2023-10-28,Amiens,Magasin,Maison,Couette 220x240,2,224.09,0.0,448.18,180.78,385
2023-10-28,En ligne,E-commerce,Mode,Robe été,2,296.52,0.0,593.04,144.92,557
2023-10-28,Amiens,Magasin,Électroménager,Bouilloire,4,726.04,0.1,2613.74,1278.78,117
2023-10-28,Amiens,Magasin,Maison,Couette 220x240,1,224.09,0.0,224.09,90.39,554
2023-10-28,Tourcoing,Magasin,Mode,T-shirt coton,1,504.67,0.0,504.67,200.23,182
2023-10-28,Lille,Magasin,Électroménager,Cafetière,4,392.24,0.0,1568.96,858.24,514
2023-10-28,Tourcoing,Magasin,Mode,Jean homme,3,272.27,0.0,816.81,276.36,355
2023-10-28,En ligne,E-commerce,Électroménager,Micro-ondes,5,453.16,0.0,2265.8,857.8,494
2023-10-28,Valenciennes,Magasin,Électroménager,Robot cuiseur,5,249.97,0.0,1249.85,459.6,86
2023-10-29,Dunkerque,Magasin,Mode,Pull laine,2,884.49,0.1,1592.08,815.22,349
2023-10-29,En ligne,E-commerce,Maison,Rideau occultant,5,101.21,0.1,455.44,173.84,499
2023-10-29,Dunkerque,Magasin,Électroménager,Bouilloire,5,726.04,0.0,3630.2,1961.5,377
2023-10-29,En ligne,E-commerce,Maison,Lampe LED,1,134.22,0.0,134.22,68.28,216
2023-10-29,Dunkerque,Magasin,Sport,Ballon foot,1,100.1,0.0,100.1,57.9,432
2023-10-29,Roubaix,Magasin,Électroménager,Aspirateur,3,191.18,0.0,573.54,289.65,217
2023-10-29,Amiens,Magasin,Bricolage,Boîte à outils,3,83.21,0.0,249.63,68.97,498
2023-10-29,Tourcoing,Magasin,Maison,Lampe LED,2,134.22,0.0,268.44,136.56,594
2023-10-29,Valenciennes,Magasin,Mode,Baskets ville,5,460.51,0.0,2302.55,740.25,486
2023-10-29,En ligne,E-commerce,Électroménager,Réfrigérateur,6,387.37,0.0,2324.22,676.68,176
2023-10-29,Dunkerque,Magasin,Mode,Baskets ville,2,460.51,0.0,921.02,296.1,57
2023-10-29,Dunkerque,Magasin,Mode,Pull laine,1,884.49,0.1,796.04,407.61,479
2023-10-29,Dunkerque,Magasin,Maison,Étagère bois,3,279.59,0.0,838.77,267.36,437
2023-10-29,Lille,Magasin,Électroménager,Réfrigérateur,2,387.37,0.0,774.74,225.56,453
2023-10-29,Roubaix,Magasin,Sport,Raquette tennis,2,706.19,0.0,1412.38,724.08,430
2023-10-29,Tourcoing,Magasin,Sport,Tapis yoga,4,658.36,0.0,2633.44,1410.84,533
2023-10-30,Dunkerque,Magasin,Mode,Baskets ville,1,460.51,0.0,460.51,148.05,336
2023-10-30,Dunkerque,Magasin,Mode,Pull laine,3,884.49,0.05,2520.8,1355.51,295
2023-10-30,Lille,Magasin,Maison,Lampe LED,3,134.22,0.0,402.66,204.84,571
2023-10-30,Lille,Magasin,Sport,Ballon foot,3,100.1,0.05,285.28,158.68,306
2023-10-30,Roubaix,Magasin,Électroménager,Aspirateur,5,191.18,0.0,955.9,482.75,101
2023-10-30,Dunkerque,Magasin,Électroménager,Bouilloire,5,726.04,0.0,3630.2,1961.5,184
2023-10-30,Dunkerque,Magasin,Électroménager,Micro-ondes,2,453.16,0.05,861.0,297.8,535
2023-10-30,En ligne,E-commerce,Maison,Étagère bois,1,279.59,0.0,279.59,89.12,317
2023-10-30,En ligne,E-commerce,Sport,Chaussures running,4,569.53,0.05,2164.21,1126.89,552
2023-10-30,Tourcoing,Magasin,Électroménager,Cafetière,3,392.24,0.05,1117.88,584.84,292
2023-10-30,Tourcoing,Magasin,Maison,Set casseroles,2,706.85,0.2,1130.96,532.6,557
2023-10-30,En ligne,E-commerce,Sport,Vélo VTT,2,545.21,0.0,1090.42,469.0,286
2023-10-30,Dunkerque,Magasin,Électroménager,Bouilloire,1,726.04,0.0,726.04,392.3,260
2023-10-30,Roubaix,Magasin,Sport,Vélo VTT,5,545.21,0.0,2726.05,1172.5,77
2023-10-30,Roubaix,Magasin,Sport,Chaussures running,2,569.53,0.0,1139.06,620.4,269
2023-10-30,Lille,Magasin,Bricolage,Boîte à outils,5,83.21,0.0,416.05,114.95,509
2023-10-30,Lille,Magasin,Mode,T-shirt coton,4,504.67,0.0,2018.68,800.92,464
2023-10-31,Roubaix,Magasin,Électroménager,Cafetière,3,392.24,0.0,1176.72,643.68,320
2023-10-31,Lille,Magasin,Mode,Veste hiver,2,655.99,0.1,1180.78,516.96,588
2023-10-31,Tourcoing,Magasin,Sport,Haltères 10kg,1,98.3,0.0,98.3,42.7,561
2023-10-31,Lille,Magasin,Sport,Maillot bain,3,350.77,0.0,1052.31,597.9,245
2023-10-31,Lille,Magasin,Bricolage,Peinture 5L,1,609.0,0.1,548.1,264.56,308
2023-10-31,Lille,Magasin,Électroménager,Cafetière,1,392.24,0.0,392.24,214.56,243
2023-10-31,Roubaix,Magasin,Maison,Étagère bois,5,279.59,0.0,1397.95,445.6,42
2023-10-31,En ligne,E-commerce,Bricolage,Tournevis set,4,636.28,0.0,2545.12,1281.76,336
2023-10-31,Dunkerque,Magasin,Maison,Set casseroles,1,706.85,0.0,706.85,407.67,591
2023-10-31,Lille,Magasin,Mode,Veste hiver,2,655.99,0.05,1246.38,582.56,266
2023-10-31,Tourcoing,Magasin,Électroménager,Réfrigérateur,2,387.37,0.1,697.27,148.09,204
2023-10-31,Lille,Magasin,Bricolage,Perceuse,2,105.66,0.0,211.32,43.4,502
2023-10-31,Roubaix,Magasin,Mode,Baskets ville,1,460.51,0.0,460.51,148.05,500
2023-10-31,Roubaix,Magasin,Électroménager,Robot cuiseur,2,249.97,0.0,499.94,183.84,231
2023-10-31,Tourcoing,Magasin,Sport,Raquette tennis,1,706.19,0.0,706.19,362.04,354
2023-11-01,Lille,Magasin,Bricolage,Échelle alu,3,354.67,0.0,1064.01,505.2,510
2023-11-01,Dunkerque,Magasin,Bricolage,Peinture 5L,4,609.0,0.0,2436.0,1301.84,341
2023-11-01,Tourcoing,Magasin,Électroménager,Aspirateur,3,191.18,0.05,544.86,260.97,533
2023-11-01,Tourcoing,Magasin,Maison,Rideau occultant,2,101.21,0.05,192.3,79.66,495
2023-11-01,Tourcoing,Magasin,Sport,Maillot bain,3,350.77,0.0,1052.31,597.9,15
2023-11-01,Amiens,Magasin,Électroménager,Robot cuiseur,1,249.97,0.0,249.97,91.92,109
2023-11-01,Dunkerque,Magasin,Sport,Raquette tennis,1,706.19,0.0,706.19,362.04,118
2023-11-01,Valenciennes,Magasin,Électroménager,Cafetière,1,392.24,0.0,392.24,214.56,10
2023-11-01,Valenciennes,Magasin,Bricolage,Perceuse,1,105.66,0.0,105.66,21.7,60
2023-11-01,Lille,Magasin,Bricolage,Perceuse,3,105.66,0.0,316.98,65.1,235
2023-11-01,Amiens,Magasin,Bricolage,Échelle alu,3,354.67,0.0,1064.01,505.2,217
2023-11-01,Roubaix,Magasin,Sport,Raquette tennis,1,706.19,0.0,706.19,362.04,417
2023-11-01,Lille,Magasin,Sport,Chaussures running,2,569.53,0.0,1139.06,620.4,199
2023-11-01,Lille,Magasin,Mode,T-shirt coton,3,504.67,0.0,1514.01,600.69,458
2023-11-02,Tourcoing,Magasin,Mode,T-shirt coton,2,504.67,0.0,1009.34,400.46,205
2023-11-02,Amiens,Magasin,Sport,Chaussures running,1,569.53,0.0,569.53,310.2,232
2023-11-02,Roubaix,Magasin,Sport,Chaussures running,2,569.53,0.05,1082.11,563.45,514
2023-11-02,Lille,Magasin,Maison,Rideau occultant,2,101.21,0.0,202.42,89.78,266
2023-11-02,En ligne,E-commerce,Sport,Vélo VTT,2,545.21,0.0,1090.42,469.0,27
2023-11-02,Dunkerque,Magasin,Maison,Étagère bois,1,279.59,0.0,279.59,89.12,394
2023-11-02,Dunkerque,Magasin,Électroménager,Cafetière,1,392.24,0.0,392.24,214.56,499
2023-11-02,Tourcoing,Magasin,Sport,Vélo VTT,2,545.21,0.0,1090.42,469.0,171
2023-11-02,Lille,Magasin,Mode,T-shirt coton,3,504.67,0.0,1514.01,600.69,47
2023-11-02,Amiens,Magasin,Mode,Pull laine,2,884.49,0.0,1768.98,992.12,364
2023-11-02,Roubaix,Magasin,Électroménager,Micro-ondes,2,453.16,0.0,906.32,343.12,378
2023-11-02,Dunkerque,Magasin,Sport,Chaussures running,2,569.53,0.0,1139.06,620.4,461
2023-11-02,Roubaix,Magasin,Électroménager,Bouilloire,1,726.04,0.0,726.04,392.3,298
2023-11-02,Lille,Magasin,Sport,Vélo VTT,3,545.21,0.0,1635.63,703.5,201
2023-11-02,Tourcoing,Magasin,Électroménager,Robot cuiseur,2,249.97,0.0,499.94,183.84,14
2023-11-02,Lille,Magasin,Électroménager,Bouilloire,5,726.04,0.2,2904.16,1235.46,429
2023-11-03,Valenciennes,Magasin,Électroménager,Bouilloire,3,726.04,0.0,2178.12,1176.9,577
2023-11-03,Valenciennes,Magasin,Maison,Lampe LED,1,134.22,0.05,127.51,61.57,400
2023-11-03,Roubaix,Magasin,Mode,Veste hiver,1,655.99,0.0,655.99,324.08,281
2023-11-03,Roubaix,Magasin,Mode,Veste hiver,4,655.99,0.1,2361.56,1033.92,386
2023-11-03,Amiens,Magasin,Bricolage,Perceuse,2,105.66,0.0,211.32,43.4,242
2023-11-03,Tourcoing,Magasin,Électroménager,Robot cuiseur,3,249.97,0.1,674.92,200.77,467
2023-11-03,Lille,Magasin,Maison,Set casseroles,3,706.85,0.0,2120.55,1223.01,295
2023-11-03,Dunkerque,Magasin,Mode,Pull laine,5,884.49,0.2,3537.96,1595.81,424
2023-11-03,Tourcoing,Magasin,Bricolage,Échelle alu,3,354.67,0.0,1064.01,505.2,189
2023-11-03,Amiens,Magasin,Maison,Canapé 3 places,2,246.23,0.0,492.46,113.76,400
2023-11-03,Tourcoing,Magasin,Sport,Maillot bain,1,350.77,0.0,350.77,199.3,502
2023-11-03,Roubaix,Magasin,Maison,Lampe LED,2,134.22,0.0,268.44,136.56,512
2023-11-03,Roubaix,Magasin,Sport,Maillot bain,2,350.77,0.0,701.54,398.6,593
2023-11-03,Dunkerque,Magasin,Maison,Lampe LED,1,134.22,0.0,134.22,68.28,395
2023-11-04,Valenciennes,Magasin,Électroménager,Réfrigérateur,2,387.37,0.1,697.27,148.09,134
2023-11-04,Tourcoing,Magasin,Électroménager,Cafetière,4,392.24,0.0,1568.96,858.24,147
2023-11-04,Amiens,Magasin,Sport,Chaussures running,1,569.53,0.0,569.53,310.2,256
2023-11-04,Valenciennes,Magasin,Bricolage,Peinture 5L,1,609.0,0.0,609.0,325.46,195
2023-11-04,Roubaix,Magasin,Mode,Robe été,2,296.52,0.0,593.04,144.92,244
2023-11-04,Lille,Magasin,Bricolage,Boîte à outils,3,83.21,0.0,249.63,68.97,296
2023-11-04,Lille,Magasin,Sport,Chaussures running,1,569.53,0.0,569.53,310.2,397
2023-11-04,Lille,Magasin,Électroménager,Aspirateur,1,191.18,0.05,181.62,86.99,382
2023-11-04,Lille,Magasin,Bricolage,Perceuse,4,105.66,0.0,422.64,86.8,255
2023-11-04,En ligne,E-commerce,Électroménager,Micro-ondes,3,453.16,0.0,1359.48,514.68,100
2023-11-04,Lille,Magasin,Sport,Vélo VTT,3,545.21,0.0,1635.63,703.5,380
2023-11-04,Amiens,Magasin,Électroménager,Cafetière,2,392.24,0.0,784.48,429.12,583
2023-11-04,En ligne,E-commerce,Sport,Vélo VTT,3,545.21,0.0,1635.63,703.5,324
2023-11-04,Valenciennes,Magasin,Maison,Couette 220x240,3,224.09,0.0,672.27,271.17,309
2023-11-04,Roubaix,Magasin,Mode,T-shirt coton,1,504.67,0.05,479.44,175.0,173
2023-11-04,Lille,Magasin,Maison,Set casseroles,3,706.85,0.0,2120.55,1223.01,482
2023-11-04,Dunkerque,Magasin,Bricolage,Peinture 5L,3,609.0,0.0,1827.0,976.38,85
2023-11-04,En ligne,E-commerce,Sport,Maillot bain,3,350.77,0.0,1052.31,597.9,364
2023-11-04,Dunkerque,Magasin,Sport,Vélo VTT,1,545.21,0.0,545.21,234.5,433
2023-11-04,Lille,Magasin,Maison,Couette 220x240,3,224.09,0.05,638.66,237.56,542
2023-11-05,Tourcoing,Magasin,Mode,Pull laine,3,884.49,0.0,2653.47,1488.18,257
2023-11-05,Lille,Magasin,Mode,T-shirt coton,1,504.67,0.0,504.67,200.23,478
2023-11-05,Amiens,Magasin,Bricolage,Boîte à outils,1,83.21,0.0,83.21,22.99,422
2023-11-05,Lille,Magasin,Maison,Étagère bois,3,279.59,0.0,838.77,267.36,79
2023-11-05,Dunkerque,Magasin,Électroménager,Cafetière,1,392.24,0.0,392.24,214.56,236
2023-11-05,Lille,Magasin,Électroménager,Bouilloire,2,726.04,0.0,1452.08,784.6,538
2023-11-05,Lille,Magasin,Électroménager,Micro-ondes,1,453.16,0.0,453.16,171.56,10
2023-11-05,Lille,Magasin,Mode,T-shirt coton,1,504.67,0.0,504.67,200.23,105
2023-11-05,Lille,Magasin,Mode,Jean homme,4,272.27,0.0,1089.08,368.48,312
2023-11-05,Amiens,Magasin,Maison,Rideau occultant,1,101.21,0.0,101.21,44.89,11
2023-11-05,Dunkerque,Magasin,Sport,Raquette tennis,1,706.19,0.1,635.57,291.42,75
2023-11-05,Lille,Magasin,Bricolage,Boîte à outils,2,83.21,0.2,133.14,12.7,97
2023-11-05,Roubaix,Magasin,Maison,Set casseroles,4,706.85,0.2,2261.92,1065.2,483
2023-11-05,Amiens,Magasin,Mode,T-shirt coton,2,504.67,0.0,1009.34,400.46,464
2023-11-05,Tourcoing,Magasin,Maison,Lampe LED,2,134.22,0.1,241.6,109.72,43
2023-11-05,Roubaix,Magasin,Sport,Haltères 10kg,2,98.3,0.0,196.6,85.4,442
2023-11-05,Valenciennes,Magasin,Électroménager,Micro-ondes,3,453.16,0.0,1359.48,514.68,75
2023-11-05,Lille,Magasin,Sport,Maillot bain,3,350.77,0.0,1052.31,597.9,133
2023-11-05,Dunkerque,Magasin,Mode,Pull laine,2,884.49,0.0,1768.98,992.12,471
2023-11-05,Dunkerque,Magasin,Bricolage,Tournevis set,2,636.28,0.0,1272.56,640.88,439
2023-11-06,Valenciennes,Magasin,Bricolage,Échelle alu,1,354.67,0.0,354.67,168.4,574
2023-11-06,Lille,Magasin,Bricolage,Échelle alu,3,354.67,0.0,1064.01,505.2,463
2023-11-06,Lille,Magasin,Maison,Set casseroles,3,706.85,0.0,2120.55,1223.01,571
2023-11-06,Lille,Magasin,Mode,Jean homme,4,272.27,0.0,1089.08,368.48,174
2023-11-06,Dunkerque,Magasin,Électroménager,Bouilloire,2,726.04,0.0,1452.08,784.6,540
2023-11-06,Amiens,Magasin,Mode,Robe été,1,296.52,0.0,296.52,72.46,115
2023-11-06,Amiens,Magasin,Maison,Lampe LED,5,134.22,0.0,671.1,341.4,234
2023-11-06,En ligne,E-commerce,Mode,Pull laine,2,884.49,0.0,1768.98,992.12,550
2023-11-06,Lille,Magasin,Maison,Étagère bois,3,279.59,0.0,838.77,267.36,53
2023-11-06,En ligne,E-commerce,Bricolage,Tournevis set,1,636.28,0.0,636.28,320.44,138
2023-11-06,Roubaix,Magasin,Sport,Chaussures running,1,569.53,0.0,569.53,310.2,24
2023-11-06,Dunkerque,Magasin,Électroménager,Micro-ondes,2,453.16,0.0,906.32,343.12,263
2023-11-06,Lille,Magasin,Maison,Étagère bois,1,279.59,0.0,279.59,89.12,11
2023-11-06,Valenciennes,Magasin,Sport,Ballon foot,1,100.1,0.0,100.1,57.9,296
2023-11-06,Amiens,Magasin,Sport,Raquette tennis,1,706.19,0.05,670.88,326.73,288
2023-11-06,Lille,Magasin,Électroménager,Cafetière,4,392.24,0.0,1568.96,858.24,557
2023-11-06,Lille,Magasin,Sport,Ballon foot,3,100.1,0.0,300.3,173.7,394
2023-11-06,Valenciennes,Magasin,Sport,Chaussures running,3,569.53,0.0,1708.59,930.6,64
2023-11-06,Dunkerque,Magasin,Mode,Baskets ville,2,460.51,0.2,736.82,111.9,331
2023-11-07,En ligne,E-commerce,Sport,Tapis yoga,3,658.36,0.0,1975.08,1058.13,388
2023-11-07,Tourcoing,Magasin,Électroménager,Aspirateur,5,191.18,0.0,955.9,482.75,302
2023-11-07,Valenciennes,Magasin,Sport,Vélo VTT,1,545.21,0.05,517.95,207.24,243
2023-11-07,Amiens,Magasin,Sport,Haltères 10kg,3,98.3,0.05,280.15,113.35,374
2023-11-07,Lille,Magasin,Bricolage,Perceuse,3,105.66,0.0,316.98,65.1,541
2023-11-07,Amiens,Magasin,Mode,Veste hiver,3,655.99,0.0,1967.97,972.24,550
2023-11-07,Tourcoing,Magasin,Électroménager,Bouilloire,2,726.04,0.1,1306.87,639.39,391
2023-11-07,Dunkerque,Magasin,Mode,Baskets ville,3,460.51,0.0,1381.53,444.15,484
2023-11-07,En ligne,E-commerce,Maison,Étagère bois,2,279.59,0.0,559.18,178.24,466
2023-11-07,Tourcoing,Magasin,Bricolage,Boîte à outils,2,83.21,0.0,166.42,45.98,308
2023-11-07,Amiens,Magasin,Sport,Chaussures running,2,569.53,0.0,1139.06,620.4,536
2023-11-07,Valenciennes,Magasin,Mode,T-shirt coton,3,504.67,0.0,1514.01,600.69,236
2023-11-07,Amiens,Magasin,Bricolage,Boîte à outils,1,83.21,0.0,83.21,22.99,494
2023-11-07,Valenciennes,Magasin,Électroménager,Robot cuiseur,4,249.97,0.0,999.88,367.68,335
2023-11-07,Lille,Magasin,Sport,Tapis yoga,4,658.36,0.0,2633.44,1410.84,123
2023-11-07,Tourcoing,Magasin,Sport,Raquette tennis,2,706.19,0.0,1412.38,724.08,574
2023-11-07,Roubaix,Magasin,Sport,Raquette tennis,3,706.19,0.0,2118.57,1086.12,403
2023-11-07,Valenciennes,Magasin,Sport,Chaussures running,3,569.53,0.0,1708.59,930.6,334
2023-11-07,Valenciennes,Magasin,Bricolage,Échelle alu,3,354.67,0.0,1064.01,505.2,245
2023-11-07,Amiens,Magasin,Bricolage,Échelle alu,2,354.67,0.0,709.34,336.8,502
2023-11-07,Dunkerque,Magasin,Électroménager,Aspirateur,2,191.18,0.0,382.36,193.1,103
2023-11-08,Lille,Magasin,Bricolage,Perceuse,2,105.66,0.0,211.32,43.4,190
2023-11-08,Tourcoing,Magasin,Sport,Maillot bain,4,350.77,0.0,1403.08,797.2,474
2023-11-08,En ligne,E-commerce,Mode,Baskets ville,5,460.51,0.0,2302.55,740.25,486
2023-11-08,Lille,Magasin,Maison,Set casseroles,1,706.85,0.0,706.85,407.67,218
2023-11-08,Dunkerque,Magasin,Sport,Chaussures running,2,569.53,0.0,1139.06,620.4,200
2023-11-08,Valenciennes,Magasin,Sport,Maillot bain,1,350.77,0.05,333.23,181.76,56
2023-11-08,Tourcoing,Magasin,Sport,Ballon foot,2,100.1,0.05,190.19,105.79,504
2023-11-08,Lille,Magasin,Sport,Raquette tennis,4,706.19,0.0,2824.76,1448.16,163
2023-11-08,Roubaix,Magasin,Maison,Set casseroles,1,706.85,0.0,706.85,407.67,297
2023-11-08,Dunkerque,Magasin,Sport,Ballon foot,1,100.1,0.0,100.1,57.9,3
2023-11-08,Tourcoing,Magasin,Électroménager,Cafetière,2,392.24,0.0,784.48,429.12,577
2023-11-08,En ligne,E-commerce,Maison,Lampe LED,2,134.22,0.0,268.44,136.56,560
2023-11-09,Valenciennes,Magasin,Mode,Jean homme,3,272.27,0.05,775.97,235.52,557
2023-11-09,Dunkerque,Magasin,Sport,Vélo VTT,4,545.21,0.2,1744.67,501.83,307
2023-11-09,Amiens,Magasin,Électroménager,Cafetière,4,392.24,0.0,1568.96,858.24,193
2023-11-09,Roubaix,Magasin,Maison,Lampe LED,2,134.22,0.0,268.44,136.56,177
2023-11-09,En ligne,E-commerce,Sport,Tapis yoga,4,658.36,0.05,2501.77,1279.17,233
2023-11-09,Roubaix,Magasin,Sport,Chaussures running,3,569.53,0.0,1708.59,930.6,18
2023-11-09,Lille,Magasin,Maison,Couette 220x240,2,224.09,0.0,448.18,180.78,248
2023-11-09,Roubaix,Magasin,Bricolage,Échelle alu,1,354.67,0.0,354.67,168.4,501
2023-11-09,Amiens,Magasin,Bricolage,Tournevis set,1,636.28,0.0,636.28,320.44,198
2023-11-09,Roubaix,Magasin,Sport,Tapis yoga,4,658.36,0.0,2633.44,1410.84,354
2023-11-09,Amiens,Magasin,Maison,Lampe LED,4,134.22,0.0,536.88,273.12,546
2023-11-09,Amiens,Magasin,Sport,Ballon foot,1,100.1,0.0,100.1,57.9,514
2023-11-09,Amiens,Magasin,Mode,T-shirt coton,4,504.67,0.0,2018.68,800.92,276
2023-11-09,Tourcoing,Magasin,Mode,Baskets ville,1,460.51,0.0,460.51,148.05,183
2023-11-09,En ligne,E-commerce,Sport,Chaussures running,4,569.53,0.0,2278.12,1240.8,487
2023-11-09,Amiens,Magasin,Sport,Haltères 10kg,2,98.3,0.1,176.94,65.74,74
2023-11-09,Dunkerque,Magasin,Électroménager,Cafetière,2,392.24,0.1,706.03,350.67,357
2023-11-09,Valenciennes,Magasin,Mode,Pull laine,2,884.49,0.1,1592.08,815.22,536
2023-11-09,Tourcoing,Magasin,Maison,Étagère bois,1,279.59,0.0,279.59,89.12,215
2023-11-09,Valenciennes,Magasin,Maison,Lampe LED,1,134.22,0.0,134.22,68.28,456
2023-11-09,Tourcoing,Magasin,Maison,Couette 220x240,1,224.09,0.0,224.09,90.39,202
2023-11-09,Amiens,Magasin,Sport,Maillot bain,3,350.77,0.0,1052.31,597.9,358
2023-11-09,Valenciennes,Magasin,Maison,Étagère bois,4,279.59,0.05,1062.44,300.56,210
2023-11-09,Amiens,Magasin,Électroménager,Bouilloire,1,726.04,0.0,726.04,392.3,209
2023-11-09,Amiens,Magasin,Maison,Rideau occultant,3,101.21,0.0,303.63,134.67,451
2023-11-10,Dunkerque,Magasin,Électroménager,Robot cuiseur,2,249.97,0.0,499.94,183.84,326
2023-11-10,Valenciennes,Magasin,Sport,Ballon foot,2,100.1,0.0,200.2,115.8,483
2023-11-10,Lille,Magasin,Sport,Chaussures running,3,569.53,0.05,1623.16,845.17,503
2023-11-10,Valenciennes,Magasin,Mode,Pull laine,3,884.49,0.0,2653.47,1488.18,163
2023-11-10,Valenciennes,Magasin,Sport,Ballon foot,1,100.1,0.0,100.1,57.9,255
2023-11-10,En ligne,E-commerce,Mode,Jean homme,1,272.27,0.0,272.27,92.12,394
2023-11-10,Valenciennes,Magasin,Bricolage,Échelle alu,4,354.67,0.0,1418.68,673.6,45
2023-11-10,En ligne,E-commerce,Maison,Rideau occultant,1,101.21,0.0,101.21,44.89,527
2023-11-10,Roubaix,Magasin,Bricolage,Perceuse,4,105.66,0.0,422.64,86.8,530
2023-11-10,Amiens,Magasin,Électroménager,Bouilloire,1,726.04,0.0,726.04,392.3,83
2023-11-10,Valenciennes,Magasin,Électroménager,Réfrigérateur,3,387.37,0.0,1162.11,338.34,141
2023-11-10,Dunkerque,Magasin,Bricolage,Peinture 5L,2,609.0,0.0,1218.0,650.92,286
2023-11-10,Valenciennes,Magasin,Bricolage,Tournevis set,5,636.28,0.0,3181.4,1602.2,164
2023-11-10,Tourcoing,Magasin,Maison,Étagère bois,3,279.59,0.0,838.77,267.36,311
2023-11-10,Amiens,Magasin,Électroménager,Cafetière,2,392.24,0.0,784.48,429.12,351
2023-11-10,Roubaix,Magasin,Sport,Ballon foot,1,100.1,0.0,100.1,57.9,461
2023-11-11,Amiens,Magasin,Mode,Pull laine,2,884.49,0.0,1768.98,992.12,122
2023-11-11,Dunkerque,Magasin,Sport,Raquette tennis,4,706.19,0.0,2824.76,1448.16,585
2023-11-11,Dunkerque,Magasin,Sport,Raquette tennis,2,706.19,0.0,1412.38,724.08,403
2023-11-11,En ligne,E-commerce,Mode,Robe été,3,296.52,0.05,845.08,172.9,523
2023-11-11,Dunkerque,Magasin,Bricolage,Perceuse,2,105.66,0.0,211.32,43.4,543
2023-11-11,Tourcoing,Magasin,Bricolage,Tournevis set,2,636.28,0.0,1272.56,640.88,276
2023-11-11,Tourcoing,Magasin,Électroménager,Réfrigérateur,1,387.37,0.0,387.37,112.78,156
2023-11-11,Valenciennes,Magasin,Mode,Pull laine,1,884.49,0.0,884.49,496.06,73
2023-11-11,Dunkerque,Magasin,Bricolage,Tournevis set,2,636.28,0.0,1272.56,640.88,26
2023-11-11,Lille,Magasin,Électroménager,Cafetière,1,392.24,0.0,392.24,214.56,435
2023-11-11,Dunkerque,Magasin,Sport,Haltères 10kg,4,98.3,0.05,373.54,151.14,49
2023-11-11,Lille,Magasin,Bricolage,Boîte à outils,4,83.21,0.0,332.84,91.96,182
2023-11-12,Dunkerque,Magasin,Électroménager,Cafetière,4,392.24,0.0,1568.96,858.24,529
2023-11-12,Lille,Magasin,Sport,Ballon foot,3,100.1,0.0,300.3,173.7,212
2023-11-12,Tourcoing,Magasin,Électroménager,Robot cuiseur,3,249.97,0.0,749.91,275.76,478
2023-11-12,Dunkerque,Magasin,Bricolage,Boîte à outils,1,83.21,0.0,83.21,22.99,441
2023-11-12,Lille,Magasin,Bricolage,Boîte à outils,4,83.21,0.1,299.56,58.68,277
2023-11-12,Roubaix,Magasin,Mode,Baskets ville,2,460.51,0.0,921.02,296.1,78
2023-11-12,Valenciennes,Magasin,Mode,Pull laine,3,884.49,0.0,2653.47,1488.18,269
2023-11-12,Roubaix,Magasin,Bricolage,Peinture 5L,3,609.0,0.05,1735.65,885.03,344
2023-11-12,Lille,Magasin,Sport,Ballon foot,2,100.1,0.0,200.2,115.8,246
2023-11-12,Dunkerque,Magasin,Bricolage,Échelle alu,4,354.67,0.0,1418.68,673.6,142
2023-11-12,Roubaix,Magasin,Sport,Maillot bain,2,350.77,0.0,701.54,398.6,207
2023-11-12,Dunkerque,Magasin,Maison,Canapé 3 places,1,246.23,0.0,246.23,56.88,221
2023-11-12,Roubaix,Magasin,Maison,Étagère bois,2,279.59,0.0,559.18,178.24,445
2023-11-12,Roubaix,Magasin,Bricolage,Boîte à outils,3,83.21,0.0,249.63,68.97,109
2023-11-12,Dunkerque,Magasin,Maison,Set casseroles,1,706.85,0.0,706.85,407.67,345
2023-11-12,Valenciennes,Magasin,Sport,Raquette tennis,4,706.19,0.0,2824.76,1448.16,450
2023-11-13,En ligne,E-commerce,Bricolage,Tournevis set,3,636.28,0.0,1908.84,961.32,532
2023-11-13,Lille,Magasin,Sport,Haltères 10kg,3,98.3,0.0,294.9,128.1,253
2023-11-13,Lille,Magasin,Maison,Rideau occultant,3,101.21,0.0,303.63,134.67,188
2023-11-13,En ligne,E-commerce,Sport,Tapis yoga,1,658.36,0.0,658.36,352.71,150
2023-11-13,Lille,Magasin,Sport,Ballon foot,1,100.1,0.0,100.1,57.9,28
2023-11-13,En ligne,E-commerce,Sport,Raquette tennis,1,706.19,0.0,706.19,362.04,212
2023-11-13,Roubaix,Magasin,Maison,Rideau occultant,1,101.21,0.0,101.21,44.89,273
2023-11-13,Valenciennes,Magasin,Maison,Couette 220x240,1,224.09,0.0,224.09,90.39,494
2023-11-13,Lille,Magasin,Mode,Robe été,1,296.52,0.0,296.52,72.46,345
2023-11-13,En ligne,E-commerce,Bricolage,Peinture 5L,2,609.0,0.0,1218.0,650.92,35
2023-11-13,En ligne,E-commerce,Sport,Raquette tennis,2,706.19,0.0,1412.38,724.08,502
2023-11-13,Roubaix,Magasin,Maison,Rideau occultant,3,101.21,0.0,303.63,134.67,197
2023-11-13,Lille,Magasin,Sport,Raquette tennis,3,706.19,0.0,2118.57,1086.12,47
2023-11-13,Tourcoing,Magasin,Maison,Canapé 3 places,3,246.23,0.0,738.69,170.64,501
2023-11-13,Lille,Magasin,Maison,Étagère bois,2,279.59,0.0,559.18,178.24,487
2023-11-13,En ligne,E-commerce,Maison,Lampe LED,2,134.22,0.1,241.6,109.72,373
2023-11-14,Lille,Magasin,Maison,Canapé 3 places,3,246.23,0.0,738.69,170.64,512
2023-11-14,Tourcoing,Magasin,Maison,Rideau occultant,3,101.21,0.0,303.63,134.67,389
2023-11-14,Lille,Magasin,Maison,Couette 220x240,2,224.09,0.0,448.18,180.78,188
2023-11-14,Lille,Magasin,Électroménager,Réfrigérateur,4,387.37,0.0,1549.48,451.12,579
2023-11-14,Amiens,Magasin,Maison,Rideau occultant,5,101.21,0.05,480.75,199.15,23
2023-11-14,Lille,Magasin,Maison,Étagère bois,4,279.59,0.0,1118.36,356.48,377
2023-11-14,Amiens,Magasin,Électroménager,Robot cuiseur,2,249.97,0.0,499.94,183.84,138
2023-11-14,Amiens,Magasin,Électroménager,Robot cuiseur,5,249.97,0.0,1249.85,459.6,447
2023-11-14,Roubaix,Magasin,Électroménager,Robot cuiseur,2,249.97,0.0,499.94,183.84,209
2023-11-14,Lille,Magasin,Sport,Maillot bain,1,350.77,0.05,333.23,181.76,523
2023-11-14,Lille,Magasin,Sport,Tapis yoga,2,658.36,0.0,1316.72,705.42,265
2023-11-14,Tourcoing,Magasin,Sport,Vélo VTT,3,545.21,0.0,1635.63,703.5,535
2023-11-14,En ligne,E-commerce,Mode,Baskets ville,1,460.51,0.0,460.51,148.05,150
2023-11-14,Amiens,Magasin,Sport,Chaussures running,3,569.53,0.0,1708.59,930.6,250
2023-11-14,En ligne,E-commerce,Sport,Maillot bain,1,350.77,0.0,350.77,199.3,476
2023-11-14,Lille,Magasin,Sport,Chaussures running,3,569.53,0.0,1708.59,930.6,169
2023-11-14,Lille,Magasin,Mode,Baskets ville,2,460.51,0.0,921.02,296.1,400
2023-11-14,Tourcoing,Magasin,Électroménager,Micro-ondes,3,453.16,0.05,1291.51,446.71,572
2023-11-14,En ligne,E-commerce,Mode,T-shirt coton,3,504.67,0.0,1514.01,600.69,59
2023-11-14,Amiens,Magasin,Électroménager,Bouilloire,2,726.04,0.0,1452.08,784.6,438
2023-11-14,Dunkerque,Magasin,Électroménager,Micro-ondes,4,453.16,0.0,1812.64,686.24,32
2023-11-15,Lille,Magasin,Bricolage,Peinture 5L,2,609.0,0.0,1218.0,650.92,420
2023-11-15,En ligne,E-commerce,Sport,Chaussures running,3,569.53,0.0,1708.59,930.6,177
2023-11-15,Lille,Magasin,Mode,Robe été,3,296.52,0.0,889.56,217.38,191
2023-11-15,En ligne,E-commerce,Mode,Robe été,2,296.52,0.0,593.04,144.92,404
2023-11-15,Valenciennes,Magasin,Électroménager,Bouilloire,3,726.04,0.0,2178.12,1176.9,99
2023-11-15,Roubaix,Magasin,Maison,Set casseroles,3,706.85,0.0,2120.55,1223.01,3
2023-11-15,Tourcoing,Magasin,Sport,Maillot bain,2,350.77,0.0,701.54,398.6,403
2023-11-15,En ligne,E-commerce,Mode,Veste hiver,2,655.99,0.0,1311.98,648.16,563
2023-11-15,Dunkerque,Magasin,Maison,Couette 220x240,3,224.09,0.0,672.27,271.17,288
2023-11-15,Tourcoing,Magasin,Sport,Ballon foot,2,100.1,0.1,180.18,95.78,496
2023-11-15,Valenciennes,Magasin,Sport,Maillot bain,1,350.77,0.0,350.77,199.3,230
2023-11-15,Roubaix,Magasin,Électroménager,Robot cuiseur,2,249.97,0.0,499.94,183.84,427
2023-11-15,Tourcoing,Magasin,Bricolage,Perceuse,1,105.66,0.0,105.66,21.7,312
2023-11-15,En ligne,E-commerce,Électroménager,Réfrigérateur,4,387.37,0.0,1549.48,451.12,73
2023-11-15,Amiens,Magasin,Bricolage,Peinture 5L,2,609.0,0.0,1218.0,650.92,108
2023-11-15,Dunkerque,Magasin,Bricolage,Tournevis set,1,636.28,0.0,636.28,320.44,234
2023-11-15,Lille,Magasin,Sport,Tapis yoga,4,658.36,0.0,2633.44,1410.84,214
2023-11-15,En ligne,E-commerce,Électroménager,Cafetière,2,392.24,0.0,784.48,429.12,202
2023-11-15,Amiens,Magasin,Bricolage,Peinture 5L,1,609.0,0.0,609.0,325.46,401
2023-11-16,Lille,Magasin,Mode,Pull laine,3,884.49,0.0,2653.47,1488.18,538
2023-11-16,Roubaix,Magasin,Bricolage,Peinture 5L,2,609.0,0.1,1096.2,529.12,13
2023-11-16,Lille,Magasin,Sport,Ballon foot,3,100.1,0.0,300.3,173.7,360
2023-11-16,Valenciennes,Magasin,Électroménager,Réfrigérateur,1,387.37,0.0,387.37,112.78,187
2023-11-16,Dunkerque,Magasin,Électroménager,Aspirateur,1,191.18,0.05,181.62,86.99,63
2023-11-16,Dunkerque,Magasin,Sport,Vélo VTT,4,545.21,0.0,2180.84,938.0,335
2023-11-16,Amiens,Magasin,Mode,Baskets ville,1,460.51,0.0,460.51,148.05,521
2023-11-16,Roubaix,Magasin,Sport,Raquette tennis,4,706.19,0.0,2824.76,1448.16,579
2023-11-16,Valenciennes,Magasin,Maison,Couette 220x240,2,224.09,0.0,448.18,180.78,573
2023-11-16,Valenciennes,Magasin,Mode,Jean homme,3,272.27,0.0,816.81,276.36,57
2023-11-16,Lille,Magasin,Maison,Rideau occultant,2,101.21,0.1,182.18,69.54,247
2023-11-16,Lille,Magasin,Sport,Ballon foot,1,100.1,0.0,100.1,57.9,262
2023-11-16,Roubaix,Magasin,Sport,Vélo VTT,1,545.21,0.0,545.21,234.5,524
2023-11-16,Valenciennes,Magasin,Sport,Haltères 10kg,3,98.3,0.0,294.9,128.1,479
2023-11-16,Dunkerque,Magasin,Électroménager,Cafetière,4,392.24,0.0,1568.96,858.24,187
2023-11-16,Lille,Magasin,Mode,Baskets ville,4,460.51,0.0,1842.04,592.2,551
2023-11-16,Roubaix,Magasin,Mode,Baskets ville,3,460.51,0.0,1381.53,444.15,180
2023-11-16,Dunkerque,Magasin,Électroménager,Bouilloire,3,726.04,0.0,2178.12,1176.9,237
2023-11-16,Valenciennes,Magasin,Bricolage,Échelle alu,1,354.67,0.1,319.2,132.93,543
2023-11-16,Valenciennes,Magasin,Sport,Ballon foot,2,100.1,0.05,190.19,105.79,415
2023-11-16,Amiens,Magasin,Sport,Raquette tennis,1,706.19,0.0,706.19,362.04,147
2023-11-16,Tourcoing,Magasin,Mode,T-shirt coton,1,504.67,0.0,504.67,200.23,298
2023-11-16,Amiens,Magasin,Mode,T-shirt coton,2,504.67,0.1,908.41,299.53,511
2023-11-16,Dunkerque,Magasin,Mode,Baskets ville,3,460.51,0.1,1243.38,306.0,481
2023-11-17,Lille,Magasin,Mode,Baskets ville,1,460.51,0.0,460.51,148.05,503
2023-11-17,Roubaix,Magasin,Électroménager,Robot cuiseur,1,249.97,0.0,249.97,91.92,139
2023-11-17,Valenciennes,Magasin,Maison,Canapé 3 places,3,246.23,0.0,738.69,170.64,351
2023-11-17,En ligne,E-commerce,Mode,Veste hiver,4,655.99,0.0,2623.96,1296.32,315
2023-11-17,Roubaix,Magasin,Sport,Vélo VTT,2,545.21,0.0,1090.42,469.0,279
2023-11-17,Amiens,Magasin,Maison,Set casseroles,1,706.85,0.1,636.17,336.99,177
2023-11-17,Dunkerque,Magasin,Sport,Vélo VTT,4,545.21,0.0,2180.84,938.0,26
2023-11-17,Amiens,Magasin,Électroménager,Cafetière,3,392.24,0.0,1176.72,643.68,93
2023-11-17,En ligne,E-commerce,Mode,Jean homme,2,272.27,0.0,544.54,184.24,590
2023-11-17,Amiens,Magasin,Sport,Tapis yoga,3,658.36,0.2,1580.06,663.11,531
2023-11-17,Dunkerque,Magasin,Électroménager,Aspirateur,2,191.18,0.0,382.36,193.1,138
2023-11-17,Lille,Magasin,Mode,Veste hiver,4,655.99,0.0,2623.96,1296.32,344
2023-11-17,En ligne,E-commerce,Mode,Veste hiver,1,655.99,0.0,655.99,324.08,340
2023-11-17,Tourcoing,Magasin,Mode,Baskets ville,2,460.51,0.05,874.97,250.05,99
2023-11-17,Tourcoing,Magasin,Sport,Maillot bain,1,350.77,0.0,350.77,199.3,223
2023-11-17,Roubaix,Magasin,Maison,Étagère bois,4,279.59,0.0,1118.36,356.48,446
2023-11-17,En ligne,E-commerce,Mode,Baskets ville,2,460.51,0.0,921.02,296.1,392
2023-11-17,Tourcoing,Magasin,Bricolage,Tournevis set,1,636.28,0.0,636.28,320.44,80
2023-11-17,Lille,Magasin,Mode,T-shirt coton,2,504.67,0.0,1009.34,400.46,299
2023-11-17,Valenciennes,Magasin,Sport,Raquette tennis,1,706.19,0.0,706.19,362.04,42
2023-11-18,Tourcoing,Magasin,Mode,Pull laine,3,884.49,0.0,2653.47,1488.18,261
2023-11-18,Lille,Magasin,Électroménager,Robot cuiseur,1,249.97,0.0,249.97,91.92,584
2023-11-18,Lille,Magasin,Électroménager,Aspirateur,3,191.18,0.05,544.86,260.97,132
2023-11-18,Valenciennes,Magasin,Sport,Vélo VTT,1,545.21,0.0,545.21,234.5,285
2023-11-18,Dunkerque,Magasin,Mode,Baskets ville,5,460.51,0.05,2187.42,625.12,258
2023-11-18,Lille,Magasin,Maison,Canapé 3 places,4,246.23,0.0,984.92,227.52,318
2023-11-18,Tourcoing,Magasin,Électroménager,Réfrigérateur,3,387.37,0.0,1162.11,338.34,324
2023-11-18,En ligne,E-commerce,Bricolage,Peinture 5L,2,609.0,0.0,1218.0,650.92,183
2023-11-18,Dunkerque,Magasin,Maison,Lampe LED,2,134.22,0.0,268.44,136.56,137
2023-11-18,Lille,Magasin,Sport,Vélo VTT,2,545.21,0.0,1090.42,469.0,90
2023-11-18,Roubaix,Magasin,Maison,Couette 220x240,2,224.09,0.0,448.18,180.78,427
2023-11-18,Amiens,Magasin,Mode,T-shirt coton,4,504.67,0.0,2018.68,800.92,88
2023-11-18,En ligne,E-commerce,Mode,T-shirt coton,1,504.67,0.2,403.74,99.3,428
2023-11-18,Roubaix,Magasin,Maison,Couette 220x240,1,224.09,0.0,224.09,90.39,295
2023-11-18,Tourcoing,Magasin,Électroménager,Aspirateur,3,191.18,0.0,573.54,289.65,299
2023-11-18,Dunkerque,Magasin,Mode,T-shirt coton,2,504.67,0.0,1009.34,400.46,67
2023-11-18,Lille,Magasin,Mode,Robe été,4,296.52,0.0,1186.08,289.84,276
2023-11-18,Roubaix,Magasin,Mode,Veste hiver,2,655.99,0.0,1311.98,648.16,325
2023-11-18,Dunkerque,Magasin,Mode,Robe été,3,296.52,0.0,889.56,217.38,24
2023-11-18,Dunkerque,Magasin,Maison,Étagère bois,4,279.59,0.05,1062.44,300.56,397
2023-11-18,En ligne,E-commerce,Mode,Pull laine,4,884.49,0.0,3537.96,1984.24,230
2023-11-18,Lille,Magasin,Électroménager,Aspirateur,4,191.18,0.0,764.72,386.2,410
2023-11-18,Lille,Magasin,Sport,Haltères 10kg,3,98.3,0.0,294.9,128.1,592
2023-11-19,En ligne,E-commerce,Sport,Vélo VTT,1,545.21,0.0,545.21,234.5,89
2023-11-19,Dunkerque,Magasin,Mode,Jean homme,3,272.27,0.0,816.81,276.36,575
2023-11-19,Amiens,Magasin,Bricolage,Tournevis set,3,636.28,0.0,1908.84,961.32,90
2023-11-19,Tourcoing,Magasin,Bricolage,Échelle alu,1,354.67,0.0,354.67,168.4,548
2023-11-19,Tourcoing,Magasin,Maison,Canapé 3 places,5,246.23,0.05,1169.59,222.84,199
2023-11-19,En ligne,E-commerce,Mode,Baskets ville,2,460.51,0.0,921.02,296.1,148
2023-11-19,Dunkerque,Magasin,Bricolage,Perceuse,4,105.66,0.0,422.64,86.8,357
2023-11-19,Lille,Magasin,Mode,Robe été,2,296.52,0.0,593.04,144.92,169
2023-11-19,En ligne,E-commerce,Électroménager,Aspirateur,1,191.18,0.0,191.18,96.55,449
2023-11-19,Lille,Magasin,Bricolage,Tournevis set,2,636.28,0.0,1272.56,640.88,25
2023-11-19,En ligne,E-commerce,Bricolage,Peinture 5L,4,609.0,0.0,2436.0,1301.84,452
2023-11-20,Valenciennes,Magasin,Mode,Veste hiver,3,655.99,0.0,1967.97,972.24,452
2023-11-20,Dunkerque,Magasin,Électroménager,Cafetière,2,392.24,0.2,627.58,272.22,53
2023-11-20,Dunkerque,Magasin,Sport,Vélo VTT,1,545.21,0.0,545.21,234.5,298
2023-11-20,Dunkerque,Magasin,Maison,Lampe LED,2,134.22,0.0,268.44,136.56,325
2023-11-20,Lille,Magasin,Sport,Tapis yoga,3,658.36,0.2,1580.06,663.11,556
2023-11-20,Tourcoing,Magasin,Maison,Lampe LED,2,134.22,0.0,268.44,136.56,568
2023-11-20,Amiens,Magasin,Mode,T-shirt coton,1,504.67,0.0,504.67,200.23,447
2023-11-20,En ligne,E-commerce,Mode,Baskets ville,3,460.51,0.0,1381.53,444.15,360
2023-11-20,Valenciennes,Magasin,Électroménager,Robot cuiseur,2,249.97,0.0,499.94,183.84,132
2023-11-20,Dunkerque,Magasin,Sport,Raquette tennis,2,706.19,0.05,1341.76,653.46,300
2023-11-20,En ligne,E-commerce,Bricolage,Peinture 5L,1,609.0,0.0,609.0,325.46,74
2023-11-20,Lille,Magasin,Sport,Chaussures running,3,569.53,0.0,1708.59,930.6,353
2023-11-20,En ligne,E-commerce,Mode,T-shirt coton,2,504.67,0.0,1009.34,400.46,394
2023-11-20,Lille,Magasin,Mode,Baskets ville,2,460.51,0.0,921.02,296.1,315
2023-11-20,Lille,Magasin,Maison,Couette 220x240,2,224.09,0.0,448.18,180.78,251
2023-11-20,Roubaix,Magasin,Mode,Baskets ville,2,460.51,0.0,921.02,296.1,323
2023-11-21,Valenciennes,Magasin,Mode,Robe été,3,296.52,0.2,711.65,39.47,386
2023-11-21,En ligne,E-commerce,Bricolage,Peinture 5L,1,609.0,0.05,578.55,295.01,369
2023-11-21,Tourcoing,Magasin,Sport,Ballon foot,2,100.1,0.05,190.19,105.79,274
2023-11-21,Tourcoing,Magasin,Maison,Set casseroles,1,706.85,0.0,706.85,407.67,520
2023-11-21,Roubaix,Magasin,Bricolage,Peinture 5L,1,609.0,0.05,578.55,295.01,138
2023-11-21,Lille,Magasin,Maison,Étagère bois,2,279.59,0.0,559.18,178.24,103
2023-11-21,Dunkerque,Magasin,Électroménager,Bouilloire,1,726.04,0.0,726.04,392.3,407
2023-11-21,Amiens,Magasin,Bricolage,Tournevis set,3,636.28,0.0,1908.84,961.32,454
2023-11-21,Amiens,Magasin,Mode,Baskets ville,3,460.51,0.0,1381.53,444.15,459
2023-11-21,Dunkerque,Magasin,Électroménager,Bouilloire,2,726.04,0.05,1379.48,712.0,96
2023-11-21,En ligne,E-commerce,Électroménager,Micro-ondes,2,453.16,0.1,815.69,252.49,361
2023-11-21,Roubaix,Magasin,Électroménager,Cafetière,3,392.24,0.0,1176.72,643.68,186
2023-11-21,Lille,Magasin,Maison,Canapé 3 places,1,246.23,0.0,246.23,56.88,569
2023-11-21,Amiens,Magasin,Électroménager,Micro-ondes,2,453.16,0.05,861.0,297.8,508
2023-11-22,Roubaix,Magasin,Sport,Maillot bain,2,350.77,0.0,701.54,398.6,189
2023-11-22,Lille,Magasin,Sport,Tapis yoga,3,658.36,0.0,1975.08,1058.13,326
2023-11-22,Roubaix,Magasin,Mode,T-shirt coton,2,504.67,0.05,958.87,349.99,498
2023-11-22,Amiens,Magasin,Sport,Maillot bain,4,350.77,0.0,1403.08,797.2,571
2023-11-22,Lille,Magasin,Mode,Pull laine,1,884.49,0.0,884.49,496.06,199
2023-11-22,Lille,Magasin,Mode,Veste hiver,1,655.99,0.1,590.39,258.48,590
2023-11-22,Lille,Magasin,Maison,Canapé 3 places,2,246.23,0.0,492.46,113.76,153
2023-11-22,Roubaix,Magasin,Maison,Couette 220x240,3,224.09,0.0,672.27,271.17,470
2023-11-22,Tourcoing,Magasin,Électroménager,Micro-ondes,3,453.16,0.0,1359.48,514.68,323
2023-11-22,En ligne,E-commerce,Maison,Rideau occultant,5,101.21,0.0,506.05,224.45,490
2023-11-22,Amiens,Magasin,Sport,Maillot bain,3,350.77,0.0,1052.31,597.9,345
2023-11-22,Valenciennes,Magasin,Sport,Ballon foot,2,100.1,0.0,200.2,115.8,498
2023-11-22,Lille,Magasin,Sport,Raquette tennis,1,706.19,0.0,706.19,362.04,276
2023-11-22,En ligne,E-commerce,Électroménager,Aspirateur,1,191.18,0.05,181.62,86.99,96
2023-11-22,Valenciennes,Magasin,Sport,Maillot bain,2,350.77,0.0,701.54,398.6,441
2023-11-22,Roubaix,Magasin,Électroménager,Robot cuiseur,2,249.97,0.0,499.94,183.84,400
2023-11-22,Valenciennes,Magasin,Maison,Rideau occultant,1,101.21,0.0,101.21,44.89,210
2023-11-22,Dunkerque,Magasin,Électroménager,Bouilloire,1,726.04,0.0,726.04,392.3,372
2023-11-22,Dunkerque,Magasin,Maison,Canapé 3 places,4,246.23,0.0,984.92,227.52,61
2023-11-23,Tourcoing,Magasin,Maison,Étagère bois,2,279.59,0.0,559.18,178.24,324
2023-11-23,Lille,Magasin,Sport,Vélo VTT,1,545.21,0.0,545.21,234.5,146
2023-11-23,Dunkerque,Magasin,Mode,T-shirt coton,1,504.67,0.1,454.2,149.76,319
2023-11-23,Tourcoing,Magasin,Sport,Maillot bain,1,350.77,0.0,350.77,199.3,266
2023-11-23,Valenciennes,Magasin,Maison,Rideau occultant,3,101.21,0.0,303.63,134.67,280
2023-11-23,Lille,Magasin,Sport,Ballon foot,4,100.1,0.0,400.4,231.6,20
2023-11-23,Valenciennes,Magasin,Mode,Robe été,1,296.52,0.0,296.52,72.46,366
2023-11-23,Lille,Magasin,Bricolage,Échelle alu,1,354.67,0.0,354.67,168.4,110
2023-11-23,En ligne,E-commerce,Maison,Lampe LED,3,134.22,0.0,402.66,204.84,360
2023-11-23,Amiens,Magasin,Mode,Robe été,2,296.52,0.0,593.04,144.92,261
2023-11-23,Valenciennes,Magasin,Bricolage,Perceuse,2,105.66,0.0,211.32,43.4,141
2023-11-23,Valenciennes,Magasin,Bricolage,Échelle alu,1,354.67,0.0,354.67,168.4,521
2023-11-23,Dunkerque,Magasin,Maison,Étagère bois,5,279.59,0.05,1328.05,375.7,457
2023-11-23,Lille,Magasin,Bricolage,Tournevis set,2,636.28,0.05,1208.93,577.25,394
2023-11-23,Tourcoing,Magasin,Bricolage,Peinture 5L,1,609.0,0.0,609.0,325.46,338
2023-11-24,Dunkerque,Magasin,Mode,Pull laine,5,884.49,0.1,3980.2,2038.06,230
2023-11-24,En ligne,E-commerce,Maison,Étagère bois,3,279.59,0.0,838.77,267.36,75
2023-11-24,En ligne,E-commerce,Maison,Canapé 3 places,1,246.23,0.0,246.23,56.88,61
2023-11-24,Roubaix,Magasin,Électroménager,Aspirateur,2,191.18,0.0,382.36,193.1,294
2023-11-24,En ligne,E-commerce,Sport,Tapis yoga,3,658.36,0.0,1975.08,1058.13,94
2023-11-24,Roubaix,Magasin,Sport,Chaussures running,1,569.53,0.0,569.53,310.2,236
2023-11-24,Lille,Magasin,Sport,Maillot bain,1,350.77,0.0,350.77,199.3,200
2023-11-24,Tourcoing,Magasin,Mode,Veste hiver,3,655.99,0.0,1967.97,972.24,500
2023-11-24,Roubaix,Magasin,Mode,T-shirt coton,4,504.67,0.0,2018.68,800.92,45
2023-11-24,Dunkerque,Magasin,Mode,Jean homme,2,272.27,0.0,544.54,184.24,585
2023-11-24,Tourcoing,Magasin,Sport,Raquette tennis,1,706.19,0.1,635.57,291.42,366
2023-11-24,Lille,Magasin,Mode,Jean homme,1,272.27,0.0,272.27,92.12,97
2023-11-24,En ligne,E-commerce,Électroménager,Robot cuiseur,3,249.97,0.1,674.92,200.77,86
2023-11-24,Dunkerque,Magasin,Mode,Baskets ville,4,460.51,0.0,1842.04,592.2,415
2023-11-24,En ligne,E-commerce,Mode,T-shirt coton,4,504.67,0.0,2018.68,800.92,390
2023-11-24,Lille,Magasin,Électroménager,Cafetière,1,392.24,0.0,392.24,214.56,517
2023-11-24,Dunkerque,Magasin,Maison,Canapé 3 places,2,246.23,0.0,492.46,113.76,373
2023-11-24,Valenciennes,Magasin,Sport,Ballon foot,1,100.1,0.0,100.1,57.9,487
2023-11-24,En ligne,E-commerce,Mode,T-shirt coton,1,504.67,0.05,479.44,175.0,73
2023-11-24,Roubaix,Magasin,Maison,Couette 220x240,2,224.09,0.0,448.18,180.78,486
2023-11-24,Dunkerque,Magasin,Sport,Haltères 10kg,4,98.3,0.0,393.2,170.8,520
2023-11-25,Roubaix,Magasin,Maison,Rideau occultant,1,101.21,0.05,96.15,39.83,390
2023-11-25,Roubaix,Magasin,Sport,Chaussures running,1,569.53,0.0,569.53,310.2,477
2023-11-25,Dunkerque,Magasin,Sport,Maillot bain,1,350.77,0.1,315.69,164.22,430
2023-11-25,Tourcoing,Magasin,Mode,Pull laine,4,884.49,0.0,3537.96,1984.24,487
2023-11-25,En ligne,E-commerce,Bricolage,Boîte à outils,4,83.21,0.0,332.84,91.96,123
2023-11-25,Valenciennes,Magasin,Sport,Vélo VTT,3,545.21,0.0,1635.63,703.5,256
2023-11-25,Valenciennes,Magasin,Bricolage,Peinture 5L,4,609.0,0.05,2314.2,1180.04,327
2023-11-25,Roubaix,Magasin,Électroménager,Aspirateur,4,191.18,0.0,764.72,386.2,70
2023-11-25,Dunkerque,Magasin,Électroménager,Aspirateur,2,191.18,0.0,382.36,193.1,327
2023-11-25,Dunkerque,Magasin,Mode,Pull laine,3,884.49,0.0,2653.47,1488.18,321
2023-11-26,Amiens,Magasin,Bricolage,Tournevis set,4,636.28,0.0,2545.12,1281.76,367
2023-11-26,Lille,Magasin,Maison,Canapé 3 places,1,246.23,0.0,246.23,56.88,445
2023-11-26,Roubaix,Magasin,Bricolage,Échelle alu,2,354.67,0.0,709.34,336.8,453
2023-11-26,Roubaix,Magasin,Mode,Veste hiver,2,655.99,0.0,1311.98,648.16,67
2023-11-26,Lille,Magasin,Sport,Haltères 10kg,3,98.3,0.0,294.9,128.1,331
2023-11-26,Lille,Magasin,Sport,Vélo VTT,4,545.21,0.0,2180.84,938.0,71
2023-11-26,Dunkerque,Magasin,Mode,Pull laine,1,884.49,0.05,840.27,451.84,310
2023-11-26,Valenciennes,Magasin,Maison,Lampe LED,2,134.22,0.0,268.44,136.56,276
2023-11-26,Dunkerque,Magasin,Bricolage,Tournevis set,2,636.28,0.0,1272.56,640.88,118
2023-11-26,En ligne,E-commerce,Maison,Couette 220x240,3,224.09,0.1,605.04,203.94,402
2023-11-26,Tourcoing,Magasin,Mode,Veste hiver,1,655.99,0.0,655.99,324.08,205
2023-11-26,Tourcoing,Magasin,Électroménager,Aspirateur,2,191.18,0.0,382.36,193.1,208
2023-11-26,Roubaix,Magasin,Bricolage,Perceuse,1,105.66,0.0,105.66,21.7,28
2023-11-26,En ligne,E-commerce,Maison,Couette 220x240,1,224.09,0.1,201.68,67.98,268
2023-11-26,Amiens,Magasin,Bricolage,Perceuse,1,105.66,0.0,105.66,21.7,83
2023-11-26,Roubaix,Magasin,Maison,Étagère bois,1,279.59,0.0,279.59,89.12,596
2023-11-26,En ligne,E-commerce,Mode,Veste hiver,2,655.99,0.2,1049.58,385.76,273
2023-11-26,Lille,Magasin,Maison,Rideau occultant,3,101.21,0.0,303.63,134.67,58
2023-11-26,Tourcoing,Magasin,Bricolage,Boîte à outils,2,83.21,0.0,166.42,45.98,113
2023-11-26,Valenciennes,Magasin,Mode,Veste hiver,2,655.99,0.05,1246.38,582.56,256
2023-11-26,Dunkerque,Magasin,Bricolage,Boîte à outils,3,83.21,0.0,249.63,68.97,415
2023-11-26,Roubaix,Magasin,Électroménager,Micro-ondes,2,453.16,0.0,906.32,343.12,581
2023-11-26,Roubaix,Magasin,Bricolage,Échelle alu,3,354.67,0.0,1064.01,505.2,422
2023-11-26,Dunkerque,Magasin,Sport,Vélo VTT,1,545.21,0.0,545.21,234.5,58
2023-11-26,Amiens,Magasin,Maison,Lampe LED,1,134.22,0.0,134.22,68.28,80
2023-11-27,Amiens,Magasin,Sport,Chaussures running,1,569.53,0.0,569.53,310.2,387
2023-11-27,Roubaix,Magasin,Bricolage,Peinture 5L,1,609.0,0.1,548.1,264.56,76
2023-11-27,Roubaix,Magasin,Sport,Ballon foot,4,100.1,0.0,400.4,231.6,442
2023-11-27,Amiens,Magasin,Sport,Haltères 10kg,4,98.3,0.0,393.2,170.8,177
2023-11-27,Lille,Magasin,Mode,Robe été,2,296.52,0.1,533.74,85.62,141
2023-11-27,En ligne,E-commerce,Bricolage,Tournevis set,2,636.28,0.0,1272.56,640.88,523
2023-11-27,Tourcoing,Magasin,Maison,Set casseroles,1,706.85,0.1,636.17,336.99,1
2023-11-27,En ligne,E-commerce,Électroménager,Micro-ondes,2,453.16,0.0,906.32,343.12,316
2023-11-27,En ligne,E-commerce,Mode,T-shirt coton,1,504.67,0.0,504.67,200.23,498
2023-11-27,Tourcoing,Magasin,Maison,Lampe LED,2,134.22,0.0,268.44,136.56,485
2023-11-27,Lille,Magasin,Électroménager,Robot cuiseur,1,249.97,0.0,249.97,91.92,37
2023-11-27,En ligne,E-commerce,Bricolage,Tournevis set,3,636.28,0.0,1908.84,961.32,241
2023-11-27,Valenciennes,Magasin,Sport,Chaussures running,3,569.53,0.0,1708.59,930.6,406
2023-11-27,Tourcoing,Magasin,Mode,Robe été,4,296.52,0.0,1186.08,289.84,84
2023-11-27,Dunkerque,Magasin,Sport,Tapis yoga,2,658.36,0.0,1316.72,705.42,428
2023-11-27,En ligne,E-commerce,Maison,Set casseroles,3,706.85,0.0,2120.55,1223.01,416
2023-11-27,Tourcoing,Magasin,Électroménager,Micro-ondes,4,453.16,0.0,1812.64,686.24,117
2023-11-27,Valenciennes,Magasin,Électroménager,Robot cuiseur,2,249.97,0.0,499.94,183.84,48
2023-11-27,Tourcoing,Magasin,Bricolage,Tournevis set,2,636.28,0.0,1272.56,640.88,532
2023-11-27,En ligne,E-commerce,Électroménager,Micro-ondes,4,453.16,0.0,1812.64,686.24,240
2023-11-28,Dunkerque,Magasin,Mode,T-shirt coton,2,504.67,0.0,1009.34,400.46,563
2023-11-28,Dunkerque,Magasin,Sport,Raquette tennis,1,706.19,0.0,706.19,362.04,44
2023-11-28,Dunkerque,Magasin,Sport,Chaussures running,2,569.53,0.0,1139.06,620.4,146
2023-11-28,Roubaix,Magasin,Électroménager,Aspirateur,1,191.18,0.2,152.94,58.31,308
2023-11-28,Roubaix,Magasin,Électroménager,Réfrigérateur,3,387.37,0.0,1162.11,338.34,157
2023-11-28,Roubaix,Magasin,Sport,Vélo VTT,3,545.21,0.0,1635.63,703.5,363
2023-11-28,Roubaix,Magasin,Bricolage,Perceuse,2,105.66,0.0,211.32,43.4,120
2023-11-28,Lille,Magasin,Électroménager,Réfrigérateur,4,387.37,0.0,1549.48,451.12,25
2023-11-28,Tourcoing,Magasin,Maison,Étagère bois,1,279.59,0.0,279.59,89.12,463
2023-11-28,En ligne,E-commerce,Maison,Couette 220x240,1,224.09,0.0,224.09,90.39,61
2023-11-28,En ligne,E-commerce,Électroménager,Bouilloire,2,726.04,0.0,1452.08,784.6,129
2023-11-28,Tourcoing,Magasin,Bricolage,Boîte à outils,2,83.21,0.0,166.42,45.98,346
2023-11-28,Lille,Magasin,Sport,Ballon foot,4,100.1,0.2,320.32,151.52,282
2023-11-28,Amiens,Magasin,Sport,Vélo VTT,3,545.21,0.05,1553.85,621.72,324
2023-11-28,Lille,Magasin,Mode,T-shirt coton,2,504.67,0.0,1009.34,400.46,200
2023-11-29,Dunkerque,Magasin,Électroménager,Réfrigérateur,1,387.37,0.0,387.37,112.78,242
2023-11-29,Lille,Magasin,Bricolage,Boîte à outils,3,83.21,0.0,249.63,68.97,79
2023-11-29,Valenciennes,Magasin,Bricolage,Échelle alu,1,354.67,0.0,354.67,168.4,199
2023-11-29,Dunkerque,Magasin,Sport,Vélo VTT,1,545.21,0.0,545.21,234.5,27
2023-11-29,Amiens,Magasin,Bricolage,Perceuse,4,105.66,0.0,422.64,86.8,563
2023-11-29,Lille,Magasin,Mode,T-shirt coton,1,504.67,0.1,454.2,149.76,529
2023-11-29,Lille,Magasin,Sport,Raquette tennis,4,706.19,0.0,2824.76,1448.16,455
2023-11-29,Lille,Magasin,Mode,Baskets ville,3,460.51,0.1,1243.38,306.0,594
2023-11-29,En ligne,E-commerce,Maison,Rideau occultant,2,101.21,0.0,202.42,89.78,434
2023-11-29,Lille,Magasin,Bricolage,Échelle alu,1,354.67,0.1,319.2,132.93,135
2023-11-29,Amiens,Magasin,Bricolage,Peinture 5L,3,609.0,0.0,1827.0,976.38,5
2023-11-29,Amiens,Magasin,Sport,Maillot bain,4,350.77,0.05,1332.93,727.05,543
2023-11-29,En ligne,E-commerce,Maison,Étagère bois,1,279.59,0.2,223.67,33.2,574
2023-11-29,En ligne,E-commerce,Électroménager,Robot cuiseur,4,249.97,0.0,999.88,367.68,135
2023-11-29,En ligne,E-commerce,Sport,Maillot bain,1,350.77,0.05,333.23,181.76,314
2023-11-29,En ligne,E-commerce,Maison,Set casseroles,5,706.85,0.2,2827.4,1331.5,209
2023-11-29,Roubaix,Magasin,Bricolage,Échelle alu,3,354.67,0.1,957.61,398.8,278
2023-11-29,Amiens,Magasin,Maison,Canapé 3 places,4,246.23,0.0,984.92,227.52,39
2023-11-30,Amiens,Magasin,Bricolage,Tournevis set,2,636.28,0.0,1272.56,640.88,133
2023-11-30,Lille,Magasin,Maison,Set casseroles,1,706.85,0.0,706.85,407.67,164
2023-11-30,En ligne,E-commerce,Sport,Haltères 10kg,1,98.3,0.0,98.3,42.7,383
2023-11-30,En ligne,E-commerce,Sport,Vélo VTT,1,545.21,0.0,545.21,234.5,356
2023-11-30,En ligne,E-commerce,Sport,Raquette tennis,2,706.19,0.0,1412.38,724.08,63
2023-11-30,Roubaix,Magasin,Électroménager,Aspirateur,2,191.18,0.05,363.24,173.98,54
2023-11-30,Roubaix,Magasin,Maison,Étagère bois,1,279.59,0.0,279.59,89.12,278
2023-11-30,Roubaix,Magasin,Mode,Baskets ville,3,460.51,0.0,1381.53,444.15,573
2023-11-30,En ligne,E-commerce,Mode,Robe été,3,296.52,0.0,889.56,217.38,598
2023-11-30,Lille,Magasin,Électroménager,Bouilloire,1,726.04,0.0,726.04,392.3,506
2023-12-01,En ligne,E-commerce,Sport,Ballon foot,8,100.1,0.0,800.8,463.2,17
2023-12-01,Roubaix,Magasin,Électroménager,Réfrigérateur,8,387.37,0.2,2479.17,282.45,34
2023-12-01,Lille,Magasin,Maison,Étagère bois,4,279.59,0.0,1118.36,356.48,599
2023-12-01,Valenciennes,Magasin,Bricolage,Tournevis set,5,636.28,0.0,3181.4,1602.2,335
2023-12-01,Valenciennes,Magasin,Électroménager,Bouilloire,4,726.04,0.05,2758.95,1423.99,281
2023-12-01,Roubaix,Magasin,Maison,Set casseroles,8,706.85,0.0,5654.8,3261.36,339
2023-12-01,Lille,Magasin,Mode,Jean homme,1,272.27,0.0,272.27,92.12,479
2023-12-01,Tourcoing,Magasin,Maison,Couette 220x240,3,224.09,0.0,672.27,271.17,588
2023-12-01,En ligne,E-commerce,Électroménager,Aspirateur,10,191.18,0.0,1911.8,965.5,593
2023-12-01,Lille,Magasin,Sport,Raquette tennis,6,706.19,0.0,4237.14,2172.24,449
2023-12-01,Amiens,Magasin,Électroménager,Réfrigérateur,7,387.37,0.0,2711.59,789.46,286
2023-12-01,En ligne,E-commerce,Électroménager,Bouilloire,6,726.04,0.0,4356.24,2353.8,227
2023-12-01,Roubaix,Magasin,Maison,Couette 220x240,9,224.09,0.0,2016.81,813.51,271
2023-12-01,Amiens,Magasin,Mode,Pull laine,2,884.49,0.2,1415.18,638.32,52
2023-12-01,Lille,Magasin,Bricolage,Tournevis set,6,636.28,0.0,3817.68,1922.64,331
2023-12-01,En ligne,E-commerce,Sport,Chaussures running,6,569.53,0.0,3417.18,1861.2,426
2023-12-01,Lille,Magasin,Bricolage,Perceuse,7,105.66,0.0,739.62,151.9,579
2023-12-01,Roubaix,Magasin,Bricolage,Boîte à outils,6,83.21,0.0,499.26,137.94,366
2023-12-02,Lille,Magasin,Bricolage,Boîte à outils,10,83.21,0.0,832.1,229.9,465
2023-12-02,Dunkerque,Magasin,Sport,Maillot bain,5,350.77,0.05,1666.16,908.81,185
2023-12-02,Lille,Magasin,Bricolage,Boîte à outils,2,83.21,0.0,166.42,45.98,22
2023-12-02,Dunkerque,Magasin,Électroménager,Micro-ondes,4,453.16,0.0,1812.64,686.24,467
2023-12-02,Lille,Magasin,Maison,Couette 220x240,4,224.09,0.0,896.36,361.56,276
2023-12-02,Amiens,Magasin,Mode,Robe été,5,296.52,0.0,1482.6,362.3,428
2023-12-02,Amiens,Magasin,Bricolage,Échelle alu,4,354.67,0.0,1418.68,673.6,117
2023-12-02,Roubaix,Magasin,Sport,Vélo VTT,8,545.21,0.0,4361.68,1876.0,372
2023-12-02,Dunkerque,Magasin,Sport,Maillot bain,3,350.77,0.0,1052.31,597.9,181
2023-12-02,Amiens,Magasin,Maison,Étagère bois,1,279.59,0.0,279.59,89.12,36
2023-12-02,Lille,Magasin,Bricolage,Tournevis set,4,636.28,0.0,2545.12,1281.76,453
2023-12-02,Amiens,Magasin,Sport,Haltères 10kg,5,98.3,0.0,491.5,213.5,46
2023-12-02,Lille,Magasin,Bricolage,Boîte à outils,5,83.21,0.0,416.05,114.95,184
2023-12-03,Lille,Magasin,Sport,Ballon foot,8,100.1,0.0,800.8,463.2,256
2023-12-03,Dunkerque,Magasin,Maison,Set casseroles,2,706.85,0.0,1413.7,815.34,327
2023-12-03,Amiens,Magasin,Sport,Haltères 10kg,3,98.3,0.0,294.9,128.1,357
2023-12-03,Valenciennes,Magasin,Mode,Jean homme,5,272.27,0.0,1361.35,460.6,378
2023-12-03,Roubaix,Magasin,Mode,Baskets ville,1,460.51,0.0,460.51,148.05,187
2023-12-03,Tourcoing,Magasin,Maison,Lampe LED,2,134.22,0.1,241.6,109.72,391
2023-12-03,Amiens,Magasin,Électroménager,Réfrigérateur,6,387.37,0.0,2324.22,676.68,488
2023-12-03,En ligne,E-commerce,Maison,Rideau occultant,3,101.21,0.0,303.63,134.67,449
2023-12-03,Lille,Magasin,Sport,Tapis yoga,3,658.36,0.0,1975.08,1058.13,507
2023-12-03,En ligne,E-commerce,Mode,Jean homme,1,272.27,0.0,272.27,92.12,256
2023-12-03,Lille,Magasin,Maison,Set casseroles,1,706.85,0.0,706.85,407.67,471
2023-12-03,Roubaix,Magasin,Bricolage,Tournevis set,8,636.28,0.0,5090.24,2563.52,69
2023-12-03,Tourcoing,Magasin,Électroménager,Bouilloire,1,726.04,0.0,726.04,392.3,133
2023-12-03,Dunkerque,Magasin,Mode,T-shirt coton,2,504.67,0.1,908.41,299.53,126
2023-12-04,Dunkerque,Magasin,Bricolage,Échelle alu,8,354.67,0.0,2837.36,1347.2,223
2023-12-04,Roubaix,Magasin,Bricolage,Boîte à outils,3,83.21,0.0,249.63,68.97,487
2023-12-04,Amiens,Magasin,Sport,Ballon foot,4,100.1,0.0,400.4,231.6,19
2023-12-04,Valenciennes,Magasin,Mode,Robe été,6,296.52,0.05,1690.16,345.8,459
2023-12-04,Roubaix,Magasin,Maison,Étagère bois,5,279.59,0.0,1397.95,445.6,414
2023-12-04,Dunkerque,Magasin,Mode,Jean homme,6,272.27,0.0,1633.62,552.72,523
2023-12-04,Roubaix,Magasin,Maison,Lampe LED,8,134.22,0.1,966.38,438.86,403
2023-12-04,Lille,Magasin,Maison,Couette 220x240,2,224.09,0.0,448.18,180.78,541
2023-12-04,Roubaix,Magasin,Maison,Couette 220x240,2,224.09,0.0,448.18,180.78,388
2023-12-04,Dunkerque,Magasin,Bricolage,Perceuse,2,105.66,0.0,211.32,43.4,51
2023-12-04,Dunkerque,Magasin,Maison,Canapé 3 places,2,246.23,0.0,492.46,113.76,240
2023-12-04,Roubaix,Magasin,Sport,Raquette tennis,9,706.19,0.0,6355.71,3258.36,531
2023-12-04,Roubaix,Magasin,Mode,Baskets ville,2,460.51,0.0,921.02,296.1,325
2023-12-04,En ligne,E-commerce,Sport,Raquette tennis,6,706.19,0.0,4237.14,2172.24,262
2023-12-04,Amiens,Magasin,Maison,Étagère bois,4,279.59,0.0,1118.36,356.48,162
2023-12-04,Valenciennes,Magasin,Bricolage,Tournevis set,7,636.28,0.0,4453.96,2243.08,184
2023-12-05,Lille,Magasin,Maison,Rideau occultant,1,101.21,0.05,96.15,39.83,245
2023-12-05,En ligne,E-commerce,Bricolage,Échelle alu,6,354.67,0.0,2128.02,1010.4,295
2023-12-05,Amiens,Magasin,Électroménager,Bouilloire,2,726.04,0.0,1452.08,784.6,91
2023-12-05,Roubaix,Magasin,Bricolage,Tournevis set,10,636.28,0.0,6362.8,3204.4,123
2023-12-05,En ligne,E-commerce,Mode,Baskets ville,7,460.51,0.0,3223.57,1036.35,369
2023-12-05,Dunkerque,Magasin,Maison,Couette 220x240,1,224.09,0.1,201.68,67.98,223
2023-12-05,En ligne,E-commerce,Maison,Étagère bois,5,279.59,0.0,1397.95,445.6,205
2023-12-05,Lille,Magasin,Électroménager,Aspirateur,1,191.18,0.0,191.18,96.55,49
2023-12-05,Lille,Magasin,Mode,T-shirt coton,6,504.67,0.0,3028.02,1201.38,94
2023-12-05,Lille,Magasin,Sport,Tapis yoga,5,658.36,0.0,3291.8,1763.55,460
2023-12-05,Lille,Magasin,Sport,Ballon foot,3,100.1,0.0,300.3,173.7,248
2023-12-05,Dunkerque,Magasin,Mode,Robe été,7,296.52,0.0,2075.64,507.22,285
2023-12-05,Roubaix,Magasin,Sport,Tapis yoga,6,658.36,0.0,3950.16,2116.26,173
2023-12-05,Roubaix,Magasin,Mode,Robe été,4,296.52,0.05,1126.78,230.54,517
2023-12-05,En ligne,E-commerce,Électroménager,Cafetière,5,392.24,0.0,1961.2,1072.8,108
2023-12-05,Valenciennes,Magasin,Bricolage,Boîte à outils,5,83.21,0.0,416.05,114.95,415
2023-12-05,Lille,Magasin,Maison,Canapé 3 places,2,246.23,0.0,492.46,113.76,276
2023-12-05,En ligne,E-commerce,Sport,Maillot bain,2,350.77,0.1,631.39,328.45,251
2023-12-05,Valenciennes,Magasin,Sport,Chaussures running,3,569.53,0.0,1708.59,930.6,131
2023-12-05,En ligne,E-commerce,Sport,Maillot bain,6,350.77,0.0,2104.62,1195.8,14
2023-12-05,En ligne,E-commerce,Maison,Canapé 3 places,1,246.23,0.0,246.23,56.88,390
2023-12-06,Lille,Magasin,Mode,Baskets ville,1,460.51,0.0,460.51,148.05,105
2023-12-06,Lille,Magasin,Maison,Canapé 3 places,5,246.23,0.05,1169.59,222.84,520
2023-12-06,Tourcoing,Magasin,Sport,Chaussures running,2,569.53,0.05,1082.11,563.45,289
2023-12-06,Lille,Magasin,Maison,Étagère bois,6,279.59,0.0,1677.54,534.72,517
2023-12-06,Tourcoing,Magasin,Maison,Étagère bois,2,279.59,0.0,559.18,178.24,28
2023-12-06,En ligne,E-commerce,Mode,Jean homme,7,272.27,0.0,1905.89,644.84,481
2023-12-06,Lille,Magasin,Électroménager,Cafetière,5,392.24,0.0,1961.2,1072.8,47
2023-12-06,Dunkerque,Magasin,Maison,Étagère bois,4,279.59,0.0,1118.36,356.48,478
2023-12-06,Tourcoing,Magasin,Maison,Lampe LED,9,134.22,0.0,1207.98,614.52,252
2023-12-06,En ligne,E-commerce,Électroménager,Aspirateur,5,191.18,0.0,955.9,482.75,160
2023-12-06,Lille,Magasin,Mode,Jean homme,1,272.27,0.0,272.27,92.12,111
2023-12-06,Dunkerque,Magasin,Mode,Robe été,3,296.52,0.0,889.56,217.38,130
2023-12-06,Tourcoing,Magasin,Sport,Haltères 10kg,8,98.3,0.0,786.4,341.6,126
2023-12-06,En ligne,E-commerce,Mode,Robe été,6,296.52,0.05,1690.16,345.8,337
2023-12-06,Lille,Magasin,Maison,Rideau occultant,8,101.21,0.0,809.68,359.12,426
2023-12-06,Lille,Magasin,Sport,Chaussures running,5,569.53,0.0,2847.65,1551.0,594
2023-12-06,Lille,Magasin,Sport,Raquette tennis,9,706.19,0.0,6355.71,3258.36,415
2023-12-06,Amiens,Magasin,Électroménager,Bouilloire,9,726.04,0.05,6207.64,3203.98,31
2023-12-06,Tourcoing,Magasin,Électroménager,Micro-ondes,7,453.16,0.0,3172.12,1200.92,486
2023-12-07,Valenciennes,Magasin,Électroménager,Robot cuiseur,4,249.97,0.0,999.88,367.68,86
2023-12-07,Lille,Magasin,Bricolage,Boîte à outils,9,83.21,0.0,748.89,206.91,485
2023-12-07,Dunkerque,Magasin,Électroménager,Réfrigérateur,3,387.37,0.0,1162.11,338.34,420
2023-12-07,En ligne,E-commerce,Maison,Étagère bois,6,279.59,0.0,1677.54,534.72,159
2023-12-07,Tourcoing,Magasin,Sport,Vélo VTT,1,545.21,0.0,545.21,234.5,432
2023-12-07,Tourcoing,Magasin,Bricolage,Peinture 5L,2,609.0,0.0,1218.0,650.92,233
2023-12-07,Lille,Magasin,Électroménager,Cafetière,4,392.24,0.0,1568.96,858.24,438
2023-12-07,Dunkerque,Magasin,Électroménager,Micro-ondes,2,453.16,0.0,906.32,343.12,444
2023-12-07,Tourcoing,Magasin,Sport,Ballon foot,5,100.1,0.0,500.5,289.5,77
2023-12-07,En ligne,E-commerce,Sport,Chaussures running,6,569.53,0.0,3417.18,1861.2,325
2023-12-07,Amiens,Magasin,Sport,Haltères 10kg,2,98.3,0.0,196.6,85.4,185
2023-12-08,En ligne,E-commerce,Sport,Raquette tennis,5,706.19,0.0,3530.95,1810.2,147
2023-12-08,Lille,Magasin,Sport,Tapis yoga,6,658.36,0.0,3950.16,2116.26,344
2023-12-08,Lille,Magasin,Sport,Chaussures running,5,569.53,0.1,2562.88,1266.24,484
2023-12-08,Roubaix,Magasin,Maison,Canapé 3 places,6,246.23,0.0,1477.38,341.28,434
2023-12-08,Lille,Magasin,Mode,Baskets ville,2,460.51,0.0,921.02,296.1,68
2023-12-08,Roubaix,Magasin,Bricolage,Tournevis set,3,636.28,0.05,1813.4,865.88,203
2023-12-08,Lille,Magasin,Mode,Baskets ville,8,460.51,0.0,3684.08,1184.4,600
2023-12-08,Roubaix,Magasin,Électroménager,Robot cuiseur,6,249.97,0.0,1499.82,551.52,213
2023-12-08,Roubaix,Magasin,Mode,Jean homme,5,272.27,0.0,1361.35,460.6,248
2023-12-08,Lille,Magasin,Bricolage,Échelle alu,6,354.67,0.05,2021.62,904.0,520
2023-12-08,Lille,Magasin,Maison,Couette 220x240,2,224.09,0.0,448.18,180.78,215
2023-12-08,Dunkerque,Magasin,Bricolage,Tournevis set,4,636.28,0.0,2545.12,1281.76,263
2023-12-08,Roubaix,Magasin,Électroménager,Réfrigérateur,4,387.37,0.0,1549.48,451.12,347
2023-12-08,Roubaix,Magasin,Maison,Étagère bois,2,279.59,0.2,447.34,66.4,174
2023-12-08,Dunkerque,Magasin,Électroménager,Micro-ondes,1,453.16,0.0,453.16,171.56,465
2023-12-08,Tourcoing,Magasin,Sport,Tapis yoga,2,658.36,0.1,1185.05,573.75,41
2023-12-08,Roubaix,Magasin,Maison,Set casseroles,4,706.85,0.0,2827.4,1630.68,36
2023-12-09,Roubaix,Magasin,Bricolage,Peinture 5L,4,609.0,0.0,2436.0,1301.84,395
2023-12-09,Tourcoing,Magasin,Sport,Tapis yoga,7,658.36,0.0,4608.52,2468.97,222
2023-12-09,Lille,Magasin,Mode,T-shirt coton,4,504.67,0.1,1816.81,599.05,485
2023-12-09,En ligne,E-commerce,Mode,Robe été,4,296.52,0.05,1126.78,230.54,61
2023-12-09,Tourcoing,Magasin,Sport,Maillot bain,3,350.77,0.0,1052.31,597.9,450
2023-12-09,Lille,Magasin,Électroménager,Bouilloire,4,726.04,0.0,2904.16,1569.2,360
2023-12-09,Dunkerque,Magasin,Sport,Maillot bain,4,350.77,0.05,1332.93,727.05,293
2023-12-09,Amiens,Magasin,Mode,Veste hiver,1,655.99,0.0,655.99,324.08,460
2023-12-09,Lille,Magasin,Sport,Haltères 10kg,6,98.3,0.05,560.31,226.71,490
2023-12-09,Dunkerque,Magasin,Maison,Rideau occultant,8,101.21,0.0,809.68,359.12,553
2023-12-09,Dunkerque,Magasin,Maison,Canapé 3 places,8,246.23,0.0,1969.84,455.04,93
2023-12-09,Amiens,Magasin,Électroménager,Bouilloire,1,726.04,0.0,726.04,392.3,62
2023-12-09,Dunkerque,Magasin,Bricolage,Perceuse,9,105.66,0.0,950.94,195.3,499
2023-12-09,Dunkerque,Magasin,Électroménager,Bouilloire,8,726.04,0.0,5808.32,3138.4,395
2023-12-09,Valenciennes,Magasin,Mode,Baskets ville,6,460.51,0.0,2763.06,888.3,93
2023-12-09,Roubaix,Magasin,Électroménager,Aspirateur,1,191.18,0.0,191.18,96.55,545
2023-12-10,Lille,Magasin,Bricolage,Peinture 5L,4,609.0,0.1,2192.4,1058.24,10
2023-12-10,Tourcoing,Magasin,Maison,Couette 220x240,9,224.09,0.0,2016.81,813.51,540
2023-12-10,Tourcoing,Magasin,Mode,Veste hiver,2,655.99,0.2,1049.58,385.76,78
2023-12-10,Amiens,Magasin,Électroménager,Bouilloire,5,726.04,0.0,3630.2,1961.5,516
2023-12-10,En ligne,E-commerce,Bricolage,Échelle alu,3,354.67,0.0,1064.01,505.2,379
2023-12-10,Dunkerque,Magasin,Électroménager,Bouilloire,7,726.04,0.1,4574.05,2237.87,406
2023-12-10,Lille,Magasin,Bricolage,Perceuse,1,105.66,0.0,105.66,21.7,452
2023-12-10,Dunkerque,Magasin,Sport,Maillot bain,2,350.77,0.05,666.46,363.52,167
2023-12-10,Lille,Magasin,Maison,Canapé 3 places,6,246.23,0.05,1403.51,267.41,422
2023-12-10,Lille,Magasin,Mode,Robe été,10,296.52,0.0,2965.2,724.6,599
2023-12-10,Amiens,Magasin,Sport,Haltères 10kg,1,98.3,0.0,98.3,42.7,454
2023-12-10,Roubaix,Magasin,Électroménager,Micro-ondes,3,453.16,0.0,1359.48,514.68,429
2023-12-10,Dunkerque,Magasin,Bricolage,Tournevis set,7,636.28,0.0,4453.96,2243.08,529
2023-12-11,Valenciennes,Magasin,Électroménager,Réfrigérateur,3,387.37,0.05,1104.0,280.23,436
2023-12-11,Lille,Magasin,Électroménager,Réfrigérateur,6,387.37,0.0,2324.22,676.68,413
2023-12-11,Tourcoing,Magasin,Mode,Veste hiver,2,655.99,0.0,1311.98,648.16,529
2023-12-11,Roubaix,Magasin,Mode,Jean homme,5,272.27,0.0,1361.35,460.6,200
2023-12-11,Tourcoing,Magasin,Maison,Lampe LED,10,134.22,0.0,1342.2,682.8,36
2023-12-11,Valenciennes,Magasin,Bricolage,Peinture 5L,10,609.0,0.0,6090.0,3254.6,51
2023-12-11,En ligne,E-commerce,Bricolage,Boîte à outils,3,83.21,0.1,224.67,44.01,482
2023-12-11,Roubaix,Magasin,Mode,Pull laine,7,884.49,0.2,4953.14,2234.13,468
2023-12-11,Roubaix,Magasin,Mode,T-shirt coton,5,504.67,0.0,2523.35,1001.15,352
2023-12-11,Lille,Magasin,Maison,Set casseroles,7,706.85,0.1,4453.16,2358.9,189
2023-12-11,Tourcoing,Magasin,Sport,Chaussures running,4,569.53,0.0,2278.12,1240.8,527
2023-12-11,Amiens,Magasin,Maison,Couette 220x240,8,224.09,0.0,1792.72,723.12,575
2023-12-11,Roubaix,Magasin,Sport,Chaussures running,2,569.53,0.0,1139.06,620.4,3
2023-12-11,Lille,Magasin,Électroménager,Bouilloire,2,726.04,0.0,1452.08,784.6,56
2023-12-11,Amiens,Magasin,Sport,Maillot bain,4,350.77,0.0,1403.08,797.2,396
2023-12-11,Valenciennes,Magasin,Sport,Tapis yoga,2,658.36,0.0,1316.72,705.42,592
2023-12-11,Amiens,Magasin,Sport,Haltères 10kg,1,98.3,0.0,98.3,42.7,478
2023-12-11,Lille,Magasin,Mode,Jean homme,1,272.27,0.0,272.27,92.12,348
2023-12-11,Dunkerque,Magasin,Mode,Pull laine,3,884.49,0.0,2653.47,1488.18,257
2023-12-11,Lille,Magasin,Bricolage,Tournevis set,8,636.28,0.2,4072.19,1545.47,406
2023-12-11,Roubaix,Magasin,Électroménager,Robot cuiseur,4,249.97,0.0,999.88,367.68,80
2023-12-11,Lille,Magasin,Sport,Haltères 10kg,2,98.3,0.0,196.6,85.4,105
2023-12-11,Tourcoing,Magasin,Bricolage,Échelle alu,9,354.67,0.2,2553.62,877.19,414
2023-12-12,Roubaix,Magasin,Bricolage,Échelle alu,4,354.67,0.2,1134.94,389.86,542
2023-12-12,En ligne,E-commerce,Bricolage,Tournevis set,7,636.28,0.0,4453.96,2243.08,115
2023-12-12,Tourcoing,Magasin,Mode,Baskets ville,6,460.51,0.0,2763.06,888.3,543
2023-12-12,Amiens,Magasin,Électroménager,Micro-ondes,3,453.16,0.0,1359.48,514.68,109
2023-12-12,Lille,Magasin,Bricolage,Échelle alu,2,354.67,0.0,709.34,336.8,424
2023-12-12,Amiens,Magasin,Électroménager,Robot cuiseur,1,249.97,0.1,224.97,66.92,481
2023-12-12,Valenciennes,Magasin,Sport,Chaussures running,8,569.53,0.0,4556.24,2481.6,65
2023-12-12,Tourcoing,Magasin,Maison,Lampe LED,4,134.22,0.0,536.88,273.12,484
2023-12-12,Lille,Magasin,Bricolage,Tournevis set,10,636.28,0.1,5726.52,2568.12,270
2023-12-12,Amiens,Magasin,Électroménager,Aspirateur,7,191.18,0.1,1204.43,542.02,520
2023-12-12,Dunkerque,Magasin,Mode,Veste hiver,8,655.99,0.05,4985.52,2330.24,535
2023-12-12,Valenciennes,Magasin,Sport,Ballon foot,5,100.1,0.0,500.5,289.5,473
2023-12-12,En ligne,E-commerce,Mode,Baskets ville,8,460.51,0.0,3684.08,1184.4,558
2023-12-12,Roubaix,Magasin,Sport,Maillot bain,6,350.77,0.1,1894.16,985.34,234
2023-12-12,Amiens,Magasin,Maison,Couette 220x240,3,224.09,0.0,672.27,271.17,76
2023-12-13,Lille,Magasin,Sport,Vélo VTT,2,545.21,0.0,1090.42,469.0,363
2023-12-13,Roubaix,Magasin,Sport,Vélo VTT,5,545.21,0.1,2453.45,899.9,535
2023-12-13,Dunkerque,Magasin,Bricolage,Peinture 5L,3,609.0,0.0,1827.0,976.38,541
2023-12-13,Roubaix,Magasin,Bricolage,Tournevis set,8,636.28,0.0,5090.24,2563.52,367
2023-12-13,Roubaix,Magasin,Bricolage,Boîte à outils,5,83.21,0.2,332.84,31.74,217
2023-12-13,Amiens,Magasin,Mode,T-shirt coton,3,504.67,0.0,1514.01,600.69,30
2023-12-13,En ligne,E-commerce,Électroménager,Réfrigérateur,8,387.37,0.05,2944.01,747.29,217
2023-12-13,Valenciennes,Magasin,Maison,Couette 220x240,8,224.09,0.0,1792.72,723.12,289
2023-12-13,Lille,Magasin,Mode,Baskets ville,4,460.51,0.1,1657.84,408.0,239
2023-12-13,Roubaix,Magasin,Maison,Lampe LED,6,134.22,0.0,805.32,409.68,306
2023-12-13,Tourcoing,Magasin,Mode,Robe été,6,296.52,0.05,1690.16,345.8,224
2023-12-13,Valenciennes,Magasin,Électroménager,Robot cuiseur,9,249.97,0.0,2249.73,827.28,423
2023-12-13,Dunkerque,Magasin,Maison,Canapé 3 places,3,246.23,0.0,738.69,170.64,47
2023-12-13,Valenciennes,Magasin,Électroménager,Aspirateur,5,191.18,0.0,955.9,482.75,313
2023-12-13,Amiens,Magasin,Sport,Chaussures running,5,569.53,0.0,2847.65,1551.0,594
2023-12-13,Amiens,Magasin,Bricolage,Perceuse,9,105.66,0.0,950.94,195.3,532
2023-12-13,Dunkerque,Magasin,Maison,Set casseroles,8,706.85,0.0,5654.8,3261.36,34
2023-12-13,Tourcoing,Magasin,Sport,Ballon foot,6,100.1,0.0,600.6,347.4,409
2023-12-13,Dunkerque,Magasin,Maison,Rideau occultant,2,101.21,0.0,202.42,89.78,360
2023-12-13,En ligne,E-commerce,Maison,Lampe LED,3,134.22,0.05,382.53,184.71,342
2023-12-14,Valenciennes,Magasin,Mode,Jean homme,4,272.27,0.0,1089.08,368.48,161
2023-12-14,Amiens,Magasin,Maison,Set casseroles,10,706.85,0.05,6715.08,3723.27,285
2023-12-14,Roubaix,Magasin,Sport,Maillot bain,6,350.77,0.0,2104.62,1195.8,586
2023-12-14,Lille,Magasin,Sport,Ballon foot,8,100.1,0.1,720.72,383.12,121
2023-12-14,Valenciennes,Magasin,Bricolage,Tournevis set,6,636.28,0.0,3817.68,1922.64,152
2023-12-14,Roubaix,Magasin,Mode,Robe été,2,296.52,0.1,533.74,85.62,483
2023-12-14,Roubaix,Magasin,Mode,T-shirt coton,1,504.67,0.0,504.67,200.23,145
2023-12-14,Roubaix,Magasin,Électroménager,Aspirateur,2,191.18,0.05,363.24,173.98,562
2023-12-14,Lille,Magasin,Sport,Raquette tennis,7,706.19,0.0,4943.33,2534.28,267
2023-12-14,Valenciennes,Magasin,Maison,Lampe LED,3,134.22,0.0,402.66,204.84,74
2023-12-14,Amiens,Magasin,Mode,Jean homme,7,272.27,0.0,1905.89,644.84,443
2023-12-14,Amiens,Magasin,Mode,T-shirt coton,1,504.67,0.0,504.67,200.23,592
2023-12-14,Lille,Magasin,Électroménager,Robot cuiseur,8,249.97,0.0,1999.76,735.36,287
2023-12-14,En ligne,E-commerce,Électroménager,Robot cuiseur,9,249.97,0.0,2249.73,827.28,538
2023-12-14,Valenciennes,Magasin,Sport,Chaussures running,4,569.53,0.0,2278.12,1240.8,162
2023-12-14,Dunkerque,Magasin,Mode,Veste hiver,6,655.99,0.0,3935.94,1944.48,561
2023-12-14,Amiens,Magasin,Maison,Lampe LED,1,134.22,0.0,134.22,68.28,547
2023-12-14,Tourcoing,Magasin,Électroménager,Cafetière,7,392.24,0.0,2745.68,1501.92,590
2023-12-14,Lille,Magasin,Sport,Maillot bain,3,350.77,0.0,1052.31,597.9,237
2023-12-14,Lille,Magasin,Sport,Ballon foot,10,100.1,0.0,1001.0,579.0,536
2023-12-15,Lille,Magasin,Maison,Lampe LED,9,134.22,0.0,1207.98,614.52,59
2023-12-15,Roubaix,Magasin,Électroménager,Aspirateur,3,191.18,0.0,573.54,289.65,299
2023-12-15,Tourcoing,Magasin,Mode,Robe été,7,296.52,0.2,1660.51,92.09,517
2023-12-15,Lille,Magasin,Bricolage,Boîte à outils,4,83.21,0.0,332.84,91.96,440
2023-12-15,Roubaix,Magasin,Électroménager,Robot cuiseur,6,249.97,0.0,1499.82,551.52,461
2023-12-15,Valenciennes,Magasin,Bricolage,Boîte à outils,4,83.21,0.0,332.84,91.96,429
2023-12-15,Lille,Magasin,Électroménager,Cafetière,2,392.24,0.0,784.48,429.12,149
2023-12-15,Lille,Magasin,Mode,Veste hiver,6,655.99,0.0,3935.94,1944.48,182
2023-12-15,Tourcoing,Magasin,Mode,Pull laine,4,884.49,0.0,3537.96,1984.24,414
2023-12-15,Valenciennes,Magasin,Maison,Étagère bois,6,279.59,0.0,1677.54,534.72,61
2023-12-15,Dunkerque,Magasin,Maison,Lampe LED,5,134.22,0.0,671.1,341.4,194
2023-12-15,En ligne,E-commerce,Électroménager,Aspirateur,10,191.18,0.05,1816.21,869.91,9
2023-12-15,Valenciennes,Magasin,Sport,Vélo VTT,6,545.21,0.0,3271.26,1407.0,195
2023-12-15,En ligne,E-commerce,Mode,Baskets ville,5,460.51,0.0,2302.55,740.25,296
2023-12-15,En ligne,E-commerce,Électroménager,Cafetière,5,392.24,0.0,1961.2,1072.8,55
2023-12-15,Lille,Magasin,Électroménager,Aspirateur,4,191.18,0.0,764.72,386.2,257
2023-12-15,Tourcoing,Magasin,Mode,Veste hiver,2,655.99,0.0,1311.98,648.16,473
2023-12-15,En ligne,E-commerce,Bricolage,Tournevis set,3,636.28,0.0,1908.84,961.32,205
2023-12-15,Dunkerque,Magasin,Électroménager,Réfrigérateur,1,387.37,0.1,348.63,74.04,470
2023-12-15,Amiens,Magasin,Mode,Baskets ville,6,460.51,0.0,2763.06,888.3,341
2023-12-15,En ligne,E-commerce,Électroménager,Robot cuiseur,1,249.97,0.0,249.97,91.92,248
2023-12-15,Dunkerque,Magasin,Bricolage,Perceuse,2,105.66,0.0,211.32,43.4,131
2023-12-15,Roubaix,Magasin,Sport,Haltères 10kg,1,98.3,0.0,98.3,42.7,322
2023-12-16,Dunkerque,Magasin,Mode,Jean homme,6,272.27,0.0,1633.62,552.72,520
2023-12-16,Amiens,Magasin,Maison,Canapé 3 places,1,246.23,0.0,246.23,56.88,205
2023-12-16,Dunkerque,Magasin,Bricolage,Perceuse,6,105.66,0.0,633.96,130.2,391
2023-12-16,Roubaix,Magasin,Sport,Maillot bain,2,350.77,0.05,666.46,363.52,20
2023-12-16,Valenciennes,Magasin,Maison,Canapé 3 places,5,246.23,0.0,1231.15,284.4,567
2023-12-16,Dunkerque,Magasin,Sport,Raquette tennis,2,706.19,0.1,1271.14,582.84,109
2023-12-16,Lille,Magasin,Bricolage,Échelle alu,4,354.67,0.0,1418.68,673.6,242
2023-12-16,Valenciennes,Magasin,Électroménager,Cafetière,4,392.24,0.0,1568.96,858.24,252
2023-12-16,En ligne,E-commerce,Électroménager,Aspirateur,7,191.18,0.0,1338.26,675.85,600
2023-12-16,En ligne,E-commerce,Électroménager,Aspirateur,8,191.18,0.0,1529.44,772.4,277
2023-12-16,Tourcoing,Magasin,Mode,Baskets ville,2,460.51,0.2,736.82,111.9,380
2023-12-16,Lille,Magasin,Maison,Rideau occultant,6,101.21,0.0,607.26,269.34,501
2023-12-16,Lille,Magasin,Bricolage,Échelle alu,3,354.67,0.0,1064.01,505.2,448
2023-12-16,Tourcoing,Magasin,Électroménager,Réfrigérateur,3,387.37,0.0,1162.11,338.34,54
2023-12-16,Amiens,Magasin,Mode,Veste hiver,6,655.99,0.0,3935.94,1944.48,188
2023-12-16,Dunkerque,Magasin,Bricolage,Boîte à outils,7,83.21,0.0,582.47,160.93,429
2023-12-16,Dunkerque,Magasin,Mode,T-shirt coton,2,504.67,0.0,1009.34,400.46,402
2023-12-17,Lille,Magasin,Bricolage,Tournevis set,9,636.28,0.1,5153.87,2311.31,302
2023-12-17,Amiens,Magasin,Électroménager,Aspirateur,4,191.18,0.0,764.72,386.2,119
2023-12-17,Amiens,Magasin,Mode,Veste hiver,6,655.99,0.2,3148.75,1157.29,154
2023-12-17,Roubaix,Magasin,Mode,T-shirt coton,1,504.67,0.0,504.67,200.23,322
2023-12-17,Dunkerque,Magasin,Électroménager,Cafetière,6,392.24,0.0,2353.44,1287.36,269
2023-12-17,Roubaix,Magasin,Mode,Jean homme,9,272.27,0.0,2450.43,829.08,157
2023-12-17,Tourcoing,Magasin,Sport,Ballon foot,1,100.1,0.0,100.1,57.9,335
2023-12-17,Amiens,Magasin,Maison,Canapé 3 places,10,246.23,0.0,2462.3,568.8,190
2023-12-17,Lille,Magasin,Électroménager,Aspirateur,6,191.18,0.0,1147.08,579.3,462
2023-12-17,Lille,Magasin,Maison,Lampe LED,9,134.22,0.05,1147.58,554.12,510
2023-12-17,Amiens,Magasin,Mode,T-shirt coton,1,504.67,0.0,504.67,200.23,361
2023-12-18,Valenciennes,Magasin,Maison,Rideau occultant,5,101.21,0.05,480.75,199.15,540
2023-12-18,En ligne,E-commerce,Sport,Raquette tennis,8,706.19,0.2,4519.62,1766.42,229
2023-12-18,Lille,Magasin,Mode,Pull laine,2,884.49,0.0,1768.98,992.12,205
2023-12-18,Valenciennes,Magasin,Maison,Lampe LED,5,134.22,0.05,637.54,307.84,66
2023-12-18,Dunkerque,Magasin,Bricolage,Boîte à outils,10,83.21,0.0,832.1,229.9,344
2023-12-18,Lille,Magasin,Électroménager,Micro-ondes,10,453.16,0.0,4531.6,1715.6,448
2023-12-18,Lille,Magasin,Mode,Robe été,10,296.52,0.0,2965.2,724.6,223
2023-12-18,Dunkerque,Magasin,Mode,Veste hiver,1,655.99,0.1,590.39,258.48,218
2023-12-18,En ligne,E-commerce,Bricolage,Échelle alu,7,354.67,0.0,2482.69,1178.8,281
2023-12-18,Lille,Magasin,Mode,Jean homme,7,272.27,0.0,1905.89,644.84,369
2023-12-18,Tourcoing,Magasin,Bricolage,Perceuse,1,105.66,0.0,105.66,21.7,219
2023-12-19,Tourcoing,Magasin,Maison,Couette 220x240,5,224.09,0.0,1120.45,451.95,155
2023-12-19,Roubaix,Magasin,Mode,Veste hiver,4,655.99,0.0,2623.96,1296.32,331
2023-12-19,Roubaix,Magasin,Sport,Tapis yoga,3,658.36,0.0,1975.08,1058.13,397
2023-12-19,Dunkerque,Magasin,Maison,Étagère bois,9,279.59,0.0,2516.31,802.08,417
2023-12-19,Lille,Magasin,Électroménager,Réfrigérateur,2,387.37,0.05,736.0,186.82,8
2023-12-19,Roubaix,Magasin,Sport,Raquette tennis,6,706.19,0.0,4237.14,2172.24,22
2023-12-19,Amiens,Magasin,Maison,Rideau occultant,1,101.21,0.05,96.15,39.83,255
2023-12-19,Valenciennes,Magasin,Bricolage,Peinture 5L,5,609.0,0.0,3045.0,1627.3,474
2023-12-19,Lille,Magasin,Sport,Maillot bain,4,350.77,0.0,1403.08,797.2,305
2023-12-19,Lille,Magasin,Électroménager,Cafetière,8,392.24,0.0,3137.92,1716.48,108
2023-12-19,Roubaix,Magasin,Sport,Raquette tennis,1,706.19,0.1,635.57,291.42,411
2023-12-19,Lille,Magasin,Maison,Canapé 3 places,2,246.23,0.05,467.84,89.14,341
2023-12-19,En ligne,E-commerce,Mode,Jean homme,8,272.27,0.0,2178.16,736.96,225
2023-12-19,En ligne,E-commerce,Mode,Veste hiver,4,655.99,0.0,2623.96,1296.32,396
2023-12-19,Dunkerque,Magasin,Bricolage,Boîte à outils,3,83.21,0.0,249.63,68.97,219
2023-12-19,Tourcoing,Magasin,Mode,Pull laine,1,884.49,0.0,884.49,496.06,147
2023-12-19,En ligne,E-commerce,Bricolage,Perceuse,5,105.66,0.0,528.3,108.5,112
2023-12-19,Amiens,Magasin,Mode,T-shirt coton,7,504.67,0.0,3532.69,1401.61,426
2023-12-19,En ligne,E-commerce,Sport,Vélo VTT,1,545.21,0.0,545.21,234.5,267
2023-12-19,Dunkerque,Magasin,Mode,T-shirt coton,9,504.67,0.0,4542.03,1802.07,75
2023-12-19,Valenciennes,Magasin,Sport,Ballon foot,3,100.1,0.0,300.3,173.7,521
2023-12-19,En ligne,E-commerce,Électroménager,Cafetière,2,392.24,0.0,784.48,429.12,462
2023-12-20,Tourcoing,Magasin,Mode,Jean homme,6,272.27,0.0,1633.62,552.72,575
2023-12-20,Roubaix,Magasin,Sport,Ballon foot,2,100.1,0.0,200.2,115.8,476
2023-12-20,Lille,Magasin,Mode,Pull laine,2,884.49,0.0,1768.98,992.12,325
2023-12-20,Lille,Magasin,Maison,Set casseroles,5,706.85,0.0,3534.25,2038.35,276
2023-12-20,En ligne,E-commerce,Sport,Raquette tennis,10,706.19,0.0,7061.9,3620.4,585
2023-12-20,En ligne,E-commerce,Électroménager,Bouilloire,10,726.04,0.0,7260.4,3923.0,43
2023-12-20,Roubaix,Magasin,Bricolage,Tournevis set,1,636.28,0.0,636.28,320.44,111
2023-12-21,Lille,Magasin,Sport,Ballon foot,2,100.1,0.05,190.19,105.79,437
2023-12-21,En ligne,E-commerce,Mode,Robe été,6,296.52,0.0,1779.12,434.76,332
2023-12-21,Valenciennes,Magasin,Mode,Pull laine,6,884.49,0.2,4245.55,1914.97,504
2023-12-21,Valenciennes,Magasin,Mode,T-shirt coton,5,504.67,0.05,2397.18,874.98,288
2023-12-21,Roubaix,Magasin,Sport,Chaussures running,2,569.53,0.0,1139.06,620.4,542
2023-12-21,Tourcoing,Magasin,Sport,Maillot bain,8,350.77,0.0,2806.16,1594.4,328
2023-12-21,Roubaix,Magasin,Électroménager,Cafetière,7,392.24,0.0,2745.68,1501.92,364
2023-12-21,Roubaix,Magasin,Sport,Vélo VTT,1,545.21,0.0,545.21,234.5,259
2023-12-21,Dunkerque,Magasin,Électroménager,Robot cuiseur,9,249.97,0.0,2249.73,827.28,408
2023-12-21,Valenciennes,Magasin,Maison,Canapé 3 places,8,246.23,0.0,1969.84,455.04,363
2023-12-21,Roubaix,Magasin,Bricolage,Peinture 5L,6,609.0,0.0,3654.0,1952.76,419
2023-12-22,En ligne,E-commerce,Bricolage,Échelle alu,9,354.67,0.0,3192.03,1515.6,404
2023-12-22,Lille,Magasin,Sport,Ballon foot,9,100.1,0.0,900.9,521.1,242
2023-12-22,Roubaix,Magasin,Mode,Jean homme,1,272.27,0.0,272.27,92.12,540
2023-12-22,En ligne,E-commerce,Électroménager,Aspirateur,5,191.18,0.0,955.9,482.75,154
2023-12-22,Lille,Magasin,Mode,Robe été,2,296.52,0.0,593.04,144.92,274
2023-12-22,Lille,Magasin,Sport,Maillot bain,6,350.77,0.1,1894.16,985.34,200
2023-12-22,Roubaix,Magasin,Maison,Set casseroles,7,706.85,0.1,4453.16,2358.9,259
2023-12-22,Roubaix,Magasin,Mode,Pull laine,1,884.49,0.0,884.49,496.06,37
2023-12-22,Dunkerque,Magasin,Maison,Rideau occultant,3,101.21,0.0,303.63,134.67,242
2023-12-22,Valenciennes,Magasin,Mode,Baskets ville,8,460.51,0.0,3684.08,1184.4,550
2023-12-22,Lille,Magasin,Sport,Haltères 10kg,7,98.3,0.0,688.1,298.9,340
2023-12-23,Roubaix,Magasin,Bricolage,Tournevis set,2,636.28,0.0,1272.56,640.88,30
2023-12-23,En ligne,E-commerce,Bricolage,Tournevis set,1,636.28,0.0,636.28,320.44,150
2023-12-23,Lille,Magasin,Mode,Pull laine,7,884.49,0.0,6191.43,3472.42,564
2023-12-23,Roubaix,Magasin,Mode,Pull laine,3,884.49,0.0,2653.47,1488.18,352
2023-12-23,Lille,Magasin,Maison,Set casseroles,8,706.85,0.05,5372.06,2978.62,298
2023-12-23,Amiens,Magasin,Électroménager,Cafetière,2,392.24,0.0,784.48,429.12,455
2023-12-23,Lille,Magasin,Sport,Chaussures running,7,569.53,0.0,3986.71,2171.4,440
2023-12-23,En ligne,E-commerce,Électroménager,Réfrigérateur,8,387.37,0.0,3098.96,902.24,594
2023-12-23,Lille,Magasin,Sport,Ballon foot,3,100.1,0.0,300.3,173.7,23
2023-12-23,Tourcoing,Magasin,Électroménager,Robot cuiseur,7,249.97,0.0,1749.79,643.44,207
2023-12-23,Valenciennes,Magasin,Sport,Ballon foot,4,100.1,0.0,400.4,231.6,329
2023-12-23,Amiens,Magasin,Électroménager,Robot cuiseur,2,249.97,0.0,499.94,183.84,597
2023-12-23,Dunkerque,Magasin,Bricolage,Échelle alu,7,354.67,0.0,2482.69,1178.8,345
2023-12-23,Tourcoing,Magasin,Maison,Lampe LED,5,134.22,0.0,671.1,341.4,569
2023-12-23,En ligne,E-commerce,Maison,Rideau occultant,6,101.21,0.0,607.26,269.34,516
2023-12-23,Amiens,Magasin,Bricolage,Boîte à outils,7,83.21,0.0,582.47,160.93,421
2023-12-23,Dunkerque,Magasin,Mode,Pull laine,1,884.49,0.0,884.49,496.06,155
2023-12-24,En ligne,E-commerce,Maison,Lampe LED,6,134.22,0.0,805.32,409.68,161
2023-12-24,Dunkerque,Magasin,Sport,Raquette tennis,4,706.19,0.05,2683.52,1306.92,441
2023-12-24,Lille,Magasin,Électroménager,Bouilloire,4,726.04,0.0,2904.16,1569.2,266
2023-12-24,Amiens,Magasin,Maison,Rideau occultant,10,101.21,0.0,1012.1,448.9,208
2023-12-24,Tourcoing,Magasin,Bricolage,Peinture 5L,8,609.0,0.05,4628.4,2360.08,339
2023-12-24,Roubaix,Magasin,Sport,Raquette tennis,6,706.19,0.05,4025.28,1960.38,411
2023-12-24,Valenciennes,Magasin,Sport,Tapis yoga,8,658.36,0.0,5266.88,2821.68,360
2023-12-24,Amiens,Magasin,Sport,Tapis yoga,10,658.36,0.0,6583.6,3527.1,333
2023-12-24,Amiens,Magasin,Mode,Robe été,3,296.52,0.0,889.56,217.38,519
2023-12-24,Tourcoing,Magasin,Mode,Jean homme,4,272.27,0.0,1089.08,368.48,289
2023-12-24,En ligne,E-commerce,Sport,Chaussures running,2,569.53,0.2,911.25,392.59,135
2023-12-24,Amiens,Magasin,Sport,Tapis yoga,2,658.36,0.0,1316.72,705.42,237
2023-12-24,Valenciennes,Magasin,Électroménager,Cafetière,6,392.24,0.1,2118.1,1052.02,491
2023-12-24,Lille,Magasin,Sport,Ballon foot,4,100.1,0.1,360.36,191.56,167
2023-12-24,Tourcoing,Magasin,Sport,Maillot bain,2,350.77,0.0,701.54,398.6,533
2023-12-24,En ligne,E-commerce,Maison,Set casseroles,5,706.85,0.0,3534.25,2038.35,386
2023-12-24,Tourcoing,Magasin,Sport,Chaussures running,6,569.53,0.0,3417.18,1861.2,345
2023-12-24,Lille,Magasin,Mode,Pull laine,2,884.49,0.2,1415.18,638.32,34
2023-12-24,Amiens,Magasin,Maison,Canapé 3 places,1,246.23,0.0,246.23,56.88,152
2023-12-25,En ligne,E-commerce,Électroménager,Cafetière,10,392.24,0.0,3922.4,2145.6,110
2023-12-25,Lille,Magasin,Sport,Ballon foot,4,100.1,0.0,400.4,231.6,266
2023-12-25,Dunkerque,Magasin,Mode,Baskets ville,1,460.51,0.2,368.41,55.95,425
2023-12-25,Roubaix,Magasin,Sport,Tapis yoga,3,658.36,0.0,1975.08,1058.13,516
2023-12-25,Valenciennes,Magasin,Sport,Ballon foot,7,100.1,0.2,560.56,265.16,206
2023-12-25,Valenciennes,Magasin,Maison,Canapé 3 places,6,246.23,0.0,1477.38,341.28,572
2023-12-25,Dunkerque,Magasin,Électroménager,Cafetière,3,392.24,0.05,1117.88,584.84,372
2023-12-25,En ligne,E-commerce,Électroménager,Robot cuiseur,6,249.97,0.0,1499.82,551.52,421
2023-12-25,Lille,Magasin,Sport,Ballon foot,6,100.1,0.0,600.6,347.4,463
2023-12-25,Tourcoing,Magasin,Électroménager,Bouilloire,4,726.04,0.0,2904.16,1569.2,265
2023-12-25,Roubaix,Magasin,Sport,Haltères 10kg,2,98.3,0.05,186.77,75.57,406
2023-12-25,Roubaix,Magasin,Électroménager,Réfrigérateur,2,387.37,0.0,774.74,225.56,542
2023-12-25,Lille,Magasin,Maison,Rideau occultant,3,101.21,0.0,303.63,134.67,102
2023-12-25,Amiens,Magasin,Bricolage,Échelle alu,2,354.67,0.0,709.34,336.8,488
2023-12-25,Amiens,Magasin,Sport,Vélo VTT,5,545.21,0.1,2453.45,899.9,234
2023-12-25,Valenciennes,Magasin,Mode,Veste hiver,1,655.99,0.0,655.99,324.08,158
2023-12-26,Roubaix,Magasin,Mode,Robe été,5,296.52,0.0,1482.6,362.3,193
2023-12-26,Dunkerque,Magasin,Électroménager,Bouilloire,5,726.04,0.0,3630.2,1961.5,115
2023-12-26,Lille,Magasin,Mode,Veste hiver,5,655.99,0.0,3279.95,1620.4,148
2023-12-26,Lille,Magasin,Maison,Lampe LED,6,134.22,0.0,805.32,409.68,474
2023-12-26,Tourcoing,Magasin,Mode,Veste hiver,7,655.99,0.0,4591.93,2268.56,205
2023-12-26,Tourcoing,Magasin,Mode,T-shirt coton,4,504.67,0.05,1917.75,699.99,581
2023-12-26,Roubaix,Magasin,Sport,Chaussures running,7,569.53,0.0,3986.71,2171.4,375
2023-12-26,Roubaix,Magasin,Sport,Tapis yoga,4,658.36,0.05,2501.77,1279.17,67
2023-12-26,Dunkerque,Magasin,Mode,Jean homme,7,272.27,0.0,1905.89,644.84,319
2023-12-26,Dunkerque,Magasin,Électroménager,Aspirateur,1,191.18,0.0,191.18,96.55,103
2023-12-27,En ligne,E-commerce,Bricolage,Peinture 5L,6,609.0,0.0,3654.0,1952.76,473
2023-12-27,En ligne,E-commerce,Électroménager,Aspirateur,3,191.18,0.0,573.54,289.65,72
2023-12-27,Valenciennes,Magasin,Électroménager,Cafetière,2,392.24,0.0,784.48,429.12,459
2023-12-27,Lille,Magasin,Mode,Robe été,5,296.52,0.0,1482.6,362.3,249
2023-12-27,Dunkerque,Magasin,Mode,Pull laine,7,884.49,0.1,5572.29,2853.28,291
2023-12-27,Roubaix,Magasin,Sport,Chaussures running,8,569.53,0.0,4556.24,2481.6,477
2023-12-27,Dunkerque,Magasin,Maison,Canapé 3 places,2,246.23,0.0,492.46,113.76,235
2023-12-27,Amiens,Magasin,Bricolage,Boîte à outils,2,83.21,0.05,158.1,37.66,334
2023-12-27,Lille,Magasin,Mode,T-shirt coton,4,504.67,0.05,1917.75,699.99,78
2023-12-27,En ligne,E-commerce,Électroménager,Réfrigérateur,5,387.37,0.05,1840.01,467.06,552
2023-12-27,Dunkerque,Magasin,Électroménager,Robot cuiseur,3,249.97,0.05,712.41,238.26,568
2023-12-27,Roubaix,Magasin,Sport,Tapis yoga,5,658.36,0.0,3291.8,1763.55,306
2023-12-27,Amiens,Magasin,Sport,Haltères 10kg,7,98.3,0.05,653.69,264.49,552
2023-12-27,Valenciennes,Magasin,Électroménager,Robot cuiseur,4,249.97,0.0,999.88,367.68,598
2023-12-28,Tourcoing,Magasin,Électroménager,Aspirateur,8,191.18,0.0,1529.44,772.4,9
2023-12-28,Tourcoing,Magasin,Électroménager,Cafetière,7,392.24,0.0,2745.68,1501.92,442
2023-12-28,Valenciennes,Magasin,Bricolage,Perceuse,6,105.66,0.0,633.96,130.2,340
2023-12-28,Roubaix,Magasin,Bricolage,Peinture 5L,7,609.0,0.0,4263.0,2278.22,240
2023-12-28,Lille,Magasin,Maison,Set casseroles,1,706.85,0.0,706.85,407.67,139
2023-12-28,Roubaix,Magasin,Mode,Pull laine,2,884.49,0.0,1768.98,992.12,412
2023-12-28,Dunkerque,Magasin,Bricolage,Boîte à outils,1,83.21,0.0,83.21,22.99,186
2023-12-28,Lille,Magasin,Sport,Haltères 10kg,4,98.3,0.0,393.2,170.8,506
2023-12-28,Tourcoing,Magasin,Maison,Canapé 3 places,6,246.23,0.0,1477.38,341.28,100
2023-12-28,Amiens,Magasin,Mode,Pull laine,2,884.49,0.0,1768.98,992.12,195
2023-12-28,Lille,Magasin,Bricolage,Peinture 5L,2,609.0,0.0,1218.0,650.92,67
2023-12-29,Dunkerque,Magasin,Électroménager,Aspirateur,2,191.18,0.05,363.24,173.98,38
2023-12-29,Roubaix,Magasin,Sport,Tapis yoga,2,658.36,0.0,1316.72,705.42,576
2023-12-29,Lille,Magasin,Bricolage,Boîte à outils,2,83.21,0.0,166.42,45.98,60
2023-12-29,Amiens,Magasin,Mode,Veste hiver,7,655.99,0.0,4591.93,2268.56,64
2023-12-29,Amiens,Magasin,Bricolage,Tournevis set,4,636.28,0.05,2417.86,1154.5,542
2023-12-29,Lille,Magasin,Maison,Set casseroles,6,706.85,0.05,4029.04,2233.96,136
2023-12-29,Roubaix,Magasin,Maison,Set casseroles,9,706.85,0.0,6361.65,3669.03,386
2023-12-29,Amiens,Magasin,Mode,Robe été,1,296.52,0.05,281.69,57.63,253
2023-12-29,Valenciennes,Magasin,Bricolage,Échelle alu,4,354.67,0.0,1418.68,673.6,47
2023-12-29,Valenciennes,Magasin,Bricolage,Tournevis set,4,636.28,0.0,2545.12,1281.76,453
2023-12-29,Dunkerque,Magasin,Électroménager,Réfrigérateur,9,387.37,0.05,3312.01,840.7,383
2023-12-29,En ligne,E-commerce,Bricolage,Échelle alu,6,354.67,0.0,2128.02,1010.4,65
2023-12-29,Lille,Magasin,Électroménager,Micro-ondes,4,453.16,0.0,1812.64,686.24,172
2023-12-29,Lille,Magasin,Sport,Tapis yoga,6,658.36,0.0,3950.16,2116.26,506
2023-12-29,Lille,Magasin,Électroménager,Robot cuiseur,9,249.97,0.0,2249.73,827.28,41
2023-12-29,Valenciennes,Magasin,Sport,Vélo VTT,10,545.21,0.0,5452.1,2345.0,132
2023-12-29,Roubaix,Magasin,Mode,T-shirt coton,8,504.67,0.0,4037.36,1601.84,324
2023-12-29,Dunkerque,Magasin,Maison,Étagère bois,8,279.59,0.0,2236.72,712.96,430
2023-12-30,Roubaix,Magasin,Maison,Set casseroles,2,706.85,0.0,1413.7,815.34,589
2023-12-30,Amiens,Magasin,Mode,T-shirt coton,10,504.67,0.0,5046.7,2002.3,133
2023-12-30,Lille,Magasin,Maison,Canapé 3 places,7,246.23,0.0,1723.61,398.16,537
2023-12-30,Valenciennes,Magasin,Bricolage,Peinture 5L,5,609.0,0.0,3045.0,1627.3,558
2023-12-30,En ligne,E-commerce,Maison,Lampe LED,4,134.22,0.0,536.88,273.12,284
2023-12-30,Dunkerque,Magasin,Électroménager,Robot cuiseur,4,249.97,0.0,999.88,367.68,149
2023-12-30,Lille,Magasin,Bricolage,Tournevis set,6,636.28,0.0,3817.68,1922.64,286
2023-12-30,Tourcoing,Magasin,Électroménager,Bouilloire,2,726.04,0.0,1452.08,784.6,187
2023-12-30,Roubaix,Magasin,Mode,Pull laine,2,884.49,0.0,1768.98,992.12,132
2023-12-30,Valenciennes,Magasin,Électroménager,Cafetière,5,392.24,0.0,1961.2,1072.8,404
2023-12-30,Lille,Magasin,Sport,Chaussures running,4,569.53,0.05,2164.21,1126.89,518
2023-12-30,Lille,Magasin,Sport,Vélo VTT,10,545.21,0.0,5452.1,2345.0,341
2023-12-30,Valenciennes,Magasin,Électroménager,Aspirateur,6,191.18,0.05,1089.73,521.95,228
2023-12-30,Roubaix,Magasin,Électroménager,Bouilloire,2,726.04,0.05,1379.48,712.0,287
2023-12-30,Roubaix,Magasin,Maison,Set casseroles,6,706.85,0.05,4029.04,2233.96,229
2023-12-31,Dunkerque,Magasin,Mode,Baskets ville,6,460.51,0.0,2763.06,888.3,320
2023-12-31,Valenciennes,Magasin,Mode,Jean homme,7,272.27,0.1,1715.3,454.25,262
2023-12-31,Amiens,Magasin,Maison,Canapé 3 places,6,246.23,0.2,1181.9,45.8,430
2023-12-31,Tourcoing,Magasin,Électroménager,Réfrigérateur,8,387.37,0.0,3098.96,902.24,354
2023-12-31,Dunkerque,Magasin,Mode,Baskets ville,4,460.51,0.05,1749.94,500.1,323
2023-12-31,Lille,Magasin,Mode,T-shirt coton,5,504.67,0.0,2523.35,1001.15,237
2023-12-31,Tourcoing,Magasin,Maison,Couette 220x240,10,224.09,0.1,2016.81,679.81,420
2023-12-31,Lille,Magasin,Électroménager,Aspirateur,2,191.18,0.0,382.36,193.1,378
2023-12-31,Tourcoing,Magasin,Sport,Haltères 10kg,4,98.3,0.0,393.2,170.8,533
2023-12-31,En ligne,E-commerce,Sport,Chaussures running,6,569.53,0.0,3417.18,1861.2,133
2023-12-31,Lille,Magasin,Mode,T-shirt coton,5,504.67,0.2,2018.68,496.48,548
2023-12-31,Roubaix,Magasin,Maison,Lampe LED,4,134.22,0.0,536.88,273.12,399
2023-12-31,Roubaix,Magasin,Sport,Maillot bain,6,350.77,0.0,2104.62,1195.8,57
2023-12-31,Roubaix,Magasin,Maison,Canapé 3 places,2,246.23,0.0,492.46,113.76,239
2024-01-01,Valenciennes,Magasin,Maison,Set casseroles,5,706.85,0.1,3180.82,1684.93,284
2024-01-01,Dunkerque,Magasin,Bricolage,Échelle alu,2,354.67,0.1,638.41,265.87,47
2024-01-01,Valenciennes,Magasin,Sport,Tapis yoga,3,658.36,0.0,1975.08,1058.13,181
2024-01-01,Amiens,Magasin,Électroménager,Micro-ondes,6,453.16,0.0,2718.96,1029.36,408
2024-01-01,Valenciennes,Magasin,Mode,Pull laine,5,884.49,0.05,4201.33,2259.18,394
2024-01-01,Roubaix,Magasin,Électroménager,Cafetière,7,392.24,0.0,2745.68,1501.92,321
2024-01-01,Valenciennes,Magasin,Électroménager,Réfrigérateur,5,387.37,0.0,1936.85,563.9,387
2024-01-01,Dunkerque,Magasin,Mode,Pull laine,3,884.49,0.0,2653.47,1488.18,116
2024-01-01,Dunkerque,Magasin,Mode,Veste hiver,7,655.99,0.0,4591.93,2268.56,100
2024-01-01,Roubaix,Magasin,Bricolage,Peinture 5L,3,609.0,0.05,1735.65,885.03,166
2024-01-01,Tourcoing,Magasin,Maison,Canapé 3 places,3,246.23,0.0,738.69,170.64,266
2024-01-01,Amiens,Magasin,Électroménager,Robot cuiseur,2,249.97,0.2,399.95,83.85,5
2024-01-01,Dunkerque,Magasin,Bricolage,Perceuse,4,105.66,0.0,422.64,86.8,323
2024-01-01,Roubaix,Magasin,Électroménager,Micro-ondes,3,453.16,0.05,1291.51,446.71,183
2024-01-01,Lille,Magasin,Électroménager,Bouilloire,6,726.04,0.1,3920.62,1918.18,305
2024-01-01,En ligne,E-commerce,Électroménager,Cafetière,3,392.24,0.0,1176.72,643.68,360
2024-01-01,Dunkerque,Magasin,Bricolage,Tournevis set,2,636.28,0.0,1272.56,640.88,148
2024-01-01,Dunkerque,Magasin,Mode,Veste hiver,4,655.99,0.0,2623.96,1296.32,224
2024-01-01,Roubaix,Magasin,Bricolage,Perceuse,1,105.66,0.0,105.66,21.7,227
2024-01-01,Valenciennes,Magasin,Maison,Canapé 3 places,5,246.23,0.0,1231.15,284.4,352
2024-01-01,Amiens,Magasin,Maison,Couette 220x240,1,224.09,0.0,224.09,90.39,381
2024-01-01,En ligne,E-commerce,Électroménager,Réfrigérateur,5,387.37,0.0,1936.85,563.9,452
2024-01-02,Dunkerque,Magasin,Sport,Chaussures running,3,569.53,0.0,1708.59,930.6,576
2024-01-02,Valenciennes,Magasin,Mode,Baskets ville,3,460.51,0.0,1381.53,444.15,479
2024-01-02,Valenciennes,Magasin,Électroménager,Aspirateur,5,191.18,0.0,955.9,482.75,175
2024-01-02,Lille,Magasin,Maison,Canapé 3 places,3,246.23,0.0,738.69,170.64,400
2024-01-02,Tourcoing,Magasin,Sport,Tapis yoga,2,658.36,0.0,1316.72,705.42,210
2024-01-02,Tourcoing,Magasin,Sport,Haltères 10kg,2,98.3,0.0,196.6,85.4,273
2024-01-02,Lille,Magasin,Mode,Pull laine,2,884.49,0.0,1768.98,992.12,443
2024-01-02,Dunkerque,Magasin,Électroménager,Micro-ondes,6,453.16,0.0,2718.96,1029.36,518
2024-01-02,Lille,Magasin,Électroménager,Robot cuiseur,6,249.97,0.0,1499.82,551.52,89
2024-01-02,Roubaix,Magasin,Électroménager,Réfrigérateur,3,387.37,0.0,1162.11,338.34,315
2024-01-02,En ligne,E-commerce,Sport,Maillot bain,7,350.77,0.05,2332.62,1272.33,365
2024-01-02,Lille,Magasin,Maison,Étagère bois,2,279.59,0.0,559.18,178.24,572
2024-01-02,Tourcoing,Magasin,Mode,T-shirt coton,1,504.67,0.0,504.67,200.23,251
2024-01-02,Dunkerque,Magasin,Mode,T-shirt coton,3,504.67,0.0,1514.01,600.69,560
2024-01-02,Lille,Magasin,Sport,Ballon foot,1,100.1,0.0,100.1,57.9,364
2024-01-02,Tourcoing,Magasin,Maison,Rideau occultant,5,101.21,0.0,506.05,224.45,378
2024-01-02,Dunkerque,Magasin,Sport,Ballon foot,1,100.1,0.0,100.1,57.9,216
2024-01-02,Lille,Magasin,Mode,Jean homme,2,272.27,0.0,544.54,184.24,304
2024-01-03,Lille,Magasin,Bricolage,Boîte à outils,4,83.21,0.0,332.84,91.96,95
2024-01-03,Dunkerque,Magasin,Bricolage,Boîte à outils,5,83.21,0.0,416.05,114.95,370
2024-01-03,Roubaix,Magasin,Mode,T-shirt coton,2,504.67,0.05,958.87,349.99,437
2024-01-03,En ligne,E-commerce,Sport,Haltères 10kg,1,98.3,0.0,98.3,42.7,180
2024-01-03,Valenciennes,Magasin,Sport,Maillot bain,5,350.77,0.1,1578.46,821.11,489
2024-01-03,Roubaix,Magasin,Électroménager,Bouilloire,4,726.04,0.0,2904.16,1569.2,166
2024-01-03,Valenciennes,Magasin,Maison,Lampe LED,1,134.22,0.0,134.22,68.28,564
2024-01-03,Roubaix,Magasin,Mode,Pull laine,4,884.49,0.0,3537.96,1984.24,175
2024-01-03,Roubaix,Magasin,Sport,Tapis yoga,5,658.36,0.1,2962.62,1434.37,289
2024-01-03,Lille,Magasin,Maison,Rideau occultant,4,101.21,0.0,404.84,179.56,591
2024-01-03,Roubaix,Magasin,Électroménager,Cafetière,5,392.24,0.0,1961.2,1072.8,354
2024-01-03,Dunkerque,Magasin,Sport,Haltères 10kg,7,98.3,0.0,688.1,298.9,512
2024-01-03,Valenciennes,Magasin,Bricolage,Tournevis set,5,636.28,0.0,3181.4,1602.2,370
2024-01-04,Lille,Magasin,Bricolage,Peinture 5L,1,609.0,0.0,609.0,325.46,485
2024-01-04,Dunkerque,Magasin,Mode,T-shirt coton,3,504.67,0.05,1438.31,524.99,557
2024-01-04,Amiens,Magasin,Maison,Couette 220x240,3,224.09,0.0,672.27,271.17,72
2024-01-04,Valenciennes,Magasin,Sport,Raquette tennis,7,706.19,0.0,4943.33,2534.28,215
2024-01-04,Valenciennes,Magasin,Mode,T-shirt coton,2,504.67,0.0,1009.34,400.46,375
2024-01-04,Roubaix,Magasin,Maison,Canapé 3 places,5,246.23,0.0,1231.15,284.4,281
2024-01-04,Valenciennes,Magasin,Sport,Vélo VTT,1,545.21,0.0,545.21,234.5,282
2024-01-04,Tourcoing,Magasin,Électroménager,Micro-ondes,7,453.16,0.0,3172.12,1200.92,275
2024-01-04,En ligne,E-commerce,Électroménager,Robot cuiseur,5,249.97,0.0,1249.85,459.6,519
2024-01-04,Amiens,Magasin,Mode,Pull laine,1,884.49,0.0,884.49,496.06,155
2024-01-05,Dunkerque,Magasin,Mode,Veste hiver,2,655.99,0.05,1246.38,582.56,36
2024-01-05,Dunkerque,Magasin,Maison,Rideau occultant,7,101.21,0.0,708.47,314.23,440
2024-01-05,Tourcoing,Magasin,Sport,Vélo VTT,5,545.21,0.0,2726.05,1172.5,421
2024-01-05,Lille,Magasin,Électroménager,Cafetière,1,392.24,0.0,392.24,214.56,540
2024-01-05,Roubaix,Magasin,Bricolage,Boîte à outils,6,83.21,0.0,499.26,137.94,282
2024-01-05,Roubaix,Magasin,Sport,Raquette tennis,5,706.19,0.0,3530.95,1810.2,372
2024-01-05,Roubaix,Magasin,Mode,Baskets ville,3,460.51,0.0,1381.53,444.15,485
2024-01-05,Lille,Magasin,Sport,Vélo VTT,4,545.21,0.0,2180.84,938.0,239
2024-01-05,Amiens,Magasin,Électroménager,Bouilloire,3,726.04,0.05,2069.21,1067.99,2
2024-01-05,En ligne,E-commerce,Sport,Tapis yoga,3,658.36,0.0,1975.08,1058.13,250
2024-01-05,Roubaix,Magasin,Maison,Set casseroles,5,706.85,0.05,3357.54,1861.64,394
2024-01-05,Amiens,Magasin,Sport,Raquette tennis,7,706.19,0.05,4696.16,2287.11,387
2024-01-05,Valenciennes,Magasin,Sport,Maillot bain,5,350.77,0.0,1753.85,996.5,275
2024-01-05,Amiens,Magasin,Sport,Ballon foot,1,100.1,0.0,100.1,57.9,589
2024-01-05,Amiens,Magasin,Mode,Baskets ville,5,460.51,0.0,2302.55,740.25,310
2024-01-05,Roubaix,Magasin,Mode,Pull laine,4,884.49,0.1,3184.16,1630.44,555
2024-01-05,Dunkerque,Magasin,Bricolage,Perceuse,5,105.66,0.0,528.3,108.5,480
2024-01-05,Lille,Magasin,Bricolage,Perceuse,4,105.66,0.0,422.64,86.8,304
2024-01-05,En ligne,E-commerce,Mode,Baskets ville,4,460.51,0.0,1842.04,592.2,465
2024-01-05,Tourcoing,Magasin,Maison,Lampe LED,1,134.22,0.0,134.22,68.28,491
2024-01-05,Amiens,Magasin,Mode,Robe été,3,296.52,0.0,889.56,217.38,141
2024-01-05,Amiens,Magasin,Sport,Vélo VTT,3,545.21,0.0,1635.63,703.5,529
2024-01-05,Lille,Magasin,Électroménager,Micro-ondes,8,453.16,0.0,3625.28,1372.48,187
2024-01-05,Valenciennes,Magasin,Maison,Set casseroles,6,706.85,0.0,4241.1,2446.02,395
2024-01-06,Roubaix,Magasin,Sport,Raquette tennis,3,706.19,0.0,2118.57,1086.12,243
2024-01-06,Lille,Magasin,Électroménager,Micro-ondes,2,453.16,0.0,906.32,343.12,130
2024-01-06,En ligne,E-commerce,Électroménager,Réfrigérateur,3,387.37,0.05,1104.0,280.23,507
2024-01-06,Tourcoing,Magasin,Sport,Maillot bain,2,350.77,0.0,701.54,398.6,302
2024-01-06,Amiens,Magasin,Sport,Maillot bain,4,350.77,0.0,1403.08,797.2,472
2024-01-06,Lille,Magasin,Sport,Haltères 10kg,4,98.3,0.0,393.2,170.8,527
2024-01-06,Valenciennes,Magasin,Électroménager,Bouilloire,6,726.04,0.0,4356.24,2353.8,269
2024-01-06,Tourcoing,Magasin,Sport,Ballon foot,2,100.1,0.0,200.2,115.8,585
2024-01-06,Dunkerque,Magasin,Électroménager,Bouilloire,3,726.04,0.05,2069.21,1067.99,555
2024-01-06,Dunkerque,Magasin,Maison,Couette 220x240,4,224.09,0.0,896.36,361.56,284
2024-01-06,Amiens,Magasin,Maison,Étagère bois,2,279.59,0.05,531.22,150.28,463
2024-01-06,En ligne,E-commerce,Bricolage,Peinture 5L,5,609.0,0.1,2740.5,1322.8,130
2024-01-06,Amiens,Magasin,Sport,Tapis yoga,7,658.36,0.0,4608.52,2468.97,67
2024-01-06,En ligne,E-commerce,Électroménager,Micro-ondes,6,453.16,0.05,2583.01,893.41,73
2024-01-06,Amiens,Magasin,Sport,Vélo VTT,2,545.21,0.0,1090.42,469.0,276
2024-01-06,Tourcoing,Magasin,Mode,T-shirt coton,5,504.67,0.0,2523.35,1001.15,407
2024-01-06,Valenciennes,Magasin,Bricolage,Peinture 5L,8,609.0,0.0,4872.0,2603.68,54
2024-01-06,Lille,Magasin,Électroménager,Bouilloire,1,726.04,0.0,726.04,392.3,137
2024-01-06,Dunkerque,Magasin,Maison,Étagère bois,3,279.59,0.0,838.77,267.36,591
2024-01-06,En ligne,E-commerce,Mode,Veste hiver,2,655.99,0.05,1246.38,582.56,40
2024-01-06,Lille,Magasin,Bricolage,Boîte à outils,2,83.21,0.0,166.42,45.98,127
2024-01-06,En ligne,E-commerce,Sport,Chaussures running,1,569.53,0.2,455.62,196.29,312
2024-01-06,En ligne,E-commerce,Maison,Couette 220x240,6,224.09,0.05,1277.31,475.11,118
2024-01-07,Valenciennes,Magasin,Électroménager,Robot cuiseur,1,249.97,0.0,249.97,91.92,141
2024-01-07,Amiens,Magasin,Bricolage,Boîte à outils,2,83.21,0.0,166.42,45.98,444
2024-01-07,Lille,Magasin,Électroménager,Robot cuiseur,3,249.97,0.0,749.91,275.76,373
2024-01-07,Roubaix,Magasin,Mode,Baskets ville,1,460.51,0.0,460.51,148.05,184
2024-01-07,Amiens,Magasin,Maison,Couette 220x240,4,224.09,0.05,851.54,316.74,537
2024-01-07,Roubaix,Magasin,Sport,Chaussures running,5,569.53,0.05,2705.27,1408.62,393
2024-01-07,Amiens,Magasin,Électroménager,Cafetière,4,392.24,0.0,1568.96,858.24,239
2024-01-07,Dunkerque,Magasin,Sport,Tapis yoga,2,658.36,0.0,1316.72,705.42,552
2024-01-07,Roubaix,Magasin,Mode,Jean homme,1,272.27,0.0,272.27,92.12,477
2024-01-07,Tourcoing,Magasin,Maison,Canapé 3 places,1,246.23,0.0,246.23,56.88,161
2024-01-07,En ligne,E-commerce,Bricolage,Tournevis set,4,636.28,0.0,2545.12,1281.76,349
2024-01-07,Amiens,Magasin,Maison,Couette 220x240,4,224.09,0.0,896.36,361.56,566
2024-01-07,Tourcoing,Magasin,Sport,Haltères 10kg,5,98.3,0.0,491.5,213.5,439
2024-01-07,Dunkerque,Magasin,Électroménager,Aspirateur,8,191.18,0.0,1529.44,772.4,445
2024-01-07,Lille,Magasin,Maison,Lampe LED,3,134.22,0.0,402.66,204.84,187
2024-01-07,Dunkerque,Magasin,Mode,T-shirt coton,5,504.67,0.1,2271.02,748.82,361
2024-01-07,Lille,Magasin,Maison,Lampe LED,3,134.22,0.0,402.66,204.84,461
2024-01-07,Dunkerque,Magasin,Électroménager,Cafetière,2,392.24,0.0,784.48,429.12,216
2024-01-08,Dunkerque,Magasin,Électroménager,Micro-ondes,6,453.16,0.2,2175.17,485.57,284
2024-01-08,En ligne,E-commerce,Maison,Lampe LED,3,134.22,0.0,402.66,204.84,244
2024-01-08,En ligne,E-commerce,Maison,Canapé 3 places,2,246.23,0.0,492.46,113.76,44
2024-01-08,Amiens,Magasin,Sport,Haltères 10kg,5,98.3,0.0,491.5,213.5,119
2024-01-08,En ligne,E-commerce,Sport,Raquette tennis,4,706.19,0.0,2824.76,1448.16,438
2024-01-08,Roubaix,Magasin,Sport,Haltères 10kg,2,98.3,0.1,176.94,65.74,576
2024-01-08,Lille,Magasin,Mode,Baskets ville,5,460.51,0.0,2302.55,740.25,431
2024-01-08,Roubaix,Magasin,Sport,Haltères 10kg,3,98.3,0.0,294.9,128.1,457
2024-01-08,Roubaix,Magasin,Bricolage,Boîte à outils,2,83.21,0.0,166.42,45.98,522
2024-01-08,En ligne,E-commerce,Électroménager,Robot cuiseur,1,249.97,0.0,249.97,91.92,81
2024-01-08,Tourcoing,Magasin,Bricolage,Perceuse,5,105.66,0.0,528.3,108.5,201
2024-01-08,En ligne,E-commerce,Mode,Baskets ville,6,460.51,0.1,2486.75,611.99,1
2024-01-08,En ligne,E-commerce,Sport,Vélo VTT,3,545.21,0.0,1635.63,703.5,206
2024-01-08,Roubaix,Magasin,Sport,Vélo VTT,5,545.21,0.1,2453.45,899.9,132
2024-01-08,Roubaix,Magasin,Maison,Lampe LED,4,134.22,0.05,510.04,246.28,229
2024-01-08,Tourcoing,Magasin,Maison,Étagère bois,3,279.59,0.05,796.83,225.42,264
2024-01-08,Tourcoing,Magasin,Maison,Lampe LED,5,134.22,0.0,671.1,341.4,114
2024-01-08,Dunkerque,Magasin,Électroménager,Aspirateur,6,191.18,0.0,1147.08,579.3,487
2024-01-08,Tourcoing,Magasin,Mode,Jean homme,6,272.27,0.0,1633.62,552.72,143
2024-01-09,Roubaix,Magasin,Mode,Baskets ville,6,460.51,0.1,2486.75,611.99,327
2024-01-09,Lille,Magasin,Sport,Haltères 10kg,1,98.3,0.0,98.3,42.7,220
2024-01-09,Tourcoing,Magasin,Électroménager,Micro-ondes,7,453.16,0.0,3172.12,1200.92,532
2024-01-09,Lille,Magasin,Mode,Jean homme,3,272.27,0.1,735.13,194.68,565
2024-01-09,En ligne,E-commerce,Mode,Veste hiver,3,655.99,0.0,1967.97,972.24,6
2024-01-09,Lille,Magasin,Sport,Tapis yoga,1,658.36,0.0,658.36,352.71,253
2024-01-09,Lille,Magasin,Électroménager,Réfrigérateur,3,387.37,0.0,1162.11,338.34,583
2024-01-09,Dunkerque,Magasin,Bricolage,Tournevis set,2,636.28,0.0,1272.56,640.88,261
2024-01-09,Roubaix,Magasin,Sport,Vélo VTT,4,545.21,0.0,2180.84,938.0,376
2024-01-09,Roubaix,Magasin,Sport,Tapis yoga,3,658.36,0.05,1876.33,959.38,249
2024-01-09,Dunkerque,Magasin,Sport,Raquette tennis,5,706.19,0.0,3530.95,1810.2,467
2024-01-09,Tourcoing,Magasin,Sport,Chaussures running,6,569.53,0.0,3417.18,1861.2,158
2024-01-09,Dunkerque,Magasin,Électroménager,Réfrigérateur,4,387.37,0.0,1549.48,451.12,424
2024-01-09,En ligne,E-commerce,Électroménager,Réfrigérateur,2,387.37,0.1,697.27,148.09,406
2024-01-09,En ligne,E-commerce,Maison,Couette 220x240,6,224.09,0.05,1277.31,475.11,283
2024-01-09,Lille,Magasin,Sport,Maillot bain,6,350.77,0.0,2104.62,1195.8,568
2024-01-09,Roubaix,Magasin,Sport,Raquette tennis,9,706.19,0.05,6037.92,2940.57,150
2024-01-09,En ligne,E-commerce,Électroménager,Cafetière,6,392.24,0.0,2353.44,1287.36,493
2024-01-09,Roubaix,Magasin,Électroménager,Robot cuiseur,1,249.97,0.05,237.47,79.42,102
2024-01-10,Roubaix,Magasin,Sport,Haltères 10kg,1,98.3,0.0,98.3,42.7,418
2024-01-10,En ligne,E-commerce,Mode,Baskets ville,1,460.51,0.0,460.51,148.05,459
2024-01-10,Roubaix,Magasin,Électroménager,Robot cuiseur,5,249.97,0.0,1249.85,459.6,526
2024-01-10,Amiens,Magasin,Sport,Raquette tennis,3,706.19,0.0,2118.57,1086.12,416
2024-01-10,Dunkerque,Magasin,Bricolage,Peinture 5L,3,609.0,0.05,1735.65,885.03,332
2024-01-10,Amiens,Magasin,Mode,Pull laine,5,884.49,0.0,4422.45,2480.3,112
2024-01-10,Dunkerque,Magasin,Sport,Chaussures running,3,569.53,0.2,1366.87,588.88,82
2024-01-10,Amiens,Magasin,Bricolage,Échelle alu,7,354.67,0.0,2482.69,1178.8,108
2024-01-10,Roubaix,Magasin,Bricolage,Peinture 5L,3,609.0,0.0,1827.0,976.38,415
2024-01-10,Lille,Magasin,Mode,Robe été,3,296.52,0.0,889.56,217.38,443
2024-01-10,Lille,Magasin,Électroménager,Robot cuiseur,8,249.97,0.0,1999.76,735.36,297
2024-01-10,Lille,Magasin,Électroménager,Aspirateur,1,191.18,0.05,181.62,86.99,513
2024-01-10,Dunkerque,Magasin,Maison,Rideau occultant,2,101.21,0.05,192.3,79.66,500
2024-01-10,Valenciennes,Magasin,Bricolage,Perceuse,4,105.66,0.0,422.64,86.8,141
2024-01-10,Tourcoing,Magasin,Mode,Jean homme,2,272.27,0.0,544.54,184.24,162
2024-01-10,Amiens,Magasin,Mode,T-shirt coton,4,504.67,0.0,2018.68,800.92,298
2024-01-11,Tourcoing,Magasin,Maison,Canapé 3 places,4,246.23,0.0,984.92,227.52,311
2024-01-11,En ligne,E-commerce,Sport,Raquette tennis,4,706.19,0.0,2824.76,1448.16,45
2024-01-11,Valenciennes,Magasin,Maison,Set casseroles,3,706.85,0.0,2120.55,1223.01,381
2024-01-11,Dunkerque,Magasin,Bricolage,Perceuse,2,105.66,0.0,211.32,43.4,342
2024-01-11,Amiens,Magasin,Bricolage,Échelle alu,2,354.67,0.0,709.34,336.8,384
2024-01-11,Amiens,Magasin,Électroménager,Micro-ondes,7,453.16,0.0,3172.12,1200.92,577
2024-01-11,En ligne,E-commerce,Bricolage,Tournevis set,2,636.28,0.0,1272.56,640.88,169
2024-01-11,Amiens,Magasin,Bricolage,Peinture 5L,5,609.0,0.0,3045.0,1627.3,530
2024-01-11,Lille,Magasin,Électroménager,Cafetière,5,392.24,0.0,1961.2,1072.8,203
2024-01-11,Lille,Magasin,Bricolage,Boîte à outils,3,83.21,0.1,224.67,44.01,371
2024-01-11,Dunkerque,Magasin,Maison,Couette 220x240,4,224.09,0.0,896.36,361.56,279
2024-01-11,En ligne,E-commerce,Électroménager,Robot cuiseur,5,249.97,0.0,1249.85,459.6,116
2024-01-11,En ligne,E-commerce,Sport,Vélo VTT,2,545.21,0.05,1035.9,414.48,237
2024-01-11,En ligne,E-commerce,Électroménager,Bouilloire,4,726.04,0.05,2758.95,1423.99,499
2024-01-11,Amiens,Magasin,Électroménager,Réfrigérateur,8,387.37,0.0,3098.96,902.24,68
2024-01-11,Roubaix,Magasin,Bricolage,Peinture 5L,4,609.0,0.0,2436.0,1301.84,398
2024-01-12,Tourcoing,Magasin,Maison,Lampe LED,5,134.22,0.0,671.1,341.4,222
2024-01-12,Tourcoing,Magasin,Sport,Maillot bain,7,350.77,0.0,2455.39,1395.1,216
2024-01-12,Amiens,Magasin,Maison,Lampe LED,1,134.22,0.0,134.22,68.28,173
2024-01-12,Amiens,Magasin,Sport,Vélo VTT,5,545.21,0.0,2726.05,1172.5,462
2024-01-12,Valenciennes,Magasin,Sport,Vélo VTT,5,545.21,0.0,2726.05,1172.5,302
2024-01-12,Valenciennes,Magasin,Électroménager,Cafetière,3,392.24,0.0,1176.72,643.68,101
2024-01-12,Valenciennes,Magasin,Maison,Étagère bois,3,279.59,0.0,838.77,267.36,42
2024-01-12,Lille,Magasin,Bricolage,Peinture 5L,6,609.0,0.05,3471.3,1770.06,62
2024-01-12,Amiens,Magasin,Mode,Veste hiver,3,655.99,0.0,1967.97,972.24,149
2024-01-12,Amiens,Magasin,Électroménager,Robot cuiseur,4,249.97,0.0,999.88,367.68,99
2024-01-12,Amiens,Magasin,Mode,Robe été,5,296.52,0.1,1334.34,214.04,382
2024-01-12,Valenciennes,Magasin,Mode,Pull laine,4,884.49,0.0,3537.96,1984.24,174
2024-01-13,Valenciennes,Magasin,Mode,T-shirt coton,1,504.67,0.1,454.2,149.76,397
2024-01-13,Lille,Magasin,Mode,Robe été,2,296.52,0.0,593.04,144.92,406
2024-01-13,Lille,Magasin,Sport,Raquette tennis,8,706.19,0.0,5649.52,2896.32,397
2024-01-13,Tourcoing,Magasin,Maison,Étagère bois,3,279.59,0.0,838.77,267.36,418
2024-01-13,En ligne,E-commerce,Mode,T-shirt coton,2,504.67,0.0,1009.34,400.46,44
2024-01-13,Amiens,Magasin,Maison,Canapé 3 places,6,246.23,0.0,1477.38,341.28,123
2024-01-13,Amiens,Magasin,Bricolage,Échelle alu,3,354.67,0.0,1064.01,505.2,90
2024-01-13,Roubaix,Magasin,Mode,Jean homme,3,272.27,0.0,816.81,276.36,175
2024-01-13,Lille,Magasin,Sport,Tapis yoga,3,658.36,0.0,1975.08,1058.13,435
2024-01-13,Lille,Magasin,Bricolage,Échelle alu,5,354.67,0.0,1773.35,842.0,312
2024-01-13,Lille,Magasin,Électroménager,Cafetière,4,392.24,0.1,1412.06,701.34,131
2024-01-13,Amiens,Magasin,Mode,Pull laine,1,884.49,0.0,884.49,496.06,108
2024-01-13,Valenciennes,Magasin,Mode,Jean homme,3,272.27,0.0,816.81,276.36,192
2024-01-13,En ligne,E-commerce,Bricolage,Tournevis set,3,636.28,0.0,1908.84,961.32,24
2024-01-13,En ligne,E-commerce,Sport,Chaussures running,1,569.53,0.0,569.53,310.2,575
2024-01-14,Amiens,Magasin,Sport,Haltères 10kg,2,98.3,0.0,196.6,85.4,588
2024-01-14,Roubaix,Magasin,Bricolage,Peinture 5L,8,609.0,0.0,4872.0,2603.68,87
2024-01-14,Amiens,Magasin,Maison,Étagère bois,5,279.59,0.0,1397.95,445.6,599
2024-01-14,Tourcoing,Magasin,Sport,Vélo VTT,6,545.21,0.0,3271.26,1407.0,457
2024-01-14,Valenciennes,Magasin,Maison,Rideau occultant,5,101.21,0.0,506.05,224.45,450
2024-01-14,Tourcoing,Magasin,Mode,Baskets ville,3,460.51,0.0,1381.53,444.15,184
2024-01-14,Tourcoing,Magasin,Électroménager,Cafetière,7,392.24,0.0,2745.68,1501.92,265
2024-01-14,Roubaix,Magasin,Maison,Lampe LED,7,134.22,0.0,939.54,477.96,208
2024-01-14,Valenciennes,Magasin,Maison,Couette 220x240,4,224.09,0.0,896.36,361.56,331
2024-01-14,Valenciennes,Magasin,Électroménager,Micro-ondes,5,453.16,0.0,2265.8,857.8,95
2024-01-14,Roubaix,Magasin,Maison,Couette 220x240,5,224.09,0.0,1120.45,451.95,509
2024-01-14,Amiens,Magasin,Électroménager,Réfrigérateur,2,387.37,0.0,774.74,225.56,485
2024-01-14,Tourcoing,Magasin,Sport,Maillot bain,6,350.77,0.0,2104.62,1195.8,206
2024-01-14,Dunkerque,Magasin,Électroménager,Cafetière,2,392.24,0.0,784.48,429.12,226
2024-01-14,Roubaix,Magasin,Sport,Maillot bain,6,350.77,0.0,2104.62,1195.8,89
2024-01-14,Amiens,Magasin,Mode,T-shirt coton,1,504.67,0.0,504.67,200.23,271
2024-01-14,Lille,Magasin,Sport,Raquette tennis,8,706.19,0.0,5649.52,2896.32,279
2024-01-14,Roubaix,Magasin,Maison,Étagère bois,7,279.59,0.0,1957.13,623.84,403
2024-01-14,Dunkerque,Magasin,Électroménager,Réfrigérateur,1,387.37,0.0,387.37,112.78,294
2024-01-14,Valenciennes,Magasin,Maison,Couette 220x240,5,224.09,0.0,1120.45,451.95,245
2024-01-15,Tourcoing,Magasin,Mode,T-shirt coton,7,504.67,0.05,3356.06,1224.98,10
2024-01-15,En ligne,E-commerce,Maison,Étagère bois,3,279.59,0.1,754.89,183.48,186
2024-01-15,Tourcoing,Magasin,Sport,Raquette tennis,1,706.19,0.0,706.19,362.04,536
2024-01-15,Lille,Magasin,Mode,Robe été,6,296.52,0.0,1779.12,434.76,123
2024-01-15,Lille,Magasin,Sport,Maillot bain,6,350.77,0.0,2104.62,1195.8,255
2024-01-15,Amiens,Magasin,Mode,T-shirt coton,1,504.67,0.0,504.67,200.23,207
2024-01-15,Tourcoing,Magasin,Bricolage,Boîte à outils,5,83.21,0.0,416.05,114.95,7
2024-01-15,Dunkerque,Magasin,Électroménager,Micro-ondes,1,453.16,0.0,453.16,171.56,322
2024-01-15,Roubaix,Magasin,Maison,Lampe LED,6,134.22,0.0,805.32,409.68,426
2024-01-15,Lille,Magasin,Électroménager,Réfrigérateur,5,387.37,0.0,1936.85,563.9,350
2024-01-15,Roubaix,Magasin,Sport,Raquette tennis,5,706.19,0.0,3530.95,1810.2,197
2024-01-15,Tourcoing,Magasin,Sport,Tapis yoga,2,658.36,0.2,1053.38,442.08,417
2024-01-15,Dunkerque,Magasin,Mode,Jean homme,1,272.27,0.0,272.27,92.12,100
2024-01-15,En ligne,E-commerce,Sport,Vélo VTT,5,545.21,0.0,2726.05,1172.5,221
2024-01-15,Tourcoing,Magasin,Sport,Vélo VTT,5,545.21,0.0,2726.05,1172.5,198
2024-01-15,Lille,Magasin,Bricolage,Peinture 5L,3,609.0,0.0,1827.0,976.38,359
2024-01-16,Amiens,Magasin,Sport,Tapis yoga,2,658.36,0.0,1316.72,705.42,134
2024-01-16,Roubaix,Magasin,Sport,Tapis yoga,2,658.36,0.0,1316.72,705.42,99
2024-01-16,Dunkerque,Magasin,Mode,Baskets ville,4,460.51,0.0,1842.04,592.2,172
2024-01-16,Amiens,Magasin,Maison,Étagère bois,2,279.59,0.0,559.18,178.24,98
2024-01-16,Lille,Magasin,Bricolage,Peinture 5L,2,609.0,0.0,1218.0,650.92,308
2024-01-16,Tourcoing,Magasin,Maison,Rideau occultant,5,101.21,0.1,455.44,173.84,217
2024-01-16,Roubaix,Magasin,Maison,Canapé 3 places,1,246.23,0.0,246.23,56.88,221
2024-01-16,Dunkerque,Magasin,Sport,Haltères 10kg,5,98.3,0.0,491.5,213.5,351
2024-01-16,Lille,Magasin,Bricolage,Boîte à outils,7,83.21,0.05,553.35,131.81,148
2024-01-16,Tourcoing,Magasin,Électroménager,Réfrigérateur,2,387.37,0.0,774.74,225.56,451
2024-01-16,Roubaix,Magasin,Mode,Pull laine,5,884.49,0.0,4422.45,2480.3,79
2024-01-16,Lille,Magasin,Électroménager,Robot cuiseur,2,249.97,0.0,499.94,183.84,421
2024-01-16,Lille,Magasin,Maison,Canapé 3 places,7,246.23,0.0,1723.61,398.16,75
2024-01-16,Roubaix,Magasin,Bricolage,Tournevis set,7,636.28,0.0,4453.96,2243.08,335
2024-01-16,Valenciennes,Magasin,Maison,Set casseroles,5,706.85,0.0,3534.25,2038.35,268
2024-01-16,Valenciennes,Magasin,Mode,Veste hiver,6,655.99,0.0,3935.94,1944.48,35
2024-01-16,Tourcoing,Magasin,Mode,Robe été,6,296.52,0.0,1779.12,434.76,390
2024-01-16,Tourcoing,Magasin,Maison,Canapé 3 places,3,246.23,0.0,738.69,170.64,346
2024-01-16,En ligne,E-commerce,Maison,Rideau occultant,4,101.21,0.0,404.84,179.56,571
2024-01-16,Dunkerque,Magasin,Électroménager,Cafetière,8,392.24,0.0,3137.92,1716.48,345
2024-01-16,Roubaix,Magasin,Maison,Rideau occultant,2,101.21,0.0,202.42,89.78,404
2024-01-16,Tourcoing,Magasin,Sport,Chaussures running,5,569.53,0.0,2847.65,1551.0,174
2024-01-16,Roubaix,Magasin,Bricolage,Boîte à outils,1,83.21,0.0,83.21,22.99,566
2024-01-17,Dunkerque,Magasin,Maison,Set casseroles,4,706.85,0.0,2827.4,1630.68,467
2024-01-17,Tourcoing,Magasin,Électroménager,Cafetière,5,392.24,0.0,1961.2,1072.8,511
2024-01-17,Dunkerque,Magasin,Bricolage,Échelle alu,5,354.67,0.0,1773.35,842.0,196
2024-01-17,Lille,Magasin,Sport,Ballon foot,5,100.1,0.0,500.5,289.5,599
2024-01-17,Roubaix,Magasin,Électroménager,Cafetière,1,392.24,0.1,353.02,175.34,369
2024-01-17,Lille,Magasin,Électroménager,Cafetière,5,392.24,0.0,1961.2,1072.8,8
2024-01-17,Valenciennes,Magasin,Sport,Ballon foot,6,100.1,0.0,600.6,347.4,206
2024-01-17,En ligne,E-commerce,Bricolage,Tournevis set,8,636.28,0.05,4835.73,2309.01,441
2024-01-17,Roubaix,Magasin,Électroménager,Micro-ondes,5,453.16,0.0,2265.8,857.8,450
2024-01-17,Amiens,Magasin,Sport,Chaussures running,2,569.53,0.0,1139.06,620.4,135
2024-01-17,Dunkerque,Magasin,Mode,Jean homme,8,272.27,0.05,2069.25,628.05,153
2024-01-17,Amiens,Magasin,Électroménager,Bouilloire,5,726.04,0.0,3630.2,1961.5,421
2024-01-17,Dunkerque,Magasin,Sport,Chaussures running,6,569.53,0.0,3417.18,1861.2,120
2024-01-18,Valenciennes,Magasin,Sport,Haltères 10kg,5,98.3,0.0,491.5,213.5,56
2024-01-18,En ligne,E-commerce,Bricolage,Boîte à outils,7,83.21,0.05,553.35,131.81,436
2024-01-18,Amiens,Magasin,Électroménager,Aspirateur,3,191.18,0.0,573.54,289.65,295
2024-01-18,Valenciennes,Magasin,Mode,Baskets ville,3,460.51,0.0,1381.53,444.15,491
2024-01-18,Tourcoing,Magasin,Sport,Vélo VTT,4,545.21,0.0,2180.84,938.0,597
2024-01-18,Lille,Magasin,Bricolage,Boîte à outils,7,83.21,0.0,582.47,160.93,541
2024-01-18,Tourcoing,Magasin,Électroménager,Aspirateur,5,191.18,0.0,955.9,482.75,303
2024-01-18,Lille,Magasin,Mode,T-shirt coton,3,504.67,0.0,1514.01,600.69,99
2024-01-18,Lille,Magasin,Maison,Lampe LED,7,134.22,0.05,892.56,430.98,86
2024-01-18,Tourcoing,Magasin,Électroménager,Robot cuiseur,7,249.97,0.0,1749.79,643.44,165
2024-01-18,En ligne,E-commerce,Électroménager,Réfrigérateur,4,387.37,0.0,1549.48,451.12,23
2024-01-18,Amiens,Magasin,Bricolage,Échelle alu,3,354.67,0.0,1064.01,505.2,447
2024-01-18,Roubaix,Magasin,Maison,Set casseroles,3,706.85,0.0,2120.55,1223.01,415
2024-01-18,Roubaix,Magasin,Mode,Pull laine,4,884.49,0.0,3537.96,1984.24,429
2024-01-19,Valenciennes,Magasin,Électroménager,Cafetière,3,392.24,0.0,1176.72,643.68,314
2024-01-19,Dunkerque,Magasin,Sport,Vélo VTT,1,545.21,0.0,545.21,234.5,413
2024-01-19,En ligne,E-commerce,Mode,Pull laine,4,884.49,0.0,3537.96,1984.24,515
2024-01-19,Amiens,Magasin,Mode,Baskets ville,5,460.51,0.1,2072.3,510.0,343
2024-01-19,Roubaix,Magasin,Électroménager,Cafetière,2,392.24,0.0,784.48,429.12,317
2024-01-19,Valenciennes,Magasin,Sport,Tapis yoga,7,658.36,0.0,4608.52,2468.97,53
2024-01-19,Roubaix,Magasin,Bricolage,Tournevis set,8,636.28,0.0,5090.24,2563.52,63
2024-01-19,Amiens,Magasin,Électroménager,Aspirateur,2,191.18,0.0,382.36,193.1,183
2024-01-19,Valenciennes,Magasin,Maison,Set casseroles,3,706.85,0.0,2120.55,1223.01,160
2024-01-19,Roubaix,Magasin,Bricolage,Tournevis set,3,636.28,0.0,1908.84,961.32,103
2024-01-19,Dunkerque,Magasin,Mode,Jean homme,2,272.27,0.0,544.54,184.24,307
2024-01-19,Dunkerque,Magasin,Maison,Étagère bois,4,279.59,0.0,1118.36,356.48,57
2024-01-19,Tourcoing,Magasin,Sport,Vélo VTT,5,545.21,0.0,2726.05,1172.5,577
2024-01-19,Roubaix,Magasin,Mode,Baskets ville,7,460.51,0.0,3223.57,1036.35,156
2024-01-19,Roubaix,Magasin,Sport,Maillot bain,9,350.77,0.2,2525.54,1162.31,49
2024-01-19,Roubaix,Magasin,Mode,T-shirt coton,2,504.67,0.0,1009.34,400.46,552
2024-01-19,Lille,Magasin,Maison,Couette 220x240,1,224.09,0.0,224.09,90.39,64
2024-01-19,Lille,Magasin,Sport,Haltères 10kg,2,98.3,0.1,176.94,65.74,264
2024-01-19,Roubaix,Magasin,Mode,Jean homme,3,272.27,0.1,735.13,194.68,433
2024-01-19,Tourcoing,Magasin,Mode,T-shirt coton,2,504.67,0.0,1009.34,400.46,323
2024-01-19,Amiens,Magasin,Mode,Veste hiver,5,655.99,0.0,3279.95,1620.4,487
2024-01-19,Lille,Magasin,Maison,Set casseroles,6,706.85,0.0,4241.1,2446.02,274
2024-01-20,Tourcoing,Magasin,Mode,Robe été,3,296.52,0.1,800.6,128.42,503
2024-01-20,Lille,Magasin,Bricolage,Perceuse,3,105.66,0.0,316.98,65.1,219
2024-01-20,Valenciennes,Magasin,Électroménager,Aspirateur,5,191.18,0.0,955.9,482.75,373
2024-01-20,Valenciennes,Magasin,Bricolage,Boîte à outils,5,83.21,0.0,416.05,114.95,362
2024-01-20,Valenciennes,Magasin,Mode,Robe été,7,296.52,0.05,1971.86,403.44,351
2024-01-20,Lille,Magasin,Électroménager,Micro-ondes,1,453.16,0.0,453.16,171.56,449
2024-01-20,Amiens,Magasin,Bricolage,Peinture 5L,4,609.0,0.0,2436.0,1301.84,352
2024-01-20,Tourcoing,Magasin,Mode,Veste hiver,2,655.99,0.0,1311.98,648.16,5
2024-01-20,Valenciennes,Magasin,Sport,Chaussures running,5,569.53,0.0,2847.65,1551.0,327
2024-01-20,Tourcoing,Magasin,Mode,Veste hiver,4,655.99,0.0,2623.96,1296.32,537
2024-01-20,Dunkerque,Magasin,Mode,Jean homme,5,272.27,0.05,1293.28,392.53,164
2024-01-20,Roubaix,Magasin,Mode,Pull laine,5,884.49,0.1,3980.2,2038.06,160
2024-01-20,Tourcoing,Magasin,Maison,Set casseroles,6,706.85,0.1,3816.99,2021.91,573
2024-01-20,Roubaix,Magasin,Mode,T-shirt coton,3,504.67,0.0,1514.01,600.69,565
2024-01-20,Lille,Magasin,Mode,Baskets ville,1,460.51,0.0,460.51,148.05,231
2024-01-20,Roubaix,Magasin,Sport,Haltères 10kg,1,98.3,0.1,88.47,32.87,249
2024-01-20,Lille,Magasin,Électroménager,Micro-ondes,6,453.16,0.0,2718.96,1029.36,551
2024-01-21,Tourcoing,Magasin,Sport,Maillot bain,4,350.77,0.1,1262.77,656.89,369
2024-01-21,Amiens,Magasin,Électroménager,Robot cuiseur,9,249.97,0.1,2024.76,602.31,255
2024-01-21,Tourcoing,Magasin,Électroménager,Aspirateur,2,191.18,0.05,363.24,173.98,399
2024-01-21,Tourcoing,Magasin,Sport,Chaussures running,1,569.53,0.0,569.53,310.2,113
2024-01-21,En ligne,E-commerce,Maison,Lampe LED,2,134.22,0.0,268.44,136.56,336
2024-01-21,Lille,Magasin,Bricolage,Boîte à outils,3,83.21,0.0,249.63,68.97,195
2024-01-21,Tourcoing,Magasin,Maison,Couette 220x240,3,224.09,0.0,672.27,271.17,465
2024-01-21,Tourcoing,Magasin,Électroménager,Robot cuiseur,2,249.97,0.0,499.94,183.84,175
2024-01-21,Dunkerque,Magasin,Maison,Set casseroles,6,706.85,0.0,4241.1,2446.02,160
2024-01-21,Lille,Magasin,Mode,Robe été,6,296.52,0.05,1690.16,345.8,509
2024-01-21,Lille,Magasin,Bricolage,Boîte à outils,5,83.21,0.0,416.05,114.95,387
2024-01-21,Valenciennes,Magasin,Sport,Tapis yoga,8,658.36,0.0,5266.88,2821.68,57
2024-01-21,Dunkerque,Magasin,Mode,Jean homme,8,272.27,0.0,2178.16,736.96,170
2024-01-21,Lille,Magasin,Bricolage,Perceuse,5,105.66,0.0,528.3,108.5,101
2024-01-21,Lille,Magasin,Maison,Rideau occultant,6,101.21,0.0,607.26,269.34,160
2024-01-21,En ligne,E-commerce,Sport,Haltères 10kg,4,98.3,0.0,393.2,170.8,85
2024-01-21,Tourcoing,Magasin,Mode,T-shirt coton,6,504.67,0.0,3028.02,1201.38,229
2024-01-21,En ligne,E-commerce,Électroménager,Robot cuiseur,6,249.97,0.0,1499.82,551.52,151
2024-01-21,Roubaix,Magasin,Mode,Veste hiver,2,655.99,0.0,1311.98,648.16,347
2024-01-21,Dunkerque,Magasin,Électroménager,Micro-ondes,3,453.16,0.0,1359.48,514.68,5
2024-01-21,Valenciennes,Magasin,Maison,Étagère bois,6,279.59,0.05,1593.66,450.84,416
2024-01-21,En ligne,E-commerce,Mode,Pull laine,3,884.49,0.0,2653.47,1488.18,284
2024-01-21,Roubaix,Magasin,Mode,Pull laine,5,884.49,0.0,4422.45,2480.3,466
2024-01-21,En ligne,E-commerce,Sport,Vélo VTT,8,545.21,0.0,4361.68,1876.0,237
2024-01-21,Roubaix,Magasin,Sport,Chaussures running,4,569.53,0.0,2278.12,1240.8,281
2024-01-21,Valenciennes,Magasin,Maison,Étagère bois,2,279.59,0.0,559.18,178.24,307
2024-01-21,Lille,Magasin,Bricolage,Perceuse,6,105.66,0.1,570.56,66.8,555
2024-01-21,Roubaix,Magasin,Mode,Pull laine,1,884.49,0.0,884.49,496.06,79
2024-01-21,Tourcoing,Magasin,Mode,Veste hiver,5,655.99,0.05,3115.95,1456.4,45
2024-01-21,Dunkerque,Magasin,Électroménager,Réfrigérateur,8,387.37,0.0,3098.96,902.24,242
2024-01-21,Lille,Magasin,Maison,Lampe LED,1,134.22,0.0,134.22,68.28,335
2024-01-21,Lille,Magasin,Électroménager,Réfrigérateur,6,387.37,0.0,2324.22,676.68,206
2024-01-22,Amiens,Magasin,Mode,Jean homme,6,272.27,0.0,1633.62,552.72,437
2024-01-22,Lille,Magasin,Sport,Haltères 10kg,3,98.3,0.1,265.41,98.61,360
2024-01-22,Valenciennes,Magasin,Mode,Pull laine,2,884.49,0.0,1768.98,992.12,486
2024-01-22,Tourcoing,Magasin,Mode,Pull laine,4,884.49,0.0,3537.96,1984.24,161
2024-01-22,Dunkerque,Magasin,Sport,Maillot bain,7,350.77,0.0,2455.39,1395.1,565
2024-01-22,Lille,Magasin,Bricolage,Tournevis set,5,636.28,0.0,3181.4,1602.2,254
2024-01-22,En ligne,E-commerce,Électroménager,Bouilloire,5,726.04,0.0,3630.2,1961.5,493
2024-01-22,Lille,Magasin,Mode,Jean homme,6,272.27,0.0,1633.62,552.72,88
2024-01-22,Lille,Magasin,Bricolage,Peinture 5L,5,609.0,0.0,3045.0,1627.3,150
2024-01-22,Dunkerque,Magasin,Mode,T-shirt coton,3,504.67,0.05,1438.31,524.99,491
2024-01-22,Lille,Magasin,Électroménager,Réfrigérateur,2,387.37,0.0,774.74,225.56,190
2024-01-22,Roubaix,Magasin,Mode,Jean homme,3,272.27,0.0,816.81,276.36,235
2024-01-22,Tourcoing,Magasin,Électroménager,Robot cuiseur,5,249.97,0.0,1249.85,459.6,236
2024-01-22,Valenciennes,Magasin,Mode,Pull laine,7,884.49,0.0,6191.43,3472.42,391
2024-01-22,Dunkerque,Magasin,Bricolage,Boîte à outils,4,83.21,0.0,332.84,91.96,149
2024-01-22,Roubaix,Magasin,Sport,Maillot bain,7,350.77,0.0,2455.39,1395.1,211
2024-01-22,Valenciennes,Magasin,Mode,Baskets ville,3,460.51,0.0,1381.53,444.15,590
2024-01-22,Roubaix,Magasin,Sport,Chaussures running,5,569.53,0.0,2847.65,1551.0,80
2024-01-23,En ligne,E-commerce,Sport,Ballon foot,5,100.1,0.05,475.48,264.47,278
2024-01-23,Tourcoing,Magasin,Maison,Set casseroles,2,706.85,0.0,1413.7,815.34,4
2024-01-23,Lille,Magasin,Électroménager,Réfrigérateur,1,387.37,0.0,387.37,112.78,552
2024-01-23,En ligne,E-commerce,Maison,Rideau occultant,4,101.21,0.0,404.84,179.56,563
2024-01-23,Valenciennes,Magasin,Sport,Ballon foot,3,100.1,0.1,270.27,143.67,307
2024-01-23,Lille,Magasin,Sport,Raquette tennis,1,706.19,0.1,635.57,291.42,399
2024-01-23,Valenciennes,Magasin,Bricolage,Échelle alu,6,354.67,0.05,2021.62,904.0,357
2024-01-23,Valenciennes,Magasin,Mode,Veste hiver,2,655.99,0.0,1311.98,648.16,133
2024-01-23,Roubaix,Magasin,Maison,Set casseroles,1,706.85,0.1,636.17,336.99,518
2024-01-23,En ligne,E-commerce,Sport,Vélo VTT,8,545.21,0.0,4361.68,1876.0,161
2024-01-23,En ligne,E-commerce,Sport,Ballon foot,6,100.1,0.0,600.6,347.4,388
2024-01-23,Lille,Magasin,Bricolage,Perceuse,8,105.66,0.0,845.28,173.6,100
2024-01-23,Roubaix,Magasin,Sport,Tapis yoga,6,658.36,0.1,3555.14,1721.24,216
2024-01-23,Lille,Magasin,Maison,Étagère bois,1,279.59,0.0,279.59,89.12,373
2024-01-24,Lille,Magasin,Bricolage,Échelle alu,2,354.67,0.0,709.34,336.8,371
2024-01-24,Dunkerque,Magasin,Bricolage,Peinture 5L,2,609.0,0.0,1218.0,650.92,492
2024-01-24,Amiens,Magasin,Bricolage,Boîte à outils,5,83.21,0.0,416.05,114.95,141
2024-01-24,Lille,Magasin,Sport,Tapis yoga,4,658.36,0.0,2633.44,1410.84,109
2024-01-24,Dunkerque,Magasin,Électroménager,Réfrigérateur,5,387.37,0.05,1840.01,467.06,412
2024-01-24,Tourcoing,Magasin,Maison,Couette 220x240,6,224.09,0.0,1344.54,542.34,205
2024-01-24,Dunkerque,Magasin,Sport,Maillot bain,6,350.77,0.0,2104.62,1195.8,599
2024-01-24,Roubaix,Magasin,Électroménager,Aspirateur,8,191.18,0.0,1529.44,772.4,2
2024-01-24,Valenciennes,Magasin,Sport,Haltères 10kg,3,98.3,0.0,294.9,128.1,437
2024-01-24,Dunkerque,Magasin,Électroménager,Micro-ondes,1,453.16,0.0,453.16,171.56,573
2024-01-24,En ligne,E-commerce,Maison,Couette 220x240,4,224.09,0.0,896.36,361.56,106
2024-01-24,Lille,Magasin,Électroménager,Aspirateur,2,191.18,0.0,382.36,193.1,308
2024-01-24,En ligne,E-commerce,Bricolage,Perceuse,2,105.66,0.0,211.32,43.4,67
2024-01-24,Tourcoing,Magasin,Bricolage,Perceuse,3,105.66,0.0,316.98,65.1,262
2024-01-24,Valenciennes,Magasin,Sport,Ballon foot,3,100.1,0.0,300.3,173.7,83
2024-01-25,Amiens,Magasin,Électroménager,Micro-ondes,6,453.16,0.0,2718.96,1029.36,142
2024-01-25,En ligne,E-commerce,Bricolage,Tournevis set,8,636.28,0.0,5090.24,2563.52,422
2024-01-25,Roubaix,Magasin,Électroménager,Aspirateur,1,191.18,0.0,191.18,96.55,160
2024-01-25,Roubaix,Magasin,Mode,Pull laine,1,884.49,0.0,884.49,496.06,224
2024-01-25,Lille,Magasin,Mode,Baskets ville,5,460.51,0.0,2302.55,740.25,299
2024-01-25,Valenciennes,Magasin,Mode,Baskets ville,4,460.51,0.1,1657.84,408.0,243
2024-01-25,Roubaix,Magasin,Mode,Veste hiver,3,655.99,0.05,1869.57,873.84,247
2024-01-25,Lille,Magasin,Sport,Maillot bain,1,350.77,0.0,350.77,199.3,415
2024-01-25,En ligne,E-commerce,Maison,Étagère bois,1,279.59,0.0,279.59,89.12,560
2024-01-25,Valenciennes,Magasin,Mode,Jean homme,4,272.27,0.0,1089.08,368.48,281
2024-01-25,Amiens,Magasin,Électroménager,Aspirateur,3,191.18,0.0,573.54,289.65,492
2024-01-25,Roubaix,Magasin,Électroménager,Cafetière,3,392.24,0.0,1176.72,643.68,152
2024-01-25,Amiens,Magasin,Maison,Rideau occultant,5,101.21,0.0,506.05,224.45,530
2024-01-25,Roubaix,Magasin,Sport,Raquette tennis,5,706.19,0.0,3530.95,1810.2,131
2024-01-25,Dunkerque,Magasin,Électroménager,Cafetière,6,392.24,0.0,2353.44,1287.36,496
2024-01-25,En ligne,E-commerce,Électroménager,Cafetière,3,392.24,0.0,1176.72,643.68,404
2024-01-26,Roubaix,Magasin,Sport,Vélo VTT,7,545.21,0.0,3816.47,1641.5,206
2024-01-26,Lille,Magasin,Maison,Rideau occultant,3,101.21,0.1,273.27,104.31,237
2024-01-26,Valenciennes,Magasin,Bricolage,Peinture 5L,2,609.0,0.0,1218.0,650.92,231
2024-01-26,Roubaix,Magasin,Électroménager,Cafetière,7,392.24,0.05,2608.4,1364.64,187
2024-01-26,Amiens,Magasin,Bricolage,Échelle alu,6,354.67,0.0,2128.02,1010.4,112
2024-01-26,En ligne,E-commerce,Sport,Ballon foot,5,100.1,0.05,475.48,264.47,288
2024-01-26,Dunkerque,Magasin,Maison,Lampe LED,2,134.22,0.0,268.44,136.56,415
2024-01-26,Valenciennes,Magasin,Maison,Lampe LED,2,134.22,0.0,268.44,136.56,525
2024-01-26,Amiens,Magasin,Mode,Robe été,3,296.52,0.0,889.56,217.38,586
2024-01-26,Dunkerque,Magasin,Maison,Rideau occultant,3,101.21,0.0,303.63,134.67,454
2024-01-26,Lille,Magasin,Électroménager,Bouilloire,1,726.04,0.0,726.04,392.3,126
2024-01-26,Lille,Magasin,Sport,Maillot bain,3,350.77,0.0,1052.31,597.9,11
2024-01-27,Tourcoing,Magasin,Électroménager,Bouilloire,3,726.04,0.0,2178.12,1176.9,474
2024-01-27,Dunkerque,Magasin,Électroménager,Aspirateur,4,191.18,0.0,764.72,386.2,77
2024-01-27,Valenciennes,Magasin,Mode,Pull laine,2,884.49,0.0,1768.98,992.12,290
2024-01-27,Tourcoing,Magasin,Bricolage,Tournevis set,1,636.28,0.0,636.28,320.44,139
2024-01-27,Amiens,Magasin,Sport,Tapis yoga,6,658.36,0.1,3555.14,1721.24,404
2024-01-27,Dunkerque,Magasin,Mode,Robe été,3,296.52,0.0,889.56,217.38,267
2024-01-27,Roubaix,Magasin,Bricolage,Peinture 5L,7,609.0,0.0,4263.0,2278.22,489
2024-01-27,En ligne,E-commerce,Mode,Robe été,1,296.52,0.0,296.52,72.46,310
2024-01-27,Lille,Magasin,Électroménager,Bouilloire,7,726.04,0.0,5082.28,2746.1,228
2024-01-27,Tourcoing,Magasin,Électroménager,Réfrigérateur,1,387.37,0.0,387.37,112.78,218
2024-01-27,Tourcoing,Magasin,Bricolage,Perceuse,5,105.66,0.0,528.3,108.5,89
2024-01-27,En ligne,E-commerce,Maison,Couette 220x240,6,224.09,0.0,1344.54,542.34,20
2024-01-27,Tourcoing,Magasin,Maison,Couette 220x240,3,224.09,0.05,638.66,237.56,135
2024-01-27,En ligne,E-commerce,Sport,Raquette tennis,2,706.19,0.0,1412.38,724.08,387
2024-01-27,Dunkerque,Magasin,Sport,Haltères 10kg,7,98.3,0.0,688.1,298.9,236
2024-01-27,En ligne,E-commerce,Maison,Lampe LED,5,134.22,0.0,671.1,341.4,567
2024-01-28,Roubaix,Magasin,Électroménager,Micro-ondes,7,453.16,0.0,3172.12,1200.92,490
2024-01-28,Roubaix,Magasin,Sport,Ballon foot,5,100.1,0.0,500.5,289.5,123
2024-01-28,Dunkerque,Magasin,Maison,Lampe LED,5,134.22,0.0,671.1,341.4,84
2024-01-28,Tourcoing,Magasin,Électroménager,Cafetière,3,392.24,0.0,1176.72,643.68,318
2024-01-28,En ligne,E-commerce,Sport,Chaussures running,1,569.53,0.0,569.53,310.2,504
2024-01-28,Lille,Magasin,Maison,Étagère bois,4,279.59,0.2,894.69,132.81,125
2024-01-28,Lille,Magasin,Bricolage,Boîte à outils,1,83.21,0.0,83.21,22.99,291
2024-01-28,Tourcoing,Magasin,Bricolage,Boîte à outils,6,83.21,0.0,499.26,137.94,146
2024-01-28,Lille,Magasin,Maison,Couette 220x240,8,224.09,0.0,1792.72,723.12,515
2024-01-28,Valenciennes,Magasin,Mode,T-shirt coton,7,504.67,0.0,3532.69,1401.61,272
2024-01-28,Dunkerque,Magasin,Sport,Raquette tennis,3,706.19,0.05,2012.64,980.19,195
2024-01-28,Lille,Magasin,Bricolage,Tournevis set,3,636.28,0.0,1908.84,961.32,249
2024-01-28,Amiens,Magasin,Maison,Étagère bois,6,279.59,0.0,1677.54,534.72,597
2024-01-28,Lille,Magasin,Maison,Set casseroles,3,706.85,0.0,2120.55,1223.01,178
2024-01-28,Dunkerque,Magasin,Mode,Pull laine,2,884.49,0.0,1768.98,992.12,355
2024-01-28,En ligne,E-commerce,Mode,T-shirt coton,5,504.67,0.0,2523.35,1001.15,573
2024-01-28,Amiens,Magasin,Électroménager,Réfrigérateur,3,387.37,0.0,1162.11,338.34,336
2024-01-28,Tourcoing,Magasin,Sport,Tapis yoga,5,658.36,0.0,3291.8,1763.55,245
2024-01-28,Amiens,Magasin,Mode,Robe été,7,296.52,0.0,2075.64,507.22,563
2024-01-28,Roubaix,Magasin,Sport,Raquette tennis,6,706.19,0.0,4237.14,2172.24,536
2024-01-28,Amiens,Magasin,Maison,Étagère bois,4,279.59,0.0,1118.36,356.48,323
2024-01-28,Valenciennes,Magasin,Maison,Étagère bois,7,279.59,0.0,1957.13,623.84,509
2024-01-28,Lille,Magasin,Électroménager,Réfrigérateur,3,387.37,0.0,1162.11,338.34,36
2024-01-29,Roubaix,Magasin,Bricolage,Tournevis set,3,636.28,0.0,1908.84,961.32,315
2024-01-29,Roubaix,Magasin,Maison,Set casseroles,2,706.85,0.0,1413.7,815.34,157
2024-01-29,Valenciennes,Magasin,Électroménager,Réfrigérateur,7,387.37,0.0,2711.59,789.46,269
2024-01-29,Dunkerque,Magasin,Mode,Veste hiver,5,655.99,0.0,3279.95,1620.4,582
2024-01-29,Dunkerque,Magasin,Bricolage,Échelle alu,2,354.67,0.0,709.34,336.8,542
2024-01-29,Lille,Magasin,Électroménager,Cafetière,6,392.24,0.1,2118.1,1052.02,163
2024-01-29,Lille,Magasin,Électroménager,Aspirateur,3,191.18,0.05,544.86,260.97,262
2024-01-29,Lille,Magasin,Maison,Étagère bois,3,279.59,0.0,838.77,267.36,545
2024-01-29,Valenciennes,Magasin,Maison,Rideau occultant,8,101.21,0.0,809.68,359.12,61
2024-01-29,En ligne,E-commerce,Sport,Raquette tennis,6,706.19,0.0,4237.14,2172.24,392
2024-01-29,Dunkerque,Magasin,Électroménager,Bouilloire,5,726.04,0.0,3630.2,1961.5,79
2024-01-29,Valenciennes,Magasin,Sport,Tapis yoga,6,658.36,0.0,3950.16,2116.26,578
2024-01-29,Amiens,Magasin,Mode,Baskets ville,2,460.51,0.1,828.92,204.0,70
2024-01-29,Roubaix,Magasin,Mode,Baskets ville,3,460.51,0.0,1381.53,444.15,581
2024-01-29,Roubaix,Magasin,Sport,Vélo VTT,2,545.21,0.1,981.38,359.96,359
2024-01-29,Lille,Magasin,Mode,Baskets ville,2,460.51,0.0,921.02,296.1,52
2024-01-29,Amiens,Magasin,Bricolage,Peinture 5L,1,609.0,0.1,548.1,264.56,205
2024-01-29,Lille,Magasin,Mode,Jean homme,5,272.27,0.05,1293.28,392.53,208
2024-01-29,Tourcoing,Magasin,Électroménager,Micro-ondes,3,453.16,0.0,1359.48,514.68,257
2024-01-30,Tourcoing,Magasin,Électroménager,Aspirateur,2,191.18,0.0,382.36,193.1,364
2024-01-30,Valenciennes,Magasin,Bricolage,Peinture 5L,3,609.0,0.0,1827.0,976.38,48
2024-01-30,Lille,Magasin,Électroménager,Aspirateur,1,191.18,0.0,191.18,96.55,562
2024-01-30,Roubaix,Magasin,Mode,Robe été,3,296.52,0.0,889.56,217.38,566
2024-01-30,Dunkerque,Magasin,Mode,Jean homme,1,272.27,0.0,272.27,92.12,462
2024-01-30,Dunkerque,Magasin,Sport,Vélo VTT,3,545.21,0.0,1635.63,703.5,424
2024-01-30,Lille,Magasin,Électroménager,Réfrigérateur,2,387.37,0.1,697.27,148.09,148
2024-01-30,Roubaix,Magasin,Sport,Haltères 10kg,1,98.3,0.0,98.3,42.7,515
2024-01-30,Valenciennes,Magasin,Mode,Robe été,1,296.52,0.0,296.52,72.46,197
2024-01-30,Dunkerque,Magasin,Électroménager,Micro-ondes,4,453.16,0.0,1812.64,686.24,110
2024-01-30,Valenciennes,Magasin,Sport,Raquette tennis,8,706.19,0.0,5649.52,2896.32,209
2024-01-30,Dunkerque,Magasin,Sport,Haltères 10kg,7,98.3,0.0,688.1,298.9,339
2024-01-30,Roubaix,Magasin,Maison,Set casseroles,3,706.85,0.0,2120.55,1223.01,285
2024-01-30,Dunkerque,Magasin,Sport,Haltères 10kg,3,98.3,0.05,280.15,113.35,64
2024-01-30,Amiens,Magasin,Maison,Set casseroles,3,706.85,0.0,2120.55,1223.01,197
2024-01-31,Lille,Magasin,Mode,Jean homme,4,272.27,0.1,980.17,259.57,92
2024-01-31,Lille,Magasin,Mode,Jean homme,5,272.27,0.0,1361.35,460.6,444
2024-01-31,Tourcoing,Magasin,Sport,Maillot bain,5,350.77,0.1,1578.46,821.11,235
2024-01-31,Tourcoing,Magasin,Bricolage,Perceuse,5,105.66,0.0,528.3,108.5,240
2024-01-31,Amiens,Magasin,Bricolage,Perceuse,4,105.66,0.0,422.64,86.8,399
2024-01-31,Lille,Magasin,Maison,Couette 220x240,3,224.09,0.0,672.27,271.17,242
2024-01-31,Lille,Magasin,Maison,Set casseroles,8,706.85,0.0,5654.8,3261.36,89
2024-01-31,Amiens,Magasin,Bricolage,Perceuse,1,105.66,0.0,105.66,21.7,16
2024-01-31,En ligne,E-commerce,Sport,Ballon foot,4,100.1,0.0,400.4,231.6,522
2024-01-31,Lille,Magasin,Maison,Lampe LED,3,134.22,0.0,402.66,204.84,336
2024-02-01,Dunkerque,Magasin,Sport,Ballon foot,4,100.1,0.0,400.4,231.6,462
2024-02-01,En ligne,E-commerce,Sport,Tapis yoga,2,658.36,0.0,1316.72,705.42,242
2024-02-01,Dunkerque,Magasin,Sport,Ballon foot,4,100.1,0.0,400.4,231.6,476
2024-02-01,Lille,Magasin,Sport,Ballon foot,3,100.1,0.0,300.3,173.7,274
2024-02-01,Lille,Magasin,Mode,Veste hiver,2,655.99,0.0,1311.98,648.16,559
2024-02-01,Valenciennes,Magasin,Maison,Canapé 3 places,1,246.23,0.0,246.23,56.88,255
2024-02-01,En ligne,E-commerce,Maison,Rideau occultant,2,101.21,0.0,202.42,89.78,279
2024-02-01,Lille,Magasin,Maison,Canapé 3 places,3,246.23,0.0,738.69,170.64,35
2024-02-01,Roubaix,Magasin,Mode,Robe été,3,296.52,0.0,889.56,217.38,75
2024-02-01,Dunkerque,Magasin,Sport,Raquette tennis,4,706.19,0.0,2824.76,1448.16,598
2024-02-01,Tourcoing,Magasin,Bricolage,Peinture 5L,1,609.0,0.0,609.0,325.46,528
2024-02-01,Lille,Magasin,Mode,Robe été,1,296.52,0.2,237.22,13.16,320
2024-02-01,Dunkerque,Magasin,Sport,Haltères 10kg,1,98.3,0.0,98.3,42.7,415
2024-02-01,Tourcoing,Magasin,Mode,Pull laine,3,884.49,0.2,2122.78,957.49,64
2024-02-01,Roubaix,Magasin,Mode,Robe été,2,296.52,0.0,593.04,144.92,166
2024-02-01,Tourcoing,Magasin,Maison,Rideau occultant,4,101.21,0.0,404.84,179.56,480
2024-02-01,Roubaix,Magasin,Sport,Maillot bain,4,350.77,0.05,1332.93,727.05,196
2024-02-01,Lille,Magasin,Sport,Maillot bain,1,350.77,0.0,350.77,199.3,237
2024-02-01,Dunkerque,Magasin,Maison,Rideau occultant,1,101.21,0.0,101.21,44.89,76
2024-02-01,Lille,Magasin,Maison,Canapé 3 places,1,246.23,0.1,221.61,32.26,183
2024-02-01,Tourcoing,Magasin,Maison,Lampe LED,1,134.22,0.0,134.22,68.28,33
2024-02-02,Dunkerque,Magasin,Mode,Baskets ville,2,460.51,0.0,921.02,296.1,31
2024-02-02,Amiens,Magasin,Bricolage,Échelle alu,1,354.67,0.0,354.67,168.4,250
2024-02-02,Valenciennes,Magasin,Mode,Pull laine,2,884.49,0.0,1768.98,992.12,160
2024-02-02,Lille,Magasin,Électroménager,Réfrigérateur,2,387.37,0.0,774.74,225.56,250
2024-02-02,Amiens,Magasin,Bricolage,Échelle alu,1,354.67,0.0,354.67,168.4,203
2024-02-02,Dunkerque,Magasin,Mode,T-shirt coton,2,504.67,0.0,1009.34,400.46,51
2024-02-02,Lille,Magasin,Maison,Canapé 3 places,2,246.23,0.0,492.46,113.76,391
2024-02-02,Valenciennes,Magasin,Électroménager,Aspirateur,3,191.18,0.0,573.54,289.65,553
2024-02-02,Dunkerque,Magasin,Sport,Haltères 10kg,2,98.3,0.0,196.6,85.4,500
2024-02-02,Roubaix,Magasin,Mode,Baskets ville,3,460.51,0.0,1381.53,444.15,35
2024-02-02,Roubaix,Magasin,Électroménager,Micro-ondes,2,453.16,0.0,906.32,343.12,500
2024-02-02,Amiens,Magasin,Bricolage,Boîte à outils,1,83.21,0.0,83.21,22.99,497
2024-02-02,Valenciennes,Magasin,Sport,Maillot bain,2,350.77,0.0,701.54,398.6,473
2024-02-02,Valenciennes,Magasin,Sport,Raquette tennis,3,706.19,0.0,2118.57,1086.12,45
2024-02-02,Valenciennes,Magasin,Bricolage,Échelle alu,2,354.67,0.05,673.87,301.33,160
2024-02-02,En ligne,E-commerce,Électroménager,Bouilloire,1,726.04,0.0,726.04,392.3,412
2024-02-02,En ligne,E-commerce,Électroménager,Robot cuiseur,2,249.97,0.0,499.94,183.84,376
2024-02-03,Tourcoing,Magasin,Sport,Haltères 10kg,2,98.3,0.0,196.6,85.4,134
2024-02-03,Amiens,Magasin,Bricolage,Tournevis set,3,636.28,0.0,1908.84,961.32,596
2024-02-03,En ligne,E-commerce,Sport,Haltères 10kg,1,98.3,0.0,98.3,42.7,5
2024-02-03,En ligne,E-commerce,Mode,Veste hiver,5,655.99,0.0,3279.95,1620.4,364
2024-02-03,Amiens,Magasin,Mode,Jean homme,4,272.27,0.0,1089.08,368.48,506
2024-02-03,Roubaix,Magasin,Sport,Ballon foot,2,100.1,0.1,180.18,95.78,117
2024-02-03,Lille,Magasin,Bricolage,Tournevis set,1,636.28,0.0,636.28,320.44,242
2024-02-03,Roubaix,Magasin,Maison,Étagère bois,2,279.59,0.0,559.18,178.24,144
2024-02-03,Valenciennes,Magasin,Sport,Tapis yoga,1,658.36,0.0,658.36,352.71,558
2024-02-03,Lille,Magasin,Électroménager,Bouilloire,2,726.04,0.0,1452.08,784.6,224
2024-02-03,Roubaix,Magasin,Sport,Chaussures running,2,569.53,0.0,1139.06,620.4,7
2024-02-04,Amiens,Magasin,Électroménager,Cafetière,1,392.24,0.0,392.24,214.56,61
2024-02-04,Valenciennes,Magasin,Maison,Set casseroles,3,706.85,0.0,2120.55,1223.01,10
2024-02-04,Roubaix,Magasin,Sport,Tapis yoga,3,658.36,0.1,1777.57,860.62,400
2024-02-04,Lille,Magasin,Sport,Chaussures running,1,569.53,0.0,569.53,310.2,268
2024-02-04,Amiens,Magasin,Maison,Lampe LED,4,134.22,0.0,536.88,273.12,66
2024-02-04,Valenciennes,Magasin,Maison,Rideau occultant,4,101.21,0.0,404.84,179.56,20
2024-02-04,Amiens,Magasin,Bricolage,Tournevis set,2,636.28,0.1,1145.3,513.62,598
2024-02-04,Tourcoing,Magasin,Mode,Veste hiver,2,655.99,0.0,1311.98,648.16,244
2024-02-04,Dunkerque,Magasin,Sport,Haltères 10kg,1,98.3,0.0,98.3,42.7,126
2024-02-04,Dunkerque,Magasin,Sport,Vélo VTT,5,545.21,0.2,2180.84,627.29,484
2024-02-04,Roubaix,Magasin,Électroménager,Micro-ondes,1,453.16,0.0,453.16,171.56,63
2024-02-04,Roubaix,Magasin,Maison,Étagère bois,3,279.59,0.0,838.77,267.36,490
2024-02-04,Lille,Magasin,Maison,Couette 220x240,4,224.09,0.05,851.54,316.74,291
2024-02-05,Tourcoing,Magasin,Maison,Couette 220x240,3,224.09,0.1,605.04,203.94,589
2024-02-05,Roubaix,Magasin,Mode,Robe été,4,296.52,0.0,1186.08,289.84,141
2024-02-05,Amiens,Magasin,Électroménager,Robot cuiseur,1,249.97,0.0,249.97,91.92,459
2024-02-05,Dunkerque,Magasin,Sport,Haltères 10kg,5,98.3,0.0,491.5,213.5,531
2024-02-05,Roubaix,Magasin,Mode,Veste hiver,4,655.99,0.0,2623.96,1296.32,359
2024-02-05,Lille,Magasin,Sport,Maillot bain,2,350.77,0.0,701.54,398.6,201
2024-02-05,En ligne,E-commerce,Mode,T-shirt coton,3,504.67,0.0,1514.01,600.69,499
2024-02-05,Lille,Magasin,Mode,T-shirt coton,4,504.67,0.1,1816.81,599.05,162
2024-02-05,Dunkerque,Magasin,Maison,Lampe LED,2,134.22,0.0,268.44,136.56,149
2024-02-05,Amiens,Magasin,Bricolage,Peinture 5L,4,609.0,0.0,2436.0,1301.84,195
2024-02-05,En ligne,E-commerce,Maison,Set casseroles,2,706.85,0.0,1413.7,815.34,205
2024-02-05,Lille,Magasin,Maison,Rideau occultant,2,101.21,0.0,202.42,89.78,212
2024-02-05,Dunkerque,Magasin,Sport,Maillot bain,3,350.77,0.0,1052.31,597.9,465
2024-02-05,En ligne,E-commerce,Sport,Tapis yoga,1,658.36,0.0,658.36,352.71,513
2024-02-05,Roubaix,Magasin,Bricolage,Échelle alu,4,354.67,0.0,1418.68,673.6,137
2024-02-05,Amiens,Magasin,Bricolage,Boîte à outils,2,83.21,0.0,166.42,45.98,467
2024-02-05,En ligne,E-commerce,Sport,Chaussures running,2,569.53,0.0,1139.06,620.4,536
2024-02-05,Lille,Magasin,Sport,Maillot bain,5,350.77,0.0,1753.85,996.5,523
2024-02-05,Valenciennes,Magasin,Bricolage,Tournevis set,1,636.28,0.1,572.65,256.81,577
2024-02-05,Amiens,Magasin,Électroménager,Réfrigérateur,3,387.37,0.0,1162.11,338.34,178
2024-02-06,Roubaix,Magasin,Mode,Veste hiver,1,655.99,0.0,655.99,324.08,558
2024-02-06,Lille,Magasin,Sport,Raquette tennis,1,706.19,0.0,706.19,362.04,580
2024-02-06,Valenciennes,Magasin,Mode,Baskets ville,1,460.51,0.0,460.51,148.05,119
2024-02-06,En ligne,E-commerce,Électroménager,Micro-ondes,2,453.16,0.0,906.32,343.12,526
2024-02-06,Amiens,Magasin,Mode,Baskets ville,2,460.51,0.0,921.02,296.1,323
2024-02-06,Tourcoing,Magasin,Électroménager,Aspirateur,4,191.18,0.05,726.48,347.96,460
2024-02-06,Dunkerque,Magasin,Mode,T-shirt coton,1,504.67,0.0,504.67,200.23,557
2024-02-06,Lille,Magasin,Mode,T-shirt coton,3,504.67,0.0,1514.01,600.69,596
2024-02-06,Lille,Magasin,Électroménager,Cafetière,3,392.24,0.0,1176.72,643.68,35
2024-02-06,Roubaix,Magasin,Sport,Ballon foot,4,100.1,0.2,320.32,151.52,595
2024-02-06,Lille,Magasin,Mode,T-shirt coton,1,504.67,0.0,504.67,200.23,23
2024-02-06,En ligne,E-commerce,Mode,Jean homme,1,272.27,0.05,258.66,78.51,93
2024-02-06,Dunkerque,Magasin,Bricolage,Boîte à outils,2,83.21,0.0,166.42,45.98,336
2024-02-06,Roubaix,Magasin,Sport,Raquette tennis,2,706.19,0.0,1412.38,724.08,151
2024-02-06,Dunkerque,Magasin,Maison,Set casseroles,2,706.85,0.0,1413.7,815.34,326
2024-02-06,En ligne,E-commerce,Mode,Jean homme,3,272.27,0.0,816.81,276.36,586
2024-02-06,En ligne,E-commerce,Mode,Robe été,4,296.52,0.0,1186.08,289.84,505
2024-02-06,Roubaix,Magasin,Mode,Jean homme,4,272.27,0.0,1089.08,368.48,453
2024-02-06,Amiens,Magasin,Sport,Ballon foot,4,100.1,0.0,400.4,231.6,183
2024-02-06,Roubaix,Magasin,Mode,Veste hiver,3,655.99,0.0,1967.97,972.24,137
2024-02-07,Roubaix,Magasin,Sport,Chaussures running,2,569.53,0.0,1139.06,620.4,8
2024-02-07,Amiens,Magasin,Sport,Tapis yoga,3,658.36,0.05,1876.33,959.38,54
2024-02-07,En ligne,E-commerce,Bricolage,Perceuse,3,105.66,0.05,301.13,49.25,437
2024-02-07,Dunkerque,Magasin,Bricolage,Boîte à outils,4,83.21,0.05,316.2,75.32,575
2024-02-07,Tourcoing,Magasin,Sport,Raquette tennis,3,706.19,0.0,2118.57,1086.12,539
2024-02-07,Amiens,Magasin,Sport,Haltères 10kg,3,98.3,0.1,265.41,98.61,479
2024-02-07,Amiens,Magasin,Électroménager,Robot cuiseur,1,249.97,0.0,249.97,91.92,70
2024-02-07,Lille,Magasin,Bricolage,Perceuse,1,105.66,0.05,100.38,16.42,238
2024-02-07,Lille,Magasin,Sport,Ballon foot,2,100.1,0.05,190.19,105.79,37
2024-02-07,Valenciennes,Magasin,Bricolage,Perceuse,1,105.66,0.0,105.66,21.7,590
2024-02-07,Valenciennes,Magasin,Électroménager,Cafetière,2,392.24,0.0,784.48,429.12,118
2024-02-07,En ligne,E-commerce,Sport,Vélo VTT,3,545.21,0.0,1635.63,703.5,151
2024-02-07,Dunkerque,Magasin,Maison,Set casseroles,2,706.85,0.0,1413.7,815.34,125
2024-02-07,Valenciennes,Magasin,Maison,Set casseroles,2,706.85,0.0,1413.7,815.34,176
2024-02-08,Roubaix,Magasin,Sport,Haltères 10kg,4,98.3,0.0,393.2,170.8,372
2024-02-08,En ligne,E-commerce,Sport,Chaussures running,2,569.53,0.0,1139.06,620.4,100
2024-02-08,En ligne,E-commerce,Maison,Canapé 3 places,2,246.23,0.0,492.46,113.76,32
2024-02-08,Lille,Magasin,Maison,Rideau occultant,3,101.21,0.0,303.63,134.67,597
2024-02-08,Roubaix,Magasin,Bricolage,Échelle alu,1,354.67,0.0,354.67,168.4,237
2024-02-08,Amiens,Magasin,Électroménager,Aspirateur,4,191.18,0.0,764.72,386.2,411
2024-02-08,En ligne,E-commerce,Sport,Tapis yoga,4,658.36,0.0,2633.44,1410.84,181
2024-02-08,Roubaix,Magasin,Électroménager,Cafetière,3,392.24,0.0,1176.72,643.68,594
2024-02-08,Amiens,Magasin,Maison,Couette 220x240,3,224.09,0.0,672.27,271.17,534
2024-02-08,Lille,Magasin,Mode,T-shirt coton,2,504.67,0.0,1009.34,400.46,489
2024-02-08,Dunkerque,Magasin,Sport,Vélo VTT,2,545.21,0.0,1090.42,469.0,438
2024-02-08,Dunkerque,Magasin,Sport,Maillot bain,4,350.77,0.0,1403.08,797.2,597
2024-02-08,Tourcoing,Magasin,Mode,T-shirt coton,2,504.67,0.0,1009.34,400.46,589
2024-02-08,Roubaix,Magasin,Sport,Haltères 10kg,3,98.3,0.0,294.9,128.1,511
2024-02-08,Lille,Magasin,Mode,T-shirt coton,3,504.67,0.0,1514.01,600.69,450
2024-02-08,Amiens,Magasin,Mode,Veste hiver,2,655.99,0.0,1311.98,648.16,417
2024-02-08,Amiens,Magasin,Sport,Ballon foot,2,100.1,0.0,200.2,115.8,176
2024-02-08,Roubaix,Magasin,Mode,Veste hiver,2,655.99,0.0,1311.98,648.16,552
2024-02-08,Roubaix,Magasin,Mode,T-shirt coton,1,504.67,0.0,504.67,200.23,263
2024-02-08,Dunkerque,Magasin,Bricolage,Échelle alu,2,354.67,0.0,709.34,336.8,595
2024-02-09,Amiens,Magasin,Maison,Set casseroles,3,706.85,0.0,2120.55,1223.01,16
2024-02-09,Dunkerque,Magasin,Mode,Robe été,1,296.52,0.0,296.52,72.46,423
2024-02-09,Dunkerque,Magasin,Sport,Maillot bain,1,350.77,0.0,350.77,199.3,293
2024-02-09,Lille,Magasin,Maison,Rideau occultant,1,101.21,0.0,101.21,44.89,435
2024-02-09,Tourcoing,Magasin,Maison,Set casseroles,1,706.85,0.0,706.85,407.67,423
2024-02-09,Dunkerque,Magasin,Maison,Set casseroles,3,706.85,0.0,2120.55,1223.01,187
2024-02-09,Amiens,Magasin,Maison,Set casseroles,1,706.85,0.0,706.85,407.67,571
2024-02-09,En ligne,E-commerce,Maison,Couette 220x240,2,224.09,0.0,448.18,180.78,318
2024-02-09,Amiens,Magasin,Maison,Étagère bois,5,279.59,0.2,1118.36,166.01,369
2024-02-09,Lille,Magasin,Électroménager,Aspirateur,4,191.18,0.0,764.72,386.2,316
2024-02-09,Valenciennes,Magasin,Maison,Canapé 3 places,1,246.23,0.0,246.23,56.88,575
2024-02-09,Amiens,Magasin,Maison,Set casseroles,5,706.85,0.0,3534.25,2038.35,412
2024-02-09,Amiens,Magasin,Mode,Veste hiver,1,655.99,0.0,655.99,324.08,35
2024-02-09,Tourcoing,Magasin,Bricolage,Échelle alu,1,354.67,0.05,336.94,150.67,266
2024-02-09,Valenciennes,Magasin,Sport,Raquette tennis,2,706.19,0.0,1412.38,724.08,332
2024-02-09,Lille,Magasin,Sport,Ballon foot,1,100.1,0.0,100.1,57.9,123
2024-02-09,Lille,Magasin,Sport,Haltères 10kg,3,98.3,0.05,280.15,113.35,118
2024-02-09,Roubaix,Magasin,Maison,Set casseroles,1,706.85,0.0,706.85,407.67,55
2024-02-10,Valenciennes,Magasin,Bricolage,Peinture 5L,4,609.0,0.0,2436.0,1301.84,401
2024-02-10,Dunkerque,Magasin,Sport,Ballon foot,3,100.1,0.0,300.3,173.7,530
2024-02-10,Dunkerque,Magasin,Maison,Lampe LED,3,134.22,0.0,402.66,204.84,164
2024-02-10,Valenciennes,Magasin,Bricolage,Perceuse,1,105.66,0.0,105.66,21.7,297
2024-02-10,Lille,Magasin,Mode,Robe été,2,296.52,0.0,593.04,144.92,119
2024-02-10,Lille,Magasin,Électroménager,Cafetière,3,392.24,0.0,1176.72,643.68,13
2024-02-10,Amiens,Magasin,Sport,Vélo VTT,1,545.21,0.0,545.21,234.5,380
2024-02-10,Dunkerque,Magasin,Électroménager,Réfrigérateur,1,387.37,0.0,387.37,112.78,97
2024-02-10,Roubaix,Magasin,Maison,Couette 220x240,1,224.09,0.05,212.89,79.19,348
2024-02-10,Dunkerque,Magasin,Sport,Maillot bain,5,350.77,0.0,1753.85,996.5,282
2024-02-10,Valenciennes,Magasin,Maison,Set casseroles,4,706.85,0.0,2827.4,1630.68,298
2024-02-10,Dunkerque,Magasin,Sport,Ballon foot,2,100.1,0.0,200.2,115.8,434
2024-02-10,En ligne,E-commerce,Électroménager,Robot cuiseur,1,249.97,0.0,249.97,91.92,258
2024-02-10,Lille,Magasin,Maison,Rideau occultant,3,101.21,0.0,303.63,134.67,340
2024-02-10,Tourcoing,Magasin,Maison,Couette 220x240,2,224.09,0.05,425.77,158.37,284
2024-02-10,Valenciennes,Magasin,Mode,Pull laine,2,884.49,0.05,1680.53,903.67,166
2024-02-11,Valenciennes,Magasin,Maison,Canapé 3 places,3,246.23,0.0,738.69,170.64,476
2024-02-11,Roubaix,Magasin,Bricolage,Peinture 5L,1,609.0,0.0,609.0,325.46,538
2024-02-11,Roubaix,Magasin,Maison,Set casseroles,1,706.85,0.0,706.85,407.67,280
2024-02-11,En ligne,E-commerce,Mode,Baskets ville,2,460.51,0.0,921.02,296.1,382
2024-02-11,Dunkerque,Magasin,Maison,Couette 220x240,3,224.09,0.0,672.27,271.17,312
2024-02-11,Roubaix,Magasin,Mode,Baskets ville,1,460.51,0.0,460.51,148.05,360
2024-02-11,Roubaix,Magasin,Sport,Raquette tennis,3,706.19,0.05,2012.64,980.19,249
2024-02-11,Roubaix,Magasin,Maison,Couette 220x240,4,224.09,0.0,896.36,361.56,266
2024-02-11,Tourcoing,Magasin,Sport,Ballon foot,1,100.1,0.05,95.09,52.89,100
2024-02-11,Tourcoing,Magasin,Maison,Lampe LED,2,134.22,0.0,268.44,136.56,479
2024-02-11,En ligne,E-commerce,Sport,Raquette tennis,4,706.19,0.0,2824.76,1448.16,492
2024-02-11,Dunkerque,Magasin,Électroménager,Cafetière,2,392.24,0.0,784.48,429.12,6
2024-02-11,Dunkerque,Magasin,Maison,Étagère bois,3,279.59,0.0,838.77,267.36,413
2024-02-11,Tourcoing,Magasin,Bricolage,Perceuse,1,105.66,0.1,95.09,11.13,584
2024-02-11,Roubaix,Magasin,Sport,Tapis yoga,4,658.36,0.0,2633.44,1410.84,401
2024-02-11,Dunkerque,Magasin,Mode,Veste hiver,1,655.99,0.0,655.99,324.08,207
2024-02-12,Amiens,Magasin,Sport,Tapis yoga,2,658.36,0.0,1316.72,705.42,185
2024-02-12,Valenciennes,Magasin,Bricolage,Tournevis set,1,636.28,0.0,636.28,320.44,14
2024-02-12,Dunkerque,Magasin,Bricolage,Perceuse,1,105.66,0.0,105.66,21.7,473
2024-02-12,Dunkerque,Magasin,Maison,Canapé 3 places,2,246.23,0.0,492.46,113.76,458
2024-02-12,En ligne,E-commerce,Électroménager,Bouilloire,3,726.04,0.0,2178.12,1176.9,139
2024-02-12,Roubaix,Magasin,Maison,Rideau occultant,3,101.21,0.0,303.63,134.67,581
2024-02-12,Lille,Magasin,Mode,Pull laine,3,884.49,0.0,2653.47,1488.18,528
2024-02-12,Roubaix,Magasin,Électroménager,Cafetière,3,392.24,0.1,1059.05,526.01,143
2024-02-12,Dunkerque,Magasin,Bricolage,Échelle alu,2,354.67,0.1,638.41,265.87,96
2024-02-12,Valenciennes,Magasin,Sport,Chaussures running,1,569.53,0.0,569.53,310.2,347
2024-02-12,Tourcoing,Magasin,Maison,Lampe LED,3,134.22,0.0,402.66,204.84,58
2024-02-12,Roubaix,Magasin,Bricolage,Perceuse,4,105.66,0.0,422.64,86.8,451
2024-02-12,Lille,Magasin,Sport,Maillot bain,3,350.77,0.1,947.08,492.67,356
2024-02-12,Lille,Magasin,Sport,Chaussures running,3,569.53,0.0,1708.59,930.6,81
2024-02-12,Tourcoing,Magasin,Mode,Veste hiver,2,655.99,0.0,1311.98,648.16,112
2024-02-12,En ligne,E-commerce,Sport,Haltères 10kg,3,98.3,0.0,294.9,128.1,248
2024-02-12,Roubaix,Magasin,Électroménager,Bouilloire,1,726.04,0.1,653.44,319.7,339
2024-02-12,Valenciennes,Magasin,Sport,Raquette tennis,4,706.19,0.05,2683.52,1306.92,450
2024-02-12,Lille,Magasin,Bricolage,Échelle alu,2,354.67,0.1,638.41,265.87,448
2024-02-12,En ligne,E-commerce,Sport,Chaussures running,3,569.53,0.05,1623.16,845.17,47
2024-02-13,Dunkerque,Magasin,Mode,Jean homme,4,272.27,0.0,1089.08,368.48,15
2024-02-13,Valenciennes,Magasin,Maison,Étagère bois,2,279.59,0.0,559.18,178.24,91
2024-02-13,Valenciennes,Magasin,Mode,Baskets ville,1,460.51,0.0,460.51,148.05,556
2024-02-13,Lille,Magasin,Bricolage,Échelle alu,4,354.67,0.0,1418.68,673.6,559
2024-02-13,Roubaix,Magasin,Mode,Veste hiver,4,655.99,0.0,2623.96,1296.32,150
2024-02-13,Lille,Magasin,Bricolage,Boîte à outils,1,83.21,0.0,83.21,22.99,51
2024-02-13,Dunkerque,Magasin,Mode,T-shirt coton,5,504.67,0.05,2397.18,874.98,557
2024-02-13,Roubaix,Magasin,Électroménager,Cafetière,4,392.24,0.05,1490.51,779.79,190
2024-02-13,Valenciennes,Magasin,Sport,Ballon foot,3,100.1,0.0,300.3,173.7,515
2024-02-13,Dunkerque,Magasin,Mode,Jean homme,1,272.27,0.0,272.27,92.12,405
2024-02-13,Lille,Magasin,Sport,Maillot bain,1,350.77,0.05,333.23,181.76,238
2024-02-13,Roubaix,Magasin,Sport,Maillot bain,3,350.77,0.05,999.69,545.28,385
2024-02-14,Tourcoing,Magasin,Bricolage,Tournevis set,1,636.28,0.05,604.47,288.63,411
2024-02-14,Roubaix,Magasin,Mode,Jean homme,3,272.27,0.0,816.81,276.36,565
2024-02-14,Amiens,Magasin,Mode,Veste hiver,5,655.99,0.0,3279.95,1620.4,107
2024-02-14,Lille,Magasin,Sport,Raquette tennis,2,706.19,0.0,1412.38,724.08,174
2024-02-14,Tourcoing,Magasin,Bricolage,Échelle alu,4,354.67,0.1,1276.81,531.73,15
2024-02-14,Amiens,Magasin,Maison,Rideau occultant,3,101.21,0.0,303.63,134.67,309
2024-02-14,En ligne,E-commerce,Électroménager,Micro-ondes,2,453.16,0.1,815.69,252.49,494
2024-02-14,En ligne,E-commerce,Bricolage,Boîte à outils,4,83.21,0.0,332.84,91.96,480
2024-02-14,Tourcoing,Magasin,Sport,Maillot bain,1,350.77,0.0,350.77,199.3,485
2024-02-14,Amiens,Magasin,Mode,T-shirt coton,2,504.67,0.0,1009.34,400.46,593
2024-02-14,Lille,Magasin,Électroménager,Aspirateur,4,191.18,0.0,764.72,386.2,599
2024-02-14,Tourcoing,Magasin,Électroménager,Micro-ondes,3,453.16,0.0,1359.48,514.68,531
2024-02-14,Amiens,Magasin,Sport,Ballon foot,1,100.1,0.0,100.1,57.9,138
2024-02-14,Amiens,Magasin,Sport,Chaussures running,1,569.53,0.0,569.53,310.2,114
2024-02-15,Valenciennes,Magasin,Mode,Robe été,2,296.52,0.05,563.39,115.27,515
2024-02-15,Lille,Magasin,Sport,Haltères 10kg,1,98.3,0.0,98.3,42.7,20
2024-02-15,Lille,Magasin,Mode,Baskets ville,3,460.51,0.0,1381.53,444.15,114
2024-02-15,Lille,Magasin,Électroménager,Réfrigérateur,1,387.37,0.0,387.37,112.78,91
2024-02-15,Tourcoing,Magasin,Maison,Couette 220x240,2,224.09,0.0,448.18,180.78,434
2024-02-15,Lille,Magasin,Électroménager,Réfrigérateur,1,387.37,0.05,368.0,93.41,370
2024-02-15,Lille,Magasin,Maison,Lampe LED,1,134.22,0.0,134.22,68.28,242
2024-02-15,Roubaix,Magasin,Sport,Maillot bain,2,350.77,0.0,701.54,398.6,133
2024-02-15,Tourcoing,Magasin,Bricolage,Tournevis set,2,636.28,0.0,1272.56,640.88,199
2024-02-15,Lille,Magasin,Électroménager,Aspirateur,4,191.18,0.0,764.72,386.2,81
2024-02-15,Dunkerque,Magasin,Sport,Maillot bain,2,350.77,0.0,701.54,398.6,293
2024-02-15,Dunkerque,Magasin,Maison,Lampe LED,2,134.22,0.0,268.44,136.56,104
2024-02-15,Valenciennes,Magasin,Maison,Rideau occultant,3,101.21,0.2,242.9,73.94,552
2024-02-15,Roubaix,Magasin,Électroménager,Bouilloire,2,726.04,0.05,1379.48,712.0,543
2024-02-15,Dunkerque,Magasin,Mode,T-shirt coton,1,504.67,0.0,504.67,200.23,350
2024-02-15,En ligne,E-commerce,Électroménager,Aspirateur,1,191.18,0.0,191.18,96.55,223
2024-02-15,En ligne,E-commerce,Sport,Raquette tennis,4,706.19,0.0,2824.76,1448.16,396
2024-02-15,Amiens,Magasin,Bricolage,Boîte à outils,1,83.21,0.0,83.21,22.99,154
2024-02-15,Dunkerque,Magasin,Sport,Chaussures running,1,569.53,0.0,569.53,310.2,451
2024-02-16,Lille,Magasin,Électroménager,Micro-ondes,2,453.16,0.05,861.0,297.8,337
2024-02-16,Roubaix,Magasin,Mode,T-shirt coton,4,504.67,0.0,2018.68,800.92,102
2024-02-16,Dunkerque,Magasin,Sport,Maillot bain,3,350.77,0.0,1052.31,597.9,411
2024-02-16,Lille,Magasin,Bricolage,Perceuse,3,105.66,0.0,316.98,65.1,435
2024-02-16,Amiens,Magasin,Sport,Vélo VTT,1,545.21,0.0,545.21,234.5,231
2024-02-16,Lille,Magasin,Mode,T-shirt coton,3,504.67,0.0,1514.01,600.69,438
2024-02-16,Lille,Magasin,Sport,Haltères 10kg,1,98.3,0.0,98.3,42.7,510
2024-02-16,En ligne,E-commerce,Bricolage,Perceuse,4,105.66,0.0,422.64,86.8,537
2024-02-16,Lille,Magasin,Mode,Veste hiver,4,655.99,0.0,2623.96,1296.32,173
2024-02-16,Tourcoing,Magasin,Mode,Robe été,1,296.52,0.0,296.52,72.46,153
2024-02-16,Tourcoing,Magasin,Maison,Lampe LED,5,134.22,0.0,671.1,341.4,473
2024-02-16,Lille,Magasin,Maison,Étagère bois,1,279.59,0.0,279.59,89.12,55
2024-02-16,Valenciennes,Magasin,Sport,Tapis yoga,3,658.36,0.0,1975.08,1058.13,11
2024-02-16,Tourcoing,Magasin,Mode,T-shirt coton,2,504.67,0.0,1009.34,400.46,81
2024-02-16,En ligne,E-commerce,Électroménager,Aspirateur,5,191.18,0.05,908.1,434.96,65
2024-02-16,Dunkerque,Magasin,Électroménager,Bouilloire,1,726.04,0.05,689.74,356.0,404
2024-02-16,Dunkerque,Magasin,Maison,Rideau occultant,3,101.21,0.0,303.63,134.67,326
2024-02-16,Tourcoing,Magasin,Électroménager,Micro-ondes,2,453.16,0.2,725.06,161.86,209
2024-02-16,Amiens,Magasin,Sport,Haltères 10kg,2,98.3,0.0,196.6,85.4,246
2024-02-17,Roubaix,Magasin,Mode,Pull laine,1,884.49,0.0,884.49,496.06,439
2024-02-17,Lille,Magasin,Mode,T-shirt coton,3,504.67,0.0,1514.01,600.69,354
2024-02-17,Amiens,Magasin,Électroménager,Robot cuiseur,2,249.97,0.0,499.94,183.84,537
2024-02-17,Lille,Magasin,Électroménager,Micro-ondes,1,453.16,0.0,453.16,171.56,417
2024-02-17,Dunkerque,Magasin,Mode,Jean homme,4,272.27,0.0,1089.08,368.48,211
2024-02-17,Lille,Magasin,Sport,Haltères 10kg,3,98.3,0.0,294.9,128.1,294
2024-02-17,Amiens,Magasin,Maison,Lampe LED,2,134.22,0.0,268.44,136.56,590
2024-02-17,Valenciennes,Magasin,Électroménager,Aspirateur,4,191.18,0.0,764.72,386.2,96
2024-02-17,Dunkerque,Magasin,Sport,Haltères 10kg,1,98.3,0.0,98.3,42.7,331
2024-02-17,Tourcoing,Magasin,Électroménager,Micro-ondes,1,453.16,0.05,430.5,148.9,576
2024-02-17,Lille,Magasin,Mode,Veste hiver,2,655.99,0.0,1311.98,648.16,483
2024-02-17,Amiens,Magasin,Mode,Baskets ville,4,460.51,0.0,1842.04,592.2,471
2024-02-17,Lille,Magasin,Mode,Baskets ville,2,460.51,0.05,874.97,250.05,532
2024-02-17,Amiens,Magasin,Bricolage,Échelle alu,2,354.67,0.1,638.41,265.87,558
2024-02-17,Amiens,Magasin,Mode,Robe été,1,296.52,0.0,296.52,72.46,282
2024-02-18,Dunkerque,Magasin,Électroménager,Bouilloire,3,726.04,0.0,2178.12,1176.9,200
2024-02-18,Dunkerque,Magasin,Bricolage,Échelle alu,3,354.67,0.0,1064.01,505.2,25
2024-02-18,En ligne,E-commerce,Bricolage,Perceuse,1,105.66,0.1,95.09,11.13,64
2024-02-18,Amiens,Magasin,Sport,Raquette tennis,2,706.19,0.0,1412.38,724.08,494
2024-02-18,Dunkerque,Magasin,Maison,Rideau occultant,2,101.21,0.0,202.42,89.78,553
2024-02-18,Tourcoing,Magasin,Mode,Pull laine,3,884.49,0.2,2122.78,957.49,284
2024-02-18,Amiens,Magasin,Bricolage,Tournevis set,2,636.28,0.0,1272.56,640.88,134
2024-02-18,Lille,Magasin,Sport,Raquette tennis,1,706.19,0.1,635.57,291.42,32
2024-02-18,Lille,Magasin,Maison,Rideau occultant,2,101.21,0.0,202.42,89.78,30
2024-02-18,Lille,Magasin,Maison,Rideau occultant,1,101.21,0.0,101.21,44.89,471
2024-02-18,Amiens,Magasin,Sport,Chaussures running,1,569.53,0.0,569.53,310.2,1
2024-02-18,Tourcoing,Magasin,Maison,Canapé 3 places,2,246.23,0.0,492.46,113.76,119
2024-02-18,Lille,Magasin,Bricolage,Perceuse,1,105.66,0.05,100.38,16.42,10
2024-02-18,Amiens,Magasin,Sport,Raquette tennis,2,706.19,0.0,1412.38,724.08,361
2024-02-18,Valenciennes,Magasin,Sport,Chaussures running,2,569.53,0.0,1139.06,620.4,361
2024-02-19,Amiens,Magasin,Maison,Couette 220x240,1,224.09,0.0,224.09,90.39,554
2024-02-19,Tourcoing,Magasin,Mode,Veste hiver,4,655.99,0.0,2623.96,1296.32,524
2024-02-19,Tourcoing,Magasin,Bricolage,Boîte à outils,2,83.21,0.0,166.42,45.98,328
2024-02-19,Lille,Magasin,Mode,Baskets ville,3,460.51,0.0,1381.53,444.15,324
2024-02-19,Dunkerque,Magasin,Sport,Tapis yoga,2,658.36,0.0,1316.72,705.42,94
2024-02-19,Roubaix,Magasin,Mode,Pull laine,3,884.49,0.1,2388.12,1222.83,223
2024-02-19,Lille,Magasin,Sport,Vélo VTT,3,545.21,0.0,1635.63,703.5,327
2024-02-19,Dunkerque,Magasin,Sport,Chaussures running,4,569.53,0.0,2278.12,1240.8,15
2024-02-19,Dunkerque,Magasin,Sport,Maillot bain,1,350.77,0.0,350.77,199.3,415
2024-02-19,Amiens,Magasin,Bricolage,Tournevis set,2,636.28,0.0,1272.56,640.88,561
2024-02-19,Tourcoing,Magasin,Sport,Tapis yoga,2,658.36,0.0,1316.72,705.42,253
2024-02-19,Valenciennes,Magasin,Électroménager,Micro-ondes,1,453.16,0.0,453.16,171.56,394
2024-02-19,Lille,Magasin,Bricolage,Peinture 5L,1,609.0,0.0,609.0,325.46,573
2024-02-19,Tourcoing,Magasin,Sport,Vélo VTT,3,545.21,0.0,1635.63,703.5,132
2024-02-19,Roubaix,Magasin,Mode,T-shirt coton,2,504.67,0.0,1009.34,400.46,30
2024-02-19,Amiens,Magasin,Mode,Jean homme,3,272.27,0.1,735.13,194.68,504
2024-02-19,Lille,Magasin,Maison,Couette 220x240,4,224.09,0.0,896.36,361.56,500
2024-02-19,Roubaix,Magasin,Mode,Veste hiver,2,655.99,0.0,1311.98,648.16,398
2024-02-19,Lille,Magasin,Bricolage,Boîte à outils,1,83.21,0.0,83.21,22.99,303
2024-02-19,Tourcoing,Magasin,Sport,Raquette tennis,3,706.19,0.0,2118.57,1086.12,257
2024-02-20,Tourcoing,Magasin,Sport,Vélo VTT,2,545.21,0.0,1090.42,469.0,271
2024-02-20,Valenciennes,Magasin,Mode,Baskets ville,2,460.51,0.2,736.82,111.9,180
2024-02-20,Roubaix,Magasin,Électroménager,Robot cuiseur,1,249.97,0.0,249.97,91.92,301
2024-02-20,Tourcoing,Magasin,Mode,Baskets ville,4,460.51,0.0,1842.04,592.2,96
2024-02-20,Tourcoing,Magasin,Électroménager,Cafetière,2,392.24,0.0,784.48,429.12,501
2024-02-20,Roubaix,Magasin,Sport,Tapis yoga,1,658.36,0.0,658.36,352.71,466
2024-02-20,Dunkerque,Magasin,Sport,Tapis yoga,1,658.36,0.0,658.36,352.71,585
2024-02-20,Roubaix,Magasin,Mode,Veste hiver,2,655.99,0.0,1311.98,648.16,295
2024-02-20,Valenciennes,Magasin,Électroménager,Micro-ondes,3,453.16,0.05,1291.51,446.71,185
2024-02-20,Lille,Magasin,Électroménager,Micro-ondes,4,453.16,0.0,1812.64,686.24,401
2024-02-20,Amiens,Magasin,Sport,Ballon foot,3,100.1,0.0,300.3,173.7,591
2024-02-20,Tourcoing,Magasin,Maison,Rideau occultant,3,101.21,0.1,273.27,104.31,33
2024-02-20,Lille,Magasin,Électroménager,Bouilloire,3,726.04,0.0,2178.12,1176.9,202
2024-02-20,En ligne,E-commerce,Électroménager,Cafetière,2,392.24,0.0,784.48,429.12,11
2024-02-20,Tourcoing,Magasin,Électroménager,Bouilloire,4,726.04,0.0,2904.16,1569.2,464
2024-02-21,Valenciennes,Magasin,Électroménager,Aspirateur,2,191.18,0.0,382.36,193.1,31
2024-02-21,Lille,Magasin,Électroménager,Réfrigérateur,2,387.37,0.0,774.74,225.56,594
2024-02-21,Lille,Magasin,Maison,Lampe LED,3,134.22,0.0,402.66,204.84,498
2024-02-21,Dunkerque,Magasin,Mode,T-shirt coton,4,504.67,0.0,2018.68,800.92,139
2024-02-21,Roubaix,Magasin,Maison,Lampe LED,1,134.22,0.05,127.51,61.57,505
2024-02-21,Dunkerque,Magasin,Bricolage,Échelle alu,3,354.67,0.05,1010.81,452.0,419
2024-02-21,Amiens,Magasin,Mode,Robe été,3,296.52,0.0,889.56,217.38,444
2024-02-21,Dunkerque,Magasin,Maison,Rideau occultant,5,101.21,0.05,480.75,199.15,76
2024-02-21,Lille,Magasin,Maison,Étagère bois,1,279.59,0.1,251.63,61.16,568
2024-02-21,Dunkerque,Magasin,Bricolage,Peinture 5L,2,609.0,0.0,1218.0,650.92,387
2024-02-21,Roubaix,Magasin,Mode,Veste hiver,3,655.99,0.05,1869.57,873.84,240
2024-02-21,Lille,Magasin,Bricolage,Boîte à outils,3,83.21,0.0,249.63,68.97,154
2024-02-21,Roubaix,Magasin,Bricolage,Perceuse,2,105.66,0.0,211.32,43.4,459
2024-02-21,Dunkerque,Magasin,Électroménager,Bouilloire,2,726.04,0.0,1452.08,784.6,410
2024-02-21,En ligne,E-commerce,Électroménager,Micro-ondes,3,453.16,0.0,1359.48,514.68,280
2024-02-21,Amiens,Magasin,Sport,Tapis yoga,3,658.36,0.0,1975.08,1058.13,22
2024-02-21,Lille,Magasin,Mode,Jean homme,1,272.27,0.0,272.27,92.12,273
2024-02-22,Tourcoing,Magasin,Sport,Maillot bain,2,350.77,0.0,701.54,398.6,240
2024-02-22,Roubaix,Magasin,Maison,Rideau occultant,1,101.21,0.05,96.15,39.83,162
2024-02-22,Tourcoing,Magasin,Maison,Lampe LED,3,134.22,0.1,362.39,164.57,521
2024-02-22,Amiens,Magasin,Électroménager,Aspirateur,3,191.18,0.0,573.54,289.65,379
2024-02-22,Tourcoing,Magasin,Sport,Haltères 10kg,1,98.3,0.0,98.3,42.7,567
2024-02-22,Valenciennes,Magasin,Maison,Rideau occultant,1,101.21,0.0,101.21,44.89,119
2024-02-22,Roubaix,Magasin,Sport,Haltères 10kg,3,98.3,0.0,294.9,128.1,223
2024-02-22,Lille,Magasin,Sport,Vélo VTT,2,545.21,0.0,1090.42,469.0,319
2024-02-22,Amiens,Magasin,Maison,Lampe LED,1,134.22,0.0,134.22,68.28,59
2024-02-22,En ligne,E-commerce,Mode,T-shirt coton,2,504.67,0.0,1009.34,400.46,372
2024-02-22,En ligne,E-commerce,Bricolage,Peinture 5L,4,609.0,0.0,2436.0,1301.84,455
2024-02-22,Amiens,Magasin,Électroménager,Micro-ondes,1,453.16,0.0,453.16,171.56,565
2024-02-22,Dunkerque,Magasin,Maison,Rideau occultant,3,101.21,0.0,303.63,134.67,197
2024-02-22,Lille,Magasin,Sport,Vélo VTT,1,545.21,0.0,545.21,234.5,144
2024-02-22,Roubaix,Magasin,Sport,Raquette tennis,3,706.19,0.1,1906.71,874.26,479
2024-02-22,Lille,Magasin,Mode,Baskets ville,2,460.51,0.0,921.02,296.1,163
2024-02-22,Roubaix,Magasin,Mode,Jean homme,5,272.27,0.0,1361.35,460.6,551
2024-02-22,Dunkerque,Magasin,Électroménager,Réfrigérateur,2,387.37,0.0,774.74,225.56,482
2024-02-23,Roubaix,Magasin,Électroménager,Cafetière,3,392.24,0.0,1176.72,643.68,423
2024-02-23,Lille,Magasin,Électroménager,Robot cuiseur,3,249.97,0.0,749.91,275.76,117
2024-02-23,Dunkerque,Magasin,Électroménager,Bouilloire,3,726.04,0.0,2178.12,1176.9,55
2024-02-23,Amiens,Magasin,Sport,Vélo VTT,3,545.21,0.0,1635.63,703.5,590
2024-02-23,Valenciennes,Magasin,Maison,Rideau occultant,2,101.21,0.2,161.94,49.3,497
2024-02-23,Roubaix,Magasin,Électroménager,Cafetière,2,392.24,0.0,784.48,429.12,346
2024-02-23,Lille,Magasin,Bricolage,Boîte à outils,2,83.21,0.05,158.1,37.66,220
2024-02-23,Amiens,Magasin,Maison,Lampe LED,3,134.22,0.05,382.53,184.71,392
2024-02-23,Dunkerque,Magasin,Mode,Robe été,3,296.52,0.0,889.56,217.38,370
2024-02-23,En ligne,E-commerce,Bricolage,Peinture 5L,1,609.0,0.0,609.0,325.46,1
2024-02-23,Roubaix,Magasin,Électroménager,Réfrigérateur,3,387.37,0.0,1162.11,338.34,428
2024-02-23,Lille,Magasin,Électroménager,Bouilloire,1,726.04,0.0,726.04,392.3,524
2024-02-23,Amiens,Magasin,Mode,Robe été,3,296.52,0.0,889.56,217.38,100
2024-02-23,Dunkerque,Magasin,Mode,Veste hiver,2,655.99,0.05,1246.38,582.56,474
2024-02-23,Dunkerque,Magasin,Bricolage,Perceuse,2,105.66,0.0,211.32,43.4,308
2024-02-23,Roubaix,Magasin,Sport,Chaussures running,1,569.53,0.0,569.53,310.2,108
2024-02-23,En ligne,E-commerce,Bricolage,Boîte à outils,1,83.21,0.0,83.21,22.99,218
2024-02-24,En ligne,E-commerce,Sport,Haltères 10kg,4,98.3,0.0,393.2,170.8,284
2024-02-24,Valenciennes,Magasin,Électroménager,Robot cuiseur,2,249.97,0.0,499.94,183.84,597
2024-02-24,Roubaix,Magasin,Maison,Étagère bois,5,279.59,0.1,1258.16,305.8,427
2024-02-24,Amiens,Magasin,Sport,Maillot bain,1,350.77,0.0,350.77,199.3,189
2024-02-24,Dunkerque,Magasin,Électroménager,Robot cuiseur,1,249.97,0.0,249.97,91.92,150
2024-02-24,Lille,Magasin,Mode,Baskets ville,2,460.51,0.0,921.02,296.1,532
2024-02-24,Tourcoing,Magasin,Bricolage,Peinture 5L,4,609.0,0.0,2436.0,1301.84,374
2024-02-24,Amiens,Magasin,Électroménager,Micro-ondes,4,453.16,0.0,1812.64,686.24,98
2024-02-24,Tourcoing,Magasin,Mode,Baskets ville,2,460.51,0.0,921.02,296.1,567
2024-02-24,Amiens,Magasin,Maison,Canapé 3 places,1,246.23,0.0,246.23,56.88,559
2024-02-24,Dunkerque,Magasin,Sport,Raquette tennis,3,706.19,0.0,2118.57,1086.12,68
2024-02-24,Lille,Magasin,Maison,Étagère bois,1,279.59,0.0,279.59,89.12,67
2024-02-24,Lille,Magasin,Bricolage,Échelle alu,2,354.67,0.0,709.34,336.8,445
2024-02-24,Lille,Magasin,Mode,Baskets ville,1,460.51,0.0,460.51,148.05,246
2024-02-24,Roubaix,Magasin,Bricolage,Boîte à outils,3,83.21,0.0,249.63,68.97,371
2024-02-24,Lille,Magasin,Électroménager,Aspirateur,3,191.18,0.0,573.54,289.65,34
2024-02-24,Lille,Magasin,Électroménager,Aspirateur,1,191.18,0.0,191.18,96.55,57
2024-02-24,Tourcoing,Magasin,Bricolage,Boîte à outils,3,83.21,0.0,249.63,68.97,552
2024-02-24,Lille,Magasin,Bricolage,Échelle alu,4,354.67,0.0,1418.68,673.6,74
2024-02-24,Lille,Magasin,Sport,Maillot bain,2,350.77,0.0,701.54,398.6,54
2024-02-24,Roubaix,Magasin,Électroménager,Réfrigérateur,2,387.37,0.0,774.74,225.56,539
2024-02-25,Valenciennes,Magasin,Bricolage,Échelle alu,2,354.67,0.05,673.87,301.33,508
2024-02-25,Lille,Magasin,Maison,Couette 220x240,3,224.09,0.0,672.27,271.17,534
2024-02-25,Valenciennes,Magasin,Maison,Étagère bois,2,279.59,0.0,559.18,178.24,234
2024-02-25,Amiens,Magasin,Bricolage,Boîte à outils,1,83.21,0.0,83.21,22.99,195
2024-02-25,Valenciennes,Magasin,Sport,Raquette tennis,1,706.19,0.0,706.19,362.04,376
2024-02-25,Roubaix,Magasin,Électroménager,Cafetière,3,392.24,0.0,1176.72,643.68,417
2024-02-25,Lille,Magasin,Bricolage,Tournevis set,2,636.28,0.0,1272.56,640.88,148
2024-02-25,Amiens,Magasin,Mode,Robe été,3,296.52,0.0,889.56,217.38,63
2024-02-25,Roubaix,Magasin,Mode,T-shirt coton,2,504.67,0.0,1009.34,400.46,438
2024-02-25,Amiens,Magasin,Électroménager,Robot cuiseur,3,249.97,0.0,749.91,275.76,383
2024-02-25,Dunkerque,Magasin,Maison,Rideau occultant,2,101.21,0.0,202.42,89.78,64
2024-02-25,Roubaix,Magasin,Électroménager,Bouilloire,3,726.04,0.0,2178.12,1176.9,436
2024-02-25,Roubaix,Magasin,Électroménager,Réfrigérateur,3,387.37,0.0,1162.11,338.34,535
2024-02-25,Dunkerque,Magasin,Maison,Lampe LED,3,134.22,0.0,402.66,204.84,483
2024-02-25,En ligne,E-commerce,Électroménager,Robot cuiseur,2,249.97,0.0,499.94,183.84,467
2024-02-26,Amiens,Magasin,Bricolage,Boîte à outils,2,83.21,0.0,166.42,45.98,3
2024-02-26,Tourcoing,Magasin,Bricolage,Échelle alu,3,354.67,0.0,1064.01,505.2,390
2024-02-26,En ligne,E-commerce,Sport,Ballon foot,4,100.1,0.0,400.4,231.6,286
2024-02-26,En ligne,E-commerce,Sport,Raquette tennis,1,706.19,0.05,670.88,326.73,113
2024-02-26,Lille,Magasin,Maison,Canapé 3 places,3,246.23,0.0,738.69,170.64,3
2024-02-26,Lille,Magasin,Bricolage,Peinture 5L,2,609.0,0.0,1218.0,650.92,16
2024-02-26,Dunkerque,Magasin,Maison,Lampe LED,4,134.22,0.0,536.88,273.12,439
2024-02-26,Roubaix,Magasin,Bricolage,Perceuse,3,105.66,0.0,316.98,65.1,42
2024-02-26,Lille,Magasin,Mode,Pull laine,3,884.49,0.0,2653.47,1488.18,551
2024-02-26,Amiens,Magasin,Électroménager,Robot cuiseur,1,249.97,0.0,249.97,91.92,437
2024-02-26,En ligne,E-commerce,Électroménager,Aspirateur,3,191.18,0.0,573.54,289.65,235
2024-02-26,Lille,Magasin,Mode,Robe été,3,296.52,0.05,845.08,172.9,543
2024-02-26,Roubaix,Magasin,Maison,Set casseroles,3,706.85,0.0,2120.55,1223.01,162
2024-02-26,Dunkerque,Magasin,Sport,Ballon foot,4,100.1,0.0,400.4,231.6,327
2024-02-26,Dunkerque,Magasin,Bricolage,Boîte à outils,3,83.21,0.0,249.63,68.97,43
2024-02-26,Dunkerque,Magasin,Sport,Haltères 10kg,1,98.3,0.05,93.38,37.78,223
2024-02-26,Dunkerque,Magasin,Mode,Jean homme,3,272.27,0.05,775.97,235.52,570
2024-02-26,Amiens,Magasin,Bricolage,Échelle alu,2,354.67,0.0,709.34,336.8,102
2024-02-27,En ligne,E-commerce,Bricolage,Tournevis set,3,636.28,0.0,1908.84,961.32,119
2024-02-27,En ligne,E-commerce,Mode,Robe été,3,296.52,0.0,889.56,217.38,546
2024-02-27,Valenciennes,Magasin,Mode,Jean homme,1,272.27,0.2,217.82,37.67,417
2024-02-27,Amiens,Magasin,Sport,Haltères 10kg,1,98.3,0.05,93.38,37.78,320
2024-02-27,Roubaix,Magasin,Mode,Robe été,1,296.52,0.05,281.69,57.63,212
2024-02-27,Roubaix,Magasin,Bricolage,Échelle alu,1,354.67,0.0,354.67,168.4,150
2024-02-27,Amiens,Magasin,Électroménager,Aspirateur,1,191.18,0.0,191.18,96.55,423
2024-02-27,Dunkerque,Magasin,Électroménager,Aspirateur,1,191.18,0.0,191.18,96.55,12
2024-02-27,Tourcoing,Magasin,Mode,Baskets ville,3,460.51,0.0,1381.53,444.15,323
2024-02-27,Lille,Magasin,Maison,Canapé 3 places,1,246.23,0.0,246.23,56.88,221
2024-02-27,Roubaix,Magasin,Mode,Robe été,1,296.52,0.0,296.52,72.46,207
2024-02-27,En ligne,E-commerce,Sport,Maillot bain,2,350.77,0.0,701.54,398.6,186
2024-02-27,En ligne,E-commerce,Bricolage,Tournevis set,2,636.28,0.0,1272.56,640.88,512
2024-02-27,Lille,Magasin,Électroménager,Micro-ondes,2,453.16,0.0,906.32,343.12,151
2024-02-27,Dunkerque,Magasin,Sport,Chaussures running,2,569.53,0.0,1139.06,620.4,437
2024-02-27,Roubaix,Magasin,Mode,Jean homme,5,272.27,0.0,1361.35,460.6,446
2024-02-28,Roubaix,Magasin,Sport,Raquette tennis,1,706.19,0.0,706.19,362.04,329
2024-02-28,Dunkerque,Magasin,Maison,Étagère bois,1,279.59,0.0,279.59,89.12,86
2024-02-28,Dunkerque,Magasin,Électroménager,Micro-ondes,4,453.16,0.0,1812.64,686.24,433
2024-02-28,Valenciennes,Magasin,Maison,Étagère bois,1,279.59,0.0,279.59,89.12,575
2024-02-28,Lille,Magasin,Sport,Ballon foot,1,100.1,0.0,100.1,57.9,442
2024-02-28,En ligne,E-commerce,Mode,T-shirt coton,4,504.67,0.0,2018.68,800.92,57
2024-02-28,En ligne,E-commerce,Sport,Maillot bain,1,350.77,0.0,350.77,199.3,582
2024-02-28,Dunkerque,Magasin,Bricolage,Peinture 5L,3,609.0,0.0,1827.0,976.38,363
2024-02-28,Lille,Magasin,Sport,Vélo VTT,2,545.21,0.0,1090.42,469.0,222
2024-02-28,Roubaix,Magasin,Mode,Pull laine,1,884.49,0.0,884.49,496.06,565
2024-02-28,Lille,Magasin,Mode,Baskets ville,1,460.51,0.0,460.51,148.05,278
2024-02-28,Roubaix,Magasin,Électroménager,Aspirateur,1,191.18,0.0,191.18,96.55,422
2024-02-28,Dunkerque,Magasin,Maison,Étagère bois,2,279.59,0.0,559.18,178.24,370
2024-02-28,Dunkerque,Magasin,Maison,Rideau occultant,2,101.21,0.0,202.42,89.78,232
2024-02-28,Roubaix,Magasin,Sport,Raquette tennis,1,706.19,0.0,706.19,362.04,220
2024-02-29,Lille,Magasin,Sport,Chaussures running,3,569.53,0.0,1708.59,930.6,516
2024-02-29,Valenciennes,Magasin,Mode,Robe été,3,296.52,0.0,889.56,217.38,371
2024-02-29,Tourcoing,Magasin,Électroménager,Aspirateur,1,191.18,0.0,191.18,96.55,564
2024-02-29,Roubaix,Magasin,Électroménager,Cafetière,1,392.24,0.0,392.24,214.56,296
2024-02-29,Lille,Magasin,Sport,Tapis yoga,1,658.36,0.0,658.36,352.71,474
2024-02-29,En ligne,E-commerce,Bricolage,Boîte à outils,4,83.21,0.0,332.84,91.96,392
2024-02-29,Amiens,Magasin,Mode,T-shirt coton,3,504.67,0.1,1362.61,449.29,249
2024-02-29,Tourcoing,Magasin,Maison,Rideau occultant,2,101.21,0.0,202.42,89.78,157
2024-02-29,Roubaix,Magasin,Électroménager,Réfrigérateur,1,387.37,0.0,387.37,112.78,258
2024-02-29,Amiens,Magasin,Sport,Maillot bain,2,350.77,0.0,701.54,398.6,108
2024-02-29,Lille,Magasin,Sport,Vélo VTT,2,545.21,0.0,1090.42,469.0,7
2024-02-29,Lille,Magasin,Maison,Set casseroles,4,706.85,0.0,2827.4,1630.68,152
2024-02-29,Dunkerque,Magasin,Électroménager,Micro-ondes,2,453.16,0.0,906.32,343.12,322
2024-03-01,Dunkerque,Magasin,Sport,Tapis yoga,3,658.36,0.0,1975.08,1058.13,286
2024-03-01,Dunkerque,Magasin,Mode,Pull laine,4,884.49,0.1,3184.16,1630.44,11
2024-03-01,Dunkerque,Magasin,Bricolage,Perceuse,4,105.66,0.1,380.38,44.54,302
2024-03-01,Amiens,Magasin,Bricolage,Perceuse,4,105.66,0.0,422.64,86.8,263
2024-03-01,Lille,Magasin,Électroménager,Bouilloire,1,726.04,0.0,726.04,392.3,433
2024-03-01,Amiens,Magasin,Mode,Veste hiver,2,655.99,0.0,1311.98,648.16,152
2024-03-01,Lille,Magasin,Mode,Robe été,2,296.52,0.0,593.04,144.92,547
2024-03-01,En ligne,E-commerce,Bricolage,Perceuse,1,105.66,0.05,100.38,16.42,20
2024-03-01,Amiens,Magasin,Maison,Lampe LED,1,134.22,0.0,134.22,68.28,474
2024-03-01,Amiens,Magasin,Mode,Robe été,2,296.52,0.0,593.04,144.92,376
2024-03-01,Amiens,Magasin,Sport,Haltères 10kg,1,98.3,0.0,98.3,42.7,413
2024-03-01,Lille,Magasin,Sport,Chaussures running,2,569.53,0.0,1139.06,620.4,195
2024-03-01,Lille,Magasin,Sport,Maillot bain,6,350.77,0.0,2104.62,1195.8,165
2024-03-01,Valenciennes,Magasin,Mode,Robe été,1,296.52,0.0,296.52,72.46,577
2024-03-01,En ligne,E-commerce,Maison,Rideau occultant,2,101.21,0.0,202.42,89.78,560
2024-03-01,Dunkerque,Magasin,Bricolage,Tournevis set,3,636.28,0.0,1908.84,961.32,510
2024-03-01,Dunkerque,Magasin,Maison,Rideau occultant,4,101.21,0.0,404.84,179.56,421
2024-03-01,En ligne,E-commerce,Sport,Chaussures running,1,569.53,0.0,569.53,310.2,537
2024-03-02,Lille,Magasin,Électroménager,Aspirateur,1,191.18,0.0,191.18,96.55,341
2024-03-02,Tourcoing,Magasin,Mode,Veste hiver,1,655.99,0.0,655.99,324.08,304
2024-03-02,En ligne,E-commerce,Bricolage,Peinture 5L,2,609.0,0.0,1218.0,650.92,122
2024-03-02,Roubaix,Magasin,Mode,Baskets ville,3,460.51,0.0,1381.53,444.15,71
2024-03-02,Amiens,Magasin,Bricolage,Perceuse,1,105.66,0.0,105.66,21.7,174
2024-03-02,Valenciennes,Magasin,Bricolage,Échelle alu,1,354.67,0.0,354.67,168.4,123
2024-03-02,Tourcoing,Magasin,Bricolage,Peinture 5L,3,609.0,0.0,1827.0,976.38,421
2024-03-02,Roubaix,Magasin,Mode,Jean homme,2,272.27,0.0,544.54,184.24,276
2024-03-02,Roubaix,Magasin,Sport,Tapis yoga,4,658.36,0.2,2106.75,884.15,72
2024-03-02,Roubaix,Magasin,Électroménager,Réfrigérateur,2,387.37,0.0,774.74,225.56,288
2024-03-02,Dunkerque,Magasin,Sport,Maillot bain,1,350.77,0.0,350.77,199.3,173
2024-03-02,En ligne,E-commerce,Bricolage,Perceuse,5,105.66,0.0,528.3,108.5,159
2024-03-02,Dunkerque,Magasin,Mode,Baskets ville,2,460.51,0.0,921.02,296.1,134
2024-03-02,Lille,Magasin,Sport,Vélo VTT,3,545.21,0.0,1635.63,703.5,514
2024-03-02,Roubaix,Magasin,Sport,Tapis yoga,4,658.36,0.0,2633.44,1410.84,262
2024-03-02,Amiens,Magasin,Mode,Pull laine,4,884.49,0.0,3537.96,1984.24,250
2024-03-02,Tourcoing,Magasin,Sport,Haltères 10kg,1,98.3,0.0,98.3,42.7,156
2024-03-02,Lille,Magasin,Sport,Ballon foot,1,100.1,0.05,95.09,52.89,64
2024-03-02,Tourcoing,Magasin,Bricolage,Tournevis set,3,636.28,0.0,1908.84,961.32,248
2024-03-02,Roubaix,Magasin,Bricolage,Peinture 5L,3,609.0,0.0,1827.0,976.38,69
2024-03-02,Valenciennes,Magasin,Électroménager,Cafetière,2,392.24,0.0,784.48,429.12,432
2024-03-03,Valenciennes,Magasin,Électroménager,Cafetière,1,392.24,0.05,372.63,194.95,437
2024-03-03,Dunkerque,Magasin,Sport,Ballon foot,1,100.1,0.0,100.1,57.9,135
2024-03-03,Lille,Magasin,Bricolage,Boîte à outils,1,83.21,0.0,83.21,22.99,225
2024-03-03,En ligne,E-commerce,Maison,Étagère bois,2,279.59,0.0,559.18,178.24,279
2024-03-03,Lille,Magasin,Électroménager,Robot cuiseur,4,249.97,0.0,999.88,367.68,101
2024-03-03,Valenciennes,Magasin,Bricolage,Peinture 5L,6,609.0,0.1,3288.6,1587.36,478
2024-03-03,Lille,Magasin,Bricolage,Perceuse,2,105.66,0.0,211.32,43.4,75
2024-03-03,Valenciennes,Magasin,Maison,Rideau occultant,1,101.21,0.0,101.21,44.89,559
2024-03-03,Lille,Magasin,Mode,Jean homme,4,272.27,0.0,1089.08,368.48,269
2024-03-03,Amiens,Magasin,Électroménager,Robot cuiseur,1,249.97,0.05,237.47,79.42,518
2024-03-03,Lille,Magasin,Électroménager,Cafetière,2,392.24,0.0,784.48,429.12,98
2024-03-03,Lille,Magasin,Bricolage,Tournevis set,5,636.28,0.0,3181.4,1602.2,473
2024-03-03,Lille,Magasin,Maison,Étagère bois,1,279.59,0.0,279.59,89.12,17
2024-03-03,Lille,Magasin,Bricolage,Tournevis set,3,636.28,0.0,1908.84,961.32,236
2024-03-03,Tourcoing,Magasin,Sport,Chaussures running,3,569.53,0.2,1366.87,588.88,8
2024-03-04,Lille,Magasin,Sport,Tapis yoga,3,658.36,0.0,1975.08,1058.13,451
2024-03-04,Lille,Magasin,Mode,Baskets ville,1,460.51,0.0,460.51,148.05,17
2024-03-04,Lille,Magasin,Bricolage,Boîte à outils,4,83.21,0.0,332.84,91.96,275
2024-03-04,Amiens,Magasin,Sport,Raquette tennis,1,706.19,0.2,564.95,220.8,365
2024-03-04,Roubaix,Magasin,Sport,Vélo VTT,3,545.21,0.0,1635.63,703.5,300
2024-03-04,Amiens,Magasin,Sport,Haltères 10kg,4,98.3,0.0,393.2,170.8,84
2024-03-04,En ligne,E-commerce,Bricolage,Perceuse,4,105.66,0.0,422.64,86.8,322
2024-03-04,En ligne,E-commerce,Électroménager,Réfrigérateur,4,387.37,0.1,1394.53,296.17,76
2024-03-04,Amiens,Magasin,Électroménager,Robot cuiseur,1,249.97,0.0,249.97,91.92,517
2024-03-04,Valenciennes,Magasin,Maison,Set casseroles,2,706.85,0.0,1413.7,815.34,490
2024-03-04,Amiens,Magasin,Sport,Chaussures running,3,569.53,0.0,1708.59,930.6,85
2024-03-04,Lille,Magasin,Maison,Couette 220x240,2,224.09,0.0,448.18,180.78,56
2024-03-04,Tourcoing,Magasin,Électroménager,Cafetière,1,392.24,0.1,353.02,175.34,399
2024-03-04,Roubaix,Magasin,Mode,Pull laine,2,884.49,0.0,1768.98,992.12,142
2024-03-04,Dunkerque,Magasin,Électroménager,Robot cuiseur,6,249.97,0.0,1499.82,551.52,251
2024-03-04,Valenciennes,Magasin,Mode,Pull laine,3,884.49,0.0,2653.47,1488.18,11
2024-03-04,Dunkerque,Magasin,Sport,Chaussures running,3,569.53,0.0,1708.59,930.6,219
2024-03-05,Amiens,Magasin,Bricolage,Perceuse,3,105.66,0.0,316.98,65.1,442
2024-03-05,Dunkerque,Magasin,Électroménager,Aspirateur,4,191.18,0.0,764.72,386.2,191
2024-03-05,Dunkerque,Magasin,Maison,Canapé 3 places,1,246.23,0.0,246.23,56.88,530
2024-03-05,Dunkerque,Magasin,Maison,Couette 220x240,2,224.09,0.0,448.18,180.78,279
2024-03-05,Valenciennes,Magasin,Mode,Veste hiver,3,655.99,0.0,1967.97,972.24,175
2024-03-05,Roubaix,Magasin,Maison,Rideau occultant,2,101.21,0.0,202.42,89.78,439
2024-03-05,Lille,Magasin,Maison,Couette 220x240,3,224.09,0.0,672.27,271.17,357
2024-03-05,En ligne,E-commerce,Sport,Haltères 10kg,3,98.3,0.0,294.9,128.1,580
2024-03-05,Dunkerque,Magasin,Maison,Lampe LED,4,134.22,0.0,536.88,273.12,399
2024-03-05,Roubaix,Magasin,Sport,Ballon foot,1,100.1,0.0,100.1,57.9,494
2024-03-05,Valenciennes,Magasin,Électroménager,Aspirateur,2,191.18,0.0,382.36,193.1,480
2024-03-05,Amiens,Magasin,Bricolage,Échelle alu,1,354.67,0.0,354.67,168.4,1
2024-03-05,En ligne,E-commerce,Maison,Étagère bois,5,279.59,0.0,1397.95,445.6,239
2024-03-05,Valenciennes,Magasin,Sport,Haltères 10kg,2,98.3,0.0,196.6,85.4,386
2024-03-05,Lille,Magasin,Sport,Chaussures running,4,569.53,0.1,2050.31,1012.99,96
2024-03-05,En ligne,E-commerce,Sport,Raquette tennis,2,706.19,0.0,1412.38,724.08,29
2024-03-05,En ligne,E-commerce,Mode,Pull laine,2,884.49,0.0,1768.98,992.12,485
2024-03-05,En ligne,E-commerce,Électroménager,Micro-ondes,3,453.16,0.0,1359.48,514.68,447
2024-03-06,Amiens,Magasin,Maison,Set casseroles,2,706.85,0.0,1413.7,815.34,584
2024-03-06,Tourcoing,Magasin,Bricolage,Échelle alu,1,354.67,0.0,354.67,168.4,40
2024-03-06,Dunkerque,Magasin,Mode,Baskets ville,4,460.51,0.05,1749.94,500.1,345
2024-03-06,Amiens,Magasin,Sport,Tapis yoga,1,658.36,0.05,625.44,319.79,479
2024-03-06,Lille,Magasin,Maison,Lampe LED,4,134.22,0.0,536.88,273.12,363
2024-03-06,Dunkerque,Magasin,Bricolage,Peinture 5L,1,609.0,0.0,609.0,325.46,296
2024-03-06,Lille,Magasin,Bricolage,Perceuse,3,105.66,0.0,316.98,65.1,293
2024-03-06,Amiens,Magasin,Maison,Set casseroles,1,706.85,0.0,706.85,407.67,19
2024-03-06,En ligne,E-commerce,Mode,T-shirt coton,1,504.67,0.0,504.67,200.23,328
2024-03-06,Lille,Magasin,Électroménager,Robot cuiseur,5,249.97,0.2,999.88,209.63,533
2024-03-06,Amiens,Magasin,Bricolage,Tournevis set,1,636.28,0.0,636.28,320.44,562
2024-03-06,Dunkerque,Magasin,Électroménager,Bouilloire,1,726.04,0.0,726.04,392.3,246
2024-03-06,Lille,Magasin,Sport,Tapis yoga,2,658.36,0.0,1316.72,705.42,437
2024-03-06,Valenciennes,Magasin,Électroménager,Bouilloire,1,726.04,0.05,689.74,356.0,532
2024-03-06,Lille,Magasin,Électroménager,Bouilloire,4,726.04,0.0,2904.16,1569.2,385
2024-03-06,Tourcoing,Magasin,Sport,Tapis yoga,3,658.36,0.0,1975.08,1058.13,159
2024-03-06,Lille,Magasin,Maison,Lampe LED,3,134.22,0.0,402.66,204.84,350
2024-03-07,Tourcoing,Magasin,Électroménager,Bouilloire,6,726.04,0.0,4356.24,2353.8,198
2024-03-07,Lille,Magasin,Maison,Lampe LED,1,134.22,0.0,134.22,68.28,437
2024-03-07,Lille,Magasin,Sport,Raquette tennis,3,706.19,0.0,2118.57,1086.12,207
2024-03-07,Lille,Magasin,Maison,Couette 220x240,3,224.09,0.05,638.66,237.56,583
2024-03-07,Lille,Magasin,Mode,Pull laine,5,884.49,0.0,4422.45,2480.3,36
2024-03-07,Tourcoing,Magasin,Mode,Veste hiver,2,655.99,0.0,1311.98,648.16,282
2024-03-07,Roubaix,Magasin,Électroménager,Cafetière,4,392.24,0.0,1568.96,858.24,118
2024-03-07,Lille,Magasin,Bricolage,Échelle alu,1,354.67,0.0,354.67,168.4,405
2024-03-07,Dunkerque,Magasin,Électroménager,Micro-ondes,2,453.16,0.0,906.32,343.12,278
2024-03-07,Dunkerque,Magasin,Maison,Étagère bois,1,279.59,0.0,279.59,89.12,166
2024-03-07,Dunkerque,Magasin,Électroménager,Cafetière,2,392.24,0.0,784.48,429.12,262
2024-03-07,Roubaix,Magasin,Maison,Set casseroles,1,706.85,0.0,706.85,407.67,6
2024-03-07,En ligne,E-commerce,Sport,Raquette tennis,2,706.19,0.0,1412.38,724.08,317
2024-03-07,En ligne,E-commerce,Électroménager,Bouilloire,3,726.04,0.0,2178.12,1176.9,324
2024-03-07,Lille,Magasin,Sport,Vélo VTT,3,545.21,0.0,1635.63,703.5,257
2024-03-07,En ligne,E-commerce,Maison,Couette 220x240,1,224.09,0.0,224.09,90.39,463
2024-03-07,Lille,Magasin,Mode,Veste hiver,2,655.99,0.0,1311.98,648.16,228
2024-03-07,Lille,Magasin,Mode,Robe été,5,296.52,0.1,1334.34,214.04,349
2024-03-07,Lille,Magasin,Électroménager,Micro-ondes,2,453.16,0.0,906.32,343.12,291
2024-03-07,En ligne,E-commerce,Bricolage,Tournevis set,1,636.28,0.05,604.47,288.63,365
2024-03-08,Dunkerque,Magasin,Électroménager,Cafetière,2,392.24,0.0,784.48,429.12,532
2024-03-08,Dunkerque,Magasin,Mode,Jean homme,2,272.27,0.2,435.63,75.33,431
2024-03-08,Lille,Magasin,Sport,Ballon foot,1,100.1,0.0,100.1,57.9,88
2024-03-08,Lille,Magasin,Maison,Rideau occultant,2,101.21,0.0,202.42,89.78,277
2024-03-08,Tourcoing,Magasin,Mode,Jean homme,2,272.27,0.0,544.54,184.24,377
2024-03-08,Dunkerque,Magasin,Maison,Lampe LED,1,134.22,0.05,127.51,61.57,229
2024-03-08,Valenciennes,Magasin,Maison,Rideau occultant,3,101.21,0.1,273.27,104.31,16
2024-03-08,Tourcoing,Magasin,Bricolage,Perceuse,3,105.66,0.05,301.13,49.25,598
2024-03-08,Lille,Magasin,Sport,Raquette tennis,3,706.19,0.05,2012.64,980.19,99
2024-03-08,Amiens,Magasin,Maison,Couette 220x240,4,224.09,0.1,806.72,271.92,370
2024-03-09,Valenciennes,Magasin,Maison,Couette 220x240,1,224.09,0.0,224.09,90.39,222
2024-03-09,Dunkerque,Magasin,Sport,Ballon foot,3,100.1,0.0,300.3,173.7,140
2024-03-09,Dunkerque,Magasin,Électroménager,Réfrigérateur,2,387.37,0.0,774.74,225.56,452
2024-03-09,En ligne,E-commerce,Sport,Maillot bain,3,350.77,0.0,1052.31,597.9,41
2024-03-09,Valenciennes,Magasin,Électroménager,Réfrigérateur,4,387.37,0.0,1549.48,451.12,36
2024-03-09,Lille,Magasin,Mode,Robe été,4,296.52,0.0,1186.08,289.84,179
2024-03-09,Roubaix,Magasin,Maison,Lampe LED,3,134.22,0.0,402.66,204.84,458
2024-03-09,Lille,Magasin,Mode,Jean homme,2,272.27,0.0,544.54,184.24,218
2024-03-09,Lille,Magasin,Maison,Set casseroles,1,706.85,0.0,706.85,407.67,302
2024-03-09,Roubaix,Magasin,Sport,Ballon foot,3,100.1,0.05,285.28,158.68,408
2024-03-09,Valenciennes,Magasin,Bricolage,Boîte à outils,3,83.21,0.0,249.63,68.97,87
2024-03-09,Lille,Magasin,Sport,Maillot bain,4,350.77,0.0,1403.08,797.2,439
2024-03-09,Dunkerque,Magasin,Sport,Tapis yoga,4,658.36,0.0,2633.44,1410.84,442
2024-03-09,Lille,Magasin,Électroménager,Bouilloire,1,726.04,0.0,726.04,392.3,592
2024-03-09,En ligne,E-commerce,Maison,Rideau occultant,3,101.21,0.0,303.63,134.67,281
2024-03-09,Dunkerque,Magasin,Sport,Raquette tennis,3,706.19,0.0,2118.57,1086.12,554
2024-03-09,En ligne,E-commerce,Maison,Canapé 3 places,3,246.23,0.0,738.69,170.64,126
2024-03-10,Valenciennes,Magasin,Électroménager,Réfrigérateur,3,387.37,0.0,1162.11,338.34,568
2024-03-10,Tourcoing,Magasin,Mode,Robe été,4,296.52,0.05,1126.78,230.54,69
2024-03-10,Dunkerque,Magasin,Maison,Lampe LED,2,134.22,0.0,268.44,136.56,34
2024-03-10,En ligne,E-commerce,Mode,Veste hiver,4,655.99,0.0,2623.96,1296.32,546
2024-03-10,Amiens,Magasin,Bricolage,Perceuse,2,105.66,0.1,190.19,22.27,74
2024-03-10,Tourcoing,Magasin,Électroménager,Cafetière,1,392.24,0.0,392.24,214.56,535
2024-03-10,Amiens,Magasin,Sport,Chaussures running,4,569.53,0.0,2278.12,1240.8,165
2024-03-10,Lille,Magasin,Sport,Vélo VTT,2,545.21,0.0,1090.42,469.0,131
2024-03-10,Tourcoing,Magasin,Sport,Haltères 10kg,3,98.3,0.0,294.9,128.1,333
2024-03-10,En ligne,E-commerce,Mode,Robe été,3,296.52,0.0,889.56,217.38,452
2024-03-10,Amiens,Magasin,Mode,Pull laine,1,884.49,0.0,884.49,496.06,469
2024-03-10,En ligne,E-commerce,Bricolage,Échelle alu,3,354.67,0.05,1010.81,452.0,65
2024-03-10,Lille,Magasin,Électroménager,Robot cuiseur,2,249.97,0.0,499.94,183.84,172
2024-03-10,Lille,Magasin,Électroménager,Aspirateur,3,191.18,0.2,458.83,174.94,562
2024-03-10,Tourcoing,Magasin,Électroménager,Réfrigérateur,2,387.37,0.0,774.74,225.56,234
2024-03-10,Dunkerque,Magasin,Maison,Set casseroles,1,706.85,0.0,706.85,407.67,539
2024-03-10,Valenciennes,Magasin,Maison,Couette 220x240,4,224.09,0.0,896.36,361.56,538
2024-03-10,Tourcoing,Magasin,Sport,Chaussures running,4,569.53,0.1,2050.31,1012.99,461
2024-03-10,Dunkerque,Magasin,Maison,Couette 220x240,1,224.09,0.1,201.68,67.98,584
2024-03-10,Lille,Magasin,Maison,Étagère bois,2,279.59,0.0,559.18,178.24,111
2024-03-10,Lille,Magasin,Électroménager,Bouilloire,4,726.04,0.1,2613.74,1278.78,115
2024-03-10,Tourcoing,Magasin,Électroménager,Bouilloire,2,726.04,0.1,1306.87,639.39,91
2024-03-10,Tourcoing,Magasin,Sport,Raquette tennis,5,706.19,0.0,3530.95,1810.2,446
2024-03-10,Valenciennes,Magasin,Bricolage,Tournevis set,2,636.28,0.0,1272.56,640.88,102
2024-03-10,Dunkerque,Magasin,Maison,Lampe LED,2,134.22,0.0,268.44,136.56,313
2024-03-11,Valenciennes,Magasin,Sport,Maillot bain,2,350.77,0.0,701.54,398.6,481
2024-03-11,Lille,Magasin,Sport,Chaussures running,5,569.53,0.0,2847.65,1551.0,561
2024-03-11,Roubaix,Magasin,Bricolage,Peinture 5L,4,609.0,0.1,2192.4,1058.24,61
2024-03-11,Dunkerque,Magasin,Maison,Set casseroles,1,706.85,0.1,636.17,336.99,522
2024-03-11,Roubaix,Magasin,Bricolage,Boîte à outils,1,83.21,0.0,83.21,22.99,552
2024-03-11,Tourcoing,Magasin,Bricolage,Échelle alu,2,354.67,0.05,673.87,301.33,404
2024-03-11,Dunkerque,Magasin,Maison,Lampe LED,1,134.22,0.1,120.8,54.86,178
2024-03-11,Dunkerque,Magasin,Électroménager,Robot cuiseur,1,249.97,0.0,249.97,91.92,63
2024-03-11,Valenciennes,Magasin,Maison,Set casseroles,1,706.85,0.05,671.51,372.33,478
2024-03-11,Roubaix,Magasin,Sport,Maillot bain,5,350.77,0.0,1753.85,996.5,63
2024-03-11,Lille,Magasin,Électroménager,Réfrigérateur,2,387.37,0.0,774.74,225.56,116
2024-03-11,Dunkerque,Magasin,Bricolage,Perceuse,4,105.66,0.0,422.64,86.8,432
2024-03-12,Dunkerque,Magasin,Maison,Rideau occultant,1,101.21,0.0,101.21,44.89,257
2024-03-12,En ligne,E-commerce,Mode,T-shirt coton,4,504.67,0.0,2018.68,800.92,483
2024-03-12,Lille,Magasin,Électroménager,Aspirateur,2,191.18,0.0,382.36,193.1,505
2024-03-12,Tourcoing,Magasin,Sport,Ballon foot,4,100.1,0.0,400.4,231.6,28
2024-03-12,Roubaix,Magasin,Mode,Pull laine,5,884.49,0.0,4422.45,2480.3,230
2024-03-12,Roubaix,Magasin,Bricolage,Peinture 5L,4,609.0,0.0,2436.0,1301.84,456
2024-03-12,Amiens,Magasin,Mode,Pull laine,1,884.49,0.0,884.49,496.06,94
2024-03-12,Amiens,Magasin,Sport,Raquette tennis,5,706.19,0.0,3530.95,1810.2,276
2024-03-12,Roubaix,Magasin,Mode,Pull laine,2,884.49,0.0,1768.98,992.12,1
2024-03-12,En ligne,E-commerce,Mode,Baskets ville,5,460.51,0.05,2187.42,625.12,491
2024-03-12,Dunkerque,Magasin,Bricolage,Perceuse,1,105.66,0.0,105.66,21.7,477
2024-03-12,Valenciennes,Magasin,Maison,Lampe LED,4,134.22,0.0,536.88,273.12,4
2024-03-12,Dunkerque,Magasin,Bricolage,Perceuse,4,105.66,0.0,422.64,86.8,160
2024-03-12,Roubaix,Magasin,Bricolage,Tournevis set,3,636.28,0.0,1908.84,961.32,109
2024-03-12,Roubaix,Magasin,Bricolage,Peinture 5L,2,609.0,0.0,1218.0,650.92,311
2024-03-12,Amiens,Magasin,Électroménager,Bouilloire,4,726.04,0.0,2904.16,1569.2,221
2024-03-12,Roubaix,Magasin,Mode,Jean homme,2,272.27,0.05,517.31,157.01,483
2024-03-12,Dunkerque,Magasin,Sport,Raquette tennis,3,706.19,0.0,2118.57,1086.12,235
2024-03-12,Tourcoing,Magasin,Bricolage,Échelle alu,1,354.67,0.0,354.67,168.4,375
2024-03-12,Dunkerque,Magasin,Bricolage,Échelle alu,3,354.67,0.0,1064.01,505.2,390
2024-03-13,Roubaix,Magasin,Électroménager,Micro-ondes,3,453.16,0.0,1359.48,514.68,144
2024-03-13,Lille,Magasin,Maison,Couette 220x240,5,224.09,0.0,1120.45,451.95,63
2024-03-13,En ligne,E-commerce,Mode,T-shirt coton,3,504.67,0.0,1514.01,600.69,125
2024-03-13,Dunkerque,Magasin,Sport,Chaussures running,3,569.53,0.0,1708.59,930.6,355
2024-03-13,Roubaix,Magasin,Bricolage,Perceuse,2,105.66,0.0,211.32,43.4,328
2024-03-13,Lille,Magasin,Électroménager,Aspirateur,2,191.18,0.0,382.36,193.1,197
2024-03-13,Dunkerque,Magasin,Électroménager,Robot cuiseur,4,249.97,0.0,999.88,367.68,537
2024-03-13,En ligne,E-commerce,Sport,Maillot bain,2,350.77,0.0,701.54,398.6,502
2024-03-13,Lille,Magasin,Maison,Rideau occultant,1,101.21,0.0,101.21,44.89,579
2024-03-13,En ligne,E-commerce,Sport,Maillot bain,3,350.77,0.0,1052.31,597.9,522
2024-03-13,Valenciennes,Magasin,Bricolage,Perceuse,4,105.66,0.0,422.64,86.8,395
2024-03-13,Lille,Magasin,Maison,Couette 220x240,2,224.09,0.0,448.18,180.78,18
2024-03-13,Lille,Magasin,Électroménager,Robot cuiseur,3,249.97,0.0,749.91,275.76,341
2024-03-13,Dunkerque,Magasin,Maison,Rideau occultant,1,101.21,0.0,101.21,44.89,421
2024-03-13,Tourcoing,Magasin,Mode,Pull laine,4,884.49,0.0,3537.96,1984.24,533
2024-03-13,Dunkerque,Magasin,Bricolage,Perceuse,3,105.66,0.0,316.98,65.1,474
2024-03-13,Amiens,Magasin,Sport,Chaussures running,5,569.53,0.0,2847.65,1551.0,56
2024-03-13,Valenciennes,Magasin,Mode,Robe été,2,296.52,0.0,593.04,144.92,415
2024-03-14,Lille,Magasin,Sport,Chaussures running,2,569.53,0.05,1082.11,563.45,528
2024-03-14,Valenciennes,Magasin,Bricolage,Tournevis set,4,636.28,0.0,2545.12,1281.76,161
2024-03-14,Lille,Magasin,Sport,Vélo VTT,3,545.21,0.1,1472.07,539.94,3
2024-03-14,Dunkerque,Magasin,Sport,Haltères 10kg,3,98.3,0.0,294.9,128.1,95
2024-03-14,Lille,Magasin,Sport,Ballon foot,1,100.1,0.0,100.1,57.9,137
2024-03-14,Lille,Magasin,Mode,Pull laine,3,884.49,0.0,2653.47,1488.18,376
2024-03-14,En ligne,E-commerce,Maison,Lampe LED,1,134.22,0.0,134.22,68.28,155
2024-03-14,Tourcoing,Magasin,Sport,Maillot bain,3,350.77,0.2,841.85,387.44,578
2024-03-14,Roubaix,Magasin,Sport,Maillot bain,1,350.77,0.0,350.77,199.3,540
2024-03-14,Amiens,Magasin,Sport,Vélo VTT,5,545.21,0.0,2726.05,1172.5,583
2024-03-14,Dunkerque,Magasin,Sport,Haltères 10kg,2,98.3,0.05,186.77,75.57,272
2024-03-14,Tourcoing,Magasin,Bricolage,Perceuse,1,105.66,0.0,105.66,21.7,440
2024-03-14,En ligne,E-commerce,Mode,Jean homme,3,272.27,0.0,816.81,276.36,257
2024-03-15,Lille,Magasin,Sport,Maillot bain,2,350.77,0.0,701.54,398.6,306
2024-03-15,Lille,Magasin,Électroménager,Réfrigérateur,2,387.37,0.0,774.74,225.56,222
2024-03-15,Dunkerque,Magasin,Mode,Baskets ville,2,460.51,0.0,921.02,296.1,165
2024-03-15,Lille,Magasin,Bricolage,Échelle alu,3,354.67,0.05,1010.81,452.0,26
2024-03-15,En ligne,E-commerce,Électroménager,Cafetière,3,392.24,0.0,1176.72,643.68,502
2024-03-15,Tourcoing,Magasin,Sport,Raquette tennis,2,706.19,0.0,1412.38,724.08,213
2024-03-15,Amiens,Magasin,Bricolage,Échelle alu,2,354.67,0.0,709.34,336.8,11
2024-03-15,Lille,Magasin,Sport,Raquette tennis,3,706.19,0.05,2012.64,980.19,496
2024-03-15,Dunkerque,Magasin,Électroménager,Robot cuiseur,2,249.97,0.0,499.94,183.84,192
2024-03-15,En ligne,E-commerce,Bricolage,Perceuse,1,105.66,0.0,105.66,21.7,472
2024-03-15,Lille,Magasin,Mode,Veste hiver,4,655.99,0.0,2623.96,1296.32,591
2024-03-15,Lille,Magasin,Mode,Jean homme,4,272.27,0.0,1089.08,368.48,424
2024-03-15,Dunkerque,Magasin,Mode,Veste hiver,3,655.99,0.0,1967.97,972.24,575
2024-03-15,Lille,Magasin,Maison,Étagère bois,3,279.59,0.1,754.89,183.48,401
2024-03-15,Lille,Magasin,Sport,Vélo VTT,5,545.21,0.0,2726.05,1172.5,324
2024-03-15,Valenciennes,Magasin,Électroménager,Robot cuiseur,4,249.97,0.0,999.88,367.68,522
2024-03-15,Roubaix,Magasin,Mode,Veste hiver,1,655.99,0.0,655.99,324.08,149
2024-03-15,Lille,Magasin,Sport,Chaussures running,3,569.53,0.0,1708.59,930.6,92
2024-03-15,Tourcoing,Magasin,Maison,Set casseroles,3,706.85,0.05,2014.52,1116.98,592
2024-03-15,Tourcoing,Magasin,Électroménager,Cafetière,2,392.24,0.0,784.48,429.12,155
2024-03-15,Roubaix,Magasin,Sport,Haltères 10kg,1,98.3,0.0,98.3,42.7,393
2024-03-15,Lille,Magasin,Maison,Canapé 3 places,4,246.23,0.0,984.92,227.52,15
2024-03-15,Dunkerque,Magasin,Mode,Pull laine,1,884.49,0.0,884.49,496.06,338
2024-03-15,Valenciennes,Magasin,Bricolage,Perceuse,2,105.66,0.0,211.32,43.4,391
2024-03-16,Roubaix,Magasin,Électroménager,Cafetière,1,392.24,0.0,392.24,214.56,255
2024-03-16,Tourcoing,Magasin,Bricolage,Échelle alu,1,354.67,0.0,354.67,168.4,572
2024-03-16,Dunkerque,Magasin,Maison,Couette 220x240,3,224.09,0.0,672.27,271.17,592
2024-03-16,Dunkerque,Magasin,Mode,Robe été,3,296.52,0.0,889.56,217.38,474
2024-03-16,Roubaix,Magasin,Mode,Pull laine,5,884.49,0.05,4201.33,2259.18,165
2024-03-16,Roubaix,Magasin,Maison,Étagère bois,1,279.59,0.0,279.59,89.12,290
2024-03-16,Roubaix,Magasin,Maison,Rideau occultant,3,101.21,0.0,303.63,134.67,364
2024-03-16,Lille,Magasin,Sport,Tapis yoga,3,658.36,0.0,1975.08,1058.13,405
2024-03-16,Amiens,Magasin,Maison,Rideau occultant,3,101.21,0.0,303.63,134.67,489
2024-03-16,En ligne,E-commerce,Mode,Baskets ville,5,460.51,0.0,2302.55,740.25,403
2024-03-16,Dunkerque,Magasin,Électroménager,Réfrigérateur,4,387.37,0.0,1549.48,451.12,40
2024-03-16,Roubaix,Magasin,Électroménager,Bouilloire,4,726.04,0.0,2904.16,1569.2,552
2024-03-16,Roubaix,Magasin,Sport,Tapis yoga,3,658.36,0.0,1975.08,1058.13,165
2024-03-16,Tourcoing,Magasin,Mode,Robe été,5,296.52,0.0,1482.6,362.3,248
2024-03-16,Tourcoing,Magasin,Électroménager,Bouilloire,1,726.04,0.0,726.04,392.3,314
2024-03-17,Roubaix,Magasin,Maison,Lampe LED,1,134.22,0.0,134.22,68.28,599
2024-03-17,Dunkerque,Magasin,Électroménager,Réfrigérateur,3,387.37,0.0,1162.11,338.34,302
2024-03-17,Tourcoing,Magasin,Mode,Veste hiver,6,655.99,0.0,3935.94,1944.48,170
2024-03-17,Amiens,Magasin,Sport,Haltères 10kg,1,98.3,0.0,98.3,42.7,439
2024-03-17,En ligne,E-commerce,Électroménager,Aspirateur,1,191.18,0.1,172.06,77.43,461
2024-03-17,En ligne,E-commerce,Mode,Veste hiver,5,655.99,0.0,3279.95,1620.4,292
2024-03-17,Dunkerque,Magasin,Électroménager,Robot cuiseur,1,249.97,0.0,249.97,91.92,457
2024-03-17,Amiens,Magasin,Mode,Baskets ville,3,460.51,0.05,1312.45,375.07,134
2024-03-17,Roubaix,Magasin,Sport,Chaussures running,1,569.53,0.0,569.53,310.2,186
2024-03-17,En ligne,E-commerce,Mode,T-shirt coton,1,504.67,0.05,479.44,175.0,593
2024-03-17,Tourcoing,Magasin,Maison,Étagère bois,1,279.59,0.0,279.59,89.12,451
2024-03-17,Lille,Magasin,Sport,Tapis yoga,4,658.36,0.0,2633.44,1410.84,584
2024-03-18,Tourcoing,Magasin,Maison,Canapé 3 places,5,246.23,0.0,1231.15,284.4,440
2024-03-18,Lille,Magasin,Mode,Robe été,1,296.52,0.0,296.52,72.46,509
2024-03-18,Lille,Magasin,Maison,Couette 220x240,5,224.09,0.0,1120.45,451.95,275
2024-03-18,Roubaix,Magasin,Sport,Haltères 10kg,2,98.3,0.0,196.6,85.4,38
2024-03-18,Dunkerque,Magasin,Électroménager,Bouilloire,3,726.04,0.0,2178.12,1176.9,300
2024-03-18,En ligne,E-commerce,Bricolage,Échelle alu,3,354.67,0.0,1064.01,505.2,392
2024-03-18,Dunkerque,Magasin,Électroménager,Cafetière,2,392.24,0.0,784.48,429.12,62
2024-03-18,Tourcoing,Magasin,Sport,Tapis yoga,2,658.36,0.0,1316.72,705.42,32
2024-03-18,Lille,Magasin,Mode,Jean homme,1,272.27,0.0,272.27,92.12,206
2024-03-18,Tourcoing,Magasin,Maison,Set casseroles,1,706.85,0.0,706.85,407.67,189
2024-03-18,Roubaix,Magasin,Maison,Lampe LED,4,134.22,0.05,510.04,246.28,537
2024-03-18,En ligne,E-commerce,Bricolage,Échelle alu,3,354.67,0.0,1064.01,505.2,502
2024-03-18,Amiens,Magasin,Mode,Jean homme,1,272.27,0.0,272.27,92.12,591
2024-03-18,Roubaix,Magasin,Mode,Baskets ville,2,460.51,0.0,921.02,296.1,210
2024-03-18,En ligne,E-commerce,Mode,T-shirt coton,6,504.67,0.0,3028.02,1201.38,553
2024-03-18,Valenciennes,Magasin,Sport,Maillot bain,3,350.77,0.2,841.85,387.44,118
2024-03-18,Lille,Magasin,Électroménager,Réfrigérateur,4,387.37,0.0,1549.48,451.12,249
2024-03-19,Dunkerque,Magasin,Sport,Tapis yoga,3,658.36,0.0,1975.08,1058.13,512
2024-03-19,En ligne,E-commerce,Mode,Veste hiver,4,655.99,0.2,2099.17,771.53,5
2024-03-19,Valenciennes,Magasin,Sport,Maillot bain,1,350.77,0.0,350.77,199.3,541
2024-03-19,Lille,Magasin,Maison,Lampe LED,2,134.22,0.0,268.44,136.56,46
2024-03-19,Lille,Magasin,Maison,Canapé 3 places,4,246.23,0.0,984.92,227.52,20
2024-03-19,Lille,Magasin,Mode,Robe été,1,296.52,0.0,296.52,72.46,185
2024-03-19,En ligne,E-commerce,Électroménager,Aspirateur,3,191.18,0.0,573.54,289.65,600
2024-03-19,En ligne,E-commerce,Mode,Pull laine,5,884.49,0.0,4422.45,2480.3,219
2024-03-19,En ligne,E-commerce,Mode,Pull laine,3,884.49,0.0,2653.47,1488.18,470
2024-03-19,Lille,Magasin,Sport,Chaussures running,1,569.53,0.0,569.53,310.2,563
2024-03-19,Lille,Magasin,Sport,Maillot bain,3,350.77,0.0,1052.31,597.9,567
2024-03-19,Roubaix,Magasin,Mode,Robe été,3,296.52,0.0,889.56,217.38,545
2024-03-19,Roubaix,Magasin,Mode,Pull laine,5,884.49,0.0,4422.45,2480.3,276
2024-03-19,Dunkerque,Magasin,Électroménager,Robot cuiseur,1,249.97,0.0,249.97,91.92,330
2024-03-19,Tourcoing,Magasin,Bricolage,Échelle alu,2,354.67,0.05,673.87,301.33,315
2024-03-19,Tourcoing,Magasin,Maison,Canapé 3 places,2,246.23,0.0,492.46,113.76,449
2024-03-19,Roubaix,Magasin,Électroménager,Robot cuiseur,5,249.97,0.0,1249.85,459.6,141
2024-03-20,Valenciennes,Magasin,Électroménager,Robot cuiseur,1,249.97,0.0,249.97,91.92,537
2024-03-20,Roubaix,Magasin,Sport,Vélo VTT,3,545.21,0.0,1635.63,703.5,447
2024-03-20,En ligne,E-commerce,Bricolage,Tournevis set,4,636.28,0.0,2545.12,1281.76,528
2024-03-20,En ligne,E-commerce,Électroménager,Bouilloire,2,726.04,0.0,1452.08,784.6,518
2024-03-20,Amiens,Magasin,Électroménager,Aspirateur,2,191.18,0.0,382.36,193.1,395
2024-03-20,Roubaix,Magasin,Bricolage,Peinture 5L,1,609.0,0.0,609.0,325.46,309
2024-03-20,Amiens,Magasin,Bricolage,Échelle alu,4,354.67,0.0,1418.68,673.6,15
2024-03-20,En ligne,E-commerce,Bricolage,Tournevis set,4,636.28,0.0,2545.12,1281.76,239
2024-03-20,Roubaix,Magasin,Électroménager,Micro-ondes,2,453.16,0.0,906.32,343.12,78
2024-03-20,Lille,Magasin,Sport,Haltères 10kg,4,98.3,0.0,393.2,170.8,231
2024-03-20,Valenciennes,Magasin,Bricolage,Perceuse,5,105.66,0.0,528.3,108.5,6
2024-03-20,Amiens,Magasin,Maison,Étagère bois,4,279.59,0.0,1118.36,356.48,107
2024-03-20,Dunkerque,Magasin,Électroménager,Cafetière,4,392.24,0.0,1568.96,858.24,355
2024-03-20,En ligne,E-commerce,Maison,Étagère bois,3,279.59,0.0,838.77,267.36,140
2024-03-20,Amiens,Magasin,Électroménager,Micro-ondes,6,453.16,0.0,2718.96,1029.36,261
2024-03-20,Lille,Magasin,Bricolage,Boîte à outils,3,83.21,0.05,237.15,56.49,94
2024-03-20,Amiens,Magasin,Mode,Baskets ville,4,460.51,0.1,1657.84,408.0,171
2024-03-20,En ligne,E-commerce,Sport,Chaussures running,1,569.53,0.0,569.53,310.2,302
2024-03-21,Roubaix,Magasin,Bricolage,Échelle alu,3,354.67,0.0,1064.01,505.2,17
2024-03-21,Lille,Magasin,Maison,Étagère bois,4,279.59,0.05,1062.44,300.56,258
2024-03-21,Lille,Magasin,Sport,Ballon foot,1,100.1,0.0,100.1,57.9,412
2024-03-21,Valenciennes,Magasin,Mode,Pull laine,3,884.49,0.05,2520.8,1355.51,319
2024-03-21,Roubaix,Magasin,Sport,Tapis yoga,3,658.36,0.0,1975.08,1058.13,578
2024-03-21,Lille,Magasin,Bricolage,Échelle alu,6,354.67,0.0,2128.02,1010.4,516
2024-03-21,Dunkerque,Magasin,Bricolage,Perceuse,2,105.66,0.0,211.32,43.4,108
2024-03-21,Lille,Magasin,Électroménager,Bouilloire,2,726.04,0.0,1452.08,784.6,403
2024-03-21,Tourcoing,Magasin,Maison,Canapé 3 places,2,246.23,0.0,492.46,113.76,77
2024-03-21,Dunkerque,Magasin,Mode,Jean homme,5,272.27,0.0,1361.35,460.6,419
2024-03-21,En ligne,E-commerce,Mode,Jean homme,4,272.27,0.0,1089.08,368.48,383
2024-03-21,Dunkerque,Magasin,Électroménager,Cafetière,5,392.24,0.0,1961.2,1072.8,311
2024-03-21,Lille,Magasin,Maison,Canapé 3 places,2,246.23,0.0,492.46,113.76,223
2024-03-21,Dunkerque,Magasin,Bricolage,Perceuse,1,105.66,0.0,105.66,21.7,176
2024-03-22,Dunkerque,Magasin,Mode,Veste hiver,4,655.99,0.0,2623.96,1296.32,28
2024-03-22,Roubaix,Magasin,Maison,Couette 220x240,5,224.09,0.0,1120.45,451.95,292
2024-03-22,Lille,Magasin,Mode,Veste hiver,4,655.99,0.0,2623.96,1296.32,477
2024-03-22,Amiens,Magasin,Sport,Ballon foot,2,100.1,0.0,200.2,115.8,13
2024-03-22,Tourcoing,Magasin,Bricolage,Boîte à outils,5,83.21,0.0,416.05,114.95,90
2024-03-22,Amiens,Magasin,Sport,Chaussures running,1,569.53,0.0,569.53,310.2,41
2024-03-22,Tourcoing,Magasin,Électroménager,Réfrigérateur,3,387.37,0.0,1162.11,338.34,593
2024-03-22,Tourcoing,Magasin,Sport,Ballon foot,3,100.1,0.0,300.3,173.7,413
2024-03-22,Roubaix,Magasin,Sport,Chaussures running,2,569.53,0.0,1139.06,620.4,22
2024-03-22,Lille,Magasin,Mode,Jean homme,3,272.27,0.2,653.45,113.0,246
2024-03-22,Amiens,Magasin,Mode,Pull laine,2,884.49,0.0,1768.98,992.12,509
2024-03-22,Amiens,Magasin,Électroménager,Bouilloire,2,726.04,0.0,1452.08,784.6,597
2024-03-22,Roubaix,Magasin,Maison,Étagère bois,3,279.59,0.0,838.77,267.36,246
2024-03-22,En ligne,E-commerce,Mode,Jean homme,4,272.27,0.0,1089.08,368.48,18
2024-03-22,Valenciennes,Magasin,Mode,Veste hiver,3,655.99,0.0,1967.97,972.24,245
2024-03-22,En ligne,E-commerce,Maison,Étagère bois,4,279.59,0.05,1062.44,300.56,205
2024-03-22,Lille,Magasin,Maison,Set casseroles,3,706.85,0.0,2120.55,1223.01,274
2024-03-22,Roubaix,Magasin,Maison,Canapé 3 places,1,246.23,0.0,246.23,56.88,586
2024-03-22,En ligne,E-commerce,Maison,Lampe LED,3,134.22,0.0,402.66,204.84,370
2024-03-22,Lille,Magasin,Sport,Raquette tennis,2,706.19,0.0,1412.38,724.08,260
2024-03-22,Lille,Magasin,Mode,Robe été,2,296.52,0.0,593.04,144.92,243
2024-03-22,Dunkerque,Magasin,Bricolage,Échelle alu,3,354.67,0.0,1064.01,505.2,536
2024-03-22,Dunkerque,Magasin,Mode,Baskets ville,4,460.51,0.0,1842.04,592.2,260
2024-03-23,Lille,Magasin,Électroménager,Réfrigérateur,2,387.37,0.2,619.79,70.61,481
2024-03-23,Lille,Magasin,Mode,Pull laine,4,884.49,0.0,3537.96,1984.24,336
2024-03-23,Lille,Magasin,Sport,Haltères 10kg,3,98.3,0.05,280.15,113.35,271
2024-03-23,Dunkerque,Magasin,Maison,Couette 220x240,2,224.09,0.1,403.36,135.96,145
2024-03-23,Valenciennes,Magasin,Électroménager,Réfrigérateur,4,387.37,0.0,1549.48,451.12,353
2024-03-23,Tourcoing,Magasin,Sport,Maillot bain,2,350.77,0.0,701.54,398.6,577
2024-03-23,Roubaix,Magasin,Maison,Canapé 3 places,4,246.23,0.0,984.92,227.52,54
2024-03-23,Amiens,Magasin,Maison,Étagère bois,1,279.59,0.0,279.59,89.12,587
2024-03-23,Lille,Magasin,Bricolage,Peinture 5L,4,609.0,0.0,2436.0,1301.84,418
2024-03-23,Amiens,Magasin,Bricolage,Échelle alu,1,354.67,0.0,354.67,168.4,479
2024-03-23,En ligne,E-commerce,Bricolage,Perceuse,5,105.66,0.0,528.3,108.5,483
2024-03-23,Lille,Magasin,Électroménager,Réfrigérateur,1,387.37,0.0,387.37,112.78,562
2024-03-23,Roubaix,Magasin,Mode,Baskets ville,2,460.51,0.0,921.02,296.1,103
2024-03-23,Dunkerque,Magasin,Maison,Set casseroles,1,706.85,0.0,706.85,407.67,16
2024-03-23,Valenciennes,Magasin,Sport,Maillot bain,2,350.77,0.0,701.54,398.6,260
2024-03-23,Dunkerque,Magasin,Bricolage,Boîte à outils,4,83.21,0.0,332.84,91.96,14
2024-03-23,Dunkerque,Magasin,Mode,Baskets ville,4,460.51,0.0,1842.04,592.2,320
2024-03-23,Tourcoing,Magasin,Sport,Haltères 10kg,1,98.3,0.0,98.3,42.7,600
2024-03-24,Tourcoing,Magasin,Mode,Robe été,1,296.52,0.0,296.52,72.46,17
2024-03-24,Tourcoing,Magasin,Sport,Raquette tennis,4,706.19,0.0,2824.76,1448.16,103
2024-03-24,Roubaix,Magasin,Sport,Chaussures running,3,569.53,0.2,1366.87,588.88,183
2024-03-24,Roubaix,Magasin,Maison,Rideau occultant,4,101.21,0.0,404.84,179.56,80
2024-03-24,Roubaix,Magasin,Bricolage,Perceuse,4,105.66,0.0,422.64,86.8,365
2024-03-24,Dunkerque,Magasin,Maison,Lampe LED,4,134.22,0.0,536.88,273.12,19
2024-03-24,Lille,Magasin,Maison,Rideau occultant,5,101.21,0.0,506.05,224.45,349
2024-03-24,Roubaix,Magasin,Électroménager,Cafetière,5,392.24,0.0,1961.2,1072.8,444
2024-03-24,Tourcoing,Magasin,Électroménager,Robot cuiseur,2,249.97,0.0,499.94,183.84,215
2024-03-24,Dunkerque,Magasin,Sport,Chaussures running,2,569.53,0.0,1139.06,620.4,126
2024-03-24,Dunkerque,Magasin,Bricolage,Boîte à outils,2,83.21,0.0,166.42,45.98,558
2024-03-24,Dunkerque,Magasin,Maison,Étagère bois,3,279.59,0.0,838.77,267.36,192
2024-03-24,Tourcoing,Magasin,Sport,Haltères 10kg,3,98.3,0.0,294.9,128.1,174
2024-03-24,Amiens,Magasin,Sport,Ballon foot,4,100.1,0.05,380.38,211.58,355
2024-03-24,Amiens,Magasin,Bricolage,Perceuse,3,105.66,0.1,285.28,33.4,213
2024-03-25,Dunkerque,Magasin,Bricolage,Peinture 5L,4,609.0,0.0,2436.0,1301.84,29
2024-03-25,Dunkerque,Magasin,Mode,T-shirt coton,1,504.67,0.0,504.67,200.23,520
2024-03-25,Roubaix,Magasin,Bricolage,Peinture 5L,1,609.0,0.0,609.0,325.46,487
2024-03-25,Dunkerque,Magasin,Mode,T-shirt coton,1,504.67,0.2,403.74,99.3,212
2024-03-25,Roubaix,Magasin,Électroménager,Aspirateur,2,191.18,0.0,382.36,193.1,516
2024-03-25,Amiens,Magasin,Maison,Couette 220x240,3,224.09,0.0,672.27,271.17,541
2024-03-25,Lille,Magasin,Maison,Canapé 3 places,2,246.23,0.0,492.46,113.76,323
2024-03-25,Valenciennes,Magasin,Maison,Canapé 3 places,1,246.23,0.1,221.61,32.26,138
2024-03-25,En ligne,E-commerce,Mode,Jean homme,2,272.27,0.0,544.54,184.24,317
2024-03-25,Tourcoing,Magasin,Électroménager,Micro-ondes,4,453.16,0.0,1812.64,686.24,532
2024-03-25,Lille,Magasin,Maison,Canapé 3 places,1,246.23,0.1,221.61,32.26,107
2024-03-25,Amiens,Magasin,Bricolage,Tournevis set,2,636.28,0.1,1145.3,513.62,93
2024-03-25,Dunkerque,Magasin,Électroménager,Bouilloire,1,726.04,0.0,726.04,392.3,454
2024-03-25,Lille,Magasin,Électroménager,Robot cuiseur,1,249.97,0.1,224.97,66.92,459
2024-03-25,Amiens,Magasin,Sport,Tapis yoga,1,658.36,0.0,658.36,352.71,503
2024-03-25,Lille,Magasin,Électroménager,Bouilloire,1,726.04,0.05,689.74,356.0,347
2024-03-25,Lille,Magasin,Électroménager,Robot cuiseur,1,249.97,0.0,249.97,91.92,111
2024-03-25,Amiens,Magasin,Sport,Ballon foot,3,100.1,0.0,300.3,173.7,541
2024-03-25,Lille,Magasin,Mode,Robe été,3,296.52,0.0,889.56,217.38,76
2024-03-25,Roubaix,Magasin,Maison,Set casseroles,4,706.85,0.0,2827.4,1630.68,229
2024-03-26,Lille,Magasin,Bricolage,Perceuse,2,105.66,0.0,211.32,43.4,257
2024-03-26,Dunkerque,Magasin,Électroménager,Réfrigérateur,5,387.37,0.1,1743.16,370.22,283
2024-03-26,Amiens,Magasin,Sport,Haltères 10kg,3,98.3,0.0,294.9,128.1,125
2024-03-26,Valenciennes,Magasin,Sport,Raquette tennis,2,706.19,0.05,1341.76,653.46,394
2024-03-26,En ligne,E-commerce,Bricolage,Peinture 5L,2,609.0,0.0,1218.0,650.92,110
2024-03-26,Roubaix,Magasin,Maison,Étagère bois,1,279.59,0.0,279.59,89.12,319
2024-03-26,Lille,Magasin,Mode,Jean homme,5,272.27,0.0,1361.35,460.6,385
2024-03-26,Lille,Magasin,Mode,Veste hiver,2,655.99,0.0,1311.98,648.16,583
2024-03-26,Valenciennes,Magasin,Électroménager,Réfrigérateur,1,387.37,0.0,387.37,112.78,563
2024-03-26,En ligne,E-commerce,Électroménager,Bouilloire,1,726.04,0.05,689.74,356.0,259
2024-03-26,Tourcoing,Magasin,Bricolage,Boîte à outils,3,83.21,0.0,249.63,68.97,459
2024-03-26,Dunkerque,Magasin,Bricolage,Peinture 5L,6,609.0,0.0,3654.0,1952.76,426
2024-03-26,Dunkerque,Magasin,Électroménager,Bouilloire,1,726.04,0.0,726.04,392.3,153
2024-03-26,Lille,Magasin,Sport,Raquette tennis,3,706.19,0.1,1906.71,874.26,98
2024-03-26,Tourcoing,Magasin,Sport,Vélo VTT,5,545.21,0.0,2726.05,1172.5,434
2024-03-26,Dunkerque,Magasin,Bricolage,Peinture 5L,3,609.0,0.0,1827.0,976.38,265
2024-03-26,Dunkerque,Magasin,Bricolage,Échelle alu,5,354.67,0.0,1773.35,842.0,108
2024-03-26,Roubaix,Magasin,Électroménager,Robot cuiseur,1,249.97,0.0,249.97,91.92,316
2024-03-26,En ligne,E-commerce,Électroménager,Robot cuiseur,1,249.97,0.1,224.97,66.92,570
2024-03-26,Roubaix,Magasin,Électroménager,Aspirateur,5,191.18,0.0,955.9,482.75,15
2024-03-26,Amiens,Magasin,Mode,Veste hiver,3,655.99,0.0,1967.97,972.24,319
2024-03-26,En ligne,E-commerce,Maison,Étagère bois,2,279.59,0.0,559.18,178.24,569
2024-03-26,Lille,Magasin,Maison,Set casseroles,2,706.85,0.0,1413.7,815.34,556
2024-03-26,Roubaix,Magasin,Maison,Set casseroles,4,706.85,0.0,2827.4,1630.68,380
2024-03-26,Lille,Magasin,Mode,Baskets ville,2,460.51,0.1,828.92,204.0,459
2024-03-27,Roubaix,Magasin,Mode,Baskets ville,3,460.51,0.0,1381.53,444.15,5
2024-03-27,Dunkerque,Magasin,Mode,Jean homme,2,272.27,0.0,544.54,184.24,475
2024-03-27,Lille,Magasin,Maison,Rideau occultant,2,101.21,0.0,202.42,89.78,39
2024-03-27,Tourcoing,Magasin,Maison,Lampe LED,3,134.22,0.0,402.66,204.84,154
2024-03-27,Tourcoing,Magasin,Maison,Set casseroles,1,706.85,0.0,706.85,407.67,77
2024-03-27,Roubaix,Magasin,Sport,Chaussures running,1,569.53,0.0,569.53,310.2,19
2024-03-27,Roubaix,Magasin,Électroménager,Cafetière,3,392.24,0.0,1176.72,643.68,401
2024-03-27,Lille,Magasin,Électroménager,Aspirateur,5,191.18,0.0,955.9,482.75,249
2024-03-27,Valenciennes,Magasin,Maison,Couette 220x240,3,224.09,0.0,672.27,271.17,546
2024-03-27,Amiens,Magasin,Maison,Canapé 3 places,1,246.23,0.05,233.92,44.57,117
2024-03-27,Lille,Magasin,Mode,Baskets ville,3,460.51,0.0,1381.53,444.15,94
2024-03-27,En ligne,E-commerce,Électroménager,Robot cuiseur,5,249.97,0.0,1249.85,459.6,347
2024-03-27,Valenciennes,Magasin,Mode,Robe été,3,296.52,0.0,889.56,217.38,441
2024-03-27,Tourcoing,Magasin,Électroménager,Réfrigérateur,2,387.37,0.0,774.74,225.56,116
2024-03-27,Tourcoing,Magasin,Sport,Maillot bain,1,350.77,0.0,350.77,199.3,438
2024-03-27,Roubaix,Magasin,Sport,Maillot bain,1,350.77,0.05,333.23,181.76,206
2024-03-28,Amiens,Magasin,Bricolage,Perceuse,1,105.66,0.0,105.66,21.7,48
2024-03-28,Amiens,Magasin,Maison,Rideau occultant,3,101.21,0.0,303.63,134.67,115
2024-03-28,Lille,Magasin,Sport,Chaussures running,3,569.53,0.0,1708.59,930.6,33
2024-03-28,Lille,Magasin,Sport,Haltères 10kg,3,98.3,0.0,294.9,128.1,565
2024-03-28,Roubaix,Magasin,Mode,Baskets ville,3,460.51,0.0,1381.53,444.15,283
2024-03-28,Lille,Magasin,Électroménager,Robot cuiseur,1,249.97,0.0,249.97,91.92,416
2024-03-28,Dunkerque,Magasin,Électroménager,Micro-ondes,5,453.16,0.0,2265.8,857.8,327
2024-03-28,Roubaix,Magasin,Électroménager,Bouilloire,5,726.04,0.0,3630.2,1961.5,7
2024-03-28,Lille,Magasin,Maison,Set casseroles,3,706.85,0.0,2120.55,1223.01,487
2024-03-28,Amiens,Magasin,Électroménager,Réfrigérateur,3,387.37,0.0,1162.11,338.34,367
2024-03-28,Lille,Magasin,Sport,Raquette tennis,5,706.19,0.0,3530.95,1810.2,15
2024-03-28,Dunkerque,Magasin,Sport,Tapis yoga,1,658.36,0.0,658.36,352.71,562
2024-03-28,Tourcoing,Magasin,Électroménager,Aspirateur,3,191.18,0.0,573.54,289.65,477
2024-03-29,Dunkerque,Magasin,Sport,Chaussures running,2,569.53,0.0,1139.06,620.4,363
2024-03-29,Valenciennes,Magasin,Mode,T-shirt coton,3,504.67,0.0,1514.01,600.69,361
2024-03-29,Lille,Magasin,Mode,Baskets ville,1,460.51,0.1,414.46,102.0,186
2024-03-29,Roubaix,Magasin,Mode,Robe été,1,296.52,0.0,296.52,72.46,508
2024-03-29,Lille,Magasin,Maison,Couette 220x240,5,224.09,0.0,1120.45,451.95,95
2024-03-29,Amiens,Magasin,Maison,Lampe LED,3,134.22,0.0,402.66,204.84,174
2024-03-29,Tourcoing,Magasin,Maison,Lampe LED,3,134.22,0.0,402.66,204.84,510
2024-03-29,Roubaix,Magasin,Mode,Veste hiver,2,655.99,0.05,1246.38,582.56,584
2024-03-29,Lille,Magasin,Électroménager,Cafetière,2,392.24,0.05,745.26,389.9,537
2024-03-29,Amiens,Magasin,Maison,Étagère bois,1,279.59,0.0,279.59,89.12,548
2024-03-29,Lille,Magasin,Bricolage,Boîte à outils,4,83.21,0.0,332.84,91.96,199
2024-03-29,Tourcoing,Magasin,Mode,Baskets ville,1,460.51,0.0,460.51,148.05,256
2024-03-29,Tourcoing,Magasin,Maison,Set casseroles,2,706.85,0.0,1413.7,815.34,129
2024-03-29,Roubaix,Magasin,Sport,Maillot bain,1,350.77,0.0,350.77,199.3,230
2024-03-30,En ligne,E-commerce,Bricolage,Boîte à outils,1,83.21,0.0,83.21,22.99,431
2024-03-30,Valenciennes,Magasin,Maison,Canapé 3 places,2,246.23,0.0,492.46,113.76,400
2024-03-30,Dunkerque,Magasin,Bricolage,Peinture 5L,2,609.0,0.05,1157.1,590.02,121
2024-03-30,Tourcoing,Magasin,Sport,Haltères 10kg,5,98.3,0.0,491.5,213.5,406
2024-03-30,Valenciennes,Magasin,Électroménager,Micro-ondes,1,453.16,0.0,453.16,171.56,365
2024-03-30,Lille,Magasin,Maison,Étagère bois,3,279.59,0.0,838.77,267.36,379
2024-03-30,Lille,Magasin,Maison,Lampe LED,2,134.22,0.0,268.44,136.56,390
2024-03-30,Tourcoing,Magasin,Maison,Set casseroles,3,706.85,0.1,1908.5,1010.96,413
2024-03-30,Roubaix,Magasin,Mode,Veste hiver,3,655.99,0.0,1967.97,972.24,457
2024-03-30,Dunkerque,Magasin,Électroménager,Cafetière,3,392.24,0.0,1176.72,643.68,114
2024-03-30,Roubaix,Magasin,Mode,Robe été,4,296.52,0.0,1186.08,289.84,449
2024-03-30,Amiens,Magasin,Bricolage,Tournevis set,3,636.28,0.0,1908.84,961.32,519
2024-03-30,Roubaix,Magasin,Électroménager,Micro-ondes,2,453.16,0.0,906.32,343.12,16
2024-03-30,Lille,Magasin,Électroménager,Micro-ondes,4,453.16,0.0,1812.64,686.24,466
2024-03-30,Dunkerque,Magasin,Mode,T-shirt coton,1,504.67,0.0,504.67,200.23,405
2024-03-30,Lille,Magasin,Mode,Pull laine,4,884.49,0.05,3361.06,1807.34,151
2024-03-30,Amiens,Magasin,Électroménager,Bouilloire,2,726.04,0.0,1452.08,784.6,278
2024-03-30,Dunkerque,Magasin,Bricolage,Perceuse,4,105.66,0.0,422.64,86.8,593
2024-03-31,En ligne,E-commerce,Mode,Baskets ville,5,460.51,0.0,2302.55,740.25,420
2024-03-31,Roubaix,Magasin,Maison,Set casseroles,1,706.85,0.0,706.85,407.67,508
2024-03-31,Amiens,Magasin,Maison,Étagère bois,1,279.59,0.0,279.59,89.12,148
2024-03-31,Dunkerque,Magasin,Électroménager,Aspirateur,1,191.18,0.1,172.06,77.43,16
2024-03-31,Tourcoing,Magasin,Mode,Pull laine,3,884.49,0.0,2653.47,1488.18,4
2024-03-31,Amiens,Magasin,Bricolage,Tournevis set,3,636.28,0.0,1908.84,961.32,142
2024-03-31,Dunkerque,Magasin,Électroménager,Cafetière,5,392.24,0.0,1961.2,1072.8,278
2024-03-31,Valenciennes,Magasin,Mode,Baskets ville,2,460.51,0.0,921.02,296.1,142
2024-03-31,Lille,Magasin,Électroménager,Robot cuiseur,5,249.97,0.0,1249.85,459.6,516
2024-03-31,Tourcoing,Magasin,Bricolage,Tournevis set,1,636.28,0.0,636.28,320.44,144
2024-03-31,Dunkerque,Magasin,Mode,Baskets ville,5,460.51,0.0,2302.55,740.25,284
2024-03-31,Roubaix,Magasin,Électroménager,Réfrigérateur,5,387.37,0.0,1936.85,563.9,144
2024-03-31,En ligne,E-commerce,Maison,Set casseroles,4,706.85,0.0,2827.4,1630.68,303
2024-03-31,Lille,Magasin,Bricolage,Peinture 5L,2,609.0,0.05,1157.1,590.02,62
2024-04-01,Lille,Magasin,Sport,Ballon foot,1,100.1,0.0,100.1,57.9,233
2024-04-01,Lille,Magasin,Mode,T-shirt coton,5,504.67,0.0,2523.35,1001.15,228
2024-04-01,En ligne,E-commerce,Sport,Maillot bain,4,350.77,0.0,1403.08,797.2,258
2024-04-01,En ligne,E-commerce,Électroménager,Micro-ondes,2,453.16,0.0,906.32,343.12,51
2024-04-01,En ligne,E-commerce,Bricolage,Peinture 5L,4,609.0,0.0,2436.0,1301.84,424
2024-04-01,Amiens,Magasin,Bricolage,Perceuse,3,105.66,0.0,316.98,65.1,79
2024-04-01,Lille,Magasin,Maison,Set casseroles,4,706.85,0.0,2827.4,1630.68,392
2024-04-01,En ligne,E-commerce,Électroménager,Cafetière,1,392.24,0.0,392.24,214.56,98
2024-04-01,Amiens,Magasin,Électroménager,Réfrigérateur,4,387.37,0.0,1549.48,451.12,597
2024-04-01,Amiens,Magasin,Sport,Vélo VTT,4,545.21,0.2,1744.67,501.83,415
2024-04-01,Amiens,Magasin,Électroménager,Bouilloire,1,726.04,0.1,653.44,319.7,585
2024-04-01,Lille,Magasin,Mode,Baskets ville,4,460.51,0.2,1473.63,223.79,51
2024-04-01,Valenciennes,Magasin,Mode,Pull laine,2,884.49,0.0,1768.98,992.12,66
2024-04-01,Amiens,Magasin,Électroménager,Bouilloire,4,726.04,0.0,2904.16,1569.2,330
2024-04-01,En ligne,E-commerce,Électroménager,Cafetière,1,392.24,0.0,392.24,214.56,153
2024-04-01,Roubaix,Magasin,Maison,Canapé 3 places,2,246.23,0.0,492.46,113.76,423
2024-04-01,Roubaix,Magasin,Mode,Baskets ville,2,460.51,0.0,921.02,296.1,439
2024-04-01,Lille,Magasin,Sport,Chaussures running,5,569.53,0.0,2847.65,1551.0,365
2024-04-02,En ligne,E-commerce,Sport,Haltères 10kg,4,98.3,0.0,393.2,170.8,45
2024-04-02,Dunkerque,Magasin,Maison,Rideau occultant,5,101.21,0.0,506.05,224.45,262
2024-04-02,Amiens,Magasin,Sport,Raquette tennis,2,706.19,0.0,1412.38,724.08,61
2024-04-02,Roubaix,Magasin,Électroménager,Aspirateur,4,191.18,0.05,726.48,347.96,573
2024-04-02,Dunkerque,Magasin,Mode,Baskets ville,3,460.51,0.0,1381.53,444.15,462
2024-04-02,Lille,Magasin,Sport,Vélo VTT,4,545.21,0.0,2180.84,938.0,37
2024-04-02,Dunkerque,Magasin,Bricolage,Échelle alu,1,354.67,0.2,283.74,97.47,530
2024-04-02,Valenciennes,Magasin,Maison,Couette 220x240,4,224.09,0.0,896.36,361.56,480
2024-04-02,Lille,Magasin,Électroménager,Robot cuiseur,5,249.97,0.2,999.88,209.63,498
2024-04-02,Roubaix,Magasin,Bricolage,Tournevis set,5,636.28,0.0,3181.4,1602.2,223
2024-04-02,Roubaix,Magasin,Électroménager,Micro-ondes,5,453.16,0.0,2265.8,857.8,160
2024-04-02,Roubaix,Magasin,Sport,Vélo VTT,3,545.21,0.0,1635.63,703.5,256
2024-04-02,Dunkerque,Magasin,Bricolage,Perceuse,5,105.66,0.0,528.3,108.5,488
2024-04-02,Lille,Magasin,Mode,T-shirt coton,2,504.67,0.0,1009.34,400.46,108
2024-04-02,Valenciennes,Magasin,Maison,Couette 220x240,4,224.09,0.0,896.36,361.56,584
2024-04-02,Amiens,Magasin,Maison,Lampe LED,4,134.22,0.0,536.88,273.12,119
2024-04-02,Amiens,Magasin,Maison,Lampe LED,2,134.22,0.1,241.6,109.72,70
2024-04-02,Tourcoing,Magasin,Sport,Tapis yoga,3,658.36,0.0,1975.08,1058.13,88
2024-04-02,Amiens,Magasin,Mode,Baskets ville,1,460.51,0.0,460.51,148.05,474
2024-04-02,Roubaix,Magasin,Bricolage,Perceuse,3,105.66,0.0,316.98,65.1,226
2024-04-02,En ligne,E-commerce,Maison,Canapé 3 places,1,246.23,0.0,246.23,56.88,375
2024-04-02,Roubaix,Magasin,Maison,Étagère bois,1,279.59,0.05,265.61,75.14,109
2024-04-02,Lille,Magasin,Sport,Ballon foot,1,100.1,0.05,95.09,52.89,303
2024-04-03,Dunkerque,Magasin,Mode,Veste hiver,3,655.99,0.0,1967.97,972.24,249
2024-04-03,Dunkerque,Magasin,Sport,Tapis yoga,1,658.36,0.0,658.36,352.71,500
2024-04-03,Tourcoing,Magasin,Sport,Ballon foot,3,100.1,0.05,285.28,158.68,294
2024-04-03,Tourcoing,Magasin,Bricolage,Échelle alu,4,354.67,0.1,1276.81,531.73,331
2024-04-03,Valenciennes,Magasin,Maison,Canapé 3 places,4,246.23,0.0,984.92,227.52,436
2024-04-03,Dunkerque,Magasin,Bricolage,Peinture 5L,4,609.0,0.0,2436.0,1301.84,593
2024-04-03,Roubaix,Magasin,Mode,Baskets ville,4,460.51,0.2,1473.63,223.79,2
2024-04-03,En ligne,E-commerce,Bricolage,Tournevis set,2,636.28,0.0,1272.56,640.88,228
2024-04-03,Dunkerque,Magasin,Bricolage,Perceuse,4,105.66,0.0,422.64,86.8,301
2024-04-04,En ligne,E-commerce,Sport,Raquette tennis,3,706.19,0.0,2118.57,1086.12,272
2024-04-04,Valenciennes,Magasin,Sport,Vélo VTT,4,545.21,0.0,2180.84,938.0,364
2024-04-04,Tourcoing,Magasin,Maison,Lampe LED,5,134.22,0.0,671.1,341.4,318
2024-04-04,Dunkerque,Magasin,Électroménager,Robot cuiseur,2,249.97,0.0,499.94,183.84,355
2024-04-04,Lille,Magasin,Maison,Canapé 3 places,2,246.23,0.0,492.46,113.76,568
2024-04-04,Lille,Magasin,Maison,Rideau occultant,4,101.21,0.0,404.84,179.56,103
2024-04-04,Lille,Magasin,Électroménager,Robot cuiseur,4,249.97,0.0,999.88,367.68,533
2024-04-04,Valenciennes,Magasin,Maison,Set casseroles,3,706.85,0.0,2120.55,1223.01,334
2024-04-04,Amiens,Magasin,Électroménager,Cafetière,3,392.24,0.0,1176.72,643.68,50
2024-04-04,En ligne,E-commerce,Maison,Étagère bois,1,279.59,0.0,279.59,89.12,210
2024-04-04,Lille,Magasin,Bricolage,Tournevis set,1,636.28,0.0,636.28,320.44,71
2024-04-04,Amiens,Magasin,Mode,T-shirt coton,2,504.67,0.0,1009.34,400.46,487
2024-04-04,Valenciennes,Magasin,Sport,Tapis yoga,3,658.36,0.0,1975.08,1058.13,469
2024-04-05,Amiens,Magasin,Mode,Baskets ville,1,460.51,0.0,460.51,148.05,582
2024-04-05,Dunkerque,Magasin,Maison,Set casseroles,3,706.85,0.0,2120.55,1223.01,318
2024-04-05,En ligne,E-commerce,Sport,Ballon foot,5,100.1,0.1,450.45,239.45,152
2024-04-05,Roubaix,Magasin,Électroménager,Aspirateur,3,191.18,0.0,573.54,289.65,575
2024-04-05,Lille,Magasin,Bricolage,Tournevis set,3,636.28,0.0,1908.84,961.32,120
2024-04-05,Dunkerque,Magasin,Mode,Jean homme,2,272.27,0.0,544.54,184.24,179
2024-04-05,Valenciennes,Magasin,Bricolage,Peinture 5L,4,609.0,0.0,2436.0,1301.84,79
2024-04-05,Dunkerque,Magasin,Maison,Set casseroles,6,706.85,0.0,4241.1,2446.02,300
2024-04-05,Roubaix,Magasin,Électroménager,Cafetière,2,392.24,0.0,784.48,429.12,215
2024-04-05,Tourcoing,Magasin,Sport,Ballon foot,1,100.1,0.0,100.1,57.9,122
2024-04-05,Amiens,Magasin,Mode,Pull laine,2,884.49,0.0,1768.98,992.12,548
2024-04-06,Dunkerque,Magasin,Électroménager,Cafetière,1,392.24,0.0,392.24,214.56,52
2024-04-06,Amiens,Magasin,Bricolage,Échelle alu,1,354.67,0.1,319.2,132.93,233
2024-04-06,Lille,Magasin,Maison,Rideau occultant,3,101.21,0.05,288.45,119.49,462
2024-04-06,Lille,Magasin,Sport,Maillot bain,4,350.77,0.05,1332.93,727.05,165
2024-04-06,Roubaix,Magasin,Électroménager,Cafetière,1,392.24,0.05,372.63,194.95,152
2024-04-06,En ligne,E-commerce,Électroménager,Micro-ondes,2,453.16,0.0,906.32,343.12,14
2024-04-06,Dunkerque,Magasin,Mode,Pull laine,3,884.49,0.1,2388.12,1222.83,579
2024-04-06,Tourcoing,Magasin,Bricolage,Tournevis set,4,636.28,0.0,2545.12,1281.76,17
2024-04-06,Amiens,Magasin,Sport,Haltères 10kg,1,98.3,0.0,98.3,42.7,470
2024-04-06,En ligne,E-commerce,Mode,Pull laine,3,884.49,0.0,2653.47,1488.18,98
2024-04-06,Amiens,Magasin,Maison,Lampe LED,3,134.22,0.0,402.66,204.84,243
2024-04-06,Lille,Magasin,Maison,Couette 220x240,2,224.09,0.0,448.18,180.78,523
2024-04-06,Tourcoing,Magasin,Bricolage,Perceuse,3,105.66,0.0,316.98,65.1,187
2024-04-06,Tourcoing,Magasin,Mode,T-shirt coton,1,504.67,0.0,504.67,200.23,599
2024-04-06,Lille,Magasin,Mode,Veste hiver,4,655.99,0.05,2492.76,1165.12,42
2024-04-06,Tourcoing,Magasin,Maison,Étagère bois,3,279.59,0.0,838.77,267.36,581
2024-04-06,Roubaix,Magasin,Maison,Couette 220x240,1,224.09,0.0,224.09,90.39,14
2024-04-06,Roubaix,Magasin,Sport,Ballon foot,3,100.1,0.0,300.3,173.7,77
2024-04-07,En ligne,E-commerce,Sport,Haltères 10kg,3,98.3,0.0,294.9,128.1,199
2024-04-07,Tourcoing,Magasin,Sport,Ballon foot,5,100.1,0.05,475.48,264.47,91
2024-04-07,Lille,Magasin,Sport,Tapis yoga,3,658.36,0.0,1975.08,1058.13,413
2024-04-07,En ligne,E-commerce,Bricolage,Échelle alu,4,354.67,0.0,1418.68,673.6,452
2024-04-07,Amiens,Magasin,Mode,Robe été,1,296.52,0.0,296.52,72.46,374
2024-04-07,Dunkerque,Magasin,Sport,Tapis yoga,4,658.36,0.05,2501.77,1279.17,67
2024-04-07,Tourcoing,Magasin,Électroménager,Bouilloire,3,726.04,0.0,2178.12,1176.9,388
2024-04-07,Roubaix,Magasin,Mode,T-shirt coton,4,504.67,0.0,2018.68,800.92,571
2024-04-07,Lille,Magasin,Bricolage,Échelle alu,3,354.67,0.0,1064.01,505.2,490
2024-04-07,Amiens,Magasin,Mode,Robe été,2,296.52,0.0,593.04,144.92,35
2024-04-08,Roubaix,Magasin,Électroménager,Micro-ondes,2,453.16,0.1,815.69,252.49,44
2024-04-08,Lille,Magasin,Mode,Jean homme,1,272.27,0.0,272.27,92.12,52
2024-04-08,Roubaix,Magasin,Bricolage,Boîte à outils,2,83.21,0.0,166.42,45.98,29
2024-04-08,En ligne,E-commerce,Sport,Tapis yoga,3,658.36,0.1,1777.57,860.62,320
2024-04-08,En ligne,E-commerce,Bricolage,Perceuse,3,105.66,0.0,316.98,65.1,406
2024-04-08,Amiens,Magasin,Maison,Rideau occultant,3,101.21,0.0,303.63,134.67,548
2024-04-08,En ligne,E-commerce,Maison,Couette 220x240,3,224.09,0.0,672.27,271.17,25
2024-04-08,Lille,Magasin,Sport,Raquette tennis,4,706.19,0.0,2824.76,1448.16,298
2024-04-08,Tourcoing,Magasin,Électroménager,Robot cuiseur,1,249.97,0.0,249.97,91.92,106
2024-04-08,En ligne,E-commerce,Électroménager,Aspirateur,1,191.18,0.0,191.18,96.55,545
2024-04-08,Amiens,Magasin,Sport,Maillot bain,1,350.77,0.0,350.77,199.3,589
2024-04-08,En ligne,E-commerce,Bricolage,Boîte à outils,1,83.21,0.0,83.21,22.99,320
2024-04-08,Valenciennes,Magasin,Bricolage,Tournevis set,3,636.28,0.0,1908.84,961.32,214
2024-04-08,Amiens,Magasin,Sport,Maillot bain,4,350.77,0.0,1403.08,797.2,289
2024-04-08,Tourcoing,Magasin,Mode,Pull laine,2,884.49,0.0,1768.98,992.12,280
2024-04-08,En ligne,E-commerce,Sport,Raquette tennis,2,706.19,0.0,1412.38,724.08,378
2024-04-08,Roubaix,Magasin,Mode,Jean homme,2,272.27,0.0,544.54,184.24,421
2024-04-09,Lille,Magasin,Mode,Robe été,1,296.52,0.0,296.52,72.46,50
2024-04-09,Roubaix,Magasin,Sport,Raquette tennis,3,706.19,0.0,2118.57,1086.12,465
2024-04-09,Lille,Magasin,Électroménager,Cafetière,2,392.24,0.05,745.26,389.9,82
2024-04-09,En ligne,E-commerce,Bricolage,Échelle alu,2,354.67,0.0,709.34,336.8,490
2024-04-09,Valenciennes,Magasin,Maison,Couette 220x240,3,224.09,0.0,672.27,271.17,158
2024-04-09,Roubaix,Magasin,Maison,Lampe LED,2,134.22,0.0,268.44,136.56,201
2024-04-10,En ligne,E-commerce,Bricolage,Perceuse,3,105.66,0.0,316.98,65.1,75
2024-04-10,Lille,Magasin,Électroménager,Réfrigérateur,5,387.37,0.05,1840.01,467.06,440
2024-04-10,Roubaix,Magasin,Sport,Maillot bain,2,350.77,0.0,701.54,398.6,143
2024-04-10,Amiens,Magasin,Maison,Couette 220x240,5,224.09,0.0,1120.45,451.95,453
2024-04-10,Lille,Magasin,Bricolage,Échelle alu,3,354.67,0.0,1064.01,505.2,185
2024-04-10,Amiens,Magasin,Maison,Étagère bois,2,279.59,0.0,559.18,178.24,80
2024-04-10,En ligne,E-commerce,Bricolage,Échelle alu,3,354.67,0.0,1064.01,505.2,243
2024-04-10,Amiens,Magasin,Mode,Baskets ville,2,460.51,0.1,828.92,204.0,223
2024-04-10,Tourcoing,Magasin,Bricolage,Peinture 5L,2,609.0,0.05,1157.1,590.02,210
2024-04-10,Amiens,Magasin,Sport,Raquette tennis,4,706.19,0.05,2683.52,1306.92,381
2024-04-10,En ligne,E-commerce,Sport,Vélo VTT,1,545.21,0.0,545.21,234.5,111
2024-04-10,En ligne,E-commerce,Électroménager,Micro-ondes,3,453.16,0.0,1359.48,514.68,468
2024-04-10,Dunkerque,Magasin,Électroménager,Aspirateur,5,191.18,0.0,955.9,482.75,566
2024-04-10,Roubaix,Magasin,Sport,Raquette tennis,6,706.19,0.0,4237.14,2172.24,228
2024-04-10,Roubaix,Magasin,Mode,Pull laine,1,884.49,0.0,884.49,496.06,73
2024-04-10,Lille,Magasin,Maison,Lampe LED,5,134.22,0.0,671.1,341.4,390
2024-04-11,Amiens,Magasin,Électroménager,Micro-ondes,3,453.16,0.0,1359.48,514.68,230
2024-04-11,Valenciennes,Magasin,Mode,T-shirt coton,3,504.67,0.0,1514.01,600.69,134
2024-04-11,Roubaix,Magasin,Sport,Raquette tennis,1,706.19,0.0,706.19,362.04,187
2024-04-11,Amiens,Magasin,Sport,Chaussures running,4,569.53,0.0,2278.12,1240.8,151
2024-04-11,Roubaix,Magasin,Bricolage,Échelle alu,1,354.67,0.05,336.94,150.67,532
2024-04-11,Amiens,Magasin,Sport,Tapis yoga,4,658.36,0.05,2501.77,1279.17,338
2024-04-11,Roubaix,Magasin,Maison,Set casseroles,1,706.85,0.0,706.85,407.67,222
2024-04-11,Lille,Magasin,Maison,Set casseroles,5,706.85,0.05,3357.54,1861.64,9
2024-04-11,Amiens,Magasin,Sport,Tapis yoga,2,658.36,0.0,1316.72,705.42,317
2024-04-11,Roubaix,Magasin,Bricolage,Peinture 5L,1,609.0,0.0,609.0,325.46,247
2024-04-11,En ligne,E-commerce,Sport,Tapis yoga,1,658.36,0.1,592.52,286.87,298
2024-04-11,Amiens,Magasin,Sport,Haltères 10kg,6,98.3,0.0,589.8,256.2,284
2024-04-12,Amiens,Magasin,Bricolage,Échelle alu,1,354.67,0.0,354.67,168.4,432
2024-04-12,En ligne,E-commerce,Électroménager,Robot cuiseur,6,249.97,0.0,1499.82,551.52,27
2024-04-12,Lille,Magasin,Mode,Baskets ville,2,460.51,0.0,921.02,296.1,368
2024-04-12,Lille,Magasin,Électroménager,Aspirateur,3,191.18,0.0,573.54,289.65,40
2024-04-12,Roubaix,Magasin,Électroménager,Cafetière,3,392.24,0.0,1176.72,643.68,6
2024-04-12,Tourcoing,Magasin,Mode,Baskets ville,4,460.51,0.0,1842.04,592.2,58
2024-04-12,Roubaix,Magasin,Électroménager,Robot cuiseur,2,249.97,0.2,399.95,83.85,272
2024-04-12,Amiens,Magasin,Bricolage,Perceuse,2,105.66,0.0,211.32,43.4,257
2024-04-12,Dunkerque,Magasin,Électroménager,Bouilloire,1,726.04,0.0,726.04,392.3,120
2024-04-12,Lille,Magasin,Sport,Tapis yoga,3,658.36,0.0,1975.08,1058.13,342
2024-04-12,En ligne,E-commerce,Électroménager,Micro-ondes,3,453.16,0.0,1359.48,514.68,240
2024-04-12,Dunkerque,Magasin,Mode,Robe été,1,296.52,0.05,281.69,57.63,38
2024-04-12,Tourcoing,Magasin,Électroménager,Aspirateur,4,191.18,0.0,764.72,386.2,315
2024-04-12,Tourcoing,Magasin,Sport,Haltères 10kg,3,98.3,0.0,294.9,128.1,242
2024-04-12,Amiens,Magasin,Électroménager,Micro-ondes,1,453.16,0.0,453.16,171.56,141
2024-04-12,Lille,Magasin,Maison,Rideau occultant,1,101.21,0.0,101.21,44.89,378
2024-04-12,Lille,Magasin,Électroménager,Micro-ondes,1,453.16,0.1,407.84,126.24,347
2024-04-12,Lille,Magasin,Maison,Rideau occultant,2,101.21,0.1,182.18,69.54,293
2024-04-12,Lille,Magasin,Bricolage,Perceuse,1,105.66,0.0,105.66,21.7,35
2024-04-12,Roubaix,Magasin,Électroménager,Micro-ondes,2,453.16,0.05,861.0,297.8,79
2024-04-12,Roubaix,Magasin,Sport,Haltères 10kg,5,98.3,0.0,491.5,213.5,578
2024-04-13,En ligne,E-commerce,Sport,Haltères 10kg,6,98.3,0.0,589.8,256.2,288
2024-04-13,Roubaix,Magasin,Maison,Lampe LED,5,134.22,0.0,671.1,341.4,465
2024-04-13,Dunkerque,Magasin,Bricolage,Échelle alu,3,354.67,0.0,1064.01,505.2,377
2024-04-13,Dunkerque,Magasin,Bricolage,Boîte à outils,1,83.21,0.0,83.21,22.99,451
2024-04-13,Dunkerque,Magasin,Mode,Pull laine,1,884.49,0.0,884.49,496.06,347
2024-04-13,Amiens,Magasin,Sport,Tapis yoga,2,658.36,0.0,1316.72,705.42,132
2024-04-13,Lille,Magasin,Bricolage,Perceuse,2,105.66,0.1,190.19,22.27,471
2024-04-13,Tourcoing,Magasin,Maison,Set casseroles,1,706.85,0.0,706.85,407.67,71
2024-04-13,Tourcoing,Magasin,Maison,Rideau occultant,3,101.21,0.05,288.45,119.49,184
2024-04-13,Dunkerque,Magasin,Sport,Maillot bain,3,350.77,0.0,1052.31,597.9,184
2024-04-13,Amiens,Magasin,Sport,Haltères 10kg,1,98.3,0.0,98.3,42.7,144
2024-04-13,Roubaix,Magasin,Maison,Couette 220x240,1,224.09,0.0,224.09,90.39,399
2024-04-13,En ligne,E-commerce,Maison,Set casseroles,5,706.85,0.2,2827.4,1331.5,25
2024-04-13,Roubaix,Magasin,Bricolage,Peinture 5L,2,609.0,0.0,1218.0,650.92,297
2024-04-13,Valenciennes,Magasin,Mode,T-shirt coton,4,504.67,0.05,1917.75,699.99,125
2024-04-13,En ligne,E-commerce,Mode,Pull laine,2,884.49,0.0,1768.98,992.12,464
2024-04-13,Tourcoing,Magasin,Électroménager,Robot cuiseur,3,249.97,0.0,749.91,275.76,27
2024-04-13,Tourcoing,Magasin,Bricolage,Perceuse,1,105.66,0.0,105.66,21.7,488
2024-04-13,Dunkerque,Magasin,Électroménager,Micro-ondes,3,453.16,0.0,1359.48,514.68,403
2024-04-14,Lille,Magasin,Électroménager,Aspirateur,4,191.18,0.0,764.72,386.2,309
2024-04-14,Lille,Magasin,Mode,T-shirt coton,2,504.67,0.0,1009.34,400.46,448
2024-04-14,Tourcoing,Magasin,Sport,Chaussures running,2,569.53,0.0,1139.06,620.4,482
2024-04-14,Roubaix,Magasin,Maison,Couette 220x240,2,224.09,0.0,448.18,180.78,79
2024-04-14,Tourcoing,Magasin,Maison,Rideau occultant,4,101.21,0.05,384.6,159.32,199
2024-04-14,Tourcoing,Magasin,Électroménager,Robot cuiseur,2,249.97,0.05,474.94,158.84,569
2024-04-14,Roubaix,Magasin,Sport,Haltères 10kg,2,98.3,0.0,196.6,85.4,350
2024-04-14,Roubaix,Magasin,Mode,Veste hiver,4,655.99,0.0,2623.96,1296.32,80
2024-04-14,Lille,Magasin,Sport,Vélo VTT,4,545.21,0.0,2180.84,938.0,18
2024-04-14,Dunkerque,Magasin,Sport,Ballon foot,4,100.1,0.0,400.4,231.6,49
2024-04-14,Dunkerque,Magasin,Maison,Canapé 3 places,5,246.23,0.0,1231.15,284.4,337
2024-04-14,Lille,Magasin,Électroménager,Aspirateur,1,191.18,0.0,191.18,96.55,106
2024-04-14,Dunkerque,Magasin,Bricolage,Échelle alu,3,354.67,0.0,1064.01,505.2,353
2024-04-14,Dunkerque,Magasin,Sport,Ballon foot,3,100.1,0.0,300.3,173.7,415
2024-04-14,Lille,Magasin,Mode,Baskets ville,3,460.51,0.0,1381.53,444.15,421
2024-04-14,En ligne,E-commerce,Électroménager,Cafetière,2,392.24,0.1,706.03,350.67,375
2024-04-14,Tourcoing,Magasin,Sport,Tapis yoga,4,658.36,0.0,2633.44,1410.84,129
2024-04-14,Dunkerque,Magasin,Sport,Haltères 10kg,3,98.3,0.0,294.9,128.1,462
2024-04-14,Tourcoing,Magasin,Électroménager,Cafetière,3,392.24,0.0,1176.72,643.68,235
2024-04-14,Lille,Magasin,Mode,Jean homme,1,272.27,0.0,272.27,92.12,517
2024-04-14,En ligne,E-commerce,Électroménager,Robot cuiseur,3,249.97,0.05,712.41,238.26,13
2024-04-15,Roubaix,Magasin,Sport,Raquette tennis,3,706.19,0.0,2118.57,1086.12,152
2024-04-15,Amiens,Magasin,Maison,Canapé 3 places,5,246.23,0.0,1231.15,284.4,418
2024-04-15,Lille,Magasin,Bricolage,Tournevis set,3,636.28,0.0,1908.84,961.32,145
2024-04-15,Lille,Magasin,Sport,Chaussures running,3,569.53,0.0,1708.59,930.6,481
2024-04-15,Valenciennes,Magasin,Bricolage,Boîte à outils,5,83.21,0.0,416.05,114.95,583
2024-04-15,Tourcoing,Magasin,Électroménager,Cafetière,3,392.24,0.0,1176.72,643.68,379
2024-04-15,Amiens,Magasin,Électroménager,Réfrigérateur,2,387.37,0.05,736.0,186.82,399
2024-04-15,Amiens,Magasin,Sport,Raquette tennis,2,706.19,0.0,1412.38,724.08,210
2024-04-15,En ligne,E-commerce,Maison,Rideau occultant,4,101.21,0.0,404.84,179.56,75
2024-04-15,Tourcoing,Magasin,Sport,Haltères 10kg,3,98.3,0.0,294.9,128.1,106
2024-04-15,Tourcoing,Magasin,Bricolage,Échelle alu,1,354.67,0.1,319.2,132.93,549
2024-04-16,Roubaix,Magasin,Maison,Canapé 3 places,4,246.23,0.0,984.92,227.52,246
2024-04-16,Lille,Magasin,Mode,Robe été,1,296.52,0.05,281.69,57.63,185
2024-04-16,Valenciennes,Magasin,Électroménager,Cafetière,1,392.24,0.1,353.02,175.34,298
2024-04-16,Amiens,Magasin,Sport,Haltères 10kg,5,98.3,0.0,491.5,213.5,351
2024-04-16,Dunkerque,Magasin,Bricolage,Perceuse,3,105.66,0.2,253.58,1.7,364
2024-04-16,Roubaix,Magasin,Maison,Couette 220x240,2,224.09,0.0,448.18,180.78,442
2024-04-16,Lille,Magasin,Électroménager,Bouilloire,3,726.04,0.0,2178.12,1176.9,14
2024-04-16,En ligne,E-commerce,Maison,Canapé 3 places,2,246.23,0.0,492.46,113.76,84
2024-04-16,Tourcoing,Magasin,Mode,Jean homme,6,272.27,0.05,1551.94,471.04,544
2024-04-16,Roubaix,Magasin,Bricolage,Tournevis set,4,636.28,0.0,2545.12,1281.76,55
2024-04-16,Lille,Magasin,Électroménager,Réfrigérateur,1,387.37,0.0,387.37,112.78,562
2024-04-16,Roubaix,Magasin,Électroménager,Réfrigérateur,1,387.37,0.0,387.37,112.78,491
2024-04-16,Amiens,Magasin,Sport,Vélo VTT,3,545.21,0.0,1635.63,703.5,412
2024-04-16,Lille,Magasin,Électroménager,Cafetière,4,392.24,0.05,1490.51,779.79,11
2024-04-16,Lille,Magasin,Bricolage,Échelle alu,3,354.67,0.0,1064.01,505.2,365
2024-04-16,Roubaix,Magasin,Sport,Raquette tennis,2,706.19,0.05,1341.76,653.46,571
2024-04-16,Tourcoing,Magasin,Sport,Chaussures running,2,569.53,0.0,1139.06,620.4,295
2024-04-16,En ligne,E-commerce,Électroménager,Cafetière,1,392.24,0.0,392.24,214.56,432
2024-04-16,Lille,Magasin,Maison,Canapé 3 places,4,246.23,0.05,935.67,178.27,568
2024-04-16,Lille,Magasin,Sport,Raquette tennis,3,706.19,0.0,2118.57,1086.12,39
2024-04-17,Amiens,Magasin,Bricolage,Peinture 5L,2,609.0,0.0,1218.0,650.92,371
2024-04-17,Valenciennes,Magasin,Sport,Raquette tennis,5,706.19,0.2,2824.76,1104.01,196
2024-04-17,Amiens,Magasin,Maison,Canapé 3 places,2,246.23,0.0,492.46,113.76,342
2024-04-17,Roubaix,Magasin,Électroménager,Réfrigérateur,6,387.37,0.1,2091.8,444.26,523
2024-04-17,Dunkerque,Magasin,Électroménager,Bouilloire,4,726.04,0.0,2904.16,1569.2,251
2024-04-17,Lille,Magasin,Électroménager,Robot cuiseur,1,249.97,0.1,224.97,66.92,597
2024-04-17,En ligne,E-commerce,Maison,Lampe LED,5,134.22,0.0,671.1,341.4,152
2024-04-17,Roubaix,Magasin,Mode,Jean homme,2,272.27,0.0,544.54,184.24,373
2024-04-17,Lille,Magasin,Sport,Tapis yoga,2,658.36,0.0,1316.72,705.42,329
2024-04-17,Lille,Magasin,Maison,Canapé 3 places,3,246.23,0.0,738.69,170.64,31
2024-04-17,Amiens,Magasin,Sport,Tapis yoga,2,658.36,0.0,1316.72,705.42,103
2024-04-17,Valenciennes,Magasin,Électroménager,Cafetière,3,392.24,0.0,1176.72,643.68,475
2024-04-17,Amiens,Magasin,Sport,Chaussures running,3,569.53,0.0,1708.59,930.6,258
2024-04-18,Valenciennes,Magasin,Mode,Robe été,3,296.52,0.0,889.56,217.38,259
2024-04-18,Roubaix,Magasin,Électroménager,Réfrigérateur,1,387.37,0.0,387.37,112.78,551
2024-04-18,Tourcoing,Magasin,Sport,Maillot bain,1,350.77,0.0,350.77,199.3,586
2024-04-18,Lille,Magasin,Bricolage,Perceuse,4,105.66,0.0,422.64,86.8,12
2024-04-18,En ligne,E-commerce,Maison,Rideau occultant,3,101.21,0.0,303.63,134.67,252
2024-04-18,Amiens,Magasin,Mode,Jean homme,2,272.27,0.0,544.54,184.24,439
2024-04-18,Dunkerque,Magasin,Maison,Canapé 3 places,4,246.23,0.0,984.92,227.52,311
2024-04-18,Lille,Magasin,Bricolage,Boîte à outils,3,83.21,0.1,224.67,44.01,328
2024-04-18,Lille,Magasin,Sport,Haltères 10kg,4,98.3,0.0,393.2,170.8,126
2024-04-18,Tourcoing,Magasin,Électroménager,Réfrigérateur,3,387.37,0.05,1104.0,280.23,47
2024-04-18,Roubaix,Magasin,Sport,Vélo VTT,2,545.21,0.0,1090.42,469.0,501
2024-04-18,Valenciennes,Magasin,Mode,Veste hiver,4,655.99,0.0,2623.96,1296.32,66
2024-04-18,En ligne,E-commerce,Électroménager,Robot cuiseur,3,249.97,0.0,749.91,275.76,105
2024-04-18,Tourcoing,Magasin,Électroménager,Cafetière,1,392.24,0.05,372.63,194.95,591
2024-04-18,Amiens,Magasin,Sport,Haltères 10kg,2,98.3,0.0,196.6,85.4,389
2024-04-18,Lille,Magasin,Sport,Maillot bain,2,350.77,0.0,701.54,398.6,74
2024-04-18,Tourcoing,Magasin,Maison,Rideau occultant,1,101.21,0.0,101.21,44.89,258
2024-04-18,Lille,Magasin,Électroménager,Aspirateur,2,191.18,0.0,382.36,193.1,463
2024-04-18,Roubaix,Magasin,Électroménager,Aspirateur,5,191.18,0.0,955.9,482.75,421
2024-04-18,Roubaix,Magasin,Bricolage,Boîte à outils,2,83.21,0.0,166.42,45.98,540
2024-04-18,Tourcoing,Magasin,Maison,Lampe LED,3,134.22,0.05,382.53,184.71,98
2024-04-18,Roubaix,Magasin,Maison,Couette 220x240,1,224.09,0.1,201.68,67.98,388
2024-04-18,Lille,Magasin,Bricolage,Peinture 5L,1,609.0,0.0,609.0,325.46,128
2024-04-19,Lille,Magasin,Maison,Canapé 3 places,3,246.23,0.0,738.69,170.64,72
2024-04-19,Lille,Magasin,Mode,T-shirt coton,4,504.67,0.0,2018.68,800.92,186
2024-04-19,Lille,Magasin,Maison,Canapé 3 places,3,246.23,0.0,738.69,170.64,20
2024-04-19,Lille,Magasin,Mode,T-shirt coton,1,504.67,0.0,504.67,200.23,531
2024-04-19,Tourcoing,Magasin,Sport,Raquette tennis,2,706.19,0.0,1412.38,724.08,535
2024-04-19,Roubaix,Magasin,Sport,Tapis yoga,5,658.36,0.0,3291.8,1763.55,105
2024-04-19,Valenciennes,Magasin,Maison,Lampe LED,5,134.22,0.05,637.54,307.84,156
2024-04-19,Roubaix,Magasin,Électroménager,Aspirateur,2,191.18,0.05,363.24,173.98,220
2024-04-19,Dunkerque,Magasin,Mode,Veste hiver,1,655.99,0.1,590.39,258.48,328
2024-04-19,Dunkerque,Magasin,Bricolage,Perceuse,3,105.66,0.0,316.98,65.1,306
2024-04-19,En ligne,E-commerce,Bricolage,Perceuse,3,105.66,0.0,316.98,65.1,93
2024-04-19,Lille,Magasin,Sport,Raquette tennis,1,706.19,0.0,706.19,362.04,151
2024-04-20,Lille,Magasin,Mode,Veste hiver,1,655.99,0.1,590.39,258.48,285
2024-04-20,En ligne,E-commerce,Électroménager,Micro-ondes,2,453.16,0.0,906.32,343.12,564
2024-04-20,Lille,Magasin,Électroménager,Robot cuiseur,4,249.97,0.0,999.88,367.68,292
2024-04-20,En ligne,E-commerce,Électroménager,Aspirateur,5,191.18,0.0,955.9,482.75,135
2024-04-20,Dunkerque,Magasin,Électroménager,Bouilloire,1,726.04,0.0,726.04,392.3,295
2024-04-20,Roubaix,Magasin,Électroménager,Robot cuiseur,1,249.97,0.0,249.97,91.92,83
2024-04-20,Tourcoing,Magasin,Sport,Haltères 10kg,4,98.3,0.0,393.2,170.8,537
2024-04-20,Roubaix,Magasin,Maison,Couette 220x240,2,224.09,0.0,448.18,180.78,48
2024-04-20,Dunkerque,Magasin,Mode,Jean homme,1,272.27,0.0,272.27,92.12,587
2024-04-20,Amiens,Magasin,Mode,Veste hiver,4,655.99,0.0,2623.96,1296.32,434
2024-04-20,Dunkerque,Magasin,Bricolage,Perceuse,4,105.66,0.0,422.64,86.8,331
2024-04-20,En ligne,E-commerce,Maison,Canapé 3 places,2,246.23,0.0,492.46,113.76,594
2024-04-20,Lille,Magasin,Maison,Rideau occultant,1,101.21,0.0,101.21,44.89,193
2024-04-20,Lille,Magasin,Électroménager,Bouilloire,2,726.04,0.0,1452.08,784.6,367
2024-04-20,Dunkerque,Magasin,Mode,Veste hiver,5,655.99,0.05,3115.95,1456.4,507
2024-04-20,Lille,Magasin,Bricolage,Peinture 5L,1,609.0,0.0,609.0,325.46,292
2024-04-20,Dunkerque,Magasin,Maison,Rideau occultant,4,101.21,0.05,384.6,159.32,355
2024-04-20,Lille,Magasin,Électroménager,Aspirateur,1,191.18,0.0,191.18,96.55,594
2024-04-20,Lille,Magasin,Mode,Pull laine,2,884.49,0.05,1680.53,903.67,460
2024-04-20,Amiens,Magasin,Sport,Tapis yoga,4,658.36,0.0,2633.44,1410.84,557
2024-04-21,Roubaix,Magasin,Maison,Étagère bois,2,279.59,0.2,447.34,66.4,282
2024-04-21,En ligne,E-commerce,Sport,Raquette tennis,3,706.19,0.0,2118.57,1086.12,15
2024-04-21,En ligne,E-commerce,Électroménager,Robot cuiseur,1,249.97,0.0,249.97,91.92,103
2024-04-21,Amiens,Magasin,Électroménager,Bouilloire,3,726.04,0.0,2178.12,1176.9,575
2024-04-21,Lille,Magasin,Électroménager,Cafetière,2,392.24,0.05,745.26,389.9,403
2024-04-21,Valenciennes,Magasin,Mode,T-shirt coton,1,504.67,0.0,504.67,200.23,372
2024-04-21,Tourcoing,Magasin,Maison,Étagère bois,1,279.59,0.0,279.59,89.12,382
2024-04-21,Amiens,Magasin,Électroménager,Robot cuiseur,5,249.97,0.0,1249.85,459.6,453
2024-04-21,Dunkerque,Magasin,Maison,Canapé 3 places,3,246.23,0.05,701.76,133.71,200
2024-04-21,Dunkerque,Magasin,Sport,Ballon foot,1,100.1,0.0,100.1,57.9,190
2024-04-21,Tourcoing,Magasin,Sport,Maillot bain,1,350.77,0.0,350.77,199.3,326
2024-04-21,Roubaix,Magasin,Maison,Canapé 3 places,2,246.23,0.0,492.46,113.76,79
2024-04-21,Valenciennes,Magasin,Bricolage,Tournevis set,4,636.28,0.0,2545.12,1281.76,539
2024-04-21,Valenciennes,Magasin,Maison,Lampe LED,1,134.22,0.0,134.22,68.28,318
2024-04-21,Roubaix,Magasin,Électroménager,Cafetière,5,392.24,0.0,1961.2,1072.8,524
2024-04-21,Lille,Magasin,Maison,Rideau occultant,4,101.21,0.1,364.36,139.08,528
2024-04-21,Lille,Magasin,Maison,Set casseroles,6,706.85,0.2,3392.88,1597.8,423
2024-04-22,En ligne,E-commerce,Mode,Robe été,2,296.52,0.0,593.04,144.92,257
2024-04-22,Tourcoing,Magasin,Mode,Baskets ville,3,460.51,0.0,1381.53,444.15,515
2024-04-22,Roubaix,Magasin,Électroménager,Réfrigérateur,3,387.37,0.0,1162.11,338.34,202
2024-04-22,Valenciennes,Magasin,Électroménager,Micro-ondes,4,453.16,0.0,1812.64,686.24,405
2024-04-22,En ligne,E-commerce,Sport,Ballon foot,3,100.1,0.0,300.3,173.7,292
2024-04-22,Lille,Magasin,Sport,Vélo VTT,3,545.21,0.0,1635.63,703.5,498
2024-04-22,Tourcoing,Magasin,Bricolage,Boîte à outils,3,83.21,0.0,249.63,68.97,292
2024-04-22,Dunkerque,Magasin,Électroménager,Aspirateur,1,191.18,0.0,191.18,96.55,507
2024-04-22,Lille,Magasin,Mode,Robe été,3,296.52,0.0,889.56,217.38,97
2024-04-22,Amiens,Magasin,Mode,Robe été,3,296.52,0.0,889.56,217.38,262
2024-04-22,Tourcoing,Magasin,Bricolage,Peinture 5L,1,609.0,0.0,609.0,325.46,27
2024-04-22,Valenciennes,Magasin,Bricolage,Perceuse,3,105.66,0.0,316.98,65.1,239
2024-04-22,Valenciennes,Magasin,Mode,Baskets ville,1,460.51,0.0,460.51,148.05,107
2024-04-22,Amiens,Magasin,Mode,T-shirt coton,1,504.67,0.0,504.67,200.23,196
2024-04-22,Lille,Magasin,Mode,Baskets ville,3,460.51,0.0,1381.53,444.15,269
2024-04-22,Dunkerque,Magasin,Mode,T-shirt coton,2,504.67,0.0,1009.34,400.46,98
2024-04-22,Lille,Magasin,Sport,Maillot bain,3,350.77,0.0,1052.31,597.9,52
2024-04-23,Lille,Magasin,Bricolage,Peinture 5L,5,609.0,0.0,3045.0,1627.3,104
2024-04-23,En ligne,E-commerce,Sport,Ballon foot,4,100.1,0.0,400.4,231.6,167
2024-04-23,En ligne,E-commerce,Maison,Canapé 3 places,1,246.23,0.05,233.92,44.57,483
2024-04-23,Amiens,Magasin,Sport,Vélo VTT,1,545.21,0.0,545.21,234.5,559
2024-04-23,Roubaix,Magasin,Sport,Chaussures running,1,569.53,0.0,569.53,310.2,15
2024-04-23,Roubaix,Magasin,Sport,Ballon foot,2,100.1,0.0,200.2,115.8,90
2024-04-23,Dunkerque,Magasin,Électroménager,Cafetière,1,392.24,0.0,392.24,214.56,189
2024-04-23,Tourcoing,Magasin,Bricolage,Boîte à outils,4,83.21,0.0,332.84,91.96,302
2024-04-23,Tourcoing,Magasin,Mode,Jean homme,4,272.27,0.0,1089.08,368.48,102
2024-04-23,Lille,Magasin,Bricolage,Échelle alu,4,354.67,0.1,1276.81,531.73,212
2024-04-23,Amiens,Magasin,Maison,Set casseroles,1,706.85,0.0,706.85,407.67,454
2024-04-23,Dunkerque,Magasin,Bricolage,Perceuse,3,105.66,0.0,316.98,65.1,395
2024-04-23,Amiens,Magasin,Électroménager,Bouilloire,1,726.04,0.0,726.04,392.3,18
2024-04-23,Tourcoing,Magasin,Mode,T-shirt coton,1,504.67,0.0,504.67,200.23,534
2024-04-23,Dunkerque,Magasin,Maison,Couette 220x240,2,224.09,0.1,403.36,135.96,295
2024-04-23,En ligne,E-commerce,Maison,Étagère bois,5,279.59,0.05,1328.05,375.7,233
2024-04-23,Valenciennes,Magasin,Sport,Tapis yoga,4,658.36,0.0,2633.44,1410.84,292
2024-04-23,Lille,Magasin,Sport,Raquette tennis,4,706.19,0.0,2824.76,1448.16,364
2024-04-23,Lille,Magasin,Mode,Baskets ville,1,460.51,0.0,460.51,148.05,364
2024-04-23,Dunkerque,Magasin,Maison,Rideau occultant,3,101.21,0.0,303.63,134.67,356
2024-04-23,Amiens,Magasin,Sport,Raquette tennis,3,706.19,0.0,2118.57,1086.12,569
2024-04-23,Amiens,Magasin,Électroménager,Robot cuiseur,3,249.97,0.0,749.91,275.76,252
2024-04-23,En ligne,E-commerce,Bricolage,Tournevis set,2,636.28,0.0,1272.56,640.88,531
2024-04-23,Tourcoing,Magasin,Maison,Lampe LED,1,134.22,0.0,134.22,68.28,456
2024-04-24,Roubaix,Magasin,Bricolage,Peinture 5L,1,609.0,0.0,609.0,325.46,257
2024-04-24,Roubaix,Magasin,Mode,Jean homme,2,272.27,0.0,544.54,184.24,110
2024-04-24,Lille,Magasin,Électroménager,Robot cuiseur,2,249.97,0.1,449.95,133.85,210
2024-04-24,Roubaix,Magasin,Sport,Ballon foot,3,100.1,0.0,300.3,173.7,285
2024-04-24,Dunkerque,Magasin,Bricolage,Échelle alu,3,354.67,0.0,1064.01,505.2,323
2024-04-24,Amiens,Magasin,Maison,Canapé 3 places,3,246.23,0.1,664.82,96.77,405
2024-04-24,Amiens,Magasin,Électroménager,Réfrigérateur,3,387.37,0.0,1162.11,338.34,441
2024-04-24,Tourcoing,Magasin,Mode,Veste hiver,4,655.99,0.05,2492.76,1165.12,475
2024-04-24,Lille,Magasin,Électroménager,Aspirateur,2,191.18,0.0,382.36,193.1,205
2024-04-24,Valenciennes,Magasin,Électroménager,Cafetière,3,392.24,0.0,1176.72,643.68,399
2024-04-24,Amiens,Magasin,Maison,Rideau occultant,5,101.21,0.0,506.05,224.45,241
2024-04-24,Roubaix,Magasin,Mode,T-shirt coton,1,504.67,0.0,504.67,200.23,437
2024-04-24,Dunkerque,Magasin,Bricolage,Boîte à outils,6,83.21,0.0,499.26,137.94,473
2024-04-24,Lille,Magasin,Sport,Raquette tennis,3,706.19,0.0,2118.57,1086.12,15
2024-04-24,Amiens,Magasin,Maison,Lampe LED,2,134.22,0.0,268.44,136.56,430
2024-04-25,Dunkerque,Magasin,Électroménager,Robot cuiseur,2,249.97,0.05,474.94,158.84,534
2024-04-25,Lille,Magasin,Mode,Veste hiver,1,655.99,0.1,590.39,258.48,354
2024-04-25,Amiens,Magasin,Sport,Vélo VTT,2,545.21,0.0,1090.42,469.0,92
2024-04-25,Tourcoing,Magasin,Sport,Maillot bain,4,350.77,0.2,1122.46,516.58,467
2024-04-25,Dunkerque,Magasin,Sport,Vélo VTT,4,545.21,0.0,2180.84,938.0,125
2024-04-25,Amiens,Magasin,Électroménager,Micro-ondes,2,453.16,0.05,861.0,297.8,541
2024-04-25,Valenciennes,Magasin,Maison,Rideau occultant,1,101.21,0.0,101.21,44.89,382
2024-04-25,Tourcoing,Magasin,Mode,Pull laine,6,884.49,0.0,5306.94,2976.36,37
2024-04-25,Roubaix,Magasin,Bricolage,Boîte à outils,4,83.21,0.0,332.84,91.96,333
2024-04-25,Lille,Magasin,Mode,Jean homme,6,272.27,0.05,1551.94,471.04,331
2024-04-25,Lille,Magasin,Mode,T-shirt coton,1,504.67,0.0,504.67,200.23,170
2024-04-25,Dunkerque,Magasin,Électroménager,Robot cuiseur,2,249.97,0.1,449.95,133.85,505
2024-04-25,Lille,Magasin,Maison,Set casseroles,1,706.85,0.0,706.85,407.67,432
2024-04-25,Lille,Magasin,Sport,Chaussures running,2,569.53,0.0,1139.06,620.4,23
2024-04-25,Tourcoing,Magasin,Sport,Raquette tennis,3,706.19,0.0,2118.57,1086.12,386
2024-04-25,Dunkerque,Magasin,Bricolage,Perceuse,2,105.66,0.0,211.32,43.4,597
2024-04-25,En ligne,E-commerce,Mode,T-shirt coton,2,504.67,0.05,958.87,349.99,181
2024-04-25,Dunkerque,Magasin,Électroménager,Bouilloire,3,726.04,0.0,2178.12,1176.9,418
2024-04-25,Roubaix,Magasin,Électroménager,Robot cuiseur,1,249.97,0.0,249.97,91.92,427
2024-04-25,Lille,Magasin,Sport,Haltères 10kg,3,98.3,0.0,294.9,128.1,571
2024-04-25,Roubaix,Magasin,Maison,Lampe LED,3,134.22,0.0,402.66,204.84,493
2024-04-25,En ligne,E-commerce,Sport,Maillot bain,3,350.77,0.0,1052.31,597.9,562
2024-04-25,En ligne,E-commerce,Électroménager,Micro-ondes,3,453.16,0.0,1359.48,514.68,178
2024-04-25,Valenciennes,Magasin,Mode,Jean homme,3,272.27,0.0,816.81,276.36,45
2024-04-26,Lille,Magasin,Maison,Étagère bois,3,279.59,0.0,838.77,267.36,151
2024-04-26,Amiens,Magasin,Maison,Étagère bois,2,279.59,0.05,531.22,150.28,224
2024-04-26,Lille,Magasin,Électroménager,Bouilloire,1,726.04,0.0,726.04,392.3,506
2024-04-26,Lille,Magasin,Sport,Haltères 10kg,1,98.3,0.0,98.3,42.7,243
2024-04-26,Tourcoing,Magasin,Électroménager,Cafetière,2,392.24,0.0,784.48,429.12,311
2024-04-26,Roubaix,Magasin,Mode,Pull laine,4,884.49,0.0,3537.96,1984.24,460
2024-04-26,Dunkerque,Magasin,Sport,Maillot bain,5,350.77,0.2,1403.08,645.73,126
2024-04-26,Lille,Magasin,Bricolage,Perceuse,1,105.66,0.0,105.66,21.7,109
2024-04-26,Valenciennes,Magasin,Maison,Couette 220x240,3,224.09,0.05,638.66,237.56,88
2024-04-26,Valenciennes,Magasin,Électroménager,Aspirateur,3,191.18,0.0,573.54,289.65,245
2024-04-26,En ligne,E-commerce,Bricolage,Tournevis set,3,636.28,0.0,1908.84,961.32,350
2024-04-26,Dunkerque,Magasin,Bricolage,Tournevis set,2,636.28,0.0,1272.56,640.88,135
2024-04-26,Tourcoing,Magasin,Électroménager,Aspirateur,2,191.18,0.05,363.24,173.98,385
2024-04-26,Amiens,Magasin,Maison,Rideau occultant,4,101.21,0.0,404.84,179.56,560
2024-04-26,En ligne,E-commerce,Sport,Tapis yoga,5,658.36,0.0,3291.8,1763.55,209
2024-04-26,Roubaix,Magasin,Sport,Haltères 10kg,3,98.3,0.0,294.9,128.1,547
2024-04-26,Dunkerque,Magasin,Maison,Canapé 3 places,3,246.23,0.0,738.69,170.64,589
2024-04-26,Amiens,Magasin,Bricolage,Boîte à outils,1,83.21,0.0,83.21,22.99,273
2024-04-26,Dunkerque,Magasin,Bricolage,Échelle alu,1,354.67,0.0,354.67,168.4,317
2024-04-26,Valenciennes,Magasin,Sport,Chaussures running,5,569.53,0.0,2847.65,1551.0,254
2024-04-27,Lille,Magasin,Électroménager,Robot cuiseur,3,249.97,0.0,749.91,275.76,325
2024-04-27,Tourcoing,Magasin,Sport,Haltères 10kg,3,98.3,0.0,294.9,128.1,332
2024-04-27,Lille,Magasin,Mode,Baskets ville,3,460.51,0.0,1381.53,444.15,121
2024-04-27,Dunkerque,Magasin,Sport,Tapis yoga,4,658.36,0.0,2633.44,1410.84,356
2024-04-27,Tourcoing,Magasin,Sport,Tapis yoga,4,658.36,0.0,2633.44,1410.84,322
2024-04-27,Dunkerque,Magasin,Sport,Haltères 10kg,3,98.3,0.0,294.9,128.1,344
2024-04-27,Tourcoing,Magasin,Maison,Couette 220x240,4,224.09,0.0,896.36,361.56,459
2024-04-27,Roubaix,Magasin,Mode,Baskets ville,2,460.51,0.0,921.02,296.1,560
2024-04-27,Valenciennes,Magasin,Bricolage,Tournevis set,4,636.28,0.0,2545.12,1281.76,131
2024-04-27,Lille,Magasin,Mode,Baskets ville,4,460.51,0.0,1842.04,592.2,264
2024-04-27,Amiens,Magasin,Mode,Baskets ville,1,460.51,0.0,460.51,148.05,39
2024-04-27,En ligne,E-commerce,Mode,Baskets ville,2,460.51,0.0,921.02,296.1,153
2024-04-27,Valenciennes,Magasin,Mode,T-shirt coton,5,504.67,0.0,2523.35,1001.15,25
2024-04-27,Lille,Magasin,Mode,T-shirt coton,1,504.67,0.05,479.44,175.0,286
2024-04-27,Valenciennes,Magasin,Bricolage,Boîte à outils,5,83.21,0.0,416.05,114.95,37
2024-04-27,Lille,Magasin,Électroménager,Micro-ondes,4,453.16,0.05,1722.01,595.61,599
2024-04-27,Valenciennes,Magasin,Sport,Vélo VTT,5,545.21,0.0,2726.05,1172.5,304
2024-04-27,Valenciennes,Magasin,Maison,Rideau occultant,2,101.21,0.05,192.3,79.66,579
2024-04-27,Roubaix,Magasin,Sport,Maillot bain,2,350.77,0.0,701.54,398.6,144
2024-04-28,En ligne,E-commerce,Bricolage,Tournevis set,5,636.28,0.0,3181.4,1602.2,159
2024-04-28,Lille,Magasin,Électroménager,Micro-ondes,3,453.16,0.0,1359.48,514.68,375
2024-04-28,Roubaix,Magasin,Mode,Veste hiver,3,655.99,0.0,1967.97,972.24,196
2024-04-28,Lille,Magasin,Électroménager,Micro-ondes,5,453.16,0.0,2265.8,857.8,509
2024-04-28,Roubaix,Magasin,Maison,Lampe LED,3,134.22,0.2,322.13,124.31,566
2024-04-28,Roubaix,Magasin,Maison,Canapé 3 places,4,246.23,0.05,935.67,178.27,336
2024-04-28,Dunkerque,Magasin,Mode,T-shirt coton,1,504.67,0.0,504.67,200.23,554
2024-04-28,Amiens,Magasin,Sport,Ballon foot,2,100.1,0.0,200.2,115.8,158
2024-04-28,En ligne,E-commerce,Sport,Maillot bain,2,350.77,0.1,631.39,328.45,588
2024-04-28,En ligne,E-commerce,Sport,Haltères 10kg,3,98.3,0.0,294.9,128.1,62
2024-04-28,Lille,Magasin,Sport,Chaussures running,2,569.53,0.0,1139.06,620.4,297
2024-04-28,Dunkerque,Magasin,Sport,Raquette tennis,1,706.19,0.0,706.19,362.04,490
2024-04-28,Lille,Magasin,Bricolage,Boîte à outils,3,83.21,0.05,237.15,56.49,359
2024-04-28,Amiens,Magasin,Électroménager,Cafetière,1,392.24,0.0,392.24,214.56,31
2024-04-28,Amiens,Magasin,Maison,Couette 220x240,2,224.09,0.05,425.77,158.37,536
2024-04-28,Roubaix,Magasin,Maison,Set casseroles,4,706.85,0.0,2827.4,1630.68,289
2024-04-28,Tourcoing,Magasin,Maison,Rideau occultant,4,101.21,0.0,404.84,179.56,474
2024-04-29,Valenciennes,Magasin,Maison,Set casseroles,2,706.85,0.0,1413.7,815.34,226
2024-04-29,Dunkerque,Magasin,Électroménager,Aspirateur,4,191.18,0.0,764.72,386.2,496
2024-04-29,Lille,Magasin,Électroménager,Robot cuiseur,4,249.97,0.0,999.88,367.68,363
2024-04-29,Roubaix,Magasin,Électroménager,Aspirateur,1,191.18,0.0,191.18,96.55,465
2024-04-29,En ligne,E-commerce,Bricolage,Tournevis set,1,636.28,0.0,636.28,320.44,331
2024-04-29,Roubaix,Magasin,Maison,Rideau occultant,3,101.21,0.0,303.63,134.67,336
2024-04-29,Dunkerque,Magasin,Mode,Veste hiver,4,655.99,0.0,2623.96,1296.32,103
2024-04-29,Tourcoing,Magasin,Mode,Veste hiver,4,655.99,0.0,2623.96,1296.32,38
2024-04-29,Amiens,Magasin,Électroménager,Aspirateur,5,191.18,0.0,955.9,482.75,457
2024-04-29,Roubaix,Magasin,Maison,Couette 220x240,3,224.09,0.0,672.27,271.17,169
2024-04-29,Dunkerque,Magasin,Sport,Vélo VTT,1,545.21,0.2,436.17,125.46,64
2024-04-29,Amiens,Magasin,Maison,Canapé 3 places,4,246.23,0.0,984.92,227.52,249
2024-04-30,En ligne,E-commerce,Sport,Maillot bain,5,350.77,0.0,1753.85,996.5,584
2024-04-30,Roubaix,Magasin,Sport,Raquette tennis,2,706.19,0.0,1412.38,724.08,481
2024-04-30,Tourcoing,Magasin,Électroménager,Robot cuiseur,2,249.97,0.0,499.94,183.84,34
2024-04-30,En ligne,E-commerce,Sport,Vélo VTT,3,545.21,0.0,1635.63,703.5,141
2024-04-30,Roubaix,Magasin,Mode,Veste hiver,3,655.99,0.0,1967.97,972.24,66
2024-04-30,Roubaix,Magasin,Maison,Canapé 3 places,1,246.23,0.0,246.23,56.88,328
2024-04-30,Roubaix,Magasin,Bricolage,Échelle alu,1,354.67,0.0,354.67,168.4,126
2024-04-30,En ligne,E-commerce,Maison,Lampe LED,3,134.22,0.0,402.66,204.84,308
2024-04-30,Roubaix,Magasin,Électroménager,Bouilloire,2,726.04,0.0,1452.08,784.6,8
2024-04-30,Valenciennes,Magasin,Bricolage,Boîte à outils,4,83.21,0.0,332.84,91.96,265
2024-04-30,En ligne,E-commerce,Sport,Chaussures running,4,569.53,0.0,2278.12,1240.8,166
2024-04-30,Amiens,Magasin,Sport,Haltères 10kg,1,98.3,0.0,98.3,42.7,54
2024-04-30,Roubaix,Magasin,Maison,Canapé 3 places,2,246.23,0.0,492.46,113.76,401
2024-04-30,En ligne,E-commerce,Mode,Jean homme,2,272.27,0.0,544.54,184.24,432
2024-04-30,Tourcoing,Magasin,Mode,T-shirt coton,2,504.67,0.0,1009.34,400.46,319
2024-04-30,En ligne,E-commerce,Maison,Couette 220x240,2,224.09,0.0,448.18,180.78,349
2024-04-30,Dunkerque,Magasin,Électroménager,Aspirateur,4,191.18,0.0,764.72,386.2,589
2024-05-01,Roubaix,Magasin,Bricolage,Tournevis set,3,636.28,0.0,1908.84,961.32,5
2024-05-01,Valenciennes,Magasin,Mode,Veste hiver,1,655.99,0.0,655.99,324.08,211
2024-05-01,Roubaix,Magasin,Mode,Baskets ville,3,460.51,0.0,1381.53,444.15,174
2024-05-01,Lille,Magasin,Mode,Veste hiver,2,655.99,0.0,1311.98,648.16,488
2024-05-01,Lille,Magasin,Électroménager,Cafetière,2,392.24,0.0,784.48,429.12,426
2024-05-01,Tourcoing,Magasin,Mode,Baskets ville,1,460.51,0.05,437.48,125.02,182
2024-05-01,Valenciennes,Magasin,Électroménager,Bouilloire,2,726.04,0.0,1452.08,784.6,313
2024-05-01,Dunkerque,Magasin,Électroménager,Micro-ondes,4,453.16,0.0,1812.64,686.24,164
2024-05-01,Amiens,Magasin,Électroménager,Cafetière,4,392.24,0.0,1568.96,858.24,110
2024-05-01,Lille,Magasin,Électroménager,Réfrigérateur,5,387.37,0.0,1936.85,563.9,51
2024-05-01,Dunkerque,Magasin,Mode,Robe été,2,296.52,0.0,593.04,144.92,436
2024-05-01,Lille,Magasin,Sport,Ballon foot,1,100.1,0.0,100.1,57.9,80
2024-05-01,Roubaix,Magasin,Sport,Maillot bain,5,350.77,0.0,1753.85,996.5,385
2024-05-01,Amiens,Magasin,Mode,Jean homme,2,272.27,0.0,544.54,184.24,303
2024-05-01,Amiens,Magasin,Bricolage,Perceuse,4,105.66,0.0,422.64,86.8,393
2024-05-01,Tourcoing,Magasin,Bricolage,Tournevis set,5,636.28,0.0,3181.4,1602.2,320
2024-05-01,Roubaix,Magasin,Maison,Lampe LED,1,134.22,0.0,134.22,68.28,264
2024-05-01,Roubaix,Magasin,Sport,Haltères 10kg,4,98.3,0.0,393.2,170.8,148
2024-05-02,Dunkerque,Magasin,Maison,Rideau occultant,2,101.21,0.0,202.42,89.78,212
2024-05-02,Valenciennes,Magasin,Électroménager,Réfrigérateur,2,387.37,0.05,736.0,186.82,89
2024-05-02,Amiens,Magasin,Maison,Couette 220x240,1,224.09,0.0,224.09,90.39,55
2024-05-02,Valenciennes,Magasin,Électroménager,Robot cuiseur,1,249.97,0.0,249.97,91.92,117
2024-05-02,Lille,Magasin,Maison,Set casseroles,2,706.85,0.0,1413.7,815.34,579
2024-05-02,Tourcoing,Magasin,Mode,Veste hiver,3,655.99,0.0,1967.97,972.24,386
2024-05-02,Tourcoing,Magasin,Électroménager,Cafetière,2,392.24,0.0,784.48,429.12,284
2024-05-02,Lille,Magasin,Maison,Rideau occultant,2,101.21,0.0,202.42,89.78,207
2024-05-02,Roubaix,Magasin,Sport,Ballon foot,1,100.1,0.05,95.09,52.89,353
2024-05-02,Tourcoing,Magasin,Électroménager,Bouilloire,2,726.04,0.2,1161.66,494.18,14
2024-05-02,Amiens,Magasin,Sport,Chaussures running,2,569.53,0.0,1139.06,620.4,167
2024-05-02,Dunkerque,Magasin,Sport,Raquette tennis,1,706.19,0.0,706.19,362.04,413
2024-05-02,Dunkerque,Magasin,Mode,Baskets ville,2,460.51,0.05,874.97,250.05,7
2024-05-02,En ligne,E-commerce,Mode,Robe été,3,296.52,0.0,889.56,217.38,175
2024-05-02,Amiens,Magasin,Maison,Rideau occultant,5,101.21,0.05,480.75,199.15,186
2024-05-03,Lille,Magasin,Sport,Ballon foot,1,100.1,0.0,100.1,57.9,459
2024-05-03,Valenciennes,Magasin,Électroménager,Micro-ondes,4,453.16,0.0,1812.64,686.24,60
2024-05-03,Roubaix,Magasin,Sport,Raquette tennis,1,706.19,0.0,706.19,362.04,145
2024-05-03,Dunkerque,Magasin,Sport,Ballon foot,1,100.1,0.0,100.1,57.9,30
2024-05-03,Roubaix,Magasin,Mode,Jean homme,4,272.27,0.0,1089.08,368.48,593
2024-05-03,Dunkerque,Magasin,Maison,Set casseroles,3,706.85,0.0,2120.55,1223.01,261
2024-05-03,Lille,Magasin,Sport,Vélo VTT,4,545.21,0.0,2180.84,938.0,22
2024-05-03,En ligne,E-commerce,Maison,Lampe LED,1,134.22,0.0,134.22,68.28,459
2024-05-03,Amiens,Magasin,Électroménager,Réfrigérateur,3,387.37,0.0,1162.11,338.34,488
2024-05-03,En ligne,E-commerce,Mode,Robe été,5,296.52,0.0,1482.6,362.3,550
2024-05-03,Lille,Magasin,Bricolage,Échelle alu,5,354.67,0.0,1773.35,842.0,377
2024-05-03,Lille,Magasin,Sport,Tapis yoga,2,658.36,0.0,1316.72,705.42,337
2024-05-03,Dunkerque,Magasin,Sport,Haltères 10kg,5,98.3,0.0,491.5,213.5,130
2024-05-03,Amiens,Magasin,Sport,Tapis yoga,3,658.36,0.0,1975.08,1058.13,407
2024-05-03,Dunkerque,Magasin,Sport,Vélo VTT,1,545.21,0.0,545.21,234.5,498
2024-05-04,Tourcoing,Magasin,Sport,Tapis yoga,5,658.36,0.0,3291.8,1763.55,38
2024-05-04,En ligne,E-commerce,Mode,Robe été,2,296.52,0.0,593.04,144.92,66
2024-05-04,Tourcoing,Magasin,Électroménager,Micro-ondes,3,453.16,0.0,1359.48,514.68,280
2024-05-04,Roubaix,Magasin,Électroménager,Aspirateur,3,191.18,0.0,573.54,289.65,121
2024-05-04,Roubaix,Magasin,Mode,Veste hiver,2,655.99,0.1,1180.78,516.96,217
2024-05-04,Tourcoing,Magasin,Bricolage,Peinture 5L,2,609.0,0.0,1218.0,650.92,312
2024-05-05,En ligne,E-commerce,Mode,T-shirt coton,3,504.67,0.0,1514.01,600.69,135
2024-05-05,Valenciennes,Magasin,Bricolage,Boîte à outils,1,83.21,0.0,83.21,22.99,504
2024-05-05,Roubaix,Magasin,Électroménager,Aspirateur,1,191.18,0.0,191.18,96.55,600
2024-05-05,En ligne,E-commerce,Sport,Tapis yoga,3,658.36,0.0,1975.08,1058.13,280
2024-05-05,Lille,Magasin,Mode,Baskets ville,2,460.51,0.0,921.02,296.1,324
2024-05-05,Roubaix,Magasin,Mode,Veste hiver,3,655.99,0.0,1967.97,972.24,299
2024-05-05,Lille,Magasin,Électroménager,Cafetière,1,392.24,0.0,392.24,214.56,46
2024-05-05,Tourcoing,Magasin,Mode,Jean homme,4,272.27,0.0,1089.08,368.48,593
2024-05-05,Lille,Magasin,Sport,Maillot bain,2,350.77,0.0,701.54,398.6,327
2024-05-05,Valenciennes,Magasin,Sport,Maillot bain,1,350.77,0.0,350.77,199.3,424
2024-05-05,Valenciennes,Magasin,Mode,Baskets ville,2,460.51,0.0,921.02,296.1,440
2024-05-05,Valenciennes,Magasin,Mode,Jean homme,4,272.27,0.0,1089.08,368.48,488
2024-05-05,Lille,Magasin,Électroménager,Robot cuiseur,2,249.97,0.0,499.94,183.84,99
2024-05-05,Tourcoing,Magasin,Mode,T-shirt coton,3,504.67,0.0,1514.01,600.69,514
2024-05-05,Dunkerque,Magasin,Sport,Raquette tennis,2,706.19,0.0,1412.38,724.08,178
2024-05-05,En ligne,E-commerce,Électroménager,Robot cuiseur,1,249.97,0.0,249.97,91.92,308
2024-05-05,Valenciennes,Magasin,Mode,T-shirt coton,3,504.67,0.05,1438.31,524.99,403
2024-05-05,Roubaix,Magasin,Maison,Lampe LED,2,134.22,0.0,268.44,136.56,557
2024-05-05,Lille,Magasin,Maison,Étagère bois,1,279.59,0.0,279.59,89.12,488
2024-05-05,Tourcoing,Magasin,Maison,Couette 220x240,2,224.09,0.1,403.36,135.96,527
2024-05-05,Valenciennes,Magasin,Mode,T-shirt coton,4,504.67,0.0,2018.68,800.92,480
2024-05-06,En ligne,E-commerce,Mode,T-shirt coton,1,504.67,0.0,504.67,200.23,540
2024-05-06,Amiens,Magasin,Sport,Tapis yoga,3,658.36,0.0,1975.08,1058.13,305
2024-05-06,Tourcoing,Magasin,Électroménager,Micro-ondes,4,453.16,0.0,1812.64,686.24,186
2024-05-06,En ligne,E-commerce,Mode,Baskets ville,3,460.51,0.0,1381.53,444.15,134
2024-05-06,Roubaix,Magasin,Bricolage,Peinture 5L,3,609.0,0.0,1827.0,976.38,42
2024-05-06,Lille,Magasin,Mode,Veste hiver,4,655.99,0.0,2623.96,1296.32,522
2024-05-06,Dunkerque,Magasin,Bricolage,Perceuse,1,105.66,0.0,105.66,21.7,363
2024-05-06,Dunkerque,Magasin,Électroménager,Micro-ondes,2,453.16,0.05,861.0,297.8,271
2024-05-06,Lille,Magasin,Sport,Chaussures running,4,569.53,0.0,2278.12,1240.8,422
2024-05-06,Roubaix,Magasin,Sport,Vélo VTT,1,545.21,0.0,545.21,234.5,193
2024-05-06,Tourcoing,Magasin,Maison,Étagère bois,4,279.59,0.0,1118.36,356.48,495
2024-05-07,Roubaix,Magasin,Mode,Pull laine,5,884.49,0.0,4422.45,2480.3,466
2024-05-07,Dunkerque,Magasin,Électroménager,Micro-ondes,4,453.16,0.0,1812.64,686.24,301
2024-05-07,Dunkerque,Magasin,Maison,Canapé 3 places,3,246.23,0.0,738.69,170.64,483
2024-05-07,Roubaix,Magasin,Bricolage,Tournevis set,4,636.28,0.05,2417.86,1154.5,253
2024-05-07,Roubaix,Magasin,Mode,T-shirt coton,3,504.67,0.1,1362.61,449.29,508
2024-05-07,En ligne,E-commerce,Sport,Ballon foot,3,100.1,0.0,300.3,173.7,570
2024-05-07,Valenciennes,Magasin,Bricolage,Tournevis set,3,636.28,0.0,1908.84,961.32,223
2024-05-07,Valenciennes,Magasin,Sport,Tapis yoga,1,658.36,0.0,658.36,352.71,595
2024-05-07,En ligne,E-commerce,Mode,Veste hiver,1,655.99,0.0,655.99,324.08,455
2024-05-07,Amiens,Magasin,Maison,Étagère bois,1,279.59,0.05,265.61,75.14,446
2024-05-07,Dunkerque,Magasin,Sport,Ballon foot,2,100.1,0.0,200.2,115.8,207
2024-05-07,Amiens,Magasin,Sport,Vélo VTT,5,545.21,0.0,2726.05,1172.5,188
2024-05-07,Lille,Magasin,Sport,Maillot bain,1,350.77,0.0,350.77,199.3,211
2024-05-07,En ligne,E-commerce,Mode,Pull laine,5,884.49,0.0,4422.45,2480.3,493
2024-05-08,Lille,Magasin,Sport,Vélo VTT,1,545.21,0.0,545.21,234.5,422
2024-05-08,Tourcoing,Magasin,Électroménager,Micro-ondes,3,453.16,0.0,1359.48,514.68,275
2024-05-08,En ligne,E-commerce,Sport,Vélo VTT,2,545.21,0.0,1090.42,469.0,342
2024-05-08,Dunkerque,Magasin,Sport,Tapis yoga,2,658.36,0.0,1316.72,705.42,578
2024-05-08,Dunkerque,Magasin,Électroménager,Aspirateur,1,191.18,0.1,172.06,77.43,449
2024-05-08,Tourcoing,Magasin,Mode,Pull laine,1,884.49,0.0,884.49,496.06,511
2024-05-08,Valenciennes,Magasin,Mode,Jean homme,1,272.27,0.0,272.27,92.12,560
2024-05-08,Roubaix,Magasin,Sport,Raquette tennis,1,706.19,0.1,635.57,291.42,377
2024-05-08,Valenciennes,Magasin,Mode,Veste hiver,1,655.99,0.05,623.19,291.28,192
2024-05-08,Roubaix,Magasin,Bricolage,Boîte à outils,4,83.21,0.0,332.84,91.96,354
2024-05-08,Roubaix,Magasin,Sport,Ballon foot,1,100.1,0.0,100.1,57.9,210
2024-05-08,Tourcoing,Magasin,Sport,Maillot bain,3,350.77,0.05,999.69,545.28,380
2024-05-08,Lille,Magasin,Maison,Set casseroles,2,706.85,0.0,1413.7,815.34,449
2024-05-09,En ligne,E-commerce,Électroménager,Robot cuiseur,2,249.97,0.0,499.94,183.84,542
2024-05-09,Dunkerque,Magasin,Maison,Couette 220x240,2,224.09,0.0,448.18,180.78,43
2024-05-09,Amiens,Magasin,Électroménager,Aspirateur,1,191.18,0.0,191.18,96.55,442
2024-05-09,Valenciennes,Magasin,Sport,Chaussures running,1,569.53,0.0,569.53,310.2,578
2024-05-09,Amiens,Magasin,Mode,T-shirt coton,2,504.67,0.05,958.87,349.99,32
2024-05-09,Amiens,Magasin,Maison,Couette 220x240,4,224.09,0.0,896.36,361.56,171
2024-05-09,Lille,Magasin,Bricolage,Échelle alu,4,354.67,0.0,1418.68,673.6,182
2024-05-09,Dunkerque,Magasin,Électroménager,Réfrigérateur,4,387.37,0.0,1549.48,451.12,277
2024-05-09,Lille,Magasin,Mode,Jean homme,1,272.27,0.0,272.27,92.12,71
2024-05-09,En ligne,E-commerce,Mode,Baskets ville,4,460.51,0.0,1842.04,592.2,11
2024-05-09,Lille,Magasin,Électroménager,Bouilloire,1,726.04,0.0,726.04,392.3,271
2024-05-09,Lille,Magasin,Bricolage,Peinture 5L,1,609.0,0.0,609.0,325.46,177
2024-05-09,Dunkerque,Magasin,Bricolage,Boîte à outils,5,83.21,0.0,416.05,114.95,114
2024-05-09,Tourcoing,Magasin,Électroménager,Micro-ondes,4,453.16,0.2,1450.11,323.71,20
2024-05-09,Tourcoing,Magasin,Électroménager,Aspirateur,2,191.18,0.0,382.36,193.1,221
2024-05-09,Dunkerque,Magasin,Maison,Rideau occultant,3,101.21,0.0,303.63,134.67,123
2024-05-09,En ligne,E-commerce,Électroménager,Robot cuiseur,2,249.97,0.0,499.94,183.84,118
2024-05-09,Lille,Magasin,Bricolage,Peinture 5L,2,609.0,0.0,1218.0,650.92,13
2024-05-09,Roubaix,Magasin,Maison,Rideau occultant,3,101.21,0.1,273.27,104.31,24
2024-05-09,Dunkerque,Magasin,Mode,T-shirt coton,5,504.67,0.1,2271.02,748.82,472
2024-05-09,En ligne,E-commerce,Sport,Maillot bain,2,350.77,0.0,701.54,398.6,484
2024-05-10,Valenciennes,Magasin,Mode,Baskets ville,1,460.51,0.0,460.51,148.05,136
2024-05-10,En ligne,E-commerce,Mode,Jean homme,1,272.27,0.0,272.27,92.12,162
2024-05-10,Roubaix,Magasin,Sport,Chaussures running,3,569.53,0.0,1708.59,930.6,323
2024-05-10,Lille,Magasin,Bricolage,Peinture 5L,3,609.0,0.0,1827.0,976.38,596
2024-05-10,Amiens,Magasin,Maison,Couette 220x240,4,224.09,0.0,896.36,361.56,583
2024-05-10,Roubaix,Magasin,Électroménager,Aspirateur,4,191.18,0.0,764.72,386.2,302
2024-05-10,Lille,Magasin,Mode,Baskets ville,2,460.51,0.0,921.02,296.1,396
2024-05-10,Tourcoing,Magasin,Maison,Couette 220x240,3,224.09,0.0,672.27,271.17,295
2024-05-10,Roubaix,Magasin,Bricolage,Perceuse,2,105.66,0.05,200.75,32.83,215
2024-05-10,Dunkerque,Magasin,Mode,Robe été,4,296.52,0.0,1186.08,289.84,137
2024-05-10,Amiens,Magasin,Maison,Étagère bois,1,279.59,0.0,279.59,89.12,448
2024-05-10,Roubaix,Magasin,Sport,Tapis yoga,2,658.36,0.0,1316.72,705.42,180
2024-05-10,Tourcoing,Magasin,Électroménager,Cafetière,3,392.24,0.0,1176.72,643.68,535
2024-05-10,Dunkerque,Magasin,Mode,T-shirt coton,1,504.67,0.0,504.67,200.23,90
2024-05-10,Amiens,Magasin,Sport,Maillot bain,3,350.77,0.0,1052.31,597.9,37
2024-05-10,Dunkerque,Magasin,Électroménager,Aspirateur,2,191.18,0.05,363.24,173.98,515
2024-05-10,Valenciennes,Magasin,Sport,Raquette tennis,1,706.19,0.0,706.19,362.04,554
2024-05-11,En ligne,E-commerce,Maison,Canapé 3 places,1,246.23,0.0,246.23,56.88,77
2024-05-11,Amiens,Magasin,Maison,Lampe LED,4,134.22,0.0,536.88,273.12,271
2024-05-11,Lille,Magasin,Sport,Chaussures running,2,569.53,0.0,1139.06,620.4,590
2024-05-11,Dunkerque,Magasin,Sport,Raquette tennis,1,706.19,0.0,706.19,362.04,170
2024-05-11,Lille,Magasin,Mode,Veste hiver,1,655.99,0.0,655.99,324.08,118
2024-05-11,En ligne,E-commerce,Bricolage,Perceuse,2,105.66,0.0,211.32,43.4,89
2024-05-11,Tourcoing,Magasin,Sport,Maillot bain,1,350.77,0.05,333.23,181.76,168
2024-05-11,Lille,Magasin,Maison,Étagère bois,5,279.59,0.0,1397.95,445.6,599
2024-05-11,Amiens,Magasin,Mode,Baskets ville,1,460.51,0.0,460.51,148.05,515
2024-05-11,Dunkerque,Magasin,Bricolage,Boîte à outils,4,83.21,0.05,316.2,75.32,556
2024-05-11,Dunkerque,Magasin,Sport,Haltères 10kg,4,98.3,0.0,393.2,170.8,76
2024-05-11,Lille,Magasin,Électroménager,Micro-ondes,5,453.16,0.0,2265.8,857.8,140
2024-05-11,Tourcoing,Magasin,Mode,Baskets ville,1,460.51,0.0,460.51,148.05,236
2024-05-11,Valenciennes,Magasin,Bricolage,Perceuse,4,105.66,0.0,422.64,86.8,269
2024-05-11,En ligne,E-commerce,Électroménager,Réfrigérateur,3,387.37,0.0,1162.11,338.34,478
2024-05-12,Tourcoing,Magasin,Électroménager,Aspirateur,4,191.18,0.05,726.48,347.96,329
2024-05-12,Lille,Magasin,Maison,Étagère bois,4,279.59,0.0,1118.36,356.48,81
2024-05-12,En ligne,E-commerce,Électroménager,Robot cuiseur,2,249.97,0.05,474.94,158.84,95
2024-05-12,Valenciennes,Magasin,Maison,Set casseroles,3,706.85,0.0,2120.55,1223.01,237
2024-05-12,Lille,Magasin,Électroménager,Micro-ondes,6,453.16,0.2,2175.17,485.57,547
2024-05-12,Amiens,Magasin,Sport,Tapis yoga,3,658.36,0.0,1975.08,1058.13,29
2024-05-12,Tourcoing,Magasin,Maison,Couette 220x240,3,224.09,0.0,672.27,271.17,427
2024-05-12,Lille,Magasin,Bricolage,Boîte à outils,3,83.21,0.05,237.15,56.49,208
2024-05-12,Valenciennes,Magasin,Électroménager,Aspirateur,2,191.18,0.0,382.36,193.1,114
2024-05-12,Amiens,Magasin,Électroménager,Micro-ondes,3,453.16,0.0,1359.48,514.68,276
2024-05-12,Roubaix,Magasin,Électroménager,Robot cuiseur,4,249.97,0.0,999.88,367.68,345
2024-05-12,Lille,Magasin,Sport,Vélo VTT,3,545.21,0.0,1635.63,703.5,437
2024-05-12,Tourcoing,Magasin,Sport,Vélo VTT,4,545.21,0.0,2180.84,938.0,156
2024-05-12,Roubaix,Magasin,Bricolage,Peinture 5L,1,609.0,0.0,609.0,325.46,199
2024-05-12,Dunkerque,Magasin,Sport,Vélo VTT,1,545.21,0.0,545.21,234.5,331
2024-05-12,Dunkerque,Magasin,Mode,Jean homme,5,272.27,0.05,1293.28,392.53,553
2024-05-12,Lille,Magasin,Bricolage,Échelle alu,2,354.67,0.0,709.34,336.8,222
2024-05-12,Amiens,Magasin,Bricolage,Perceuse,1,105.66,0.1,95.09,11.13,451
2024-05-12,Lille,Magasin,Bricolage,Perceuse,4,105.66,0.1,380.38,44.54,11
2024-05-12,Tourcoing,Magasin,Électroménager,Cafetière,5,392.24,0.0,1961.2,1072.8,187
2024-05-12,Dunkerque,Magasin,Mode,T-shirt coton,4,504.67,0.0,2018.68,800.92,273
2024-05-12,Tourcoing,Magasin,Sport,Maillot bain,3,350.77,0.0,1052.31,597.9,363
2024-05-12,Roubaix,Magasin,Sport,Raquette tennis,3,706.19,0.05,2012.64,980.19,192
2024-05-13,Lille,Magasin,Maison,Set casseroles,5,706.85,0.05,3357.54,1861.64,275
2024-05-13,Dunkerque,Magasin,Électroménager,Robot cuiseur,3,249.97,0.0,749.91,275.76,148
2024-05-13,Dunkerque,Magasin,Sport,Chaussures running,5,569.53,0.0,2847.65,1551.0,84
2024-05-13,Lille,Magasin,Bricolage,Peinture 5L,3,609.0,0.0,1827.0,976.38,308
2024-05-13,Amiens,Magasin,Mode,T-shirt coton,6,504.67,0.0,3028.02,1201.38,306
2024-05-13,Tourcoing,Magasin,Maison,Étagère bois,6,279.59,0.0,1677.54,534.72,480
2024-05-13,Valenciennes,Magasin,Bricolage,Échelle alu,3,354.67,0.0,1064.01,505.2,173
2024-05-13,En ligne,E-commerce,Mode,Veste hiver,2,655.99,0.05,1246.38,582.56,213
2024-05-13,Roubaix,Magasin,Maison,Lampe LED,2,134.22,0.0,268.44,136.56,100
2024-05-13,Lille,Magasin,Électroménager,Réfrigérateur,3,387.37,0.0,1162.11,338.34,147
2024-05-13,Dunkerque,Magasin,Électroménager,Robot cuiseur,3,249.97,0.0,749.91,275.76,339
2024-05-13,Dunkerque,Magasin,Mode,Veste hiver,1,655.99,0.0,655.99,324.08,34
2024-05-13,Tourcoing,Magasin,Électroménager,Robot cuiseur,4,249.97,0.0,999.88,367.68,396
2024-05-13,Roubaix,Magasin,Maison,Étagère bois,4,279.59,0.0,1118.36,356.48,233
2024-05-13,Tourcoing,Magasin,Sport,Raquette tennis,2,706.19,0.0,1412.38,724.08,278
2024-05-13,Roubaix,Magasin,Mode,Robe été,3,296.52,0.0,889.56,217.38,21
2024-05-14,Dunkerque,Magasin,Électroménager,Robot cuiseur,3,249.97,0.0,749.91,275.76,532
2024-05-14,Dunkerque,Magasin,Sport,Tapis yoga,1,658.36,0.0,658.36,352.71,333
2024-05-14,Amiens,Magasin,Électroménager,Bouilloire,2,726.04,0.0,1452.08,784.6,352
2024-05-14,Lille,Magasin,Sport,Tapis yoga,4,658.36,0.0,2633.44,1410.84,39
2024-05-14,En ligne,E-commerce,Bricolage,Peinture 5L,2,609.0,0.0,1218.0,650.92,53
2024-05-14,Lille,Magasin,Mode,Robe été,5,296.52,0.0,1482.6,362.3,234
2024-05-14,En ligne,E-commerce,Électroménager,Cafetière,2,392.24,0.0,784.48,429.12,218
2024-05-14,Dunkerque,Magasin,Bricolage,Boîte à outils,3,83.21,0.0,249.63,68.97,349
2024-05-14,Amiens,Magasin,Bricolage,Tournevis set,5,636.28,0.0,3181.4,1602.2,147
2024-05-14,Dunkerque,Magasin,Maison,Set casseroles,4,706.85,0.0,2827.4,1630.68,220
2024-05-14,Amiens,Magasin,Sport,Maillot bain,3,350.77,0.05,999.69,545.28,25
2024-05-14,Roubaix,Magasin,Électroménager,Cafetière,1,392.24,0.0,392.24,214.56,456
2024-05-14,Roubaix,Magasin,Mode,Pull laine,3,884.49,0.0,2653.47,1488.18,177
2024-05-14,Lille,Magasin,Électroménager,Réfrigérateur,3,387.37,0.0,1162.11,338.34,223
2024-05-15,En ligne,E-commerce,Maison,Lampe LED,4,134.22,0.2,429.5,165.74,496
2024-05-15,Roubaix,Magasin,Bricolage,Boîte à outils,1,83.21,0.0,83.21,22.99,210
2024-05-15,Lille,Magasin,Sport,Vélo VTT,5,545.21,0.0,2726.05,1172.5,13
2024-05-15,Lille,Magasin,Maison,Couette 220x240,2,224.09,0.0,448.18,180.78,533
2024-05-15,Roubaix,Magasin,Maison,Set casseroles,3,706.85,0.0,2120.55,1223.01,78
2024-05-15,Amiens,Magasin,Sport,Haltères 10kg,3,98.3,0.0,294.9,128.1,396
2024-05-15,Valenciennes,Magasin,Électroménager,Réfrigérateur,1,387.37,0.0,387.37,112.78,148
2024-05-15,Lille,Magasin,Mode,Robe été,5,296.52,0.0,1482.6,362.3,550
2024-05-15,En ligne,E-commerce,Électroménager,Réfrigérateur,2,387.37,0.0,774.74,225.56,396
2024-05-15,En ligne,E-commerce,Sport,Raquette tennis,4,706.19,0.0,2824.76,1448.16,550
2024-05-15,Amiens,Magasin,Sport,Raquette tennis,2,706.19,0.0,1412.38,724.08,464
2024-05-15,En ligne,E-commerce,Bricolage,Échelle alu,3,354.67,0.0,1064.01,505.2,398
2024-05-15,Roubaix,Magasin,Sport,Maillot bain,1,350.77,0.0,350.77,199.3,576
2024-05-15,Amiens,Magasin,Sport,Tapis yoga,2,658.36,0.0,1316.72,705.42,537
2024-05-15,Roubaix,Magasin,Électroménager,Micro-ondes,1,453.16,0.0,453.16,171.56,517
2024-05-15,Roubaix,Magasin,Mode,T-shirt coton,1,504.67,0.0,504.67,200.23,308
2024-05-15,Roubaix,Magasin,Mode,Veste hiver,1,655.99,0.0,655.99,324.08,31
2024-05-15,Dunkerque,Magasin,Mode,Pull laine,2,884.49,0.0,1768.98,992.12,234
2024-05-15,Dunkerque,Magasin,Électroménager,Robot cuiseur,3,249.97,0.0,749.91,275.76,495
2024-05-16,En ligne,E-commerce,Maison,Lampe LED,6,134.22,0.0,805.32,409.68,200
2024-05-16,Tourcoing,Magasin,Sport,Maillot bain,5,350.77,0.0,1753.85,996.5,594
2024-05-16,Valenciennes,Magasin,Sport,Raquette tennis,5,706.19,0.0,3530.95,1810.2,113
2024-05-16,Lille,Magasin,Maison,Étagère bois,5,279.59,0.0,1397.95,445.6,4
2024-05-16,Roubaix,Magasin,Bricolage,Perceuse,1,105.66,0.0,105.66,21.7,182
2024-05-16,Valenciennes,Magasin,Maison,Rideau occultant,2,101.21,0.05,192.3,79.66,20
2024-05-16,Lille,Magasin,Maison,Canapé 3 places,3,246.23,0.0,738.69,170.64,84
2024-05-16,En ligne,E-commerce,Sport,Raquette tennis,1,706.19,0.0,706.19,362.04,350
2024-05-16,Tourcoing,Magasin,Sport,Maillot bain,2,350.77,0.05,666.46,363.52,396
2024-05-16,Lille,Magasin,Sport,Tapis yoga,4,658.36,0.0,2633.44,1410.84,555
2024-05-16,Dunkerque,Magasin,Sport,Haltères 10kg,1,98.3,0.0,98.3,42.7,491
2024-05-16,En ligne,E-commerce,Sport,Raquette tennis,2,706.19,0.05,1341.76,653.46,27
2024-05-17,Lille,Magasin,Bricolage,Boîte à outils,1,83.21,0.05,79.05,18.83,268
2024-05-17,Lille,Magasin,Électroménager,Micro-ondes,1,453.16,0.0,453.16,171.56,46
2024-05-17,Dunkerque,Magasin,Mode,Robe été,4,296.52,0.0,1186.08,289.84,126
2024-05-17,En ligne,E-commerce,Maison,Étagère bois,4,279.59,0.0,1118.36,356.48,71
2024-05-17,Tourcoing,Magasin,Bricolage,Boîte à outils,1,83.21,0.0,83.21,22.99,11
2024-05-17,Lille,Magasin,Sport,Haltères 10kg,1,98.3,0.05,93.38,37.78,540
2024-05-17,Tourcoing,Magasin,Mode,Jean homme,2,272.27,0.0,544.54,184.24,580
2024-05-17,Valenciennes,Magasin,Sport,Raquette tennis,2,706.19,0.0,1412.38,724.08,23
2024-05-17,Lille,Magasin,Bricolage,Peinture 5L,3,609.0,0.0,1827.0,976.38,348
2024-05-17,Lille,Magasin,Mode,Robe été,1,296.52,0.0,296.52,72.46,525
2024-05-17,En ligne,E-commerce,Mode,Jean homme,3,272.27,0.0,816.81,276.36,205
2024-05-17,Amiens,Magasin,Mode,Robe été,1,296.52,0.0,296.52,72.46,38
2024-05-17,Tourcoing,Magasin,Sport,Chaussures running,2,569.53,0.0,1139.06,620.4,472
2024-05-18,Lille,Magasin,Sport,Raquette tennis,4,706.19,0.0,2824.76,1448.16,335
2024-05-18,Lille,Magasin,Sport,Tapis yoga,2,658.36,0.0,1316.72,705.42,323
2024-05-18,Dunkerque,Magasin,Sport,Vélo VTT,5,545.21,0.0,2726.05,1172.5,214
2024-05-18,Dunkerque,Magasin,Bricolage,Échelle alu,2,354.67,0.0,709.34,336.8,17
2024-05-18,Roubaix,Magasin,Sport,Raquette tennis,3,706.19,0.05,2012.64,980.19,39
2024-05-18,Lille,Magasin,Bricolage,Peinture 5L,2,609.0,0.0,1218.0,650.92,334
2024-05-18,Tourcoing,Magasin,Électroménager,Cafetière,1,392.24,0.05,372.63,194.95,121
2024-05-18,Roubaix,Magasin,Maison,Set casseroles,3,706.85,0.0,2120.55,1223.01,288
2024-05-18,En ligne,E-commerce,Sport,Haltères 10kg,1,98.3,0.0,98.3,42.7,470
2024-05-18,En ligne,E-commerce,Électroménager,Cafetière,5,392.24,0.1,1765.08,876.68,221
2024-05-18,Dunkerque,Magasin,Sport,Raquette tennis,2,706.19,0.0,1412.38,724.08,109
2024-05-18,Lille,Magasin,Bricolage,Tournevis set,1,636.28,0.0,636.28,320.44,145
2024-05-18,Dunkerque,Magasin,Maison,Étagère bois,4,279.59,0.0,1118.36,356.48,267
2024-05-18,Tourcoing,Magasin,Sport,Maillot bain,3,350.77,0.0,1052.31,597.9,234
2024-05-18,Valenciennes,Magasin,Mode,Pull laine,6,884.49,0.1,4776.25,2445.67,528
2024-05-19,Amiens,Magasin,Maison,Rideau occultant,3,101.21,0.0,303.63,134.67,145
2024-05-19,Lille,Magasin,Maison,Canapé 3 places,2,246.23,0.0,492.46,113.76,61
2024-05-19,Lille,Magasin,Mode,T-shirt coton,3,504.67,0.0,1514.01,600.69,260
2024-05-19,Roubaix,Magasin,Électroménager,Cafetière,2,392.24,0.0,784.48,429.12,211
2024-05-19,Dunkerque,Magasin,Maison,Canapé 3 places,4,246.23,0.0,984.92,227.52,592
2024-05-19,Valenciennes,Magasin,Électroménager,Micro-ondes,2,453.16,0.05,861.0,297.8,598
2024-05-19,Dunkerque,Magasin,Mode,Baskets ville,2,460.51,0.0,921.02,296.1,102
2024-05-19,Dunkerque,Magasin,Sport,Maillot bain,2,350.77,0.0,701.54,398.6,206
2024-05-19,Lille,Magasin,Électroménager,Robot cuiseur,3,249.97,0.05,712.41,238.26,55
2024-05-19,Tourcoing,Magasin,Bricolage,Échelle alu,5,354.67,0.05,1684.68,753.33,158
2024-05-19,Lille,Magasin,Sport,Vélo VTT,4,545.21,0.05,2071.8,828.96,67
2024-05-19,Valenciennes,Magasin,Sport,Maillot bain,4,350.77,0.0,1403.08,797.2,144
2024-05-19,Lille,Magasin,Bricolage,Tournevis set,3,636.28,0.0,1908.84,961.32,491
2024-05-19,Roubaix,Magasin,Sport,Chaussures running,3,569.53,0.0,1708.59,930.6,471
2024-05-19,Roubaix,Magasin,Bricolage,Tournevis set,2,636.28,0.0,1272.56,640.88,244
2024-05-19,Roubaix,Magasin,Électroménager,Aspirateur,2,191.18,0.1,344.12,154.86,274
2024-05-19,Lille,Magasin,Mode,Pull laine,1,884.49,0.0,884.49,496.06,58
2024-05-19,Valenciennes,Magasin,Bricolage,Peinture 5L,4,609.0,0.1,2192.4,1058.24,59
2024-05-19,Valenciennes,Magasin,Mode,T-shirt coton,1,504.67,0.0,504.67,200.23,235
2024-05-19,Lille,Magasin,Électroménager,Cafetière,1,392.24,0.0,392.24,214.56,331
2024-05-20,Amiens,Magasin,Électroménager,Cafetière,1,392.24,0.0,392.24,214.56,421
2024-05-20,Valenciennes,Magasin,Sport,Haltères 10kg,4,98.3,0.0,393.2,170.8,330
2024-05-20,Tourcoing,Magasin,Maison,Couette 220x240,4,224.09,0.0,896.36,361.56,8
2024-05-20,Dunkerque,Magasin,Bricolage,Échelle alu,4,354.67,0.1,1276.81,531.73,453
2024-05-20,Roubaix,Magasin,Mode,Baskets ville,6,460.51,0.0,2763.06,888.3,323
2024-05-20,Lille,Magasin,Sport,Tapis yoga,4,658.36,0.05,2501.77,1279.17,266
2024-05-20,Amiens,Magasin,Maison,Couette 220x240,3,224.09,0.05,638.66,237.56,403
2024-05-20,Tourcoing,Magasin,Mode,Veste hiver,4,655.99,0.0,2623.96,1296.32,550
2024-05-20,Dunkerque,Magasin,Maison,Set casseroles,3,706.85,0.1,1908.5,1010.96,330
2024-05-20,Dunkerque,Magasin,Électroménager,Cafetière,1,392.24,0.0,392.24,214.56,4
2024-05-20,Lille,Magasin,Mode,Jean homme,5,272.27,0.0,1361.35,460.6,376
2024-05-20,Amiens,Magasin,Électroménager,Robot cuiseur,1,249.97,0.0,249.97,91.92,346
2024-05-20,Roubaix,Magasin,Bricolage,Perceuse,4,105.66,0.0,422.64,86.8,423
2024-05-20,Amiens,Magasin,Mode,T-shirt coton,1,504.67,0.0,504.67,200.23,254
2024-05-20,Lille,Magasin,Maison,Couette 220x240,3,224.09,0.0,672.27,271.17,112
2024-05-20,Valenciennes,Magasin,Mode,Jean homme,1,272.27,0.2,217.82,37.67,209
2024-05-20,Tourcoing,Magasin,Maison,Couette 220x240,1,224.09,0.0,224.09,90.39,170
2024-05-20,Valenciennes,Magasin,Maison,Étagère bois,4,279.59,0.0,1118.36,356.48,594
2024-05-20,Valenciennes,Magasin,Sport,Chaussures running,3,569.53,0.0,1708.59,930.6,416
2024-05-20,Roubaix,Magasin,Sport,Raquette tennis,1,706.19,0.0,706.19,362.04,269
2024-05-20,Lille,Magasin,Mode,Jean homme,2,272.27,0.0,544.54,184.24,72
2024-05-20,Dunkerque,Magasin,Bricolage,Tournevis set,2,636.28,0.0,1272.56,640.88,211
2024-05-21,Dunkerque,Magasin,Mode,Jean homme,1,272.27,0.0,272.27,92.12,234
2024-05-21,En ligne,E-commerce,Bricolage,Peinture 5L,1,609.0,0.0,609.0,325.46,382
2024-05-21,Amiens,Magasin,Électroménager,Aspirateur,4,191.18,0.0,764.72,386.2,3
2024-05-21,Valenciennes,Magasin,Sport,Chaussures running,6,569.53,0.0,3417.18,1861.2,324
2024-05-21,Lille,Magasin,Électroménager,Micro-ondes,3,453.16,0.0,1359.48,514.68,509
2024-05-21,Lille,Magasin,Sport,Maillot bain,3,350.77,0.05,999.69,545.28,89
2024-05-21,Tourcoing,Magasin,Bricolage,Boîte à outils,3,83.21,0.2,199.7,19.04,189
2024-05-21,Lille,Magasin,Sport,Chaussures running,2,569.53,0.0,1139.06,620.4,183
2024-05-21,En ligne,E-commerce,Bricolage,Tournevis set,2,636.28,0.0,1272.56,640.88,11
2024-05-21,Roubaix,Magasin,Bricolage,Boîte à outils,2,83.21,0.0,166.42,45.98,361
2024-05-21,Dunkerque,Magasin,Bricolage,Tournevis set,3,636.28,0.0,1908.84,961.32,241
2024-05-21,Valenciennes,Magasin,Mode,Baskets ville,1,460.51,0.0,460.51,148.05,587
2024-05-21,Roubaix,Magasin,Électroménager,Robot cuiseur,3,249.97,0.0,749.91,275.76,473
2024-05-21,En ligne,E-commerce,Bricolage,Perceuse,1,105.66,0.0,105.66,21.7,370
2024-05-21,Lille,Magasin,Maison,Étagère bois,2,279.59,0.0,559.18,178.24,9
2024-05-22,Dunkerque,Magasin,Électroménager,Réfrigérateur,2,387.37,0.05,736.0,186.82,517
2024-05-22,En ligne,E-commerce,Électroménager,Réfrigérateur,5,387.37,0.0,1936.85,563.9,568
2024-05-22,Roubaix,Magasin,Mode,Jean homme,3,272.27,0.05,775.97,235.52,63
2024-05-22,Amiens,Magasin,Mode,Jean homme,2,272.27,0.0,544.54,184.24,148
2024-05-22,Dunkerque,Magasin,Bricolage,Boîte à outils,2,83.21,0.0,166.42,45.98,234
2024-05-22,En ligne,E-commerce,Mode,T-shirt coton,2,504.67,0.0,1009.34,400.46,529
2024-05-22,Amiens,Magasin,Sport,Maillot bain,1,350.77,0.0,350.77,199.3,54
2024-05-22,Roubaix,Magasin,Maison,Canapé 3 places,3,246.23,0.2,590.95,22.9,57
2024-05-22,En ligne,E-commerce,Mode,T-shirt coton,3,504.67,0.05,1438.31,524.99,12
2024-05-22,Tourcoing,Magasin,Électroménager,Robot cuiseur,5,249.97,0.0,1249.85,459.6,536
2024-05-22,Roubaix,Magasin,Maison,Lampe LED,6,134.22,0.0,805.32,409.68,10
2024-05-22,En ligne,E-commerce,Bricolage,Échelle alu,3,354.67,0.0,1064.01,505.2,521
2024-05-22,Roubaix,Magasin,Bricolage,Perceuse,4,105.66,0.0,422.64,86.8,61
2024-05-22,Dunkerque,Magasin,Électroménager,Cafetière,5,392.24,0.0,1961.2,1072.8,367
2024-05-22,Roubaix,Magasin,Sport,Haltères 10kg,3,98.3,0.0,294.9,128.1,197
2024-05-22,Lille,Magasin,Bricolage,Boîte à outils,4,83.21,0.0,332.84,91.96,145
2024-05-23,Tourcoing,Magasin,Maison,Rideau occultant,1,101.21,0.05,96.15,39.83,183
2024-05-23,Lille,Magasin,Maison,Lampe LED,5,134.22,0.0,671.1,341.4,390
2024-05-23,Roubaix,Magasin,Sport,Vélo VTT,1,545.21,0.05,517.95,207.24,262
2024-05-23,Amiens,Magasin,Électroménager,Aspirateur,3,191.18,0.0,573.54,289.65,453
2024-05-23,Lille,Magasin,Électroménager,Robot cuiseur,3,249.97,0.1,674.92,200.77,588
2024-05-23,Tourcoing,Magasin,Sport,Tapis yoga,4,658.36,0.0,2633.44,1410.84,199
2024-05-23,En ligne,E-commerce,Sport,Maillot bain,1,350.77,0.0,350.77,199.3,554
2024-05-23,Lille,Magasin,Électroménager,Micro-ondes,2,453.16,0.0,906.32,343.12,583
2024-05-23,En ligne,E-commerce,Sport,Maillot bain,1,350.77,0.0,350.77,199.3,301
2024-05-23,En ligne,E-commerce,Électroménager,Robot cuiseur,2,249.97,0.1,449.95,133.85,166
2024-05-23,Valenciennes,Magasin,Bricolage,Perceuse,4,105.66,0.0,422.64,86.8,304
2024-05-23,Amiens,Magasin,Sport,Vélo VTT,2,545.21,0.0,1090.42,469.0,353
2024-05-23,Valenciennes,Magasin,Électroménager,Aspirateur,2,191.18,0.0,382.36,193.1,103
2024-05-23,Lille,Magasin,Électroménager,Bouilloire,4,726.04,0.0,2904.16,1569.2,384
2024-05-23,Tourcoing,Magasin,Mode,Robe été,1,296.52,0.0,296.52,72.46,492
2024-05-23,Amiens,Magasin,Mode,Robe été,4,296.52,0.0,1186.08,289.84,343
2024-05-23,Amiens,Magasin,Électroménager,Robot cuiseur,3,249.97,0.0,749.91,275.76,75
2024-05-24,Dunkerque,Magasin,Bricolage,Peinture 5L,1,609.0,0.0,609.0,325.46,25
2024-05-24,Dunkerque,Magasin,Sport,Raquette tennis,2,706.19,0.0,1412.38,724.08,34
2024-05-24,Lille,Magasin,Mode,Pull laine,3,884.49,0.0,2653.47,1488.18,286
2024-05-24,Lille,Magasin,Maison,Set casseroles,1,706.85,0.0,706.85,407.67,175
2024-05-24,Lille,Magasin,Mode,Robe été,3,296.52,0.0,889.56,217.38,401
2024-05-24,Dunkerque,Magasin,Maison,Rideau occultant,1,101.21,0.0,101.21,44.89,393
2024-05-24,Tourcoing,Magasin,Sport,Raquette tennis,1,706.19,0.0,706.19,362.04,45
2024-05-24,Dunkerque,Magasin,Maison,Étagère bois,1,279.59,0.1,251.63,61.16,443
2024-05-24,Lille,Magasin,Sport,Chaussures running,1,569.53,0.0,569.53,310.2,493
2024-05-24,Tourcoing,Magasin,Sport,Haltères 10kg,3,98.3,0.0,294.9,128.1,548
2024-05-24,Valenciennes,Magasin,Maison,Lampe LED,3,134.22,0.1,362.39,164.57,121
2024-05-24,Lille,Magasin,Mode,T-shirt coton,2,504.67,0.0,1009.34,400.46,585
2024-05-24,Lille,Magasin,Sport,Maillot bain,3,350.77,0.2,841.85,387.44,385
2024-05-24,Valenciennes,Magasin,Électroménager,Bouilloire,4,726.04,0.0,2904.16,1569.2,596
2024-05-24,Dunkerque,Magasin,Bricolage,Peinture 5L,3,609.0,0.1,1644.3,793.68,309
2024-05-24,Dunkerque,Magasin,Maison,Étagère bois,2,279.59,0.0,559.18,178.24,290
2024-05-25,Tourcoing,Magasin,Bricolage,Perceuse,5,105.66,0.0,528.3,108.5,467
2024-05-25,Amiens,Magasin,Sport,Haltères 10kg,2,98.3,0.0,196.6,85.4,597
2024-05-25,Roubaix,Magasin,Électroménager,Bouilloire,1,726.04,0.0,726.04,392.3,177
2024-05-25,Tourcoing,Magasin,Maison,Canapé 3 places,4,246.23,0.0,984.92,227.52,414
2024-05-25,Amiens,Magasin,Sport,Vélo VTT,1,545.21,0.0,545.21,234.5,174
2024-05-25,Roubaix,Magasin,Électroménager,Bouilloire,5,726.04,0.0,3630.2,1961.5,408
2024-05-25,Lille,Magasin,Électroménager,Cafetière,4,392.24,0.0,1568.96,858.24,71
2024-05-25,Valenciennes,Magasin,Bricolage,Perceuse,2,105.66,0.0,211.32,43.4,183
2024-05-25,Roubaix,Magasin,Sport,Tapis yoga,5,658.36,0.0,3291.8,1763.55,10
2024-05-25,Lille,Magasin,Électroménager,Micro-ondes,3,453.16,0.0,1359.48,514.68,408
2024-05-25,Tourcoing,Magasin,Sport,Haltères 10kg,3,98.3,0.0,294.9,128.1,135
2024-05-25,Dunkerque,Magasin,Sport,Tapis yoga,3,658.36,0.0,1975.08,1058.13,290
2024-05-25,Tourcoing,Magasin,Électroménager,Cafetière,2,392.24,0.1,706.03,350.67,523
2024-05-25,En ligne,E-commerce,Mode,Jean homme,1,272.27,0.1,245.04,64.89,115
2024-05-25,Valenciennes,Magasin,Électroménager,Cafetière,3,392.24,0.05,1117.88,584.84,549
2024-05-25,Dunkerque,Magasin,Mode,Veste hiver,2,655.99,0.0,1311.98,648.16,41
2024-05-25,Roubaix,Magasin,Sport,Chaussures running,5,569.53,0.0,2847.65,1551.0,173
2024-05-25,Lille,Magasin,Mode,Veste hiver,1,655.99,0.0,655.99,324.08,113
2024-05-25,Dunkerque,Magasin,Mode,Baskets ville,1,460.51,0.1,414.46,102.0,157
2024-05-26,Tourcoing,Magasin,Bricolage,Boîte à outils,4,83.21,0.0,332.84,91.96,598
2024-05-26,Lille,Magasin,Mode,Pull laine,4,884.49,0.0,3537.96,1984.24,253
2024-05-26,Roubaix,Magasin,Sport,Ballon foot,3,100.1,0.0,300.3,173.7,443
2024-05-26,Lille,Magasin,Mode,Pull laine,1,884.49,0.0,884.49,496.06,32
2024-05-26,Amiens,Magasin,Maison,Canapé 3 places,3,246.23,0.0,738.69,170.64,453
2024-05-26,Roubaix,Magasin,Maison,Set casseroles,3,706.85,0.0,2120.55,1223.01,162
2024-05-26,Lille,Magasin,Électroménager,Aspirateur,4,191.18,0.0,764.72,386.2,422
2024-05-27,En ligne,E-commerce,Sport,Vélo VTT,5,545.21,0.0,2726.05,1172.5,22
2024-05-27,En ligne,E-commerce,Électroménager,Robot cuiseur,4,249.97,0.05,949.89,317.69,19
2024-05-27,Lille,Magasin,Bricolage,Perceuse,4,105.66,0.1,380.38,44.54,41
2024-05-27,Dunkerque,Magasin,Maison,Étagère bois,3,279.59,0.0,838.77,267.36,503
2024-05-27,Amiens,Magasin,Mode,Jean homme,2,272.27,0.0,544.54,184.24,384
2024-05-27,Tourcoing,Magasin,Bricolage,Boîte à outils,2,83.21,0.0,166.42,45.98,163
2024-05-27,Lille,Magasin,Sport,Ballon foot,3,100.1,0.0,300.3,173.7,399
2024-05-27,Lille,Magasin,Maison,Set casseroles,5,706.85,0.0,3534.25,2038.35,505
2024-05-27,Amiens,Magasin,Électroménager,Robot cuiseur,3,249.97,0.05,712.41,238.26,237
2024-05-27,En ligne,E-commerce,Mode,Robe été,3,296.52,0.0,889.56,217.38,575
2024-05-27,Amiens,Magasin,Mode,T-shirt coton,3,504.67,0.05,1438.31,524.99,358
2024-05-27,Dunkerque,Magasin,Maison,Couette 220x240,1,224.09,0.0,224.09,90.39,467
2024-05-27,Dunkerque,Magasin,Bricolage,Échelle alu,3,354.67,0.0,1064.01,505.2,356
2024-05-27,Roubaix,Magasin,Sport,Ballon foot,2,100.1,0.0,200.2,115.8,369
2024-05-27,Roubaix,Magasin,Électroménager,Cafetière,4,392.24,0.1,1412.06,701.34,462
2024-05-27,Roubaix,Magasin,Électroménager,Réfrigérateur,4,387.37,0.0,1549.48,451.12,111
2024-05-28,Dunkerque,Magasin,Électroménager,Réfrigérateur,3,387.37,0.0,1162.11,338.34,599
2024-05-28,Dunkerque,Magasin,Maison,Couette 220x240,1,224.09,0.0,224.09,90.39,273
2024-05-28,Lille,Magasin,Mode,T-shirt coton,2,504.67,0.0,1009.34,400.46,293
2024-05-28,Lille,Magasin,Mode,Pull laine,4,884.49,0.0,3537.96,1984.24,465
2024-05-28,Amiens,Magasin,Mode,Baskets ville,2,460.51,0.0,921.02,296.1,239
2024-05-28,Dunkerque,Magasin,Sport,Vélo VTT,1,545.21,0.0,545.21,234.5,534
2024-05-28,Valenciennes,Magasin,Mode,Baskets ville,3,460.51,0.0,1381.53,444.15,566
2024-05-28,Valenciennes,Magasin,Bricolage,Boîte à outils,1,83.21,0.0,83.21,22.99,133
2024-05-28,Amiens,Magasin,Sport,Raquette tennis,4,706.19,0.05,2683.52,1306.92,256
2024-05-28,En ligne,E-commerce,Maison,Lampe LED,1,134.22,0.1,120.8,54.86,338
2024-05-28,Roubaix,Magasin,Bricolage,Perceuse,5,105.66,0.0,528.3,108.5,503
2024-05-28,Lille,Magasin,Sport,Raquette tennis,3,706.19,0.05,2012.64,980.19,283
2024-05-28,Valenciennes,Magasin,Bricolage,Échelle alu,1,354.67,0.0,354.67,168.4,340
2024-05-28,Dunkerque,Magasin,Maison,Set casseroles,2,706.85,0.0,1413.7,815.34,423
2024-05-28,Amiens,Magasin,Maison,Rideau occultant,1,101.21,0.0,101.21,44.89,392
2024-05-28,Amiens,Magasin,Mode,Jean homme,2,272.27,0.0,544.54,184.24,490
2024-05-28,Valenciennes,Magasin,Électroménager,Réfrigérateur,4,387.37,0.05,1472.01,373.65,495
2024-05-28,Amiens,Magasin,Bricolage,Tournevis set,1,636.28,0.0,636.28,320.44,251
2024-05-28,Dunkerque,Magasin,Sport,Ballon foot,3,100.1,0.0,300.3,173.7,19
2024-05-28,Lille,Magasin,Maison,Rideau occultant,2,101.21,0.0,202.42,89.78,12
2024-05-28,Dunkerque,Magasin,Sport,Ballon foot,1,100.1,0.0,100.1,57.9,510
2024-05-28,Valenciennes,Magasin,Bricolage,Boîte à outils,3,83.21,0.0,249.63,68.97,47
2024-05-28,Valenciennes,Magasin,Sport,Ballon foot,5,100.1,0.0,500.5,289.5,463
2024-05-29,En ligne,E-commerce,Électroménager,Cafetière,4,392.24,0.0,1568.96,858.24,587
2024-05-29,En ligne,E-commerce,Sport,Vélo VTT,5,545.21,0.0,2726.05,1172.5,249
2024-05-29,Dunkerque,Magasin,Bricolage,Tournevis set,4,636.28,0.0,2545.12,1281.76,94
2024-05-29,En ligne,E-commerce,Électroménager,Micro-ondes,3,453.16,0.2,1087.58,242.78,1
2024-05-29,En ligne,E-commerce,Maison,Rideau occultant,1,101.21,0.0,101.21,44.89,488
2024-05-29,Roubaix,Magasin,Électroménager,Réfrigérateur,1,387.37,0.0,387.37,112.78,249
2024-05-29,Roubaix,Magasin,Électroménager,Bouilloire,4,726.04,0.0,2904.16,1569.2,170
2024-05-29,Dunkerque,Magasin,Électroménager,Réfrigérateur,1,387.37,0.0,387.37,112.78,223
2024-05-29,Dunkerque,Magasin,Mode,Pull laine,3,884.49,0.0,2653.47,1488.18,346
2024-05-29,Lille,Magasin,Électroménager,Micro-ondes,3,453.16,0.05,1291.51,446.71,349
2024-05-29,Lille,Magasin,Sport,Tapis yoga,2,658.36,0.05,1250.88,639.58,569
2024-05-29,Valenciennes,Magasin,Mode,T-shirt coton,5,504.67,0.2,2018.68,496.48,412
2024-05-29,Valenciennes,Magasin,Bricolage,Peinture 5L,2,609.0,0.05,1157.1,590.02,384
2024-05-29,Amiens,Magasin,Mode,Pull laine,3,884.49,0.0,2653.47,1488.18,442
2024-05-29,Tourcoing,Magasin,Maison,Rideau occultant,3,101.21,0.0,303.63,134.67,442
2024-05-29,Tourcoing,Magasin,Maison,Rideau occultant,1,101.21,0.0,101.21,44.89,131
2024-05-29,Lille,Magasin,Sport,Chaussures running,1,569.53,0.0,569.53,310.2,139
2024-05-29,Dunkerque,Magasin,Mode,Pull laine,3,884.49,0.05,2520.8,1355.51,582
2024-05-29,Tourcoing,Magasin,Sport,Haltères 10kg,1,98.3,0.0,98.3,42.7,14
2024-05-29,Valenciennes,Magasin,Maison,Étagère bois,4,279.59,0.0,1118.36,356.48,527
2024-05-29,Roubaix,Magasin,Sport,Tapis yoga,1,658.36,0.0,658.36,352.71,255
2024-05-29,Dunkerque,Magasin,Mode,Robe été,4,296.52,0.0,1186.08,289.84,315
2024-05-30,Lille,Magasin,Électroménager,Robot cuiseur,4,249.97,0.0,999.88,367.68,597
2024-05-30,Valenciennes,Magasin,Électroménager,Robot cuiseur,2,249.97,0.0,499.94,183.84,89
2024-05-30,Roubaix,Magasin,Mode,Robe été,2,296.52,0.0,593.04,144.92,338
2024-05-30,Dunkerque,Magasin,Sport,Raquette tennis,2,706.19,0.0,1412.38,724.08,310
2024-05-30,En ligne,E-commerce,Électroménager,Cafetière,4,392.24,0.05,1490.51,779.79,474
2024-05-30,En ligne,E-commerce,Maison,Set casseroles,1,706.85,0.1,636.17,336.99,39
2024-05-30,Amiens,Magasin,Bricolage,Tournevis set,3,636.28,0.1,1717.96,770.44,41
2024-05-30,Dunkerque,Magasin,Électroménager,Robot cuiseur,2,249.97,0.0,499.94,183.84,133
2024-05-30,Lille,Magasin,Maison,Canapé 3 places,1,246.23,0.1,221.61,32.26,499
2024-05-30,Dunkerque,Magasin,Maison,Étagère bois,3,279.59,0.05,796.83,225.42,505
2024-05-30,Tourcoing,Magasin,Maison,Set casseroles,2,706.85,0.0,1413.7,815.34,192
2024-05-30,Lille,Magasin,Mode,T-shirt coton,3,504.67,0.0,1514.01,600.69,257
2024-05-30,Amiens,Magasin,Mode,Veste hiver,3,655.99,0.0,1967.97,972.24,224
2024-05-30,Tourcoing,Magasin,Mode,Jean homme,5,272.27,0.05,1293.28,392.53,263
2024-05-30,Dunkerque,Magasin,Mode,Robe été,3,296.52,0.0,889.56,217.38,79
2024-05-31,Amiens,Magasin,Sport,Haltères 10kg,4,98.3,0.0,393.2,170.8,447
2024-05-31,En ligne,E-commerce,Électroménager,Bouilloire,2,726.04,0.0,1452.08,784.6,375
2024-05-31,Lille,Magasin,Maison,Set casseroles,1,706.85,0.0,706.85,407.67,146
2024-05-31,Tourcoing,Magasin,Bricolage,Tournevis set,2,636.28,0.0,1272.56,640.88,511
2024-05-31,Lille,Magasin,Bricolage,Peinture 5L,3,609.0,0.0,1827.0,976.38,596
2024-05-31,Roubaix,Magasin,Sport,Chaussures running,3,569.53,0.1,1537.73,759.74,239
2024-05-31,Lille,Magasin,Bricolage,Peinture 5L,2,609.0,0.0,1218.0,650.92,299
2024-05-31,Lille,Magasin,Maison,Canapé 3 places,1,246.23,0.0,246.23,56.88,396
2024-05-31,En ligne,E-commerce,Électroménager,Cafetière,3,392.24,0.0,1176.72,643.68,353
2024-05-31,Amiens,Magasin,Sport,Vélo VTT,1,545.21,0.0,545.21,234.5,99
2024-05-31,En ligne,E-commerce,Sport,Haltères 10kg,3,98.3,0.0,294.9,128.1,438
2024-05-31,Amiens,Magasin,Maison,Rideau occultant,3,101.21,0.0,303.63,134.67,285
2024-05-31,Tourcoing,Magasin,Mode,Jean homme,3,272.27,0.0,816.81,276.36,5
2024-05-31,Lille,Magasin,Sport,Vélo VTT,5,545.21,0.0,2726.05,1172.5,503
2024-05-31,Dunkerque,Magasin,Mode,Veste hiver,1,655.99,0.05,623.19,291.28,251
2024-05-31,En ligne,E-commerce,Bricolage,Échelle alu,1,354.67,0.0,354.67,168.4,157
2024-06-01,En ligne,E-commerce,Mode,T-shirt coton,1,504.67,0.0,504.67,200.23,132
2024-06-01,Roubaix,Magasin,Maison,Rideau occultant,4,101.21,0.05,384.6,159.32,194
2024-06-01,En ligne,E-commerce,Mode,T-shirt coton,1,504.67,0.0,504.67,200.23,74
2024-06-01,Lille,Magasin,Sport,Vélo VTT,3,545.21,0.0,1635.63,703.5,97
2024-06-01,Lille,Magasin,Mode,T-shirt coton,3,504.67,0.0,1514.01,600.69,239
2024-06-01,Amiens,Magasin,Maison,Lampe LED,1,134.22,0.0,134.22,68.28,452
2024-06-01,Lille,Magasin,Maison,Étagère bois,2,279.59,0.0,559.18,178.24,498
2024-06-01,Amiens,Magasin,Mode,Jean homme,2,272.27,0.0,544.54,184.24,305
2024-06-01,En ligne,E-commerce,Bricolage,Perceuse,4,105.66,0.0,422.64,86.8,195
2024-06-01,Valenciennes,Magasin,Électroménager,Bouilloire,4,726.04,0.1,2613.74,1278.78,593
2024-06-01,Lille,Magasin,Maison,Lampe LED,3,134.22,0.2,322.13,124.31,410
2024-06-01,Valenciennes,Magasin,Bricolage,Perceuse,1,105.66,0.0,105.66,21.7,428
2024-06-01,Amiens,Magasin,Électroménager,Robot cuiseur,3,249.97,0.0,749.91,275.76,250
2024-06-01,Dunkerque,Magasin,Mode,Jean homme,3,272.27,0.1,735.13,194.68,42
2024-06-01,Lille,Magasin,Sport,Chaussures running,2,569.53,0.0,1139.06,620.4,377
2024-06-01,Valenciennes,Magasin,Sport,Haltères 10kg,4,98.3,0.0,393.2,170.8,528
2024-06-01,Tourcoing,Magasin,Électroménager,Aspirateur,1,191.18,0.0,191.18,96.55,173
2024-06-02,Lille,Magasin,Sport,Vélo VTT,1,545.21,0.0,545.21,234.5,530
2024-06-02,Roubaix,Magasin,Maison,Rideau occultant,1,101.21,0.0,101.21,44.89,117
2024-06-02,Dunkerque,Magasin,Maison,Set casseroles,3,706.85,0.05,2014.52,1116.98,142
2024-06-02,Roubaix,Magasin,Mode,Robe été,3,296.52,0.0,889.56,217.38,282
2024-06-02,Tourcoing,Magasin,Maison,Set casseroles,4,706.85,0.0,2827.4,1630.68,276
2024-06-02,Tourcoing,Magasin,Mode,Pull laine,3,884.49,0.0,2653.47,1488.18,122
2024-06-02,Valenciennes,Magasin,Sport,Tapis yoga,4,658.36,0.0,2633.44,1410.84,300
2024-06-02,Roubaix,Magasin,Mode,Baskets ville,3,460.51,0.05,1312.45,375.07,493
2024-06-02,Dunkerque,Magasin,Sport,Vélo VTT,3,545.21,0.0,1635.63,703.5,213
2024-06-02,Roubaix,Magasin,Maison,Lampe LED,2,134.22,0.1,241.6,109.72,410
2024-06-02,Lille,Magasin,Maison,Rideau occultant,2,101.21,0.0,202.42,89.78,227
2024-06-02,Valenciennes,Magasin,Bricolage,Peinture 5L,1,609.0,0.0,609.0,325.46,385
2024-06-02,Lille,Magasin,Mode,Jean homme,1,272.27,0.0,272.27,92.12,408
2024-06-02,Tourcoing,Magasin,Maison,Rideau occultant,6,101.21,0.0,607.26,269.34,494
2024-06-02,Tourcoing,Magasin,Maison,Canapé 3 places,1,246.23,0.0,246.23,56.88,580
2024-06-03,Tourcoing,Magasin,Électroménager,Cafetière,4,392.24,0.0,1568.96,858.24,465
2024-06-03,En ligne,E-commerce,Maison,Lampe LED,3,134.22,0.0,402.66,204.84,177
2024-06-03,Valenciennes,Magasin,Mode,Robe été,1,296.52,0.05,281.69,57.63,128
2024-06-03,Lille,Magasin,Mode,Veste hiver,1,655.99,0.05,623.19,291.28,266
2024-06-03,Roubaix,Magasin,Sport,Ballon foot,2,100.1,0.2,160.16,75.76,268
2024-06-03,Lille,Magasin,Mode,Pull laine,1,884.49,0.0,884.49,496.06,526
2024-06-03,Lille,Magasin,Sport,Vélo VTT,1,545.21,0.0,545.21,234.5,193
2024-06-03,Dunkerque,Magasin,Maison,Étagère bois,4,279.59,0.0,1118.36,356.48,528
2024-06-03,Lille,Magasin,Électroménager,Micro-ondes,3,453.16,0.0,1359.48,514.68,292
2024-06-03,Valenciennes,Magasin,Maison,Canapé 3 places,1,246.23,0.0,246.23,56.88,334
2024-06-03,Dunkerque,Magasin,Sport,Raquette tennis,5,706.19,0.0,3530.95,1810.2,223
2024-06-03,Roubaix,Magasin,Bricolage,Peinture 5L,1,609.0,0.0,609.0,325.46,118
2024-06-03,Dunkerque,Magasin,Bricolage,Perceuse,5,105.66,0.0,528.3,108.5,55
2024-06-03,Valenciennes,Magasin,Électroménager,Cafetière,4,392.24,0.0,1568.96,858.24,168
2024-06-04,Dunkerque,Magasin,Sport,Maillot bain,1,350.77,0.05,333.23,181.76,51
2024-06-04,Valenciennes,Magasin,Électroménager,Cafetière,3,392.24,0.0,1176.72,643.68,287
2024-06-04,Lille,Magasin,Maison,Couette 220x240,4,224.09,0.0,896.36,361.56,73
2024-06-04,En ligne,E-commerce,Sport,Vélo VTT,1,545.21,0.0,545.21,234.5,59
2024-06-04,Amiens,Magasin,Électroménager,Robot cuiseur,5,249.97,0.2,999.88,209.63,387
2024-06-04,Tourcoing,Magasin,Sport,Raquette tennis,5,706.19,0.0,3530.95,1810.2,308
2024-06-04,Valenciennes,Magasin,Sport,Raquette tennis,2,706.19,0.0,1412.38,724.08,325
2024-06-04,Valenciennes,Magasin,Maison,Canapé 3 places,2,246.23,0.05,467.84,89.14,397
2024-06-04,Roubaix,Magasin,Sport,Tapis yoga,1,658.36,0.1,592.52,286.87,285
2024-06-04,Dunkerque,Magasin,Maison,Canapé 3 places,2,246.23,0.1,443.21,64.51,472
2024-06-04,En ligne,E-commerce,Bricolage,Perceuse,1,105.66,0.0,105.66,21.7,338
2024-06-04,Dunkerque,Magasin,Maison,Étagère bois,3,279.59,0.1,754.89,183.48,528
2024-06-04,Lille,Magasin,Électroménager,Bouilloire,2,726.04,0.0,1452.08,784.6,71
2024-06-04,Amiens,Magasin,Mode,Robe été,4,296.52,0.0,1186.08,289.84,60
2024-06-04,En ligne,E-commerce,Bricolage,Perceuse,3,105.66,0.0,316.98,65.1,332
2024-06-04,Roubaix,Magasin,Sport,Ballon foot,4,100.1,0.0,400.4,231.6,159
2024-06-04,Dunkerque,Magasin,Électroménager,Aspirateur,3,191.18,0.0,573.54,289.65,50
2024-06-04,Tourcoing,Magasin,Mode,Robe été,3,296.52,0.05,845.08,172.9,416
2024-06-04,Tourcoing,Magasin,Sport,Tapis yoga,4,658.36,0.2,2106.75,884.15,144
2024-06-04,Amiens,Magasin,Bricolage,Perceuse,3,105.66,0.0,316.98,65.1,442
2024-06-05,Lille,Magasin,Bricolage,Perceuse,1,105.66,0.0,105.66,21.7,488
2024-06-05,Lille,Magasin,Électroménager,Aspirateur,2,191.18,0.0,382.36,193.1,149
2024-06-05,Dunkerque,Magasin,Bricolage,Boîte à outils,2,83.21,0.05,158.1,37.66,318
2024-06-05,Roubaix,Magasin,Bricolage,Échelle alu,4,354.67,0.0,1418.68,673.6,449
2024-06-05,Lille,Magasin,Bricolage,Échelle alu,1,354.67,0.0,354.67,168.4,264
2024-06-05,Tourcoing,Magasin,Maison,Rideau occultant,4,101.21,0.0,404.84,179.56,349
2024-06-05,Valenciennes,Magasin,Maison,Lampe LED,3,134.22,0.0,402.66,204.84,447
2024-06-05,Roubaix,Magasin,Maison,Lampe LED,5,134.22,0.1,603.99,274.29,420
2024-06-05,Valenciennes,Magasin,Maison,Set casseroles,1,706.85,0.0,706.85,407.67,172
2024-06-05,Dunkerque,Magasin,Maison,Étagère bois,6,279.59,0.0,1677.54,534.72,42
2024-06-05,Tourcoing,Magasin,Bricolage,Boîte à outils,3,83.21,0.0,249.63,68.97,569
2024-06-05,Dunkerque,Magasin,Mode,Jean homme,2,272.27,0.0,544.54,184.24,237
2024-06-05,En ligne,E-commerce,Mode,Jean homme,4,272.27,0.0,1089.08,368.48,406
2024-06-05,Roubaix,Magasin,Sport,Haltères 10kg,3,98.3,0.0,294.9,128.1,485
2024-06-05,Amiens,Magasin,Maison,Étagère bois,2,279.59,0.0,559.18,178.24,406
2024-06-05,Roubaix,Magasin,Mode,Pull laine,1,884.49,0.0,884.49,496.06,61
2024-06-06,Roubaix,Magasin,Électroménager,Robot cuiseur,4,249.97,0.05,949.89,317.69,33
2024-06-06,Roubaix,Magasin,Mode,Jean homme,1,272.27,0.0,272.27,92.12,544
2024-06-06,Tourcoing,Magasin,Maison,Étagère bois,3,279.59,0.0,838.77,267.36,43
2024-06-06,Tourcoing,Magasin,Bricolage,Boîte à outils,2,83.21,0.0,166.42,45.98,43
2024-06-06,Roubaix,Magasin,Mode,Baskets ville,4,460.51,0.1,1657.84,408.0,550
2024-06-06,Dunkerque,Magasin,Maison,Canapé 3 places,2,246.23,0.0,492.46,113.76,439
2024-06-06,Dunkerque,Magasin,Maison,Étagère bois,1,279.59,0.1,251.63,61.16,409
2024-06-06,Dunkerque,Magasin,Électroménager,Cafetière,3,392.24,0.0,1176.72,643.68,266
2024-06-06,Valenciennes,Magasin,Sport,Tapis yoga,1,658.36,0.05,625.44,319.79,24
2024-06-06,Lille,Magasin,Sport,Tapis yoga,2,658.36,0.0,1316.72,705.42,540
2024-06-06,Amiens,Magasin,Électroménager,Aspirateur,1,191.18,0.0,191.18,96.55,73
2024-06-06,Valenciennes,Magasin,Électroménager,Micro-ondes,1,453.16,0.05,430.5,148.9,290
2024-06-06,Tourcoing,Magasin,Électroménager,Micro-ondes,3,453.16,0.0,1359.48,514.68,404
2024-06-06,Valenciennes,Magasin,Maison,Étagère bois,6,279.59,0.0,1677.54,534.72,417
2024-06-06,Roubaix,Magasin,Sport,Chaussures running,3,569.53,0.0,1708.59,930.6,204
2024-06-06,En ligne,E-commerce,Sport,Raquette tennis,5,706.19,0.0,3530.95,1810.2,152
2024-06-06,Lille,Magasin,Mode,T-shirt coton,2,504.67,0.0,1009.34,400.46,580
2024-06-06,Lille,Magasin,Sport,Raquette tennis,3,706.19,0.1,1906.71,874.26,213
2024-06-06,Valenciennes,Magasin,Sport,Ballon foot,1,100.1,0.05,95.09,52.89,340
2024-06-07,Lille,Magasin,Maison,Set casseroles,1,706.85,0.0,706.85,407.67,587
2024-06-07,Valenciennes,Magasin,Bricolage,Peinture 5L,3,609.0,0.1,1644.3,793.68,136
2024-06-07,Amiens,Magasin,Électroménager,Micro-ondes,1,453.16,0.0,453.16,171.56,562
2024-06-07,Dunkerque,Magasin,Mode,Robe été,1,296.52,0.0,296.52,72.46,405
2024-06-07,Dunkerque,Magasin,Sport,Tapis yoga,5,658.36,0.0,3291.8,1763.55,420
2024-06-07,Amiens,Magasin,Bricolage,Boîte à outils,2,83.21,0.0,166.42,45.98,388
2024-06-07,Amiens,Magasin,Maison,Canapé 3 places,5,246.23,0.0,1231.15,284.4,166
2024-06-07,Roubaix,Magasin,Maison,Couette 220x240,4,224.09,0.2,717.09,182.29,36
2024-06-07,Lille,Magasin,Électroménager,Bouilloire,2,726.04,0.0,1452.08,784.6,479
2024-06-07,Amiens,Magasin,Bricolage,Perceuse,2,105.66,0.0,211.32,43.4,520
2024-06-07,Roubaix,Magasin,Mode,Jean homme,2,272.27,0.0,544.54,184.24,554
2024-06-07,Roubaix,Magasin,Électroménager,Robot cuiseur,3,249.97,0.0,749.91,275.76,214
2024-06-07,Amiens,Magasin,Sport,Ballon foot,1,100.1,0.0,100.1,57.9,127
2024-06-07,Tourcoing,Magasin,Maison,Étagère bois,1,279.59,0.0,279.59,89.12,452
2024-06-07,Tourcoing,Magasin,Électroménager,Aspirateur,4,191.18,0.0,764.72,386.2,310
2024-06-07,Lille,Magasin,Bricolage,Tournevis set,2,636.28,0.0,1272.56,640.88,288
2024-06-07,Valenciennes,Magasin,Électroménager,Cafetière,2,392.24,0.0,784.48,429.12,580
2024-06-07,En ligne,E-commerce,Mode,Pull laine,3,884.49,0.0,2653.47,1488.18,526
2024-06-07,Dunkerque,Magasin,Mode,Pull laine,3,884.49,0.0,2653.47,1488.18,580
2024-06-07,Tourcoing,Magasin,Maison,Lampe LED,3,134.22,0.05,382.53,184.71,295
2024-06-08,Lille,Magasin,Sport,Haltères 10kg,3,98.3,0.0,294.9,128.1,325
2024-06-08,Dunkerque,Magasin,Électroménager,Robot cuiseur,3,249.97,0.0,749.91,275.76,179
2024-06-08,Dunkerque,Magasin,Sport,Maillot bain,2,350.77,0.0,701.54,398.6,402
2024-06-08,Dunkerque,Magasin,Maison,Set casseroles,2,706.85,0.0,1413.7,815.34,78
2024-06-08,Roubaix,Magasin,Électroménager,Micro-ondes,5,453.16,0.0,2265.8,857.8,103
2024-06-08,Lille,Magasin,Mode,Jean homme,4,272.27,0.0,1089.08,368.48,110
2024-06-08,Dunkerque,Magasin,Sport,Raquette tennis,1,706.19,0.05,670.88,326.73,207
2024-06-08,Lille,Magasin,Sport,Vélo VTT,1,545.21,0.0,545.21,234.5,553
2024-06-08,Roubaix,Magasin,Mode,Veste hiver,4,655.99,0.0,2623.96,1296.32,232
2024-06-08,Lille,Magasin,Sport,Maillot bain,3,350.77,0.0,1052.31,597.9,160
2024-06-08,Amiens,Magasin,Maison,Canapé 3 places,1,246.23,0.0,246.23,56.88,108
2024-06-08,Lille,Magasin,Mode,Pull laine,1,884.49,0.0,884.49,496.06,257
2024-06-08,Roubaix,Magasin,Sport,Vélo VTT,2,545.21,0.2,872.34,250.92,48
2024-06-08,Lille,Magasin,Mode,Veste hiver,3,655.99,0.0,1967.97,972.24,459
2024-06-08,Tourcoing,Magasin,Maison,Étagère bois,4,279.59,0.05,1062.44,300.56,355
2024-06-08,Roubaix,Magasin,Mode,Pull laine,2,884.49,0.0,1768.98,992.12,531
2024-06-08,Amiens,Magasin,Bricolage,Échelle alu,3,354.67,0.0,1064.01,505.2,595
2024-06-09,Lille,Magasin,Électroménager,Robot cuiseur,4,249.97,0.0,999.88,367.68,515
2024-06-09,Tourcoing,Magasin,Électroménager,Cafetière,1,392.24,0.0,392.24,214.56,170
2024-06-09,Amiens,Magasin,Mode,T-shirt coton,3,504.67,0.0,1514.01,600.69,457
2024-06-09,Tourcoing,Magasin,Maison,Canapé 3 places,1,246.23,0.0,246.23,56.88,241
2024-06-09,Tourcoing,Magasin,Maison,Étagère bois,2,279.59,0.0,559.18,178.24,392
2024-06-09,En ligne,E-commerce,Sport,Tapis yoga,1,658.36,0.0,658.36,352.71,140
2024-06-09,Dunkerque,Magasin,Sport,Haltères 10kg,3,98.3,0.05,280.15,113.35,414
2024-06-09,Dunkerque,Magasin,Sport,Ballon foot,3,100.1,0.0,300.3,173.7,547
2024-06-09,Dunkerque,Magasin,Maison,Rideau occultant,4,101.21,0.05,384.6,159.32,575
2024-06-09,Dunkerque,Magasin,Mode,Pull laine,1,884.49,0.0,884.49,496.06,521
2024-06-09,Amiens,Magasin,Maison,Set casseroles,1,706.85,0.0,706.85,407.67,52
2024-06-09,Dunkerque,Magasin,Électroménager,Robot cuiseur,3,249.97,0.0,749.91,275.76,534
2024-06-09,Lille,Magasin,Électroménager,Bouilloire,1,726.04,0.0,726.04,392.3,528
2024-06-09,En ligne,E-commerce,Mode,Robe été,1,296.52,0.0,296.52,72.46,577
2024-06-09,Tourcoing,Magasin,Mode,Veste hiver,3,655.99,0.0,1967.97,972.24,140
2024-06-09,Tourcoing,Magasin,Bricolage,Perceuse,3,105.66,0.0,316.98,65.1,250
2024-06-09,Amiens,Magasin,Sport,Vélo VTT,4,545.21,0.0,2180.84,938.0,15
2024-06-10,Tourcoing,Magasin,Électroménager,Micro-ondes,3,453.16,0.0,1359.48,514.68,384
2024-06-10,Valenciennes,Magasin,Électroménager,Robot cuiseur,3,249.97,0.1,674.92,200.77,210
2024-06-10,Roubaix,Magasin,Sport,Vélo VTT,2,545.21,0.05,1035.9,414.48,482
2024-06-10,En ligne,E-commerce,Sport,Vélo VTT,4,545.21,0.05,2071.8,828.96,397
2024-06-10,Dunkerque,Magasin,Électroménager,Micro-ondes,2,453.16,0.0,906.32,343.12,548
2024-06-10,Lille,Magasin,Sport,Ballon foot,3,100.1,0.1,270.27,143.67,482
2024-06-10,En ligne,E-commerce,Sport,Tapis yoga,5,658.36,0.0,3291.8,1763.55,296
2024-06-10,Dunkerque,Magasin,Sport,Tapis yoga,2,658.36,0.0,1316.72,705.42,195
2024-06-10,Dunkerque,Magasin,Électroménager,Robot cuiseur,3,249.97,0.0,749.91,275.76,491
2024-06-10,Dunkerque,Magasin,Mode,Veste hiver,3,655.99,0.05,1869.57,873.84,340
2024-06-10,Roubaix,Magasin,Bricolage,Tournevis set,5,636.28,0.0,3181.4,1602.2,129
2024-06-11,Roubaix,Magasin,Mode,Veste hiver,2,655.99,0.0,1311.98,648.16,491
2024-06-11,Tourcoing,Magasin,Électroménager,Robot cuiseur,3,249.97,0.0,749.91,275.76,13
2024-06-11,Valenciennes,Magasin,Électroménager,Cafetière,1,392.24,0.0,392.24,214.56,218
2024-06-11,Amiens,Magasin,Bricolage,Échelle alu,3,354.67,0.1,957.61,398.8,332
2024-06-11,Tourcoing,Magasin,Bricolage,Peinture 5L,1,609.0,0.0,609.0,325.46,454
2024-06-11,Lille,Magasin,Maison,Étagère bois,3,279.59,0.0,838.77,267.36,201
2024-06-11,Dunkerque,Magasin,Bricolage,Perceuse,3,105.66,0.0,316.98,65.1,22
2024-06-11,Valenciennes,Magasin,Mode,Pull laine,3,884.49,0.2,2122.78,957.49,571
2024-06-11,Roubaix,Magasin,Maison,Étagère bois,3,279.59,0.05,796.83,225.42,258
2024-06-11,Amiens,Magasin,Maison,Couette 220x240,1,224.09,0.2,179.27,45.57,496
2024-06-11,Tourcoing,Magasin,Électroménager,Réfrigérateur,1,387.37,0.0,387.37,112.78,80
2024-06-11,Roubaix,Magasin,Mode,Veste hiver,1,655.99,0.0,655.99,324.08,568
2024-06-11,En ligne,E-commerce,Mode,Veste hiver,3,655.99,0.0,1967.97,972.24,538
2024-06-11,Lille,Magasin,Maison,Set casseroles,1,706.85,0.0,706.85,407.67,539
2024-06-12,Roubaix,Magasin,Électroménager,Micro-ondes,1,453.16,0.0,453.16,171.56,82
2024-06-12,Roubaix,Magasin,Maison,Couette 220x240,2,224.09,0.0,448.18,180.78,404
2024-06-12,Dunkerque,Magasin,Bricolage,Tournevis set,4,636.28,0.0,2545.12,1281.76,189
2024-06-12,Roubaix,Magasin,Maison,Rideau occultant,2,101.21,0.0,202.42,89.78,429
2024-06-12,Roubaix,Magasin,Électroménager,Bouilloire,6,726.04,0.0,4356.24,2353.8,289
2024-06-12,Roubaix,Magasin,Maison,Couette 220x240,1,224.09,0.0,224.09,90.39,165
2024-06-12,Valenciennes,Magasin,Sport,Maillot bain,3,350.77,0.05,999.69,545.28,430
2024-06-12,Dunkerque,Magasin,Mode,Baskets ville,5,460.51,0.0,2302.55,740.25,277
2024-06-12,Tourcoing,Magasin,Mode,Robe été,3,296.52,0.0,889.56,217.38,365
2024-06-12,Dunkerque,Magasin,Électroménager,Micro-ondes,1,453.16,0.0,453.16,171.56,502
2024-06-12,Roubaix,Magasin,Mode,T-shirt coton,2,504.67,0.0,1009.34,400.46,262
2024-06-12,Dunkerque,Magasin,Électroménager,Cafetière,4,392.24,0.0,1568.96,858.24,465
2024-06-12,Tourcoing,Magasin,Mode,Baskets ville,3,460.51,0.2,1105.22,167.84,150
2024-06-12,Lille,Magasin,Mode,Baskets ville,4,460.51,0.0,1842.04,592.2,486
2024-06-12,En ligne,E-commerce,Sport,Tapis yoga,4,658.36,0.0,2633.44,1410.84,371
2024-06-12,Roubaix,Magasin,Maison,Canapé 3 places,4,246.23,0.0,984.92,227.52,148
2024-06-12,Amiens,Magasin,Sport,Ballon foot,1,100.1,0.0,100.1,57.9,297
2024-06-12,Dunkerque,Magasin,Maison,Couette 220x240,1,224.09,0.0,224.09,90.39,79
2024-06-12,Lille,Magasin,Sport,Vélo VTT,3,545.21,0.0,1635.63,703.5,239
2024-06-12,Lille,Magasin,Électroménager,Réfrigérateur,1,387.37,0.0,387.37,112.78,378
2024-06-12,Lille,Magasin,Bricolage,Échelle alu,5,354.67,0.1,1596.02,664.67,53
2024-06-13,Lille,Magasin,Mode,Robe été,3,296.52,0.0,889.56,217.38,453
2024-06-13,Amiens,Magasin,Bricolage,Boîte à outils,3,83.21,0.0,249.63,68.97,423
2024-06-13,Amiens,Magasin,Mode,Veste hiver,3,655.99,0.0,1967.97,972.24,171
2024-06-13,En ligne,E-commerce,Bricolage,Perceuse,4,105.66,0.0,422.64,86.8,263
2024-06-13,Lille,Magasin,Bricolage,Échelle alu,2,354.67,0.0,709.34,336.8,247
2024-06-13,Roubaix,Magasin,Bricolage,Tournevis set,3,636.28,0.0,1908.84,961.32,398
2024-06-13,Tourcoing,Magasin,Bricolage,Échelle alu,2,354.67,0.1,638.41,265.87,362
2024-06-13,Amiens,Magasin,Maison,Couette 220x240,3,224.09,0.0,672.27,271.17,401
2024-06-13,Lille,Magasin,Sport,Vélo VTT,3,545.21,0.0,1635.63,703.5,352
2024-06-13,En ligne,E-commerce,Mode,Jean homme,4,272.27,0.0,1089.08,368.48,571
2024-06-13,Amiens,Magasin,Sport,Chaussures running,2,569.53,0.0,1139.06,620.4,538
2024-06-13,En ligne,E-commerce,Sport,Maillot bain,5,350.77,0.0,1753.85,996.5,262
2024-06-13,Lille,Magasin,Maison,Couette 220x240,1,224.09,0.0,224.09,90.39,347
2024-06-14,Dunkerque,Magasin,Bricolage,Peinture 5L,5,609.0,0.05,2892.75,1475.05,43
2024-06-14,Tourcoing,Magasin,Mode,T-shirt coton,3,504.67,0.0,1514.01,600.69,568
2024-06-14,Lille,Magasin,Sport,Vélo VTT,3,545.21,0.0,1635.63,703.5,104
2024-06-14,Valenciennes,Magasin,Sport,Haltères 10kg,2,98.3,0.0,196.6,85.4,283
2024-06-14,Tourcoing,Magasin,Sport,Haltères 10kg,5,98.3,0.1,442.35,164.35,590
2024-06-14,Dunkerque,Magasin,Mode,Veste hiver,3,655.99,0.0,1967.97,972.24,361
2024-06-14,Lille,Magasin,Bricolage,Peinture 5L,5,609.0,0.0,3045.0,1627.3,61
2024-06-14,Dunkerque,Magasin,Sport,Ballon foot,2,100.1,0.0,200.2,115.8,68
2024-06-14,Amiens,Magasin,Bricolage,Tournevis set,1,636.28,0.05,604.47,288.63,468
2024-06-14,Lille,Magasin,Électroménager,Bouilloire,1,726.04,0.0,726.04,392.3,426
2024-06-14,Roubaix,Magasin,Mode,Robe été,4,296.52,0.05,1126.78,230.54,2
2024-06-14,Lille,Magasin,Mode,Robe été,3,296.52,0.0,889.56,217.38,488
2024-06-14,Tourcoing,Magasin,Bricolage,Échelle alu,1,354.67,0.1,319.2,132.93,382
2024-06-14,Lille,Magasin,Électroménager,Cafetière,3,392.24,0.0,1176.72,643.68,170
2024-06-14,En ligne,E-commerce,Sport,Chaussures running,3,569.53,0.0,1708.59,930.6,567
2024-06-14,Roubaix,Magasin,Mode,T-shirt coton,1,504.67,0.0,504.67,200.23,171
2024-06-14,En ligne,E-commerce,Maison,Canapé 3 places,5,246.23,0.0,1231.15,284.4,313
2024-06-14,Roubaix,Magasin,Bricolage,Tournevis set,1,636.28,0.0,636.28,320.44,135
2024-06-14,En ligne,E-commerce,Sport,Chaussures running,1,569.53,0.0,569.53,310.2,113
2024-06-14,Dunkerque,Magasin,Bricolage,Échelle alu,2,354.67,0.0,709.34,336.8,134
2024-06-15,En ligne,E-commerce,Électroménager,Cafetière,2,392.24,0.0,784.48,429.12,549
2024-06-15,En ligne,E-commerce,Mode,Pull laine,5,884.49,0.0,4422.45,2480.3,590
2024-06-15,Valenciennes,Magasin,Maison,Rideau occultant,2,101.21,0.0,202.42,89.78,585
2024-06-15,En ligne,E-commerce,Maison,Canapé 3 places,4,246.23,0.1,886.43,129.03,257
2024-06-15,Roubaix,Magasin,Bricolage,Boîte à outils,4,83.21,0.0,332.84,91.96,418
2024-06-15,Tourcoing,Magasin,Mode,T-shirt coton,5,504.67,0.0,2523.35,1001.15,460
2024-06-15,Lille,Magasin,Bricolage,Échelle alu,1,354.67,0.0,354.67,168.4,199
2024-06-15,Tourcoing,Magasin,Bricolage,Peinture 5L,4,609.0,0.0,2436.0,1301.84,300
2024-06-15,Amiens,Magasin,Maison,Set casseroles,4,706.85,0.05,2686.03,1489.31,259
2024-06-15,Valenciennes,Magasin,Électroménager,Réfrigérateur,4,387.37,0.05,1472.01,373.65,149
2024-06-15,En ligne,E-commerce,Bricolage,Peinture 5L,3,609.0,0.05,1735.65,885.03,447
2024-06-15,Roubaix,Magasin,Électroménager,Aspirateur,4,191.18,0.0,764.72,386.2,343
2024-06-15,Lille,Magasin,Électroménager,Aspirateur,6,191.18,0.0,1147.08,579.3,358
2024-06-15,Tourcoing,Magasin,Sport,Haltères 10kg,3,98.3,0.0,294.9,128.1,509
2024-06-15,Amiens,Magasin,Sport,Chaussures running,4,569.53,0.1,2050.31,1012.99,167
2024-06-15,Amiens,Magasin,Mode,Pull laine,4,884.49,0.0,3537.96,1984.24,198
2024-06-15,Lille,Magasin,Électroménager,Cafetière,2,392.24,0.0,784.48,429.12,329
2024-06-15,Dunkerque,Magasin,Électroménager,Cafetière,2,392.24,0.0,784.48,429.12,192
2024-06-16,Amiens,Magasin,Mode,T-shirt coton,1,504.67,0.0,504.67,200.23,538
2024-06-16,Valenciennes,Magasin,Électroménager,Aspirateur,4,191.18,0.0,764.72,386.2,577
2024-06-16,En ligne,E-commerce,Électroménager,Micro-ondes,4,453.16,0.2,1450.11,323.71,267
2024-06-16,Lille,Magasin,Sport,Tapis yoga,1,658.36,0.0,658.36,352.71,5
2024-06-16,Roubaix,Magasin,Maison,Étagère bois,3,279.59,0.0,838.77,267.36,209
2024-06-16,Dunkerque,Magasin,Bricolage,Tournevis set,4,636.28,0.0,2545.12,1281.76,452
2024-06-16,Roubaix,Magasin,Mode,Baskets ville,1,460.51,0.0,460.51,148.05,512
2024-06-16,Dunkerque,Magasin,Bricolage,Peinture 5L,1,609.0,0.0,609.0,325.46,410
2024-06-16,Dunkerque,Magasin,Maison,Rideau occultant,3,101.21,0.0,303.63,134.67,408
2024-06-16,Dunkerque,Magasin,Électroménager,Cafetière,1,392.24,0.0,392.24,214.56,93
2024-06-16,Dunkerque,Magasin,Maison,Set casseroles,2,706.85,0.0,1413.7,815.34,560
2024-06-16,Valenciennes,Magasin,Mode,T-shirt coton,1,504.67,0.0,504.67,200.23,16
2024-06-16,Dunkerque,Magasin,Mode,T-shirt coton,3,504.67,0.0,1514.01,600.69,234
2024-06-16,Lille,Magasin,Maison,Étagère bois,6,279.59,0.0,1677.54,534.72,545
2024-06-16,Tourcoing,Magasin,Maison,Canapé 3 places,1,246.23,0.0,246.23,56.88,267
2024-06-16,Amiens,Magasin,Sport,Tapis yoga,1,658.36,0.0,658.36,352.71,482
2024-06-16,Valenciennes,Magasin,Maison,Canapé 3 places,5,246.23,0.0,1231.15,284.4,434
2024-06-16,Tourcoing,Magasin,Maison,Rideau occultant,2,101.21,0.0,202.42,89.78,322
2024-06-17,Lille,Magasin,Mode,Pull laine,5,884.49,0.0,4422.45,2480.3,286
2024-06-17,Valenciennes,Magasin,Sport,Haltères 10kg,4,98.3,0.0,393.2,170.8,572
2024-06-17,Dunkerque,Magasin,Sport,Vélo VTT,1,545.21,0.0,545.21,234.5,190
2024-06-17,Dunkerque,Magasin,Mode,Baskets ville,1,460.51,0.0,460.51,148.05,584
2024-06-17,En ligne,E-commerce,Sport,Maillot bain,3,350.77,0.0,1052.31,597.9,346
2024-06-17,Valenciennes,Magasin,Bricolage,Tournevis set,1,636.28,0.0,636.28,320.44,341
2024-06-17,En ligne,E-commerce,Sport,Raquette tennis,5,706.19,0.05,3354.4,1633.65,154
2024-06-17,Lille,Magasin,Mode,Pull laine,1,884.49,0.0,884.49,496.06,58
2024-06-17,Dunkerque,Magasin,Mode,Veste hiver,2,655.99,0.0,1311.98,648.16,304
2024-06-17,Valenciennes,Magasin,Mode,Jean homme,5,272.27,0.05,1293.28,392.53,564
2024-06-17,Valenciennes,Magasin,Mode,T-shirt coton,5,504.67,0.0,2523.35,1001.15,250
2024-06-17,Tourcoing,Magasin,Mode,Pull laine,4,884.49,0.0,3537.96,1984.24,162
2024-06-17,Amiens,Magasin,Électroménager,Cafetière,1,392.24,0.05,372.63,194.95,114
2024-06-17,Lille,Magasin,Électroménager,Aspirateur,4,191.18,0.0,764.72,386.2,155
2024-06-17,En ligne,E-commerce,Électroménager,Robot cuiseur,4,249.97,0.05,949.89,317.69,255
2024-06-18,Amiens,Magasin,Bricolage,Tournevis set,3,636.28,0.0,1908.84,961.32,585
2024-06-18,Roubaix,Magasin,Bricolage,Perceuse,1,105.66,0.0,105.66,21.7,499
2024-06-18,Roubaix,Magasin,Bricolage,Perceuse,2,105.66,0.0,211.32,43.4,379
2024-06-18,Valenciennes,Magasin,Mode,T-shirt coton,4,504.67,0.0,2018.68,800.92,186
2024-06-18,Lille,Magasin,Électroménager,Micro-ondes,6,453.16,0.0,2718.96,1029.36,321
2024-06-18,Amiens,Magasin,Maison,Étagère bois,1,279.59,0.0,279.59,89.12,28
2024-06-18,Dunkerque,Magasin,Mode,Veste hiver,4,655.99,0.0,2623.96,1296.32,503
2024-06-18,Lille,Magasin,Sport,Maillot bain,4,350.77,0.05,1332.93,727.05,53
2024-06-18,Valenciennes,Magasin,Maison,Set casseroles,3,706.85,0.0,2120.55,1223.01,304
2024-06-18,En ligne,E-commerce,Électroménager,Cafetière,3,392.24,0.1,1059.05,526.01,294
2024-06-18,Amiens,Magasin,Maison,Set casseroles,2,706.85,0.0,1413.7,815.34,478
2024-06-18,Roubaix,Magasin,Maison,Rideau occultant,2,101.21,0.05,192.3,79.66,413
2024-06-18,Roubaix,Magasin,Sport,Chaussures running,3,569.53,0.05,1623.16,845.17,554
2024-06-19,En ligne,E-commerce,Bricolage,Peinture 5L,1,609.0,0.0,609.0,325.46,238
2024-06-19,Roubaix,Magasin,Sport,Chaussures running,2,569.53,0.0,1139.06,620.4,481
2024-06-19,En ligne,E-commerce,Mode,Veste hiver,2,655.99,0.0,1311.98,648.16,118
2024-06-19,Roubaix,Magasin,Bricolage,Boîte à outils,2,83.21,0.05,158.1,37.66,369
2024-06-19,En ligne,E-commerce,Maison,Étagère bois,3,279.59,0.0,838.77,267.36,101
2024-06-19,En ligne,E-commerce,Bricolage,Tournevis set,4,636.28,0.1,2290.61,1027.25,56
2024-06-19,Roubaix,Magasin,Mode,Robe été,2,296.52,0.1,533.74,85.62,109
2024-06-19,Valenciennes,Magasin,Maison,Rideau occultant,3,101.21,0.0,303.63,134.67,485
2024-06-19,Roubaix,Magasin,Maison,Couette 220x240,1,224.09,0.0,224.09,90.39,331
2024-06-19,Roubaix,Magasin,Bricolage,Peinture 5L,1,609.0,0.1,548.1,264.56,67
2024-06-19,Amiens,Magasin,Bricolage,Tournevis set,3,636.28,0.0,1908.84,961.32,148
2024-06-19,Dunkerque,Magasin,Mode,Veste hiver,5,655.99,0.0,3279.95,1620.4,309
2024-06-19,Amiens,Magasin,Bricolage,Échelle alu,2,354.67,0.0,709.34,336.8,468
2024-06-19,Dunkerque,Magasin,Maison,Set casseroles,2,706.85,0.0,1413.7,815.34,76
2024-06-19,Tourcoing,Magasin,Sport,Chaussures running,4,569.53,0.0,2278.12,1240.8,177
2024-06-19,Lille,Magasin,Sport,Vélo VTT,2,545.21,0.0,1090.42,469.0,259
2024-06-19,Valenciennes,Magasin,Maison,Set casseroles,3,706.85,0.05,2014.52,1116.98,513
2024-06-20,Roubaix,Magasin,Électroménager,Robot cuiseur,3,249.97,0.0,749.91,275.76,58
2024-06-20,Dunkerque,Magasin,Mode,Robe été,4,296.52,0.0,1186.08,289.84,53
2024-06-20,Lille,Magasin,Électroménager,Micro-ondes,3,453.16,0.0,1359.48,514.68,577
2024-06-20,Roubaix,Magasin,Électroménager,Aspirateur,4,191.18,0.05,726.48,347.96,545
2024-06-20,Amiens,Magasin,Maison,Lampe LED,3,134.22,0.0,402.66,204.84,134
2024-06-20,En ligne,E-commerce,Bricolage,Tournevis set,4,636.28,0.0,2545.12,1281.76,456
2024-06-20,En ligne,E-commerce,Électroménager,Réfrigérateur,1,387.37,0.0,387.37,112.78,403
2024-06-20,Dunkerque,Magasin,Sport,Raquette tennis,2,706.19,0.0,1412.38,724.08,221
2024-06-20,Lille,Magasin,Mode,Jean homme,3,272.27,0.05,775.97,235.52,591
2024-06-20,Lille,Magasin,Sport,Chaussures running,4,569.53,0.0,2278.12,1240.8,220
2024-06-20,Lille,Magasin,Bricolage,Perceuse,4,105.66,0.2,338.11,2.27,157
2024-06-20,Lille,Magasin,Électroménager,Réfrigérateur,4,387.37,0.05,1472.01,373.65,318
2024-06-20,Valenciennes,Magasin,Électroménager,Réfrigérateur,5,387.37,0.0,1936.85,563.9,277
2024-06-20,Lille,Magasin,Bricolage,Tournevis set,5,636.28,0.0,3181.4,1602.2,121
2024-06-20,Lille,Magasin,Maison,Canapé 3 places,3,246.23,0.0,738.69,170.64,101
2024-06-20,Tourcoing,Magasin,Électroménager,Aspirateur,6,191.18,0.0,1147.08,579.3,485
2024-06-20,Dunkerque,Magasin,Mode,T-shirt coton,2,504.67,0.0,1009.34,400.46,316
2024-06-20,Valenciennes,Magasin,Sport,Chaussures running,4,569.53,0.0,2278.12,1240.8,472
2024-06-20,Dunkerque,Magasin,Sport,Raquette tennis,4,706.19,0.0,2824.76,1448.16,402
2024-06-21,Lille,Magasin,Bricolage,Échelle alu,2,354.67,0.0,709.34,336.8,402
2024-06-21,Lille,Magasin,Sport,Haltères 10kg,3,98.3,0.0,294.9,128.1,575
2024-06-21,Roubaix,Magasin,Sport,Tapis yoga,4,658.36,0.0,2633.44,1410.84,499
2024-06-21,Valenciennes,Magasin,Mode,Baskets ville,1,460.51,0.1,414.46,102.0,40
2024-06-21,Lille,Magasin,Bricolage,Peinture 5L,4,609.0,0.0,2436.0,1301.84,192
2024-06-21,Valenciennes,Magasin,Électroménager,Micro-ondes,2,453.16,0.0,906.32,343.12,258
2024-06-21,Tourcoing,Magasin,Sport,Tapis yoga,3,658.36,0.0,1975.08,1058.13,7
2024-06-21,Dunkerque,Magasin,Sport,Vélo VTT,2,545.21,0.1,981.38,359.96,494
2024-06-21,Amiens,Magasin,Mode,Robe été,2,296.52,0.0,593.04,144.92,447
2024-06-21,Dunkerque,Magasin,Sport,Maillot bain,3,350.77,0.0,1052.31,597.9,91
2024-06-21,Roubaix,Magasin,Maison,Lampe LED,1,134.22,0.0,134.22,68.28,552
2024-06-22,Tourcoing,Magasin,Bricolage,Échelle alu,2,354.67,0.0,709.34,336.8,303
2024-06-22,Valenciennes,Magasin,Électroménager,Cafetière,2,392.24,0.0,784.48,429.12,213
2024-06-22,Tourcoing,Magasin,Sport,Raquette tennis,1,706.19,0.0,706.19,362.04,107
2024-06-22,Tourcoing,Magasin,Sport,Tapis yoga,3,658.36,0.0,1975.08,1058.13,305
2024-06-22,Amiens,Magasin,Sport,Chaussures running,4,569.53,0.0,2278.12,1240.8,281
2024-06-22,Dunkerque,Magasin,Mode,T-shirt coton,5,504.67,0.0,2523.35,1001.15,139
2024-06-22,En ligne,E-commerce,Bricolage,Tournevis set,3,636.28,0.0,1908.84,961.32,298
2024-06-22,Amiens,Magasin,Bricolage,Perceuse,2,105.66,0.2,169.06,1.14,130
2024-06-22,Lille,Magasin,Mode,Jean homme,1,272.27,0.0,272.27,92.12,103
2024-06-22,Roubaix,Magasin,Électroménager,Robot cuiseur,2,249.97,0.05,474.94,158.84,571
2024-06-22,Amiens,Magasin,Sport,Vélo VTT,4,545.21,0.0,2180.84,938.0,489
2024-06-22,En ligne,E-commerce,Mode,Robe été,2,296.52,0.0,593.04,144.92,242
2024-06-22,Roubaix,Magasin,Sport,Haltères 10kg,3,98.3,0.0,294.9,128.1,88
2024-06-22,Amiens,Magasin,Électroménager,Aspirateur,1,191.18,0.0,191.18,96.55,425
2024-06-22,Lille,Magasin,Maison,Étagère bois,4,279.59,0.0,1118.36,356.48,15
2024-06-22,Tourcoing,Magasin,Maison,Étagère bois,3,279.59,0.0,838.77,267.36,152
2024-06-23,Lille,Magasin,Mode,Robe été,3,296.52,0.0,889.56,217.38,563
2024-06-23,Dunkerque,Magasin,Maison,Set casseroles,4,706.85,0.0,2827.4,1630.68,434
2024-06-23,Lille,Magasin,Bricolage,Tournevis set,4,636.28,0.0,2545.12,1281.76,153
2024-06-23,Roubaix,Magasin,Sport,Tapis yoga,3,658.36,0.0,1975.08,1058.13,259
2024-06-23,Lille,Magasin,Maison,Set casseroles,4,706.85,0.05,2686.03,1489.31,247
2024-06-23,Tourcoing,Magasin,Mode,T-shirt coton,2,504.67,0.0,1009.34,400.46,496
2024-06-23,Roubaix,Magasin,Mode,Robe été,3,296.52,0.0,889.56,217.38,63
2024-06-23,Dunkerque,Magasin,Bricolage,Échelle alu,2,354.67,0.0,709.34,336.8,27
2024-06-23,En ligne,E-commerce,Maison,Rideau occultant,3,101.21,0.0,303.63,134.67,91
2024-06-23,Amiens,Magasin,Sport,Ballon foot,1,100.1,0.0,100.1,57.9,41
2024-06-23,Roubaix,Magasin,Sport,Raquette tennis,5,706.19,0.05,3354.4,1633.65,98
2024-06-23,Amiens,Magasin,Bricolage,Boîte à outils,2,83.21,0.05,158.1,37.66,412
2024-06-24,Lille,Magasin,Mode,Robe été,3,296.52,0.0,889.56,217.38,84
2024-06-24,Dunkerque,Magasin,Mode,Robe été,4,296.52,0.0,1186.08,289.84,461
2024-06-24,Amiens,Magasin,Maison,Set casseroles,3,706.85,0.0,2120.55,1223.01,420
2024-06-24,Lille,Magasin,Bricolage,Peinture 5L,1,609.0,0.0,609.0,325.46,216
2024-06-24,Valenciennes,Magasin,Maison,Couette 220x240,2,224.09,0.0,448.18,180.78,7
2024-06-24,Roubaix,Magasin,Sport,Raquette tennis,3,706.19,0.0,2118.57,1086.12,577
2024-06-24,En ligne,E-commerce,Mode,Jean homme,2,272.27,0.0,544.54,184.24,213
2024-06-24,Tourcoing,Magasin,Mode,Veste hiver,2,655.99,0.0,1311.98,648.16,331
2024-06-24,Lille,Magasin,Électroménager,Bouilloire,1,726.04,0.0,726.04,392.3,183
2024-06-24,Tourcoing,Magasin,Sport,Ballon foot,2,100.1,0.1,180.18,95.78,399
2024-06-24,Roubaix,Magasin,Mode,Baskets ville,3,460.51,0.0,1381.53,444.15,231
2024-06-24,Tourcoing,Magasin,Électroménager,Micro-ondes,2,453.16,0.0,906.32,343.12,141
2024-06-24,Valenciennes,Magasin,Bricolage,Peinture 5L,2,609.0,0.0,1218.0,650.92,334
2024-06-24,Tourcoing,Magasin,Sport,Haltères 10kg,2,98.3,0.1,176.94,65.74,172
2024-06-24,Valenciennes,Magasin,Mode,Robe été,3,296.52,0.0,889.56,217.38,504
2024-06-24,Dunkerque,Magasin,Électroménager,Cafetière,1,392.24,0.1,353.02,175.34,68
2024-06-24,Valenciennes,Magasin,Bricolage,Peinture 5L,3,609.0,0.0,1827.0,976.38,32
2024-06-25,Amiens,Magasin,Bricolage,Boîte à outils,1,83.21,0.0,83.21,22.99,561
2024-06-25,Lille,Magasin,Sport,Chaussures running,3,569.53,0.0,1708.59,930.6,486
2024-06-25,Amiens,Magasin,Électroménager,Micro-ondes,2,453.16,0.0,906.32,343.12,526
2024-06-25,Lille,Magasin,Bricolage,Perceuse,1,105.66,0.0,105.66,21.7,566
2024-06-25,Lille,Magasin,Bricolage,Échelle alu,3,354.67,0.1,957.61,398.8,256
2024-06-25,Amiens,Magasin,Maison,Couette 220x240,3,224.09,0.0,672.27,271.17,36
2024-06-25,Lille,Magasin,Bricolage,Tournevis set,1,636.28,0.0,636.28,320.44,276
2024-06-25,Lille,Magasin,Maison,Lampe LED,1,134.22,0.05,127.51,61.57,438
2024-06-25,Valenciennes,Magasin,Sport,Maillot bain,2,350.77,0.0,701.54,398.6,540
2024-06-25,Valenciennes,Magasin,Sport,Chaussures running,6,569.53,0.2,2733.74,1177.76,95
2024-06-25,Roubaix,Magasin,Électroménager,Robot cuiseur,5,249.97,0.0,1249.85,459.6,405
2024-06-25,Lille,Magasin,Maison,Couette 220x240,1,224.09,0.0,224.09,90.39,470
2024-06-25,En ligne,E-commerce,Maison,Set casseroles,4,706.85,0.1,2544.66,1347.94,267
2024-06-25,Dunkerque,Magasin,Mode,Veste hiver,2,655.99,0.0,1311.98,648.16,73
2024-06-25,Amiens,Magasin,Bricolage,Perceuse,1,105.66,0.0,105.66,21.7,231
2024-06-26,Lille,Magasin,Bricolage,Peinture 5L,1,609.0,0.0,609.0,325.46,195
2024-06-26,Roubaix,Magasin,Sport,Ballon foot,4,100.1,0.0,400.4,231.6,520
2024-06-26,Lille,Magasin,Maison,Couette 220x240,3,224.09,0.2,537.82,136.72,323
2024-06-26,Dunkerque,Magasin,Sport,Tapis yoga,4,658.36,0.05,2501.77,1279.17,64
2024-06-26,En ligne,E-commerce,Électroménager,Robot cuiseur,2,249.97,0.05,474.94,158.84,41
2024-06-26,Lille,Magasin,Mode,Baskets ville,4,460.51,0.0,1842.04,592.2,366
2024-06-26,Tourcoing,Magasin,Mode,Pull laine,2,884.49,0.0,1768.98,992.12,512
2024-06-26,Lille,Magasin,Électroménager,Aspirateur,1,191.18,0.0,191.18,96.55,204
2024-06-26,Valenciennes,Magasin,Mode,Veste hiver,3,655.99,0.0,1967.97,972.24,346
2024-06-26,Valenciennes,Magasin,Bricolage,Tournevis set,2,636.28,0.0,1272.56,640.88,546
2024-06-26,Lille,Magasin,Maison,Canapé 3 places,2,246.23,0.0,492.46,113.76,377
2024-06-26,En ligne,E-commerce,Bricolage,Échelle alu,4,354.67,0.0,1418.68,673.6,356
2024-06-26,Roubaix,Magasin,Électroménager,Réfrigérateur,2,387.37,0.0,774.74,225.56,567
2024-06-26,En ligne,E-commerce,Électroménager,Aspirateur,1,191.18,0.0,191.18,96.55,89
2024-06-26,Lille,Magasin,Sport,Chaussures running,6,569.53,0.05,3246.32,1690.34,395
2024-06-26,Lille,Magasin,Électroménager,Aspirateur,2,191.18,0.0,382.36,193.1,579
2024-06-26,Lille,Magasin,Maison,Lampe LED,4,134.22,0.05,510.04,246.28,365
2024-06-27,Amiens,Magasin,Sport,Ballon foot,1,100.1,0.1,90.09,47.89,354
2024-06-27,Valenciennes,Magasin,Sport,Haltères 10kg,3,98.3,0.0,294.9,128.1,561
2024-06-27,Valenciennes,Magasin,Bricolage,Peinture 5L,4,609.0,0.05,2314.2,1180.04,136
2024-06-27,Roubaix,Magasin,Sport,Raquette tennis,3,706.19,0.0,2118.57,1086.12,555
2024-06-27,Lille,Magasin,Maison,Étagère bois,2,279.59,0.0,559.18,178.24,322
2024-06-27,Tourcoing,Magasin,Maison,Lampe LED,1,134.22,0.0,134.22,68.28,436
2024-06-27,Lille,Magasin,Sport,Vélo VTT,3,545.21,0.0,1635.63,703.5,134
2024-06-27,Lille,Magasin,Électroménager,Réfrigérateur,3,387.37,0.0,1162.11,338.34,33
2024-06-27,Roubaix,Magasin,Sport,Ballon foot,1,100.1,0.1,90.09,47.89,515
2024-06-27,En ligne,E-commerce,Électroménager,Robot cuiseur,2,249.97,0.0,499.94,183.84,221
2024-06-27,En ligne,E-commerce,Sport,Tapis yoga,4,658.36,0.1,2370.1,1147.5,111
2024-06-27,Roubaix,Magasin,Bricolage,Peinture 5L,2,609.0,0.0,1218.0,650.92,259
2024-06-27,Tourcoing,Magasin,Sport,Ballon foot,3,100.1,0.2,240.24,113.64,531
2024-06-27,Lille,Magasin,Bricolage,Boîte à outils,3,83.21,0.0,249.63,68.97,315
2024-06-27,Tourcoing,Magasin,Bricolage,Boîte à outils,3,83.21,0.0,249.63,68.97,34
2024-06-27,Valenciennes,Magasin,Maison,Canapé 3 places,2,246.23,0.0,492.46,113.76,475
2024-06-28,Valenciennes,Magasin,Bricolage,Boîte à outils,3,83.21,0.0,249.63,68.97,106
2024-06-28,En ligne,E-commerce,Bricolage,Tournevis set,4,636.28,0.0,2545.12,1281.76,538
2024-06-28,Amiens,Magasin,Sport,Ballon foot,5,100.1,0.0,500.5,289.5,285
2024-06-28,Roubaix,Magasin,Sport,Haltères 10kg,4,98.3,0.0,393.2,170.8,41
2024-06-28,Roubaix,Magasin,Électroménager,Micro-ondes,1,453.16,0.0,453.16,171.56,189
2024-06-28,Roubaix,Magasin,Électroménager,Micro-ondes,5,453.16,0.2,1812.64,404.64,576
2024-06-28,Amiens,Magasin,Maison,Canapé 3 places,3,246.23,0.0,738.69,170.64,155
2024-06-28,Lille,Magasin,Électroménager,Robot cuiseur,3,249.97,0.0,749.91,275.76,511
2024-06-28,En ligne,E-commerce,Électroménager,Bouilloire,5,726.04,0.0,3630.2,1961.5,398
2024-06-28,Amiens,Magasin,Bricolage,Tournevis set,3,636.28,0.0,1908.84,961.32,139
2024-06-28,Tourcoing,Magasin,Bricolage,Peinture 5L,1,609.0,0.0,609.0,325.46,182
2024-06-28,Lille,Magasin,Sport,Tapis yoga,1,658.36,0.0,658.36,352.71,275
2024-06-28,Dunkerque,Magasin,Maison,Set casseroles,1,706.85,0.0,706.85,407.67,371
2024-06-28,Lille,Magasin,Électroménager,Robot cuiseur,1,249.97,0.05,237.47,79.42,93
2024-06-28,En ligne,E-commerce,Électroménager,Bouilloire,3,726.04,0.1,1960.31,959.09,58
2024-06-28,Lille,Magasin,Sport,Vélo VTT,2,545.21,0.0,1090.42,469.0,176
2024-06-28,Roubaix,Magasin,Bricolage,Boîte à outils,5,83.21,0.0,416.05,114.95,155
2024-06-28,Tourcoing,Magasin,Électroménager,Cafetière,2,392.24,0.0,784.48,429.12,494
2024-06-28,Lille,Magasin,Mode,Robe été,1,296.52,0.0,296.52,72.46,401
2024-06-28,Lille,Magasin,Sport,Vélo VTT,4,545.21,0.0,2180.84,938.0,407
2024-06-28,Amiens,Magasin,Sport,Tapis yoga,1,658.36,0.0,658.36,352.71,365
2024-06-28,Lille,Magasin,Mode,T-shirt coton,3,504.67,0.0,1514.01,600.69,212
2024-06-28,Dunkerque,Magasin,Électroménager,Bouilloire,4,726.04,0.0,2904.16,1569.2,95
2024-06-28,En ligne,E-commerce,Sport,Chaussures running,3,569.53,0.05,1623.16,845.17,181
2024-06-28,Lille,Magasin,Électroménager,Robot cuiseur,3,249.97,0.0,749.91,275.76,288
2024-06-28,Roubaix,Magasin,Mode,T-shirt coton,3,504.67,0.0,1514.01,600.69,328
2024-06-28,Dunkerque,Magasin,Électroménager,Aspirateur,3,191.18,0.0,573.54,289.65,187
2024-06-29,En ligne,E-commerce,Mode,Pull laine,2,884.49,0.0,1768.98,992.12,386
2024-06-29,Tourcoing,Magasin,Électroménager,Cafetière,4,392.24,0.1,1412.06,701.34,145
2024-06-29,En ligne,E-commerce,Électroménager,Réfrigérateur,3,387.37,0.0,1162.11,338.34,521
2024-06-29,Dunkerque,Magasin,Bricolage,Échelle alu,5,354.67,0.0,1773.35,842.0,240
2024-06-29,Tourcoing,Magasin,Électroménager,Robot cuiseur,1,249.97,0.0,249.97,91.92,121
2024-06-29,Lille,Magasin,Maison,Canapé 3 places,3,246.23,0.05,701.76,133.71,596
2024-06-29,Valenciennes,Magasin,Bricolage,Tournevis set,3,636.28,0.0,1908.84,961.32,159
2024-06-29,Roubaix,Magasin,Bricolage,Boîte à outils,2,83.21,0.0,166.42,45.98,481
2024-06-29,Valenciennes,Magasin,Bricolage,Tournevis set,5,636.28,0.0,3181.4,1602.2,144
2024-06-29,En ligne,E-commerce,Électroménager,Micro-ondes,2,453.16,0.05,861.0,297.8,332
2024-06-29,En ligne,E-commerce,Électroménager,Bouilloire,4,726.04,0.0,2904.16,1569.2,193
2024-06-29,Dunkerque,Magasin,Sport,Raquette tennis,2,706.19,0.0,1412.38,724.08,421
2024-06-29,Roubaix,Magasin,Mode,Jean homme,1,272.27,0.0,272.27,92.12,573
2024-06-29,Valenciennes,Magasin,Maison,Set casseroles,3,706.85,0.0,2120.55,1223.01,309
2024-06-29,Lille,Magasin,Bricolage,Perceuse,1,105.66,0.0,105.66,21.7,428
2024-06-29,Amiens,Magasin,Maison,Rideau occultant,3,101.21,0.0,303.63,134.67,41
2024-06-29,Roubaix,Magasin,Sport,Haltères 10kg,1,98.3,0.0,98.3,42.7,157
2024-06-30,Valenciennes,Magasin,Mode,Baskets ville,2,460.51,0.0,921.02,296.1,301
2024-06-30,Tourcoing,Magasin,Bricolage,Échelle alu,3,354.67,0.0,1064.01,505.2,252
2024-06-30,Tourcoing,Magasin,Sport,Raquette tennis,3,706.19,0.0,2118.57,1086.12,174
2024-06-30,Roubaix,Magasin,Maison,Rideau occultant,1,101.21,0.0,101.21,44.89,273
2024-06-30,Roubaix,Magasin,Bricolage,Tournevis set,3,636.28,0.05,1813.4,865.88,161
2024-06-30,Lille,Magasin,Mode,Baskets ville,5,460.51,0.05,2187.42,625.12,418
2024-06-30,Amiens,Magasin,Maison,Rideau occultant,1,101.21,0.0,101.21,44.89,250
2024-06-30,Tourcoing,Magasin,Maison,Set casseroles,1,706.85,0.0,706.85,407.67,38
2024-06-30,Amiens,Magasin,Mode,Veste hiver,1,655.99,0.0,655.99,324.08,171
2024-06-30,Lille,Magasin,Bricolage,Perceuse,4,105.66,0.0,422.64,86.8,370
2024-06-30,Tourcoing,Magasin,Maison,Lampe LED,2,134.22,0.1,241.6,109.72,401
2024-06-30,Valenciennes,Magasin,Maison,Canapé 3 places,2,246.23,0.0,492.46,113.76,452
2024-06-30,Dunkerque,Magasin,Bricolage,Peinture 5L,3,609.0,0.0,1827.0,976.38,321
2024-06-30,Amiens,Magasin,Maison,Rideau occultant,1,101.21,0.0,101.21,44.89,66
2024-06-30,Lille,Magasin,Mode,Veste hiver,2,655.99,0.0,1311.98,648.16,456
2024-06-30,Roubaix,Magasin,Bricolage,Perceuse,4,105.66,0.0,422.64,86.8,155
2024-06-30,Lille,Magasin,Mode,Baskets ville,1,460.51,0.0,460.51,148.05,23
2024-06-30,Valenciennes,Magasin,Mode,Baskets ville,2,460.51,0.0,921.02,296.1,15
2024-07-01,Roubaix,Magasin,Sport,Haltères 10kg,8,98.3,0.0,786.4,341.6,597
2024-07-01,Lille,Magasin,Électroménager,Robot cuiseur,5,249.97,0.0,1249.85,459.6,526
2024-07-01,Amiens,Magasin,Sport,Raquette tennis,6,706.19,0.05,4025.28,1960.38,192
2024-07-01,Valenciennes,Magasin,Sport,Haltères 10kg,4,98.3,0.0,393.2,170.8,302
2024-07-01,Roubaix,Magasin,Maison,Lampe LED,1,134.22,0.2,107.38,41.44,513
2024-07-01,Roubaix,Magasin,Mode,Veste hiver,3,655.99,0.0,1967.97,972.24,20
2024-07-01,Tourcoing,Magasin,Électroménager,Cafetière,2,392.24,0.0,784.48,429.12,1
2024-07-01,En ligne,E-commerce,Maison,Rideau occultant,3,101.21,0.0,303.63,134.67,157
2024-07-01,Lille,Magasin,Mode,Veste hiver,2,655.99,0.1,1180.78,516.96,413
2024-07-01,Lille,Magasin,Électroménager,Bouilloire,1,726.04,0.0,726.04,392.3,210
2024-07-01,En ligne,E-commerce,Sport,Chaussures running,2,569.53,0.0,1139.06,620.4,212
2024-07-01,Amiens,Magasin,Maison,Set casseroles,5,706.85,0.05,3357.54,1861.64,304
2024-07-01,En ligne,E-commerce,Mode,Jean homme,3,272.27,0.0,816.81,276.36,538
2024-07-02,Amiens,Magasin,Maison,Couette 220x240,2,224.09,0.0,448.18,180.78,368
2024-07-02,Lille,Magasin,Maison,Étagère bois,3,279.59,0.0,838.77,267.36,252
2024-07-02,Tourcoing,Magasin,Sport,Vélo VTT,7,545.21,0.0,3816.47,1641.5,84
2024-07-02,Amiens,Magasin,Électroménager,Réfrigérateur,7,387.37,0.0,2711.59,789.46,22
2024-07-02,Valenciennes,Magasin,Sport,Vélo VTT,8,545.21,0.0,4361.68,1876.0,523
2024-07-02,Tourcoing,Magasin,Sport,Haltères 10kg,1,98.3,0.05,93.38,37.78,187
2024-07-02,Lille,Magasin,Maison,Lampe LED,2,134.22,0.0,268.44,136.56,147
2024-07-02,Valenciennes,Magasin,Sport,Raquette tennis,4,706.19,0.0,2824.76,1448.16,153
2024-07-02,En ligne,E-commerce,Électroménager,Réfrigérateur,6,387.37,0.0,2324.22,676.68,278
2024-07-02,Lille,Magasin,Maison,Couette 220x240,1,224.09,0.0,224.09,90.39,236
2024-07-02,Lille,Magasin,Bricolage,Boîte à outils,1,83.21,0.2,66.57,6.35,582
2024-07-02,Tourcoing,Magasin,Maison,Set casseroles,5,706.85,0.0,3534.25,2038.35,146
2024-07-02,Amiens,Magasin,Maison,Rideau occultant,1,101.21,0.05,96.15,39.83,179
2024-07-02,Roubaix,Magasin,Maison,Canapé 3 places,1,246.23,0.0,246.23,56.88,229
2024-07-02,Dunkerque,Magasin,Maison,Couette 220x240,3,224.09,0.0,672.27,271.17,189
2024-07-02,Lille,Magasin,Bricolage,Perceuse,3,105.66,0.0,316.98,65.1,106
2024-07-02,Dunkerque,Magasin,Sport,Tapis yoga,6,658.36,0.0,3950.16,2116.26,98
2024-07-02,Lille,Magasin,Maison,Lampe LED,4,134.22,0.0,536.88,273.12,116
2024-07-02,Amiens,Magasin,Mode,Veste hiver,7,655.99,0.0,4591.93,2268.56,14
2024-07-02,Lille,Magasin,Bricolage,Échelle alu,4,354.67,0.1,1276.81,531.73,517
2024-07-02,En ligne,E-commerce,Sport,Vélo VTT,5,545.21,0.0,2726.05,1172.5,441
2024-07-03,Tourcoing,Magasin,Bricolage,Boîte à outils,5,83.21,0.0,416.05,114.95,480
2024-07-03,Amiens,Magasin,Mode,Baskets ville,2,460.51,0.0,921.02,296.1,101
2024-07-03,Dunkerque,Magasin,Électroménager,Micro-ondes,2,453.16,0.0,906.32,343.12,531
2024-07-03,Amiens,Magasin,Maison,Étagère bois,7,279.59,0.0,1957.13,623.84,220
2024-07-03,En ligne,E-commerce,Sport,Haltères 10kg,7,98.3,0.0,688.1,298.9,352
2024-07-03,En ligne,E-commerce,Mode,Veste hiver,4,655.99,0.0,2623.96,1296.32,466
2024-07-03,Lille,Magasin,Sport,Raquette tennis,3,706.19,0.0,2118.57,1086.12,586
2024-07-03,Lille,Magasin,Maison,Couette 220x240,3,224.09,0.0,672.27,271.17,343
2024-07-03,Dunkerque,Magasin,Sport,Tapis yoga,1,658.36,0.0,658.36,352.71,521
2024-07-03,Valenciennes,Magasin,Mode,Jean homme,1,272.27,0.1,245.04,64.89,141
2024-07-03,Lille,Magasin,Bricolage,Boîte à outils,3,83.21,0.0,249.63,68.97,70
2024-07-03,Roubaix,Magasin,Maison,Couette 220x240,1,224.09,0.05,212.89,79.19,467
2024-07-03,Amiens,Magasin,Sport,Chaussures running,5,569.53,0.05,2705.27,1408.62,174
2024-07-03,Tourcoing,Magasin,Bricolage,Échelle alu,3,354.67,0.0,1064.01,505.2,61
2024-07-03,En ligne,E-commerce,Mode,Robe été,5,296.52,0.0,1482.6,362.3,20
2024-07-03,En ligne,E-commerce,Maison,Étagère bois,7,279.59,0.0,1957.13,623.84,503
2024-07-03,Roubaix,Magasin,Maison,Couette 220x240,5,224.09,0.0,1120.45,451.95,310
2024-07-03,En ligne,E-commerce,Électroménager,Robot cuiseur,3,249.97,0.0,749.91,275.76,116
2024-07-03,Roubaix,Magasin,Sport,Tapis yoga,2,658.36,0.0,1316.72,705.42,293
2024-07-03,Amiens,Magasin,Maison,Étagère bois,1,279.59,0.0,279.59,89.12,28
2024-07-03,En ligne,E-commerce,Maison,Étagère bois,6,279.59,0.0,1677.54,534.72,382
2024-07-04,Dunkerque,Magasin,Bricolage,Boîte à outils,5,83.21,0.05,395.25,94.15,195
2024-07-04,Lille,Magasin,Mode,Baskets ville,7,460.51,0.05,3062.39,875.17,145
2024-07-04,Amiens,Magasin,Électroménager,Bouilloire,7,726.04,0.0,5082.28,2746.1,66
2024-07-04,Tourcoing,Magasin,Mode,Pull laine,5,884.49,0.0,4422.45,2480.3,81
2024-07-04,Roubaix,Magasin,Électroménager,Robot cuiseur,1,249.97,0.0,249.97,91.92,519
2024-07-04,Tourcoing,Magasin,Maison,Lampe LED,5,134.22,0.0,671.1,341.4,523
2024-07-04,Roubaix,Magasin,Bricolage,Boîte à outils,4,83.21,0.2,266.27,25.39,7
2024-07-04,Lille,Magasin,Électroménager,Cafetière,4,392.24,0.0,1568.96,858.24,277
2024-07-04,Tourcoing,Magasin,Bricolage,Échelle alu,7,354.67,0.0,2482.69,1178.8,204
2024-07-04,Amiens,Magasin,Maison,Set casseroles,6,706.85,0.0,4241.1,2446.02,421
2024-07-05,En ligne,E-commerce,Électroménager,Cafetière,1,392.24,0.05,372.63,194.95,79
2024-07-05,Lille,Magasin,Maison,Lampe LED,8,134.22,0.0,1073.76,546.24,412
2024-07-05,Lille,Magasin,Sport,Maillot bain,6,350.77,0.0,2104.62,1195.8,539
2024-07-05,Amiens,Magasin,Mode,Pull laine,8,884.49,0.05,6722.12,3614.68,405
2024-07-05,Roubaix,Magasin,Maison,Set casseroles,4,706.85,0.0,2827.4,1630.68,383
2024-07-05,Roubaix,Magasin,Sport,Maillot bain,7,350.77,0.0,2455.39,1395.1,33
2024-07-05,En ligne,E-commerce,Sport,Ballon foot,8,100.1,0.0,800.8,463.2,150
2024-07-05,Valenciennes,Magasin,Sport,Maillot bain,2,350.77,0.0,701.54,398.6,197
2024-07-05,En ligne,E-commerce,Électroménager,Micro-ondes,3,453.16,0.05,1291.51,446.71,483
2024-07-05,Valenciennes,Magasin,Maison,Canapé 3 places,4,246.23,0.0,984.92,227.52,506
2024-07-05,Valenciennes,Magasin,Bricolage,Peinture 5L,5,609.0,0.0,3045.0,1627.3,81
2024-07-05,Dunkerque,Magasin,Sport,Maillot bain,3,350.77,0.0,1052.31,597.9,294
2024-07-05,Amiens,Magasin,Mode,Veste hiver,5,655.99,0.0,3279.95,1620.4,549
2024-07-05,Lille,Magasin,Bricolage,Perceuse,1,105.66,0.0,105.66,21.7,458
2024-07-05,Tourcoing,Magasin,Mode,Pull laine,5,884.49,0.0,4422.45,2480.3,129
2024-07-05,Lille,Magasin,Électroménager,Robot cuiseur,3,249.97,0.0,749.91,275.76,492
2024-07-06,En ligne,E-commerce,Électroménager,Cafetière,5,392.24,0.0,1961.2,1072.8,381
2024-07-06,Lille,Magasin,Mode,Pull laine,2,884.49,0.0,1768.98,992.12,396
2024-07-06,Lille,Magasin,Bricolage,Échelle alu,8,354.67,0.0,2837.36,1347.2,22
2024-07-06,En ligne,E-commerce,Sport,Tapis yoga,1,658.36,0.0,658.36,352.71,402
2024-07-06,Roubaix,Magasin,Maison,Lampe LED,3,134.22,0.1,362.39,164.57,197
2024-07-06,Tourcoing,Magasin,Électroménager,Cafetière,2,392.24,0.0,784.48,429.12,137
2024-07-06,Dunkerque,Magasin,Maison,Étagère bois,6,279.59,0.0,1677.54,534.72,330
2024-07-06,Dunkerque,Magasin,Sport,Haltères 10kg,3,98.3,0.0,294.9,128.1,229
2024-07-06,Roubaix,Magasin,Électroménager,Micro-ondes,2,453.16,0.0,906.32,343.12,237
2024-07-06,Lille,Magasin,Sport,Raquette tennis,1,706.19,0.0,706.19,362.04,232
2024-07-06,Amiens,Magasin,Mode,Pull laine,1,884.49,0.0,884.49,496.06,555
2024-07-06,Amiens,Magasin,Mode,T-shirt coton,3,504.67,0.0,1514.01,600.69,216
2024-07-06,Lille,Magasin,Bricolage,Échelle alu,2,354.67,0.0,709.34,336.8,358
2024-07-06,Lille,Magasin,Maison,Lampe LED,5,134.22,0.0,671.1,341.4,491
2024-07-06,En ligne,E-commerce,Sport,Chaussures running,7,569.53,0.0,3986.71,2171.4,556
2024-07-06,En ligne,E-commerce,Maison,Set casseroles,6,706.85,0.0,4241.1,2446.02,134
2024-07-06,Lille,Magasin,Mode,Pull laine,1,884.49,0.0,884.49,496.06,24
2024-07-06,En ligne,E-commerce,Sport,Vélo VTT,1,545.21,0.0,545.21,234.5,594
2024-07-06,Roubaix,Magasin,Mode,Veste hiver,3,655.99,0.1,1771.17,775.44,410
2024-07-06,Valenciennes,Magasin,Bricolage,Perceuse,7,105.66,0.2,591.7,3.98,158
2024-07-06,Dunkerque,Magasin,Bricolage,Tournevis set,3,636.28,0.0,1908.84,961.32,76
2024-07-07,Valenciennes,Magasin,Maison,Couette 220x240,3,224.09,0.1,605.04,203.94,45
2024-07-07,Lille,Magasin,Bricolage,Perceuse,2,105.66,0.0,211.32,43.4,141
2024-07-07,Amiens,Magasin,Électroménager,Cafetière,6,392.24,0.0,2353.44,1287.36,139
2024-07-07,Tourcoing,Magasin,Sport,Tapis yoga,6,658.36,0.0,3950.16,2116.26,401
2024-07-07,Lille,Magasin,Mode,Jean homme,6,272.27,0.0,1633.62,552.72,88
2024-07-07,Lille,Magasin,Sport,Vélo VTT,1,545.21,0.0,545.21,234.5,451
2024-07-07,Roubaix,Magasin,Bricolage,Échelle alu,3,354.67,0.0,1064.01,505.2,551
2024-07-07,Roubaix,Magasin,Électroménager,Cafetière,2,392.24,0.1,706.03,350.67,462
2024-07-07,Tourcoing,Magasin,Bricolage,Tournevis set,7,636.28,0.1,4008.56,1797.68,536
2024-07-07,Tourcoing,Magasin,Bricolage,Boîte à outils,1,83.21,0.0,83.21,22.99,161
2024-07-07,Dunkerque,Magasin,Mode,Veste hiver,6,655.99,0.0,3935.94,1944.48,483
2024-07-07,Tourcoing,Magasin,Maison,Set casseroles,1,706.85,0.0,706.85,407.67,341
2024-07-07,Lille,Magasin,Maison,Étagère bois,6,279.59,0.0,1677.54,534.72,353
2024-07-07,Lille,Magasin,Bricolage,Tournevis set,4,636.28,0.0,2545.12,1281.76,583
2024-07-07,Dunkerque,Magasin,Mode,Baskets ville,5,460.51,0.0,2302.55,740.25,218
2024-07-07,Valenciennes,Magasin,Électroménager,Aspirateur,1,191.18,0.0,191.18,96.55,335
2024-07-07,Tourcoing,Magasin,Électroménager,Robot cuiseur,6,249.97,0.0,1499.82,551.52,198
2024-07-07,Dunkerque,Magasin,Mode,Baskets ville,3,460.51,0.0,1381.53,444.15,131
2024-07-07,Valenciennes,Magasin,Mode,Jean homme,2,272.27,0.05,517.31,157.01,34
2024-07-07,Dunkerque,Magasin,Électroménager,Robot cuiseur,8,249.97,0.0,1999.76,735.36,543
2024-07-07,En ligne,E-commerce,Maison,Canapé 3 places,5,246.23,0.0,1231.15,284.4,6
2024-07-07,En ligne,E-commerce,Sport,Vélo VTT,5,545.21,0.05,2589.75,1036.2,579
2024-07-07,Lille,Magasin,Maison,Étagère bois,3,279.59,0.0,838.77,267.36,335
2024-07-08,Valenciennes,Magasin,Mode,T-shirt coton,2,504.67,0.0,1009.34,400.46,368
2024-07-08,Lille,Magasin,Maison,Couette 220x240,4,224.09,0.0,896.36,361.56,363
2024-07-08,Amiens,Magasin,Électroménager,Réfrigérateur,2,387.37,0.1,697.27,148.09,47
2024-07-08,Amiens,Magasin,Mode,Pull laine,4,884.49,0.0,3537.96,1984.24,53
2024-07-08,Lille,Magasin,Sport,Chaussures running,5,569.53,0.0,2847.65,1551.0,389
2024-07-08,Amiens,Magasin,Bricolage,Boîte à outils,6,83.21,0.1,449.33,88.01,469
2024-07-08,Tourcoing,Magasin,Maison,Rideau occultant,6,101.21,0.0,607.26,269.34,347
2024-07-08,Amiens,Magasin,Bricolage,Échelle alu,5,354.67,0.0,1773.35,842.0,450
2024-07-08,Amiens,Magasin,Bricolage,Peinture 5L,6,609.0,0.05,3471.3,1770.06,495
2024-07-08,Roubaix,Magasin,Maison,Rideau occultant,4,101.21,0.2,323.87,98.59,61
2024-07-09,Roubaix,Magasin,Électroménager,Bouilloire,1,726.04,0.0,726.04,392.3,473
2024-07-09,Valenciennes,Magasin,Sport,Vélo VTT,2,545.21,0.0,1090.42,469.0,186
2024-07-09,En ligne,E-commerce,Mode,Robe été,3,296.52,0.0,889.56,217.38,18
2024-07-09,En ligne,E-commerce,Maison,Couette 220x240,5,224.09,0.2,896.36,227.86,285
2024-07-09,En ligne,E-commerce,Sport,Haltères 10kg,4,98.3,0.0,393.2,170.8,377
2024-07-09,Roubaix,Magasin,Maison,Canapé 3 places,5,246.23,0.0,1231.15,284.4,372
2024-07-09,En ligne,E-commerce,Bricolage,Échelle alu,6,354.67,0.0,2128.02,1010.4,347
2024-07-09,Lille,Magasin,Mode,Pull laine,8,884.49,0.0,7075.92,3968.48,553
2024-07-09,En ligne,E-commerce,Bricolage,Tournevis set,3,636.28,0.0,1908.84,961.32,251
2024-07-09,Roubaix,Magasin,Électroménager,Micro-ondes,2,453.16,0.0,906.32,343.12,515
2024-07-09,Dunkerque,Magasin,Bricolage,Échelle alu,1,354.67,0.0,354.67,168.4,251
2024-07-09,Amiens,Magasin,Électroménager,Micro-ondes,6,453.16,0.1,2447.06,757.46,313
2024-07-09,Dunkerque,Magasin,Électroménager,Cafetière,1,392.24,0.0,392.24,214.56,585
2024-07-09,Dunkerque,Magasin,Sport,Ballon foot,5,100.1,0.0,500.5,289.5,455
2024-07-09,Roubaix,Magasin,Maison,Couette 220x240,8,224.09,0.0,1792.72,723.12,19
2024-07-09,Tourcoing,Magasin,Sport,Maillot bain,1,350.77,0.0,350.77,199.3,195
2024-07-09,Lille,Magasin,Bricolage,Tournevis set,2,636.28,0.0,1272.56,640.88,561
2024-07-09,Amiens,Magasin,Bricolage,Peinture 5L,1,609.0,0.0,609.0,325.46,292
2024-07-10,Valenciennes,Magasin,Sport,Haltères 10kg,1,98.3,0.0,98.3,42.7,99
2024-07-10,En ligne,E-commerce,Sport,Haltères 10kg,1,98.3,0.05,93.38,37.78,373
2024-07-10,Roubaix,Magasin,Sport,Vélo VTT,6,545.21,0.05,3107.7,1243.44,344
2024-07-10,Lille,Magasin,Sport,Tapis yoga,7,658.36,0.0,4608.52,2468.97,498
2024-07-10,Valenciennes,Magasin,Mode,Robe été,1,296.52,0.0,296.52,72.46,19
2024-07-10,Dunkerque,Magasin,Bricolage,Perceuse,3,105.66,0.0,316.98,65.1,299
2024-07-10,En ligne,E-commerce,Sport,Raquette tennis,3,706.19,0.0,2118.57,1086.12,242
2024-07-10,Lille,Magasin,Mode,Robe été,3,296.52,0.0,889.56,217.38,391
2024-07-10,Lille,Magasin,Bricolage,Tournevis set,3,636.28,0.05,1813.4,865.88,259
2024-07-10,En ligne,E-commerce,Électroménager,Robot cuiseur,6,249.97,0.0,1499.82,551.52,307
2024-07-10,Tourcoing,Magasin,Électroménager,Réfrigérateur,3,387.37,0.0,1162.11,338.34,580
2024-07-10,Lille,Magasin,Maison,Lampe LED,5,134.22,0.05,637.54,307.84,586
2024-07-10,Lille,Magasin,Mode,Veste hiver,8,655.99,0.0,5247.92,2592.64,2
2024-07-10,En ligne,E-commerce,Bricolage,Perceuse,3,105.66,0.0,316.98,65.1,245
2024-07-10,En ligne,E-commerce,Bricolage,Perceuse,2,105.66,0.0,211.32,43.4,98
2024-07-10,Roubaix,Magasin,Bricolage,Boîte à outils,3,83.21,0.0,249.63,68.97,202
2024-07-10,Lille,Magasin,Sport,Maillot bain,3,350.77,0.0,1052.31,597.9,34
2024-07-10,Amiens,Magasin,Sport,Chaussures running,1,569.53,0.0,569.53,310.2,580
2024-07-10,Valenciennes,Magasin,Électroménager,Bouilloire,3,726.04,0.0,2178.12,1176.9,116
2024-07-10,Lille,Magasin,Mode,T-shirt coton,2,504.67,0.05,958.87,349.99,356
2024-07-10,Roubaix,Magasin,Mode,Pull laine,3,884.49,0.0,2653.47,1488.18,519
2024-07-11,Lille,Magasin,Maison,Étagère bois,4,279.59,0.0,1118.36,356.48,576
2024-07-11,En ligne,E-commerce,Mode,Pull laine,3,884.49,0.05,2520.8,1355.51,164
2024-07-11,Tourcoing,Magasin,Sport,Ballon foot,1,100.1,0.0,100.1,57.9,402
2024-07-11,En ligne,E-commerce,Mode,Baskets ville,7,460.51,0.0,3223.57,1036.35,235
2024-07-11,Dunkerque,Magasin,Mode,Robe été,5,296.52,0.0,1482.6,362.3,388
2024-07-11,Dunkerque,Magasin,Bricolage,Peinture 5L,5,609.0,0.05,2892.75,1475.05,180
2024-07-11,Amiens,Magasin,Bricolage,Tournevis set,1,636.28,0.0,636.28,320.44,140
2024-07-11,Roubaix,Magasin,Mode,Baskets ville,2,460.51,0.0,921.02,296.1,320
2024-07-11,Valenciennes,Magasin,Maison,Canapé 3 places,5,246.23,0.0,1231.15,284.4,393
2024-07-11,En ligne,E-commerce,Maison,Rideau occultant,1,101.21,0.2,80.97,24.65,279
2024-07-11,Tourcoing,Magasin,Électroménager,Réfrigérateur,6,387.37,0.0,2324.22,676.68,224
2024-07-11,Tourcoing,Magasin,Sport,Haltères 10kg,4,98.3,0.0,393.2,170.8,70
2024-07-11,Lille,Magasin,Maison,Couette 220x240,5,224.09,0.0,1120.45,451.95,349
2024-07-11,Roubaix,Magasin,Bricolage,Perceuse,6,105.66,0.0,633.96,130.2,517
2024-07-11,Dunkerque,Magasin,Électroménager,Bouilloire,1,726.04,0.0,726.04,392.3,244
2024-07-11,Dunkerque,Magasin,Mode,Veste hiver,4,655.99,0.0,2623.96,1296.32,455
2024-07-11,Amiens,Magasin,Bricolage,Perceuse,2,105.66,0.0,211.32,43.4,13
2024-07-11,Lille,Magasin,Sport,Haltères 10kg,3,98.3,0.0,294.9,128.1,141
2024-07-11,En ligne,E-commerce,Mode,Pull laine,3,884.49,0.0,2653.47,1488.18,504
2024-07-11,En ligne,E-commerce,Maison,Canapé 3 places,8,246.23,0.0,1969.84,455.04,204
2024-07-12,Dunkerque,Magasin,Sport,Haltères 10kg,4,98.3,0.0,393.2,170.8,498
2024-07-12,Valenciennes,Magasin,Sport,Tapis yoga,6,658.36,0.0,3950.16,2116.26,371
2024-07-12,Lille,Magasin,Maison,Canapé 3 places,2,246.23,0.0,492.46,113.76,461
2024-07-12,Amiens,Magasin,Mode,T-shirt coton,2,504.67,0.0,1009.34,400.46,224
2024-07-12,Roubaix,Magasin,Électroménager,Micro-ondes,1,453.16,0.0,453.16,171.56,74
2024-07-12,Valenciennes,Magasin,Mode,Robe été,2,296.52,0.0,593.04,144.92,210
2024-07-12,Valenciennes,Magasin,Électroménager,Réfrigérateur,7,387.37,0.0,2711.59,789.46,357
2024-07-12,Dunkerque,Magasin,Mode,Jean homme,6,272.27,0.0,1633.62,552.72,450
2024-07-12,Valenciennes,Magasin,Maison,Couette 220x240,5,224.09,0.0,1120.45,451.95,239
2024-07-12,Roubaix,Magasin,Sport,Maillot bain,5,350.77,0.1,1578.46,821.11,103
2024-07-12,En ligne,E-commerce,Électroménager,Aspirateur,5,191.18,0.0,955.9,482.75,311
2024-07-12,Lille,Magasin,Électroménager,Micro-ondes,8,453.16,0.0,3625.28,1372.48,328
2024-07-12,Lille,Magasin,Électroménager,Micro-ondes,5,453.16,0.0,2265.8,857.8,596
2024-07-13,En ligne,E-commerce,Mode,Veste hiver,1,655.99,0.0,655.99,324.08,424
2024-07-13,Roubaix,Magasin,Bricolage,Tournevis set,2,636.28,0.05,1208.93,577.25,206
2024-07-13,Dunkerque,Magasin,Sport,Vélo VTT,2,545.21,0.0,1090.42,469.0,507
2024-07-13,Lille,Magasin,Maison,Rideau occultant,1,101.21,0.0,101.21,44.89,220
2024-07-13,Dunkerque,Magasin,Maison,Couette 220x240,7,224.09,0.0,1568.63,632.73,597
2024-07-13,Amiens,Magasin,Maison,Couette 220x240,6,224.09,0.0,1344.54,542.34,546
2024-07-13,Lille,Magasin,Mode,Pull laine,5,884.49,0.0,4422.45,2480.3,344
2024-07-13,Tourcoing,Magasin,Maison,Rideau occultant,2,101.21,0.0,202.42,89.78,45
2024-07-13,Valenciennes,Magasin,Sport,Maillot bain,5,350.77,0.0,1753.85,996.5,24
2024-07-13,En ligne,E-commerce,Mode,T-shirt coton,1,504.67,0.0,504.67,200.23,70
2024-07-13,Dunkerque,Magasin,Maison,Couette 220x240,3,224.09,0.05,638.66,237.56,244
2024-07-13,Dunkerque,Magasin,Électroménager,Réfrigérateur,1,387.37,0.0,387.37,112.78,397
2024-07-13,Valenciennes,Magasin,Bricolage,Tournevis set,5,636.28,0.0,3181.4,1602.2,255
2024-07-13,Amiens,Magasin,Maison,Couette 220x240,3,224.09,0.0,672.27,271.17,87
2024-07-14,Lille,Magasin,Électroménager,Robot cuiseur,1,249.97,0.0,249.97,91.92,187
2024-07-14,En ligne,E-commerce,Maison,Set casseroles,3,706.85,0.05,2014.52,1116.98,313
2024-07-14,Roubaix,Magasin,Sport,Vélo VTT,7,545.21,0.0,3816.47,1641.5,163
2024-07-14,Lille,Magasin,Électroménager,Aspirateur,4,191.18,0.0,764.72,386.2,109
2024-07-14,Lille,Magasin,Maison,Canapé 3 places,6,246.23,0.0,1477.38,341.28,437
2024-07-14,Lille,Magasin,Maison,Set casseroles,5,706.85,0.0,3534.25,2038.35,486
2024-07-14,Valenciennes,Magasin,Maison,Canapé 3 places,7,246.23,0.0,1723.61,398.16,235
2024-07-14,Dunkerque,Magasin,Maison,Set casseroles,8,706.85,0.0,5654.8,3261.36,406
2024-07-14,Dunkerque,Magasin,Sport,Raquette tennis,5,706.19,0.0,3530.95,1810.2,30
2024-07-14,En ligne,E-commerce,Bricolage,Peinture 5L,2,609.0,0.05,1157.1,590.02,335
2024-07-14,Dunkerque,Magasin,Bricolage,Boîte à outils,1,83.21,0.1,74.89,14.67,187
2024-07-14,Dunkerque,Magasin,Bricolage,Tournevis set,5,636.28,0.0,3181.4,1602.2,426
2024-07-15,Roubaix,Magasin,Sport,Chaussures running,1,569.53,0.0,569.53,310.2,234
2024-07-15,Lille,Magasin,Sport,Tapis yoga,1,658.36,0.0,658.36,352.71,505
2024-07-15,Lille,Magasin,Bricolage,Boîte à outils,1,83.21,0.0,83.21,22.99,60
2024-07-15,Lille,Magasin,Électroménager,Réfrigérateur,3,387.37,0.0,1162.11,338.34,381
2024-07-15,Lille,Magasin,Mode,Pull laine,8,884.49,0.05,6722.12,3614.68,412
2024-07-15,Amiens,Magasin,Maison,Rideau occultant,7,101.21,0.0,708.47,314.23,403
2024-07-15,Dunkerque,Magasin,Sport,Raquette tennis,1,706.19,0.0,706.19,362.04,419
2024-07-15,En ligne,E-commerce,Mode,Baskets ville,5,460.51,0.0,2302.55,740.25,12
2024-07-15,Dunkerque,Magasin,Maison,Set casseroles,7,706.85,0.05,4700.55,2606.29,499
2024-07-15,Valenciennes,Magasin,Électroménager,Cafetière,6,392.24,0.1,2118.1,1052.02,286
2024-07-15,Amiens,Magasin,Maison,Étagère bois,1,279.59,0.0,279.59,89.12,326
2024-07-15,Lille,Magasin,Sport,Chaussures running,6,569.53,0.0,3417.18,1861.2,558
2024-07-15,Roubaix,Magasin,Mode,Jean homme,4,272.27,0.0,1089.08,368.48,450
2024-07-15,Lille,Magasin,Mode,Baskets ville,4,460.51,0.0,1842.04,592.2,4
2024-07-15,Roubaix,Magasin,Mode,Pull laine,3,884.49,0.0,2653.47,1488.18,291
2024-07-15,En ligne,E-commerce,Électroménager,Aspirateur,1,191.18,0.0,191.18,96.55,386
2024-07-15,Dunkerque,Magasin,Électroménager,Bouilloire,1,726.04,0.0,726.04,392.3,457
2024-07-15,Lille,Magasin,Électroménager,Bouilloire,7,726.04,0.0,5082.28,2746.1,312
2024-07-15,Lille,Magasin,Sport,Haltères 10kg,4,98.3,0.0,393.2,170.8,245
2024-07-16,Amiens,Magasin,Sport,Vélo VTT,7,545.21,0.0,3816.47,1641.5,435
2024-07-16,En ligne,E-commerce,Bricolage,Tournevis set,6,636.28,0.0,3817.68,1922.64,185
2024-07-16,Dunkerque,Magasin,Électroménager,Robot cuiseur,1,249.97,0.0,249.97,91.92,365
2024-07-16,Roubaix,Magasin,Électroménager,Cafetière,4,392.24,0.0,1568.96,858.24,526
2024-07-16,Valenciennes,Magasin,Mode,Veste hiver,2,655.99,0.0,1311.98,648.16,18
2024-07-16,Dunkerque,Magasin,Sport,Chaussures running,5,569.53,0.0,2847.65,1551.0,95
2024-07-16,En ligne,E-commerce,Sport,Vélo VTT,5,545.21,0.0,2726.05,1172.5,530
2024-07-16,Dunkerque,Magasin,Sport,Vélo VTT,1,545.21,0.0,545.21,234.5,41
2024-07-16,Dunkerque,Magasin,Mode,Baskets ville,3,460.51,0.05,1312.45,375.07,599
2024-07-16,Lille,Magasin,Électroménager,Cafetière,3,392.24,0.0,1176.72,643.68,9
2024-07-16,En ligne,E-commerce,Sport,Maillot bain,1,350.77,0.0,350.77,199.3,400
2024-07-16,Roubaix,Magasin,Mode,Robe été,9,296.52,0.0,2668.68,652.14,392
2024-07-16,Amiens,Magasin,Sport,Chaussures running,2,569.53,0.0,1139.06,620.4,233
2024-07-17,Amiens,Magasin,Bricolage,Tournevis set,7,636.28,0.0,4453.96,2243.08,314
2024-07-17,En ligne,E-commerce,Sport,Tapis yoga,1,658.36,0.0,658.36,352.71,314
2024-07-17,Lille,Magasin,Électroménager,Cafetière,5,392.24,0.0,1961.2,1072.8,288
2024-07-17,Dunkerque,Magasin,Sport,Tapis yoga,1,658.36,0.0,658.36,352.71,444
2024-07-17,Amiens,Magasin,Électroménager,Robot cuiseur,1,249.97,0.0,249.97,91.92,254
2024-07-17,Dunkerque,Magasin,Maison,Étagère bois,5,279.59,0.0,1397.95,445.6,358
2024-07-17,Roubaix,Magasin,Maison,Rideau occultant,7,101.21,0.0,708.47,314.23,383
2024-07-17,Tourcoing,Magasin,Sport,Haltères 10kg,5,98.3,0.0,491.5,213.5,79
2024-07-17,Valenciennes,Magasin,Sport,Chaussures running,4,569.53,0.05,2164.21,1126.89,537
2024-07-17,Lille,Magasin,Bricolage,Échelle alu,6,354.67,0.1,1915.22,797.6,444
2024-07-17,En ligne,E-commerce,Électroménager,Bouilloire,5,726.04,0.2,2904.16,1235.46,451
2024-07-17,Roubaix,Magasin,Mode,Veste hiver,6,655.99,0.0,3935.94,1944.48,304
2024-07-17,Amiens,Magasin,Bricolage,Tournevis set,6,636.28,0.0,3817.68,1922.64,103
2024-07-17,Valenciennes,Magasin,Mode,Pull laine,3,884.49,0.2,2122.78,957.49,569
2024-07-17,Dunkerque,Magasin,Maison,Lampe LED,5,134.22,0.0,671.1,341.4,558
2024-07-17,Lille,Magasin,Maison,Set casseroles,1,706.85,0.1,636.17,336.99,508
2024-07-17,En ligne,E-commerce,Maison,Étagère bois,1,279.59,0.0,279.59,89.12,175
2024-07-17,Amiens,Magasin,Maison,Rideau occultant,3,101.21,0.0,303.63,134.67,319
2024-07-17,Roubaix,Magasin,Bricolage,Peinture 5L,8,609.0,0.0,4872.0,2603.68,521
2024-07-18,En ligne,E-commerce,Électroménager,Micro-ondes,7,453.16,0.0,3172.12,1200.92,453
2024-07-18,En ligne,E-commerce,Électroménager,Cafetière,4,392.24,0.0,1568.96,858.24,549
2024-07-18,Lille,Magasin,Bricolage,Peinture 5L,3,609.0,0.0,1827.0,976.38,276
2024-07-18,Lille,Magasin,Maison,Lampe LED,4,134.22,0.0,536.88,273.12,23
2024-07-18,Roubaix,Magasin,Maison,Étagère bois,1,279.59,0.0,279.59,89.12,479
2024-07-18,Roubaix,Magasin,Mode,Robe été,5,296.52,0.1,1334.34,214.04,500
2024-07-18,Dunkerque,Magasin,Maison,Lampe LED,3,134.22,0.0,402.66,204.84,549
2024-07-18,Roubaix,Magasin,Maison,Canapé 3 places,2,246.23,0.0,492.46,113.76,39
2024-07-18,Valenciennes,Magasin,Bricolage,Peinture 5L,4,609.0,0.0,2436.0,1301.84,575
2024-07-18,Lille,Magasin,Sport,Raquette tennis,5,706.19,0.05,3354.4,1633.65,461
2024-07-18,Lille,Magasin,Électroménager,Micro-ondes,5,453.16,0.05,2152.51,744.51,299
2024-07-18,Roubaix,Magasin,Sport,Maillot bain,5,350.77,0.0,1753.85,996.5,557
2024-07-18,Dunkerque,Magasin,Maison,Étagère bois,3,279.59,0.0,838.77,267.36,210
2024-07-18,Lille,Magasin,Sport,Vélo VTT,3,545.21,0.0,1635.63,703.5,200
2024-07-18,Valenciennes,Magasin,Sport,Vélo VTT,1,545.21,0.0,545.21,234.5,21
2024-07-18,Lille,Magasin,Sport,Chaussures running,2,569.53,0.0,1139.06,620.4,473
2024-07-18,Dunkerque,Magasin,Bricolage,Perceuse,6,105.66,0.1,570.56,66.8,485
2024-07-18,Lille,Magasin,Mode,Baskets ville,5,460.51,0.1,2072.3,510.0,458
2024-07-18,Dunkerque,Magasin,Bricolage,Tournevis set,7,636.28,0.1,4008.56,1797.68,526
2024-07-18,Amiens,Magasin,Sport,Ballon foot,3,100.1,0.2,240.24,113.64,96
2024-07-18,Dunkerque,Magasin,Électroménager,Robot cuiseur,5,249.97,0.0,1249.85,459.6,267
2024-07-18,Lille,Magasin,Électroménager,Robot cuiseur,2,249.97,0.0,499.94,183.84,105
2024-07-18,En ligne,E-commerce,Mode,Robe été,1,296.52,0.0,296.52,72.46,85
2024-07-19,Lille,Magasin,Sport,Ballon foot,6,100.1,0.0,600.6,347.4,137
2024-07-19,Roubaix,Magasin,Électroménager,Micro-ondes,1,453.16,0.1,407.84,126.24,21
2024-07-19,Valenciennes,Magasin,Électroménager,Micro-ondes,8,453.16,0.0,3625.28,1372.48,506
2024-07-19,En ligne,E-commerce,Électroménager,Bouilloire,6,726.04,0.0,4356.24,2353.8,350
2024-07-19,Tourcoing,Magasin,Sport,Tapis yoga,6,658.36,0.0,3950.16,2116.26,507
2024-07-19,Valenciennes,Magasin,Bricolage,Échelle alu,5,354.67,0.0,1773.35,842.0,39
2024-07-19,Roubaix,Magasin,Bricolage,Échelle alu,1,354.67,0.0,354.67,168.4,336
2024-07-19,Amiens,Magasin,Électroménager,Réfrigérateur,5,387.37,0.0,1936.85,563.9,530
2024-07-19,Roubaix,Magasin,Électroménager,Robot cuiseur,1,249.97,0.0,249.97,91.92,66
2024-07-19,Roubaix,Magasin,Sport,Ballon foot,1,100.1,0.0,100.1,57.9,477
2024-07-19,Lille,Magasin,Sport,Chaussures running,3,569.53,0.05,1623.16,845.17,553
2024-07-20,Lille,Magasin,Sport,Raquette tennis,6,706.19,0.0,4237.14,2172.24,484
2024-07-20,Valenciennes,Magasin,Bricolage,Échelle alu,1,354.67,0.2,283.74,97.47,60
2024-07-20,En ligne,E-commerce,Bricolage,Échelle alu,3,354.67,0.2,851.21,292.4,453
2024-07-20,Lille,Magasin,Sport,Raquette tennis,8,706.19,0.0,5649.52,2896.32,400
2024-07-20,Dunkerque,Magasin,Bricolage,Perceuse,1,105.66,0.0,105.66,21.7,77
2024-07-20,Dunkerque,Magasin,Maison,Set casseroles,4,706.85,0.0,2827.4,1630.68,162
2024-07-20,En ligne,E-commerce,Sport,Raquette tennis,4,706.19,0.0,2824.76,1448.16,380
2024-07-20,Lille,Magasin,Sport,Tapis yoga,3,658.36,0.0,1975.08,1058.13,194
2024-07-20,Lille,Magasin,Maison,Lampe LED,3,134.22,0.0,402.66,204.84,81
2024-07-20,Lille,Magasin,Mode,T-shirt coton,5,504.67,0.0,2523.35,1001.15,55
2024-07-20,Dunkerque,Magasin,Maison,Set casseroles,5,706.85,0.0,3534.25,2038.35,271
2024-07-20,Valenciennes,Magasin,Électroménager,Cafetière,5,392.24,0.0,1961.2,1072.8,580
2024-07-20,Lille,Magasin,Maison,Lampe LED,2,134.22,0.0,268.44,136.56,501
2024-07-21,Lille,Magasin,Mode,T-shirt coton,4,504.67,0.0,2018.68,800.92,220
2024-07-21,En ligne,E-commerce,Mode,Robe été,2,296.52,0.0,593.04,144.92,398
2024-07-21,En ligne,E-commerce,Maison,Étagère bois,5,279.59,0.0,1397.95,445.6,298
2024-07-21,Lille,Magasin,Sport,Haltères 10kg,2,98.3,0.05,186.77,75.57,182
2024-07-21,Amiens,Magasin,Électroménager,Cafetière,5,392.24,0.0,1961.2,1072.8,130
2024-07-21,Lille,Magasin,Mode,Robe été,3,296.52,0.0,889.56,217.38,583
2024-07-21,En ligne,E-commerce,Mode,Baskets ville,6,460.51,0.0,2763.06,888.3,139
2024-07-21,Lille,Magasin,Maison,Set casseroles,1,706.85,0.0,706.85,407.67,469
2024-07-21,En ligne,E-commerce,Mode,Veste hiver,4,655.99,0.0,2623.96,1296.32,48
2024-07-22,Lille,Magasin,Bricolage,Peinture 5L,7,609.0,0.0,4263.0,2278.22,45
2024-07-22,En ligne,E-commerce,Électroménager,Réfrigérateur,5,387.37,0.0,1936.85,563.9,284
2024-07-22,En ligne,E-commerce,Maison,Rideau occultant,1,101.21,0.2,80.97,24.65,291
2024-07-22,Roubaix,Magasin,Bricolage,Perceuse,5,105.66,0.0,528.3,108.5,477
2024-07-22,Valenciennes,Magasin,Sport,Raquette tennis,5,706.19,0.1,3177.86,1457.11,598
2024-07-22,Valenciennes,Magasin,Bricolage,Échelle alu,2,354.67,0.0,709.34,336.8,581
2024-07-22,Lille,Magasin,Sport,Vélo VTT,2,545.21,0.0,1090.42,469.0,42
2024-07-22,Roubaix,Magasin,Sport,Tapis yoga,2,658.36,0.0,1316.72,705.42,484
2024-07-22,En ligne,E-commerce,Bricolage,Échelle alu,4,354.67,0.0,1418.68,673.6,511
2024-07-22,Amiens,Magasin,Mode,Robe été,7,296.52,0.0,2075.64,507.22,78
2024-07-22,Dunkerque,Magasin,Bricolage,Peinture 5L,1,609.0,0.0,609.0,325.46,598
2024-07-22,Dunkerque,Magasin,Maison,Lampe LED,3,134.22,0.1,362.39,164.57,237
2024-07-22,Amiens,Magasin,Sport,Raquette tennis,6,706.19,0.0,4237.14,2172.24,166
2024-07-22,En ligne,E-commerce,Mode,Jean homme,3,272.27,0.0,816.81,276.36,528
2024-07-22,Lille,Magasin,Sport,Vélo VTT,3,545.21,0.0,1635.63,703.5,57
2024-07-22,Tourcoing,Magasin,Électroménager,Robot cuiseur,4,249.97,0.0,999.88,367.68,337
2024-07-23,Roubaix,Magasin,Maison,Lampe LED,2,134.22,0.1,241.6,109.72,158
2024-07-23,Valenciennes,Magasin,Sport,Maillot bain,3,350.77,0.0,1052.31,597.9,97
2024-07-23,Amiens,Magasin,Mode,Robe été,6,296.52,0.0,1779.12,434.76,409
2024-07-23,Dunkerque,Magasin,Bricolage,Boîte à outils,7,83.21,0.0,582.47,160.93,292
2024-07-23,Amiens,Magasin,Sport,Maillot bain,6,350.77,0.05,1999.39,1090.57,5
2024-07-23,En ligne,E-commerce,Sport,Vélo VTT,2,545.21,0.0,1090.42,469.0,129
2024-07-23,En ligne,E-commerce,Électroménager,Bouilloire,4,726.04,0.0,2904.16,1569.2,223
2024-07-23,Dunkerque,Magasin,Mode,T-shirt coton,7,504.67,0.0,3532.69,1401.61,243
2024-07-23,Roubaix,Magasin,Mode,Jean homme,7,272.27,0.0,1905.89,644.84,476
2024-07-23,Amiens,Magasin,Mode,Pull laine,7,884.49,0.0,6191.43,3472.42,376
2024-07-23,Roubaix,Magasin,Maison,Set casseroles,6,706.85,0.05,4029.04,2233.96,534
2024-07-24,Lille,Magasin,Électroménager,Robot cuiseur,4,249.97,0.0,999.88,367.68,579
2024-07-24,Amiens,Magasin,Mode,Robe été,8,296.52,0.0,2372.16,579.68,289
2024-07-24,En ligne,E-commerce,Mode,Pull laine,5,884.49,0.0,4422.45,2480.3,190
2024-07-24,Lille,Magasin,Sport,Raquette tennis,3,706.19,0.0,2118.57,1086.12,568
2024-07-24,Tourcoing,Magasin,Sport,Tapis yoga,8,658.36,0.0,5266.88,2821.68,544
2024-07-24,En ligne,E-commerce,Sport,Chaussures running,2,569.53,0.2,911.25,392.59,278
2024-07-24,En ligne,E-commerce,Sport,Haltères 10kg,1,98.3,0.05,93.38,37.78,460
2024-07-24,Roubaix,Magasin,Électroménager,Micro-ondes,3,453.16,0.0,1359.48,514.68,425
2024-07-24,Roubaix,Magasin,Sport,Chaussures running,4,569.53,0.0,2278.12,1240.8,38
2024-07-24,Lille,Magasin,Électroménager,Robot cuiseur,2,249.97,0.0,499.94,183.84,324
2024-07-24,Dunkerque,Magasin,Bricolage,Perceuse,7,105.66,0.0,739.62,151.9,40
2024-07-24,Tourcoing,Magasin,Bricolage,Peinture 5L,1,609.0,0.0,609.0,325.46,202
2024-07-24,Roubaix,Magasin,Mode,Robe été,8,296.52,0.0,2372.16,579.68,221
2024-07-25,Lille,Magasin,Électroménager,Bouilloire,5,726.04,0.0,3630.2,1961.5,347
2024-07-25,Roubaix,Magasin,Maison,Couette 220x240,4,224.09,0.0,896.36,361.56,413
2024-07-25,Dunkerque,Magasin,Électroménager,Réfrigérateur,3,387.37,0.0,1162.11,338.34,226
2024-07-25,Lille,Magasin,Maison,Lampe LED,5,134.22,0.0,671.1,341.4,334
2024-07-25,Lille,Magasin,Sport,Raquette tennis,5,706.19,0.0,3530.95,1810.2,430
2024-07-25,Roubaix,Magasin,Mode,Robe été,6,296.52,0.05,1690.16,345.8,111
2024-07-25,Valenciennes,Magasin,Mode,Veste hiver,7,655.99,0.0,4591.93,2268.56,374
2024-07-25,Dunkerque,Magasin,Maison,Rideau occultant,3,101.21,0.0,303.63,134.67,462
2024-07-25,Dunkerque,Magasin,Électroménager,Robot cuiseur,1,249.97,0.05,237.47,79.42,52
2024-07-25,En ligne,E-commerce,Maison,Set casseroles,4,706.85,0.0,2827.4,1630.68,594
2024-07-25,En ligne,E-commerce,Sport,Vélo VTT,7,545.21,0.05,3625.65,1450.68,97
2024-07-25,En ligne,E-commerce,Mode,Pull laine,1,884.49,0.0,884.49,496.06,345
2024-07-25,Valenciennes,Magasin,Mode,Baskets ville,3,460.51,0.0,1381.53,444.15,116
2024-07-25,Roubaix,Magasin,Électroménager,Robot cuiseur,1,249.97,0.0,249.97,91.92,491
2024-07-25,Lille,Magasin,Sport,Ballon foot,2,100.1,0.0,200.2,115.8,438
2024-07-25,Lille,Magasin,Électroménager,Bouilloire,3,726.04,0.0,2178.12,1176.9,217
2024-07-25,Valenciennes,Magasin,Électroménager,Aspirateur,3,191.18,0.0,573.54,289.65,478
2024-07-25,Lille,Magasin,Électroménager,Bouilloire,1,726.04,0.0,726.04,392.3,191
2024-07-25,Dunkerque,Magasin,Mode,Robe été,6,296.52,0.05,1690.16,345.8,92
2024-07-25,Tourcoing,Magasin,Bricolage,Tournevis set,3,636.28,0.0,1908.84,961.32,139
2024-07-25,Dunkerque,Magasin,Sport,Haltères 10kg,5,98.3,0.0,491.5,213.5,523
2024-07-25,Lille,Magasin,Mode,Veste hiver,3,655.99,0.0,1967.97,972.24,75
2024-07-25,Amiens,Magasin,Sport,Chaussures running,3,569.53,0.0,1708.59,930.6,514
2024-07-25,Lille,Magasin,Maison,Rideau occultant,1,101.21,0.0,101.21,44.89,518
2024-07-25,Dunkerque,Magasin,Maison,Canapé 3 places,7,246.23,0.0,1723.61,398.16,431
2024-07-26,Dunkerque,Magasin,Sport,Chaussures running,5,569.53,0.0,2847.65,1551.0,166
2024-07-26,Roubaix,Magasin,Bricolage,Peinture 5L,6,609.0,0.05,3471.3,1770.06,231
2024-07-26,Amiens,Magasin,Électroménager,Bouilloire,6,726.04,0.0,4356.24,2353.8,455
2024-07-26,Lille,Magasin,Électroménager,Réfrigérateur,5,387.37,0.0,1936.85,563.9,57
2024-07-26,Dunkerque,Magasin,Maison,Couette 220x240,1,224.09,0.0,224.09,90.39,455
2024-07-26,En ligne,E-commerce,Mode,Jean homme,3,272.27,0.05,775.97,235.52,310
2024-07-26,Dunkerque,Magasin,Électroménager,Micro-ondes,4,453.16,0.0,1812.64,686.24,413
2024-07-26,Roubaix,Magasin,Sport,Chaussures running,4,569.53,0.05,2164.21,1126.89,552
2024-07-26,Lille,Magasin,Mode,Robe été,7,296.52,0.0,2075.64,507.22,252
2024-07-26,Amiens,Magasin,Mode,Baskets ville,6,460.51,0.1,2486.75,611.99,230
2024-07-26,Roubaix,Magasin,Électroménager,Cafetière,7,392.24,0.0,2745.68,1501.92,155
2024-07-26,Roubaix,Magasin,Sport,Maillot bain,1,350.77,0.0,350.77,199.3,408
2024-07-26,Roubaix,Magasin,Mode,Jean homme,6,272.27,0.0,1633.62,552.72,175
2024-07-26,Lille,Magasin,Bricolage,Boîte à outils,7,83.21,0.0,582.47,160.93,366
2024-07-26,Dunkerque,Magasin,Bricolage,Boîte à outils,2,83.21,0.0,166.42,45.98,359
2024-07-27,Lille,Magasin,Sport,Raquette tennis,6,706.19,0.0,4237.14,2172.24,151
2024-07-27,Valenciennes,Magasin,Bricolage,Peinture 5L,5,609.0,0.2,2436.0,1018.3,110
2024-07-27,Amiens,Magasin,Sport,Tapis yoga,3,658.36,0.2,1580.06,663.11,268
2024-07-27,Roubaix,Magasin,Électroménager,Aspirateur,3,191.18,0.0,573.54,289.65,296
2024-07-27,Dunkerque,Magasin,Sport,Haltères 10kg,2,98.3,0.0,196.6,85.4,300
2024-07-27,Amiens,Magasin,Maison,Étagère bois,2,279.59,0.05,531.22,150.28,133
2024-07-27,En ligne,E-commerce,Maison,Canapé 3 places,6,246.23,0.0,1477.38,341.28,588
2024-07-27,En ligne,E-commerce,Bricolage,Boîte à outils,3,83.21,0.0,249.63,68.97,149
2024-07-27,Lille,Magasin,Bricolage,Perceuse,6,105.66,0.0,633.96,130.2,396
2024-07-27,En ligne,E-commerce,Bricolage,Échelle alu,1,354.67,0.0,354.67,168.4,471
2024-07-27,Roubaix,Magasin,Mode,Baskets ville,4,460.51,0.05,1749.94,500.1,429
2024-07-28,Roubaix,Magasin,Sport,Vélo VTT,6,545.21,0.0,3271.26,1407.0,501
2024-07-28,Dunkerque,Magasin,Bricolage,Tournevis set,2,636.28,0.0,1272.56,640.88,386
2024-07-28,Dunkerque,Magasin,Sport,Maillot bain,5,350.77,0.0,1753.85,996.5,161
2024-07-28,En ligne,E-commerce,Électroménager,Bouilloire,6,726.04,0.0,4356.24,2353.8,231
2024-07-28,Amiens,Magasin,Électroménager,Robot cuiseur,8,249.97,0.05,1899.77,635.37,371
2024-07-28,Lille,Magasin,Maison,Canapé 3 places,3,246.23,0.1,664.82,96.77,538
2024-07-28,Valenciennes,Magasin,Maison,Couette 220x240,3,224.09,0.0,672.27,271.17,409
2024-07-28,Lille,Magasin,Mode,Baskets ville,1,460.51,0.05,437.48,125.02,423
2024-07-28,En ligne,E-commerce,Sport,Vélo VTT,5,545.21,0.0,2726.05,1172.5,323
2024-07-28,Amiens,Magasin,Électroménager,Aspirateur,3,191.18,0.0,573.54,289.65,345
2024-07-28,Valenciennes,Magasin,Sport,Ballon foot,2,100.1,0.0,200.2,115.8,259
2024-07-28,Amiens,Magasin,Sport,Maillot bain,5,350.77,0.0,1753.85,996.5,80
2024-07-28,Valenciennes,Magasin,Électroménager,Bouilloire,5,726.04,0.0,3630.2,1961.5,413
2024-07-28,En ligne,E-commerce,Maison,Lampe LED,5,134.22,0.0,671.1,341.4,198
2024-07-28,Valenciennes,Magasin,Maison,Lampe LED,8,134.22,0.0,1073.76,546.24,187
2024-07-28,Tourcoing,Magasin,Mode,T-shirt coton,7,504.67,0.0,3532.69,1401.61,396
2024-07-28,Amiens,Magasin,Maison,Rideau occultant,1,101.21,0.0,101.21,44.89,288
2024-07-28,Dunkerque,Magasin,Électroménager,Micro-ondes,1,453.16,0.0,453.16,171.56,417
2024-07-28,Roubaix,Magasin,Sport,Maillot bain,6,350.77,0.0,2104.62,1195.8,597
2024-07-28,Dunkerque,Magasin,Électroménager,Bouilloire,1,726.04,0.0,726.04,392.3,29
2024-07-29,Roubaix,Magasin,Bricolage,Boîte à outils,1,83.21,0.0,83.21,22.99,43
2024-07-29,Roubaix,Magasin,Maison,Set casseroles,1,706.85,0.0,706.85,407.67,325
2024-07-29,Valenciennes,Magasin,Maison,Lampe LED,1,134.22,0.0,134.22,68.28,575
2024-07-29,Roubaix,Magasin,Sport,Ballon foot,5,100.1,0.0,500.5,289.5,466
2024-07-29,En ligne,E-commerce,Mode,Robe été,8,296.52,0.0,2372.16,579.68,333
2024-07-29,Tourcoing,Magasin,Électroménager,Cafetière,5,392.24,0.0,1961.2,1072.8,567
2024-07-29,Lille,Magasin,Bricolage,Boîte à outils,7,83.21,0.0,582.47,160.93,568
2024-07-29,Roubaix,Magasin,Sport,Chaussures running,7,569.53,0.0,3986.71,2171.4,373
2024-07-29,Amiens,Magasin,Maison,Set casseroles,8,706.85,0.0,5654.8,3261.36,587
2024-07-29,Tourcoing,Magasin,Bricolage,Échelle alu,5,354.67,0.0,1773.35,842.0,268
2024-07-29,Lille,Magasin,Électroménager,Aspirateur,3,191.18,0.05,544.86,260.97,555
2024-07-29,Amiens,Magasin,Bricolage,Boîte à outils,6,83.21,0.0,499.26,137.94,377
2024-07-29,Tourcoing,Magasin,Électroménager,Bouilloire,4,726.04,0.0,2904.16,1569.2,519
2024-07-29,Dunkerque,Magasin,Sport,Haltères 10kg,8,98.3,0.0,786.4,341.6,429
2024-07-30,Amiens,Magasin,Sport,Chaussures running,5,569.53,0.0,2847.65,1551.0,8
2024-07-30,Amiens,Magasin,Sport,Chaussures running,5,569.53,0.0,2847.65,1551.0,80
2024-07-30,Tourcoing,Magasin,Électroménager,Aspirateur,5,191.18,0.0,955.9,482.75,221
2024-07-30,Valenciennes,Magasin,Mode,Veste hiver,6,655.99,0.0,3935.94,1944.48,283
2024-07-30,Roubaix,Magasin,Mode,T-shirt coton,4,504.67,0.0,2018.68,800.92,46
2024-07-30,Amiens,Magasin,Mode,Baskets ville,2,460.51,0.0,921.02,296.1,424
2024-07-30,Lille,Magasin,Sport,Vélo VTT,3,545.21,0.0,1635.63,703.5,65
2024-07-30,Valenciennes,Magasin,Électroménager,Aspirateur,1,191.18,0.0,191.18,96.55,411
2024-07-30,Tourcoing,Magasin,Bricolage,Boîte à outils,4,83.21,0.1,299.56,58.68,17
2024-07-30,Tourcoing,Magasin,Maison,Set casseroles,7,706.85,0.0,4947.95,2853.69,353
2024-07-30,Dunkerque,Magasin,Bricolage,Peinture 5L,2,609.0,0.0,1218.0,650.92,528
2024-07-30,Roubaix,Magasin,Mode,T-shirt coton,2,504.67,0.0,1009.34,400.46,465
2024-07-31,Roubaix,Magasin,Bricolage,Tournevis set,3,636.28,0.0,1908.84,961.32,468
2024-07-31,Lille,Magasin,Mode,Baskets ville,1,460.51,0.0,460.51,148.05,100
2024-07-31,Roubaix,Magasin,Mode,Baskets ville,7,460.51,0.0,3223.57,1036.35,249
2024-07-31,Valenciennes,Magasin,Sport,Tapis yoga,5,658.36,0.0,3291.8,1763.55,367
2024-07-31,Roubaix,Magasin,Mode,Baskets ville,5,460.51,0.0,2302.55,740.25,363
2024-07-31,Roubaix,Magasin,Bricolage,Peinture 5L,6,609.0,0.1,3288.6,1587.36,36
2024-07-31,En ligne,E-commerce,Sport,Haltères 10kg,4,98.3,0.1,353.88,131.48,417
2024-07-31,Roubaix,Magasin,Bricolage,Perceuse,3,105.66,0.2,253.58,1.7,402
2024-07-31,Roubaix,Magasin,Sport,Haltères 10kg,4,98.3,0.0,393.2,170.8,268
2024-07-31,Amiens,Magasin,Électroménager,Aspirateur,1,191.18,0.0,191.18,96.55,343
2024-07-31,Dunkerque,Magasin,Électroménager,Robot cuiseur,4,249.97,0.05,949.89,317.69,345
2024-07-31,Valenciennes,Magasin,Mode,Jean homme,3,272.27,0.0,816.81,276.36,279
2024-07-31,Lille,Magasin,Électroménager,Robot cuiseur,2,249.97,0.0,499.94,183.84,406
2024-07-31,Roubaix,Magasin,Bricolage,Boîte à outils,3,83.21,0.0,249.63,68.97,283
2024-07-31,Roubaix,Magasin,Bricolage,Tournevis set,1,636.28,0.0,636.28,320.44,226
2024-07-31,En ligne,E-commerce,Électroménager,Réfrigérateur,6,387.37,0.0,2324.22,676.68,470
2024-08-01,Dunkerque,Magasin,Mode,T-shirt coton,4,504.67,0.0,2018.68,800.92,53
2024-08-01,En ligne,E-commerce,Électroménager,Robot cuiseur,3,249.97,0.0,749.91,275.76,208
2024-08-01,Amiens,Magasin,Bricolage,Boîte à outils,5,83.21,0.0,416.05,114.95,317
2024-08-01,En ligne,E-commerce,Mode,Jean homme,3,272.27,0.0,816.81,276.36,305
2024-08-01,Valenciennes,Magasin,Mode,Robe été,4,296.52,0.0,1186.08,289.84,382
2024-08-01,Roubaix,Magasin,Maison,Étagère bois,3,279.59,0.0,838.77,267.36,86
2024-08-01,Amiens,Magasin,Maison,Étagère bois,1,279.59,0.0,279.59,89.12,135
2024-08-01,Tourcoing,Magasin,Électroménager,Robot cuiseur,1,249.97,0.0,249.97,91.92,139
2024-08-01,Lille,Magasin,Sport,Ballon foot,1,100.1,0.0,100.1,57.9,261
2024-08-01,Roubaix,Magasin,Bricolage,Perceuse,3,105.66,0.0,316.98,65.1,580
2024-08-01,Valenciennes,Magasin,Sport,Tapis yoga,3,658.36,0.0,1975.08,1058.13,402
2024-08-01,En ligne,E-commerce,Sport,Haltères 10kg,4,98.3,0.0,393.2,170.8,66
2024-08-01,En ligne,E-commerce,Sport,Raquette tennis,1,706.19,0.0,706.19,362.04,371
2024-08-01,Valenciennes,Magasin,Sport,Maillot bain,3,350.77,0.2,841.85,387.44,526
2024-08-01,Dunkerque,Magasin,Sport,Ballon foot,2,100.1,0.0,200.2,115.8,487
2024-08-02,Roubaix,Magasin,Sport,Chaussures running,1,569.53,0.1,512.58,253.25,142
2024-08-02,En ligne,E-commerce,Électroménager,Bouilloire,2,726.04,0.0,1452.08,784.6,382
2024-08-02,Lille,Magasin,Maison,Set casseroles,4,706.85,0.0,2827.4,1630.68,149
2024-08-02,Dunkerque,Magasin,Électroménager,Réfrigérateur,5,387.37,0.2,1549.48,176.53,154
2024-08-02,Roubaix,Magasin,Sport,Chaussures running,2,569.53,0.0,1139.06,620.4,98
2024-08-02,Dunkerque,Magasin,Électroménager,Micro-ondes,1,453.16,0.0,453.16,171.56,498
2024-08-02,Roubaix,Magasin,Bricolage,Échelle alu,3,354.67,0.0,1064.01,505.2,18
2024-08-02,Dunkerque,Magasin,Maison,Étagère bois,4,279.59,0.0,1118.36,356.48,519
2024-08-02,Valenciennes,Magasin,Maison,Étagère bois,1,279.59,0.0,279.59,89.12,323
2024-08-02,Dunkerque,Magasin,Sport,Haltères 10kg,2,98.3,0.0,196.6,85.4,181
2024-08-02,Dunkerque,Magasin,Mode,T-shirt coton,3,504.67,0.0,1514.01,600.69,482
2024-08-02,Lille,Magasin,Mode,Baskets ville,3,460.51,0.05,1312.45,375.07,489
2024-08-02,Amiens,Magasin,Électroménager,Cafetière,2,392.24,0.0,784.48,429.12,405
2024-08-02,Tourcoing,Magasin,Mode,Robe été,2,296.52,0.0,593.04,144.92,144
2024-08-02,Amiens,Magasin,Mode,Jean homme,4,272.27,0.0,1089.08,368.48,10
2024-08-02,Roubaix,Magasin,Sport,Raquette tennis,3,706.19,0.0,2118.57,1086.12,459
2024-08-03,Dunkerque,Magasin,Maison,Set casseroles,4,706.85,0.1,2544.66,1347.94,349
2024-08-03,Lille,Magasin,Mode,Jean homme,5,272.27,0.05,1293.28,392.53,69
2024-08-03,Roubaix,Magasin,Mode,Robe été,4,296.52,0.0,1186.08,289.84,462
2024-08-03,Lille,Magasin,Bricolage,Perceuse,1,105.66,0.0,105.66,21.7,213
2024-08-03,Lille,Magasin,Sport,Vélo VTT,3,545.21,0.0,1635.63,703.5,495
2024-08-03,Lille,Magasin,Électroménager,Robot cuiseur,4,249.97,0.0,999.88,367.68,222
2024-08-03,Lille,Magasin,Maison,Set casseroles,4,706.85,0.0,2827.4,1630.68,211
2024-08-03,Roubaix,Magasin,Bricolage,Boîte à outils,3,83.21,0.0,249.63,68.97,48
2024-08-03,En ligne,E-commerce,Mode,Pull laine,3,884.49,0.0,2653.47,1488.18,557
2024-08-03,Roubaix,Magasin,Mode,T-shirt coton,1,504.67,0.0,504.67,200.23,181
2024-08-03,Lille,Magasin,Bricolage,Tournevis set,3,636.28,0.0,1908.84,961.32,427
2024-08-03,Valenciennes,Magasin,Sport,Raquette tennis,4,706.19,0.0,2824.76,1448.16,378
2024-08-03,Dunkerque,Magasin,Sport,Tapis yoga,3,658.36,0.0,1975.08,1058.13,249
2024-08-03,Dunkerque,Magasin,Électroménager,Cafetière,1,392.24,0.0,392.24,214.56,453
2024-08-03,Lille,Magasin,Électroménager,Micro-ondes,4,453.16,0.0,1812.64,686.24,237
2024-08-03,Valenciennes,Magasin,Sport,Raquette tennis,1,706.19,0.0,706.19,362.04,483
2024-08-03,Lille,Magasin,Maison,Rideau occultant,3,101.21,0.0,303.63,134.67,548
2024-08-03,Amiens,Magasin,Bricolage,Perceuse,1,105.66,0.0,105.66,21.7,431
2024-08-04,Tourcoing,Magasin,Sport,Haltères 10kg,3,98.3,0.0,294.9,128.1,305
2024-08-04,Dunkerque,Magasin,Électroménager,Cafetière,2,392.24,0.0,784.48,429.12,394
2024-08-04,Lille,Magasin,Mode,Robe été,3,296.52,0.0,889.56,217.38,450
2024-08-04,Tourcoing,Magasin,Maison,Couette 220x240,1,224.09,0.0,224.09,90.39,573
2024-08-04,Roubaix,Magasin,Sport,Chaussures running,1,569.53,0.0,569.53,310.2,127
2024-08-04,Valenciennes,Magasin,Mode,Pull laine,3,884.49,0.0,2653.47,1488.18,198
2024-08-04,En ligne,E-commerce,Mode,Baskets ville,3,460.51,0.0,1381.53,444.15,381
2024-08-04,Amiens,Magasin,Électroménager,Bouilloire,5,726.04,0.0,3630.2,1961.5,120
2024-08-04,Tourcoing,Magasin,Sport,Ballon foot,4,100.1,0.0,400.4,231.6,287
2024-08-04,Dunkerque,Magasin,Bricolage,Perceuse,2,105.66,0.0,211.32,43.4,175
2024-08-04,Lille,Magasin,Électroménager,Réfrigérateur,2,387.37,0.1,697.27,148.09,91
2024-08-04,Amiens,Magasin,Sport,Vélo VTT,3,545.21,0.0,1635.63,703.5,253
2024-08-05,Amiens,Magasin,Électroménager,Cafetière,3,392.24,0.0,1176.72,643.68,509
2024-08-05,Lille,Magasin,Électroménager,Robot cuiseur,1,249.97,0.0,249.97,91.92,292
2024-08-05,Tourcoing,Magasin,Maison,Lampe LED,2,134.22,0.05,255.02,123.14,429
2024-08-05,En ligne,E-commerce,Maison,Set casseroles,1,706.85,0.0,706.85,407.67,417
2024-08-05,Roubaix,Magasin,Sport,Haltères 10kg,5,98.3,0.05,466.92,188.92,314
2024-08-05,Valenciennes,Magasin,Sport,Haltères 10kg,3,98.3,0.0,294.9,128.1,28
2024-08-05,Amiens,Magasin,Électroménager,Micro-ondes,4,453.16,0.0,1812.64,686.24,362
2024-08-05,Roubaix,Magasin,Mode,Pull laine,1,884.49,0.0,884.49,496.06,214
2024-08-05,Dunkerque,Magasin,Sport,Tapis yoga,2,658.36,0.1,1185.05,573.75,162
2024-08-05,Amiens,Magasin,Maison,Couette 220x240,3,224.09,0.0,672.27,271.17,511
2024-08-05,Dunkerque,Magasin,Mode,Jean homme,3,272.27,0.0,816.81,276.36,487
2024-08-05,Amiens,Magasin,Mode,Jean homme,3,272.27,0.0,816.81,276.36,422
2024-08-05,Valenciennes,Magasin,Sport,Chaussures running,4,569.53,0.1,2050.31,1012.99,165
2024-08-05,En ligne,E-commerce,Maison,Canapé 3 places,4,246.23,0.0,984.92,227.52,42
2024-08-05,En ligne,E-commerce,Mode,Jean homme,1,272.27,0.0,272.27,92.12,371
2024-08-05,Lille,Magasin,Mode,Robe été,5,296.52,0.0,1482.6,362.3,195
2024-08-05,Lille,Magasin,Électroménager,Robot cuiseur,1,249.97,0.0,249.97,91.92,345
2024-08-05,Dunkerque,Magasin,Bricolage,Peinture 5L,1,609.0,0.0,609.0,325.46,155
2024-08-05,Lille,Magasin,Sport,Ballon foot,3,100.1,0.0,300.3,173.7,450
2024-08-05,Lille,Magasin,Bricolage,Peinture 5L,1,609.0,0.05,578.55,295.01,406
2024-08-05,Tourcoing,Magasin,Électroménager,Robot cuiseur,3,249.97,0.0,749.91,275.76,44
2024-08-05,Valenciennes,Magasin,Sport,Chaussures running,1,569.53,0.0,569.53,310.2,300
2024-08-06,Roubaix,Magasin,Électroménager,Bouilloire,2,726.04,0.0,1452.08,784.6,451
2024-08-06,Lille,Magasin,Bricolage,Tournevis set,1,636.28,0.0,636.28,320.44,372
2024-08-06,Roubaix,Magasin,Mode,Veste hiver,1,655.99,0.0,655.99,324.08,176
2024-08-06,Lille,Magasin,Sport,Haltères 10kg,3,98.3,0.0,294.9,128.1,555
2024-08-06,Tourcoing,Magasin,Électroménager,Bouilloire,4,726.04,0.0,2904.16,1569.2,355
2024-08-06,Amiens,Magasin,Mode,T-shirt coton,1,504.67,0.0,504.67,200.23,447
2024-08-06,Dunkerque,Magasin,Mode,Jean homme,5,272.27,0.2,1089.08,188.33,454
2024-08-06,Amiens,Magasin,Maison,Étagère bois,1,279.59,0.05,265.61,75.14,370
2024-08-06,Amiens,Magasin,Sport,Vélo VTT,3,545.21,0.0,1635.63,703.5,243
2024-08-06,Tourcoing,Magasin,Mode,Veste hiver,4,655.99,0.05,2492.76,1165.12,239
2024-08-06,Amiens,Magasin,Bricolage,Boîte à outils,1,83.21,0.0,83.21,22.99,179
2024-08-06,Lille,Magasin,Électroménager,Réfrigérateur,2,387.37,0.0,774.74,225.56,293
2024-08-06,Lille,Magasin,Électroménager,Aspirateur,1,191.18,0.05,181.62,86.99,284
2024-08-06,Lille,Magasin,Électroménager,Micro-ondes,1,453.16,0.1,407.84,126.24,137
2024-08-06,Lille,Magasin,Mode,Jean homme,1,272.27,0.0,272.27,92.12,85
2024-08-06,Tourcoing,Magasin,Mode,Jean homme,3,272.27,0.0,816.81,276.36,54
2024-08-06,Roubaix,Magasin,Mode,Pull laine,2,884.49,0.0,1768.98,992.12,44
2024-08-06,Valenciennes,Magasin,Électroménager,Bouilloire,3,726.04,0.0,2178.12,1176.9,249
2024-08-06,Lille,Magasin,Bricolage,Échelle alu,5,354.67,0.0,1773.35,842.0,396
2024-08-07,Tourcoing,Magasin,Électroménager,Robot cuiseur,1,249.97,0.0,249.97,91.92,33
2024-08-07,Roubaix,Magasin,Sport,Haltères 10kg,3,98.3,0.0,294.9,128.1,566
2024-08-07,Dunkerque,Magasin,Mode,Pull laine,4,884.49,0.0,3537.96,1984.24,485
2024-08-07,Amiens,Magasin,Électroménager,Aspirateur,5,191.18,0.0,955.9,482.75,338
2024-08-07,Tourcoing,Magasin,Bricolage,Peinture 5L,2,609.0,0.0,1218.0,650.92,37
2024-08-07,En ligne,E-commerce,Bricolage,Perceuse,4,105.66,0.0,422.64,86.8,55
2024-08-07,En ligne,E-commerce,Maison,Couette 220x240,1,224.09,0.0,224.09,90.39,246
2024-08-07,Lille,Magasin,Bricolage,Échelle alu,5,354.67,0.0,1773.35,842.0,103
2024-08-07,En ligne,E-commerce,Sport,Chaussures running,2,569.53,0.0,1139.06,620.4,281
2024-08-07,Dunkerque,Magasin,Maison,Lampe LED,2,134.22,0.0,268.44,136.56,66
2024-08-07,Roubaix,Magasin,Électroménager,Bouilloire,1,726.04,0.0,726.04,392.3,285
2024-08-07,Lille,Magasin,Bricolage,Perceuse,1,105.66,0.0,105.66,21.7,411
2024-08-07,Dunkerque,Magasin,Bricolage,Boîte à outils,1,83.21,0.05,79.05,18.83,95
2024-08-07,Dunkerque,Magasin,Sport,Raquette tennis,2,706.19,0.2,1129.9,441.6,240
2024-08-07,En ligne,E-commerce,Électroménager,Aspirateur,2,191.18,0.0,382.36,193.1,472
2024-08-07,Roubaix,Magasin,Sport,Chaussures running,4,569.53,0.0,2278.12,1240.8,54
2024-08-07,Roubaix,Magasin,Électroménager,Robot cuiseur,1,249.97,0.0,249.97,91.92,156
2024-08-07,Dunkerque,Magasin,Sport,Maillot bain,2,350.77,0.05,666.46,363.52,511
2024-08-07,Lille,Magasin,Maison,Rideau occultant,3,101.21,0.1,273.27,104.31,575
2024-08-07,Dunkerque,Magasin,Sport,Ballon foot,3,100.1,0.0,300.3,173.7,14
2024-08-07,Roubaix,Magasin,Maison,Rideau occultant,2,101.21,0.0,202.42,89.78,246
2024-08-07,Valenciennes,Magasin,Sport,Raquette tennis,2,706.19,0.0,1412.38,724.08,361
2024-08-07,En ligne,E-commerce,Électroménager,Cafetière,3,392.24,0.0,1176.72,643.68,582
2024-08-08,Amiens,Magasin,Électroménager,Robot cuiseur,1,249.97,0.1,224.97,66.92,525
2024-08-08,Tourcoing,Magasin,Sport,Raquette tennis,5,706.19,0.0,3530.95,1810.2,413
2024-08-08,Lille,Magasin,Bricolage,Tournevis set,6,636.28,0.1,3435.91,1540.87,551
2024-08-08,Amiens,Magasin,Maison,Canapé 3 places,1,246.23,0.0,246.23,56.88,409
2024-08-08,Roubaix,Magasin,Bricolage,Perceuse,1,105.66,0.0,105.66,21.7,130
2024-08-08,Lille,Magasin,Électroménager,Robot cuiseur,4,249.97,0.0,999.88,367.68,108
2024-08-08,Dunkerque,Magasin,Sport,Ballon foot,4,100.1,0.0,400.4,231.6,444
2024-08-08,Roubaix,Magasin,Bricolage,Perceuse,4,105.66,0.0,422.64,86.8,108
2024-08-08,Roubaix,Magasin,Mode,T-shirt coton,5,504.67,0.0,2523.35,1001.15,251
2024-08-08,Dunkerque,Magasin,Maison,Couette 220x240,1,224.09,0.0,224.09,90.39,257
2024-08-08,Dunkerque,Magasin,Électroménager,Robot cuiseur,4,249.97,0.0,999.88,367.68,57
2024-08-08,Roubaix,Magasin,Électroménager,Micro-ondes,5,453.16,0.0,2265.8,857.8,165
2024-08-09,Roubaix,Magasin,Électroménager,Aspirateur,2,191.18,0.0,382.36,193.1,473
2024-08-09,Valenciennes,Magasin,Mode,T-shirt coton,3,504.67,0.2,1211.21,297.89,56
2024-08-09,Dunkerque,Magasin,Bricolage,Échelle alu,3,354.67,0.0,1064.01,505.2,401
2024-08-09,Tourcoing,Magasin,Sport,Vélo VTT,3,545.21,0.0,1635.63,703.5,134
2024-08-09,En ligne,E-commerce,Bricolage,Perceuse,6,105.66,0.0,633.96,130.2,95
2024-08-09,En ligne,E-commerce,Sport,Maillot bain,2,350.77,0.0,701.54,398.6,502
2024-08-09,Amiens,Magasin,Sport,Raquette tennis,4,706.19,0.0,2824.76,1448.16,145
2024-08-09,Dunkerque,Magasin,Mode,Robe été,2,296.52,0.0,593.04,144.92,205
2024-08-09,Lille,Magasin,Électroménager,Micro-ondes,1,453.16,0.0,453.16,171.56,440
2024-08-09,Tourcoing,Magasin,Sport,Chaussures running,4,569.53,0.0,2278.12,1240.8,446
2024-08-09,Dunkerque,Magasin,Maison,Lampe LED,2,134.22,0.0,268.44,136.56,325
2024-08-10,En ligne,E-commerce,Mode,Baskets ville,3,460.51,0.05,1312.45,375.07,570
2024-08-10,Lille,Magasin,Maison,Rideau occultant,1,101.21,0.0,101.21,44.89,320
2024-08-10,Roubaix,Magasin,Électroménager,Robot cuiseur,1,249.97,0.0,249.97,91.92,392
2024-08-10,Lille,Magasin,Électroménager,Micro-ondes,2,453.16,0.0,906.32,343.12,12
2024-08-10,Lille,Magasin,Sport,Chaussures running,2,569.53,0.0,1139.06,620.4,329
2024-08-10,Amiens,Magasin,Bricolage,Boîte à outils,2,83.21,0.2,133.14,12.7,179
2024-08-10,Valenciennes,Magasin,Bricolage,Boîte à outils,3,83.21,0.0,249.63,68.97,309
2024-08-10,Tourcoing,Magasin,Électroménager,Aspirateur,2,191.18,0.2,305.89,116.63,322
2024-08-10,En ligne,E-commerce,Sport,Raquette tennis,1,706.19,0.0,706.19,362.04,121
2024-08-10,En ligne,E-commerce,Électroménager,Réfrigérateur,3,387.37,0.2,929.69,105.92,82
2024-08-11,Valenciennes,Magasin,Sport,Tapis yoga,4,658.36,0.0,2633.44,1410.84,546
2024-08-11,Tourcoing,Magasin,Électroménager,Robot cuiseur,3,249.97,0.0,749.91,275.76,71
2024-08-11,Valenciennes,Magasin,Électroménager,Aspirateur,5,191.18,0.0,955.9,482.75,261
2024-08-11,Valenciennes,Magasin,Bricolage,Peinture 5L,2,609.0,0.0,1218.0,650.92,512
2024-08-11,Tourcoing,Magasin,Électroménager,Micro-ondes,1,453.16,0.0,453.16,171.56,203
2024-08-11,Lille,Magasin,Électroménager,Cafetière,4,392.24,0.0,1568.96,858.24,395
2024-08-11,Lille,Magasin,Bricolage,Peinture 5L,1,609.0,0.0,609.0,325.46,141
2024-08-11,En ligne,E-commerce,Électroménager,Cafetière,1,392.24,0.0,392.24,214.56,218
2024-08-11,Dunkerque,Magasin,Sport,Ballon foot,2,100.1,0.05,190.19,105.79,125
2024-08-11,Amiens,Magasin,Sport,Ballon foot,3,100.1,0.0,300.3,173.7,143
2024-08-11,Dunkerque,Magasin,Sport,Vélo VTT,1,545.21,0.0,545.21,234.5,503
2024-08-11,Roubaix,Magasin,Bricolage,Perceuse,2,105.66,0.1,190.19,22.27,78
2024-08-11,Amiens,Magasin,Sport,Chaussures running,2,569.53,0.0,1139.06,620.4,173
2024-08-11,Dunkerque,Magasin,Maison,Set casseroles,3,706.85,0.0,2120.55,1223.01,206
2024-08-11,En ligne,E-commerce,Maison,Rideau occultant,4,101.21,0.0,404.84,179.56,7
2024-08-11,En ligne,E-commerce,Bricolage,Échelle alu,2,354.67,0.05,673.87,301.33,294
2024-08-11,Tourcoing,Magasin,Sport,Tapis yoga,1,658.36,0.0,658.36,352.71,500
2024-08-11,Lille,Magasin,Maison,Couette 220x240,2,224.09,0.0,448.18,180.78,202
2024-08-12,Roubaix,Magasin,Électroménager,Réfrigérateur,2,387.37,0.0,774.74,225.56,59
2024-08-12,Valenciennes,Magasin,Mode,Robe été,1,296.52,0.0,296.52,72.46,374
2024-08-12,Lille,Magasin,Maison,Étagère bois,2,279.59,0.0,559.18,178.24,189
2024-08-12,Dunkerque,Magasin,Sport,Chaussures running,2,569.53,0.0,1139.06,620.4,323
2024-08-12,Lille,Magasin,Sport,Maillot bain,4,350.77,0.0,1403.08,797.2,403
2024-08-12,Amiens,Magasin,Électroménager,Bouilloire,3,726.04,0.0,2178.12,1176.9,592
2024-08-12,Lille,Magasin,Électroménager,Robot cuiseur,6,249.97,0.0,1499.82,551.52,301
2024-08-12,Valenciennes,Magasin,Électroménager,Bouilloire,2,726.04,0.0,1452.08,784.6,468
2024-08-12,Lille,Magasin,Maison,Lampe LED,1,134.22,0.0,134.22,68.28,445
2024-08-12,Amiens,Magasin,Électroménager,Réfrigérateur,1,387.37,0.0,387.37,112.78,536
2024-08-12,Amiens,Magasin,Maison,Lampe LED,2,134.22,0.0,268.44,136.56,22
2024-08-12,Dunkerque,Magasin,Mode,Pull laine,3,884.49,0.1,2388.12,1222.83,122
2024-08-12,Lille,Magasin,Électroménager,Robot cuiseur,1,249.97,0.0,249.97,91.92,516
2024-08-12,Lille,Magasin,Maison,Couette 220x240,4,224.09,0.0,896.36,361.56,223
2024-08-12,Lille,Magasin,Sport,Ballon foot,4,100.1,0.0,400.4,231.6,451
2024-08-12,Amiens,Magasin,Sport,Haltères 10kg,3,98.3,0.0,294.9,128.1,260
2024-08-12,Roubaix,Magasin,Maison,Rideau occultant,3,101.21,0.0,303.63,134.67,179
2024-08-12,Amiens,Magasin,Sport,Tapis yoga,4,658.36,0.0,2633.44,1410.84,509
2024-08-13,Roubaix,Magasin,Sport,Tapis yoga,1,658.36,0.0,658.36,352.71,204
2024-08-13,Lille,Magasin,Électroménager,Micro-ondes,1,453.16,0.0,453.16,171.56,153
2024-08-13,Dunkerque,Magasin,Sport,Raquette tennis,4,706.19,0.0,2824.76,1448.16,290
2024-08-13,Dunkerque,Magasin,Maison,Canapé 3 places,3,246.23,0.0,738.69,170.64,442
2024-08-13,Valenciennes,Magasin,Bricolage,Peinture 5L,3,609.0,0.0,1827.0,976.38,240
2024-08-13,Roubaix,Magasin,Électroménager,Micro-ondes,4,453.16,0.0,1812.64,686.24,11
2024-08-13,Lille,Magasin,Électroménager,Réfrigérateur,2,387.37,0.0,774.74,225.56,442
2024-08-13,En ligne,E-commerce,Sport,Raquette tennis,1,706.19,0.0,706.19,362.04,133
2024-08-13,Roubaix,Magasin,Mode,Jean homme,1,272.27,0.05,258.66,78.51,47
2024-08-13,Roubaix,Magasin,Mode,Veste hiver,3,655.99,0.0,1967.97,972.24,256
2024-08-14,Lille,Magasin,Maison,Couette 220x240,1,224.09,0.1,201.68,67.98,294
2024-08-14,En ligne,E-commerce,Sport,Chaussures running,1,569.53,0.0,569.53,310.2,272
2024-08-14,Roubaix,Magasin,Mode,Robe été,1,296.52,0.0,296.52,72.46,273
2024-08-14,Roubaix,Magasin,Sport,Vélo VTT,3,545.21,0.0,1635.63,703.5,172
2024-08-14,Valenciennes,Magasin,Sport,Chaussures running,1,569.53,0.0,569.53,310.2,366
2024-08-14,Roubaix,Magasin,Bricolage,Peinture 5L,3,609.0,0.0,1827.0,976.38,458
2024-08-14,Lille,Magasin,Mode,Baskets ville,3,460.51,0.1,1243.38,306.0,228
2024-08-14,Roubaix,Magasin,Électroménager,Bouilloire,2,726.04,0.0,1452.08,784.6,244
2024-08-14,Lille,Magasin,Maison,Rideau occultant,4,101.21,0.0,404.84,179.56,365
2024-08-14,En ligne,E-commerce,Maison,Rideau occultant,1,101.21,0.0,101.21,44.89,464
2024-08-14,Valenciennes,Magasin,Électroménager,Aspirateur,4,191.18,0.0,764.72,386.2,16
2024-08-14,Roubaix,Magasin,Bricolage,Peinture 5L,3,609.0,0.0,1827.0,976.38,367
2024-08-14,Lille,Magasin,Électroménager,Cafetière,5,392.24,0.0,1961.2,1072.8,600
2024-08-14,En ligne,E-commerce,Maison,Étagère bois,1,279.59,0.0,279.59,89.12,108
2024-08-14,Tourcoing,Magasin,Sport,Maillot bain,3,350.77,0.0,1052.31,597.9,467
2024-08-14,En ligne,E-commerce,Maison,Set casseroles,3,706.85,0.0,2120.55,1223.01,573
2024-08-15,Amiens,Magasin,Électroménager,Aspirateur,1,191.18,0.05,181.62,86.99,207
2024-08-15,Roubaix,Magasin,Électroménager,Micro-ondes,1,453.16,0.0,453.16,171.56,315
2024-08-15,Valenciennes,Magasin,Bricolage,Tournevis set,2,636.28,0.1,1145.3,513.62,565
2024-08-15,Amiens,Magasin,Électroménager,Robot cuiseur,2,249.97,0.0,499.94,183.84,143
2024-08-15,Tourcoing,Magasin,Maison,Étagère bois,4,279.59,0.0,1118.36,356.48,495
2024-08-15,Valenciennes,Magasin,Maison,Lampe LED,4,134.22,0.0,536.88,273.12,528
2024-08-15,Tourcoing,Magasin,Mode,Veste hiver,4,655.99,0.0,2623.96,1296.32,394
2024-08-15,Lille,Magasin,Bricolage,Boîte à outils,1,83.21,0.0,83.21,22.99,407
2024-08-15,Amiens,Magasin,Bricolage,Peinture 5L,1,609.0,0.0,609.0,325.46,356
2024-08-15,Lille,Magasin,Maison,Set casseroles,2,706.85,0.2,1130.96,532.6,196
2024-08-15,Amiens,Magasin,Sport,Vélo VTT,3,545.21,0.0,1635.63,703.5,305
2024-08-15,Amiens,Magasin,Sport,Tapis yoga,5,658.36,0.0,3291.8,1763.55,529
2024-08-15,En ligne,E-commerce,Maison,Couette 220x240,4,224.09,0.0,896.36,361.56,380
2024-08-15,Roubaix,Magasin,Mode,T-shirt coton,3,504.67,0.0,1514.01,600.69,213
2024-08-15,Roubaix,Magasin,Maison,Étagère bois,4,279.59,0.0,1118.36,356.48,262
2024-08-15,Roubaix,Magasin,Mode,Jean homme,2,272.27,0.0,544.54,184.24,14
2024-08-15,Lille,Magasin,Mode,Robe été,1,296.52,0.0,296.52,72.46,170
2024-08-15,Roubaix,Magasin,Sport,Chaussures running,3,569.53,0.1,1537.73,759.74,151
2024-08-16,Amiens,Magasin,Maison,Rideau occultant,3,101.21,0.0,303.63,134.67,328
2024-08-16,Amiens,Magasin,Maison,Étagère bois,1,279.59,0.2,223.67,33.2,353
2024-08-16,Roubaix,Magasin,Sport,Maillot bain,2,350.77,0.0,701.54,398.6,73
2024-08-16,En ligne,E-commerce,Mode,Veste hiver,1,655.99,0.0,655.99,324.08,399
2024-08-16,En ligne,E-commerce,Sport,Chaussures running,3,569.53,0.1,1537.73,759.74,452
2024-08-16,Amiens,Magasin,Maison,Couette 220x240,3,224.09,0.0,672.27,271.17,535
2024-08-16,Lille,Magasin,Bricolage,Échelle alu,2,354.67,0.0,709.34,336.8,368
2024-08-16,Roubaix,Magasin,Électroménager,Bouilloire,1,726.04,0.0,726.04,392.3,89
2024-08-16,Lille,Magasin,Bricolage,Échelle alu,4,354.67,0.0,1418.68,673.6,104
2024-08-16,Dunkerque,Magasin,Sport,Haltères 10kg,2,98.3,0.0,196.6,85.4,276
2024-08-16,Amiens,Magasin,Sport,Maillot bain,3,350.77,0.05,999.69,545.28,326
2024-08-16,Dunkerque,Magasin,Sport,Maillot bain,1,350.77,0.0,350.77,199.3,56
2024-08-16,Tourcoing,Magasin,Mode,Baskets ville,4,460.51,0.0,1842.04,592.2,575
2024-08-16,Dunkerque,Magasin,Maison,Étagère bois,1,279.59,0.2,223.67,33.2,332
2024-08-16,Lille,Magasin,Maison,Couette 220x240,2,224.09,0.0,448.18,180.78,50
2024-08-17,Lille,Magasin,Électroménager,Cafetière,2,392.24,0.0,784.48,429.12,95
2024-08-17,Lille,Magasin,Mode,T-shirt coton,2,504.67,0.0,1009.34,400.46,240
2024-08-17,Dunkerque,Magasin,Mode,Veste hiver,5,655.99,0.0,3279.95,1620.4,441
2024-08-17,En ligne,E-commerce,Maison,Couette 220x240,3,224.09,0.05,638.66,237.56,9
2024-08-17,Amiens,Magasin,Sport,Ballon foot,4,100.1,0.0,400.4,231.6,30
2024-08-17,Amiens,Magasin,Bricolage,Perceuse,3,105.66,0.0,316.98,65.1,331
2024-08-17,Lille,Magasin,Bricolage,Boîte à outils,2,83.21,0.0,166.42,45.98,596
2024-08-17,Amiens,Magasin,Sport,Vélo VTT,1,545.21,0.0,545.21,234.5,128
2024-08-17,En ligne,E-commerce,Sport,Raquette tennis,1,706.19,0.0,706.19,362.04,183
2024-08-17,Tourcoing,Magasin,Électroménager,Micro-ondes,1,453.16,0.0,453.16,171.56,505
2024-08-17,Roubaix,Magasin,Électroménager,Micro-ondes,2,453.16,0.0,906.32,343.12,566
2024-08-17,Roubaix,Magasin,Sport,Chaussures running,2,569.53,0.0,1139.06,620.4,361
2024-08-17,Roubaix,Magasin,Sport,Ballon foot,2,100.1,0.0,200.2,115.8,143
2024-08-17,Amiens,Magasin,Bricolage,Échelle alu,1,354.67,0.1,319.2,132.93,138
2024-08-17,Roubaix,Magasin,Bricolage,Échelle alu,2,354.67,0.0,709.34,336.8,89
2024-08-17,Tourcoing,Magasin,Sport,Haltères 10kg,1,98.3,0.0,98.3,42.7,577
2024-08-17,Lille,Magasin,Sport,Haltères 10kg,3,98.3,0.0,294.9,128.1,198
2024-08-18,Roubaix,Magasin,Maison,Rideau occultant,2,101.21,0.0,202.42,89.78,397
2024-08-18,Tourcoing,Magasin,Mode,Baskets ville,1,460.51,0.1,414.46,102.0,361
2024-08-18,Dunkerque,Magasin,Mode,Veste hiver,4,655.99,0.0,2623.96,1296.32,209
2024-08-18,En ligne,E-commerce,Mode,Jean homme,2,272.27,0.1,490.09,129.79,127
2024-08-18,Valenciennes,Magasin,Électroménager,Bouilloire,1,726.04,0.05,689.74,356.0,108
2024-08-18,Valenciennes,Magasin,Maison,Rideau occultant,3,101.21,0.0,303.63,134.67,155
2024-08-18,Valenciennes,Magasin,Sport,Haltères 10kg,1,98.3,0.05,93.38,37.78,225
2024-08-18,Roubaix,Magasin,Mode,Veste hiver,1,655.99,0.0,655.99,324.08,88
2024-08-18,Lille,Magasin,Électroménager,Aspirateur,4,191.18,0.0,764.72,386.2,430
2024-08-18,Dunkerque,Magasin,Maison,Rideau occultant,2,101.21,0.0,202.42,89.78,339
2024-08-18,Tourcoing,Magasin,Électroménager,Cafetière,1,392.24,0.0,392.24,214.56,372
2024-08-18,Roubaix,Magasin,Bricolage,Tournevis set,1,636.28,0.2,509.02,193.18,224
2024-08-18,Lille,Magasin,Maison,Couette 220x240,4,224.09,0.1,806.72,271.92,335
2024-08-18,Dunkerque,Magasin,Maison,Lampe LED,2,134.22,0.0,268.44,136.56,103
2024-08-18,Dunkerque,Magasin,Électroménager,Réfrigérateur,2,387.37,0.0,774.74,225.56,372
2024-08-18,Lille,Magasin,Bricolage,Boîte à outils,3,83.21,0.0,249.63,68.97,417
2024-08-18,Dunkerque,Magasin,Maison,Étagère bois,3,279.59,0.2,671.02,99.61,191
2024-08-18,Lille,Magasin,Maison,Set casseroles,1,706.85,0.0,706.85,407.67,213
2024-08-18,Lille,Magasin,Électroménager,Robot cuiseur,3,249.97,0.0,749.91,275.76,148
2024-08-18,En ligne,E-commerce,Mode,Robe été,1,296.52,0.0,296.52,72.46,535
2024-08-18,En ligne,E-commerce,Bricolage,Tournevis set,3,636.28,0.0,1908.84,961.32,284
2024-08-18,Lille,Magasin,Mode,Robe été,2,296.52,0.0,593.04,144.92,162
2024-08-18,Dunkerque,Magasin,Mode,Robe été,4,296.52,0.0,1186.08,289.84,38
2024-08-18,Roubaix,Magasin,Bricolage,Échelle alu,3,354.67,0.0,1064.01,505.2,569
2024-08-19,Amiens,Magasin,Sport,Chaussures running,3,569.53,0.05,1623.16,845.17,52
2024-08-19,Dunkerque,Magasin,Sport,Haltères 10kg,5,98.3,0.1,442.35,164.35,214
2024-08-19,Dunkerque,Magasin,Sport,Haltères 10kg,2,98.3,0.0,196.6,85.4,527
2024-08-19,Dunkerque,Magasin,Bricolage,Tournevis set,3,636.28,0.0,1908.84,961.32,2
2024-08-19,Lille,Magasin,Maison,Couette 220x240,1,224.09,0.0,224.09,90.39,434
2024-08-19,En ligne,E-commerce,Mode,Veste hiver,1,655.99,0.0,655.99,324.08,501
2024-08-19,Dunkerque,Magasin,Mode,Jean homme,3,272.27,0.05,775.97,235.52,449
2024-08-19,Lille,Magasin,Maison,Lampe LED,3,134.22,0.0,402.66,204.84,401
2024-08-19,Valenciennes,Magasin,Électroménager,Bouilloire,4,726.04,0.0,2904.16,1569.2,452
2024-08-19,Amiens,Magasin,Mode,Jean homme,3,272.27,0.1,735.13,194.68,473
2024-08-19,En ligne,E-commerce,Maison,Couette 220x240,3,224.09,0.0,672.27,271.17,335
2024-08-19,Dunkerque,Magasin,Mode,T-shirt coton,4,504.67,0.0,2018.68,800.92,192
2024-08-19,En ligne,E-commerce,Sport,Chaussures running,3,569.53,0.0,1708.59,930.6,8
2024-08-19,En ligne,E-commerce,Électroménager,Cafetière,3,392.24,0.05,1117.88,584.84,424
2024-08-20,Tourcoing,Magasin,Sport,Tapis yoga,3,658.36,0.05,1876.33,959.38,569
2024-08-20,Roubaix,Magasin,Mode,Robe été,4,296.52,0.0,1186.08,289.84,91
2024-08-20,Valenciennes,Magasin,Sport,Maillot bain,6,350.77,0.0,2104.62,1195.8,385
2024-08-20,Roubaix,Magasin,Sport,Maillot bain,5,350.77,0.1,1578.46,821.11,61
2024-08-20,Roubaix,Magasin,Mode,Veste hiver,4,655.99,0.0,2623.96,1296.32,235
2024-08-20,Lille,Magasin,Bricolage,Tournevis set,3,636.28,0.0,1908.84,961.32,285
2024-08-20,En ligne,E-commerce,Maison,Couette 220x240,1,224.09,0.0,224.09,90.39,203
2024-08-20,Amiens,Magasin,Électroménager,Cafetière,1,392.24,0.0,392.24,214.56,446
2024-08-20,Dunkerque,Magasin,Mode,Robe été,5,296.52,0.05,1408.47,288.17,371
2024-08-20,Roubaix,Magasin,Mode,Pull laine,3,884.49,0.0,2653.47,1488.18,372
2024-08-20,Roubaix,Magasin,Sport,Tapis yoga,1,658.36,0.0,658.36,352.71,534
2024-08-20,Valenciennes,Magasin,Maison,Couette 220x240,2,224.09,0.0,448.18,180.78,92
2024-08-20,En ligne,E-commerce,Maison,Rideau occultant,3,101.21,0.0,303.63,134.67,92
2024-08-20,Valenciennes,Magasin,Maison,Set casseroles,3,706.85,0.0,2120.55,1223.01,29
2024-08-20,Valenciennes,Magasin,Sport,Chaussures running,5,569.53,0.0,2847.65,1551.0,529
2024-08-20,Lille,Magasin,Sport,Vélo VTT,1,545.21,0.0,545.21,234.5,262
2024-08-21,Lille,Magasin,Bricolage,Perceuse,2,105.66,0.0,211.32,43.4,178
2024-08-21,Amiens,Magasin,Mode,Pull laine,1,884.49,0.0,884.49,496.06,26
2024-08-21,Dunkerque,Magasin,Électroménager,Micro-ondes,4,453.16,0.05,1722.01,595.61,232
2024-08-21,Lille,Magasin,Bricolage,Boîte à outils,1,83.21,0.05,79.05,18.83,457
2024-08-21,Dunkerque,Magasin,Sport,Haltères 10kg,4,98.3,0.0,393.2,170.8,65
2024-08-21,Valenciennes,Magasin,Sport,Haltères 10kg,1,98.3,0.0,98.3,42.7,233
2024-08-21,Roubaix,Magasin,Maison,Étagère bois,3,279.59,0.0,838.77,267.36,272
2024-08-21,Roubaix,Magasin,Électroménager,Robot cuiseur,3,249.97,0.0,749.91,275.76,128
2024-08-21,Lille,Magasin,Électroménager,Micro-ondes,3,453.16,0.0,1359.48,514.68,467
2024-08-21,Roubaix,Magasin,Maison,Rideau occultant,2,101.21,0.0,202.42,89.78,64
2024-08-21,Lille,Magasin,Électroménager,Cafetière,2,392.24,0.0,784.48,429.12,516
2024-08-21,Roubaix,Magasin,Maison,Couette 220x240,4,224.09,0.0,896.36,361.56,445
2024-08-21,Dunkerque,Magasin,Sport,Haltères 10kg,1,98.3,0.0,98.3,42.7,414
2024-08-21,Dunkerque,Magasin,Maison,Rideau occultant,2,101.21,0.0,202.42,89.78,481
2024-08-21,Dunkerque,Magasin,Bricolage,Tournevis set,5,636.28,0.1,2863.26,1284.06,206
2024-08-21,En ligne,E-commerce,Sport,Ballon foot,3,100.1,0.05,285.28,158.68,407
2024-08-21,En ligne,E-commerce,Électroménager,Réfrigérateur,3,387.37,0.0,1162.11,338.34,581
2024-08-21,Amiens,Magasin,Sport,Haltères 10kg,2,98.3,0.0,196.6,85.4,211
2024-08-21,En ligne,E-commerce,Sport,Raquette tennis,3,706.19,0.0,2118.57,1086.12,135
2024-08-21,Dunkerque,Magasin,Bricolage,Boîte à outils,2,83.21,0.0,166.42,45.98,543
2024-08-22,Lille,Magasin,Électroménager,Cafetière,1,392.24,0.1,353.02,175.34,130
2024-08-22,Lille,Magasin,Maison,Set casseroles,4,706.85,0.0,2827.4,1630.68,31
2024-08-22,Tourcoing,Magasin,Bricolage,Échelle alu,2,354.67,0.0,709.34,336.8,455
2024-08-22,Lille,Magasin,Sport,Vélo VTT,1,545.21,0.0,545.21,234.5,439
2024-08-22,Amiens,Magasin,Sport,Chaussures running,3,569.53,0.0,1708.59,930.6,260
2024-08-22,Roubaix,Magasin,Mode,T-shirt coton,3,504.67,0.0,1514.01,600.69,173
2024-08-22,Roubaix,Magasin,Maison,Couette 220x240,3,224.09,0.0,672.27,271.17,428
2024-08-22,Valenciennes,Magasin,Mode,Veste hiver,1,655.99,0.0,655.99,324.08,492
2024-08-22,Dunkerque,Magasin,Électroménager,Aspirateur,3,191.18,0.0,573.54,289.65,77
2024-08-22,Dunkerque,Magasin,Maison,Couette 220x240,3,224.09,0.0,672.27,271.17,81
2024-08-22,En ligne,E-commerce,Bricolage,Perceuse,1,105.66,0.0,105.66,21.7,425
2024-08-22,Lille,Magasin,Sport,Haltères 10kg,2,98.3,0.05,186.77,75.57,400
2024-08-22,Amiens,Magasin,Mode,T-shirt coton,3,504.67,0.0,1514.01,600.69,420
2024-08-22,Dunkerque,Magasin,Sport,Maillot bain,1,350.77,0.0,350.77,199.3,259
2024-08-22,Tourcoing,Magasin,Sport,Haltères 10kg,1,98.3,0.0,98.3,42.7,387
2024-08-22,Roubaix,Magasin,Mode,Veste hiver,1,655.99,0.1,590.39,258.48,74
2024-08-22,Amiens,Magasin,Électroménager,Robot cuiseur,2,249.97,0.0,499.94,183.84,340
2024-08-23,Amiens,Magasin,Mode,Robe été,2,296.52,0.0,593.04,144.92,340
2024-08-23,Valenciennes,Magasin,Sport,Maillot bain,4,350.77,0.05,1332.93,727.05,449
2024-08-23,Dunkerque,Magasin,Électroménager,Bouilloire,2,726.04,0.1,1306.87,639.39,399
2024-08-23,Amiens,Magasin,Bricolage,Échelle alu,2,354.67,0.0,709.34,336.8,129
2024-08-23,Amiens,Magasin,Mode,Jean homme,2,272.27,0.0,544.54,184.24,392
2024-08-23,Dunkerque,Magasin,Bricolage,Peinture 5L,1,609.0,0.0,609.0,325.46,214
2024-08-23,Lille,Magasin,Électroménager,Cafetière,6,392.24,0.0,2353.44,1287.36,131
2024-08-23,En ligne,E-commerce,Bricolage,Échelle alu,2,354.67,0.0,709.34,336.8,510
2024-08-23,Valenciennes,Magasin,Électroménager,Réfrigérateur,3,387.37,0.0,1162.11,338.34,572
2024-08-23,Amiens,Magasin,Maison,Étagère bois,1,279.59,0.0,279.59,89.12,124
2024-08-23,Dunkerque,Magasin,Électroménager,Micro-ondes,4,453.16,0.0,1812.64,686.24,15
2024-08-23,Roubaix,Magasin,Bricolage,Tournevis set,1,636.28,0.0,636.28,320.44,380
2024-08-23,En ligne,E-commerce,Maison,Couette 220x240,2,224.09,0.0,448.18,180.78,390
2024-08-23,Amiens,Magasin,Bricolage,Perceuse,3,105.66,0.0,316.98,65.1,412
2024-08-24,Roubaix,Magasin,Maison,Rideau occultant,3,101.21,0.0,303.63,134.67,148
2024-08-24,Roubaix,Magasin,Électroménager,Réfrigérateur,2,387.37,0.1,697.27,148.09,406
2024-08-24,Amiens,Magasin,Sport,Vélo VTT,1,545.21,0.1,490.69,179.98,250
2024-08-24,Valenciennes,Magasin,Bricolage,Boîte à outils,1,83.21,0.0,83.21,22.99,406
2024-08-24,Amiens,Magasin,Mode,Pull laine,5,884.49,0.0,4422.45,2480.3,266
2024-08-24,Lille,Magasin,Électroménager,Bouilloire,4,726.04,0.05,2758.95,1423.99,528
2024-08-24,Lille,Magasin,Maison,Étagère bois,3,279.59,0.0,838.77,267.36,54
2024-08-24,Tourcoing,Magasin,Électroménager,Bouilloire,1,726.04,0.0,726.04,392.3,324
2024-08-24,Dunkerque,Magasin,Mode,Pull laine,2,884.49,0.0,1768.98,992.12,504
2024-08-24,En ligne,E-commerce,Bricolage,Peinture 5L,2,609.0,0.1,1096.2,529.12,30
2024-08-24,En ligne,E-commerce,Bricolage,Perceuse,2,105.66,0.0,211.32,43.4,3
2024-08-24,Roubaix,Magasin,Bricolage,Boîte à outils,3,83.21,0.1,224.67,44.01,566
2024-08-24,Amiens,Magasin,Sport,Haltères 10kg,1,98.3,0.0,98.3,42.7,350
2024-08-24,Lille,Magasin,Électroménager,Micro-ondes,1,453.16,0.1,407.84,126.24,283
2024-08-24,Amiens,Magasin,Maison,Étagère bois,1,279.59,0.0,279.59,89.12,234
2024-08-24,Tourcoing,Magasin,Bricolage,Boîte à outils,3,83.21,0.0,249.63,68.97,120
2024-08-25,Roubaix,Magasin,Sport,Vélo VTT,1,545.21,0.0,545.21,234.5,171
2024-08-25,En ligne,E-commerce,Bricolage,Perceuse,1,105.66,0.0,105.66,21.7,575
2024-08-25,Lille,Magasin,Sport,Vélo VTT,1,545.21,0.0,545.21,234.5,377
2024-08-25,Dunkerque,Magasin,Électroménager,Bouilloire,3,726.04,0.0,2178.12,1176.9,396
2024-08-25,Roubaix,Magasin,Sport,Tapis yoga,4,658.36,0.0,2633.44,1410.84,387
2024-08-25,Dunkerque,Magasin,Bricolage,Tournevis set,1,636.28,0.0,636.28,320.44,543
2024-08-25,En ligne,E-commerce,Sport,Tapis yoga,1,658.36,0.0,658.36,352.71,233
2024-08-25,Tourcoing,Magasin,Électroménager,Micro-ondes,1,453.16,0.0,453.16,171.56,102
2024-08-25,En ligne,E-commerce,Bricolage,Échelle alu,3,354.67,0.0,1064.01,505.2,39
2024-08-26,Roubaix,Magasin,Sport,Ballon foot,3,100.1,0.1,270.27,143.67,73
2024-08-26,Roubaix,Magasin,Mode,T-shirt coton,2,504.67,0.0,1009.34,400.46,256
2024-08-26,Amiens,Magasin,Électroménager,Robot cuiseur,2,249.97,0.05,474.94,158.84,325
2024-08-26,Valenciennes,Magasin,Maison,Canapé 3 places,5,246.23,0.0,1231.15,284.4,95
2024-08-26,Roubaix,Magasin,Sport,Ballon foot,2,100.1,0.0,200.2,115.8,181
2024-08-26,Valenciennes,Magasin,Maison,Étagère bois,3,279.59,0.0,838.77,267.36,17
2024-08-26,Roubaix,Magasin,Mode,Baskets ville,6,460.51,0.2,2210.45,335.69,184
2024-08-26,Lille,Magasin,Électroménager,Aspirateur,2,191.18,0.0,382.36,193.1,308
2024-08-26,Valenciennes,Magasin,Mode,Robe été,1,296.52,0.0,296.52,72.46,214
2024-08-26,Amiens,Magasin,Maison,Rideau occultant,3,101.21,0.0,303.63,134.67,339
2024-08-26,En ligne,E-commerce,Mode,T-shirt coton,2,504.67,0.0,1009.34,400.46,267
2024-08-26,Dunkerque,Magasin,Maison,Couette 220x240,2,224.09,0.0,448.18,180.78,76
2024-08-26,Roubaix,Magasin,Mode,Veste hiver,4,655.99,0.0,2623.96,1296.32,77
2024-08-26,Tourcoing,Magasin,Bricolage,Perceuse,1,105.66,0.0,105.66,21.7,242
2024-08-26,Tourcoing,Magasin,Sport,Raquette tennis,4,706.19,0.0,2824.76,1448.16,565
2024-08-26,Lille,Magasin,Sport,Haltères 10kg,3,98.3,0.0,294.9,128.1,224
2024-08-26,Amiens,Magasin,Maison,Canapé 3 places,4,246.23,0.0,984.92,227.52,241
2024-08-26,Valenciennes,Magasin,Sport,Ballon foot,4,100.1,0.0,400.4,231.6,309
2024-08-26,Lille,Magasin,Maison,Set casseroles,2,706.85,0.0,1413.7,815.34,341
2024-08-26,En ligne,E-commerce,Électroménager,Bouilloire,5,726.04,0.0,3630.2,1961.5,280
2024-08-27,Valenciennes,Magasin,Sport,Vélo VTT,4,545.21,0.0,2180.84,938.0,376
2024-08-27,Roubaix,Magasin,Mode,Pull laine,4,884.49,0.0,3537.96,1984.24,456
2024-08-27,Roubaix,Magasin,Sport,Maillot bain,3,350.77,0.0,1052.31,597.9,477
2024-08-27,Valenciennes,Magasin,Maison,Rideau occultant,2,101.21,0.0,202.42,89.78,314
2024-08-27,En ligne,E-commerce,Sport,Raquette tennis,3,706.19,0.0,2118.57,1086.12,147
2024-08-27,Roubaix,Magasin,Sport,Haltères 10kg,2,98.3,0.05,186.77,75.57,581
2024-08-27,Dunkerque,Magasin,Sport,Chaussures running,1,569.53,0.05,541.05,281.72,593
2024-08-27,Tourcoing,Magasin,Mode,Veste hiver,1,655.99,0.05,623.19,291.28,100
2024-08-27,Tourcoing,Magasin,Mode,Robe été,3,296.52,0.0,889.56,217.38,235
2024-08-27,Amiens,Magasin,Sport,Vélo VTT,1,545.21,0.05,517.95,207.24,535
2024-08-27,En ligne,E-commerce,Bricolage,Perceuse,1,105.66,0.0,105.66,21.7,421
2024-08-27,Amiens,Magasin,Bricolage,Boîte à outils,6,83.21,0.0,499.26,137.94,73
2024-08-27,Tourcoing,Magasin,Sport,Vélo VTT,4,545.21,0.1,1962.76,719.92,72
2024-08-28,Dunkerque,Magasin,Électroménager,Aspirateur,2,191.18,0.0,382.36,193.1,230
2024-08-28,En ligne,E-commerce,Bricolage,Peinture 5L,1,609.0,0.0,609.0,325.46,40
2024-08-28,Dunkerque,Magasin,Mode,Robe été,1,296.52,0.0,296.52,72.46,212
2024-08-28,Tourcoing,Magasin,Bricolage,Perceuse,1,105.66,0.0,105.66,21.7,19
2024-08-28,Tourcoing,Magasin,Sport,Tapis yoga,1,658.36,0.0,658.36,352.71,577
2024-08-28,Roubaix,Magasin,Bricolage,Peinture 5L,1,609.0,0.0,609.0,325.46,68
2024-08-28,Dunkerque,Magasin,Bricolage,Tournevis set,1,636.28,0.0,636.28,320.44,317
2024-08-28,Amiens,Magasin,Maison,Canapé 3 places,2,246.23,0.05,467.84,89.14,558
2024-08-28,Tourcoing,Magasin,Maison,Étagère bois,3,279.59,0.0,838.77,267.36,20
2024-08-28,En ligne,E-commerce,Maison,Set casseroles,2,706.85,0.0,1413.7,815.34,10
2024-08-28,Lille,Magasin,Électroménager,Bouilloire,1,726.04,0.0,726.04,392.3,410
2024-08-28,Tourcoing,Magasin,Sport,Ballon foot,3,100.1,0.0,300.3,173.7,136
2024-08-28,Valenciennes,Magasin,Mode,T-shirt coton,3,504.67,0.2,1211.21,297.89,274
2024-08-29,Amiens,Magasin,Maison,Set casseroles,1,706.85,0.0,706.85,407.67,218
2024-08-29,Valenciennes,Magasin,Mode,Jean homme,4,272.27,0.0,1089.08,368.48,196
2024-08-29,Roubaix,Magasin,Bricolage,Tournevis set,6,636.28,0.0,3817.68,1922.64,250
2024-08-29,Amiens,Magasin,Bricolage,Tournevis set,2,636.28,0.0,1272.56,640.88,520
2024-08-29,Tourcoing,Magasin,Bricolage,Boîte à outils,1,83.21,0.0,83.21,22.99,317
2024-08-29,En ligne,E-commerce,Électroménager,Robot cuiseur,4,249.97,0.0,999.88,367.68,13
2024-08-29,En ligne,E-commerce,Mode,Baskets ville,6,460.51,0.0,2763.06,888.3,15
2024-08-29,Valenciennes,Magasin,Maison,Set casseroles,2,706.85,0.0,1413.7,815.34,208
2024-08-29,Valenciennes,Magasin,Maison,Canapé 3 places,3,246.23,0.0,738.69,170.64,507
2024-08-29,En ligne,E-commerce,Sport,Maillot bain,5,350.77,0.0,1753.85,996.5,217
2024-08-29,Amiens,Magasin,Mode,T-shirt coton,3,504.67,0.0,1514.01,600.69,442
2024-08-29,Tourcoing,Magasin,Mode,Robe été,2,296.52,0.1,533.74,85.62,407
2024-08-29,En ligne,E-commerce,Maison,Canapé 3 places,3,246.23,0.0,738.69,170.64,427
2024-08-30,Lille,Magasin,Mode,Robe été,3,296.52,0.0,889.56,217.38,50
2024-08-30,Tourcoing,Magasin,Sport,Tapis yoga,1,658.36,0.1,592.52,286.87,552
2024-08-30,Dunkerque,Magasin,Mode,Pull laine,2,884.49,0.0,1768.98,992.12,85
2024-08-30,Valenciennes,Magasin,Mode,T-shirt coton,3,504.67,0.0,1514.01,600.69,555
2024-08-30,Tourcoing,Magasin,Maison,Rideau occultant,5,101.21,0.0,506.05,224.45,113
2024-08-30,Valenciennes,Magasin,Maison,Rideau occultant,1,101.21,0.1,91.09,34.77,553
2024-08-30,En ligne,E-commerce,Maison,Canapé 3 places,3,246.23,0.0,738.69,170.64,22
2024-08-30,Dunkerque,Magasin,Maison,Canapé 3 places,3,246.23,0.1,664.82,96.77,15
2024-08-30,Roubaix,Magasin,Bricolage,Échelle alu,3,354.67,0.05,1010.81,452.0,172
2024-08-30,Roubaix,Magasin,Électroménager,Réfrigérateur,2,387.37,0.05,736.0,186.82,225
2024-08-30,Tourcoing,Magasin,Maison,Lampe LED,5,134.22,0.0,671.1,341.4,424
2024-08-30,Amiens,Magasin,Électroménager,Cafetière,1,392.24,0.0,392.24,214.56,568
2024-08-31,Amiens,Magasin,Sport,Maillot bain,3,350.77,0.1,947.08,492.67,97
2024-08-31,Roubaix,Magasin,Mode,Robe été,2,296.52,0.0,593.04,144.92,541
2024-08-31,Valenciennes,Magasin,Bricolage,Perceuse,4,105.66,0.0,422.64,86.8,331
2024-08-31,Roubaix,Magasin,Sport,Raquette tennis,3,706.19,0.0,2118.57,1086.12,554
2024-08-31,Tourcoing,Magasin,Sport,Raquette tennis,1,706.19,0.0,706.19,362.04,60
2024-08-31,Roubaix,Magasin,Sport,Tapis yoga,1,658.36,0.0,658.36,352.71,377
2024-08-31,Dunkerque,Magasin,Électroménager,Robot cuiseur,1,249.97,0.0,249.97,91.92,499
2024-08-31,En ligne,E-commerce,Électroménager,Réfrigérateur,1,387.37,0.0,387.37,112.78,134
2024-08-31,Valenciennes,Magasin,Bricolage,Boîte à outils,4,83.21,0.0,332.84,91.96,466
2024-08-31,Tourcoing,Magasin,Mode,Pull laine,6,884.49,0.0,5306.94,2976.36,362
2024-08-31,Tourcoing,Magasin,Électroménager,Robot cuiseur,4,249.97,0.0,999.88,367.68,415
2024-08-31,Amiens,Magasin,Sport,Haltères 10kg,1,98.3,0.0,98.3,42.7,499
2024-08-31,En ligne,E-commerce,Sport,Ballon foot,5,100.1,0.05,475.48,264.47,556
2024-09-01,Amiens,Magasin,Mode,Robe été,4,296.52,0.0,1186.08,289.84,3
2024-09-01,Tourcoing,Magasin,Mode,Veste hiver,1,655.99,0.05,623.19,291.28,454
2024-09-01,En ligne,E-commerce,Sport,Maillot bain,1,350.77,0.1,315.69,164.22,322
2024-09-01,Roubaix,Magasin,Maison,Set casseroles,3,706.85,0.0,2120.55,1223.01,130
2024-09-01,Valenciennes,Magasin,Électroménager,Aspirateur,4,191.18,0.0,764.72,386.2,41
2024-09-01,Roubaix,Magasin,Électroménager,Bouilloire,1,726.04,0.05,689.74,356.0,186
2024-09-01,Amiens,Magasin,Électroménager,Robot cuiseur,4,249.97,0.1,899.89,267.69,142
2024-09-01,Roubaix,Magasin,Mode,Veste hiver,1,655.99,0.2,524.79,192.88,347
2024-09-01,Dunkerque,Magasin,Sport,Haltères 10kg,3,98.3,0.05,280.15,113.35,115
2024-09-01,En ligne,E-commerce,Électroménager,Micro-ondes,6,453.16,0.0,2718.96,1029.36,501
2024-09-01,Valenciennes,Magasin,Électroménager,Cafetière,4,392.24,0.0,1568.96,858.24,386
2024-09-01,Amiens,Magasin,Bricolage,Échelle alu,2,354.67,0.0,709.34,336.8,67
2024-09-01,Roubaix,Magasin,Maison,Rideau occultant,3,101.21,0.0,303.63,134.67,526
2024-09-02,Tourcoing,Magasin,Maison,Lampe LED,3,134.22,0.0,402.66,204.84,406
2024-09-02,Amiens,Magasin,Sport,Vélo VTT,3,545.21,0.0,1635.63,703.5,102
2024-09-02,Tourcoing,Magasin,Sport,Vélo VTT,1,545.21,0.0,545.21,234.5,41
2024-09-02,Roubaix,Magasin,Maison,Set casseroles,2,706.85,0.05,1343.02,744.65,445
2024-09-02,Lille,Magasin,Bricolage,Tournevis set,1,636.28,0.0,636.28,320.44,370
2024-09-02,Roubaix,Magasin,Maison,Lampe LED,4,134.22,0.0,536.88,273.12,388
2024-09-02,En ligne,E-commerce,Mode,T-shirt coton,3,504.67,0.0,1514.01,600.69,145
2024-09-02,Lille,Magasin,Maison,Canapé 3 places,5,246.23,0.0,1231.15,284.4,56
2024-09-02,En ligne,E-commerce,Maison,Couette 220x240,5,224.09,0.0,1120.45,451.95,544
2024-09-02,Dunkerque,Magasin,Électroménager,Micro-ondes,4,453.16,0.0,1812.64,686.24,150
2024-09-02,Lille,Magasin,Électroménager,Bouilloire,2,726.04,0.2,1161.66,494.18,281
2024-09-02,En ligne,E-commerce,Maison,Set casseroles,3,706.85,0.0,2120.55,1223.01,465
2024-09-02,En ligne,E-commerce,Sport,Haltères 10kg,1,98.3,0.05,93.38,37.78,322
2024-09-02,En ligne,E-commerce,Maison,Couette 220x240,3,224.09,0.05,638.66,237.56,102
2024-09-02,Roubaix,Magasin,Maison,Lampe LED,4,134.22,0.0,536.88,273.12,193
2024-09-02,Lille,Magasin,Sport,Haltères 10kg,1,98.3,0.0,98.3,42.7,111
2024-09-02,Amiens,Magasin,Mode,T-shirt coton,2,504.67,0.05,958.87,349.99,300
2024-09-02,En ligne,E-commerce,Sport,Haltères 10kg,4,98.3,0.0,393.2,170.8,223
2024-09-02,Roubaix,Magasin,Bricolage,Boîte à outils,2,83.21,0.0,166.42,45.98,334
2024-09-03,Valenciennes,Magasin,Bricolage,Boîte à outils,2,83.21,0.1,149.78,29.34,337
2024-09-03,Amiens,Magasin,Maison,Canapé 3 places,1,246.23,0.0,246.23,56.88,517
2024-09-03,Valenciennes,Magasin,Électroménager,Robot cuiseur,1,249.97,0.0,249.97,91.92,226
2024-09-03,Valenciennes,Magasin,Sport,Ballon foot,1,100.1,0.0,100.1,57.9,204
2024-09-03,Amiens,Magasin,Bricolage,Boîte à outils,3,83.21,0.0,249.63,68.97,595
2024-09-03,En ligne,E-commerce,Bricolage,Boîte à outils,1,83.21,0.1,74.89,14.67,14
2024-09-03,Tourcoing,Magasin,Sport,Maillot bain,2,350.77,0.0,701.54,398.6,556
2024-09-03,En ligne,E-commerce,Électroménager,Réfrigérateur,3,387.37,0.0,1162.11,338.34,14
2024-09-03,Roubaix,Magasin,Mode,Veste hiver,3,655.99,0.0,1967.97,972.24,513
2024-09-03,Lille,Magasin,Sport,Vélo VTT,4,545.21,0.0,2180.84,938.0,320
2024-09-03,Tourcoing,Magasin,Mode,Baskets ville,6,460.51,0.0,2763.06,888.3,230
2024-09-03,Roubaix,Magasin,Électroménager,Aspirateur,2,191.18,0.0,382.36,193.1,505
2024-09-03,Tourcoing,Magasin,Mode,Pull laine,1,884.49,0.0,884.49,496.06,283
2024-09-03,Dunkerque,Magasin,Sport,Chaussures running,6,569.53,0.05,3246.32,1690.34,468
2024-09-03,En ligne,E-commerce,Électroménager,Robot cuiseur,2,249.97,0.0,499.94,183.84,355
2024-09-03,Roubaix,Magasin,Maison,Rideau occultant,1,101.21,0.0,101.21,44.89,65
2024-09-03,Amiens,Magasin,Électroménager,Robot cuiseur,1,249.97,0.0,249.97,91.92,220
2024-09-03,Dunkerque,Magasin,Mode,Baskets ville,3,460.51,0.0,1381.53,444.15,73
2024-09-03,Lille,Magasin,Maison,Set casseroles,3,706.85,0.0,2120.55,1223.01,419
2024-09-03,Amiens,Magasin,Électroménager,Réfrigérateur,5,387.37,0.0,1936.85,563.9,287
2024-09-03,En ligne,E-commerce,Mode,T-shirt coton,2,504.67,0.0,1009.34,400.46,483
2024-09-03,Dunkerque,Magasin,Bricolage,Boîte à outils,5,83.21,0.05,395.25,94.15,593
2024-09-04,Tourcoing,Magasin,Maison,Rideau occultant,2,101.21,0.0,202.42,89.78,16
2024-09-04,Lille,Magasin,Sport,Tapis yoga,1,658.36,0.0,658.36,352.71,69
2024-09-04,Lille,Magasin,Mode,Baskets ville,5,460.51,0.1,2072.3,510.0,321
2024-09-04,Lille,Magasin,Bricolage,Échelle alu,3,354.67,0.05,1010.81,452.0,182
2024-09-04,Amiens,Magasin,Mode,Jean homme,3,272.27,0.0,816.81,276.36,43
2024-09-04,Lille,Magasin,Mode,Jean homme,3,272.27,0.0,816.81,276.36,389
2024-09-04,Lille,Magasin,Sport,Maillot bain,3,350.77,0.0,1052.31,597.9,399
2024-09-04,Roubaix,Magasin,Sport,Chaussures running,2,569.53,0.1,1025.15,506.49,305
2024-09-04,Lille,Magasin,Sport,Ballon foot,1,100.1,0.0,100.1,57.9,213
2024-09-04,Valenciennes,Magasin,Sport,Tapis yoga,3,658.36,0.0,1975.08,1058.13,548
2024-09-04,Valenciennes,Magasin,Maison,Rideau occultant,5,101.21,0.0,506.05,224.45,265
2024-09-04,En ligne,E-commerce,Électroménager,Aspirateur,2,191.18,0.0,382.36,193.1,69
2024-09-04,Roubaix,Magasin,Maison,Couette 220x240,6,224.09,0.0,1344.54,542.34,527
2024-09-05,Valenciennes,Magasin,Électroménager,Robot cuiseur,2,249.97,0.0,499.94,183.84,257
2024-09-05,Valenciennes,Magasin,Sport,Tapis yoga,3,658.36,0.0,1975.08,1058.13,47
2024-09-05,Dunkerque,Magasin,Électroménager,Réfrigérateur,2,387.37,0.0,774.74,225.56,186
2024-09-05,Roubaix,Magasin,Maison,Lampe LED,3,134.22,0.05,382.53,184.71,66
2024-09-05,Lille,Magasin,Électroménager,Micro-ondes,5,453.16,0.0,2265.8,857.8,442
2024-09-05,Tourcoing,Magasin,Sport,Haltères 10kg,5,98.3,0.0,491.5,213.5,492
2024-09-05,Roubaix,Magasin,Mode,Robe été,4,296.52,0.0,1186.08,289.84,249
2024-09-05,Dunkerque,Magasin,Électroménager,Aspirateur,1,191.18,0.0,191.18,96.55,445
2024-09-05,Tourcoing,Magasin,Mode,Pull laine,5,884.49,0.0,4422.45,2480.3,187
2024-09-05,Tourcoing,Magasin,Maison,Rideau occultant,1,101.21,0.0,101.21,44.89,543
2024-09-05,Lille,Magasin,Mode,Jean homme,6,272.27,0.0,1633.62,552.72,461
2024-09-05,En ligne,E-commerce,Maison,Canapé 3 places,1,246.23,0.0,246.23,56.88,298
2024-09-05,Dunkerque,Magasin,Mode,Pull laine,3,884.49,0.0,2653.47,1488.18,579
2024-09-05,Valenciennes,Magasin,Maison,Set casseroles,3,706.85,0.0,2120.55,1223.01,342
2024-09-05,En ligne,E-commerce,Sport,Maillot bain,2,350.77,0.0,701.54,398.6,445
2024-09-05,Lille,Magasin,Maison,Lampe LED,3,134.22,0.0,402.66,204.84,134
2024-09-05,Dunkerque,Magasin,Bricolage,Tournevis set,3,636.28,0.0,1908.84,961.32,223
2024-09-05,Lille,Magasin,Bricolage,Échelle alu,1,354.67,0.0,354.67,168.4,81
2024-09-05,Lille,Magasin,Électroménager,Micro-ondes,1,453.16,0.0,453.16,171.56,512
2024-09-05,Lille,Magasin,Sport,Chaussures running,2,569.53,0.1,1025.15,506.49,344
2024-09-05,Tourcoing,Magasin,Bricolage,Échelle alu,2,354.67,0.0,709.34,336.8,500
2024-09-05,En ligne,E-commerce,Mode,T-shirt coton,3,504.67,0.0,1514.01,600.69,588
2024-09-06,Tourcoing,Magasin,Électroménager,Micro-ondes,4,453.16,0.0,1812.64,686.24,552
2024-09-06,Valenciennes,Magasin,Sport,Maillot bain,3,350.77,0.0,1052.31,597.9,53
2024-09-06,Lille,Magasin,Bricolage,Peinture 5L,1,609.0,0.0,609.0,325.46,275
2024-09-06,Roubaix,Magasin,Sport,Haltères 10kg,1,98.3,0.0,98.3,42.7,467
2024-09-06,Roubaix,Magasin,Maison,Canapé 3 places,2,246.23,0.05,467.84,89.14,144
2024-09-06,Lille,Magasin,Sport,Haltères 10kg,2,98.3,0.0,196.6,85.4,372
2024-09-06,En ligne,E-commerce,Électroménager,Bouilloire,2,726.04,0.0,1452.08,784.6,176
2024-09-06,Dunkerque,Magasin,Maison,Couette 220x240,1,224.09,0.0,224.09,90.39,236
2024-09-06,Valenciennes,Magasin,Sport,Raquette tennis,3,706.19,0.0,2118.57,1086.12,51
2024-09-06,Valenciennes,Magasin,Maison,Set casseroles,4,706.85,0.0,2827.4,1630.68,409
2024-09-06,Lille,Magasin,Maison,Couette 220x240,5,224.09,0.05,1064.43,395.93,160
2024-09-06,Dunkerque,Magasin,Bricolage,Perceuse,2,105.66,0.0,211.32,43.4,413
2024-09-06,En ligne,E-commerce,Électroménager,Robot cuiseur,3,249.97,0.0,749.91,275.76,390
2024-09-06,Lille,Magasin,Maison,Lampe LED,1,134.22,0.0,134.22,68.28,220
2024-09-06,Amiens,Magasin,Maison,Lampe LED,5,134.22,0.1,603.99,274.29,45
2024-09-07,Dunkerque,Magasin,Électroménager,Aspirateur,1,191.18,0.0,191.18,96.55,346
2024-09-07,Amiens,Magasin,Bricolage,Boîte à outils,3,83.21,0.0,249.63,68.97,550
2024-09-07,Valenciennes,Magasin,Sport,Maillot bain,1,350.77,0.0,350.77,199.3,255
2024-09-07,Tourcoing,Magasin,Électroménager,Robot cuiseur,2,249.97,0.0,499.94,183.84,456
2024-09-07,Lille,Magasin,Sport,Maillot bain,3,350.77,0.1,947.08,492.67,267
2024-09-07,Valenciennes,Magasin,Sport,Ballon foot,3,100.1,0.0,300.3,173.7,599
2024-09-07,En ligne,E-commerce,Sport,Haltères 10kg,1,98.3,0.0,98.3,42.7,261
2024-09-07,Dunkerque,Magasin,Sport,Haltères 10kg,3,98.3,0.0,294.9,128.1,163
2024-09-07,Tourcoing,Magasin,Sport,Vélo VTT,2,545.21,0.0,1090.42,469.0,289
2024-09-07,Roubaix,Magasin,Mode,Pull laine,3,884.49,0.0,2653.47,1488.18,516
2024-09-07,Tourcoing,Magasin,Bricolage,Peinture 5L,2,609.0,0.0,1218.0,650.92,332
2024-09-07,Valenciennes,Magasin,Bricolage,Tournevis set,2,636.28,0.0,1272.56,640.88,147
2024-09-07,Roubaix,Magasin,Électroménager,Aspirateur,2,191.18,0.05,363.24,173.98,57
2024-09-07,Amiens,Magasin,Électroménager,Cafetière,4,392.24,0.2,1255.17,544.45,362
2024-09-07,Amiens,Magasin,Électroménager,Bouilloire,4,726.04,0.0,2904.16,1569.2,594
2024-09-07,Dunkerque,Magasin,Sport,Ballon foot,3,100.1,0.1,270.27,143.67,327
2024-09-07,Dunkerque,Magasin,Bricolage,Échelle alu,1,354.67,0.1,319.2,132.93,272
2024-09-07,En ligne,E-commerce,Maison,Lampe LED,3,134.22,0.0,402.66,204.84,32
2024-09-08,Lille,Magasin,Mode,Baskets ville,2,460.51,0.0,921.02,296.1,394
2024-09-08,Lille,Magasin,Électroménager,Aspirateur,6,191.18,0.0,1147.08,579.3,488
2024-09-08,Dunkerque,Magasin,Électroménager,Micro-ondes,2,453.16,0.1,815.69,252.49,430
2024-09-08,En ligne,E-commerce,Sport,Tapis yoga,1,658.36,0.0,658.36,352.71,6
2024-09-08,Dunkerque,Magasin,Mode,T-shirt coton,3,504.67,0.0,1514.01,600.69,110
2024-09-08,Amiens,Magasin,Bricolage,Échelle alu,2,354.67,0.0,709.34,336.8,202
2024-09-08,Dunkerque,Magasin,Maison,Étagère bois,2,279.59,0.1,503.26,122.32,157
2024-09-08,En ligne,E-commerce,Électroménager,Micro-ondes,5,453.16,0.0,2265.8,857.8,534
2024-09-08,En ligne,E-commerce,Mode,T-shirt coton,1,504.67,0.05,479.44,175.0,49
2024-09-08,Lille,Magasin,Électroménager,Micro-ondes,4,453.16,0.0,1812.64,686.24,470
2024-09-08,Amiens,Magasin,Bricolage,Tournevis set,3,636.28,0.0,1908.84,961.32,350
2024-09-08,Valenciennes,Magasin,Sport,Tapis yoga,2,658.36,0.0,1316.72,705.42,98
2024-09-08,Tourcoing,Magasin,Bricolage,Boîte à outils,4,83.21,0.2,266.27,25.39,478
2024-09-09,Amiens,Magasin,Électroménager,Bouilloire,2,726.04,0.0,1452.08,784.6,378
2024-09-09,Amiens,Magasin,Sport,Chaussures running,3,569.53,0.0,1708.59,930.6,210
2024-09-09,Amiens,Magasin,Maison,Lampe LED,4,134.22,0.0,536.88,273.12,458
2024-09-09,Dunkerque,Magasin,Maison,Étagère bois,2,279.59,0.2,447.34,66.4,426
2024-09-09,Lille,Magasin,Maison,Couette 220x240,1,224.09,0.05,212.89,79.19,527
2024-09-09,Lille,Magasin,Électroménager,Bouilloire,3,726.04,0.0,2178.12,1176.9,306
2024-09-09,Tourcoing,Magasin,Électroménager,Aspirateur,2,191.18,0.05,363.24,173.98,159
2024-09-09,Roubaix,Magasin,Maison,Rideau occultant,1,101.21,0.0,101.21,44.89,257
2024-09-09,Lille,Magasin,Électroménager,Aspirateur,1,191.18,0.0,191.18,96.55,499
2024-09-09,Tourcoing,Magasin,Électroménager,Réfrigérateur,1,387.37,0.0,387.37,112.78,417
2024-09-09,Roubaix,Magasin,Bricolage,Échelle alu,2,354.67,0.0,709.34,336.8,512
2024-09-09,Valenciennes,Magasin,Mode,Robe été,3,296.52,0.0,889.56,217.38,377
2024-09-09,Roubaix,Magasin,Électroménager,Cafetière,1,392.24,0.0,392.24,214.56,586
2024-09-09,Lille,Magasin,Sport,Chaussures running,4,569.53,0.0,2278.12,1240.8,97
2024-09-09,Amiens,Magasin,Sport,Chaussures running,5,569.53,0.0,2847.65,1551.0,400
2024-09-09,Lille,Magasin,Sport,Haltères 10kg,4,98.3,0.0,393.2,170.8,441
2024-09-09,Roubaix,Magasin,Sport,Tapis yoga,2,658.36,0.0,1316.72,705.42,270
2024-09-09,En ligne,E-commerce,Électroménager,Cafetière,1,392.24,0.0,392.24,214.56,386
2024-09-09,Roubaix,Magasin,Mode,Veste hiver,4,655.99,0.0,2623.96,1296.32,251
2024-09-10,Tourcoing,Magasin,Maison,Rideau occultant,2,101.21,0.0,202.42,89.78,204
2024-09-10,Lille,Magasin,Maison,Set casseroles,1,706.85,0.1,636.17,336.99,303
2024-09-10,Lille,Magasin,Maison,Set casseroles,3,706.85,0.0,2120.55,1223.01,331
2024-09-10,Lille,Magasin,Sport,Chaussures running,3,569.53,0.2,1366.87,588.88,333
2024-09-10,Lille,Magasin,Mode,Veste hiver,3,655.99,0.0,1967.97,972.24,322
2024-09-10,Valenciennes,Magasin,Mode,Jean homme,3,272.27,0.0,816.81,276.36,96
2024-09-10,Amiens,Magasin,Maison,Couette 220x240,3,224.09,0.0,672.27,271.17,159
2024-09-10,Dunkerque,Magasin,Électroménager,Micro-ondes,3,453.16,0.0,1359.48,514.68,171
2024-09-10,Amiens,Magasin,Maison,Lampe LED,1,134.22,0.0,134.22,68.28,296
2024-09-10,Amiens,Magasin,Électroménager,Robot cuiseur,2,249.97,0.0,499.94,183.84,447
2024-09-10,Dunkerque,Magasin,Électroménager,Micro-ondes,4,453.16,0.0,1812.64,686.24,398
2024-09-10,Tourcoing,Magasin,Mode,Robe été,3,296.52,0.0,889.56,217.38,257
2024-09-10,Lille,Magasin,Électroménager,Aspirateur,3,191.18,0.0,573.54,289.65,292
2024-09-11,Lille,Magasin,Sport,Tapis yoga,5,658.36,0.0,3291.8,1763.55,582
2024-09-11,Roubaix,Magasin,Sport,Raquette tennis,3,706.19,0.1,1906.71,874.26,372
2024-09-11,Dunkerque,Magasin,Maison,Set casseroles,4,706.85,0.0,2827.4,1630.68,125
2024-09-11,Tourcoing,Magasin,Mode,Robe été,5,296.52,0.0,1482.6,362.3,199
2024-09-11,Lille,Magasin,Électroménager,Robot cuiseur,2,249.97,0.05,474.94,158.84,298
2024-09-11,Amiens,Magasin,Bricolage,Perceuse,5,105.66,0.0,528.3,108.5,477
2024-09-11,Valenciennes,Magasin,Maison,Lampe LED,2,134.22,0.05,255.02,123.14,531
2024-09-11,En ligne,E-commerce,Maison,Lampe LED,3,134.22,0.0,402.66,204.84,327
2024-09-11,Lille,Magasin,Électroménager,Réfrigérateur,3,387.37,0.05,1104.0,280.23,215
2024-09-11,Valenciennes,Magasin,Mode,Baskets ville,1,460.51,0.0,460.51,148.05,529
2024-09-11,Valenciennes,Magasin,Mode,Pull laine,2,884.49,0.0,1768.98,992.12,463
2024-09-11,Valenciennes,Magasin,Électroménager,Cafetière,1,392.24,0.0,392.24,214.56,369
2024-09-11,Tourcoing,Magasin,Électroménager,Robot cuiseur,2,249.97,0.0,499.94,183.84,4
2024-09-11,Lille,Magasin,Sport,Vélo VTT,3,545.21,0.0,1635.63,703.5,275
2024-09-11,Amiens,Magasin,Maison,Rideau occultant,5,101.21,0.0,506.05,224.45,287
2024-09-11,Amiens,Magasin,Sport,Ballon foot,3,100.1,0.0,300.3,173.7,381
2024-09-11,Amiens,Magasin,Électroménager,Robot cuiseur,2,249.97,0.0,499.94,183.84,348
2024-09-11,En ligne,E-commerce,Sport,Ballon foot,4,100.1,0.0,400.4,231.6,379
2024-09-12,Dunkerque,Magasin,Maison,Canapé 3 places,2,246.23,0.0,492.46,113.76,211
2024-09-12,Lille,Magasin,Maison,Étagère bois,1,279.59,0.1,251.63,61.16,568
2024-09-12,Amiens,Magasin,Maison,Set casseroles,1,706.85,0.0,706.85,407.67,115
2024-09-12,Lille,Magasin,Sport,Tapis yoga,3,658.36,0.0,1975.08,1058.13,592
2024-09-12,En ligne,E-commerce,Mode,Baskets ville,4,460.51,0.0,1842.04,592.2,473
2024-09-12,Lille,Magasin,Mode,Baskets ville,1,460.51,0.0,460.51,148.05,147
2024-09-12,Lille,Magasin,Maison,Lampe LED,4,134.22,0.0,536.88,273.12,262
2024-09-12,Dunkerque,Magasin,Mode,Veste hiver,3,655.99,0.0,1967.97,972.24,397
2024-09-12,En ligne,E-commerce,Bricolage,Boîte à outils,4,83.21,0.0,332.84,91.96,404
2024-09-12,Amiens,Magasin,Sport,Maillot bain,4,350.77,0.0,1403.08,797.2,444
2024-09-12,En ligne,E-commerce,Sport,Tapis yoga,2,658.36,0.0,1316.72,705.42,584
2024-09-12,Valenciennes,Magasin,Mode,Robe été,3,296.52,0.0,889.56,217.38,333
2024-09-12,Amiens,Magasin,Sport,Vélo VTT,3,545.21,0.05,1553.85,621.72,358
2024-09-12,Valenciennes,Magasin,Électroménager,Micro-ondes,5,453.16,0.0,2265.8,857.8,371
2024-09-12,Valenciennes,Magasin,Électroménager,Robot cuiseur,2,249.97,0.0,499.94,183.84,50
2024-09-12,Amiens,Magasin,Sport,Maillot bain,6,350.77,0.0,2104.62,1195.8,70
2024-09-12,En ligne,E-commerce,Mode,Veste hiver,4,655.99,0.0,2623.96,1296.32,396
2024-09-12,Valenciennes,Magasin,Sport,Tapis yoga,2,658.36,0.0,1316.72,705.42,442
2024-09-12,Roubaix,Magasin,Bricolage,Boîte à outils,3,83.21,0.0,249.63,68.97,115
2024-09-12,Valenciennes,Magasin,Mode,Jean homme,4,272.27,0.0,1089.08,368.48,259
2024-09-12,Dunkerque,Magasin,Sport,Ballon foot,2,100.1,0.1,180.18,95.78,447
2024-09-13,Amiens,Magasin,Maison,Rideau occultant,3,101.21,0.0,303.63,134.67,265
2024-09-13,Tourcoing,Magasin,Sport,Maillot bain,2,350.77,0.0,701.54,398.6,303
2024-09-13,Amiens,Magasin,Maison,Canapé 3 places,1,246.23,0.0,246.23,56.88,110
2024-09-13,En ligne,E-commerce,Maison,Lampe LED,1,134.22,0.0,134.22,68.28,139
2024-09-13,Dunkerque,Magasin,Mode,Baskets ville,3,460.51,0.0,1381.53,444.15,139
2024-09-13,Lille,Magasin,Sport,Raquette tennis,1,706.19,0.0,706.19,362.04,426
2024-09-13,Roubaix,Magasin,Sport,Chaussures running,2,569.53,0.1,1025.15,506.49,409
2024-09-13,Lille,Magasin,Mode,Baskets ville,4,460.51,0.05,1749.94,500.1,319
2024-09-13,En ligne,E-commerce,Sport,Vélo VTT,1,545.21,0.0,545.21,234.5,107
2024-09-13,Lille,Magasin,Mode,Jean homme,4,272.27,0.0,1089.08,368.48,243
2024-09-13,Lille,Magasin,Maison,Lampe LED,3,134.22,0.0,402.66,204.84,18
2024-09-13,Tourcoing,Magasin,Maison,Couette 220x240,4,224.09,0.0,896.36,361.56,114
2024-09-13,Amiens,Magasin,Électroménager,Aspirateur,1,191.18,0.0,191.18,96.55,12
2024-09-13,Amiens,Magasin,Électroménager,Micro-ondes,3,453.16,0.0,1359.48,514.68,126
2024-09-13,Lille,Magasin,Mode,Robe été,2,296.52,0.0,593.04,144.92,426
2024-09-13,Amiens,Magasin,Bricolage,Tournevis set,1,636.28,0.0,636.28,320.44,449
2024-09-13,Lille,Magasin,Sport,Haltères 10kg,5,98.3,0.05,466.92,188.92,362
2024-09-13,Lille,Magasin,Mode,T-shirt coton,1,504.67,0.0,504.67,200.23,159
2024-09-14,Roubaix,Magasin,Sport,Tapis yoga,2,658.36,0.0,1316.72,705.42,574
2024-09-14,Dunkerque,Magasin,Électroménager,Cafetière,3,392.24,0.0,1176.72,643.68,365
2024-09-14,Dunkerque,Magasin,Sport,Vélo VTT,3,545.21,0.0,1635.63,703.5,50
2024-09-14,Valenciennes,Magasin,Mode,Veste hiver,6,655.99,0.0,3935.94,1944.48,194
2024-09-14,En ligne,E-commerce,Sport,Raquette tennis,2,706.19,0.0,1412.38,724.08,510
2024-09-14,En ligne,E-commerce,Électroménager,Robot cuiseur,2,249.97,0.0,499.94,183.84,523
2024-09-14,Tourcoing,Magasin,Mode,Baskets ville,1,460.51,0.0,460.51,148.05,172
2024-09-14,Dunkerque,Magasin,Sport,Raquette tennis,4,706.19,0.0,2824.76,1448.16,311
2024-09-14,Tourcoing,Magasin,Sport,Haltères 10kg,2,98.3,0.1,176.94,65.74,461
2024-09-14,Valenciennes,Magasin,Sport,Vélo VTT,4,545.21,0.05,2071.8,828.96,157
2024-09-15,Valenciennes,Magasin,Sport,Tapis yoga,2,658.36,0.0,1316.72,705.42,218
2024-09-15,En ligne,E-commerce,Sport,Ballon foot,1,100.1,0.05,95.09,52.89,8
2024-09-15,Dunkerque,Magasin,Bricolage,Boîte à outils,3,83.21,0.0,249.63,68.97,172
2024-09-15,Amiens,Magasin,Sport,Vélo VTT,5,545.21,0.0,2726.05,1172.5,559
2024-09-15,Roubaix,Magasin,Sport,Chaussures running,1,569.53,0.0,569.53,310.2,62
2024-09-15,Tourcoing,Magasin,Mode,Jean homme,3,272.27,0.0,816.81,276.36,341
2024-09-15,En ligne,E-commerce,Bricolage,Tournevis set,3,636.28,0.0,1908.84,961.32,181
2024-09-15,Amiens,Magasin,Maison,Rideau occultant,4,101.21,0.0,404.84,179.56,170
2024-09-15,Lille,Magasin,Sport,Tapis yoga,3,658.36,0.0,1975.08,1058.13,544
2024-09-15,Lille,Magasin,Maison,Étagère bois,1,279.59,0.0,279.59,89.12,190
2024-09-15,Amiens,Magasin,Mode,Jean homme,2,272.27,0.05,517.31,157.01,62
2024-09-15,Lille,Magasin,Sport,Chaussures running,1,569.53,0.2,455.62,196.29,121
2024-09-15,Tourcoing,Magasin,Maison,Couette 220x240,1,224.09,0.0,224.09,90.39,435
2024-09-15,Amiens,Magasin,Bricolage,Peinture 5L,3,609.0,0.0,1827.0,976.38,411
2024-09-15,En ligne,E-commerce,Sport,Chaussures running,3,569.53,0.05,1623.16,845.17,266
2024-09-15,Lille,Magasin,Électroménager,Réfrigérateur,4,387.37,0.1,1394.53,296.17,29
2024-09-15,Tourcoing,Magasin,Électroménager,Réfrigérateur,4,387.37,0.0,1549.48,451.12,310
2024-09-15,Roubaix,Magasin,Maison,Canapé 3 places,3,246.23,0.0,738.69,170.64,104
2024-09-15,Lille,Magasin,Électroménager,Cafetière,3,392.24,0.0,1176.72,643.68,374
2024-09-15,Roubaix,Magasin,Bricolage,Perceuse,2,105.66,0.0,211.32,43.4,338
2024-09-15,En ligne,E-commerce,Mode,Jean homme,1,272.27,0.0,272.27,92.12,190
2024-09-15,En ligne,E-commerce,Sport,Raquette tennis,1,706.19,0.0,706.19,362.04,473
2024-09-15,Lille,Magasin,Maison,Lampe LED,2,134.22,0.05,255.02,123.14,169
2024-09-16,Lille,Magasin,Sport,Raquette tennis,2,706.19,0.0,1412.38,724.08,411
2024-09-16,Dunkerque,Magasin,Bricolage,Tournevis set,2,636.28,0.0,1272.56,640.88,243
2024-09-16,Tourcoing,Magasin,Mode,Pull laine,2,884.49,0.0,1768.98,992.12,102
2024-09-16,Lille,Magasin,Électroménager,Cafetière,5,392.24,0.0,1961.2,1072.8,338
2024-09-16,Amiens,Magasin,Mode,Baskets ville,3,460.51,0.0,1381.53,444.15,237
2024-09-16,Roubaix,Magasin,Mode,Jean homme,3,272.27,0.0,816.81,276.36,3
2024-09-16,Amiens,Magasin,Électroménager,Micro-ondes,3,453.16,0.05,1291.51,446.71,180
2024-09-16,En ligne,E-commerce,Électroménager,Cafetière,1,392.24,0.0,392.24,214.56,112
2024-09-16,Lille,Magasin,Électroménager,Robot cuiseur,2,249.97,0.0,499.94,183.84,370
2024-09-16,En ligne,E-commerce,Sport,Raquette tennis,3,706.19,0.0,2118.57,1086.12,198
2024-09-16,Lille,Magasin,Électroménager,Cafetière,1,392.24,0.0,392.24,214.56,154
2024-09-17,Valenciennes,Magasin,Mode,Pull laine,1,884.49,0.0,884.49,496.06,311
2024-09-17,Amiens,Magasin,Maison,Lampe LED,2,134.22,0.1,241.6,109.72,521
2024-09-17,Amiens,Magasin,Bricolage,Peinture 5L,4,609.0,0.0,2436.0,1301.84,349
2024-09-17,Amiens,Magasin,Bricolage,Perceuse,3,105.66,0.05,301.13,49.25,318
2024-09-17,En ligne,E-commerce,Maison,Canapé 3 places,4,246.23,0.0,984.92,227.52,508
2024-09-17,Tourcoing,Magasin,Sport,Maillot bain,5,350.77,0.2,1403.08,645.73,480
2024-09-17,Amiens,Magasin,Maison,Couette 220x240,4,224.09,0.0,896.36,361.56,532
2024-09-17,Amiens,Magasin,Électroménager,Cafetière,3,392.24,0.1,1059.05,526.01,81
2024-09-17,En ligne,E-commerce,Sport,Vélo VTT,1,545.21,0.0,545.21,234.5,124
2024-09-17,Tourcoing,Magasin,Maison,Set casseroles,3,706.85,0.0,2120.55,1223.01,424
2024-09-17,Dunkerque,Magasin,Électroménager,Aspirateur,1,191.18,0.0,191.18,96.55,42
2024-09-17,Valenciennes,Magasin,Maison,Lampe LED,2,134.22,0.0,268.44,136.56,18
2024-09-17,Dunkerque,Magasin,Maison,Étagère bois,2,279.59,0.0,559.18,178.24,60
2024-09-17,Lille,Magasin,Mode,Pull laine,1,884.49,0.0,884.49,496.06,334
2024-09-17,Roubaix,Magasin,Maison,Rideau occultant,3,101.21,0.2,242.9,73.94,550
2024-09-17,Roubaix,Magasin,Mode,T-shirt coton,1,504.67,0.0,504.67,200.23,193
2024-09-17,En ligne,E-commerce,Sport,Ballon foot,3,100.1,0.0,300.3,173.7,487
2024-09-17,Dunkerque,Magasin,Sport,Chaussures running,5,569.53,0.0,2847.65,1551.0,156
2024-09-17,Tourcoing,Magasin,Sport,Vélo VTT,2,545.21,0.0,1090.42,469.0,259
2024-09-17,Roubaix,Magasin,Sport,Chaussures running,1,569.53,0.0,569.53,310.2,202
2024-09-17,Amiens,Magasin,Sport,Tapis yoga,4,658.36,0.0,2633.44,1410.84,275
2024-09-18,Amiens,Magasin,Électroménager,Cafetière,1,392.24,0.0,392.24,214.56,31
2024-09-18,Dunkerque,Magasin,Mode,Jean homme,2,272.27,0.1,490.09,129.79,255
2024-09-18,Amiens,Magasin,Électroménager,Aspirateur,2,191.18,0.0,382.36,193.1,241
2024-09-18,Dunkerque,Magasin,Mode,T-shirt coton,3,504.67,0.0,1514.01,600.69,280
2024-09-18,Amiens,Magasin,Sport,Haltères 10kg,2,98.3,0.0,196.6,85.4,503
2024-09-18,Lille,Magasin,Électroménager,Bouilloire,6,726.04,0.0,4356.24,2353.8,126
2024-09-18,En ligne,E-commerce,Bricolage,Échelle alu,2,354.67,0.0,709.34,336.8,517
2024-09-18,Lille,Magasin,Mode,Pull laine,1,884.49,0.0,884.49,496.06,594
2024-09-18,Valenciennes,Magasin,Sport,Chaussures running,4,569.53,0.0,2278.12,1240.8,334
2024-09-19,Lille,Magasin,Mode,Veste hiver,1,655.99,0.0,655.99,324.08,362
2024-09-19,En ligne,E-commerce,Mode,Baskets ville,3,460.51,0.0,1381.53,444.15,401
2024-09-19,Lille,Magasin,Sport,Chaussures running,1,569.53,0.0,569.53,310.2,546
2024-09-19,Lille,Magasin,Mode,Pull laine,2,884.49,0.0,1768.98,992.12,552
2024-09-19,En ligne,E-commerce,Mode,Baskets ville,2,460.51,0.0,921.02,296.1,386
2024-09-19,Lille,Magasin,Bricolage,Tournevis set,5,636.28,0.05,3022.33,1443.13,169
2024-09-19,Roubaix,Magasin,Sport,Raquette tennis,5,706.19,0.0,3530.95,1810.2,296
2024-09-19,Amiens,Magasin,Bricolage,Peinture 5L,1,609.0,0.0,609.0,325.46,534
2024-09-19,Amiens,Magasin,Sport,Chaussures running,4,569.53,0.0,2278.12,1240.8,179
2024-09-19,En ligne,E-commerce,Mode,Jean homme,1,272.27,0.1,245.04,64.89,443
2024-09-19,Lille,Magasin,Maison,Canapé 3 places,4,246.23,0.0,984.92,227.52,335
2024-09-19,Roubaix,Magasin,Mode,Pull laine,1,884.49,0.0,884.49,496.06,145
2024-09-19,Amiens,Magasin,Électroménager,Réfrigérateur,4,387.37,0.0,1549.48,451.12,121
2024-09-19,Dunkerque,Magasin,Mode,Jean homme,2,272.27,0.0,544.54,184.24,560
2024-09-20,Lille,Magasin,Bricolage,Peinture 5L,5,609.0,0.0,3045.0,1627.3,455
2024-09-20,Lille,Magasin,Mode,Jean homme,1,272.27,0.0,272.27,92.12,386
2024-09-20,Lille,Magasin,Bricolage,Boîte à outils,1,83.21,0.0,83.21,22.99,344
2024-09-20,Lille,Magasin,Mode,Robe été,2,296.52,0.0,593.04,144.92,212
2024-09-20,Dunkerque,Magasin,Électroménager,Robot cuiseur,4,249.97,0.0,999.88,367.68,389
2024-09-20,Tourcoing,Magasin,Électroménager,Aspirateur,5,191.18,0.0,955.9,482.75,25
2024-09-20,Lille,Magasin,Électroménager,Micro-ondes,4,453.16,0.05,1722.01,595.61,50
2024-09-20,Lille,Magasin,Sport,Haltères 10kg,1,98.3,0.0,98.3,42.7,519
2024-09-20,Dunkerque,Magasin,Sport,Raquette tennis,4,706.19,0.05,2683.52,1306.92,140
2024-09-20,Dunkerque,Magasin,Électroménager,Cafetière,2,392.24,0.1,706.03,350.67,596
2024-09-20,Lille,Magasin,Sport,Vélo VTT,4,545.21,0.0,2180.84,938.0,360
2024-09-20,Dunkerque,Magasin,Bricolage,Perceuse,1,105.66,0.0,105.66,21.7,589
2024-09-20,Amiens,Magasin,Électroménager,Réfrigérateur,3,387.37,0.0,1162.11,338.34,584
2024-09-20,En ligne,E-commerce,Électroménager,Cafetière,1,392.24,0.0,392.24,214.56,406
2024-09-20,En ligne,E-commerce,Sport,Chaussures running,2,569.53,0.0,1139.06,620.4,584
2024-09-21,Lille,Magasin,Mode,Veste hiver,1,655.99,0.0,655.99,324.08,262
2024-09-21,Dunkerque,Magasin,Sport,Haltères 10kg,5,98.3,0.0,491.5,213.5,537
2024-09-21,Roubaix,Magasin,Mode,T-shirt coton,6,504.67,0.0,3028.02,1201.38,435
2024-09-21,Dunkerque,Magasin,Bricolage,Boîte à outils,1,83.21,0.1,74.89,14.67,217
2024-09-21,Tourcoing,Magasin,Sport,Tapis yoga,4,658.36,0.2,2106.75,884.15,32
2024-09-21,Lille,Magasin,Sport,Haltères 10kg,4,98.3,0.0,393.2,170.8,536
2024-09-21,Amiens,Magasin,Électroménager,Bouilloire,3,726.04,0.0,2178.12,1176.9,516
2024-09-21,Roubaix,Magasin,Maison,Rideau occultant,1,101.21,0.0,101.21,44.89,269
2024-09-21,Dunkerque,Magasin,Électroménager,Réfrigérateur,3,387.37,0.0,1162.11,338.34,57
2024-09-21,Lille,Magasin,Maison,Lampe LED,3,134.22,0.0,402.66,204.84,233
2024-09-21,Dunkerque,Magasin,Sport,Vélo VTT,3,545.21,0.0,1635.63,703.5,197
2024-09-21,Roubaix,Magasin,Mode,Baskets ville,4,460.51,0.0,1842.04,592.2,185
2024-09-21,Roubaix,Magasin,Bricolage,Peinture 5L,2,609.0,0.0,1218.0,650.92,273
2024-09-22,Lille,Magasin,Mode,Jean homme,4,272.27,0.2,871.26,150.66,162
2024-09-22,Dunkerque,Magasin,Bricolage,Peinture 5L,3,609.0,0.0,1827.0,976.38,2
2024-09-22,Tourcoing,Magasin,Électroménager,Réfrigérateur,4,387.37,0.0,1549.48,451.12,476
2024-09-22,Amiens,Magasin,Sport,Chaussures running,4,569.53,0.05,2164.21,1126.89,47
2024-09-22,Dunkerque,Magasin,Électroménager,Aspirateur,1,191.18,0.0,191.18,96.55,364
2024-09-22,Amiens,Magasin,Bricolage,Perceuse,1,105.66,0.0,105.66,21.7,356
2024-09-22,Valenciennes,Magasin,Maison,Rideau occultant,4,101.21,0.0,404.84,179.56,339
2024-09-22,Lille,Magasin,Maison,Couette 220x240,3,224.09,0.0,672.27,271.17,250
2024-09-22,En ligne,E-commerce,Sport,Vélo VTT,5,545.21,0.0,2726.05,1172.5,56
2024-09-22,Dunkerque,Magasin,Maison,Set casseroles,3,706.85,0.0,2120.55,1223.01,132
2024-09-22,En ligne,E-commerce,Maison,Set casseroles,5,706.85,0.2,2827.4,1331.5,128
2024-09-22,Valenciennes,Magasin,Mode,T-shirt coton,3,504.67,0.0,1514.01,600.69,317
2024-09-22,Amiens,Magasin,Électroménager,Réfrigérateur,1,387.37,0.0,387.37,112.78,577
2024-09-22,Lille,Magasin,Sport,Chaussures running,1,569.53,0.0,569.53,310.2,522
2024-09-22,Lille,Magasin,Maison,Couette 220x240,1,224.09,0.1,201.68,67.98,64
2024-09-22,Roubaix,Magasin,Maison,Canapé 3 places,3,246.23,0.0,738.69,170.64,42
2024-09-22,Dunkerque,Magasin,Sport,Ballon foot,2,100.1,0.0,200.2,115.8,37
2024-09-22,Roubaix,Magasin,Mode,T-shirt coton,1,504.67,0.0,504.67,200.23,593
2024-09-22,Lille,Magasin,Mode,Jean homme,3,272.27,0.0,816.81,276.36,252
2024-09-22,Dunkerque,Magasin,Maison,Set casseroles,4,706.85,0.0,2827.4,1630.68,147
2024-09-23,Dunkerque,Magasin,Mode,Jean homme,2,272.27,0.0,544.54,184.24,172
2024-09-23,Lille,Magasin,Sport,Vélo VTT,4,545.21,0.05,2071.8,828.96,130
2024-09-23,Lille,Magasin,Électroménager,Micro-ondes,6,453.16,0.0,2718.96,1029.36,564
2024-09-23,Lille,Magasin,Mode,T-shirt coton,1,504.67,0.0,504.67,200.23,368
2024-09-23,Roubaix,Magasin,Bricolage,Tournevis set,4,636.28,0.05,2417.86,1154.5,506
2024-09-23,Dunkerque,Magasin,Mode,Jean homme,1,272.27,0.0,272.27,92.12,118
2024-09-23,Roubaix,Magasin,Sport,Tapis yoga,1,658.36,0.0,658.36,352.71,37
2024-09-23,Tourcoing,Magasin,Maison,Set casseroles,3,706.85,0.0,2120.55,1223.01,587
2024-09-23,Tourcoing,Magasin,Électroménager,Aspirateur,5,191.18,0.0,955.9,482.75,22
2024-09-23,Roubaix,Magasin,Sport,Haltères 10kg,1,98.3,0.0,98.3,42.7,500
2024-09-23,Amiens,Magasin,Maison,Couette 220x240,1,224.09,0.05,212.89,79.19,429
2024-09-23,Dunkerque,Magasin,Mode,Pull laine,1,884.49,0.0,884.49,496.06,29
2024-09-23,Dunkerque,Magasin,Bricolage,Tournevis set,4,636.28,0.0,2545.12,1281.76,72
2024-09-23,Lille,Magasin,Électroménager,Robot cuiseur,5,249.97,0.0,1249.85,459.6,597
2024-09-24,Amiens,Magasin,Maison,Lampe LED,4,134.22,0.0,536.88,273.12,36
2024-09-24,Amiens,Magasin,Maison,Rideau occultant,1,101.21,0.0,101.21,44.89,321
2024-09-24,Valenciennes,Magasin,Sport,Raquette tennis,1,706.19,0.0,706.19,362.04,19
2024-09-24,Lille,Magasin,Sport,Vélo VTT,5,545.21,0.0,2726.05,1172.5,365
2024-09-24,En ligne,E-commerce,Maison,Couette 220x240,3,224.09,0.0,672.27,271.17,458
2024-09-24,Amiens,Magasin,Maison,Lampe LED,2,134.22,0.0,268.44,136.56,489
2024-09-24,En ligne,E-commerce,Électroménager,Cafetière,2,392.24,0.0,784.48,429.12,54
2024-09-24,Valenciennes,Magasin,Mode,Pull laine,4,884.49,0.0,3537.96,1984.24,126
2024-09-24,Valenciennes,Magasin,Sport,Chaussures running,3,569.53,0.0,1708.59,930.6,68
2024-09-24,Dunkerque,Magasin,Électroménager,Cafetière,5,392.24,0.0,1961.2,1072.8,167
2024-09-24,Lille,Magasin,Mode,Baskets ville,3,460.51,0.0,1381.53,444.15,516
2024-09-25,Lille,Magasin,Bricolage,Tournevis set,4,636.28,0.0,2545.12,1281.76,139
2024-09-25,Lille,Magasin,Électroménager,Réfrigérateur,2,387.37,0.0,774.74,225.56,469
2024-09-25,Roubaix,Magasin,Maison,Rideau occultant,2,101.21,0.0,202.42,89.78,269
2024-09-25,Valenciennes,Magasin,Bricolage,Échelle alu,3,354.67,0.0,1064.01,505.2,514
2024-09-25,Roubaix,Magasin,Bricolage,Perceuse,1,105.66,0.0,105.66,21.7,53
2024-09-25,Valenciennes,Magasin,Sport,Maillot bain,1,350.77,0.0,350.77,199.3,593
2024-09-25,Dunkerque,Magasin,Électroménager,Réfrigérateur,3,387.37,0.0,1162.11,338.34,463
2024-09-25,Tourcoing,Magasin,Sport,Vélo VTT,1,545.21,0.0,545.21,234.5,540
2024-09-25,Dunkerque,Magasin,Bricolage,Peinture 5L,3,609.0,0.0,1827.0,976.38,298
2024-09-25,Roubaix,Magasin,Électroménager,Réfrigérateur,1,387.37,0.2,309.9,35.31,587
2024-09-25,Lille,Magasin,Mode,Baskets ville,1,460.51,0.0,460.51,148.05,112
2024-09-25,Amiens,Magasin,Électroménager,Cafetière,1,392.24,0.0,392.24,214.56,251
2024-09-25,Amiens,Magasin,Bricolage,Peinture 5L,4,609.0,0.05,2314.2,1180.04,161
2024-09-25,En ligne,E-commerce,Sport,Ballon foot,2,100.1,0.0,200.2,115.8,524
2024-09-25,Dunkerque,Magasin,Électroménager,Réfrigérateur,2,387.37,0.0,774.74,225.56,156
2024-09-25,Tourcoing,Magasin,Mode,Jean homme,1,272.27,0.0,272.27,92.12,258
2024-09-25,Roubaix,Magasin,Électroménager,Aspirateur,2,191.18,0.0,382.36,193.1,530
2024-09-26,Tourcoing,Magasin,Mode,T-shirt coton,1,504.67,0.0,504.67,200.23,90
2024-09-26,Amiens,Magasin,Mode,Veste hiver,3,655.99,0.05,1869.57,873.84,229
2024-09-26,Dunkerque,Magasin,Mode,Veste hiver,4,655.99,0.0,2623.96,1296.32,495
2024-09-26,Roubaix,Magasin,Bricolage,Boîte à outils,5,83.21,0.0,416.05,114.95,452
2024-09-26,Tourcoing,Magasin,Mode,Pull laine,3,884.49,0.0,2653.47,1488.18,340
2024-09-26,En ligne,E-commerce,Sport,Chaussures running,3,569.53,0.0,1708.59,930.6,64
2024-09-26,Lille,Magasin,Électroménager,Aspirateur,2,191.18,0.0,382.36,193.1,393
2024-09-26,Roubaix,Magasin,Électroménager,Cafetière,2,392.24,0.0,784.48,429.12,596
2024-09-26,En ligne,E-commerce,Mode,Baskets ville,3,460.51,0.0,1381.53,444.15,504
2024-09-26,Tourcoing,Magasin,Électroménager,Bouilloire,5,726.04,0.0,3630.2,1961.5,548
2024-09-26,Lille,Magasin,Bricolage,Boîte à outils,1,83.21,0.0,83.21,22.99,332
2024-09-26,Roubaix,Magasin,Électroménager,Réfrigérateur,2,387.37,0.0,774.74,225.56,408
2024-09-26,Roubaix,Magasin,Sport,Ballon foot,3,100.1,0.0,300.3,173.7,163
2024-09-26,Valenciennes,Magasin,Mode,Robe été,4,296.52,0.0,1186.08,289.84,146
2024-09-26,Valenciennes,Magasin,Électroménager,Robot cuiseur,2,249.97,0.0,499.94,183.84,261
2024-09-26,Dunkerque,Magasin,Électroménager,Bouilloire,1,726.04,0.0,726.04,392.3,179
2024-09-26,Valenciennes,Magasin,Bricolage,Perceuse,2,105.66,0.0,211.32,43.4,519
2024-09-26,Lille,Magasin,Mode,Robe été,3,296.52,0.0,889.56,217.38,500
2024-09-26,Dunkerque,Magasin,Sport,Maillot bain,4,350.77,0.0,1403.08,797.2,266
2024-09-26,En ligne,E-commerce,Électroménager,Micro-ondes,1,453.16,0.1,407.84,126.24,198
2024-09-27,Roubaix,Magasin,Électroménager,Réfrigérateur,3,387.37,0.0,1162.11,338.34,458
2024-09-27,Lille,Magasin,Maison,Canapé 3 places,3,246.23,0.0,738.69,170.64,1
2024-09-27,Lille,Magasin,Électroménager,Micro-ondes,4,453.16,0.0,1812.64,686.24,192
2024-09-27,En ligne,E-commerce,Électroménager,Micro-ondes,3,453.16,0.0,1359.48,514.68,353
2024-09-27,Tourcoing,Magasin,Bricolage,Perceuse,2,105.66,0.0,211.32,43.4,99
2024-09-27,Tourcoing,Magasin,Mode,T-shirt coton,4,504.67,0.0,2018.68,800.92,268
2024-09-27,Roubaix,Magasin,Sport,Tapis yoga,2,658.36,0.05,1250.88,639.58,491
2024-09-27,Amiens,Magasin,Maison,Rideau occultant,1,101.21,0.0,101.21,44.89,600
2024-09-27,Amiens,Magasin,Mode,Robe été,1,296.52,0.05,281.69,57.63,10
2024-09-28,Valenciennes,Magasin,Électroménager,Réfrigérateur,3,387.37,0.0,1162.11,338.34,488
2024-09-28,Roubaix,Magasin,Sport,Maillot bain,3,350.77,0.0,1052.31,597.9,12
2024-09-28,En ligne,E-commerce,Sport,Vélo VTT,4,545.21,0.0,2180.84,938.0,322
2024-09-28,Lille,Magasin,Électroménager,Robot cuiseur,1,249.97,0.0,249.97,91.92,214
2024-09-28,Lille,Magasin,Mode,Baskets ville,1,460.51,0.0,460.51,148.05,220
2024-09-28,Amiens,Magasin,Mode,Jean homme,2,272.27,0.05,517.31,157.01,225
2024-09-28,En ligne,E-commerce,Mode,Robe été,1,296.52,0.1,266.87,42.81,286
2024-09-28,Valenciennes,Magasin,Bricolage,Peinture 5L,1,609.0,0.0,609.0,325.46,547
2024-09-28,Valenciennes,Magasin,Sport,Maillot bain,2,350.77,0.0,701.54,398.6,221
2024-09-28,En ligne,E-commerce,Maison,Lampe LED,1,134.22,0.0,134.22,68.28,595
2024-09-28,En ligne,E-commerce,Électroménager,Micro-ondes,4,453.16,0.0,1812.64,686.24,270
2024-09-28,Amiens,Magasin,Électroménager,Bouilloire,4,726.04,0.0,2904.16,1569.2,51
2024-09-28,Dunkerque,Magasin,Électroménager,Cafetière,2,392.24,0.1,706.03,350.67,465
2024-09-28,En ligne,E-commerce,Maison,Canapé 3 places,5,246.23,0.0,1231.15,284.4,190
2024-09-28,Dunkerque,Magasin,Mode,Baskets ville,1,460.51,0.0,460.51,148.05,517
2024-09-28,Dunkerque,Magasin,Électroménager,Bouilloire,2,726.04,0.0,1452.08,784.6,6
2024-09-28,Lille,Magasin,Bricolage,Tournevis set,3,636.28,0.0,1908.84,961.32,131
2024-09-29,En ligne,E-commerce,Bricolage,Peinture 5L,1,609.0,0.0,609.0,325.46,200
2024-09-29,Dunkerque,Magasin,Bricolage,Perceuse,1,105.66,0.0,105.66,21.7,421
2024-09-29,Dunkerque,Magasin,Bricolage,Peinture 5L,4,609.0,0.0,2436.0,1301.84,317
2024-09-29,Valenciennes,Magasin,Sport,Tapis yoga,3,658.36,0.05,1876.33,959.38,412
2024-09-29,En ligne,E-commerce,Bricolage,Perceuse,1,105.66,0.0,105.66,21.7,414
2024-09-29,Roubaix,Magasin,Électroménager,Micro-ondes,1,453.16,0.05,430.5,148.9,281
2024-09-29,Dunkerque,Magasin,Bricolage,Boîte à outils,2,83.21,0.0,166.42,45.98,431
2024-09-29,En ligne,E-commerce,Maison,Canapé 3 places,1,246.23,0.0,246.23,56.88,541
2024-09-29,Dunkerque,Magasin,Électroménager,Cafetière,4,392.24,0.0,1568.96,858.24,329
2024-09-29,Dunkerque,Magasin,Bricolage,Perceuse,4,105.66,0.0,422.64,86.8,311
2024-09-29,Lille,Magasin,Mode,Robe été,2,296.52,0.0,593.04,144.92,115
2024-09-29,Lille,Magasin,Bricolage,Boîte à outils,3,83.21,0.2,199.7,19.04,336
2024-09-29,En ligne,E-commerce,Mode,Baskets ville,3,460.51,0.1,1243.38,306.0,99
2024-09-30,Tourcoing,Magasin,Sport,Haltères 10kg,5,98.3,0.0,491.5,213.5,286
2024-09-30,Lille,Magasin,Électroménager,Robot cuiseur,3,249.97,0.0,749.91,275.76,388
2024-09-30,Amiens,Magasin,Mode,Veste hiver,3,655.99,0.0,1967.97,972.24,560
2024-09-30,Roubaix,Magasin,Mode,Baskets ville,4,460.51,0.0,1842.04,592.2,180
2024-09-30,Roubaix,Magasin,Maison,Set casseroles,4,706.85,0.0,2827.4,1630.68,386
2024-09-30,En ligne,E-commerce,Maison,Lampe LED,1,134.22,0.0,134.22,68.28,196
2024-09-30,Roubaix,Magasin,Sport,Maillot bain,3,350.77,0.0,1052.31,597.9,512
2024-09-30,Valenciennes,Magasin,Électroménager,Aspirateur,4,191.18,0.1,688.25,309.73,420
2024-09-30,Lille,Magasin,Sport,Maillot bain,1,350.77,0.05,333.23,181.76,140
2024-09-30,Amiens,Magasin,Électroménager,Robot cuiseur,3,249.97,0.0,749.91,275.76,431
2024-09-30,Roubaix,Magasin,Bricolage,Tournevis set,1,636.28,0.0,636.28,320.44,104
2024-09-30,En ligne,E-commerce,Maison,Rideau occultant,1,101.21,0.0,101.21,44.89,372
2024-09-30,Lille,Magasin,Sport,Raquette tennis,2,706.19,0.0,1412.38,724.08,309
2024-09-30,Lille,Magasin,Électroménager,Aspirateur,3,191.18,0.0,573.54,289.65,589
2024-09-30,Roubaix,Magasin,Électroménager,Réfrigérateur,3,387.37,0.0,1162.11,338.34,594
2024-10-01,Amiens,Magasin,Maison,Rideau occultant,4,101.21,0.05,384.6,159.32,581
2024-10-01,Dunkerque,Magasin,Bricolage,Tournevis set,4,636.28,0.0,2545.12,1281.76,600
2024-10-01,Amiens,Magasin,Électroménager,Micro-ondes,3,453.16,0.0,1359.48,514.68,504
2024-10-01,Roubaix,Magasin,Sport,Vélo VTT,1,545.21,0.0,545.21,234.5,380
2024-10-01,Valenciennes,Magasin,Maison,Rideau occultant,2,101.21,0.0,202.42,89.78,337
2024-10-01,Roubaix,Magasin,Sport,Haltères 10kg,3,98.3,0.0,294.9,128.1,595
2024-10-01,Lille,Magasin,Maison,Rideau occultant,1,101.21,0.0,101.21,44.89,127
2024-10-01,Tourcoing,Magasin,Sport,Raquette tennis,3,706.19,0.0,2118.57,1086.12,396
2024-10-01,En ligne,E-commerce,Mode,Pull laine,1,884.49,0.0,884.49,496.06,101
2024-10-01,Amiens,Magasin,Sport,Tapis yoga,3,658.36,0.0,1975.08,1058.13,497
2024-10-01,Lille,Magasin,Maison,Set casseroles,1,706.85,0.0,706.85,407.67,10
2024-10-01,Amiens,Magasin,Bricolage,Tournevis set,2,636.28,0.0,1272.56,640.88,152
2024-10-01,Lille,Magasin,Bricolage,Tournevis set,4,636.28,0.0,2545.12,1281.76,542
2024-10-01,Roubaix,Magasin,Bricolage,Perceuse,4,105.66,0.0,422.64,86.8,190
2024-10-01,Dunkerque,Magasin,Électroménager,Réfrigérateur,5,387.37,0.0,1936.85,563.9,381
2024-10-01,Lille,Magasin,Maison,Set casseroles,3,706.85,0.05,2014.52,1116.98,54
2024-10-01,Tourcoing,Magasin,Mode,T-shirt coton,5,504.67,0.0,2523.35,1001.15,233
2024-10-01,Lille,Magasin,Sport,Tapis yoga,4,658.36,0.0,2633.44,1410.84,246
2024-10-01,Tourcoing,Magasin,Mode,Pull laine,4,884.49,0.0,3537.96,1984.24,253
2024-10-02,Lille,Magasin,Mode,Pull laine,4,884.49,0.05,3361.06,1807.34,577
2024-10-02,Valenciennes,Magasin,Bricolage,Perceuse,4,105.66,0.0,422.64,86.8,413
2024-10-02,Lille,Magasin,Maison,Rideau occultant,3,101.21,0.0,303.63,134.67,112
2024-10-02,Dunkerque,Magasin,Bricolage,Échelle alu,2,354.67,0.0,709.34,336.8,237
2024-10-02,Lille,Magasin,Mode,Pull laine,4,884.49,0.05,3361.06,1807.34,250
2024-10-02,Tourcoing,Magasin,Sport,Raquette tennis,5,706.19,0.0,3530.95,1810.2,206
2024-10-02,Dunkerque,Magasin,Maison,Canapé 3 places,4,246.23,0.0,984.92,227.52,273
2024-10-02,Dunkerque,Magasin,Maison,Set casseroles,4,706.85,0.0,2827.4,1630.68,364
2024-10-02,Amiens,Magasin,Maison,Couette 220x240,4,224.09,0.05,851.54,316.74,220
2024-10-02,Lille,Magasin,Sport,Haltères 10kg,2,98.3,0.0,196.6,85.4,307
2024-10-02,Amiens,Magasin,Bricolage,Tournevis set,1,636.28,0.0,636.28,320.44,190
2024-10-02,Valenciennes,Magasin,Bricolage,Boîte à outils,1,83.21,0.2,66.57,6.35,505
2024-10-02,Lille,Magasin,Mode,Veste hiver,3,655.99,0.2,1574.38,578.65,112
2024-10-02,Amiens,Magasin,Électroménager,Aspirateur,2,191.18,0.0,382.36,193.1,577
2024-10-02,En ligne,E-commerce,Électroménager,Micro-ondes,1,453.16,0.0,453.16,171.56,117
2024-10-02,Valenciennes,Magasin,Bricolage,Tournevis set,3,636.28,0.0,1908.84,961.32,152
2024-10-02,Tourcoing,Magasin,Sport,Tapis yoga,3,658.36,0.0,1975.08,1058.13,36
2024-10-02,Lille,Magasin,Maison,Couette 220x240,3,224.09,0.0,672.27,271.17,204
2024-10-02,Roubaix,Magasin,Électroménager,Micro-ondes,3,453.16,0.0,1359.48,514.68,330
2024-10-02,Tourcoing,Magasin,Électroménager,Aspirateur,5,191.18,0.0,955.9,482.75,56
2024-10-02,Amiens,Magasin,Sport,Maillot bain,3,350.77,0.0,1052.31,597.9,422
2024-10-03,Tourcoing,Magasin,Maison,Canapé 3 places,4,246.23,0.0,984.92,227.52,163
2024-10-03,Tourcoing,Magasin,Bricolage,Échelle alu,4,354.67,0.0,1418.68,673.6,151
2024-10-03,Dunkerque,Magasin,Maison,Rideau occultant,4,101.21,0.05,384.6,159.32,466
2024-10-03,Amiens,Magasin,Maison,Étagère bois,4,279.59,0.0,1118.36,356.48,357
2024-10-03,Lille,Magasin,Mode,T-shirt coton,3,504.67,0.0,1514.01,600.69,229
2024-10-03,Dunkerque,Magasin,Électroménager,Micro-ondes,2,453.16,0.0,906.32,343.12,477
2024-10-03,Dunkerque,Magasin,Sport,Tapis yoga,2,658.36,0.0,1316.72,705.42,240
2024-10-03,Lille,Magasin,Bricolage,Échelle alu,1,354.67,0.0,354.67,168.4,336
2024-10-03,Lille,Magasin,Bricolage,Échelle alu,2,354.67,0.0,709.34,336.8,392
2024-10-03,Amiens,Magasin,Mode,Baskets ville,2,460.51,0.0,921.02,296.1,304
2024-10-03,Valenciennes,Magasin,Électroménager,Bouilloire,2,726.04,0.0,1452.08,784.6,507
2024-10-03,En ligne,E-commerce,Sport,Maillot bain,3,350.77,0.05,999.69,545.28,304
2024-10-03,Dunkerque,Magasin,Électroménager,Cafetière,3,392.24,0.0,1176.72,643.68,547
2024-10-03,Roubaix,Magasin,Maison,Lampe LED,2,134.22,0.0,268.44,136.56,283
2024-10-03,Lille,Magasin,Électroménager,Bouilloire,3,726.04,0.0,2178.12,1176.9,79
2024-10-03,Amiens,Magasin,Électroménager,Micro-ondes,4,453.16,0.0,1812.64,686.24,56
2024-10-03,Lille,Magasin,Maison,Canapé 3 places,3,246.23,0.05,701.76,133.71,162
2024-10-03,En ligne,E-commerce,Électroménager,Robot cuiseur,1,249.97,0.05,237.47,79.42,588
2024-10-03,Valenciennes,Magasin,Mode,T-shirt coton,1,504.67,0.0,504.67,200.23,58
2024-10-03,Roubaix,Magasin,Maison,Étagère bois,2,279.59,0.1,503.26,122.32,551
2024-10-03,Tourcoing,Magasin,Maison,Set casseroles,2,706.85,0.05,1343.02,744.65,148
2024-10-03,Amiens,Magasin,Mode,Pull laine,3,884.49,0.0,2653.47,1488.18,407
2024-10-03,En ligne,E-commerce,Maison,Rideau occultant,1,101.21,0.0,101.21,44.89,44
2024-10-03,En ligne,E-commerce,Électroménager,Cafetière,3,392.24,0.0,1176.72,643.68,133
2024-10-03,Dunkerque,Magasin,Sport,Vélo VTT,1,545.21,0.0,545.21,234.5,587
2024-10-03,En ligne,E-commerce,Mode,Baskets ville,2,460.51,0.2,736.82,111.9,185
2024-10-04,Roubaix,Magasin,Bricolage,Échelle alu,1,354.67,0.0,354.67,168.4,280
2024-10-04,Amiens,Magasin,Maison,Set casseroles,2,706.85,0.0,1413.7,815.34,281
2024-10-04,Dunkerque,Magasin,Sport,Raquette tennis,2,706.19,0.05,1341.76,653.46,535
2024-10-04,Dunkerque,Magasin,Électroménager,Réfrigérateur,4,387.37,0.0,1549.48,451.12,5
2024-10-04,En ligne,E-commerce,Bricolage,Peinture 5L,3,609.0,0.0,1827.0,976.38,514
2024-10-04,Dunkerque,Magasin,Sport,Tapis yoga,3,658.36,0.05,1876.33,959.38,224
2024-10-04,Roubaix,Magasin,Électroménager,Réfrigérateur,1,387.37,0.0,387.37,112.78,443
2024-10-04,Lille,Magasin,Électroménager,Robot cuiseur,3,249.97,0.0,749.91,275.76,323
2024-10-04,Roubaix,Magasin,Maison,Canapé 3 places,1,246.23,0.1,221.61,32.26,99
2024-10-04,Tourcoing,Magasin,Mode,Pull laine,1,884.49,0.0,884.49,496.06,104
2024-10-04,Roubaix,Magasin,Sport,Raquette tennis,3,706.19,0.0,2118.57,1086.12,235
2024-10-04,Dunkerque,Magasin,Maison,Étagère bois,4,279.59,0.0,1118.36,356.48,361
2024-10-04,Roubaix,Magasin,Mode,Veste hiver,4,655.99,0.0,2623.96,1296.32,472
2024-10-04,Tourcoing,Magasin,Électroménager,Aspirateur,3,191.18,0.0,573.54,289.65,518
2024-10-05,En ligne,E-commerce,Bricolage,Tournevis set,3,636.28,0.0,1908.84,961.32,415
2024-10-05,Roubaix,Magasin,Sport,Maillot bain,5,350.77,0.0,1753.85,996.5,277
2024-10-05,En ligne,E-commerce,Mode,Pull laine,1,884.49,0.0,884.49,496.06,505
2024-10-05,Roubaix,Magasin,Mode,Baskets ville,1,460.51,0.0,460.51,148.05,110
2024-10-05,Dunkerque,Magasin,Électroménager,Cafetière,2,392.24,0.0,784.48,429.12,529
2024-10-05,Dunkerque,Magasin,Bricolage,Tournevis set,2,636.28,0.0,1272.56,640.88,284
2024-10-05,Tourcoing,Magasin,Sport,Raquette tennis,3,706.19,0.0,2118.57,1086.12,317
2024-10-05,Lille,Magasin,Sport,Raquette tennis,6,706.19,0.05,4025.28,1960.38,541
2024-10-05,Valenciennes,Magasin,Mode,Pull laine,4,884.49,0.05,3361.06,1807.34,92
2024-10-05,Roubaix,Magasin,Mode,Baskets ville,1,460.51,0.0,460.51,148.05,70
2024-10-05,Dunkerque,Magasin,Mode,T-shirt coton,2,504.67,0.2,807.47,198.59,13
2024-10-05,Lille,Magasin,Électroménager,Bouilloire,3,726.04,0.0,2178.12,1176.9,428
2024-10-05,Valenciennes,Magasin,Électroménager,Robot cuiseur,2,249.97,0.05,474.94,158.84,219
2024-10-05,Dunkerque,Magasin,Bricolage,Échelle alu,5,354.67,0.05,1684.68,753.33,346
2024-10-05,Lille,Magasin,Sport,Tapis yoga,4,658.36,0.0,2633.44,1410.84,198
2024-10-05,En ligne,E-commerce,Bricolage,Échelle alu,3,354.67,0.1,957.61,398.8,71
2024-10-05,Lille,Magasin,Bricolage,Perceuse,5,105.66,0.1,475.47,55.67,589
2024-10-05,Lille,Magasin,Mode,Pull laine,3,884.49,0.0,2653.47,1488.18,424
2024-10-05,Lille,Magasin,Sport,Tapis yoga,3,658.36,0.0,1975.08,1058.13,253
2024-10-05,Roubaix,Magasin,Mode,T-shirt coton,2,504.67,0.0,1009.34,400.46,199
2024-10-05,Roubaix,Magasin,Sport,Haltères 10kg,2,98.3,0.1,176.94,65.74,64
2024-10-05,Tourcoing,Magasin,Bricolage,Échelle alu,2,354.67,0.0,709.34,336.8,139
2024-10-05,Tourcoing,Magasin,Électroménager,Micro-ondes,3,453.16,0.0,1359.48,514.68,10
2024-10-06,Dunkerque,Magasin,Maison,Set casseroles,2,706.85,0.0,1413.7,815.34,438
2024-10-06,Amiens,Magasin,Mode,T-shirt coton,2,504.67,0.0,1009.34,400.46,537
2024-10-06,En ligne,E-commerce,Mode,Robe été,1,296.52,0.0,296.52,72.46,87
2024-10-06,Dunkerque,Magasin,Mode,Veste hiver,3,655.99,0.0,1967.97,972.24,146
2024-10-06,Valenciennes,Magasin,Maison,Couette 220x240,1,224.09,0.05,212.89,79.19,362
2024-10-06,Dunkerque,Magasin,Sport,Vélo VTT,2,545.21,0.0,1090.42,469.0,161
2024-10-06,En ligne,E-commerce,Mode,Baskets ville,5,460.51,0.0,2302.55,740.25,306
2024-10-06,Dunkerque,Magasin,Sport,Raquette tennis,5,706.19,0.1,3177.86,1457.11,524
2024-10-06,Tourcoing,Magasin,Bricolage,Boîte à outils,1,83.21,0.2,66.57,6.35,351
2024-10-06,Roubaix,Magasin,Sport,Maillot bain,1,350.77,0.0,350.77,199.3,523
2024-10-06,Roubaix,Magasin,Électroménager,Robot cuiseur,2,249.97,0.0,499.94,183.84,560
2024-10-06,Roubaix,Magasin,Maison,Rideau occultant,2,101.21,0.05,192.3,79.66,242
2024-10-06,Amiens,Magasin,Bricolage,Boîte à outils,1,83.21,0.0,83.21,22.99,178
2024-10-06,Dunkerque,Magasin,Maison,Couette 220x240,5,224.09,0.2,896.36,227.86,340
2024-10-06,Lille,Magasin,Bricolage,Tournevis set,4,636.28,0.0,2545.12,1281.76,128
2024-10-06,Roubaix,Magasin,Maison,Étagère bois,1,279.59,0.0,279.59,89.12,519
2024-10-07,Lille,Magasin,Mode,Jean homme,2,272.27,0.0,544.54,184.24,363
2024-10-07,Valenciennes,Magasin,Maison,Couette 220x240,2,224.09,0.0,448.18,180.78,458
2024-10-07,Tourcoing,Magasin,Mode,Baskets ville,1,460.51,0.0,460.51,148.05,340
2024-10-07,Valenciennes,Magasin,Électroménager,Cafetière,1,392.24,0.0,392.24,214.56,596
2024-10-07,En ligne,E-commerce,Maison,Rideau occultant,3,101.21,0.0,303.63,134.67,423
2024-10-07,Lille,Magasin,Mode,Robe été,3,296.52,0.0,889.56,217.38,524
2024-10-07,Roubaix,Magasin,Sport,Ballon foot,2,100.1,0.05,190.19,105.79,208
2024-10-07,Amiens,Magasin,Sport,Ballon foot,1,100.1,0.0,100.1,57.9,34
2024-10-07,Dunkerque,Magasin,Sport,Haltères 10kg,1,98.3,0.0,98.3,42.7,490
2024-10-07,Valenciennes,Magasin,Bricolage,Échelle alu,2,354.67,0.0,709.34,336.8,131
2024-10-07,En ligne,E-commerce,Mode,Pull laine,1,884.49,0.0,884.49,496.06,335
2024-10-07,Dunkerque,Magasin,Maison,Couette 220x240,2,224.09,0.0,448.18,180.78,126
2024-10-07,Tourcoing,Magasin,Bricolage,Perceuse,5,105.66,0.0,528.3,108.5,267
2024-10-07,En ligne,E-commerce,Maison,Couette 220x240,2,224.09,0.0,448.18,180.78,74
2024-10-07,Roubaix,Magasin,Électroménager,Réfrigérateur,1,387.37,0.0,387.37,112.78,409
2024-10-07,Amiens,Magasin,Mode,T-shirt coton,1,504.67,0.0,504.67,200.23,216
2024-10-07,Amiens,Magasin,Électroménager,Aspirateur,4,191.18,0.0,764.72,386.2,82
2024-10-07,En ligne,E-commerce,Mode,Baskets ville,3,460.51,0.0,1381.53,444.15,279
2024-10-07,Roubaix,Magasin,Électroménager,Bouilloire,3,726.04,0.0,2178.12,1176.9,587
2024-10-07,En ligne,E-commerce,Maison,Rideau occultant,3,101.21,0.0,303.63,134.67,571
2024-10-07,En ligne,E-commerce,Sport,Raquette tennis,5,706.19,0.0,3530.95,1810.2,189
2024-10-08,Tourcoing,Magasin,Bricolage,Échelle alu,2,354.67,0.0,709.34,336.8,25
2024-10-08,Lille,Magasin,Mode,T-shirt coton,5,504.67,0.0,2523.35,1001.15,351
2024-10-08,Dunkerque,Magasin,Électroménager,Aspirateur,5,191.18,0.0,955.9,482.75,292
2024-10-08,Lille,Magasin,Bricolage,Échelle alu,3,354.67,0.0,1064.01,505.2,506
2024-10-08,Lille,Magasin,Électroménager,Cafetière,4,392.24,0.0,1568.96,858.24,513
2024-10-08,Lille,Magasin,Sport,Chaussures running,3,569.53,0.0,1708.59,930.6,100
2024-10-08,Lille,Magasin,Mode,Robe été,2,296.52,0.0,593.04,144.92,212
2024-10-08,En ligne,E-commerce,Maison,Canapé 3 places,1,246.23,0.1,221.61,32.26,371
2024-10-08,Amiens,Magasin,Mode,Robe été,3,296.52,0.0,889.56,217.38,451
2024-10-08,Lille,Magasin,Mode,Robe été,2,296.52,0.0,593.04,144.92,389
2024-10-08,Tourcoing,Magasin,Électroménager,Robot cuiseur,4,249.97,0.2,799.9,167.7,255
2024-10-08,Roubaix,Magasin,Maison,Étagère bois,3,279.59,0.0,838.77,267.36,10
2024-10-08,Lille,Magasin,Sport,Raquette tennis,6,706.19,0.0,4237.14,2172.24,66
2024-10-08,En ligne,E-commerce,Maison,Canapé 3 places,2,246.23,0.0,492.46,113.76,498
2024-10-08,Tourcoing,Magasin,Électroménager,Bouilloire,6,726.04,0.0,4356.24,2353.8,317
2024-10-09,Dunkerque,Magasin,Électroménager,Cafetière,4,392.24,0.0,1568.96,858.24,154
2024-10-09,Roubaix,Magasin,Maison,Set casseroles,3,706.85,0.0,2120.55,1223.01,42
2024-10-09,Dunkerque,Magasin,Mode,Robe été,1,296.52,0.0,296.52,72.46,382
2024-10-09,En ligne,E-commerce,Sport,Haltères 10kg,4,98.3,0.0,393.2,170.8,139
2024-10-09,Valenciennes,Magasin,Bricolage,Échelle alu,3,354.67,0.0,1064.01,505.2,51
2024-10-09,Dunkerque,Magasin,Sport,Ballon foot,1,100.1,0.0,100.1,57.9,352
2024-10-09,Tourcoing,Magasin,Sport,Ballon foot,4,100.1,0.0,400.4,231.6,121
2024-10-09,Tourcoing,Magasin,Sport,Tapis yoga,3,658.36,0.0,1975.08,1058.13,361
2024-10-09,En ligne,E-commerce,Sport,Raquette tennis,3,706.19,0.0,2118.57,1086.12,560
2024-10-09,Lille,Magasin,Sport,Ballon foot,2,100.1,0.0,200.2,115.8,80
2024-10-09,Valenciennes,Magasin,Maison,Set casseroles,1,706.85,0.05,671.51,372.33,184
2024-10-09,Dunkerque,Magasin,Sport,Ballon foot,1,100.1,0.05,95.09,52.89,382
2024-10-09,Valenciennes,Magasin,Mode,Pull laine,2,884.49,0.05,1680.53,903.67,427
2024-10-09,En ligne,E-commerce,Mode,Pull laine,5,884.49,0.0,4422.45,2480.3,160
2024-10-09,Amiens,Magasin,Bricolage,Peinture 5L,5,609.0,0.0,3045.0,1627.3,45
2024-10-09,Lille,Magasin,Mode,Pull laine,4,884.49,0.0,3537.96,1984.24,254
2024-10-09,Valenciennes,Magasin,Maison,Set casseroles,3,706.85,0.0,2120.55,1223.01,296
2024-10-09,Amiens,Magasin,Sport,Vélo VTT,4,545.21,0.0,2180.84,938.0,460
2024-10-09,En ligne,E-commerce,Mode,T-shirt coton,1,504.67,0.05,479.44,175.0,292
2024-10-09,Dunkerque,Magasin,Bricolage,Tournevis set,2,636.28,0.0,1272.56,640.88,136
2024-10-10,Valenciennes,Magasin,Bricolage,Boîte à outils,4,83.21,0.05,316.2,75.32,494
2024-10-10,Dunkerque,Magasin,Sport,Tapis yoga,3,658.36,0.0,1975.08,1058.13,72
2024-10-10,Lille,Magasin,Mode,Jean homme,5,272.27,0.0,1361.35,460.6,575
2024-10-10,Valenciennes,Magasin,Électroménager,Robot cuiseur,4,249.97,0.0,999.88,367.68,340
2024-10-10,Valenciennes,Magasin,Sport,Vélo VTT,1,545.21,0.0,545.21,234.5,533
2024-10-10,En ligne,E-commerce,Maison,Rideau occultant,1,101.21,0.0,101.21,44.89,372
2024-10-10,Dunkerque,Magasin,Bricolage,Échelle alu,4,354.67,0.0,1418.68,673.6,583
2024-10-10,Amiens,Magasin,Mode,Jean homme,2,272.27,0.0,544.54,184.24,285
2024-10-10,Tourcoing,Magasin,Maison,Canapé 3 places,4,246.23,0.0,984.92,227.52,39
2024-10-10,Dunkerque,Magasin,Mode,Veste hiver,4,655.99,0.0,2623.96,1296.32,281
2024-10-10,Tourcoing,Magasin,Bricolage,Peinture 5L,2,609.0,0.0,1218.0,650.92,82
2024-10-10,Amiens,Magasin,Électroménager,Cafetière,2,392.24,0.0,784.48,429.12,101
2024-10-10,Tourcoing,Magasin,Sport,Tapis yoga,2,658.36,0.0,1316.72,705.42,417
2024-10-10,Amiens,Magasin,Sport,Vélo VTT,2,545.21,0.0,1090.42,469.0,182
2024-10-10,Roubaix,Magasin,Sport,Maillot bain,1,350.77,0.0,350.77,199.3,100
2024-10-10,Amiens,Magasin,Mode,Pull laine,4,884.49,0.0,3537.96,1984.24,29
2024-10-10,En ligne,E-commerce,Maison,Canapé 3 places,1,246.23,0.0,246.23,56.88,176
2024-10-10,Amiens,Magasin,Électroménager,Micro-ondes,5,453.16,0.0,2265.8,857.8,40
2024-10-10,Amiens,Magasin,Mode,Baskets ville,2,460.51,0.0,921.02,296.1,272
2024-10-10,Lille,Magasin,Maison,Lampe LED,5,134.22,0.05,637.54,307.84,515
2024-10-10,Dunkerque,Magasin,Mode,Veste hiver,4,655.99,0.0,2623.96,1296.32,166
2024-10-10,Valenciennes,Magasin,Électroménager,Aspirateur,4,191.18,0.0,764.72,386.2,187
2024-10-11,Lille,Magasin,Mode,Baskets ville,3,460.51,0.0,1381.53,444.15,361
2024-10-11,Tourcoing,Magasin,Mode,Baskets ville,2,460.51,0.0,921.02,296.1,250
2024-10-11,Roubaix,Magasin,Mode,Jean homme,3,272.27,0.0,816.81,276.36,95
2024-10-11,Valenciennes,Magasin,Mode,Jean homme,4,272.27,0.0,1089.08,368.48,598
2024-10-11,En ligne,E-commerce,Électroménager,Cafetière,2,392.24,0.0,784.48,429.12,70
2024-10-11,En ligne,E-commerce,Sport,Raquette tennis,4,706.19,0.0,2824.76,1448.16,582
2024-10-11,Valenciennes,Magasin,Maison,Étagère bois,3,279.59,0.05,796.83,225.42,287
2024-10-11,Lille,Magasin,Bricolage,Perceuse,3,105.66,0.0,316.98,65.1,316
2024-10-11,Roubaix,Magasin,Maison,Lampe LED,4,134.22,0.0,536.88,273.12,441
2024-10-11,Lille,Magasin,Bricolage,Peinture 5L,3,609.0,0.0,1827.0,976.38,322
2024-10-11,Roubaix,Magasin,Mode,Baskets ville,1,460.51,0.05,437.48,125.02,427
2024-10-12,Valenciennes,Magasin,Électroménager,Réfrigérateur,1,387.37,0.0,387.37,112.78,71
2024-10-12,Amiens,Magasin,Électroménager,Bouilloire,1,726.04,0.0,726.04,392.3,500
2024-10-12,Roubaix,Magasin,Sport,Chaussures running,4,569.53,0.0,2278.12,1240.8,48
2024-10-12,Valenciennes,Magasin,Mode,Jean homme,3,272.27,0.0,816.81,276.36,241
2024-10-12,Lille,Magasin,Sport,Maillot bain,1,350.77,0.0,350.77,199.3,122
2024-10-12,Lille,Magasin,Mode,T-shirt coton,3,504.67,0.0,1514.01,600.69,10
2024-10-12,Valenciennes,Magasin,Sport,Haltères 10kg,3,98.3,0.0,294.9,128.1,481
2024-10-12,Dunkerque,Magasin,Sport,Chaussures running,2,569.53,0.0,1139.06,620.4,198
2024-10-12,Lille,Magasin,Mode,Veste hiver,2,655.99,0.0,1311.98,648.16,479
2024-10-12,Roubaix,Magasin,Maison,Set casseroles,1,706.85,0.1,636.17,336.99,295
2024-10-12,Lille,Magasin,Électroménager,Aspirateur,2,191.18,0.05,363.24,173.98,566
2024-10-12,Roubaix,Magasin,Sport,Ballon foot,5,100.1,0.0,500.5,289.5,89
2024-10-12,Lille,Magasin,Électroménager,Cafetière,4,392.24,0.0,1568.96,858.24,482
2024-10-12,Roubaix,Magasin,Mode,T-shirt coton,3,504.67,0.1,1362.61,449.29,57
2024-10-12,Lille,Magasin,Maison,Lampe LED,2,134.22,0.0,268.44,136.56,283
2024-10-12,Tourcoing,Magasin,Mode,Jean homme,2,272.27,0.0,544.54,184.24,2
2024-10-13,Valenciennes,Magasin,Maison,Lampe LED,6,134.22,0.0,805.32,409.68,86
2024-10-13,Roubaix,Magasin,Mode,Veste hiver,1,655.99,0.0,655.99,324.08,390
2024-10-13,Tourcoing,Magasin,Électroménager,Aspirateur,3,191.18,0.0,573.54,289.65,469
2024-10-13,En ligne,E-commerce,Mode,T-shirt coton,4,504.67,0.0,2018.68,800.92,167
2024-10-13,En ligne,E-commerce,Maison,Set casseroles,2,706.85,0.05,1343.02,744.65,58
2024-10-13,Valenciennes,Magasin,Mode,Veste hiver,2,655.99,0.0,1311.98,648.16,242
2024-10-13,Amiens,Magasin,Bricolage,Tournevis set,3,636.28,0.0,1908.84,961.32,313
2024-10-13,Valenciennes,Magasin,Électroménager,Aspirateur,2,191.18,0.0,382.36,193.1,494
2024-10-13,Lille,Magasin,Sport,Raquette tennis,4,706.19,0.05,2683.52,1306.92,135
2024-10-13,Roubaix,Magasin,Sport,Tapis yoga,1,658.36,0.0,658.36,352.71,276
2024-10-13,Amiens,Magasin,Bricolage,Perceuse,2,105.66,0.0,211.32,43.4,273
2024-10-13,Dunkerque,Magasin,Sport,Chaussures running,4,569.53,0.0,2278.12,1240.8,252
2024-10-13,Valenciennes,Magasin,Sport,Raquette tennis,3,706.19,0.0,2118.57,1086.12,104
2024-10-13,Roubaix,Magasin,Bricolage,Échelle alu,3,354.67,0.2,851.21,292.4,79
2024-10-13,En ligne,E-commerce,Bricolage,Tournevis set,4,636.28,0.0,2545.12,1281.76,430
2024-10-13,Dunkerque,Magasin,Électroménager,Robot cuiseur,3,249.97,0.0,749.91,275.76,313
2024-10-14,En ligne,E-commerce,Mode,Jean homme,1,272.27,0.0,272.27,92.12,27
2024-10-14,Amiens,Magasin,Maison,Canapé 3 places,3,246.23,0.0,738.69,170.64,128
2024-10-14,Lille,Magasin,Électroménager,Micro-ondes,1,453.16,0.0,453.16,171.56,70
2024-10-14,Dunkerque,Magasin,Électroménager,Cafetière,2,392.24,0.05,745.26,389.9,565
2024-10-14,Lille,Magasin,Bricolage,Échelle alu,2,354.67,0.0,709.34,336.8,71
2024-10-14,Lille,Magasin,Sport,Tapis yoga,2,658.36,0.05,1250.88,639.58,220
2024-10-15,Amiens,Magasin,Maison,Canapé 3 places,4,246.23,0.0,984.92,227.52,48
2024-10-15,Valenciennes,Magasin,Sport,Chaussures running,2,569.53,0.1,1025.15,506.49,171
2024-10-15,Tourcoing,Magasin,Électroménager,Cafetière,1,392.24,0.0,392.24,214.56,273
2024-10-15,Lille,Magasin,Électroménager,Cafetière,4,392.24,0.0,1568.96,858.24,470
2024-10-15,Dunkerque,Magasin,Mode,Jean homme,1,272.27,0.05,258.66,78.51,381
2024-10-15,Roubaix,Magasin,Bricolage,Échelle alu,2,354.67,0.0,709.34,336.8,113
2024-10-15,Roubaix,Magasin,Sport,Tapis yoga,1,658.36,0.0,658.36,352.71,545
2024-10-15,En ligne,E-commerce,Électroménager,Cafetière,3,392.24,0.0,1176.72,643.68,539
2024-10-15,Roubaix,Magasin,Sport,Raquette tennis,3,706.19,0.0,2118.57,1086.12,445
2024-10-15,Tourcoing,Magasin,Maison,Canapé 3 places,2,246.23,0.05,467.84,89.14,574
2024-10-15,Dunkerque,Magasin,Bricolage,Boîte à outils,1,83.21,0.0,83.21,22.99,591
2024-10-15,Lille,Magasin,Mode,Veste hiver,1,655.99,0.05,623.19,291.28,125
2024-10-15,Amiens,Magasin,Maison,Set casseroles,1,706.85,0.0,706.85,407.67,525
2024-10-15,Amiens,Magasin,Mode,Pull laine,1,884.49,0.0,884.49,496.06,17
2024-10-16,Tourcoing,Magasin,Mode,Baskets ville,1,460.51,0.0,460.51,148.05,69
2024-10-16,Roubaix,Magasin,Sport,Vélo VTT,4,545.21,0.1,1962.76,719.92,239
2024-10-16,Amiens,Magasin,Mode,Robe été,4,296.52,0.05,1126.78,230.54,565
2024-10-16,En ligne,E-commerce,Mode,Robe été,2,296.52,0.05,563.39,115.27,450
2024-10-16,Dunkerque,Magasin,Sport,Raquette tennis,4,706.19,0.0,2824.76,1448.16,122
2024-10-16,Dunkerque,Magasin,Sport,Maillot bain,2,350.77,0.0,701.54,398.6,181
2024-10-16,Valenciennes,Magasin,Bricolage,Peinture 5L,2,609.0,0.0,1218.0,650.92,205
2024-10-16,Lille,Magasin,Mode,Robe été,1,296.52,0.0,296.52,72.46,254
2024-10-16,Dunkerque,Magasin,Bricolage,Perceuse,3,105.66,0.05,301.13,49.25,128
2024-10-16,En ligne,E-commerce,Sport,Maillot bain,3,350.77,0.0,1052.31,597.9,566
2024-10-16,Roubaix,Magasin,Maison,Set casseroles,1,706.85,0.05,671.51,372.33,197
2024-10-16,Roubaix,Magasin,Sport,Tapis yoga,1,658.36,0.0,658.36,352.71,247
2024-10-16,Tourcoing,Magasin,Bricolage,Perceuse,2,105.66,0.0,211.32,43.4,246
2024-10-16,Lille,Magasin,Mode,Veste hiver,3,655.99,0.0,1967.97,972.24,88
2024-10-16,Lille,Magasin,Bricolage,Perceuse,2,105.66,0.0,211.32,43.4,186
2024-10-16,En ligne,E-commerce,Maison,Canapé 3 places,2,246.23,0.05,467.84,89.14,76
2024-10-17,Valenciennes,Magasin,Sport,Maillot bain,3,350.77,0.0,1052.31,597.9,211
2024-10-17,Roubaix,Magasin,Bricolage,Boîte à outils,3,83.21,0.05,237.15,56.49,424
2024-10-17,Lille,Magasin,Bricolage,Peinture 5L,4,609.0,0.05,2314.2,1180.04,160
2024-10-17,Roubaix,Magasin,Sport,Raquette tennis,3,706.19,0.0,2118.57,1086.12,111
2024-10-17,Valenciennes,Magasin,Mode,Robe été,4,296.52,0.05,1126.78,230.54,343
2024-10-17,Amiens,Magasin,Bricolage,Peinture 5L,2,609.0,0.0,1218.0,650.92,103
2024-10-17,Amiens,Magasin,Sport,Chaussures running,2,569.53,0.1,1025.15,506.49,141
2024-10-17,Roubaix,Magasin,Mode,Robe été,1,296.52,0.0,296.52,72.46,419
2024-10-17,Roubaix,Magasin,Électroménager,Micro-ondes,5,453.16,0.0,2265.8,857.8,282
2024-10-17,Lille,Magasin,Maison,Canapé 3 places,4,246.23,0.1,886.43,129.03,173
2024-10-17,Lille,Magasin,Électroménager,Aspirateur,1,191.18,0.0,191.18,96.55,290
2024-10-17,En ligne,E-commerce,Électroménager,Micro-ondes,2,453.16,0.1,815.69,252.49,282
2024-10-17,Dunkerque,Magasin,Maison,Rideau occultant,1,101.21,0.0,101.21,44.89,384
2024-10-17,En ligne,E-commerce,Sport,Raquette tennis,2,706.19,0.05,1341.76,653.46,384
2024-10-17,Dunkerque,Magasin,Maison,Rideau occultant,3,101.21,0.0,303.63,134.67,455
2024-10-17,Amiens,Magasin,Mode,Jean homme,3,272.27,0.0,816.81,276.36,95
2024-10-18,Lille,Magasin,Électroménager,Aspirateur,5,191.18,0.0,955.9,482.75,520
2024-10-18,Lille,Magasin,Mode,T-shirt coton,1,504.67,0.05,479.44,175.0,51
2024-10-18,Tourcoing,Magasin,Maison,Rideau occultant,2,101.21,0.0,202.42,89.78,212
2024-10-18,En ligne,E-commerce,Maison,Rideau occultant,1,101.21,0.1,91.09,34.77,324
2024-10-18,Dunkerque,Magasin,Maison,Étagère bois,3,279.59,0.0,838.77,267.36,27
2024-10-18,Lille,Magasin,Bricolage,Échelle alu,1,354.67,0.05,336.94,150.67,497
2024-10-18,Amiens,Magasin,Électroménager,Réfrigérateur,4,387.37,0.0,1549.48,451.12,444
2024-10-18,Amiens,Magasin,Mode,Jean homme,1,272.27,0.0,272.27,92.12,430
2024-10-18,Roubaix,Magasin,Maison,Canapé 3 places,3,246.23,0.0,738.69,170.64,35
2024-10-18,Roubaix,Magasin,Électroménager,Cafetière,4,392.24,0.0,1568.96,858.24,177
2024-10-18,Tourcoing,Magasin,Mode,Robe été,3,296.52,0.0,889.56,217.38,127
2024-10-18,Lille,Magasin,Mode,T-shirt coton,4,504.67,0.0,2018.68,800.92,318
2024-10-18,Lille,Magasin,Sport,Tapis yoga,1,658.36,0.0,658.36,352.71,436
2024-10-18,En ligne,E-commerce,Bricolage,Échelle alu,1,354.67,0.0,354.67,168.4,256
2024-10-18,Tourcoing,Magasin,Sport,Vélo VTT,3,545.21,0.0,1635.63,703.5,97
2024-10-19,Lille,Magasin,Électroménager,Cafetière,2,392.24,0.0,784.48,429.12,43
2024-10-19,Valenciennes,Magasin,Électroménager,Cafetière,1,392.24,0.0,392.24,214.56,68
2024-10-19,Lille,Magasin,Sport,Chaussures running,2,569.53,0.0,1139.06,620.4,526
2024-10-19,Roubaix,Magasin,Maison,Canapé 3 places,5,246.23,0.0,1231.15,284.4,350
2024-10-19,En ligne,E-commerce,Mode,T-shirt coton,1,504.67,0.1,454.2,149.76,289
2024-10-19,Dunkerque,Magasin,Bricolage,Boîte à outils,1,83.21,0.0,83.21,22.99,514
2024-10-19,Tourcoing,Magasin,Sport,Maillot bain,4,350.77,0.0,1403.08,797.2,308
2024-10-19,Dunkerque,Magasin,Bricolage,Perceuse,4,105.66,0.0,422.64,86.8,336
2024-10-19,Roubaix,Magasin,Électroménager,Bouilloire,4,726.04,0.0,2904.16,1569.2,94
2024-10-19,Lille,Magasin,Sport,Ballon foot,2,100.1,0.0,200.2,115.8,72
2024-10-19,Roubaix,Magasin,Électroménager,Bouilloire,1,726.04,0.0,726.04,392.3,581
2024-10-19,Dunkerque,Magasin,Mode,Veste hiver,3,655.99,0.05,1869.57,873.84,563
2024-10-19,Dunkerque,Magasin,Maison,Set casseroles,3,706.85,0.0,2120.55,1223.01,480
2024-10-19,Lille,Magasin,Mode,T-shirt coton,4,504.67,0.0,2018.68,800.92,438
2024-10-20,En ligne,E-commerce,Électroménager,Cafetière,2,392.24,0.2,627.58,272.22,420
2024-10-20,Tourcoing,Magasin,Sport,Chaussures running,2,569.53,0.0,1139.06,620.4,150
2024-10-20,Amiens,Magasin,Mode,Veste hiver,5,655.99,0.0,3279.95,1620.4,211
2024-10-20,Roubaix,Magasin,Bricolage,Tournevis set,1,636.28,0.05,604.47,288.63,252
2024-10-20,Dunkerque,Magasin,Électroménager,Robot cuiseur,4,249.97,0.0,999.88,367.68,112
2024-10-20,En ligne,E-commerce,Électroménager,Réfrigérateur,1,387.37,0.2,309.9,35.31,15
2024-10-20,Lille,Magasin,Électroménager,Micro-ondes,2,453.16,0.1,815.69,252.49,362
2024-10-20,En ligne,E-commerce,Électroménager,Micro-ondes,3,453.16,0.0,1359.48,514.68,401
2024-10-20,Amiens,Magasin,Sport,Raquette tennis,3,706.19,0.0,2118.57,1086.12,402
2024-10-20,Valenciennes,Magasin,Mode,Pull laine,1,884.49,0.0,884.49,496.06,278
2024-10-20,Amiens,Magasin,Maison,Set casseroles,5,706.85,0.0,3534.25,2038.35,18
2024-10-20,Tourcoing,Magasin,Maison,Canapé 3 places,5,246.23,0.0,1231.15,284.4,59
2024-10-20,Roubaix,Magasin,Maison,Rideau occultant,3,101.21,0.0,303.63,134.67,335
2024-10-20,Tourcoing,Magasin,Électroménager,Aspirateur,1,191.18,0.0,191.18,96.55,493
2024-10-20,Lille,Magasin,Mode,Baskets ville,5,460.51,0.0,2302.55,740.25,426
2024-10-20,Lille,Magasin,Électroménager,Robot cuiseur,4,249.97,0.0,999.88,367.68,293
2024-10-20,Valenciennes,Magasin,Bricolage,Boîte à outils,4,83.21,0.0,332.84,91.96,87
2024-10-20,Tourcoing,Magasin,Sport,Maillot bain,3,350.77,0.2,841.85,387.44,505
2024-10-20,Lille,Magasin,Mode,T-shirt coton,3,504.67,0.0,1514.01,600.69,441
2024-10-21,En ligne,E-commerce,Mode,Veste hiver,2,655.99,0.0,1311.98,648.16,452
2024-10-21,Lille,Magasin,Bricolage,Tournevis set,2,636.28,0.0,1272.56,640.88,135
2024-10-21,Tourcoing,Magasin,Mode,Baskets ville,2,460.51,0.0,921.02,296.1,372
2024-10-21,Dunkerque,Magasin,Sport,Tapis yoga,2,658.36,0.0,1316.72,705.42,187
2024-10-21,Lille,Magasin,Électroménager,Cafetière,1,392.24,0.0,392.24,214.56,520
2024-10-21,Roubaix,Magasin,Bricolage,Peinture 5L,3,609.0,0.0,1827.0,976.38,475
2024-10-21,Tourcoing,Magasin,Maison,Set casseroles,3,706.85,0.0,2120.55,1223.01,560
2024-10-21,En ligne,E-commerce,Électroménager,Aspirateur,3,191.18,0.0,573.54,289.65,274
2024-10-21,En ligne,E-commerce,Bricolage,Boîte à outils,2,83.21,0.0,166.42,45.98,273
2024-10-21,Roubaix,Magasin,Électroménager,Micro-ondes,5,453.16,0.1,2039.22,631.22,133
2024-10-21,Valenciennes,Magasin,Sport,Chaussures running,1,569.53,0.0,569.53,310.2,323
2024-10-21,Tourcoing,Magasin,Bricolage,Échelle alu,1,354.67,0.0,354.67,168.4,184
2024-10-21,Amiens,Magasin,Sport,Vélo VTT,2,545.21,0.1,981.38,359.96,467
2024-10-22,En ligne,E-commerce,Maison,Canapé 3 places,3,246.23,0.1,664.82,96.77,153
2024-10-22,Lille,Magasin,Mode,Pull laine,5,884.49,0.0,4422.45,2480.3,327
2024-10-22,Tourcoing,Magasin,Électroménager,Aspirateur,3,191.18,0.0,573.54,289.65,522
2024-10-22,Dunkerque,Magasin,Sport,Chaussures running,2,569.53,0.1,1025.15,506.49,558
2024-10-22,Valenciennes,Magasin,Sport,Raquette tennis,3,706.19,0.0,2118.57,1086.12,368
2024-10-22,Lille,Magasin,Maison,Canapé 3 places,5,246.23,0.0,1231.15,284.4,573
2024-10-22,Valenciennes,Magasin,Sport,Tapis yoga,1,658.36,0.0,658.36,352.71,432
2024-10-22,En ligne,E-commerce,Électroménager,Cafetière,5,392.24,0.0,1961.2,1072.8,72
2024-10-22,En ligne,E-commerce,Bricolage,Boîte à outils,4,83.21,0.0,332.84,91.96,158
2024-10-23,En ligne,E-commerce,Mode,Jean homme,5,272.27,0.0,1361.35,460.6,128
2024-10-23,Roubaix,Magasin,Sport,Haltères 10kg,4,98.3,0.05,373.54,151.14,388
2024-10-23,Tourcoing,Magasin,Électroménager,Bouilloire,4,726.04,0.0,2904.16,1569.2,26
2024-10-23,Roubaix,Magasin,Électroménager,Aspirateur,1,191.18,0.1,172.06,77.43,119
2024-10-23,Lille,Magasin,Mode,Pull laine,1,884.49,0.1,796.04,407.61,94
2024-10-23,En ligne,E-commerce,Mode,Jean homme,3,272.27,0.0,816.81,276.36,168
2024-10-23,Dunkerque,Magasin,Électroménager,Cafetière,2,392.24,0.0,784.48,429.12,555
2024-10-23,En ligne,E-commerce,Maison,Lampe LED,1,134.22,0.0,134.22,68.28,52
2024-10-23,En ligne,E-commerce,Sport,Chaussures running,1,569.53,0.05,541.05,281.72,35
2024-10-23,Roubaix,Magasin,Sport,Tapis yoga,4,658.36,0.0,2633.44,1410.84,99
2024-10-23,Lille,Magasin,Bricolage,Tournevis set,3,636.28,0.0,1908.84,961.32,295
2024-10-23,Lille,Magasin,Bricolage,Échelle alu,4,354.67,0.0,1418.68,673.6,354
2024-10-23,Roubaix,Magasin,Électroménager,Micro-ondes,3,453.16,0.0,1359.48,514.68,395
2024-10-23,En ligne,E-commerce,Mode,Veste hiver,1,655.99,0.1,590.39,258.48,193
2024-10-23,En ligne,E-commerce,Sport,Tapis yoga,3,658.36,0.0,1975.08,1058.13,122
2024-10-24,Tourcoing,Magasin,Mode,Pull laine,4,884.49,0.05,3361.06,1807.34,516
2024-10-24,Roubaix,Magasin,Maison,Set casseroles,4,706.85,0.0,2827.4,1630.68,257
2024-10-24,Tourcoing,Magasin,Mode,Pull laine,4,884.49,0.0,3537.96,1984.24,150
2024-10-24,Dunkerque,Magasin,Mode,Pull laine,1,884.49,0.0,884.49,496.06,292
2024-10-24,Amiens,Magasin,Sport,Chaussures running,4,569.53,0.2,1822.5,785.18,429
2024-10-24,Lille,Magasin,Mode,T-shirt coton,1,504.67,0.05,479.44,175.0,229
2024-10-24,Dunkerque,Magasin,Électroménager,Aspirateur,3,191.18,0.05,544.86,260.97,114
2024-10-24,Lille,Magasin,Maison,Set casseroles,4,706.85,0.0,2827.4,1630.68,146
2024-10-24,Lille,Magasin,Électroménager,Cafetière,2,392.24,0.0,784.48,429.12,426
2024-10-24,Lille,Magasin,Maison,Set casseroles,5,706.85,0.05,3357.54,1861.64,547
2024-10-24,Amiens,Magasin,Mode,T-shirt coton,3,504.67,0.0,1514.01,600.69,266
2024-10-24,Roubaix,Magasin,Maison,Canapé 3 places,4,246.23,0.0,984.92,227.52,427
2024-10-24,Roubaix,Magasin,Maison,Lampe LED,4,134.22,0.0,536.88,273.12,124
2024-10-25,Amiens,Magasin,Bricolage,Perceuse,2,105.66,0.0,211.32,43.4,407
2024-10-25,En ligne,E-commerce,Maison,Canapé 3 places,1,246.23,0.2,196.98,7.63,129
2024-10-25,Roubaix,Magasin,Maison,Étagère bois,3,279.59,0.0,838.77,267.36,358
2024-10-25,Lille,Magasin,Sport,Chaussures running,3,569.53,0.0,1708.59,930.6,94
2024-10-25,Tourcoing,Magasin,Mode,Pull laine,3,884.49,0.0,2653.47,1488.18,426
2024-10-25,Lille,Magasin,Bricolage,Perceuse,3,105.66,0.0,316.98,65.1,498
2024-10-25,Dunkerque,Magasin,Bricolage,Perceuse,4,105.66,0.0,422.64,86.8,489
2024-10-25,Roubaix,Magasin,Mode,Robe été,1,296.52,0.0,296.52,72.46,483
2024-10-25,En ligne,E-commerce,Bricolage,Tournevis set,3,636.28,0.2,1527.07,579.55,388
2024-10-25,Roubaix,Magasin,Sport,Maillot bain,4,350.77,0.0,1403.08,797.2,600
2024-10-25,Roubaix,Magasin,Bricolage,Échelle alu,3,354.67,0.1,957.61,398.8,324
2024-10-25,Lille,Magasin,Électroménager,Bouilloire,2,726.04,0.0,1452.08,784.6,191
2024-10-25,Roubaix,Magasin,Maison,Set casseroles,3,706.85,0.1,1908.5,1010.96,413
2024-10-25,Tourcoing,Magasin,Électroménager,Bouilloire,4,726.04,0.0,2904.16,1569.2,93
2024-10-25,Roubaix,Magasin,Électroménager,Aspirateur,4,191.18,0.0,764.72,386.2,190
2024-10-25,Amiens,Magasin,Sport,Vélo VTT,4,545.21,0.1,1962.76,719.92,12
2024-10-25,Dunkerque,Magasin,Électroménager,Bouilloire,1,726.04,0.05,689.74,356.0,266
2024-10-25,Valenciennes,Magasin,Mode,Jean homme,3,272.27,0.05,775.97,235.52,462
2024-10-25,Amiens,Magasin,Sport,Haltères 10kg,3,98.3,0.0,294.9,128.1,184
2024-10-25,Lille,Magasin,Bricolage,Échelle alu,4,354.67,0.0,1418.68,673.6,400
2024-10-26,Roubaix,Magasin,Bricolage,Tournevis set,2,636.28,0.1,1145.3,513.62,291
2024-10-26,En ligne,E-commerce,Sport,Chaussures running,4,569.53,0.0,2278.12,1240.8,380
2024-10-26,En ligne,E-commerce,Sport,Haltères 10kg,3,98.3,0.0,294.9,128.1,280
2024-10-26,Tourcoing,Magasin,Électroménager,Micro-ondes,1,453.16,0.0,453.16,171.56,243
2024-10-26,Dunkerque,Magasin,Bricolage,Boîte à outils,1,83.21,0.0,83.21,22.99,352
2024-10-26,Amiens,Magasin,Mode,Baskets ville,1,460.51,0.0,460.51,148.05,136
2024-10-26,Tourcoing,Magasin,Maison,Étagère bois,1,279.59,0.0,279.59,89.12,328
2024-10-26,Valenciennes,Magasin,Mode,Veste hiver,1,655.99,0.0,655.99,324.08,344
2024-10-26,Lille,Magasin,Sport,Raquette tennis,3,706.19,0.0,2118.57,1086.12,72
2024-10-26,En ligne,E-commerce,Électroménager,Micro-ondes,1,453.16,0.0,453.16,171.56,557
2024-10-26,Dunkerque,Magasin,Maison,Lampe LED,6,134.22,0.05,765.05,369.41,73
2024-10-26,Tourcoing,Magasin,Maison,Set casseroles,1,706.85,0.0,706.85,407.67,316
2024-10-26,Dunkerque,Magasin,Mode,T-shirt coton,2,504.67,0.0,1009.34,400.46,254
2024-10-26,En ligne,E-commerce,Bricolage,Échelle alu,2,354.67,0.0,709.34,336.8,454
2024-10-26,Lille,Magasin,Bricolage,Tournevis set,3,636.28,0.0,1908.84,961.32,402
2024-10-26,Tourcoing,Magasin,Électroménager,Aspirateur,2,191.18,0.0,382.36,193.1,294
2024-10-26,Lille,Magasin,Électroménager,Robot cuiseur,2,249.97,0.0,499.94,183.84,475
2024-10-26,Dunkerque,Magasin,Électroménager,Micro-ondes,3,453.16,0.0,1359.48,514.68,412
2024-10-26,Tourcoing,Magasin,Maison,Set casseroles,5,706.85,0.0,3534.25,2038.35,280
2024-10-26,Lille,Magasin,Bricolage,Tournevis set,4,636.28,0.0,2545.12,1281.76,532
2024-10-27,Dunkerque,Magasin,Sport,Raquette tennis,3,706.19,0.0,2118.57,1086.12,335
2024-10-27,Tourcoing,Magasin,Mode,Robe été,4,296.52,0.2,948.86,52.62,139
2024-10-27,Tourcoing,Magasin,Sport,Haltères 10kg,1,98.3,0.0,98.3,42.7,24
2024-10-27,Roubaix,Magasin,Mode,T-shirt coton,1,504.67,0.0,504.67,200.23,444
2024-10-27,Amiens,Magasin,Maison,Couette 220x240,3,224.09,0.0,672.27,271.17,180
2024-10-27,Roubaix,Magasin,Maison,Rideau occultant,3,101.21,0.0,303.63,134.67,546
2024-10-27,Tourcoing,Magasin,Électroménager,Micro-ondes,3,453.16,0.0,1359.48,514.68,65
2024-10-27,Amiens,Magasin,Sport,Ballon foot,1,100.1,0.0,100.1,57.9,229
2024-10-27,En ligne,E-commerce,Mode,Veste hiver,1,655.99,0.05,623.19,291.28,181
2024-10-27,Lille,Magasin,Mode,Veste hiver,2,655.99,0.0,1311.98,648.16,360
2024-10-27,En ligne,E-commerce,Maison,Rideau occultant,5,101.21,0.2,404.84,123.24,504
2024-10-27,Valenciennes,Magasin,Mode,Jean homme,4,272.27,0.0,1089.08,368.48,234
2024-10-27,Roubaix,Magasin,Électroménager,Micro-ondes,3,453.16,0.0,1359.48,514.68,192
2024-10-28,En ligne,E-commerce,Mode,Jean homme,1,272.27,0.0,272.27,92.12,482
2024-10-28,En ligne,E-commerce,Maison,Set casseroles,1,706.85,0.0,706.85,407.67,10
2024-10-28,Dunkerque,Magasin,Sport,Vélo VTT,4,545.21,0.0,2180.84,938.0,144
2024-10-28,Amiens,Magasin,Maison,Rideau occultant,2,101.21,0.0,202.42,89.78,594
2024-10-28,En ligne,E-commerce,Maison,Set casseroles,1,706.85,0.2,565.48,266.3,432
2024-10-28,Valenciennes,Magasin,Sport,Raquette tennis,4,706.19,0.0,2824.76,1448.16,19
2024-10-28,Tourcoing,Magasin,Électroménager,Robot cuiseur,4,249.97,0.05,949.89,317.69,280
2024-10-28,Valenciennes,Magasin,Bricolage,Boîte à outils,5,83.21,0.0,416.05,114.95,26
2024-10-28,Tourcoing,Magasin,Électroménager,Aspirateur,5,191.18,0.0,955.9,482.75,443
2024-10-28,Valenciennes,Magasin,Électroménager,Robot cuiseur,2,249.97,0.0,499.94,183.84,385
2024-10-28,Amiens,Magasin,Électroménager,Réfrigérateur,1,387.37,0.0,387.37,112.78,138
2024-10-28,Tourcoing,Magasin,Bricolage,Boîte à outils,1,83.21,0.0,83.21,22.99,144
2024-10-28,Dunkerque,Magasin,Bricolage,Peinture 5L,1,609.0,0.05,578.55,295.01,459
2024-10-28,Roubaix,Magasin,Sport,Raquette tennis,3,706.19,0.0,2118.57,1086.12,218
2024-10-28,Valenciennes,Magasin,Mode,Baskets ville,4,460.51,0.0,1842.04,592.2,131
2024-10-29,Roubaix,Magasin,Maison,Étagère bois,2,279.59,0.0,559.18,178.24,141
2024-10-29,En ligne,E-commerce,Bricolage,Boîte à outils,1,83.21,0.0,83.21,22.99,313
2024-10-29,En ligne,E-commerce,Bricolage,Boîte à outils,3,83.21,0.0,249.63,68.97,158
2024-10-29,Tourcoing,Magasin,Mode,T-shirt coton,5,504.67,0.0,2523.35,1001.15,239
2024-10-29,Valenciennes,Magasin,Électroménager,Cafetière,3,392.24,0.0,1176.72,643.68,311
2024-10-29,Tourcoing,Magasin,Sport,Vélo VTT,1,545.21,0.0,545.21,234.5,298
2024-10-29,Dunkerque,Magasin,Mode,T-shirt coton,1,504.67,0.0,504.67,200.23,128
2024-10-29,Valenciennes,Magasin,Mode,Robe été,3,296.52,0.0,889.56,217.38,75
2024-10-29,En ligne,E-commerce,Électroménager,Bouilloire,3,726.04,0.0,2178.12,1176.9,312
2024-10-29,En ligne,E-commerce,Sport,Raquette tennis,3,706.19,0.0,2118.57,1086.12,104
2024-10-29,En ligne,E-commerce,Électroménager,Bouilloire,2,726.04,0.0,1452.08,784.6,371
2024-10-29,Roubaix,Magasin,Mode,Robe été,3,296.52,0.0,889.56,217.38,586
2024-10-29,Lille,Magasin,Sport,Tapis yoga,3,658.36,0.0,1975.08,1058.13,215
2024-10-29,Tourcoing,Magasin,Mode,T-shirt coton,4,504.67,0.05,1917.75,699.99,512
2024-10-29,Roubaix,Magasin,Électroménager,Cafetière,3,392.24,0.0,1176.72,643.68,266
2024-10-29,Tourcoing,Magasin,Électroménager,Robot cuiseur,4,249.97,0.0,999.88,367.68,139
2024-10-29,Dunkerque,Magasin,Bricolage,Tournevis set,3,636.28,0.0,1908.84,961.32,35
2024-10-29,Roubaix,Magasin,Maison,Rideau occultant,4,101.21,0.0,404.84,179.56,493
2024-10-29,Dunkerque,Magasin,Mode,T-shirt coton,4,504.67,0.0,2018.68,800.92,187
2024-10-29,Lille,Magasin,Maison,Étagère bois,1,279.59,0.0,279.59,89.12,55
2024-10-30,Roubaix,Magasin,Électroménager,Robot cuiseur,2,249.97,0.05,474.94,158.84,391
2024-10-30,Tourcoing,Magasin,Électroménager,Réfrigérateur,1,387.37,0.0,387.37,112.78,227
2024-10-30,Amiens,Magasin,Mode,Jean homme,4,272.27,0.0,1089.08,368.48,400
2024-10-30,En ligne,E-commerce,Sport,Raquette tennis,3,706.19,0.0,2118.57,1086.12,272
2024-10-30,En ligne,E-commerce,Sport,Chaussures running,1,569.53,0.0,569.53,310.2,504
2024-10-30,En ligne,E-commerce,Électroménager,Aspirateur,3,191.18,0.05,544.86,260.97,23
2024-10-30,Roubaix,Magasin,Sport,Ballon foot,1,100.1,0.0,100.1,57.9,88
2024-10-30,Tourcoing,Magasin,Bricolage,Perceuse,2,105.66,0.0,211.32,43.4,337
2024-10-30,Roubaix,Magasin,Sport,Tapis yoga,2,658.36,0.0,1316.72,705.42,550
2024-10-30,Amiens,Magasin,Maison,Set casseroles,3,706.85,0.0,2120.55,1223.01,386
2024-10-30,Amiens,Magasin,Mode,Veste hiver,3,655.99,0.0,1967.97,972.24,168
2024-10-30,Amiens,Magasin,Mode,Pull laine,3,884.49,0.0,2653.47,1488.18,508
2024-10-30,Roubaix,Magasin,Sport,Tapis yoga,1,658.36,0.0,658.36,352.71,517
2024-10-30,Dunkerque,Magasin,Maison,Couette 220x240,1,224.09,0.0,224.09,90.39,365
2024-10-30,Lille,Magasin,Bricolage,Boîte à outils,2,83.21,0.0,166.42,45.98,305
2024-10-30,En ligne,E-commerce,Bricolage,Boîte à outils,5,83.21,0.0,416.05,114.95,387
2024-10-30,Lille,Magasin,Électroménager,Micro-ondes,4,453.16,0.0,1812.64,686.24,447
2024-10-30,Lille,Magasin,Mode,Robe été,2,296.52,0.0,593.04,144.92,581
2024-10-30,Valenciennes,Magasin,Électroménager,Cafetière,4,392.24,0.0,1568.96,858.24,394
2024-10-30,Roubaix,Magasin,Électroménager,Réfrigérateur,2,387.37,0.0,774.74,225.56,593
2024-10-30,Roubaix,Magasin,Sport,Maillot bain,3,350.77,0.0,1052.31,597.9,352
2024-10-30,Valenciennes,Magasin,Mode,Veste hiver,6,655.99,0.0,3935.94,1944.48,353
2024-10-30,Roubaix,Magasin,Sport,Haltères 10kg,1,98.3,0.05,93.38,37.78,174
2024-10-31,Dunkerque,Magasin,Maison,Couette 220x240,2,224.09,0.0,448.18,180.78,52
2024-10-31,Roubaix,Magasin,Maison,Canapé 3 places,2,246.23,0.0,492.46,113.76,192
2024-10-31,Amiens,Magasin,Maison,Étagère bois,2,279.59,0.0,559.18,178.24,589
2024-10-31,Amiens,Magasin,Sport,Raquette tennis,3,706.19,0.0,2118.57,1086.12,509
2024-10-31,Lille,Magasin,Sport,Maillot bain,3,350.77,0.0,1052.31,597.9,473
2024-10-31,Roubaix,Magasin,Bricolage,Boîte à outils,4,83.21,0.05,316.2,75.32,283
2024-10-31,Lille,Magasin,Électroménager,Robot cuiseur,2,249.97,0.0,499.94,183.84,384
2024-10-31,Roubaix,Magasin,Maison,Couette 220x240,5,224.09,0.0,1120.45,451.95,467
2024-10-31,Amiens,Magasin,Sport,Haltères 10kg,3,98.3,0.0,294.9,128.1,559
2024-10-31,Roubaix,Magasin,Sport,Ballon foot,1,100.1,0.0,100.1,57.9,525
2024-10-31,Tourcoing,Magasin,Mode,Pull laine,2,884.49,0.0,1768.98,992.12,545
2024-11-01,Amiens,Magasin,Bricolage,Échelle alu,2,354.67,0.0,709.34,336.8,325
2024-11-01,Valenciennes,Magasin,Mode,Jean homme,1,272.27,0.05,258.66,78.51,77
2024-11-01,Roubaix,Magasin,Sport,Vélo VTT,2,545.21,0.2,872.34,250.92,449
2024-11-01,Lille,Magasin,Sport,Maillot bain,4,350.77,0.0,1403.08,797.2,320
2024-11-01,Lille,Magasin,Sport,Raquette tennis,2,706.19,0.0,1412.38,724.08,245
2024-11-01,Amiens,Magasin,Sport,Tapis yoga,2,658.36,0.2,1053.38,442.08,539
2024-11-01,Valenciennes,Magasin,Sport,Vélo VTT,3,545.21,0.05,1553.85,621.72,287
2024-11-01,Amiens,Magasin,Mode,Pull laine,3,884.49,0.05,2520.8,1355.51,171
2024-11-01,Tourcoing,Magasin,Sport,Vélo VTT,1,545.21,0.0,545.21,234.5,290
2024-11-01,Tourcoing,Magasin,Maison,Rideau occultant,2,101.21,0.0,202.42,89.78,326
2024-11-01,Amiens,Magasin,Électroménager,Réfrigérateur,3,387.37,0.0,1162.11,338.34,560
2024-11-01,Tourcoing,Magasin,Électroménager,Micro-ondes,2,453.16,0.0,906.32,343.12,1
2024-11-01,Dunkerque,Magasin,Bricolage,Boîte à outils,2,83.21,0.0,166.42,45.98,592
2024-11-01,En ligne,E-commerce,Bricolage,Tournevis set,1,636.28,0.0,636.28,320.44,575
2024-11-01,Lille,Magasin,Mode,Robe été,2,296.52,0.0,593.04,144.92,457
2024-11-01,Lille,Magasin,Électroménager,Robot cuiseur,1,249.97,0.05,237.47,79.42,399
2024-11-01,Valenciennes,Magasin,Mode,Baskets ville,2,460.51,0.05,874.97,250.05,420
2024-11-01,Dunkerque,Magasin,Maison,Lampe LED,2,134.22,0.0,268.44,136.56,315
2024-11-01,En ligne,E-commerce,Mode,Baskets ville,3,460.51,0.0,1381.53,444.15,356
2024-11-01,Dunkerque,Magasin,Sport,Maillot bain,3,350.77,0.0,1052.31,597.9,273
2024-11-01,En ligne,E-commerce,Sport,Tapis yoga,1,658.36,0.0,658.36,352.71,553
2024-11-02,Dunkerque,Magasin,Électroménager,Réfrigérateur,3,387.37,0.2,929.69,105.92,494
2024-11-02,Roubaix,Magasin,Électroménager,Robot cuiseur,4,249.97,0.0,999.88,367.68,475
2024-11-02,Dunkerque,Magasin,Bricolage,Peinture 5L,1,609.0,0.05,578.55,295.01,565
2024-11-02,Dunkerque,Magasin,Bricolage,Tournevis set,2,636.28,0.0,1272.56,640.88,308
2024-11-02,Roubaix,Magasin,Bricolage,Échelle alu,1,354.67,0.0,354.67,168.4,210
2024-11-02,Roubaix,Magasin,Maison,Set casseroles,2,706.85,0.0,1413.7,815.34,286
2024-11-02,Valenciennes,Magasin,Sport,Raquette tennis,4,706.19,0.0,2824.76,1448.16,263
2024-11-02,Valenciennes,Magasin,Électroménager,Bouilloire,2,726.04,0.0,1452.08,784.6,328
2024-11-02,Dunkerque,Magasin,Sport,Vélo VTT,1,545.21,0.0,545.21,234.5,566
2024-11-02,Roubaix,Magasin,Mode,Baskets ville,3,460.51,0.0,1381.53,444.15,403
2024-11-02,Tourcoing,Magasin,Électroménager,Bouilloire,1,726.04,0.0,726.04,392.3,406
2024-11-02,Tourcoing,Magasin,Mode,Baskets ville,3,460.51,0.0,1381.53,444.15,112
2024-11-02,Roubaix,Magasin,Mode,Jean homme,2,272.27,0.0,544.54,184.24,14
2024-11-02,Amiens,Magasin,Sport,Tapis yoga,2,658.36,0.0,1316.72,705.42,517
2024-11-03,Dunkerque,Magasin,Bricolage,Perceuse,2,105.66,0.0,211.32,43.4,116
2024-11-03,En ligne,E-commerce,Électroménager,Bouilloire,2,726.04,0.1,1306.87,639.39,307
2024-11-03,Dunkerque,Magasin,Sport,Maillot bain,2,350.77,0.0,701.54,398.6,503
2024-11-03,Lille,Magasin,Mode,Jean homme,3,272.27,0.0,816.81,276.36,233
2024-11-03,Amiens,Magasin,Bricolage,Échelle alu,4,354.67,0.0,1418.68,673.6,256
2024-11-03,En ligne,E-commerce,Maison,Set casseroles,3,706.85,0.0,2120.55,1223.01,441
2024-11-03,Roubaix,Magasin,Sport,Ballon foot,2,100.1,0.0,200.2,115.8,443
2024-11-03,En ligne,E-commerce,Sport,Tapis yoga,1,658.36,0.0,658.36,352.71,181
2024-11-03,En ligne,E-commerce,Sport,Ballon foot,2,100.1,0.0,200.2,115.8,384
2024-11-03,Amiens,Magasin,Sport,Raquette tennis,1,706.19,0.05,670.88,326.73,506
2024-11-03,Dunkerque,Magasin,Maison,Set casseroles,1,706.85,0.0,706.85,407.67,351
2024-11-03,Valenciennes,Magasin,Mode,Robe été,4,296.52,0.0,1186.08,289.84,423
2024-11-03,Valenciennes,Magasin,Sport,Ballon foot,3,100.1,0.0,300.3,173.7,140
2024-11-03,Tourcoing,Magasin,Électroménager,Robot cuiseur,1,249.97,0.2,199.98,41.93,225
2024-11-03,Roubaix,Magasin,Bricolage,Peinture 5L,1,609.0,0.0,609.0,325.46,215
2024-11-04,Valenciennes,Magasin,Sport,Vélo VTT,3,545.21,0.0,1635.63,703.5,24
2024-11-04,Dunkerque,Magasin,Maison,Étagère bois,3,279.59,0.05,796.83,225.42,382
2024-11-04,Dunkerque,Magasin,Électroménager,Réfrigérateur,1,387.37,0.1,348.63,74.04,157
2024-11-04,Roubaix,Magasin,Sport,Chaussures running,3,569.53,0.0,1708.59,930.6,250
2024-11-04,Tourcoing,Magasin,Maison,Set casseroles,4,706.85,0.05,2686.03,1489.31,556
2024-11-04,Lille,Magasin,Maison,Lampe LED,1,134.22,0.0,134.22,68.28,399
2024-11-04,Valenciennes,Magasin,Maison,Couette 220x240,2,224.09,0.05,425.77,158.37,383
2024-11-04,En ligne,E-commerce,Mode,Robe été,3,296.52,0.0,889.56,217.38,71
2024-11-04,Amiens,Magasin,Sport,Chaussures running,1,569.53,0.0,569.53,310.2,435
2024-11-04,Roubaix,Magasin,Sport,Raquette tennis,3,706.19,0.0,2118.57,1086.12,531
2024-11-04,Dunkerque,Magasin,Sport,Tapis yoga,5,658.36,0.0,3291.8,1763.55,147
2024-11-04,Roubaix,Magasin,Sport,Ballon foot,3,100.1,0.05,285.28,158.68,476
2024-11-04,Lille,Magasin,Maison,Couette 220x240,1,224.09,0.0,224.09,90.39,431
2024-11-04,Amiens,Magasin,Sport,Haltères 10kg,1,98.3,0.0,98.3,42.7,353
2024-11-04,Lille,Magasin,Mode,Pull laine,3,884.49,0.0,2653.47,1488.18,327
2024-11-04,Amiens,Magasin,Électroménager,Réfrigérateur,2,387.37,0.0,774.74,225.56,308
2024-11-04,Lille,Magasin,Électroménager,Robot cuiseur,1,249.97,0.05,237.47,79.42,42
2024-11-04,Lille,Magasin,Bricolage,Échelle alu,2,354.67,0.0,709.34,336.8,465
2024-11-04,Amiens,Magasin,Maison,Canapé 3 places,2,246.23,0.0,492.46,113.76,553
2024-11-04,Lille,Magasin,Mode,Pull laine,4,884.49,0.1,3184.16,1630.44,290
2024-11-04,Tourcoing,Magasin,Électroménager,Bouilloire,4,726.04,0.05,2758.95,1423.99,446
2024-11-04,En ligne,E-commerce,Mode,Jean homme,1,272.27,0.0,272.27,92.12,591
2024-11-04,Dunkerque,Magasin,Mode,Jean homme,3,272.27,0.0,816.81,276.36,359
2024-11-05,Amiens,Magasin,Maison,Couette 220x240,3,224.09,0.0,672.27,271.17,382
2024-11-05,Dunkerque,Magasin,Mode,Pull laine,5,884.49,0.0,4422.45,2480.3,385
2024-11-05,Lille,Magasin,Sport,Ballon foot,2,100.1,0.0,200.2,115.8,443
2024-11-05,Dunkerque,Magasin,Sport,Haltères 10kg,2,98.3,0.1,176.94,65.74,188
2024-11-05,Lille,Magasin,Bricolage,Tournevis set,2,636.28,0.0,1272.56,640.88,323
2024-11-05,En ligne,E-commerce,Électroménager,Aspirateur,3,191.18,0.0,573.54,289.65,297
2024-11-05,Roubaix,Magasin,Mode,Baskets ville,1,460.51,0.0,460.51,148.05,579
2024-11-05,Amiens,Magasin,Électroménager,Aspirateur,3,191.18,0.1,516.19,232.3,486
2024-11-05,Lille,Magasin,Électroménager,Cafetière,3,392.24,0.0,1176.72,643.68,470
2024-11-05,En ligne,E-commerce,Maison,Set casseroles,1,706.85,0.0,706.85,407.67,192
2024-11-05,En ligne,E-commerce,Mode,T-shirt coton,2,504.67,0.05,958.87,349.99,204
2024-11-05,Roubaix,Magasin,Bricolage,Tournevis set,1,636.28,0.0,636.28,320.44,292
2024-11-05,Roubaix,Magasin,Mode,Robe été,1,296.52,0.0,296.52,72.46,511
2024-11-05,Dunkerque,Magasin,Maison,Lampe LED,1,134.22,0.0,134.22,68.28,413
2024-11-05,Lille,Magasin,Bricolage,Tournevis set,1,636.28,0.0,636.28,320.44,477
2024-11-05,Dunkerque,Magasin,Sport,Tapis yoga,1,658.36,0.05,625.44,319.79,156
2024-11-05,Amiens,Magasin,Maison,Rideau occultant,3,101.21,0.0,303.63,134.67,22
2024-11-06,Lille,Magasin,Mode,Jean homme,3,272.27,0.0,816.81,276.36,421
2024-11-06,En ligne,E-commerce,Mode,Jean homme,1,272.27,0.0,272.27,92.12,219
2024-11-06,Roubaix,Magasin,Maison,Rideau occultant,2,101.21,0.0,202.42,89.78,282
2024-11-06,Amiens,Magasin,Électroménager,Aspirateur,2,191.18,0.1,344.12,154.86,109
2024-11-06,Roubaix,Magasin,Sport,Tapis yoga,2,658.36,0.1,1185.05,573.75,404
2024-11-06,Lille,Magasin,Bricolage,Perceuse,1,105.66,0.0,105.66,21.7,445
2024-11-06,Tourcoing,Magasin,Maison,Étagère bois,3,279.59,0.0,838.77,267.36,320
2024-11-06,Lille,Magasin,Électroménager,Aspirateur,2,191.18,0.0,382.36,193.1,176
2024-11-06,En ligne,E-commerce,Bricolage,Tournevis set,2,636.28,0.0,1272.56,640.88,181
2024-11-07,Lille,Magasin,Mode,Robe été,5,296.52,0.0,1482.6,362.3,340
2024-11-07,Dunkerque,Magasin,Maison,Étagère bois,4,279.59,0.0,1118.36,356.48,241
2024-11-07,En ligne,E-commerce,Sport,Vélo VTT,3,545.21,0.0,1635.63,703.5,312
2024-11-07,Amiens,Magasin,Sport,Ballon foot,4,100.1,0.0,400.4,231.6,112
2024-11-07,En ligne,E-commerce,Mode,T-shirt coton,2,504.67,0.0,1009.34,400.46,513
2024-11-07,Amiens,Magasin,Sport,Haltères 10kg,2,98.3,0.0,196.6,85.4,474
2024-11-07,Dunkerque,Magasin,Électroménager,Micro-ondes,5,453.16,0.0,2265.8,857.8,572
2024-11-07,En ligne,E-commerce,Sport,Chaussures running,1,569.53,0.0,569.53,310.2,319
2024-11-07,Tourcoing,Magasin,Bricolage,Boîte à outils,5,83.21,0.0,416.05,114.95,37
2024-11-07,Lille,Magasin,Mode,Robe été,2,296.52,0.0,593.04,144.92,136
2024-11-07,Valenciennes,Magasin,Électroménager,Réfrigérateur,2,387.37,0.0,774.74,225.56,281
2024-11-07,Lille,Magasin,Électroménager,Cafetière,2,392.24,0.0,784.48,429.12,49
2024-11-07,Lille,Magasin,Maison,Étagère bois,3,279.59,0.0,838.77,267.36,123
2024-11-07,Lille,Magasin,Électroménager,Micro-ondes,1,453.16,0.05,430.5,148.9,347
2024-11-07,En ligne,E-commerce,Maison,Lampe LED,5,134.22,0.05,637.54,307.84,534
2024-11-07,En ligne,E-commerce,Sport,Haltères 10kg,2,98.3,0.2,157.28,46.08,31
2024-11-07,Roubaix,Magasin,Sport,Raquette tennis,1,706.19,0.05,670.88,326.73,338
2024-11-07,Lille,Magasin,Mode,Pull laine,1,884.49,0.0,884.49,496.06,76
2024-11-07,Lille,Magasin,Électroménager,Robot cuiseur,1,249.97,0.0,249.97,91.92,51
2024-11-07,Roubaix,Magasin,Électroménager,Réfrigérateur,4,387.37,0.0,1549.48,451.12,314
2024-11-07,Valenciennes,Magasin,Mode,Pull laine,3,884.49,0.05,2520.8,1355.51,472
2024-11-07,Lille,Magasin,Maison,Couette 220x240,3,224.09,0.0,672.27,271.17,566
2024-11-07,Amiens,Magasin,Mode,Robe été,1,296.52,0.0,296.52,72.46,348
2024-11-08,Lille,Magasin,Mode,T-shirt coton,2,504.67,0.0,1009.34,400.46,1
2024-11-08,En ligne,E-commerce,Mode,Veste hiver,1,655.99,0.0,655.99,324.08,478
2024-11-08,Tourcoing,Magasin,Sport,Ballon foot,1,100.1,0.0,100.1,57.9,573
2024-11-08,Dunkerque,Magasin,Bricolage,Peinture 5L,1,609.0,0.0,609.0,325.46,568
2024-11-08,Dunkerque,Magasin,Sport,Ballon foot,1,100.1,0.0,100.1,57.9,349
2024-11-08,En ligne,E-commerce,Électroménager,Aspirateur,2,191.18,0.0,382.36,193.1,450
2024-11-08,Dunkerque,Magasin,Électroménager,Micro-ondes,1,453.16,0.05,430.5,148.9,306
2024-11-08,Amiens,Magasin,Sport,Vélo VTT,1,545.21,0.05,517.95,207.24,539
2024-11-08,Dunkerque,Magasin,Sport,Haltères 10kg,2,98.3,0.0,196.6,85.4,146
2024-11-09,Valenciennes,Magasin,Maison,Étagère bois,3,279.59,0.0,838.77,267.36,491
2024-11-09,En ligne,E-commerce,Maison,Set casseroles,1,706.85,0.0,706.85,407.67,131
2024-11-09,Roubaix,Magasin,Sport,Tapis yoga,1,658.36,0.0,658.36,352.71,348
2024-11-09,Lille,Magasin,Bricolage,Perceuse,4,105.66,0.0,422.64,86.8,380
2024-11-09,Roubaix,Magasin,Mode,Robe été,4,296.52,0.05,1126.78,230.54,558
2024-11-09,Lille,Magasin,Électroménager,Aspirateur,1,191.18,0.0,191.18,96.55,205
2024-11-09,Dunkerque,Magasin,Sport,Vélo VTT,3,545.21,0.0,1635.63,703.5,183
2024-11-09,Lille,Magasin,Électroménager,Réfrigérateur,2,387.37,0.05,736.0,186.82,534
2024-11-09,En ligne,E-commerce,Mode,Jean homme,2,272.27,0.05,517.31,157.01,495
2024-11-09,Valenciennes,Magasin,Maison,Étagère bois,4,279.59,0.0,1118.36,356.48,524
2024-11-09,Roubaix,Magasin,Sport,Raquette tennis,3,706.19,0.0,2118.57,1086.12,99
2024-11-09,Dunkerque,Magasin,Mode,Robe été,3,296.52,0.0,889.56,217.38,322
2024-11-09,Roubaix,Magasin,Bricolage,Perceuse,3,105.66,0.0,316.98,65.1,251
2024-11-09,Valenciennes,Magasin,Maison,Couette 220x240,3,224.09,0.0,672.27,271.17,437
2024-11-09,Valenciennes,Magasin,Bricolage,Boîte à outils,2,83.21,0.1,149.78,29.34,442
2024-11-09,Valenciennes,Magasin,Mode,Veste hiver,4,655.99,0.0,2623.96,1296.32,274
2024-11-09,Dunkerque,Magasin,Sport,Chaussures running,3,569.53,0.0,1708.59,930.6,282
2024-11-09,Dunkerque,Magasin,Sport,Raquette tennis,2,706.19,0.0,1412.38,724.08,419
2024-11-10,Lille,Magasin,Maison,Set casseroles,2,706.85,0.0,1413.7,815.34,210
2024-11-10,Lille,Magasin,Électroménager,Bouilloire,4,726.04,0.0,2904.16,1569.2,129
2024-11-10,Valenciennes,Magasin,Électroménager,Réfrigérateur,1,387.37,0.0,387.37,112.78,497
2024-11-10,Tourcoing,Magasin,Mode,Robe été,2,296.52,0.0,593.04,144.92,112
2024-11-10,Roubaix,Magasin,Bricolage,Échelle alu,2,354.67,0.0,709.34,336.8,36
2024-11-10,Dunkerque,Magasin,Bricolage,Perceuse,2,105.66,0.05,200.75,32.83,165
2024-11-10,Dunkerque,Magasin,Bricolage,Boîte à outils,2,83.21,0.0,166.42,45.98,587
2024-11-10,Tourcoing,Magasin,Bricolage,Perceuse,2,105.66,0.0,211.32,43.4,293
2024-11-10,Dunkerque,Magasin,Sport,Ballon foot,4,100.1,0.0,400.4,231.6,28
2024-11-10,Amiens,Magasin,Mode,Pull laine,1,884.49,0.0,884.49,496.06,211
2024-11-10,Roubaix,Magasin,Sport,Raquette tennis,2,706.19,0.0,1412.38,724.08,402
2024-11-10,Amiens,Magasin,Bricolage,Peinture 5L,4,609.0,0.0,2436.0,1301.84,533
2024-11-10,Lille,Magasin,Bricolage,Perceuse,2,105.66,0.0,211.32,43.4,168
2024-11-10,Lille,Magasin,Bricolage,Peinture 5L,4,609.0,0.0,2436.0,1301.84,297
2024-11-10,Lille,Magasin,Mode,Baskets ville,2,460.51,0.0,921.02,296.1,270
2024-11-10,Valenciennes,Magasin,Maison,Lampe LED,1,134.22,0.0,134.22,68.28,258
2024-11-10,Valenciennes,Magasin,Bricolage,Boîte à outils,2,83.21,0.0,166.42,45.98,524
2024-11-11,Tourcoing,Magasin,Mode,Veste hiver,2,655.99,0.1,1180.78,516.96,67
2024-11-11,Dunkerque,Magasin,Sport,Ballon foot,1,100.1,0.0,100.1,57.9,541
2024-11-11,Lille,Magasin,Sport,Haltères 10kg,1,98.3,0.0,98.3,42.7,56
2024-11-11,Dunkerque,Magasin,Maison,Canapé 3 places,3,246.23,0.0,738.69,170.64,481
2024-11-11,Roubaix,Magasin,Sport,Haltères 10kg,1,98.3,0.05,93.38,37.78,52
2024-11-11,Roubaix,Magasin,Électroménager,Cafetière,3,392.24,0.0,1176.72,643.68,413
2024-11-11,Lille,Magasin,Électroménager,Réfrigérateur,1,387.37,0.0,387.37,112.78,304
2024-11-11,Tourcoing,Magasin,Bricolage,Tournevis set,2,636.28,0.0,1272.56,640.88,225
2024-11-11,Amiens,Magasin,Maison,Rideau occultant,2,101.21,0.0,202.42,89.78,595
2024-11-11,En ligne,E-commerce,Maison,Lampe LED,1,134.22,0.2,107.38,41.44,125
2024-11-11,Lille,Magasin,Sport,Raquette tennis,4,706.19,0.0,2824.76,1448.16,301
2024-11-11,Tourcoing,Magasin,Sport,Ballon foot,1,100.1,0.0,100.1,57.9,213
2024-11-11,Dunkerque,Magasin,Bricolage,Peinture 5L,2,609.0,0.0,1218.0,650.92,361
2024-11-11,Lille,Magasin,Électroménager,Aspirateur,1,191.18,0.05,181.62,86.99,95
2024-11-11,Dunkerque,Magasin,Électroménager,Bouilloire,2,726.04,0.0,1452.08,784.6,398
2024-11-11,En ligne,E-commerce,Maison,Set casseroles,1,706.85,0.0,706.85,407.67,403
2024-11-11,Lille,Magasin,Électroménager,Cafetière,2,392.24,0.0,784.48,429.12,93
2024-11-11,Amiens,Magasin,Électroménager,Cafetière,1,392.24,0.0,392.24,214.56,493
2024-11-11,En ligne,E-commerce,Bricolage,Boîte à outils,3,83.21,0.0,249.63,68.97,545
2024-11-11,Amiens,Magasin,Électroménager,Bouilloire,2,726.04,0.0,1452.08,784.6,270
2024-11-11,Dunkerque,Magasin,Mode,Robe été,1,296.52,0.05,281.69,57.63,33
2024-11-11,Roubaix,Magasin,Maison,Rideau occultant,1,101.21,0.0,101.21,44.89,103
2024-11-12,En ligne,E-commerce,Sport,Chaussures running,2,569.53,0.0,1139.06,620.4,343
2024-11-12,Amiens,Magasin,Mode,Veste hiver,2,655.99,0.0,1311.98,648.16,511
2024-11-12,Dunkerque,Magasin,Sport,Maillot bain,2,350.77,0.0,701.54,398.6,200
2024-11-12,Roubaix,Magasin,Maison,Lampe LED,2,134.22,0.0,268.44,136.56,287
2024-11-12,Dunkerque,Magasin,Bricolage,Peinture 5L,1,609.0,0.0,609.0,325.46,541
2024-11-12,Lille,Magasin,Maison,Lampe LED,3,134.22,0.0,402.66,204.84,597
2024-11-12,Lille,Magasin,Mode,Veste hiver,1,655.99,0.0,655.99,324.08,89
2024-11-12,Lille,Magasin,Mode,Baskets ville,2,460.51,0.0,921.02,296.1,131
2024-11-12,Lille,Magasin,Maison,Set casseroles,3,706.85,0.0,2120.55,1223.01,57
2024-11-12,Dunkerque,Magasin,Électroménager,Aspirateur,1,191.18,0.0,191.18,96.55,52
2024-11-13,Valenciennes,Magasin,Maison,Couette 220x240,1,224.09,0.0,224.09,90.39,586
2024-11-13,Dunkerque,Magasin,Mode,T-shirt coton,4,504.67,0.0,2018.68,800.92,327
2024-11-13,Amiens,Magasin,Sport,Raquette tennis,1,706.19,0.0,706.19,362.04,551
2024-11-13,Amiens,Magasin,Maison,Canapé 3 places,1,246.23,0.0,246.23,56.88,205
2024-11-13,Tourcoing,Magasin,Bricolage,Peinture 5L,1,609.0,0.0,609.0,325.46,18
2024-11-13,En ligne,E-commerce,Sport,Haltères 10kg,3,98.3,0.0,294.9,128.1,341
2024-11-13,Tourcoing,Magasin,Sport,Tapis yoga,2,658.36,0.0,1316.72,705.42,88
2024-11-13,Amiens,Magasin,Sport,Chaussures running,3,569.53,0.0,1708.59,930.6,112
2024-11-13,Dunkerque,Magasin,Mode,Baskets ville,3,460.51,0.0,1381.53,444.15,224
2024-11-13,Lille,Magasin,Sport,Maillot bain,2,350.77,0.0,701.54,398.6,431
2024-11-13,Lille,Magasin,Sport,Tapis yoga,3,658.36,0.05,1876.33,959.38,313
2024-11-13,Roubaix,Magasin,Bricolage,Perceuse,5,105.66,0.0,528.3,108.5,19
2024-11-13,Amiens,Magasin,Mode,Veste hiver,4,655.99,0.0,2623.96,1296.32,54
2024-11-13,Amiens,Magasin,Maison,Canapé 3 places,3,246.23,0.0,738.69,170.64,43
2024-11-13,Roubaix,Magasin,Sport,Tapis yoga,2,658.36,0.0,1316.72,705.42,365
2024-11-13,Roubaix,Magasin,Sport,Vélo VTT,3,545.21,0.0,1635.63,703.5,64
2024-11-14,Amiens,Magasin,Électroménager,Aspirateur,2,191.18,0.0,382.36,193.1,2
2024-11-14,Tourcoing,Magasin,Mode,Robe été,1,296.52,0.0,296.52,72.46,505
2024-11-14,Amiens,Magasin,Sport,Tapis yoga,3,658.36,0.0,1975.08,1058.13,333
2024-11-14,Valenciennes,Magasin,Mode,Baskets ville,2,460.51,0.0,921.02,296.1,15
2024-11-14,Valenciennes,Magasin,Électroménager,Robot cuiseur,2,249.97,0.0,499.94,183.84,77
2024-11-14,Lille,Magasin,Maison,Couette 220x240,4,224.09,0.0,896.36,361.56,10
2024-11-14,Roubaix,Magasin,Mode,Robe été,2,296.52,0.05,563.39,115.27,599
2024-11-14,En ligne,E-commerce,Sport,Chaussures running,1,569.53,0.1,512.58,253.25,291
2024-11-14,Roubaix,Magasin,Mode,Pull laine,4,884.49,0.0,3537.96,1984.24,9
2024-11-14,Dunkerque,Magasin,Maison,Canapé 3 places,1,246.23,0.0,246.23,56.88,434
2024-11-14,Amiens,Magasin,Électroménager,Robot cuiseur,2,249.97,0.0,499.94,183.84,407
2024-11-14,Tourcoing,Magasin,Bricolage,Peinture 5L,3,609.0,0.0,1827.0,976.38,547
2024-11-14,Valenciennes,Magasin,Sport,Chaussures running,1,569.53,0.0,569.53,310.2,550
2024-11-14,Valenciennes,Magasin,Sport,Vélo VTT,2,545.21,0.0,1090.42,469.0,47
2024-11-14,En ligne,E-commerce,Mode,Veste hiver,2,655.99,0.0,1311.98,648.16,222
2024-11-14,Dunkerque,Magasin,Maison,Rideau occultant,2,101.21,0.0,202.42,89.78,480
2024-11-15,Roubaix,Magasin,Bricolage,Boîte à outils,3,83.21,0.0,249.63,68.97,110
2024-11-15,Amiens,Magasin,Électroménager,Bouilloire,3,726.04,0.0,2178.12,1176.9,19
2024-11-15,Dunkerque,Magasin,Maison,Set casseroles,4,706.85,0.0,2827.4,1630.68,293
2024-11-15,Dunkerque,Magasin,Maison,Lampe LED,2,134.22,0.1,241.6,109.72,67
2024-11-15,Tourcoing,Magasin,Bricolage,Tournevis set,2,636.28,0.0,1272.56,640.88,326
2024-11-15,Valenciennes,Magasin,Sport,Raquette tennis,1,706.19,0.0,706.19,362.04,536
2024-11-15,Dunkerque,Magasin,Mode,Baskets ville,1,460.51,0.0,460.51,148.05,5
2024-11-15,Dunkerque,Magasin,Mode,Jean homme,4,272.27,0.0,1089.08,368.48,243
2024-11-15,En ligne,E-commerce,Mode,Jean homme,1,272.27,0.0,272.27,92.12,86
2024-11-15,Valenciennes,Magasin,Sport,Chaussures running,1,569.53,0.0,569.53,310.2,236
2024-11-15,En ligne,E-commerce,Mode,Robe été,3,296.52,0.0,889.56,217.38,386
2024-11-15,Amiens,Magasin,Mode,Pull laine,2,884.49,0.1,1592.08,815.22,327
2024-11-15,Tourcoing,Magasin,Mode,Pull laine,1,884.49,0.0,884.49,496.06,252
2024-11-15,Dunkerque,Magasin,Maison,Rideau occultant,2,101.21,0.0,202.42,89.78,298
2024-11-15,En ligne,E-commerce,Mode,T-shirt coton,3,504.67,0.1,1362.61,449.29,226
2024-11-15,Roubaix,Magasin,Mode,Veste hiver,2,655.99,0.1,1180.78,516.96,99
2024-11-15,Lille,Magasin,Bricolage,Tournevis set,2,636.28,0.0,1272.56,640.88,250
2024-11-15,Amiens,Magasin,Bricolage,Peinture 5L,3,609.0,0.0,1827.0,976.38,400
2024-11-16,Valenciennes,Magasin,Sport,Raquette tennis,4,706.19,0.05,2683.52,1306.92,75
2024-11-16,En ligne,E-commerce,Électroménager,Cafetière,2,392.24,0.0,784.48,429.12,367
2024-11-16,Roubaix,Magasin,Mode,Robe été,2,296.52,0.0,593.04,144.92,393
2024-11-16,Amiens,Magasin,Électroménager,Micro-ondes,4,453.16,0.0,1812.64,686.24,501
2024-11-16,En ligne,E-commerce,Électroménager,Micro-ondes,3,453.16,0.0,1359.48,514.68,231
2024-11-16,Roubaix,Magasin,Sport,Raquette tennis,2,706.19,0.0,1412.38,724.08,458
2024-11-16,Roubaix,Magasin,Sport,Tapis yoga,1,658.36,0.0,658.36,352.71,313
2024-11-16,Roubaix,Magasin,Maison,Canapé 3 places,1,246.23,0.0,246.23,56.88,85
2024-11-16,En ligne,E-commerce,Bricolage,Tournevis set,3,636.28,0.0,1908.84,961.32,382
2024-11-16,Amiens,Magasin,Sport,Maillot bain,3,350.77,0.0,1052.31,597.9,490
2024-11-16,Lille,Magasin,Maison,Lampe LED,2,134.22,0.0,268.44,136.56,14
2024-11-16,Roubaix,Magasin,Maison,Canapé 3 places,3,246.23,0.05,701.76,133.71,167
2024-11-16,Dunkerque,Magasin,Maison,Étagère bois,1,279.59,0.05,265.61,75.14,29
2024-11-16,Amiens,Magasin,Sport,Haltères 10kg,2,98.3,0.0,196.6,85.4,348
2024-11-16,Roubaix,Magasin,Mode,T-shirt coton,3,504.67,0.05,1438.31,524.99,22
2024-11-16,Roubaix,Magasin,Sport,Maillot bain,4,350.77,0.0,1403.08,797.2,145
2024-11-16,En ligne,E-commerce,Maison,Canapé 3 places,4,246.23,0.1,886.43,129.03,272
2024-11-16,Lille,Magasin,Bricolage,Perceuse,3,105.66,0.0,316.98,65.1,105
2024-11-16,Roubaix,Magasin,Sport,Raquette tennis,2,706.19,0.0,1412.38,724.08,139
2024-11-16,En ligne,E-commerce,Sport,Vélo VTT,1,545.21,0.0,545.21,234.5,79
2024-11-16,Tourcoing,Magasin,Mode,Robe été,2,296.52,0.0,593.04,144.92,53
2024-11-16,Valenciennes,Magasin,Électroménager,Robot cuiseur,4,249.97,0.2,799.9,167.7,323
2024-11-16,En ligne,E-commerce,Mode,Pull laine,2,884.49,0.05,1680.53,903.67,411
2024-11-17,Roubaix,Magasin,Électroménager,Micro-ondes,3,453.16,0.0,1359.48,514.68,2
2024-11-17,Tourcoing,Magasin,Sport,Maillot bain,5,350.77,0.0,1753.85,996.5,243
2024-11-17,En ligne,E-commerce,Électroménager,Micro-ondes,1,453.16,0.0,453.16,171.56,94
2024-11-17,Dunkerque,Magasin,Sport,Maillot bain,1,350.77,0.05,333.23,181.76,288
2024-11-17,En ligne,E-commerce,Sport,Haltères 10kg,1,98.3,0.0,98.3,42.7,328
2024-11-17,Roubaix,Magasin,Maison,Étagère bois,3,279.59,0.0,838.77,267.36,416
2024-11-17,Tourcoing,Magasin,Mode,Pull laine,2,884.49,0.05,1680.53,903.67,311
2024-11-17,Amiens,Magasin,Mode,Pull laine,3,884.49,0.05,2520.8,1355.51,170
2024-11-17,Lille,Magasin,Mode,Robe été,3,296.52,0.05,845.08,172.9,483
2024-11-18,En ligne,E-commerce,Maison,Rideau occultant,2,101.21,0.0,202.42,89.78,259
2024-11-18,Roubaix,Magasin,Électroménager,Bouilloire,2,726.04,0.0,1452.08,784.6,206
2024-11-18,Roubaix,Magasin,Électroménager,Robot cuiseur,1,249.97,0.0,249.97,91.92,235
2024-11-18,Tourcoing,Magasin,Électroménager,Cafetière,3,392.24,0.2,941.38,408.34,400
2024-11-18,Roubaix,Magasin,Électroménager,Réfrigérateur,1,387.37,0.0,387.37,112.78,1
2024-11-18,Amiens,Magasin,Mode,Baskets ville,2,460.51,0.0,921.02,296.1,424
2024-11-18,Tourcoing,Magasin,Maison,Set casseroles,1,706.85,0.0,706.85,407.67,57
2024-11-18,Tourcoing,Magasin,Bricolage,Perceuse,1,105.66,0.0,105.66,21.7,45
2024-11-18,En ligne,E-commerce,Électroménager,Bouilloire,1,726.04,0.0,726.04,392.3,544
2024-11-18,En ligne,E-commerce,Électroménager,Cafetière,2,392.24,0.0,784.48,429.12,593
2024-11-18,Roubaix,Magasin,Électroménager,Bouilloire,2,726.04,0.0,1452.08,784.6,69
2024-11-18,Amiens,Magasin,Maison,Étagère bois,2,279.59,0.2,447.34,66.4,479
2024-11-18,Dunkerque,Magasin,Bricolage,Boîte à outils,1,83.21,0.0,83.21,22.99,103
2024-11-18,Roubaix,Magasin,Électroménager,Aspirateur,3,191.18,0.0,573.54,289.65,77
2024-11-18,Lille,Magasin,Bricolage,Perceuse,1,105.66,0.0,105.66,21.7,399
2024-11-19,Lille,Magasin,Bricolage,Tournevis set,1,636.28,0.0,636.28,320.44,119
2024-11-19,En ligne,E-commerce,Électroménager,Robot cuiseur,3,249.97,0.0,749.91,275.76,274
2024-11-19,Lille,Magasin,Sport,Vélo VTT,3,545.21,0.0,1635.63,703.5,340
2024-11-19,Roubaix,Magasin,Électroménager,Micro-ondes,1,453.16,0.0,453.16,171.56,132
2024-11-19,Dunkerque,Magasin,Bricolage,Tournevis set,3,636.28,0.0,1908.84,961.32,392
2024-11-19,Valenciennes,Magasin,Maison,Couette 220x240,1,224.09,0.0,224.09,90.39,427
2024-11-19,Lille,Magasin,Mode,Baskets ville,2,460.51,0.0,921.02,296.1,600
2024-11-19,Roubaix,Magasin,Mode,Jean homme,2,272.27,0.0,544.54,184.24,15
2024-11-20,Lille,Magasin,Mode,Baskets ville,2,460.51,0.0,921.02,296.1,409
2024-11-20,Tourcoing,Magasin,Bricolage,Échelle alu,1,354.67,0.05,336.94,150.67,323
2024-11-20,En ligne,E-commerce,Électroménager,Aspirateur,3,191.18,0.1,516.19,232.3,154
2024-11-20,Amiens,Magasin,Sport,Raquette tennis,3,706.19,0.0,2118.57,1086.12,76
2024-11-20,Dunkerque,Magasin,Électroménager,Réfrigérateur,1,387.37,0.0,387.37,112.78,545
2024-11-20,Dunkerque,Magasin,Électroménager,Aspirateur,1,191.18,0.0,191.18,96.55,527
2024-11-20,Lille,Magasin,Mode,Pull laine,4,884.49,0.0,3537.96,1984.24,394
2024-11-20,Lille,Magasin,Maison,Rideau occultant,3,101.21,0.0,303.63,134.67,304
2024-11-20,Dunkerque,Magasin,Sport,Raquette tennis,1,706.19,0.0,706.19,362.04,75
2024-11-20,En ligne,E-commerce,Sport,Vélo VTT,1,545.21,0.05,517.95,207.24,150
2024-11-20,Valenciennes,Magasin,Maison,Couette 220x240,3,224.09,0.0,672.27,271.17,346
2024-11-20,En ligne,E-commerce,Maison,Rideau occultant,1,101.21,0.0,101.21,44.89,270
2024-11-20,Lille,Magasin,Maison,Rideau occultant,3,101.21,0.0,303.63,134.67,254
2024-11-20,Tourcoing,Magasin,Sport,Haltères 10kg,1,98.3,0.05,93.38,37.78,40
2024-11-20,Amiens,Magasin,Électroménager,Bouilloire,3,726.04,0.0,2178.12,1176.9,598
2024-11-20,Amiens,Magasin,Maison,Canapé 3 places,2,246.23,0.0,492.46,113.76,356
2024-11-20,En ligne,E-commerce,Électroménager,Micro-ondes,1,453.16,0.0,453.16,171.56,322
2024-11-20,Amiens,Magasin,Électroménager,Réfrigérateur,4,387.37,0.0,1549.48,451.12,273
2024-11-20,Dunkerque,Magasin,Électroménager,Réfrigérateur,4,387.37,0.0,1549.48,451.12,495
2024-11-20,Tourcoing,Magasin,Bricolage,Perceuse,2,105.66,0.1,190.19,22.27,404
2024-11-20,Dunkerque,Magasin,Maison,Lampe LED,1,134.22,0.0,134.22,68.28,511
2024-11-20,Dunkerque,Magasin,Électroménager,Aspirateur,2,191.18,0.05,363.24,173.98,478
2024-11-20,Dunkerque,Magasin,Maison,Étagère bois,1,279.59,0.0,279.59,89.12,562
2024-11-20,Roubaix,Magasin,Sport,Chaussures running,1,569.53,0.0,569.53,310.2,126
2024-11-21,Lille,Magasin,Maison,Set casseroles,2,706.85,0.0,1413.7,815.34,339
2024-11-21,Lille,Magasin,Maison,Lampe LED,2,134.22,0.0,268.44,136.56,58
2024-11-21,Dunkerque,Magasin,Mode,Baskets ville,2,460.51,0.0,921.02,296.1,112
2024-11-21,Amiens,Magasin,Électroménager,Réfrigérateur,3,387.37,0.0,1162.11,338.34,85
2024-11-21,Lille,Magasin,Sport,Tapis yoga,2,658.36,0.0,1316.72,705.42,372
2024-11-21,Valenciennes,Magasin,Électroménager,Cafetière,3,392.24,0.05,1117.88,584.84,93
2024-11-21,Lille,Magasin,Bricolage,Tournevis set,3,636.28,0.0,1908.84,961.32,373
2024-11-21,Valenciennes,Magasin,Sport,Tapis yoga,1,658.36,0.0,658.36,352.71,523
2024-11-22,Amiens,Magasin,Bricolage,Échelle alu,2,354.67,0.1,638.41,265.87,138
2024-11-22,Lille,Magasin,Électroménager,Réfrigérateur,3,387.37,0.0,1162.11,338.34,550
2024-11-22,Tourcoing,Magasin,Sport,Tapis yoga,1,658.36,0.1,592.52,286.87,377
2024-11-22,Tourcoing,Magasin,Maison,Couette 220x240,2,224.09,0.0,448.18,180.78,313
2024-11-22,Amiens,Magasin,Sport,Haltères 10kg,5,98.3,0.0,491.5,213.5,122
2024-11-22,Amiens,Magasin,Mode,T-shirt coton,3,504.67,0.0,1514.01,600.69,173
2024-11-22,Lille,Magasin,Mode,Baskets ville,2,460.51,0.0,921.02,296.1,556
2024-11-22,Lille,Magasin,Maison,Set casseroles,2,706.85,0.0,1413.7,815.34,20
2024-11-22,Roubaix,Magasin,Électroménager,Micro-ondes,2,453.16,0.0,906.32,343.12,567
2024-11-22,Lille,Magasin,Bricolage,Échelle alu,2,354.67,0.0,709.34,336.8,75
2024-11-22,Lille,Magasin,Bricolage,Boîte à outils,2,83.21,0.05,158.1,37.66,175
2024-11-22,Roubaix,Magasin,Mode,Jean homme,3,272.27,0.0,816.81,276.36,372
2024-11-22,Lille,Magasin,Électroménager,Micro-ondes,3,453.16,0.0,1359.48,514.68,585
2024-11-22,Roubaix,Magasin,Sport,Maillot bain,4,350.77,0.0,1403.08,797.2,404
2024-11-23,Valenciennes,Magasin,Électroménager,Cafetière,3,392.24,0.0,1176.72,643.68,596
2024-11-23,En ligne,E-commerce,Bricolage,Boîte à outils,3,83.21,0.0,249.63,68.97,209
2024-11-23,Valenciennes,Magasin,Électroménager,Aspirateur,3,191.18,0.2,458.83,174.94,558
2024-11-23,Valenciennes,Magasin,Sport,Raquette tennis,3,706.19,0.0,2118.57,1086.12,133
2024-11-23,En ligne,E-commerce,Bricolage,Peinture 5L,1,609.0,0.05,578.55,295.01,527
2024-11-23,Roubaix,Magasin,Sport,Raquette tennis,4,706.19,0.0,2824.76,1448.16,380
2024-11-23,Roubaix,Magasin,Bricolage,Tournevis set,2,636.28,0.0,1272.56,640.88,308
2024-11-23,Tourcoing,Magasin,Bricolage,Tournevis set,2,636.28,0.1,1145.3,513.62,340
2024-11-23,Lille,Magasin,Électroménager,Réfrigérateur,1,387.37,0.0,387.37,112.78,236
2024-11-23,Amiens,Magasin,Mode,Veste hiver,1,655.99,0.0,655.99,324.08,367
2024-11-23,Dunkerque,Magasin,Maison,Set casseroles,1,706.85,0.1,636.17,336.99,201
2024-11-23,Valenciennes,Magasin,Sport,Chaussures running,2,569.53,0.0,1139.06,620.4,309
2024-11-23,Dunkerque,Magasin,Électroménager,Micro-ondes,1,453.16,0.0,453.16,171.56,298
2024-11-23,Roubaix,Magasin,Mode,Jean homme,1,272.27,0.0,272.27,92.12,576
2024-11-23,Amiens,Magasin,Bricolage,Tournevis set,2,636.28,0.0,1272.56,640.88,185
2024-11-24,Amiens,Magasin,Mode,Veste hiver,2,655.99,0.0,1311.98,648.16,318
2024-11-24,Valenciennes,Magasin,Électroménager,Robot cuiseur,2,249.97,0.0,499.94,183.84,409
2024-11-24,Roubaix,Magasin,Électroménager,Micro-ondes,2,453.16,0.0,906.32,343.12,154
2024-11-24,Amiens,Magasin,Maison,Set casseroles,1,706.85,0.05,671.51,372.33,363
2024-11-24,En ligne,E-commerce,Maison,Rideau occultant,1,101.21,0.0,101.21,44.89,582
2024-11-24,Lille,Magasin,Sport,Haltères 10kg,4,98.3,0.0,393.2,170.8,260
2024-11-24,Dunkerque,Magasin,Sport,Chaussures running,2,569.53,0.0,1139.06,620.4,139
2024-11-24,Amiens,Magasin,Bricolage,Échelle alu,2,354.67,0.0,709.34,336.8,595
2024-11-24,Lille,Magasin,Sport,Vélo VTT,4,545.21,0.1,1962.76,719.92,230
2024-11-24,Amiens,Magasin,Mode,Baskets ville,4,460.51,0.0,1842.04,592.2,471
2024-11-24,Amiens,Magasin,Bricolage,Perceuse,2,105.66,0.05,200.75,32.83,443
2024-11-24,Lille,Magasin,Mode,Robe été,4,296.52,0.05,1126.78,230.54,181
2024-11-24,Tourcoing,Magasin,Électroménager,Micro-ondes,1,453.16,0.0,453.16,171.56,268
2024-11-24,Roubaix,Magasin,Bricolage,Peinture 5L,2,609.0,0.05,1157.1,590.02,492
2024-11-24,Dunkerque,Magasin,Bricolage,Échelle alu,3,354.67,0.0,1064.01,505.2,573
2024-11-24,Dunkerque,Magasin,Sport,Raquette tennis,3,706.19,0.1,1906.71,874.26,78
2024-11-24,En ligne,E-commerce,Bricolage,Perceuse,4,105.66,0.0,422.64,86.8,140
2024-11-24,En ligne,E-commerce,Bricolage,Boîte à outils,5,83.21,0.0,416.05,114.95,220
2024-11-25,En ligne,E-commerce,Bricolage,Perceuse,4,105.66,0.05,401.51,65.67,303
2024-11-25,Amiens,Magasin,Sport,Maillot bain,4,350.77,0.0,1403.08,797.2,302
2024-11-25,Lille,Magasin,Électroménager,Micro-ondes,4,453.16,0.0,1812.64,686.24,244
2024-11-25,Roubaix,Magasin,Bricolage,Peinture 5L,4,609.0,0.05,2314.2,1180.04,556
2024-11-25,Dunkerque,Magasin,Mode,Jean homme,1,272.27,0.0,272.27,92.12,573
2024-11-25,Lille,Magasin,Mode,Baskets ville,4,460.51,0.0,1842.04,592.2,209
2024-11-25,Lille,Magasin,Bricolage,Peinture 5L,1,609.0,0.0,609.0,325.46,44
2024-11-25,Dunkerque,Magasin,Sport,Ballon foot,2,100.1,0.0,200.2,115.8,490
2024-11-25,En ligne,E-commerce,Sport,Maillot bain,3,350.77,0.1,947.08,492.67,355
2024-11-26,Roubaix,Magasin,Bricolage,Tournevis set,1,636.28,0.0,636.28,320.44,435
2024-11-26,Valenciennes,Magasin,Maison,Lampe LED,5,134.22,0.0,671.1,341.4,213
2024-11-26,Dunkerque,Magasin,Maison,Étagère bois,1,279.59,0.0,279.59,89.12,587
2024-11-26,En ligne,E-commerce,Bricolage,Peinture 5L,4,609.0,0.0,2436.0,1301.84,164
2024-11-26,Roubaix,Magasin,Maison,Canapé 3 places,3,246.23,0.0,738.69,170.64,322
2024-11-26,Lille,Magasin,Électroménager,Cafetière,1,392.24,0.05,372.63,194.95,350
2024-11-26,Tourcoing,Magasin,Mode,T-shirt coton,2,504.67,0.0,1009.34,400.46,483
2024-11-26,Amiens,Magasin,Sport,Vélo VTT,1,545.21,0.0,545.21,234.5,323
2024-11-26,Valenciennes,Magasin,Maison,Lampe LED,1,134.22,0.0,134.22,68.28,1
2024-11-26,En ligne,E-commerce,Maison,Étagère bois,5,279.59,0.1,1258.16,305.8,231
2024-11-26,Valenciennes,Magasin,Électroménager,Micro-ondes,2,453.16,0.0,906.32,343.12,181
2024-11-26,Roubaix,Magasin,Maison,Rideau occultant,4,101.21,0.0,404.84,179.56,1
2024-11-26,Dunkerque,Magasin,Maison,Set casseroles,2,706.85,0.0,1413.7,815.34,375
2024-11-26,Tourcoing,Magasin,Mode,Veste hiver,1,655.99,0.0,655.99,324.08,95
2024-11-26,Dunkerque,Magasin,Bricolage,Perceuse,3,105.66,0.0,316.98,65.1,218
2024-11-26,Roubaix,Magasin,Bricolage,Perceuse,1,105.66,0.0,105.66,21.7,536
2024-11-26,Amiens,Magasin,Maison,Set casseroles,2,706.85,0.0,1413.7,815.34,306
2024-11-26,Roubaix,Magasin,Mode,Pull laine,3,884.49,0.0,2653.47,1488.18,339
2024-11-26,Valenciennes,Magasin,Maison,Couette 220x240,2,224.09,0.0,448.18,180.78,369
2024-11-27,En ligne,E-commerce,Mode,T-shirt coton,1,504.67,0.0,504.67,200.23,282
2024-11-27,Dunkerque,Magasin,Bricolage,Boîte à outils,2,83.21,0.0,166.42,45.98,285
2024-11-27,En ligne,E-commerce,Sport,Haltères 10kg,2,98.3,0.0,196.6,85.4,77
2024-11-27,En ligne,E-commerce,Électroménager,Micro-ondes,2,453.16,0.0,906.32,343.12,107
2024-11-27,Tourcoing,Magasin,Sport,Raquette tennis,1,706.19,0.0,706.19,362.04,334
2024-11-27,Valenciennes,Magasin,Maison,Rideau occultant,1,101.21,0.05,96.15,39.83,391
2024-11-27,Dunkerque,Magasin,Mode,Jean homme,1,272.27,0.0,272.27,92.12,165
2024-11-27,Valenciennes,Magasin,Sport,Maillot bain,2,350.77,0.0,701.54,398.6,430
2024-11-27,Lille,Magasin,Sport,Haltères 10kg,1,98.3,0.0,98.3,42.7,475
2024-11-27,Amiens,Magasin,Sport,Tapis yoga,3,658.36,0.05,1876.33,959.38,225
2024-11-27,Tourcoing,Magasin,Mode,Baskets ville,4,460.51,0.0,1842.04,592.2,149
2024-11-27,Lille,Magasin,Bricolage,Peinture 5L,2,609.0,0.0,1218.0,650.92,207
2024-11-27,Lille,Magasin,Maison,Canapé 3 places,2,246.23,0.0,492.46,113.76,263
2024-11-27,Dunkerque,Magasin,Électroménager,Robot cuiseur,3,249.97,0.0,749.91,275.76,572
2024-11-28,Tourcoing,Magasin,Maison,Set casseroles,3,706.85,0.0,2120.55,1223.01,471
2024-11-28,Tourcoing,Magasin,Électroménager,Cafetière,5,392.24,0.0,1961.2,1072.8,494
2024-11-28,Dunkerque,Magasin,Sport,Ballon foot,3,100.1,0.05,285.28,158.68,27
2024-11-28,Roubaix,Magasin,Bricolage,Boîte à outils,1,83.21,0.0,83.21,22.99,562
2024-11-28,En ligne,E-commerce,Bricolage,Tournevis set,1,636.28,0.0,636.28,320.44,257
2024-11-28,Tourcoing,Magasin,Bricolage,Boîte à outils,1,83.21,0.0,83.21,22.99,211
2024-11-28,Lille,Magasin,Sport,Chaussures running,3,569.53,0.05,1623.16,845.17,429
2024-11-28,Tourcoing,Magasin,Électroménager,Cafetière,1,392.24,0.0,392.24,214.56,526
2024-11-28,Dunkerque,Magasin,Électroménager,Bouilloire,2,726.04,0.0,1452.08,784.6,474
2024-11-28,Roubaix,Magasin,Maison,Couette 220x240,3,224.09,0.0,672.27,271.17,183
2024-11-28,Dunkerque,Magasin,Mode,Pull laine,1,884.49,0.0,884.49,496.06,3
2024-11-28,Roubaix,Magasin,Sport,Tapis yoga,1,658.36,0.05,625.44,319.79,131
2024-11-28,Tourcoing,Magasin,Sport,Chaussures running,1,569.53,0.0,569.53,310.2,594
2024-11-28,Dunkerque,Magasin,Bricolage,Boîte à outils,4,83.21,0.0,332.84,91.96,504
2024-11-29,Valenciennes,Magasin,Électroménager,Bouilloire,2,726.04,0.05,1379.48,712.0,386
2024-11-29,Valenciennes,Magasin,Électroménager,Aspirateur,1,191.18,0.05,181.62,86.99,554
2024-11-29,Valenciennes,Magasin,Sport,Vélo VTT,4,545.21,0.0,2180.84,938.0,386
2024-11-29,Roubaix,Magasin,Mode,Pull laine,5,884.49,0.0,4422.45,2480.3,154
2024-11-29,Valenciennes,Magasin,Mode,Veste hiver,1,655.99,0.0,655.99,324.08,513
2024-11-29,Valenciennes,Magasin,Maison,Rideau occultant,1,101.21,0.1,91.09,34.77,448
2024-11-29,Dunkerque,Magasin,Électroménager,Robot cuiseur,5,249.97,0.0,1249.85,459.6,204
2024-11-29,Roubaix,Magasin,Maison,Lampe LED,3,134.22,0.1,362.39,164.57,371
2024-11-29,Lille,Magasin,Électroménager,Micro-ondes,1,453.16,0.0,453.16,171.56,530
2024-11-29,Lille,Magasin,Sport,Haltères 10kg,1,98.3,0.0,98.3,42.7,282
2024-11-29,Roubaix,Magasin,Bricolage,Perceuse,5,105.66,0.0,528.3,108.5,345
2024-11-30,Amiens,Magasin,Électroménager,Micro-ondes,3,453.16,0.0,1359.48,514.68,80
2024-11-30,En ligne,E-commerce,Maison,Canapé 3 places,4,246.23,0.0,984.92,227.52,178
2024-11-30,Tourcoing,Magasin,Mode,Pull laine,2,884.49,0.0,1768.98,992.12,468
2024-11-30,Valenciennes,Magasin,Mode,Baskets ville,4,460.51,0.0,1842.04,592.2,490
2024-11-30,Valenciennes,Magasin,Électroménager,Aspirateur,3,191.18,0.0,573.54,289.65,52
2024-11-30,Roubaix,Magasin,Sport,Maillot bain,2,350.77,0.0,701.54,398.6,269
2024-11-30,Valenciennes,Magasin,Sport,Ballon foot,5,100.1,0.1,450.45,239.45,278
2024-11-30,Dunkerque,Magasin,Électroménager,Bouilloire,1,726.04,0.0,726.04,392.3,447
2024-11-30,Amiens,Magasin,Bricolage,Échelle alu,2,354.67,0.0,709.34,336.8,591
2024-11-30,Amiens,Magasin,Sport,Maillot bain,3,350.77,0.0,1052.31,597.9,429
2024-11-30,Dunkerque,Magasin,Sport,Ballon foot,2,100.1,0.0,200.2,115.8,90
2024-11-30,En ligne,E-commerce,Maison,Canapé 3 places,3,246.23,0.0,738.69,170.64,510
2024-11-30,Lille,Magasin,Mode,T-shirt coton,2,504.67,0.0,1009.34,400.46,358
2024-12-01,Tourcoing,Magasin,Sport,Maillot bain,2,350.77,0.0,701.54,398.6,292
2024-12-01,Valenciennes,Magasin,Électroménager,Bouilloire,6,726.04,0.0,4356.24,2353.8,241
2024-12-01,Amiens,Magasin,Maison,Rideau occultant,3,101.21,0.0,303.63,134.67,593
2024-12-01,Lille,Magasin,Électroménager,Micro-ondes,4,453.16,0.0,1812.64,686.24,567
2024-12-01,Lille,Magasin,Bricolage,Perceuse,6,105.66,0.05,602.26,98.5,425
2024-12-01,En ligne,E-commerce,Électroménager,Réfrigérateur,2,387.37,0.0,774.74,225.56,225
2024-12-01,Amiens,Magasin,Bricolage,Boîte à outils,5,83.21,0.0,416.05,114.95,107
2024-12-01,Dunkerque,Magasin,Sport,Chaussures running,7,569.53,0.0,3986.71,2171.4,26
2024-12-01,Dunkerque,Magasin,Maison,Lampe LED,1,134.22,0.0,134.22,68.28,494
2024-12-01,En ligne,E-commerce,Sport,Raquette tennis,2,706.19,0.0,1412.38,724.08,304
2024-12-01,Valenciennes,Magasin,Maison,Lampe LED,4,134.22,0.0,536.88,273.12,275
2024-12-01,Roubaix,Magasin,Sport,Raquette tennis,8,706.19,0.05,5367.04,2613.84,198
2024-12-01,Lille,Magasin,Bricolage,Perceuse,1,105.66,0.0,105.66,21.7,408
2024-12-01,En ligne,E-commerce,Maison,Étagère bois,6,279.59,0.0,1677.54,534.72,548
2024-12-01,Lille,Magasin,Maison,Canapé 3 places,1,246.23,0.0,246.23,56.88,310
2024-12-01,Roubaix,Magasin,Sport,Chaussures running,5,569.53,0.0,2847.65,1551.0,312
2024-12-01,Dunkerque,Magasin,Bricolage,Perceuse,8,105.66,0.0,845.28,173.6,114
2024-12-01,En ligne,E-commerce,Bricolage,Échelle alu,6,354.67,0.0,2128.02,1010.4,94
2024-12-01,En ligne,E-commerce,Bricolage,Boîte à outils,6,83.21,0.0,499.26,137.94,192
2024-12-01,Roubaix,Magasin,Sport,Chaussures running,6,569.53,0.0,3417.18,1861.2,232
2024-12-01,En ligne,E-commerce,Bricolage,Échelle alu,5,354.67,0.0,1773.35,842.0,566
2024-12-01,Valenciennes,Magasin,Mode,T-shirt coton,3,504.67,0.0,1514.01,600.69,572
2024-12-01,Valenciennes,Magasin,Maison,Set casseroles,3,706.85,0.0,2120.55,1223.01,503
2024-12-01,Amiens,Magasin,Sport,Tapis yoga,10,658.36,0.0,6583.6,3527.1,187
2024-12-02,Amiens,Magasin,Électroménager,Cafetière,4,392.24,0.0,1568.96,858.24,278
2024-12-02,Tourcoing,Magasin,Mode,Robe été,5,296.52,0.1,1334.34,214.04,99
2024-12-02,Dunkerque,Magasin,Sport,Chaussures running,8,569.53,0.0,4556.24,2481.6,26
2024-12-02,Roubaix,Magasin,Mode,Robe été,7,296.52,0.0,2075.64,507.22,397
2024-12-02,Roubaix,Magasin,Électroménager,Cafetière,3,392.24,0.0,1176.72,643.68,211
2024-12-02,Amiens,Magasin,Électroménager,Bouilloire,9,726.04,0.0,6534.36,3530.7,2
2024-12-02,Lille,Magasin,Mode,Pull laine,9,884.49,0.0,7960.41,4464.54,525
2024-12-02,Dunkerque,Magasin,Mode,Robe été,8,296.52,0.0,2372.16,579.68,110
2024-12-02,En ligne,E-commerce,Électroménager,Réfrigérateur,2,387.37,0.0,774.74,225.56,422
2024-12-02,Roubaix,Magasin,Maison,Canapé 3 places,8,246.23,0.0,1969.84,455.04,157
2024-12-02,En ligne,E-commerce,Électroménager,Micro-ondes,3,453.16,0.1,1223.53,378.73,543
2024-12-02,Dunkerque,Magasin,Sport,Tapis yoga,5,658.36,0.2,2633.44,1105.19,372
2024-12-02,En ligne,E-commerce,Bricolage,Tournevis set,5,636.28,0.0,3181.4,1602.2,117
2024-12-03,Tourcoing,Magasin,Bricolage,Échelle alu,3,354.67,0.0,1064.01,505.2,556
2024-12-03,Lille,Magasin,Électroménager,Réfrigérateur,8,387.37,0.0,3098.96,902.24,509
2024-12-03,Tourcoing,Magasin,Mode,Robe été,4,296.52,0.0,1186.08,289.84,122
2024-12-03,En ligne,E-commerce,Mode,Veste hiver,6,655.99,0.0,3935.94,1944.48,188
2024-12-03,Roubaix,Magasin,Maison,Set casseroles,4,706.85,0.2,2261.92,1065.2,229
2024-12-03,Dunkerque,Magasin,Électroménager,Robot cuiseur,3,249.97,0.0,749.91,275.76,92
2024-12-03,En ligne,E-commerce,Maison,Étagère bois,2,279.59,0.05,531.22,150.28,391
2024-12-03,En ligne,E-commerce,Électroménager,Micro-ondes,7,453.16,0.0,3172.12,1200.92,160
2024-12-03,Lille,Magasin,Bricolage,Perceuse,6,105.66,0.0,633.96,130.2,470
2024-12-03,Dunkerque,Magasin,Maison,Set casseroles,7,706.85,0.0,4947.95,2853.69,34
2024-12-03,Lille,Magasin,Sport,Raquette tennis,6,706.19,0.0,4237.14,2172.24,518
2024-12-03,En ligne,E-commerce,Électroménager,Robot cuiseur,2,249.97,0.1,449.95,133.85,73
2024-12-03,Lille,Magasin,Mode,Jean homme,9,272.27,0.0,2450.43,829.08,575
2024-12-04,Amiens,Magasin,Maison,Rideau occultant,7,101.21,0.0,708.47,314.23,331
2024-12-04,Lille,Magasin,Bricolage,Perceuse,5,105.66,0.0,528.3,108.5,89
2024-12-04,Tourcoing,Magasin,Électroménager,Cafetière,2,392.24,0.0,784.48,429.12,302
2024-12-04,Roubaix,Magasin,Maison,Canapé 3 places,4,246.23,0.0,984.92,227.52,512
2024-12-04,Tourcoing,Magasin,Sport,Vélo VTT,3,545.21,0.05,1553.85,621.72,83
2024-12-04,Amiens,Magasin,Maison,Rideau occultant,8,101.21,0.0,809.68,359.12,160
2024-12-04,Roubaix,Magasin,Mode,Veste hiver,9,655.99,0.0,5903.91,2916.72,543
2024-12-04,Lille,Magasin,Électroménager,Micro-ondes,5,453.16,0.0,2265.8,857.8,266
2024-12-04,Lille,Magasin,Bricolage,Peinture 5L,6,609.0,0.1,3288.6,1587.36,409
2024-12-04,Amiens,Magasin,Sport,Tapis yoga,6,658.36,0.0,3950.16,2116.26,280
2024-12-04,Lille,Magasin,Mode,Veste hiver,2,655.99,0.0,1311.98,648.16,594
2024-12-04,Roubaix,Magasin,Bricolage,Échelle alu,3,354.67,0.0,1064.01,505.2,412
2024-12-04,Lille,Magasin,Maison,Lampe LED,4,134.22,0.0,536.88,273.12,169
2024-12-04,Valenciennes,Magasin,Maison,Canapé 3 places,1,246.23,0.05,233.92,44.57,96
2024-12-04,Dunkerque,Magasin,Mode,Veste hiver,6,655.99,0.0,3935.94,1944.48,428
2024-12-04,Lille,Magasin,Bricolage,Perceuse,4,105.66,0.0,422.64,86.8,273
2024-12-05,Lille,Magasin,Bricolage,Tournevis set,2,636.28,0.0,1272.56,640.88,501
2024-12-05,Dunkerque,Magasin,Sport,Ballon foot,7,100.1,0.2,560.56,265.16,433
2024-12-05,Dunkerque,Magasin,Électroménager,Aspirateur,3,191.18,0.0,573.54,289.65,61
2024-12-05,Amiens,Magasin,Maison,Canapé 3 places,2,246.23,0.0,492.46,113.76,448
2024-12-05,Lille,Magasin,Électroménager,Bouilloire,5,726.04,0.0,3630.2,1961.5,217
2024-12-05,Roubaix,Magasin,Sport,Haltères 10kg,4,98.3,0.0,393.2,170.8,242
2024-12-05,En ligne,E-commerce,Sport,Chaussures running,7,569.53,0.05,3787.37,1972.06,138
2024-12-05,En ligne,E-commerce,Électroménager,Micro-ondes,6,453.16,0.0,2718.96,1029.36,253
2024-12-05,Tourcoing,Magasin,Sport,Haltères 10kg,6,98.3,0.0,589.8,256.2,113
2024-12-05,Tourcoing,Magasin,Électroménager,Bouilloire,7,726.04,0.0,5082.28,2746.1,44
2024-12-05,En ligne,E-commerce,Bricolage,Boîte à outils,2,83.21,0.1,149.78,29.34,223
2024-12-06,Tourcoing,Magasin,Maison,Lampe LED,3,134.22,0.0,402.66,204.84,226
2024-12-06,En ligne,E-commerce,Bricolage,Tournevis set,8,636.28,0.05,4835.73,2309.01,274
2024-12-06,En ligne,E-commerce,Bricolage,Tournevis set,8,636.28,0.0,5090.24,2563.52,588
2024-12-06,Amiens,Magasin,Bricolage,Échelle alu,6,354.67,0.2,1702.42,584.8,4
2024-12-06,Amiens,Magasin,Électroménager,Cafetière,8,392.24,0.0,3137.92,1716.48,475
2024-12-06,Amiens,Magasin,Bricolage,Boîte à outils,6,83.21,0.0,499.26,137.94,189
2024-12-06,Amiens,Magasin,Sport,Vélo VTT,2,545.21,0.0,1090.42,469.0,283
2024-12-06,Valenciennes,Magasin,Bricolage,Tournevis set,5,636.28,0.0,3181.4,1602.2,579
2024-12-06,Tourcoing,Magasin,Sport,Tapis yoga,5,658.36,0.0,3291.8,1763.55,388
2024-12-06,Lille,Magasin,Maison,Lampe LED,9,134.22,0.2,966.38,372.92,442
2024-12-06,Lille,Magasin,Sport,Tapis yoga,8,658.36,0.0,5266.88,2821.68,511
2024-12-06,Roubaix,Magasin,Électroménager,Aspirateur,4,191.18,0.0,764.72,386.2,185
2024-12-06,Valenciennes,Magasin,Bricolage,Tournevis set,9,636.28,0.0,5726.52,2883.96,335
2024-12-06,Roubaix,Magasin,Mode,Pull laine,6,884.49,0.0,5306.94,2976.36,351
2024-12-06,Lille,Magasin,Sport,Chaussures running,9,569.53,0.0,5125.77,2791.8,395
2024-12-07,Roubaix,Magasin,Électroménager,Bouilloire,4,726.04,0.0,2904.16,1569.2,569
2024-12-07,Roubaix,Magasin,Maison,Canapé 3 places,1,246.23,0.0,246.23,56.88,79
2024-12-07,En ligne,E-commerce,Sport,Tapis yoga,1,658.36,0.0,658.36,352.71,71
2024-12-07,Roubaix,Magasin,Mode,Baskets ville,3,460.51,0.0,1381.53,444.15,480
2024-12-07,Amiens,Magasin,Bricolage,Peinture 5L,2,609.0,0.0,1218.0,650.92,256
2024-12-07,Lille,Magasin,Bricolage,Peinture 5L,3,609.0,0.0,1827.0,976.38,92
2024-12-07,Lille,Magasin,Électroménager,Robot cuiseur,3,249.97,0.05,712.41,238.26,77
2024-12-07,Valenciennes,Magasin,Électroménager,Aspirateur,1,191.18,0.0,191.18,96.55,483
2024-12-07,Amiens,Magasin,Maison,Set casseroles,3,706.85,0.0,2120.55,1223.01,383
2024-12-07,Valenciennes,Magasin,Électroménager,Bouilloire,3,726.04,0.0,2178.12,1176.9,100
2024-12-07,Amiens,Magasin,Maison,Rideau occultant,1,101.21,0.2,80.97,24.65,219
2024-12-07,En ligne,E-commerce,Maison,Lampe LED,5,134.22,0.0,671.1,341.4,329
2024-12-07,Lille,Magasin,Sport,Tapis yoga,2,658.36,0.0,1316.72,705.42,171
2024-12-07,Valenciennes,Magasin,Électroménager,Aspirateur,4,191.18,0.05,726.48,347.96,50
2024-12-07,Amiens,Magasin,Électroménager,Robot cuiseur,6,249.97,0.0,1499.82,551.52,10
2024-12-07,Amiens,Magasin,Sport,Maillot bain,8,350.77,0.0,2806.16,1594.4,9
2024-12-07,Amiens,Magasin,Sport,Chaussures running,5,569.53,0.0,2847.65,1551.0,387
2024-12-07,Tourcoing,Magasin,Bricolage,Peinture 5L,2,609.0,0.05,1157.1,590.02,433
2024-12-08,Valenciennes,Magasin,Mode,Pull laine,3,884.49,0.0,2653.47,1488.18,596
2024-12-08,Lille,Magasin,Sport,Chaussures running,3,569.53,0.0,1708.59,930.6,560
2024-12-08,En ligne,E-commerce,Sport,Tapis yoga,2,658.36,0.05,1250.88,639.58,55
2024-12-08,En ligne,E-commerce,Électroménager,Micro-ondes,10,453.16,0.0,4531.6,1715.6,376
2024-12-08,En ligne,E-commerce,Mode,Baskets ville,8,460.51,0.05,3499.88,1000.2,92
2024-12-08,Valenciennes,Magasin,Électroménager,Robot cuiseur,7,249.97,0.0,1749.79,643.44,316
2024-12-08,Lille,Magasin,Sport,Chaussures running,2,569.53,0.0,1139.06,620.4,20
2024-12-08,En ligne,E-commerce,Maison,Lampe LED,9,134.22,0.0,1207.98,614.52,534
2024-12-08,Dunkerque,Magasin,Mode,Pull laine,10,884.49,0.0,8844.9,4960.6,407
2024-12-08,Dunkerque,Magasin,Mode,Pull laine,7,884.49,0.0,6191.43,3472.42,256
2024-12-08,Roubaix,Magasin,Maison,Lampe LED,6,134.22,0.0,805.32,409.68,557
2024-12-08,Amiens,Magasin,Mode,Robe été,2,296.52,0.0,593.04,144.92,139
2024-12-08,Lille,Magasin,Électroménager,Bouilloire,3,726.04,0.0,2178.12,1176.9,334
2024-12-08,Dunkerque,Magasin,Maison,Lampe LED,3,134.22,0.1,362.39,164.57,172
2024-12-08,Amiens,Magasin,Maison,Rideau occultant,3,101.21,0.0,303.63,134.67,512
2024-12-08,Roubaix,Magasin,Bricolage,Perceuse,6,105.66,0.05,602.26,98.5,529
2024-12-08,Amiens,Magasin,Maison,Set casseroles,2,706.85,0.0,1413.7,815.34,518
2024-12-08,Tourcoing,Magasin,Mode,Veste hiver,5,655.99,0.0,3279.95,1620.4,569
2024-12-08,Dunkerque,Magasin,Mode,Pull laine,2,884.49,0.0,1768.98,992.12,209
2024-12-09,En ligne,E-commerce,Électroménager,Micro-ondes,8,453.16,0.1,3262.75,1009.95,588
2024-12-09,Roubaix,Magasin,Mode,Jean homme,7,272.27,0.0,1905.89,644.84,322
2024-12-09,Lille,Magasin,Sport,Maillot bain,4,350.77,0.0,1403.08,797.2,440
2024-12-09,Roubaix,Magasin,Bricolage,Tournevis set,3,636.28,0.05,1813.4,865.88,434
2024-12-09,Amiens,Magasin,Électroménager,Aspirateur,3,191.18,0.0,573.54,289.65,319
2024-12-09,Amiens,Magasin,Électroménager,Micro-ondes,2,453.16,0.0,906.32,343.12,175
2024-12-09,Amiens,Magasin,Maison,Lampe LED,2,134.22,0.0,268.44,136.56,390
2024-12-09,En ligne,E-commerce,Électroménager,Robot cuiseur,7,249.97,0.0,1749.79,643.44,461
2024-12-09,Roubaix,Magasin,Bricolage,Tournevis set,3,636.28,0.0,1908.84,961.32,115
2024-12-09,Lille,Magasin,Électroménager,Bouilloire,1,726.04,0.0,726.04,392.3,184
2024-12-09,Amiens,Magasin,Sport,Haltères 10kg,2,98.3,0.0,196.6,85.4,26
2024-12-09,Dunkerque,Magasin,Mode,Veste hiver,6,655.99,0.0,3935.94,1944.48,201
2024-12-09,Roubaix,Magasin,Électroménager,Micro-ondes,6,453.16,0.0,2718.96,1029.36,400
2024-12-10,En ligne,E-commerce,Électroménager,Aspirateur,8,191.18,0.0,1529.44,772.4,317
2024-12-10,Dunkerque,Magasin,Maison,Lampe LED,5,134.22,0.0,671.1,341.4,279
2024-12-10,Dunkerque,Magasin,Bricolage,Perceuse,8,105.66,0.0,845.28,173.6,178
2024-12-10,En ligne,E-commerce,Électroménager,Micro-ondes,1,453.16,0.0,453.16,171.56,119
2024-12-10,Valenciennes,Magasin,Mode,Jean homme,4,272.27,0.0,1089.08,368.48,324
2024-12-10,Amiens,Magasin,Bricolage,Boîte à outils,5,83.21,0.0,416.05,114.95,211
2024-12-10,Dunkerque,Magasin,Électroménager,Réfrigérateur,4,387.37,0.0,1549.48,451.12,371
2024-12-10,En ligne,E-commerce,Maison,Étagère bois,8,279.59,0.0,2236.72,712.96,383
2024-12-10,En ligne,E-commerce,Sport,Raquette tennis,7,706.19,0.0,4943.33,2534.28,563
2024-12-10,Dunkerque,Magasin,Électroménager,Robot cuiseur,2,249.97,0.0,499.94,183.84,359
2024-12-10,Dunkerque,Magasin,Mode,Pull laine,5,884.49,0.0,4422.45,2480.3,458
2024-12-10,Dunkerque,Magasin,Sport,Haltères 10kg,6,98.3,0.0,589.8,256.2,318
2024-12-10,Dunkerque,Magasin,Électroménager,Bouilloire,1,726.04,0.0,726.04,392.3,251
2024-12-11,Lille,Magasin,Sport,Tapis yoga,9,658.36,0.1,5332.72,2581.87,183
2024-12-11,Amiens,Magasin,Bricolage,Perceuse,6,105.66,0.0,633.96,130.2,258
2024-12-11,Roubaix,Magasin,Sport,Haltères 10kg,2,98.3,0.0,196.6,85.4,416
2024-12-11,Lille,Magasin,Sport,Raquette tennis,1,706.19,0.0,706.19,362.04,278
2024-12-11,Amiens,Magasin,Maison,Couette 220x240,5,224.09,0.0,1120.45,451.95,15
2024-12-11,Valenciennes,Magasin,Sport,Chaussures running,5,569.53,0.0,2847.65,1551.0,595
2024-12-11,En ligne,E-commerce,Sport,Chaussures running,6,569.53,0.0,3417.18,1861.2,441
2024-12-11,Lille,Magasin,Électroménager,Bouilloire,5,726.04,0.0,3630.2,1961.5,30
2024-12-11,Lille,Magasin,Mode,Jean homme,6,272.27,0.0,1633.62,552.72,515
2024-12-11,Roubaix,Magasin,Électroménager,Robot cuiseur,3,249.97,0.0,749.91,275.76,368
2024-12-11,Lille,Magasin,Bricolage,Échelle alu,9,354.67,0.05,3032.43,1356.0,280
2024-12-11,Dunkerque,Magasin,Sport,Haltères 10kg,6,98.3,0.0,589.8,256.2,253
2024-12-11,Dunkerque,Magasin,Électroménager,Aspirateur,7,191.18,0.0,1338.26,675.85,245
2024-12-11,En ligne,E-commerce,Bricolage,Tournevis set,6,636.28,0.0,3817.68,1922.64,163
2024-12-11,Roubaix,Magasin,Électroménager,Robot cuiseur,4,249.97,0.0,999.88,367.68,292
2024-12-11,Roubaix,Magasin,Électroménager,Robot cuiseur,2,249.97,0.0,499.94,183.84,507
2024-12-11,Valenciennes,Magasin,Mode,T-shirt coton,3,504.67,0.0,1514.01,600.69,560
2024-12-11,Dunkerque,Magasin,Électroménager,Micro-ondes,2,453.16,0.0,906.32,343.12,448
2024-12-11,En ligne,E-commerce,Mode,Veste hiver,4,655.99,0.0,2623.96,1296.32,547
2024-12-12,Roubaix,Magasin,Maison,Étagère bois,8,279.59,0.0,2236.72,712.96,445
2024-12-12,Valenciennes,Magasin,Maison,Couette 220x240,4,224.09,0.0,896.36,361.56,27
2024-12-12,Valenciennes,Magasin,Mode,Baskets ville,2,460.51,0.0,921.02,296.1,509
2024-12-12,Tourcoing,Magasin,Maison,Étagère bois,8,279.59,0.0,2236.72,712.96,177
2024-12-12,Dunkerque,Magasin,Bricolage,Tournevis set,4,636.28,0.0,2545.12,1281.76,376
2024-12-12,Dunkerque,Magasin,Maison,Set casseroles,4,706.85,0.0,2827.4,1630.68,418
2024-12-12,En ligne,E-commerce,Mode,Jean homme,6,272.27,0.0,1633.62,552.72,506
2024-12-12,Dunkerque,Magasin,Maison,Set casseroles,2,706.85,0.0,1413.7,815.34,176
2024-12-12,Lille,Magasin,Maison,Étagère bois,5,279.59,0.0,1397.95,445.6,467
2024-12-12,Tourcoing,Magasin,Sport,Chaussures running,6,569.53,0.1,3075.46,1519.48,429
2024-12-12,Roubaix,Magasin,Maison,Set casseroles,5,706.85,0.0,3534.25,2038.35,194
2024-12-12,Lille,Magasin,Bricolage,Peinture 5L,3,609.0,0.0,1827.0,976.38,267
2024-12-12,Lille,Magasin,Sport,Ballon foot,10,100.1,0.0,1001.0,579.0,56
2024-12-12,Amiens,Magasin,Maison,Rideau occultant,9,101.21,0.0,910.89,404.01,526
2024-12-12,Dunkerque,Magasin,Mode,Baskets ville,7,460.51,0.0,3223.57,1036.35,462
2024-12-12,En ligne,E-commerce,Mode,Jean homme,3,272.27,0.05,775.97,235.52,462
2024-12-12,Roubaix,Magasin,Bricolage,Boîte à outils,10,83.21,0.0,832.1,229.9,541
2024-12-12,Roubaix,Magasin,Bricolage,Boîte à outils,2,83.21,0.0,166.42,45.98,289
2024-12-13,Tourcoing,Magasin,Sport,Raquette tennis,7,706.19,0.05,4696.16,2287.11,238
2024-12-13,Roubaix,Magasin,Électroménager,Réfrigérateur,4,387.37,0.0,1549.48,451.12,265
2024-12-13,Roubaix,Magasin,Sport,Raquette tennis,5,706.19,0.2,2824.76,1104.01,521
2024-12-13,Lille,Magasin,Maison,Set casseroles,6,706.85,0.0,4241.1,2446.02,323
2024-12-13,Valenciennes,Magasin,Sport,Vélo VTT,6,545.21,0.0,3271.26,1407.0,50
2024-12-13,Tourcoing,Magasin,Sport,Maillot bain,6,350.77,0.0,2104.62,1195.8,142
2024-12-13,Dunkerque,Magasin,Maison,Rideau occultant,3,101.21,0.0,303.63,134.67,241
2024-12-13,Roubaix,Magasin,Électroménager,Robot cuiseur,9,249.97,0.0,2249.73,827.28,106
2024-12-13,En ligne,E-commerce,Sport,Chaussures running,9,569.53,0.0,5125.77,2791.8,560
2024-12-13,Dunkerque,Magasin,Mode,Jean homme,6,272.27,0.0,1633.62,552.72,575
2024-12-13,Tourcoing,Magasin,Électroménager,Bouilloire,9,726.04,0.0,6534.36,3530.7,279
2024-12-13,Amiens,Magasin,Bricolage,Tournevis set,3,636.28,0.0,1908.84,961.32,575
2024-12-13,Valenciennes,Magasin,Sport,Raquette tennis,6,706.19,0.0,4237.14,2172.24,227
2024-12-14,Amiens,Magasin,Électroménager,Bouilloire,7,726.04,0.0,5082.28,2746.1,119
2024-12-14,Lille,Magasin,Sport,Chaussures running,6,569.53,0.0,3417.18,1861.2,286
2024-12-14,En ligne,E-commerce,Bricolage,Peinture 5L,7,609.0,0.0,4263.0,2278.22,131
2024-12-14,En ligne,E-commerce,Mode,T-shirt coton,2,504.67,0.0,1009.34,400.46,287
2024-12-14,Amiens,Magasin,Maison,Canapé 3 places,4,246.23,0.0,984.92,227.52,377
2024-12-14,Lille,Magasin,Sport,Ballon foot,9,100.1,0.0,900.9,521.1,365
2024-12-14,Roubaix,Magasin,Bricolage,Échelle alu,6,354.67,0.0,2128.02,1010.4,45
2024-12-14,Roubaix,Magasin,Sport,Vélo VTT,2,545.21,0.0,1090.42,469.0,451
2024-12-14,Valenciennes,Magasin,Bricolage,Boîte à outils,4,83.21,0.0,332.84,91.96,362
2024-12-15,Roubaix,Magasin,Mode,Robe été,4,296.52,0.2,948.86,52.62,393
2024-12-15,En ligne,E-commerce,Bricolage,Boîte à outils,1,83.21,0.0,83.21,22.99,53
2024-12-15,Valenciennes,Magasin,Maison,Couette 220x240,5,224.09,0.0,1120.45,451.95,538
2024-12-15,Roubaix,Magasin,Électroménager,Bouilloire,6,726.04,0.0,4356.24,2353.8,59
2024-12-15,Lille,Magasin,Électroménager,Aspirateur,4,191.18,0.0,764.72,386.2,595
2024-12-15,Dunkerque,Magasin,Sport,Vélo VTT,5,545.21,0.0,2726.05,1172.5,57
2024-12-15,En ligne,E-commerce,Électroménager,Cafetière,8,392.24,0.0,3137.92,1716.48,63
2024-12-15,Roubaix,Magasin,Électroménager,Cafetière,7,392.24,0.0,2745.68,1501.92,86
2024-12-15,Dunkerque,Magasin,Électroménager,Bouilloire,5,726.04,0.0,3630.2,1961.5,437
2024-12-15,Dunkerque,Magasin,Électroménager,Réfrigérateur,9,387.37,0.05,3312.01,840.7,446
2024-12-15,Roubaix,Magasin,Mode,Robe été,4,296.52,0.0,1186.08,289.84,437
2024-12-15,Valenciennes,Magasin,Sport,Maillot bain,2,350.77,0.0,701.54,398.6,325
2024-12-15,Lille,Magasin,Mode,Baskets ville,10,460.51,0.0,4605.1,1480.5,327
2024-12-15,Amiens,Magasin,Bricolage,Tournevis set,1,636.28,0.0,636.28,320.44,186
2024-12-15,Tourcoing,Magasin,Électroménager,Aspirateur,2,191.18,0.0,382.36,193.1,440
2024-12-15,Lille,Magasin,Électroménager,Micro-ondes,8,453.16,0.0,3625.28,1372.48,582
2024-12-16,Roubaix,Magasin,Électroménager,Bouilloire,2,726.04,0.0,1452.08,784.6,136
2024-12-16,Lille,Magasin,Maison,Couette 220x240,6,224.09,0.0,1344.54,542.34,464
2024-12-16,Tourcoing,Magasin,Maison,Canapé 3 places,4,246.23,0.1,886.43,129.03,259
2024-12-16,En ligne,E-commerce,Électroménager,Bouilloire,6,726.04,0.0,4356.24,2353.8,362
2024-12-16,En ligne,E-commerce,Maison,Rideau occultant,7,101.21,0.1,637.62,243.38,172
2024-12-16,Tourcoing,Magasin,Maison,Canapé 3 places,3,246.23,0.05,701.76,133.71,398
2024-12-16,Amiens,Magasin,Maison,Étagère bois,8,279.59,0.0,2236.72,712.96,500
2024-12-16,Roubaix,Magasin,Électroménager,Cafetière,3,392.24,0.0,1176.72,643.68,110
2024-12-16,Tourcoing,Magasin,Mode,Jean homme,3,272.27,0.0,816.81,276.36,395
2024-12-16,Dunkerque,Magasin,Sport,Raquette tennis,2,706.19,0.1,1271.14,582.84,524
2024-12-16,Lille,Magasin,Mode,Robe été,4,296.52,0.0,1186.08,289.84,314
2024-12-16,En ligne,E-commerce,Bricolage,Tournevis set,3,636.28,0.0,1908.84,961.32,362
2024-12-16,Dunkerque,Magasin,Bricolage,Échelle alu,2,354.67,0.0,709.34,336.8,81
2024-12-16,Lille,Magasin,Électroménager,Bouilloire,4,726.04,0.0,2904.16,1569.2,139
2024-12-16,En ligne,E-commerce,Mode,Jean homme,6,272.27,0.0,1633.62,552.72,519
2024-12-16,Amiens,Magasin,Sport,Haltères 10kg,4,98.3,0.0,393.2,170.8,21
2024-12-16,Valenciennes,Magasin,Électroménager,Robot cuiseur,1,249.97,0.0,249.97,91.92,31
2024-12-16,Valenciennes,Magasin,Bricolage,Peinture 5L,3,609.0,0.0,1827.0,976.38,170
2024-12-16,Amiens,Magasin,Maison,Étagère bois,4,279.59,0.1,1006.52,244.64,290
2024-12-17,Valenciennes,Magasin,Électroménager,Micro-ondes,10,453.16,0.0,4531.6,1715.6,43
2024-12-17,Amiens,Magasin,Bricolage,Tournevis set,8,636.28,0.0,5090.24,2563.52,596
2024-12-17,Amiens,Magasin,Sport,Maillot bain,9,350.77,0.2,2525.54,1162.31,501
2024-12-17,Valenciennes,Magasin,Électroménager,Réfrigérateur,7,387.37,0.0,2711.59,789.46,519
2024-12-17,Dunkerque,Magasin,Sport,Haltères 10kg,6,98.3,0.05,560.31,226.71,436
2024-12-17,Dunkerque,Magasin,Maison,Lampe LED,8,134.22,0.2,859.01,331.49,252
2024-12-17,Roubaix,Magasin,Mode,Pull laine,1,884.49,0.0,884.49,496.06,162
2024-12-17,Roubaix,Magasin,Bricolage,Peinture 5L,2,609.0,0.0,1218.0,650.92,81
2024-12-17,Tourcoing,Magasin,Bricolage,Échelle alu,1,354.67,0.05,336.94,150.67,422
2024-12-17,En ligne,E-commerce,Mode,Veste hiver,6,655.99,0.1,3542.35,1550.89,210
2024-12-17,Dunkerque,Magasin,Maison,Set casseroles,1,706.85,0.0,706.85,407.67,126
2024-12-17,Amiens,Magasin,Mode,T-shirt coton,8,504.67,0.1,3633.62,1198.1,569
2024-12-17,Lille,Magasin,Mode,T-shirt coton,6,504.67,0.0,3028.02,1201.38,512
2024-12-17,En ligne,E-commerce,Maison,Lampe LED,2,134.22,0.05,255.02,123.14,330
2024-12-17,Amiens,Magasin,Mode,Jean homme,9,272.27,0.0,2450.43,829.08,216
2024-12-18,Lille,Magasin,Maison,Set casseroles,7,706.85,0.0,4947.95,2853.69,518
2024-12-18,Roubaix,Magasin,Sport,Vélo VTT,1,545.21,0.0,545.21,234.5,99
2024-12-18,Roubaix,Magasin,Mode,Veste hiver,6,655.99,0.05,3739.14,1747.68,50
2024-12-18,En ligne,E-commerce,Électroménager,Micro-ondes,10,453.16,0.0,4531.6,1715.6,17
2024-12-18,Lille,Magasin,Bricolage,Perceuse,9,105.66,0.1,855.85,100.21,536
2024-12-18,Tourcoing,Magasin,Sport,Ballon foot,4,100.1,0.1,360.36,191.56,476
2024-12-18,Amiens,Magasin,Mode,T-shirt coton,2,504.67,0.0,1009.34,400.46,577
2024-12-18,Tourcoing,Magasin,Mode,Robe été,7,296.52,0.0,2075.64,507.22,212
2024-12-18,Dunkerque,Magasin,Électroménager,Micro-ondes,6,453.16,0.0,2718.96,1029.36,558
2024-12-18,Amiens,Magasin,Mode,Jean homme,3,272.27,0.05,775.97,235.52,465
2024-12-18,Amiens,Magasin,Bricolage,Échelle alu,8,354.67,0.05,2695.49,1205.33,358
2024-12-18,Amiens,Magasin,Bricolage,Échelle alu,7,354.67,0.0,2482.69,1178.8,401
2024-12-18,Lille,Magasin,Mode,T-shirt coton,5,504.67,0.05,2397.18,874.98,148
2024-12-18,Dunkerque,Magasin,Bricolage,Boîte à outils,9,83.21,0.1,674.0,132.02,202
2024-12-19,Amiens,Magasin,Sport,Vélo VTT,4,545.21,0.1,1962.76,719.92,517
2024-12-19,En ligne,E-commerce,Sport,Vélo VTT,4,545.21,0.0,2180.84,938.0,261
2024-12-19,Dunkerque,Magasin,Bricolage,Tournevis set,4,636.28,0.0,2545.12,1281.76,342
2024-12-19,Roubaix,Magasin,Maison,Canapé 3 places,8,246.23,0.0,1969.84,455.04,236
2024-12-19,Lille,Magasin,Bricolage,Échelle alu,3,354.67,0.0,1064.01,505.2,552
2024-12-19,En ligne,E-commerce,Maison,Set casseroles,10,706.85,0.0,7068.5,4076.7,7
2024-12-19,Amiens,Magasin,Électroménager,Cafetière,7,392.24,0.0,2745.68,1501.92,69
2024-12-19,Tourcoing,Magasin,Maison,Étagère bois,2,279.59,0.0,559.18,178.24,242
2024-12-19,Roubaix,Magasin,Maison,Canapé 3 places,5,246.23,0.0,1231.15,284.4,295
2024-12-19,Roubaix,Magasin,Bricolage,Tournevis set,2,636.28,0.0,1272.56,640.88,362
2024-12-19,Lille,Magasin,Mode,Jean homme,8,272.27,0.0,2178.16,736.96,31
2024-12-19,Amiens,Magasin,Sport,Haltères 10kg,6,98.3,0.0,589.8,256.2,107
2024-12-19,Tourcoing,Magasin,Mode,Robe été,5,296.52,0.1,1334.34,214.04,474
2024-12-19,Tourcoing,Magasin,Bricolage,Échelle alu,6,354.67,0.0,2128.02,1010.4,501
2024-12-19,Roubaix,Magasin,Sport,Raquette tennis,1,706.19,0.0,706.19,362.04,36
2024-12-19,Lille,Magasin,Mode,Veste hiver,8,655.99,0.1,4723.13,2067.85,560
2024-12-19,Tourcoing,Magasin,Maison,Étagère bois,8,279.59,0.0,2236.72,712.96,276
2024-12-20,Valenciennes,Magasin,Sport,Chaussures running,9,569.53,0.05,4869.48,2535.51,270
2024-12-20,En ligne,E-commerce,Électroménager,Aspirateur,1,191.18,0.05,181.62,86.99,357
2024-12-20,Tourcoing,Magasin,Maison,Canapé 3 places,2,246.23,0.0,492.46,113.76,272
2024-12-20,Dunkerque,Magasin,Mode,Baskets ville,3,460.51,0.0,1381.53,444.15,298
2024-12-20,Dunkerque,Magasin,Sport,Haltères 10kg,8,98.3,0.0,786.4,341.6,159
2024-12-20,En ligne,E-commerce,Maison,Set casseroles,5,706.85,0.0,3534.25,2038.35,209
2024-12-20,Amiens,Magasin,Bricolage,Échelle alu,3,354.67,0.0,1064.01,505.2,498
2024-12-20,Tourcoing,Magasin,Électroménager,Micro-ondes,2,453.16,0.0,906.32,343.12,397
2024-12-20,Roubaix,Magasin,Mode,Veste hiver,2,655.99,0.0,1311.98,648.16,407
2024-12-20,Roubaix,Magasin,Électroménager,Réfrigérateur,2,387.37,0.0,774.74,225.56,239
2024-12-20,Dunkerque,Magasin,Sport,Vélo VTT,8,545.21,0.0,4361.68,1876.0,475
2024-12-21,Dunkerque,Magasin,Électroménager,Bouilloire,8,726.04,0.0,5808.32,3138.4,321
2024-12-21,Lille,Magasin,Sport,Haltères 10kg,9,98.3,0.0,884.7,384.3,93
2024-12-21,Lille,Magasin,Bricolage,Tournevis set,1,636.28,0.0,636.28,320.44,345
2024-12-21,Lille,Magasin,Bricolage,Boîte à outils,3,83.21,0.0,249.63,68.97,462
2024-12-21,Roubaix,Magasin,Sport,Haltères 10kg,1,98.3,0.0,98.3,42.7,511
2024-12-21,Roubaix,Magasin,Mode,Pull laine,5,884.49,0.0,4422.45,2480.3,551
2024-12-21,Dunkerque,Magasin,Bricolage,Tournevis set,1,636.28,0.0,636.28,320.44,573
2024-12-21,Roubaix,Magasin,Bricolage,Boîte à outils,4,83.21,0.0,332.84,91.96,435
2024-12-21,Lille,Magasin,Bricolage,Échelle alu,8,354.67,0.0,2837.36,1347.2,355
2024-12-21,Lille,Magasin,Maison,Set casseroles,5,706.85,0.0,3534.25,2038.35,199
2024-12-21,Amiens,Magasin,Bricolage,Peinture 5L,2,609.0,0.2,974.4,407.32,181
2024-12-21,Valenciennes,Magasin,Sport,Raquette tennis,4,706.19,0.1,2542.28,1165.68,457
2024-12-21,Valenciennes,Magasin,Sport,Maillot bain,7,350.77,0.0,2455.39,1395.1,440
2024-12-21,Amiens,Magasin,Mode,Veste hiver,1,655.99,0.0,655.99,324.08,227
2024-12-21,En ligne,E-commerce,Bricolage,Peinture 5L,7,609.0,0.05,4049.85,2065.07,596
2024-12-21,Roubaix,Magasin,Électroménager,Bouilloire,6,726.04,0.0,4356.24,2353.8,494
2024-12-21,Lille,Magasin,Sport,Vélo VTT,6,545.21,0.0,3271.26,1407.0,131
2024-12-21,Lille,Magasin,Sport,Vélo VTT,3,545.21,0.0,1635.63,703.5,516
2024-12-21,Amiens,Magasin,Bricolage,Tournevis set,1,636.28,0.0,636.28,320.44,351
2024-12-21,Tourcoing,Magasin,Mode,Veste hiver,3,655.99,0.0,1967.97,972.24,249
2024-12-21,Dunkerque,Magasin,Sport,Ballon foot,7,100.1,0.0,700.7,405.3,391
2024-12-22,Valenciennes,Magasin,Électroménager,Bouilloire,3,726.04,0.05,2069.21,1067.99,228
2024-12-22,Lille,Magasin,Maison,Canapé 3 places,4,246.23,0.0,984.92,227.52,23
2024-12-22,Tourcoing,Magasin,Électroménager,Réfrigérateur,3,387.37,0.0,1162.11,338.34,123
2024-12-22,Valenciennes,Magasin,Électroménager,Bouilloire,10,726.04,0.0,7260.4,3923.0,510
2024-12-22,Roubaix,Magasin,Maison,Set casseroles,6,706.85,0.0,4241.1,2446.02,422
2024-12-22,Tourcoing,Magasin,Mode,Jean homme,2,272.27,0.0,544.54,184.24,546
2024-12-22,Lille,Magasin,Bricolage,Tournevis set,2,636.28,0.0,1272.56,640.88,63
2024-12-22,Dunkerque,Magasin,Sport,Ballon foot,5,100.1,0.0,500.5,289.5,321
2024-12-22,Lille,Magasin,Bricolage,Boîte à outils,2,83.21,0.0,166.42,45.98,215
2024-12-23,Roubaix,Magasin,Mode,Jean homme,4,272.27,0.0,1089.08,368.48,18
2024-12-23,Lille,Magasin,Mode,Jean homme,1,272.27,0.0,272.27,92.12,180
2024-12-23,Lille,Magasin,Électroménager,Bouilloire,8,726.04,0.0,5808.32,3138.4,121
2024-12-23,Tourcoing,Magasin,Sport,Chaussures running,4,569.53,0.0,2278.12,1240.8,572
2024-12-23,Lille,Magasin,Maison,Canapé 3 places,4,246.23,0.1,886.43,129.03,554
2024-12-23,Lille,Magasin,Sport,Haltères 10kg,6,98.3,0.0,589.8,256.2,566
2024-12-23,Roubaix,Magasin,Électroménager,Bouilloire,4,726.04,0.0,2904.16,1569.2,57
2024-12-23,Tourcoing,Magasin,Électroménager,Bouilloire,10,726.04,0.0,7260.4,3923.0,439
2024-12-23,En ligne,E-commerce,Électroménager,Robot cuiseur,7,249.97,0.0,1749.79,643.44,77
2024-12-23,Tourcoing,Magasin,Sport,Tapis yoga,3,658.36,0.1,1777.57,860.62,388
2024-12-23,Valenciennes,Magasin,Mode,Baskets ville,1,460.51,0.0,460.51,148.05,104
2024-12-23,Lille,Magasin,Mode,T-shirt coton,7,504.67,0.0,3532.69,1401.61,293
2024-12-23,Tourcoing,Magasin,Bricolage,Peinture 5L,5,609.0,0.0,3045.0,1627.3,12
2024-12-23,Roubaix,Magasin,Maison,Canapé 3 places,6,246.23,0.0,1477.38,341.28,459
2024-12-23,Lille,Magasin,Électroménager,Micro-ondes,9,453.16,0.0,4078.44,1544.04,276
2024-12-23,Lille,Magasin,Électroménager,Aspirateur,4,191.18,0.0,764.72,386.2,180
2024-12-23,Lille,Magasin,Maison,Lampe LED,3,134.22,0.0,402.66,204.84,52
2024-12-23,Lille,Magasin,Maison,Étagère bois,8,279.59,0.0,2236.72,712.96,515
2024-12-23,Amiens,Magasin,Bricolage,Tournevis set,2,636.28,0.0,1272.56,640.88,430
2024-12-23,Lille,Magasin,Maison,Set casseroles,7,706.85,0.0,4947.95,2853.69,226
2024-12-24,Lille,Magasin,Maison,Couette 220x240,7,224.09,0.0,1568.63,632.73,529
2024-12-24,Dunkerque,Magasin,Sport,Chaussures running,1,569.53,0.0,569.53,310.2,329
2024-12-24,Dunkerque,Magasin,Mode,Veste hiver,5,655.99,0.0,3279.95,1620.4,335
2024-12-24,Tourcoing,Magasin,Bricolage,Tournevis set,5,636.28,0.0,3181.4,1602.2,543
2024-12-24,Lille,Magasin,Électroménager,Réfrigérateur,6,387.37,0.0,2324.22,676.68,590
2024-12-24,Lille,Magasin,Sport,Maillot bain,3,350.77,0.0,1052.31,597.9,258
2024-12-24,En ligne,E-commerce,Sport,Vélo VTT,5,545.21,0.0,2726.05,1172.5,69
2024-12-24,Amiens,Magasin,Sport,Vélo VTT,6,545.21,0.0,3271.26,1407.0,429
2024-12-24,En ligne,E-commerce,Sport,Raquette tennis,8,706.19,0.0,5649.52,2896.32,2
2024-12-24,Tourcoing,Magasin,Sport,Chaussures running,6,569.53,0.0,3417.18,1861.2,227
2024-12-24,Roubaix,Magasin,Mode,T-shirt coton,3,504.67,0.0,1514.01,600.69,491
2024-12-24,Amiens,Magasin,Sport,Ballon foot,3,100.1,0.0,300.3,173.7,541
2024-12-24,Dunkerque,Magasin,Électroménager,Bouilloire,2,726.04,0.0,1452.08,784.6,215
2024-12-24,Dunkerque,Magasin,Sport,Maillot bain,1,350.77,0.0,350.77,199.3,8
2024-12-24,Dunkerque,Magasin,Maison,Set casseroles,2,706.85,0.0,1413.7,815.34,474
2024-12-24,Lille,Magasin,Bricolage,Peinture 5L,1,609.0,0.0,609.0,325.46,520
2024-12-24,Lille,Magasin,Mode,T-shirt coton,6,504.67,0.0,3028.02,1201.38,336
2024-12-24,Roubaix,Magasin,Mode,Veste hiver,2,655.99,0.0,1311.98,648.16,15
2024-12-24,Valenciennes,Magasin,Sport,Tapis yoga,7,658.36,0.1,4147.67,2008.12,382
2024-12-24,Lille,Magasin,Mode,Veste hiver,7,655.99,0.0,4591.93,2268.56,176
2024-12-24,Lille,Magasin,Bricolage,Échelle alu,7,354.67,0.2,1986.15,682.26,68
2024-12-24,Dunkerque,Magasin,Mode,Baskets ville,8,460.51,0.0,3684.08,1184.4,21
2024-12-24,En ligne,E-commerce,Électroménager,Micro-ondes,6,453.16,0.0,2718.96,1029.36,438
2024-12-24,En ligne,E-commerce,Maison,Rideau occultant,4,101.21,0.0,404.84,179.56,264
2024-12-24,Tourcoing,Magasin,Mode,Pull laine,4,884.49,0.0,3537.96,1984.24,461
2024-12-24,Lille,Magasin,Maison,Couette 220x240,4,224.09,0.0,896.36,361.56,334
2024-12-24,Lille,Magasin,Maison,Étagère bois,8,279.59,0.0,2236.72,712.96,89
2024-12-24,Lille,Magasin,Mode,T-shirt coton,5,504.67,0.1,2271.02,748.82,52
2024-12-25,Dunkerque,Magasin,Électroménager,Robot cuiseur,2,249.97,0.0,499.94,183.84,358
2024-12-25,Lille,Magasin,Maison,Lampe LED,4,134.22,0.1,483.19,219.43,135
2024-12-25,En ligne,E-commerce,Bricolage,Tournevis set,2,636.28,0.0,1272.56,640.88,126
2024-12-25,Roubaix,Magasin,Sport,Raquette tennis,3,706.19,0.2,1694.86,662.41,144
2024-12-25,Dunkerque,Magasin,Bricolage,Perceuse,4,105.66,0.0,422.64,86.8,510
2024-12-25,Lille,Magasin,Maison,Couette 220x240,9,224.09,0.0,2016.81,813.51,350
2024-12-25,Lille,Magasin,Bricolage,Boîte à outils,3,83.21,0.2,199.7,19.04,561
2024-12-25,Amiens,Magasin,Électroménager,Robot cuiseur,7,249.97,0.0,1749.79,643.44,347
2024-12-25,Tourcoing,Magasin,Sport,Chaussures running,8,569.53,0.0,4556.24,2481.6,14
2024-12-25,En ligne,E-commerce,Mode,Veste hiver,6,655.99,0.2,3148.75,1157.29,207
2024-12-25,Roubaix,Magasin,Maison,Lampe LED,6,134.22,0.0,805.32,409.68,240
2024-12-25,Tourcoing,Magasin,Électroménager,Bouilloire,2,726.04,0.0,1452.08,784.6,248
2024-12-25,Lille,Magasin,Mode,T-shirt coton,1,504.67,0.0,504.67,200.23,359
2024-12-25,Tourcoing,Magasin,Mode,T-shirt coton,2,504.67,0.0,1009.34,400.46,121
2024-12-25,Valenciennes,Magasin,Mode,Baskets ville,1,460.51,0.05,437.48,125.02,255
2024-12-25,Amiens,Magasin,Maison,Couette 220x240,8,224.09,0.0,1792.72,723.12,589
2024-12-25,Roubaix,Magasin,Bricolage,Tournevis set,2,636.28,0.1,1145.3,513.62,433
2024-12-25,En ligne,E-commerce,Sport,Vélo VTT,4,545.21,0.0,2180.84,938.0,397
2024-12-25,Amiens,Magasin,Bricolage,Tournevis set,3,636.28,0.0,1908.84,961.32,216
2024-12-26,Lille,Magasin,Électroménager,Robot cuiseur,3,249.97,0.0,749.91,275.76,442
2024-12-26,Valenciennes,Magasin,Maison,Lampe LED,8,134.22,0.2,859.01,331.49,390
2024-12-26,Dunkerque,Magasin,Maison,Set casseroles,7,706.85,0.0,4947.95,2853.69,214
2024-12-26,Valenciennes,Magasin,Électroménager,Micro-ondes,7,453.16,0.0,3172.12,1200.92,151
2024-12-26,Amiens,Magasin,Maison,Set casseroles,4,706.85,0.0,2827.4,1630.68,404
2024-12-26,Dunkerque,Magasin,Mode,Jean homme,2,272.27,0.0,544.54,184.24,449
2024-12-26,En ligne,E-commerce,Électroménager,Cafetière,2,392.24,0.05,745.26,389.9,333
2024-12-26,Lille,Magasin,Mode,Veste hiver,6,655.99,0.0,3935.94,1944.48,47
2024-12-26,Valenciennes,Magasin,Mode,Veste hiver,7,655.99,0.0,4591.93,2268.56,414
2024-12-27,Roubaix,Magasin,Électroménager,Aspirateur,3,191.18,0.05,544.86,260.97,34
2024-12-27,Tourcoing,Magasin,Mode,Veste hiver,3,655.99,0.0,1967.97,972.24,485
2024-12-27,Roubaix,Magasin,Sport,Tapis yoga,6,658.36,0.1,3555.14,1721.24,103
2024-12-27,Roubaix,Magasin,Électroménager,Micro-ondes,8,453.16,0.0,3625.28,1372.48,437
2024-12-27,Amiens,Magasin,Mode,Veste hiver,6,655.99,0.0,3935.94,1944.48,170
2024-12-27,Dunkerque,Magasin,Bricolage,Tournevis set,8,636.28,0.0,5090.24,2563.52,220
2024-12-27,Lille,Magasin,Sport,Ballon foot,6,100.1,0.1,540.54,287.34,510
2024-12-27,Valenciennes,Magasin,Sport,Raquette tennis,2,706.19,0.0,1412.38,724.08,257
2024-12-27,Dunkerque,Magasin,Sport,Raquette tennis,8,706.19,0.05,5367.04,2613.84,426
2024-12-27,Dunkerque,Magasin,Bricolage,Perceuse,3,105.66,0.0,316.98,65.1,136
2024-12-27,Dunkerque,Magasin,Électroménager,Robot cuiseur,7,249.97,0.0,1749.79,643.44,134
2024-12-27,Roubaix,Magasin,Sport,Raquette tennis,5,706.19,0.0,3530.95,1810.2,454
2024-12-27,Tourcoing,Magasin,Maison,Rideau occultant,3,101.21,0.0,303.63,134.67,217
2024-12-27,Lille,Magasin,Bricolage,Tournevis set,1,636.28,0.0,636.28,320.44,423
2024-12-27,Lille,Magasin,Sport,Vélo VTT,5,545.21,0.0,2726.05,1172.5,311
2024-12-28,Lille,Magasin,Bricolage,Boîte à outils,7,83.21,0.0,582.47,160.93,432
2024-12-28,En ligne,E-commerce,Électroménager,Cafetière,8,392.24,0.0,3137.92,1716.48,405
2024-12-28,Roubaix,Magasin,Maison,Rideau occultant,5,101.21,0.0,506.05,224.45,471
2024-12-28,Dunkerque,Magasin,Bricolage,Échelle alu,5,354.67,0.0,1773.35,842.0,41
2024-12-28,Amiens,Magasin,Mode,Veste hiver,10,655.99,0.0,6559.9,3240.8,149
2024-12-28,Roubaix,Magasin,Mode,Baskets ville,7,460.51,0.0,3223.57,1036.35,208
2024-12-28,Roubaix,Magasin,Sport,Haltères 10kg,8,98.3,0.0,786.4,341.6,43
2024-12-28,Roubaix,Magasin,Mode,T-shirt coton,6,504.67,0.0,3028.02,1201.38,441
2024-12-28,Roubaix,Magasin,Électroménager,Robot cuiseur,10,249.97,0.0,2499.7,919.2,29
2024-12-28,Amiens,Magasin,Sport,Chaussures running,6,569.53,0.0,3417.18,1861.2,468
2024-12-28,Dunkerque,Magasin,Bricolage,Boîte à outils,7,83.21,0.0,582.47,160.93,569
2024-12-28,En ligne,E-commerce,Sport,Vélo VTT,6,545.21,0.0,3271.26,1407.0,352
2024-12-28,Amiens,Magasin,Électroménager,Micro-ondes,6,453.16,0.0,2718.96,1029.36,245
2024-12-28,Lille,Magasin,Maison,Canapé 3 places,4,246.23,0.0,984.92,227.52,274
2024-12-28,Amiens,Magasin,Mode,T-shirt coton,6,504.67,0.2,2422.42,595.78,105
2024-12-28,Tourcoing,Magasin,Électroménager,Aspirateur,3,191.18,0.0,573.54,289.65,378
2024-12-28,Roubaix,Magasin,Sport,Raquette tennis,6,706.19,0.0,4237.14,2172.24,479
2024-12-28,Amiens,Magasin,Sport,Maillot bain,1,350.77,0.05,333.23,181.76,588
2024-12-28,Roubaix,Magasin,Sport,Raquette tennis,1,706.19,0.0,706.19,362.04,143
2024-12-28,Dunkerque,Magasin,Mode,Robe été,4,296.52,0.1,1067.47,171.23,306
2024-12-29,En ligne,E-commerce,Sport,Maillot bain,7,350.77,0.1,2209.85,1149.56,544
2024-12-29,Valenciennes,Magasin,Sport,Haltères 10kg,4,98.3,0.0,393.2,170.8,312
2024-12-29,Amiens,Magasin,Bricolage,Échelle alu,1,354.67,0.0,354.67,168.4,362
2024-12-29,Roubaix,Magasin,Électroménager,Bouilloire,6,726.04,0.0,4356.24,2353.8,119
2024-12-29,En ligne,E-commerce,Sport,Maillot bain,8,350.77,0.0,2806.16,1594.4,299
2024-12-29,Roubaix,Magasin,Bricolage,Boîte à outils,7,83.21,0.0,582.47,160.93,47
2024-12-29,Lille,Magasin,Électroménager,Réfrigérateur,2,387.37,0.0,774.74,225.56,532
2024-12-29,Dunkerque,Magasin,Mode,T-shirt coton,3,504.67,0.0,1514.01,600.69,23
2024-12-29,Roubaix,Magasin,Maison,Rideau occultant,5,101.21,0.0,506.05,224.45,180
2024-12-29,Dunkerque,Magasin,Électroménager,Cafetière,6,392.24,0.0,2353.44,1287.36,124
2024-12-29,Lille,Magasin,Maison,Lampe LED,8,134.22,0.0,1073.76,546.24,160
2024-12-29,Lille,Magasin,Électroménager,Cafetière,4,392.24,0.0,1568.96,858.24,384
2024-12-29,Dunkerque,Magasin,Maison,Rideau occultant,9,101.21,0.0,910.89,404.01,134
2024-12-29,Dunkerque,Magasin,Électroménager,Robot cuiseur,7,249.97,0.0,1749.79,643.44,200
2024-12-29,Lille,Magasin,Maison,Rideau occultant,10,101.21,0.0,1012.1,448.9,210
2024-12-29,Tourcoing,Magasin,Sport,Tapis yoga,5,658.36,0.0,3291.8,1763.55,452
2024-12-29,Roubaix,Magasin,Électroménager,Micro-ondes,5,453.16,0.0,2265.8,857.8,529
2024-12-29,Lille,Magasin,Mode,Robe été,5,296.52,0.1,1334.34,214.04,109
2024-12-29,Lille,Magasin,Sport,Maillot bain,7,350.77,0.0,2455.39,1395.1,594
2024-12-30,Valenciennes,Magasin,Sport,Tapis yoga,4,658.36,0.0,2633.44,1410.84,404
2024-12-30,Lille,Magasin,Sport,Haltères 10kg,2,98.3,0.05,186.77,75.57,307
2024-12-30,Lille,Magasin,Mode,Pull laine,4,884.49,0.1,3184.16,1630.44,504
2024-12-30,Valenciennes,Magasin,Mode,Pull laine,8,884.49,0.05,6722.12,3614.68,9
2024-12-30,Tourcoing,Magasin,Mode,Baskets ville,4,460.51,0.0,1842.04,592.2,268
2024-12-30,Lille,Magasin,Mode,Pull laine,7,884.49,0.2,4953.14,2234.13,194
2024-12-30,Roubaix,Magasin,Mode,Jean homme,2,272.27,0.0,544.54,184.24,380
2024-12-30,Lille,Magasin,Sport,Chaussures running,3,569.53,0.0,1708.59,930.6,266
2024-12-30,Tourcoing,Magasin,Sport,Haltères 10kg,4,98.3,0.0,393.2,170.8,530
2024-12-30,Valenciennes,Magasin,Mode,Pull laine,10,884.49,0.05,8402.65,4518.35,7
2024-12-30,Lille,Magasin,Maison,Étagère bois,6,279.59,0.0,1677.54,534.72,279
2024-12-30,Roubaix,Magasin,Maison,Rideau occultant,7,101.21,0.0,708.47,314.23,371
2024-12-30,Lille,Magasin,Mode,Veste hiver,2,655.99,0.0,1311.98,648.16,213
2024-12-30,Lille,Magasin,Électroménager,Robot cuiseur,6,249.97,0.0,1499.82,551.52,515
2024-12-30,Dunkerque,Magasin,Électroménager,Réfrigérateur,8,387.37,0.0,3098.96,902.24,574
2024-12-30,Lille,Magasin,Sport,Vélo VTT,4,545.21,0.0,2180.84,938.0,92
2024-12-30,Roubaix,Magasin,Bricolage,Perceuse,2,105.66,0.0,211.32,43.4,457
2024-12-30,Tourcoing,Magasin,Maison,Rideau occultant,8,101.21,0.1,728.71,278.15,435
2024-12-30,Valenciennes,Magasin,Sport,Raquette tennis,5,706.19,0.0,3530.95,1810.2,230
2024-12-30,Dunkerque,Magasin,Électroménager,Robot cuiseur,1,249.97,0.0,249.97,91.92,318
2024-12-30,Dunkerque,Magasin,Maison,Canapé 3 places,4,246.23,0.0,984.92,227.52,194
2024-12-30,Dunkerque,Magasin,Mode,Baskets ville,8,460.51,0.2,2947.26,447.58,413
2024-12-30,Dunkerque,Magasin,Bricolage,Peinture 5L,1,609.0,0.05,578.55,295.01,66
