id,raison_sociale,pays_declare,numero_tva,date_saisie,source_saisie
1,Nord Technologies GmbH,DK,DK73224645,2025-07-27,portail_client
2,Solaris Technologies SARL,PT,PT787327239,2024-03-29,reprise_erp
3,Verso Consulting NV,LU,LU71043234,2024-02-16,crm
4,Lumen Distribution Sp. z o.o.,SE,SE.751298146001,2024-02-27,import_fournisseur
5,Textil Services Oy,NL,NL505862176B88,2025-04-14,crm
6,Kappa Logistics AB,DK,DK61530843,2025-01-14,import_fournisseur
7,Textil Services Oy,NL,  NL505862176B88 ,2024-10-14,saisie_manuelle
8,Vertex Industries SARL,SE,SE.314125231601,2025-03-31,reprise_erp
9,Verso Services Oy,DK,DK48646344,2025-09-12,portail_client
10,Nord Transports NV,BE,BE1997422119,2024-09-07,portail_client
11,Hanse Distribution SAS,FI,FI.84564443,2024-01-01,saisie_manuelle
12,Lusitania Trading Sp. z o.o.,NL,NL767957817B57,2024-02-29,saisie_manuelle
13,Alpine Technologies SAS,SE,SE-353056663101,2024-01-04,portail_client
14,Alpine Logistics Sp. z o.o.,SE,SE1861093621016,2025-05-07,import_fournisseur
15,Baltic Industries SAS,PT,PT901258090,2025-09-07,import_fournisseur
16,Baltic Consulting AB,NL,NL962988030B37,2024-05-07,import_fournisseur
17,Granit Logistics SAS,GB,GB0749640348,2025-05-15,import_fournisseur
18,Orion Foods SARL,BE,BE1628475293,2024-03-01,saisie_manuelle
19,Metallo Services Oy,BE,BE0605238824,2025-05-12,portail_client
20,Metallo Consulting SARL,FR,FR63432337650,2024-04-21,import_fournisseur
21,Fabrica Transports A/S,LU,LU45829332,2024-05-10,import_fournisseur
22,Textil Technologies BV,PT,PT615054116,2025-05-29,saisie_manuelle
23,Solaris Industries GmbH,FR,  FR58658124710 ,2024-05-12,saisie_manuelle
24,Nord Technologies GmbH,DK,DK73224645,2024-12-03,portail_client
25,Metallo Distribution BV,DK,DK43075659,2025-09-11,import_fournisseur
26,Verso Foods A/S,PT,-,2024-11-28,import_fournisseur
27,Lumen Distribution NV,BE,BE0311256964,2024-02-27,crm
28,Meridian Industries Lda,FR,FR14760307373,2024-08-14,reprise_erp
29,Corvus Logistics SARL,SE,SE538701827701,2024-08-14,reprise_erp
30,Meridian Materials A/S,FR,FR84248701951,2024-02-10,crm
31,Metallo Transports Oy,PT,  PT682102423 ,2025-04-22,reprise_erp
32,Batavia Services SARL,FI,FI77720866,2024-01-26,reprise_erp
33,Ardent Distribution Lda,BE,BE0232035282,2024-03-14,crm
34,Lusitania Logistics NV,DK,DK-72344081,2024-03-20,portail_client
35,Lusitania Transports SARL,ZZ,ZZ23140153,2024-01-14,portail_client
36,Atlantic Technologies Lda,PL,PL5047493384,2024-12-25,crm
37,Lumen Distribution A/S,FI,FI4715363,2024-06-04,crm
38,Granit Trading AB,FI,  FI26606369 ,2024-11-30,crm
39,Global Distribution Sp. z o.o.,LU,LU6918091,2025-01-19,reprise_erp
40,Prima Distribution GmbH,BE,BE124376636,2024-08-11,portail_client
41,Orion Technologies SA,BE,BE02690132662,2024-03-25,crm
42,Baltic Technologies Lda,PL,PL4321225090,2024-03-14,reprise_erp
43,Solaris Trading SAS,SE,SE119195863401,2024-05-28,reprise_erp
44,Papyrus Distribution Sp. z o.o.,BE,BE1290480179,2025-03-07,crm
45,Global Transports SA,PT,PT544274741,2024-12-31,reprise_erp
46,Alpine Consulting SpA,SE,SE428761352801,2025-04-26,portail_client
47,Lusitania Services Sp. z o.o.,SE,  SE011690000201 ,2024-11-16,portail_client
48,Granit Materials BV,NL,  NL413400931B49 ,2025-02-26,crm
49,Fabrica Industries A/S,PL,PL 7963 612947,2025-08-21,import_fournisseur
50,Hanse Consulting AB,NL,NL.966200093B26,2024-06-07,crm
51,Ardent Materials SA,SE,SE593651753601,2024-09-26,portail_client
52,Cobalt Logistics AB,FR,  FR82738452940 ,2024-12-08,import_fournisseur
53,Baltic Technologies BV,LU,LU66484248,2024-03-18,crm
54,Fabrica Foods GmbH,PL,PL-4372432809,2024-05-08,portail_client
55,Verso Foods Lda,LU,LU84259936,2024-06-12,reprise_erp
56,Fabrica Transports SAS,BE,BE0576561070,2024-11-21,portail_client
57,Batavia Materials SARL,NL,NLH28387650B63,2025-02-08,portail_client
58,Metallo Industries NV,FR,FR.76418167474,2024-04-22,reprise_erp
59,Lusitania Transports NV,FR,FR02831068190,2025-09-10,saisie_manuelle
60,Baltic Trading GmbH,DK,DK53927279,2024-04-08,reprise_erp
61,Prima Industries AB,PT,PT710932251,2025-02-24,portail_client
62,Lusitania Distribution GmbH,PL,PL97668891080,2025-02-17,saisie_manuelle
63,Lumen Transports BV,PL,PL5102708610,2024-06-26,crm
64,Ardent Foods Oy,DK,  DK91970813 ,2025-03-29,crm
65,Hanse Transports SAS,BE,BE188076813,2024-08-28,portail_client
66,Atlantic Transports A/S,NL,NL150819395B54,2025-04-10,crm
67,Vela Distribution SpA,PT,PT763047058,2024-04-02,import_fournisseur
68,Vela Industries Sp. z o.o.,FI,FI17O38139,2024-06-30,crm
69,Batavia Technologies GmbH,GB,GB17652291,2024-10-26,reprise_erp
70,Vela Materials SpA,NL,NL 7854 27788B39,2024-11-25,reprise_erp
71,Kappa Industries SARL,PT,PT8G7770771,2025-02-22,saisie_manuelle
72,Delta Logistics GmbH,DK,DK40573564,2025-01-01,reprise_erp
73,Global Industries NV,DK,DK 0213 2524,2024-05-28,reprise_erp
74,Fabrica Services SpA,FI,FI99607012,2025-03-30,import_fournisseur
75,Papyrus Logistics A/S,IT,IT97133603924,2025-09-19,reprise_erp
76,Orion Foods SpA,PT,PT306264951,2024-06-21,portail_client
77,Vertex Distribution SARL,SE,SE-976875634901,2025-08-04,import_fournisseur
78,Baltic Foods Lda,DK,  DK01911376 ,2024-08-09,saisie_manuelle
79,Metallo Transports AB,BE,BE1541337423,2024-09-18,import_fournisseur
80,Azur Technologies SA,UK,UK227979060,2024-03-12,import_fournisseur
81,Vela Consulting SA,IT,,2024-04-20,saisie_manuelle
82,Textil Transports SA,FI,FI38141462,2024-05-26,portail_client
83,Global Services GmbH,BE,BE183858570,2025-02-20,saisie_manuelle
84,Orion Materials SAS,BE,BE1605747896,2024-10-30,import_fournisseur
85,Cobalt Trading Sp. z o.o.,PL,PL9512013884,2024-03-30,portail_client
86,Atlantic Services Sp. z o.o.,NL,NL 2552 60155B67,2024-12-08,crm
87,Granit Industries NV,PT,PT440557399,2025-09-14,reprise_erp
88,Orion Transports AB,SE,SE493462906001,2025-06-11,portail_client
89,Granit Materials AB,PL,PL1609015779,2024-06-15,import_fournisseur
90,Orion Technologies NV,BE,BE0359339468,2024-12-26,saisie_manuelle
91,Atlantic Trading SpA,PT,PT293013730,2024-04-30,reprise_erp
92,Ardent Industries Lda,FR,,2025-04-20,crm
93,Hanse Consulting Lda,IT,IT62989143151,2024-12-07,saisie_manuelle
94,Metallo Trading Oy,DK,DK.88753801,2024-08-04,reprise_erp
95,Global Trading SpA,SE,SE324822512401,2024-03-26,saisie_manuelle
96,Vela Trading AB,IT,IT60495506945,2024-11-21,import_fournisseur
97,Lumen Distribution SA,DK,  DK39736861 ,2024-11-02,saisie_manuelle
98,Metallo Trading AB,FI,FI70957529,2024-10-01,crm
99,Fabrica Services SA,PT,PT116096764,2024-04-30,reprise_erp
100,Baltic Industries BV,LU,LU75426276,2024-08-30,portail_client
101,SA DANONE,FR,FR27552032534,2025-04-03,crm
102,Granit Industries NV,IT,IT 5368 0520532,2024-08-24,saisie_manuelle
103,Cobalt Logistics SpA,LU,LU83327153,2025-09-09,reprise_erp
104,Solaris Technologies SARL,FR,FR53917821806,2025-03-30,crm
105,Solaris Logistics SAS,BE,BE-0982344140,2025-09-19,crm
106,Azur Foods BV,LU,LU 9010 0861,2025-03-30,crm
107,Prima Logistics SAS,PT,PT569236762,2024-03-13,portail_client
108,Vela Materials SpA,NL,nl785427788b39,2024-04-18,crm
109,Papyrus Industries AB,FR,FR65959957042,2024-05-03,reprise_erp
110,Alpine Services GmbH,PT,PT551278056,2025-05-22,saisie_manuelle
111,Delta Distribution AB,NL,NL1587699M6B82,2024-11-09,portail_client
112,Batavia Services Lda,SE,SE-128356938001,2024-01-21,import_fournisseur
113,Cobalt Distribution SpA,FI,FI62150298,2025-06-07,import_fournisseur
114,Granit Industries NV,IT,IT 5368 0520532,2025-03-06,import_fournisseur
115,Metallo Consulting GmbH,BE,BE 1593 163533,2024-07-20,reprise_erp
116,Alpine Transports SpA,DK,DK97604142,2025-04-07,import_fournisseur
117,Lumen Transports Sp. z o.o.,LU,LU 4449 8372,2024-10-15,portail_client
118,Solaris Trading NV,DK,DK13449643,2025-06-14,saisie_manuelle
119,Verso Distribution A/S,SE,SE980721039601,2024-03-18,import_fournisseur
120,Prima Technologies AB,FR,58560322811,2024-09-03,saisie_manuelle
121,Global Technologies SpA,FR,FR34494103231,2024-02-24,saisie_manuelle
122,Corvus Consulting A/S,NL,nl378068659b27,2024-11-10,crm
123,Meridian Transports Sp. z o.o.,NL,NL917547317B75,2024-09-06,saisie_manuelle
124,Lumen Technologies Oy,IT,IT64902006515,2025-04-01,import_fournisseur
125,Fabrica Materials Oy,DK,DK70196921,2024-11-23,crm
126,Verso Technologies A/S,PL,PL7041416675,2024-02-02,crm
127,Global Industries Sp. z o.o.,PT,PT87482735J,2024-06-13,reprise_erp
128,Prima Materials SARL,IT,IT35478856822,2025-01-07,saisie_manuelle
129,Lumen Materials NV,FI,  FI76761092 ,2025-05-07,reprise_erp
130,Metallo Services SpA,FR,FR568210454899,2024-06-22,import_fournisseur
131,Atlantic Materials Sp. z o.o.,BE,BE0500730962,2025-01-29,reprise_erp
132,Vertex Technologies SARL,PT,  PT493659684 ,2024-06-29,reprise_erp
133,Global Materials SAS,FI,FI30917645,2025-03-28,crm
134,Ardent Logistics SpA,DK,DK1521898,2024-05-15,reprise_erp
135,Kappa Logistics Lda,NL,396904956B68,2025-04-01,crm
136,Alpine Materials GmbH,DK,DK5962G374,2024-09-14,crm
137,Global Trading Lda,PT,PT301044317,2024-07-21,crm
138,Lumen Transports BV,PL,PL.5102708610,2024-10-03,saisie_manuelle
139,Hanse Materials Lda,DK,DK291446999,2024-10-14,reprise_erp
140,Atlantic Industries NV,LU,LU12761174,2024-02-03,crm
141,Papyrus Logistics Sp. z o.o.,DK,DK77510710,2024-03-05,saisie_manuelle
142,Papyrus Distribution Sp. z o.o.,LU,LU50491841,2025-09-29,import_fournisseur
143,Kappa Services A/S,NL,NL027373964B85,2024-04-25,import_fournisseur
144,Meridian Technologies BV,FI,FI 4006 8050,2024-01-28,import_fournisseur
145,Meridian Trading Oy,FI,FI76910697,2024-02-25,crm
146,Nord Materials Oy,UK,UK190500864B18,2025-08-25,saisie_manuelle
147,Lumen Consulting SAS,FR,FR88920415533,2024-01-24,crm
148,Alpine Materials Oy,IT,it75599126341,2024-12-06,portail_client
149,Metallo Distribution Lda,NL,NL134317312B81,2024-06-07,import_fournisseur
150,Cobalt Foods SpA,FR,FR96778772967,2024-11-25,import_fournisseur
151,Metallo Transports Sp. z o.o.,PT,PT653055021,2025-05-17,import_fournisseur
152,Delta Trading Sp. z o.o.,ZZ,ZZ06520766,2024-04-14,portail_client
153,Azur Foods Lda,BE,BE0187972912,2024-03-02,import_fournisseur
154,Papyrus Foods SpA,IT,IT43831226378,2025-01-01,saisie_manuelle
155,Vertex Consulting Lda,SE,SE99296861790,2025-07-09,portail_client
156,Metallo Transports AB,BE,BE-1541337423,2024-07-14,saisie_manuelle
157,Lusitania Technologies NV,LU,LU83019402,2025-04-15,crm
158,Ardent Transports SARL,BE,BE0992862406,2025-01-11,reprise_erp
159,Nord Industries SA,PT,PT755024877,2024-02-19,reprise_erp
160,Meridian Consulting SA,PT,PT327020482,2024-09-13,import_fournisseur
161,Batavia Foods SpA,BE,BE0761440201,2024-06-01,import_fournisseur
162,Hanse Transports SpA,DK,dk65315092,2024-12-04,import_fournisseur
163,Solaris Trading AB,IT,38486825359,2025-01-14,import_fournisseur
164,Delta Distribution NV,FI,FI99952131,2024-12-11,portail_client
165,Solaris Trading NV,SE,SE.923117665301,2025-02-18,saisie_manuelle
166,Lusitania Foods AB,FR,FRH3842670445,2024-02-15,portail_client
167,Azur Consulting AB,DK,DK87G17730,2024-02-07,reprise_erp
168,Granit Trading BV,DK,DK663574817,2024-06-28,portail_client
169,Lumen Foods SpA,IT,IT1890180302,2024-10-23,portail_client
170,Cobalt Foods Lda,FR,FR-38430871616,2024-03-01,import_fournisseur
171,Solaris Distribution SA,DK,DK.29918767,2025-02-27,saisie_manuelle
172,Batavia Consulting SA,IT,  IT80179767894 ,2025-02-14,saisie_manuelle
173,Hanse Services Oy,FR,FR30907512024,2024-03-07,portail_client
174,Lusitania Logistics A/S,PL,pl5540309330,2025-09-09,reprise_erp
175,Lumen Logistics SAS,SE,SE394975617901,2025-04-03,reprise_erp
176,Kappa Distribution A/S,NL,NL-689141166B02,2024-05-12,reprise_erp
177,Papyrus Industries Oy,DK,DK41917126,2024-02-28,crm
178,Kappa Logistics NV,PL,PL2996896510,2024-05-19,reprise_erp
179,Verso Transports SA,FR,FR39172019809,2025-05-27,reprise_erp
180,Cobalt Consulting A/S,PL,PL 5279 293795,2024-01-14,import_fournisseur
181,Alpine Services Lda,IT,33139885439,2025-04-03,reprise_erp
182,Vertex Consulting SA,IT,IT 7249 2360010,2024-04-22,crm
183,Global Materials BV,UK,UK558680011,2024-04-22,saisie_manuelle
184,Vertex Logistics SA,SE,SE9682668794H1,2025-03-03,portail_client
185,Lusitania Technologies Sp. z o.o.,SE,SE334202255901,2025-02-13,portail_client
186,Granit Transports BV,LU,LU62557886,2024-04-07,crm
187,Corvus Materials SA,BE,BE0559538362,2024-06-30,portail_client
188,Verso Materials SpA,FI,FI04531570,2024-08-01,import_fournisseur
189,Corvus Consulting NV,IT,88838354509,2024-10-01,import_fournisseur
190,Granit Technologies Lda,FR,FR86227468840,2025-06-09,import_fournisseur
191,Ardent Consulting GmbH,PL,PL599561905,2024-05-12,import_fournisseur
192,Metallo Consulting Sp. z o.o.,DK,DK03190056,2024-01-23,saisie_manuelle
193,Prima Transports GmbH,PL,PL93184850G3,2024-08-29,import_fournisseur
194,Azur Transports SpA,IT,IT64184964091,2024-04-16,crm
195,Prima Consulting Sp. z o.o.,SE,107327005801,2025-01-12,crm
196,Granit Technologies SAS,PT,PT411011570,2024-04-03,saisie_manuelle
197,Atlantic Trading SAS,IT,IT64177915343,2024-05-06,import_fournisseur
198,Hanse Foods Oy,NL,NL599032777B33,2024-02-11,portail_client
199,Ardent Technologies GmbH,DK,DK46441575,2024-04-29,portail_client
200,Global Services GmbH,BE,BE-183858570,2025-01-16,portail_client
201,SA ORANGE,FR,FR89380129866,2024-05-18,crm
202,Papyrus Distribution GmbH,NL,NL689759071B19,2025-09-07,saisie_manuelle
203,Textil Materials SAS,SE,SE230177355801,2025-03-25,saisie_manuelle
204,Fabrica Foods Sp. z o.o.,DK,DK07249330,2025-08-07,reprise_erp
205,Meridian Trading SAS,DK,DK51729846,2025-06-21,reprise_erp
206,Alpine Services SAS,DK,DK38992864,2025-02-28,portail_client
207,Baltic Logistics SA,FI,FI97243485,2024-11-01,reprise_erp
208,Ardent Foods Lda,NL,NL546150676B98,2025-06-18,portail_client
209,Meridian Services SAS,PL,PL9456980487,2024-12-31,saisie_manuelle
210,Hanse Trading AB,FR,FR876M3653073,2024-11-28,reprise_erp
211,Azur Industries AB,PL,PL9176672276,2024-01-11,saisie_manuelle
212,Delta Consulting A/S,LU,LU893H3823,2024-12-23,import_fournisseur
213,Orion Logistics Lda,PT,PT921472579,2025-06-22,reprise_erp
214,Global Trading NV,DK,DK9253M010,2025-08-21,reprise_erp
215,Metallo Transports SARL,DK,DK859008M6,2024-12-09,saisie_manuelle
216,Corvus Trading GmbH,FI,FI 0583 3976,2024-07-03,crm
217,Delta Foods SpA,ZZ,ZZ10353874,2025-07-17,saisie_manuelle
218,Prima Industries Sp. z o.o.,SE,SE542693046601,2024-10-02,portail_client
219,Hanse Foods Oy,FR,FR91654805090,2024-04-18,crm
220,Lumen Technologies Sp. z o.o.,DK,DK71704289,2025-03-12,reprise_erp
221,Ardent Foods SpA,FI,FI72766216,2025-06-15,reprise_erp
222,Fabrica Materials NV,LU,LU-48663471,2025-06-15,saisie_manuelle
223,Meridian Transports BV,DK,DK 6315 1572,2025-05-28,reprise_erp
224,Metallo Technologies BV,BE,be1791740745,2024-02-11,import_fournisseur
225,Vela Materials SARL,IT,IT62197779721,2024-09-01,import_fournisseur
226,Textil Consulting Oy,NL,NL-893896846B45,2024-12-23,crm
227,Nord Distribution SARL,FI,FI20343676,2025-05-28,reprise_erp
228,Meridian Technologies GmbH,BE,BE0843120139,2025-03-18,portail_client
229,Hanse Transports A/S,SE,se740563530601,2024-01-05,reprise_erp
230,Lusitania Transports SARL,ZZ,zz23140153,2024-08-01,import_fournisseur
231,Verso Trading A/S,NL,NL.345546568B48,2024-04-15,crm
232,Azur Technologies AB,FR,FR94156305019,2024-10-16,saisie_manuelle
233,Verso Foods SARL,SE,SE911652802801,2025-01-01,portail_client
234,Metallo Foods NV,PL,PL 4649 740063,2024-09-07,reprise_erp
235,Vertex Industries SARL,PL,PL3995101449,2025-03-05,crm
236,Papyrus Industries Sp. z o.o.,XX,XX06179453771,2025-07-05,saisie_manuelle
237,Orion Logistics Sp. z o.o.,PT,PT321383753,2025-09-28,portail_client
238,Baltic Industries BV,LU,LU75426276,2024-04-26,portail_client
239,Ardent Logistics SAS,DK,DK19343923,2024-09-18,crm
240,Kappa Transports Sp. z o.o.,IT,IT.35410194258,2025-03-16,portail_client
241,Fabrica Services Sp. z o.o.,FI,FI-46642148,2024-04-13,portail_client
242,Lusitania Industries Sp. z o.o.,IT,IT96780897581,2025-08-16,reprise_erp
243,Vertex Logistics Oy,FR,FR10245922806,2025-07-18,saisie_manuelle
244,Granit Consulting AB,PT,PT-793870003,2025-06-30,import_fournisseur
245,Atlantic Industries AB,FI,FI-84208094,2024-12-13,portail_client
246,Vertex Trading Sp. z o.o.,PL,PL9352096268,2024-05-07,crm
247,Atlantic Transports GmbH,PL,5112134613,2024-05-25,saisie_manuelle
248,Azur Foods GmbH,PT,PT741323753,2025-03-05,reprise_erp
249,Delta Transports SAS,PT,PT970252413,2025-08-12,reprise_erp
250,Textil Materials SAS,PL,PL28234607426,2025-07-18,reprise_erp
251,Cobalt Foods Sp. z o.o.,FI,FI94049074,2024-12-02,crm
252,Meridian Trading SAS,FI,FI221839011,2024-03-15,import_fournisseur
253,Ardent Foods GmbH,ZZ,ZZ74937799,2024-11-12,portail_client
254,Delta Transports NV,NL,NL651384926B06,2025-06-02,saisie_manuelle
255,Hanse Technologies NV,SE,SE3660K1902001,2024-11-22,portail_client
256,Solaris Distribution Lda,UK,UK1896323373,2025-03-11,saisie_manuelle
257,Baltic Trading SpA,BE,BE0131172902,2024-10-31,import_fournisseur
258,Vela Distribution AB,BE,BE0246262511,2025-06-15,saisie_manuelle
259,Hanse Materials SAS,PT,PT488210194,2024-03-01,crm
260,Textil Trading Sp. z o.o.,LU,75041556,2025-03-06,crm
261,Vela Distribution Sp. z o.o.,FI,FI36938041,2024-02-24,import_fournisseur
262,Corvus Distribution SpA,BE,0572894866,2024-08-10,crm
263,Nord Industries Sp. z o.o.,LU,LU78431552,2024-11-25,portail_client
264,Ardent Industries Sp. z o.o.,IT,09184526433,2025-08-23,portail_client
265,Cobalt Distribution SpA,FI,fi62150298,2025-09-26,crm
266,Verso Distribution GmbH,NL,NL11178588MB30,2024-07-01,reprise_erp
267,Delta Industries BV,BE,BE0440832930,2024-08-14,portail_client
268,Delta Foods Lda,IT,,2025-04-28,reprise_erp
269,Azur Industries Lda,FR,FR11950538631,2025-06-28,portail_client
270,Global Consulting SAS,LU,22312502,2024-03-07,import_fournisseur
271,Kappa Trading Lda,IT,IT75655623058,2024-08-28,portail_client
272,Orion Consulting AB,NL,NL277420015B39,2024-07-10,reprise_erp
273,Orion Industries NV,NL,NL375574530B49,2024-06-19,reprise_erp
274,Lusitania Technologies SARL,LU,LU36555229,2025-09-15,import_fournisseur
275,Textil Trading GmbH,BE,BE1854530033,2024-11-09,portail_client
276,Vela Logistics Lda,PL,PL1808H15136,2024-04-10,portail_client
277,Vertex Logistics Oy,FR,FR58618155957,2024-08-26,portail_client
278,Baltic Trading NV,FI,FI05644083,2024-04-11,saisie_manuelle
279,Vertex Services SAS,DK,DK43624423,2025-06-08,import_fournisseur
280,Metallo Transports BV,FR,FR305495935677,2025-02-14,saisie_manuelle
281,Kappa Technologies Lda,SE,SE-719592036301,2024-10-24,reprise_erp
282,Global Industries Oy,FR,FR2216648349,2024-11-08,import_fournisseur
283,Solaris Materials SARL,LU,LU99470945,2025-04-25,crm
284,Textil Foods Sp. z o.o.,LU,LU47788039,2024-08-14,portail_client
285,Solaris Trading SpA,BE,BE1325030985,2024-01-03,saisie_manuelle
286,Papyrus Consulting A/S,FR,FR54171718047,2025-09-02,reprise_erp
287,Metallo Materials GmbH,PL,PL9518632542,2024-01-28,reprise_erp
288,Global Transports SAS,PL,PL659568896,2024-06-07,saisie_manuelle
289,Orion Trading SpA,BE,BE-1474673974,2025-03-29,crm
290,Corvus Trading AB,IT,IT.48781892673,2025-01-06,crm
291,Solaris Distribution SARL,BE,BE1773448525,2025-08-08,saisie_manuelle
292,Textil Logistics SpA,PT,PT765384446,2024-05-21,saisie_manuelle
293,Orion Industries AB,LU,LU60874271,2025-06-07,saisie_manuelle
294,Solaris Services NV,LU,13176343,2025-09-26,saisie_manuelle
295,Vela Distribution SpA,BE,BE1709450004,2024-06-25,portail_client
296,Lumen Services A/S,IT,IT54309005491,2025-09-01,saisie_manuelle
297,Fabrica Transports SARL,DK,DK76303401,2024-09-07,saisie_manuelle
298,Papyrus Consulting SA,BE,BE0476913465,2025-03-23,reprise_erp
299,Atlantic Services Sp. z o.o.,PT,PT866009701,2024-05-22,portail_client
300,Granit Logistics SARL,BE,BE05996194555,2024-07-13,portail_client
301,Lumen Technologies Sp. z o.o.,DK,DK 7170 4289,2024-07-18,reprise_erp
302,Orion Consulting Sp. z o.o.,IT,40342102486,2024-02-29,crm
303,Granit Trading Sp. z o.o.,PL,PL7979428755,2024-01-01,import_fournisseur
304,Ardent Consulting SpA,BE,BE1456415903,2024-02-11,crm
305,Atlantic Distribution Lda,FR,FR56747186682,2025-03-28,import_fournisseur
306,Metallo Materials Sp. z o.o.,PT,PT845511130,2024-02-28,crm
307,Lumen Transports NV,PL,PL 8568 728019,2025-07-25,portail_client
308,Prima Trading SA,BE,BE1934866377,2025-08-19,reprise_erp
309,Azur Technologies GmbH,FR,25167984184,2025-07-26,portail_client
310,Orion Transports Oy,LU,LU3620G412,2024-05-20,import_fournisseur
311,Cobalt Materials SARL,PT,PT188414720,2024-05-01,saisie_manuelle
312,Orion Foods A/S,PT,PT3787985371,2025-08-12,portail_client
313,Batavia Consulting SARL,SE,SE684718505201,2024-12-28,portail_client
314,Cobalt Technologies Oy,FI,FI02958919,2024-12-28,saisie_manuelle
315,Meridian Trading Sp. z o.o.,FI,FI-96091436,2024-02-03,crm
316,Hanse Consulting SpA,SE,SE 3902 35178601,2025-02-04,saisie_manuelle
317,Metallo Consulting Oy,DK,dk76929769,2025-08-10,crm
318,Vertex Consulting SA,IT,IT.72492360010,2024-03-14,saisie_manuelle
319,Papyrus Industries SA,BE,0282330178,2024-01-16,import_fournisseur
320,Batavia Services SARL,PL,pl9577232689,2025-07-15,saisie_manuelle
321,Azur Industries Lda,FR,FR11950538631,2025-09-20,saisie_manuelle
322,Delta Services BV,XX,XX8849308444,2024-11-14,portail_client
323,Baltic Transports SA,FR,FR54739394348,2025-06-28,reprise_erp
324,Baltic Materials Oy,LU,LU9271210,2024-08-12,reprise_erp
325,Ardent Technologies NV,BE,be1347703548,2024-04-14,reprise_erp
326,Atlantic Foods A/S,LU,66781043,2024-09-07,import_fournisseur
327,Lusitania Industries AB,FR,fr78227989404,2025-06-01,saisie_manuelle
328,Papyrus Services SA,NL,NL897684825B89,2025-05-12,reprise_erp
329,Cobalt Logistics SpA,SE,SE047468008101,2025-07-13,portail_client
330,Corvus Services Sp. z o.o.,BE,BE0338169615,2024-04-23,saisie_manuelle
331,Fabrica Consulting Oy,IT,  IT98152789941 ,2025-09-14,crm
332,Vela Industries GmbH,DK,DK91719613,2025-02-14,import_fournisseur
333,Fabrica Transports SA,BE,BE0776749472,2024-12-03,reprise_erp
334,Granit Foods Sp. z o.o.,NL,NL443351272B04,2025-07-21,reprise_erp
335,Orion Industries GmbH,GB,GB50379703197,2024-10-09,crm
336,Nord Technologies Lda,PT,PT343884623,2025-09-14,reprise_erp
337,Verso Transports SA,SE,SE604126160001,2024-03-03,saisie_manuelle
338,Papyrus Foods SA,PT,PT986754927,2024-09-04,import_fournisseur
339,Azur Materials SARL,BE,BE 1891 566514,2024-10-23,crm
340,Baltic Consulting SpA,BE,BE1845963448,2024-02-12,import_fournisseur
341,Global Technologies BV,FR,FR93369540151,2025-04-14,saisie_manuelle
342,Hanse Logistics Lda,PL,PL8847900575,2025-03-19,crm
343,Prima Services Sp. z o.o.,DK,DK58271373,2024-02-28,import_fournisseur
344,Global Trading GmbH,PL,  PL4898437228 ,2024-05-07,saisie_manuelle
345,Corvus Consulting Oy,IT,IT.83171512193,2024-02-13,reprise_erp
346,Fabrica Technologies BV,SE,SE015420570201,2024-01-25,crm
347,Kappa Services SAS,IT,IT859502090579,2025-08-29,portail_client
348,Granit Foods SA,UK,UK2219574655,2025-06-03,portail_client
349,Global Industries Sp. z o.o.,PT,PT87482735J,2024-07-05,saisie_manuelle
350,Textil Foods SA,ZZ,ZZ0177743788,2024-09-08,import_fournisseur
351,Delta Logistics SpA,IT,IT1075410979,2024-07-14,import_fournisseur
352,Lumen Logistics SA,PT,  PT114868310 ,2025-03-15,import_fournisseur
353,Atlantic Industries Oy,PL,PL6583478956,2025-09-21,reprise_erp
354,Vela Technologies GmbH,FI,FI14124346,2025-06-29,saisie_manuelle
355,Lumen Services Lda,NL,NL088922844B76,2024-10-26,crm
356,Vertex Consulting BV,LU,LU-71937173,2025-07-26,reprise_erp
357,Verso Services SpA,FR,FR30613496391,2025-03-17,reprise_erp
358,Lumen Trading SARL,SE,SE39O573960001,2024-04-25,reprise_erp
359,Vela Trading SpA,BE,BE1593311775,2025-09-13,reprise_erp
360,Solaris Foods Sp. z o.o.,DK,DK71416039,2024-08-12,saisie_manuelle
361,Fabrica Materials SA,FI,FI.83895910,2024-03-06,crm
362,Fabrica Distribution BV,NL,NL230396677B30,2025-01-13,portail_client
363,Papyrus Technologies Lda,IT,92121081050,2024-12-09,crm
364,Fabrica Foods Oy,FI,FI85473404,2024-08-31,crm
365,Solaris Consulting SARL,FR,FR.44633914443,2024-07-19,crm
366,Vertex Foods AB,DK,DK 1455 8969,2025-07-01,crm
367,Kappa Transports AB,NL,NL337703371B32,2025-04-06,saisie_manuelle
368,Meridian Industries A/S,NL, ,2025-03-17,portail_client
369,Cobalt Transports GmbH,SE,SE574964144401,2024-08-01,import_fournisseur
370,Delta Technologies Sp. z o.o.,FR,FR69851989431,2024-01-15,saisie_manuelle
371,Cobalt Technologies Oy,FI,FI 0295 8919,2024-10-15,portail_client
372,Papyrus Foods Lda,DK,DK31174031,2024-02-21,crm
373,Cobalt Consulting SAS,SE,SE757911028401,2024-07-19,import_fournisseur
374,Fabrica Trading Lda,LU,LU68514220,2024-09-13,portail_client
375,Vertex Materials Oy,FI,FI84832563,2024-07-13,portail_client
376,Ardent Services SpA,FI,FI0282040,2024-09-28,portail_client
377,Prima Trading AB,DK,DK13056994,2024-12-21,import_fournisseur
378,Baltic Foods NV,FI,-,2024-04-15,crm
379,Orion Technologies Oy,LU,LU98114062,2025-06-30,reprise_erp
380,Granit Consulting Lda,PT,PT.904264572,2024-11-08,crm
381,Meridian Consulting Lda,PT,PT9580527197,2024-02-29,portail_client
382,Meridian Industries NV,PL,PL870679096,2024-12-23,import_fournisseur
383,Kappa Trading A/S,FI,FI86305584,2024-04-11,portail_client
384,Global Foods Sp. z o.o.,DK,DK29720419,2024-01-12,reprise_erp
385,Atlantic Services BV,DK,DK21988553,2025-02-10,crm
386,Papyrus Industries AB,SE,SE665644448101,2024-11-24,saisie_manuelle
387,Textil Trading BV,BE,BE0416416644,2024-09-30,reprise_erp
388,Orion Transports BV,IT,IT30906869067,2024-07-11,reprise_erp
389,Meridian Foods BV,NL,NL929735552B83,2024-04-14,portail_client
390,Solaris Logistics AB,DK,DK.74966594,2025-04-19,import_fournisseur
391,Metallo Technologies Sp. z o.o.,BE,BE1157038071,2025-01-26,crm
392,Atlantic Services GmbH,IT,IT19517385332,2025-06-13,crm
393,Lusitania Consulting Sp. z o.o.,SE,188339040101,2024-08-09,saisie_manuelle
394,Vertex Technologies BV,UK,UK13271593,2024-12-04,portail_client
395,Orion Consulting NV,DK,DK45419415,2024-12-19,portail_client
396,Vertex Materials NV,NL,NL084317004B15,2025-08-31,portail_client
397,Vela Distribution Lda,FI,FI98442H47,2024-05-20,saisie_manuelle
398,Ardent Trading Lda,DK,DK09543422,2024-09-02,portail_client
399,Verso Materials BV,LU,LU88719442,2025-06-27,import_fournisseur
400,Corvus Consulting SA,LU,LU81254867,2025-09-01,portail_client
401,Vela Logistics Oy,PT,PT15638819,2024-05-04,crm
402,Fabrica Services Lda,FR,FR67365374251,2024-12-24,portail_client
403,Alpine Logistics SARL,LU,LU74294976,2024-05-14,reprise_erp
404,Vela Industries SpA,SE,SE625738304901,2024-06-03,import_fournisseur
405,Ardent Logistics Lda,NL,NL605612223B82,2025-04-25,portail_client
406,Orion Distribution SARL,FR,FR.03158245118,2025-06-08,reprise_erp
407,Ardent Materials SARL,FI,FI943097619,2025-01-18,import_fournisseur
408,Hanse Technologies SpA,PT,PT725324140,2025-04-19,saisie_manuelle
409,Fabrica Trading NV,LU,LU44327353,2024-05-28,import_fournisseur
410,Lusitania Technologies Oy,PT,264823940,2025-04-24,import_fournisseur
411,Prima Materials Lda,SE,318962345101,2024-10-14,reprise_erp
412,Verso Materials SARL,PL,PL 9698 239213,2024-01-19,crm
413,Corvus Services GmbH,IT,IT55553299044,2024-02-12,crm
414,Cobalt Industries GmbH,SE,SE6252247934017,2024-06-24,portail_client
415,Verso Services SARL,IT,IT 7295 2991692,2025-02-06,reprise_erp
416,Prima Services Oy,XX,XX57846588598,2025-03-15,saisie_manuelle
417,Prima Distribution Oy,BE,BE0472824223,2025-03-12,reprise_erp
418,Ardent Distribution GmbH,FR,  FR41712388121 ,2024-08-01,crm
419,Vela Foods Sp. z o.o.,SE,SE841226467601,2025-08-15,saisie_manuelle
420,Textil Logistics SA,FR,FR 0374 7693166,2024-10-31,import_fournisseur
421,Baltic Transports SpA,IT,null,2025-08-18,portail_client
422,Ardent Foods Oy,DK,dk91970813,2024-03-15,reprise_erp
423,Solaris Services SAS,PL,PL6228459803,2025-03-09,portail_client
424,Baltic Transports Sp. z o.o.,DK,DK92689298,2024-10-19,saisie_manuelle
425,Alpine Transports SpA,LU,LU98530137,2025-07-11,saisie_manuelle
426,Global Trading BV,IT,IT63027410586,2024-02-08,crm
427,Meridian Technologies Sp. z o.o.,NL,843131032B77,2025-06-07,reprise_erp
428,Textil Trading SA,PL,PL-4591029930,2024-09-27,import_fournisseur
429,Baltic Consulting SAS,GB,GB983761159,2025-06-20,crm
430,Atlantic Trading NV,FR,FR88996206289,2025-02-17,reprise_erp
431,Meridian Consulting SAS,BE,BE0301841333,2024-12-18,saisie_manuelle
432,Fabrica Logistics SARL,LU,LU45702813,2024-06-19,import_fournisseur
433,Atlantic Transports A/S,NL,NL.150819395B54,2024-05-27,import_fournisseur
434,Verso Logistics Sp. z o.o.,PL,PL6762668320,2025-05-04,saisie_manuelle
435,Textil Logistics BV,NL,NL049591915B34,2025-01-16,import_fournisseur
436,Atlantic Materials AB,SE,SE5123K3631201,2024-12-25,import_fournisseur
437,Delta Trading GmbH,FR,FR66712400125,2024-05-11,saisie_manuelle
438,Textil Foods A/S,FR,FR40215350453,2024-12-15,import_fournisseur
439,Fabrica Logistics GmbH,PL,PL2310242508,2025-03-22,import_fournisseur
440,Ardent Industries GmbH,FI,FI.82298209,2025-01-02,import_fournisseur
441,Baltic Transports GmbH,IT,IT19625M10266,2025-02-21,reprise_erp
442,Batavia Services SA,PT,PT100405711,2025-08-01,import_fournisseur
443,Granit Trading Lda,LU,LU-46323478,2024-11-15,crm
444,Metallo Logistics GmbH,PL,PL2287087927,2025-03-20,crm
445,Batavia Technologies AB,NL,  NL523473230B57 ,2025-02-25,saisie_manuelle
446,Azur Materials SA,PT,PT878963090,2025-02-01,saisie_manuelle
447,Batavia Foods Oy,BE,BE027570666,2025-07-13,import_fournisseur
448,Lusitania Transports Oy,FI,FI1J419039,2024-06-30,reprise_erp
449,Vertex Materials GmbH,PT,PT9734988541,2025-05-22,reprise_erp
450,Nord Logistics SA,DK,  DK11785581 ,2024-01-21,crm
451,Granit Distribution Lda,FI,FI06690005,2025-05-19,saisie_manuelle
452,Lusitania Industries Oy,PL,pl8883989277,2025-08-31,crm
453,Lusitania Distribution SARL,DK,DK15238933,2025-05-07,crm
454,Meridian Trading NV,IT,IT 1163 9877643,2024-11-17,crm
455,Vertex Logistics NV,IT,IT77604366017,2024-08-21,crm
456,Batavia Trading GmbH,IT,IT2170405537,2024-08-16,reprise_erp
457,Vertex Distribution Lda,FR,FR51408870533,2025-07-09,import_fournisseur
458,Prima Distribution SARL,FR,FR28627758567,2025-07-04,portail_client
459,Papyrus Logistics A/S,SE,SE6547921566010,2025-09-06,crm
460,Vertex Transports Lda,PT,pt669325872,2024-12-20,reprise_erp
461,Ardent Industries SARL,IT,  IT66187911277 ,2025-06-27,saisie_manuelle
462,Verso Consulting SpA,SE,SE9560064835015,2024-08-07,portail_client
463,Nord Services Lda,PL,PL56392099417,2024-09-07,reprise_erp
464,Global Consulting SA,SE,574057769601,2024-07-24,reprise_erp
465,Meridian Logistics SAS,PT,PT1851114326,2024-05-03,import_fournisseur
466,Batavia Services SpA,IT,IT85602766996,2024-05-22,import_fournisseur
467,Solaris Technologies Lda,FR,FR01697820680,2024-06-06,saisie_manuelle
468,Lusitania Consulting AB,BE,BE1923024282,2025-07-26,saisie_manuelle
469,Batavia Services SA,PT,  PT100405711 ,2025-03-16,crm
470,Baltic Foods SARL,IT,63884054741,2025-04-25,saisie_manuelle
471,Corvus Transports Sp. z o.o.,FI,FI43802541,2024-02-29,portail_client
472,Verso Foods A/S,PT,-,2024-12-15,import_fournisseur
473,Nord Trading AB,NL,NL271163811B09,2025-06-24,portail_client
474,Lusitania Transports AB,NL,NL217532469B71,2025-08-16,crm
475,Metallo Transports Lda,BE,BE1378228161,2024-09-05,reprise_erp
476,Metallo Technologies BV,BE,BE 1791 740745,2024-01-02,import_fournisseur
477,Baltic Transports Lda,SE,SE117405476301,2025-06-14,reprise_erp
478,Ardent Trading NV,NL,NL870506365B53,2025-06-23,import_fournisseur
479,Azur Industries SA,IT,it93165466801,2024-05-01,saisie_manuelle
480,Baltic Industries SARL,FI,FI86630272,2024-06-12,portail_client
481,Nord Services Sp. z o.o.,LU,LU26235370,2025-01-26,saisie_manuelle
482,Azur Materials Lda,NL,NL 7256 01607B47,2024-04-06,saisie_manuelle
483,Fabrica Industries Sp. z o.o.,PT,238430596,2024-12-01,portail_client
484,Verso Services GmbH,FI,FI71804321,2024-11-03,import_fournisseur
485,Lusitania Foods Oy,SE,SE54674K407201,2024-03-13,crm
486,Nord Consulting Lda,LU,LU80155319,2025-09-26,crm
487,Baltic Transports GmbH,IT,IT75472618331,2024-02-23,crm
488,Atlantic Foods SAS,BE,BE-0549822625,2024-07-20,reprise_erp
489,Vertex Services SA,DK,DK29101531,2024-11-25,portail_client
490,Cobalt Logistics Sp. z o.o.,LU,lu12999555,2024-05-29,reprise_erp
491,Azur Industries Lda,FR,FR 1195 0538631,2024-11-10,crm
492,Global Materials Lda,FR,FR941072657962,2024-11-19,portail_client
493,Kappa Foods SAS,PT,PT823046656,2025-09-13,crm
494,Fabrica Technologies SAS,PT,686019431,2025-04-29,import_fournisseur
495,Verso Foods NV,BE,BE1254132992,2024-08-17,crm
496,Lumen Technologies Sp. z o.o.,DK,DK71704289,2024-05-15,reprise_erp
497,Vertex Distribution AB,PL,PL 7680 545209,2024-06-19,saisie_manuelle
498,Azur Logistics A/S,UK,UK4089940044,2024-04-30,reprise_erp
499,Global Technologies AB,NL,  NL116283208B83 ,2024-02-28,reprise_erp
500,Global Transports Sp. z o.o.,LU,LU63679605,2025-05-02,import_fournisseur
501,Lumen Technologies Sp. z o.o.,FI,FI82992794,2024-04-27,crm
502,Nord Consulting BV,BE,BE0772804984,2024-07-23,reprise_erp
503,Cobalt Materials GmbH,IT,IT99914078446,2025-08-26,crm
504,Vela Technologies BV,BE,BE2626269930,2025-03-28,reprise_erp
505,Metallo Transports AB,PL,PL6805910467,2024-09-11,crm
506,Orion Consulting SA,NL,  NL846540186B70 ,2024-02-20,import_fournisseur
507,Solaris Trading Lda,LU,null,2024-08-25,import_fournisseur
508,Kappa Technologies Oy,FI,FI38276977,2025-09-18,import_fournisseur
509,Fabrica Transports SARL,BE,BE1654999647,2025-08-08,portail_client
510,Lusitania Industries Sp. z o.o.,SE,SE187824451401,2024-01-16,crm
511,Corvus Transports AB,IT,IT.32774208907,2025-01-17,crm
512,Global Logistics A/S,IT,IT.51983737191,2024-10-29,reprise_erp
513,Papyrus Transports A/S,PT,PT356604683,2025-03-25,portail_client
514,Kappa Transports AB,PT,PT284947578,2024-02-03,crm
515,Papyrus Logistics SA,ZZ,ZZ32028219,2024-09-24,reprise_erp
516,Fabrica Consulting Lda,NL,160554433B57,2025-04-14,crm
517,Orion Technologies A/S,LU,LU92251934,2024-08-10,portail_client
518,Global Technologies A/S,IT,IT02378029991,2025-09-09,crm
519,Cobalt Trading SA,DK,dk00265454,2025-03-10,crm
520,Hanse Trading SA,IT,IT34276306346,2025-07-18,portail_client
521,Global Trading A/S,QQ,QQ0637779354,2024-08-24,saisie_manuelle
522,Lumen Distribution NV,IT,IT75394131108,2024-04-28,reprise_erp
523,Vela Transports Oy,LU,LU32397515,2025-02-08,portail_client
524,Alpine Foods SAS,FR,FR 0914 2394156,2024-11-21,crm
525,Nord Materials Oy,SE,SE571434076601,2024-02-12,import_fournisseur
526,Lusitania Services AB,SE,SE21790929O401,2025-04-18,crm
527,Granit Transports SA,SE,SE805736813501,2025-03-28,crm
528,Global Trading BV,SE,395554408901,2024-04-18,reprise_erp
529,Global Transports BV,SE,SE.732523052701,2024-07-24,portail_client
530,Prima Consulting SARL,QQ,QQ72558658,2024-09-12,saisie_manuelle
531,Global Distribution BV,DK,DK25594511,2025-01-22,saisie_manuelle
532,Nord Trading SpA,PT,null,2024-02-05,import_fournisseur
533,Nord Services A/S,DK,DK 6863 4067,2024-07-08,import_fournisseur
534,Nord Industries SA,PT,PT.700778780,2025-06-29,reprise_erp
535,Hanse Technologies A/S,PL,PL5757605262,2024-05-26,import_fournisseur
536,Delta Foods A/S,SE,SE668893602701,2024-09-23,portail_client
537,Meridian Services SA,FR,83978048922,2025-08-05,saisie_manuelle
538,Orion Technologies BV,FI,FI.18564496,2025-02-21,saisie_manuelle
539,Papyrus Industries SA,BE,0282330178,2025-01-16,reprise_erp
540,Delta Trading SARL,FR,FR003433647676,2024-09-02,portail_client
541,Lusitania Trading Lda,PL,PL4686491192,2025-03-21,crm
542,Metallo Materials Oy,NL,NL0K4394479B41,2024-07-28,import_fournisseur
543,Prima Foods BV,ZZ,ZZ236109235,2024-12-29,portail_client
544,Cobalt Technologies GmbH,NL,NL105427135B685,2025-03-13,reprise_erp
545,Metallo Materials SA,DK,DK33111827,2025-06-27,import_fournisseur
546,Orion Logistics AB,BE,BE0342021494,2024-04-22,saisie_manuelle
547,Batavia Foods SA,PT,PT691368332,2025-04-07,import_fournisseur
548,Atlantic Distribution Oy,DK,DK44945894,2024-02-22,crm
549,Orion Trading BV,IT,IT62639576164,2024-06-15,saisie_manuelle
550,Cobalt Transports SA,PL,1151018694,2025-04-09,saisie_manuelle
551,Global Transports A/S,NL,NL777768240B52,2024-12-29,portail_client
552,Nord Trading BV,NL,NL807011824B19,2024-04-24,saisie_manuelle
553,Lumen Distribution SA,BE,be0313668207,2025-04-09,import_fournisseur
554,Delta Transports NV,DK,DK04068289,2024-11-18,import_fournisseur
555,Cobalt Transports Oy,LU,LU63367281,2025-08-28,import_fournisseur
556,Baltic Distribution GmbH,IT,IT67753673945,2024-02-23,crm
557,Vertex Trading SARL,LU,LU20172854,2024-08-12,portail_client
558,Textil Transports NV,DK,DK83991011,2025-06-05,import_fournisseur
559,Lusitania Distribution BV,FR,FR75800164306,2024-01-28,portail_client
560,Azur Services SA,PT,PT178581496,2025-06-29,saisie_manuelle
561,Cobalt Foods A/S,FI,FI94477124,2024-04-28,reprise_erp
562,Corvus Logistics Sp. z o.o.,LU,LU20807784,2025-01-25,saisie_manuelle
563,Cobalt Trading GmbH,SE,SE.438574666601,2024-02-15,reprise_erp
564,Fabrica Transports Lda,PL,PL9154671051,2025-03-22,saisie_manuelle
565,Lumen Technologies SpA,PT,PT334705454,2024-07-05,crm
566,Delta Foods SARL,NL,NL.773619264B10,2024-04-30,reprise_erp
567,Batavia Technologies GmbH,NL,NL991494520B54,2024-07-15,reprise_erp
568,Lusitania Distribution SpA,FR,FR.16922728668,2025-03-28,reprise_erp
569,Granit Foods Oy,BE,BE044727650,2025-01-12,portail_client
570,Vela Foods SpA,SE,SE932341925001,2024-05-25,saisie_manuelle
571,Kappa Foods Lda,FR,FR02776035434,2025-01-05,crm
572,Cobalt Materials GmbH,DK,DK66766160,2024-02-26,portail_client
573,Verso Distribution AB,PL,PL 2171 649458,2024-06-30,saisie_manuelle
574,Vela Logistics A/S,BE,BE155785909,2024-01-07,crm
575,Textil Consulting SAS,PL,PL2955021979,2024-01-23,portail_client
576,Nord Services BV,IT,IT088961045130,2025-03-13,saisie_manuelle
577,Vertex Materials AB,BE,BE.0602077416,2024-11-16,import_fournisseur
578,Lusitania Transports Lda,FR,FR0922185G623,2025-01-07,import_fournisseur
579,Prima Industries NV,PT,PT309988187,2024-02-27,saisie_manuelle
580,Lusitania Industries A/S,NL,NL.258876116B36,2025-07-27,import_fournisseur
581,Metallo Distribution A/S,DK,DK5523382H,2024-06-08,crm
582,Orion Materials Oy,IT,IT28563441824,2025-02-26,portail_client
583,Papyrus Materials SARL,SE,SE-754507480401,2024-08-25,saisie_manuelle
584,Meridian Foods Lda,LU,LU41022825,2025-07-13,saisie_manuelle
585,Textil Trading GmbH,LU,LU70981237,2024-11-30,saisie_manuelle
586,Delta Transports BV,LU,lu32958316,2025-03-06,crm
587,Baltic Industries AB,UK,UK14286084232,2025-04-11,portail_client
588,Granit Distribution Lda,NL,NL.391983775B24,2025-06-04,crm
589,Lusitania Industries Sp. z o.o.,SE,SE187824451401,2024-04-01,saisie_manuelle
590,Meridian Consulting SpA,FR,FR41766744981,2024-07-09,import_fournisseur
591,Fabrica Consulting SpA,ZZ,ZZ1545654242,2024-05-24,saisie_manuelle
592,Cobalt Consulting SA,BE,BE0963975310,2024-03-03,reprise_erp
593,Metallo Materials SpA,FR,FR29242025417,2024-11-30,reprise_erp
594,Metallo Consulting NV,FI,FI.94668772,2024-10-15,saisie_manuelle
595,Ardent Distribution GmbH,ZZ,ZZ0932368849,2025-07-23,saisie_manuelle
596,Verso Services Lda,NL,NL240734411B40,2024-07-12,reprise_erp
597,Metallo Foods SpA,FI,FI75234493,2024-08-26,import_fournisseur
598,Metallo Distribution A/S,SE,SE337094873301,2025-08-31,crm
599,Vela Industries SARL,BE,BE1126856423,2025-06-19,import_fournisseur
600,Papyrus Consulting Sp. z o.o.,FR,FR80630247758,2025-08-02,reprise_erp
601,Azur Trading SAS,DK,DK21520349,2024-12-21,crm
602,Corvus Consulting GmbH,PL,PL481853459,2025-07-17,import_fournisseur
603,Baltic Consulting Sp. z o.o.,FI,FI73681H47,2024-07-24,saisie_manuelle
604,Metallo Foods BV,NL,NL94106585OB46,2024-02-17,portail_client
605,Metallo Services Oy,PT,433384956,2024-01-27,reprise_erp
606,Metallo Industries NV,FR,FR58722429796,2025-05-07,portail_client
607,Baltic Consulting SA,DK,DK61828400,2024-01-07,reprise_erp
608,Lumen Technologies SpA,IT,IT.43229003462,2024-11-22,portail_client
609,Nord Consulting NV,LU,LU512803741,2024-06-28,import_fournisseur
610,Cobalt Technologies NV,PT,PT611577020,2024-07-11,portail_client
611,Solaris Industries SpA,FI,FI10002173,2024-05-12,crm
612,Ardent Trading Oy,LU,LU93305770,2024-07-26,crm
613,Fabrica Distribution SAS,PT,PT658564900,2025-08-08,saisie_manuelle
614,Solaris Distribution BV,IT,IT33223556631,2024-05-19,saisie_manuelle
615,Atlantic Transports SA,FI,FI0310277G,2025-05-25,import_fournisseur
616,Solaris Materials SAS,UK,UK52393045,2024-06-28,crm
617,Hanse Industries SA,PL,PL8155310608,2025-01-03,saisie_manuelle
618,Atlantic Distribution Lda,PT,PT557467896,2024-01-14,portail_client
619,Kappa Transports GmbH,FR,FR67220954459,2024-05-01,saisie_manuelle
620,Lusitania Transports A/S,IT,IT47552322579,2025-05-23,import_fournisseur
621,Fabrica Trading Oy,PT,PT434410147,2024-08-17,saisie_manuelle
622,Solaris Materials SA,DK,DK17987437,2024-07-06,reprise_erp
623,Alpine Trading SAS,SE,227489464701,2024-08-20,reprise_erp
624,Alpine Services AB,FR,N/A,2024-09-23,import_fournisseur
625,Ardent Foods AB,ZZ,ZZ20474878822,2025-09-28,saisie_manuelle
626,Vertex Logistics SAS,DK,DK05715636,2025-02-23,crm
627,Global Technologies SpA,PL,PL59034180347,2024-10-01,import_fournisseur
628,Papyrus Technologies Oy,DK,DK00272787,2025-06-28,reprise_erp
629,Metallo Consulting SpA,LU,LU64665065,2024-12-03,crm
630,Lusitania Materials SARL,XX,XX82647147,2024-12-04,portail_client
631,Lusitania Consulting Sp. z o.o.,BE,BE 0194 844096,2024-09-09,reprise_erp
632,Delta Transports Sp. z o.o.,FI,FI77333700,2024-06-20,reprise_erp
633,Solaris Distribution Sp. z o.o.,IT,IT9004918307H,2024-11-20,portail_client
634,Orion Industries AB,UK,UK81283302006,2024-05-08,crm
635,Fabrica Industries SpA,PT,PT6H0268947,2025-07-06,crm
636,Global Industries Oy,FR,FR2216648349,2025-09-23,import_fournisseur
637,Alpine Transports Sp. z o.o.,FR,FR.87411489351,2024-04-12,import_fournisseur
638,Metallo Consulting GmbH,PT,PT356203298,2025-05-01,portail_client
639,Granit Materials Lda,QQ,QQ456302906B40,2024-04-05,import_fournisseur
640,Papyrus Materials A/S,BE,BE0801787620,2025-01-04,saisie_manuelle
641,Corvus Services GmbH,IT,IT-55553299044,2024-01-07,saisie_manuelle
642,Cobalt Foods SA,FI,FI32947629,2025-01-01,saisie_manuelle
643,Hanse Transports Lda,LU,LU21776872,2024-12-28,crm
644,Vela Consulting SA,SE,SE440288117301,2024-01-28,portail_client
645,Ardent Materials A/S,DK,48142036,2024-09-03,reprise_erp
646,Textil Logistics BV,NL,nl589637186b20,2025-06-26,crm
647,Metallo Services SARL,FR,FR.40699751575,2024-06-16,reprise_erp
648,Atlantic Services Lda,IT,IT02671597447,2025-02-17,reprise_erp
649,Fabrica Technologies Lda,FI,FI45920900,2024-09-17,portail_client
650,Ardent Logistics NV,UK,UK067921461901,2025-03-02,saisie_manuelle
651,Baltic Distribution Lda,PL,PL6392206862,2024-02-08,import_fournisseur
652,Hanse Foods BV,NL,NL094087738B92,2025-06-08,crm
653,Ardent Services Oy,FI,FI04060465,2025-04-12,reprise_erp
654,Batavia Distribution GmbH,PL,PL 4451 865365,2024-12-18,reprise_erp
655,Hanse Consulting Lda,DK,DK22454705,2025-03-19,crm
656,Alpine Services GmbH,BE,BE1695673826,2024-10-24,portail_client
657,Textil Foods SA,IT,IT39892841154,2024-04-05,crm
658,Vertex Trading SpA,BE,BE11H5207112,2024-08-31,portail_client
659,Textil Materials Oy,IT,IT-10877293604,2025-09-08,reprise_erp
660,Lumen Industries GmbH,DK,DK65884003,2024-11-12,crm
661,Batavia Transports Oy,FI,FI22567999,2025-02-14,reprise_erp
662,Verso Transports Lda,PT,PT612775869,2024-05-29,saisie_manuelle
663,Papyrus Trading SARL,LU,50324640,2025-07-07,portail_client
664,Delta Consulting GmbH,DK,DK23746751,2024-07-28,crm
665,Fabrica Industries AB,LU,LU.49481867,2025-01-14,portail_client
666,Corvus Industries SpA,PT,PT181112612,2024-07-11,portail_client
667,Vela Industries SAS,BE,be0451772154,2025-04-02,crm
668,Delta Services A/S,FR,FR63528484914,2025-01-29,saisie_manuelle
669,Ardent Industries BV,BE,BE7749713219,2025-02-09,crm
670,Vertex Distribution Sp. z o.o.,FR,N/A,2025-05-16,crm
671,Delta Consulting GmbH,DK,DK23746751,2024-04-03,import_fournisseur
672,Azur Transports SA,LU,LU2907043H,2025-03-15,crm
673,Meridian Technologies SpA,IT,65678084248,2025-07-03,crm
674,Corvus Industries Sp. z o.o.,FR,FR12838044595,2024-08-10,reprise_erp
675,Cobalt Logistics AB,SE,SE.240328410801,2025-01-30,import_fournisseur
676,Solaris Transports SARL,NL,NL417223316B27,2025-04-30,portail_client
677,Fabrica Foods GmbH,PT,PT.742042260,2025-07-15,portail_client
678,Ardent Distribution SAS,SE,SE-481781939601,2025-02-09,saisie_manuelle
679,Vertex Trading NV,PT,null,2024-12-29,saisie_manuelle
680,Meridian Distribution SAS,BE,1953621273,2025-04-07,portail_client
681,Baltic Industries SpA,LU,LU 7723 0855,2025-03-05,reprise_erp
682,Corvus Trading GmbH,FI,FI-05833976,2025-03-05,import_fournisseur
683,Textil Trading Oy,PL,PL37905352915,2024-08-02,reprise_erp
684,Hanse Technologies SAS,FR,FR 8111 8731709,2025-07-26,import_fournisseur
685,Orion Materials SAS,IT,IT61786884577,2025-06-15,import_fournisseur
686,Batavia Foods SpA,FR,FR49576049909,2025-02-24,portail_client
687,Lumen Consulting BV,NL,,2024-07-14,reprise_erp
688,Verso Services Oy,DK,DK48646344,2025-09-20,reprise_erp
689,Orion Technologies SARL,PT,PT 8561 63813,2025-04-29,crm
690,Batavia Industries A/S,DK,DK40966617,2025-08-11,crm
691,Papyrus Materials SARL,NL,381581160B69,2024-11-08,portail_client
692,Global Distribution SpA,UK,UK610812408,2024-11-05,reprise_erp
693,Orion Technologies Lda,FI,FI 0980 8030,2024-01-03,reprise_erp
694,Papyrus Trading SpA,LU,LU27934159,2025-02-13,reprise_erp
695,Metallo Services Oy,BE,BE0605238824,2025-07-15,saisie_manuelle
696,Corvus Transports Lda,BE,BE1223142581,2025-02-25,saisie_manuelle
697,Fabrica Transports GmbH,FI,FI97064522,2024-09-13,portail_client
698,Baltic Distribution SARL,FI,FI60515305,2024-12-20,crm
699,Corvus Distribution SpA,BE,BE0250935650,2025-01-25,import_fournisseur
700,Atlantic Materials Sp. z o.o.,SE,SE014400841401,2024-02-04,import_fournisseur
701,Delta Industries A/S,FR,FR49878659797,2025-02-25,saisie_manuelle
702,Vertex Foods NV,PT,PT332283194,2025-02-08,saisie_manuelle
703,Orion Services SpA,IT,IT73569093385,2025-03-12,portail_client
704,Prima Services AB,BE,BE0636408981,2025-04-15,portail_client
705,Fabrica Consulting BV,PL,PL1948745046,2024-06-13,crm
706,Granit Materials A/S,DK,91565056,2025-01-13,reprise_erp
707,Baltic Materials Sp. z o.o.,PL,PL 6565 434227,2024-02-17,import_fournisseur
708,Kappa Transports SpA,NL,NL579516921B155,2025-03-31,portail_client
709,Orion Services BV,SE,SE611082212601,2024-04-04,portail_client
710,Metallo Logistics SA,FR,FR.80999997984,2025-01-25,import_fournisseur
711,Prima Materials SAS,NL,NL017266270B4,2024-12-01,reprise_erp
712,Kappa Services SA,IT,IT52649101962,2024-04-12,reprise_erp
713,Global Industries Sp. z o.o.,FI,94374459,2025-03-23,portail_client
714,Cobalt Industries Lda,PT,PT85773111,2025-09-12,saisie_manuelle
715,Azur Trading SA,IT,IT19567733514,2025-04-07,import_fournisseur
716,Lusitania Materials GmbH,LU,LU9473281,2024-08-08,reprise_erp
717,Granit Foods Lda,LU,LU61639166,2025-09-24,saisie_manuelle
718,Solaris Technologies SARL,FR,FR 5391 7821806,2025-05-20,saisie_manuelle
719,Kappa Materials AB,IT,IT85720521930,2025-02-03,reprise_erp
720,Orion Technologies BV,FI,FI-18564496,2024-10-13,portail_client
721,Hanse Distribution SA,DK,DK 2155 0272,2024-12-05,saisie_manuelle
722,Atlantic Distribution AB,FR,FR45905055601,2024-06-04,portail_client
723,Prima Industries SARL,BE,BE 1923 689746,2024-01-06,saisie_manuelle
724,Atlantic Services SAS,SE,se240199721401,2024-02-14,crm
725,Baltic Trading SAS,PL,PL244333J260,2025-05-16,saisie_manuelle
726,Vertex Industries Sp. z o.o.,FI,FI95603436,2024-02-08,import_fournisseur
727,Vela Consulting AB,PL,PL9722081659,2024-03-05,import_fournisseur
728,Fabrica Industries Oy,PL,PL8420555890,2024-04-01,saisie_manuelle
729,Baltic Industries Sp. z o.o.,ZZ,ZZ71233770,2025-09-14,saisie_manuelle
730,Nord Trading SA,FR,FR6948564215,2025-09-20,crm
731,Orion Services Sp. z o.o.,PL,6723685461,2024-07-27,import_fournisseur
732,Fabrica Foods A/S,IT,IT568660456957,2024-06-23,import_fournisseur
733,Verso Foods Sp. z o.o.,BE,BE1232812956,2025-06-27,import_fournisseur
734,Orion Materials SpA,IT,IT19982727851,2024-12-12,saisie_manuelle
735,Global Trading BV,SE,SE207251416501,2025-04-03,saisie_manuelle
736,Azur Trading AB,IT,IT-06476568578,2024-02-27,reprise_erp
737,Lusitania Logistics NV,NL,NL917031660B62,2025-05-11,import_fournisseur
738,Alpine Foods NV,LU,LU96213747,2024-03-08,saisie_manuelle
739,Vela Materials SpA,NL,NL 5885 96449B55,2024-05-24,reprise_erp
740,Baltic Distribution SpA,BE,BE0618021244,2024-09-20,saisie_manuelle
741,Lusitania Services NV,PT,PT33140676,2024-11-20,crm
742,Granit Technologies SARL,SE,SE8311G1064101,2025-07-04,saisie_manuelle
743,Atlantic Distribution SpA,LU,LU42364808,2024-11-02,import_fournisseur
744,Kappa Services A/S,SE,SE464815626501,2024-05-20,reprise_erp
745,Nord Transports NV,NL,NLJ41770579B78,2025-06-01,portail_client
746,Fabrica Transports SpA,IT,IT13867560537,2024-10-30,crm
747,Ardent Consulting A/S,FR,FR41610379429,2024-08-21,import_fournisseur
748,Verso Transports BV,PL,  PL2410175289 ,2024-03-25,crm
749,Delta Materials BV,DK,DK52084849,2025-01-17,reprise_erp
750,Meridian Distribution SpA,BE,  BE1724770361 ,2024-08-20,crm
751,Lusitania Trading SAS,XX,XX854229981,2024-02-14,saisie_manuelle
752,Global Technologies Lda,PT,PT-471663433,2024-11-21,saisie_manuelle
753,Corvus Foods SAS,NL,NL-009686344B91,2025-08-04,import_fournisseur
754,Cobalt Technologies SARL,IT,IT07913929563,2024-11-05,reprise_erp
755,Delta Foods A/S,LU,LU 4233 1935,2025-06-10,crm
756,Corvus Consulting A/S,FR,FR 5779 4936452,2024-02-14,reprise_erp
757,Verso Foods SpA,LU,LU97594883,2025-01-25,crm
758,Vela Distribution Sp. z o.o.,FI,FI.36938041,2024-01-31,crm
759,Papyrus Industries Lda,PL,PL-9625169062,2024-04-17,reprise_erp
760,Vela Materials SpA,NL,nl785427788b39,2024-02-23,crm
761,Prima Services Sp. z o.o.,DK,DK.58271373,2025-03-13,reprise_erp
762,Lusitania Distribution Sp. z o.o.,FI,FI69204239,2025-03-17,reprise_erp
763,Granit Transports SpA,PT,PT-148937934,2025-09-24,saisie_manuelle
764,Textil Materials NV,BE,BE1467632962,2025-04-03,import_fournisseur
765,Baltic Transports GmbH,SE,SE280781467701,2025-04-03,reprise_erp
766,Prima Technologies Oy,DK,DK64208373,2024-02-20,reprise_erp
767,Textil Trading Sp. z o.o.,PL,PL.3156429167,2025-08-27,portail_client
768,Papyrus Consulting SAS,BE,BEM915531452,2025-10-01,saisie_manuelle
769,Corvus Foods SARL,FR,FR12891859031,2025-03-25,reprise_erp
770,Fabrica Technologies Sp. z o.o.,DK,DK59075918,2025-09-04,portail_client
771,Delta Technologies NV,DK,DK76518734,2024-03-03,saisie_manuelle
772,Prima Consulting SA,IT,IT02086245837,2024-06-27,portail_client
773,Fabrica Trading SARL,DK,DK88618084,2024-07-23,portail_client
774,Global Distribution Sp. z o.o.,SE,SE69166638490,2024-05-31,reprise_erp
775,Delta Distribution BV,SE,SE122955021301,2024-04-23,portail_client
776,Solaris Technologies GmbH,SE,SE-566291382001,2024-03-27,portail_client
777,Papyrus Logistics A/S,SE,SE-6547921566010,2024-03-21,saisie_manuelle
778,Meridian Logistics GmbH,NL,NL-559832230B51,2024-08-02,saisie_manuelle
779,Papyrus Trading SAS,SE,SE-742017778901,2024-04-03,reprise_erp
780,Hanse Consulting A/S,SE,SE500306963901,2025-04-10,reprise_erp
781,Kappa Trading SAS,DK,DK52178562,2025-04-29,portail_client
782,Hanse Transports GmbH,SE,102863781501,2024-08-24,import_fournisseur
783,Textil Foods NV,SE,550629771101,2024-08-28,crm
784,Baltic Technologies SpA,BE,BE0351692207,2025-01-29,portail_client
785,Cobalt Logistics SARL,SE,SE003903834401,2024-08-04,import_fournisseur
786,Metallo Logistics SpA,IT,IT31075988837,2025-06-25,portail_client
787,Ardent Consulting NV,PT,PT459177559,2025-09-12,portail_client
788,Baltic Transports SA,PL,PL6272615664,2025-08-26,import_fournisseur
789,Kappa Technologies GmbH,XX,XX37149959266,2025-08-19,reprise_erp
790,Nord Services NV,DK,DK95617296,2024-03-02,portail_client
791,Nord Trading BV,NL,NL424099925B02,2025-06-17,import_fournisseur
792,Lusitania Logistics NV,BE,BE1350314927,2025-05-19,portail_client
793,Verso Transports NV,BE,BE0177847239,2025-01-05,import_fournisseur
794,Verso Distribution Oy,QQ,QQ6297627899,2025-01-21,import_fournisseur
795,Vertex Technologies Lda,PT,PT49370154,2024-02-28,crm
796,Granit Trading BV,PT,PT.521945763,2025-04-22,reprise_erp
797,Metallo Industries GmbH,IT,IT.36586305769,2024-09-16,reprise_erp
798,Baltic Logistics GmbH,PT,520614305,2025-06-17,portail_client
799,Ardent Consulting Lda,FI,FI 0304 4471,2025-04-29,portail_client
800,Global Materials Oy,FR,FR-81218249441,2024-02-20,crm
801,Kappa Distribution GmbH,FI,25307340,2025-08-14,crm
802,Lusitania Trading A/S,PL,PL7863844664,2024-01-26,portail_client
803,Fabrica Distribution AB,FR,FR37826181762,2024-02-07,reprise_erp
804,Atlantic Materials BV,FI,FI30789161,2024-03-13,reprise_erp
805,Ardent Distribution Sp. z o.o.,DK,DK51215524,2024-01-28,reprise_erp
806,Solaris Transports SA,PT,  PT829025340 ,2024-11-23,import_fournisseur
807,Verso Foods A/S,NL,NL360867340B104,2024-02-20,portail_client
808,Kappa Logistics SAS,LU,LU61682959,2025-05-19,reprise_erp
809,Fabrica Materials Lda,FR,FR52941815758,2025-02-28,portail_client
810,Delta Technologies SARL,NL,NL205106924B91,2024-06-04,import_fournisseur
811,Azur Services Lda,LU,LU45358743,2024-03-12,reprise_erp
812,Granit Foods Oy,NL,NL500272293B51,2024-11-05,reprise_erp
813,Corvus Consulting GmbH,LU,LU60281821,2024-02-09,crm
814,Prima Industries SAS,PT,PT630081263,2024-02-26,crm
815,Granit Trading SARL,IT,IT687109213691,2025-02-05,reprise_erp
816,Baltic Foods BV,PT,PT85259984,2025-01-23,portail_client
817,Verso Logistics NV,PL,9912394884,2025-06-12,portail_client
818,Papyrus Transports Oy,LU,LU95410626,2025-01-27,reprise_erp
819,Delta Materials AB,BE,1535023416,2025-05-07,saisie_manuelle
820,Metallo Distribution Oy,SE,SE10063118210H,2024-12-06,saisie_manuelle
821,Granit Foods BV,DK, ,2025-07-27,reprise_erp
822,Nord Foods SAS,PL,PL-5094917321,2024-07-23,reprise_erp
823,Meridian Consulting GmbH,PL,PL6006757724,2024-05-25,crm
824,Granit Distribution SpA,DK,DK05907101,2024-07-15,reprise_erp
825,Lumen Transports SAS,NL,NL380994264B92,2025-03-23,import_fournisseur
826,Delta Materials BV,DK,DK52084849,2024-01-28,import_fournisseur
827,Nord Foods Sp. z o.o.,DK,DK21551082,2025-08-03,saisie_manuelle
828,Delta Consulting NV,IT,IT46768492922,2024-12-24,crm
829,Global Materials Sp. z o.o.,PT,PT566843471,2025-05-01,reprise_erp
830,Kappa Technologies Lda,SE,SE.719592036301,2024-05-11,import_fournisseur
831,Atlantic Foods SARL,QQ,QQ954863715701,2025-08-18,saisie_manuelle
832,Cobalt Foods NV,SE,SE 3316 04366401,2024-09-18,reprise_erp
833,Lusitania Logistics A/S,BE,BE 0494 273693,2024-07-28,saisie_manuelle
834,Batavia Industries SA,FR,FR39282876841,2024-02-22,saisie_manuelle
835,Ardent Services A/S,PL,PL41185523863,2024-05-12,reprise_erp
836,Alpine Logistics GmbH,NL,NL499260958B52,2024-12-02,portail_client
837,Delta Transports GmbH,DK,DK69677592,2024-08-05,saisie_manuelle
838,Solaris Trading NV,DK,null,2025-01-17,portail_client
839,Alpine Foods NV,PL,PL-9973864692,2025-07-06,reprise_erp
840,Azur Distribution Lda,PL,PL2625603891,2024-05-11,crm
841,Prima Services BV,DK,  DK04160967 ,2024-04-13,saisie_manuelle
842,Batavia Foods Sp. z o.o.,FR,FR07259968696,2025-05-10,saisie_manuelle
843,Alpine Services GmbH,PT,PT-551278056,2024-01-10,crm
844,Orion Consulting Sp. z o.o.,NL,NL306119675B20,2024-08-13,crm
845,Solaris Distribution Lda,PT,PT566420003,2025-08-17,import_fournisseur
846,Vertex Technologies SAS,SE,SE870685071901,2024-10-04,portail_client
847,Vela Technologies SA,BE,  BE0262172588 ,2024-12-29,saisie_manuelle
848,Corvus Technologies SARL,FR,fr75695420763,2025-03-28,import_fournisseur
849,Vertex Materials AB,UK,UK949812293,2024-03-31,crm
850,Prima Technologies GmbH,NL,NL676035954B78,2025-01-28,reprise_erp
851,Papyrus Materials SARL,NL,NL448602477B157,2025-06-02,import_fournisseur
852,Fabrica Services BV,IT,IT66761558205,2025-08-15,saisie_manuelle
853,Meridian Materials A/S,FI,11015857,2024-06-17,import_fournisseur
854,Hanse Consulting SAS,LU,LU37487305,2024-06-14,import_fournisseur
855,Global Logistics SpA,FR,FR63162895997,2024-08-27,reprise_erp
856,Cobalt Transports GmbH,PL,PL5745758741,2024-07-01,crm
857,Fabrica Technologies A/S,FI,FI64257543,2025-04-21,reprise_erp
858,Vertex Distribution NV,FI,FI-18838098,2025-03-20,reprise_erp
859,Vertex Consulting Sp. z o.o.,FR,FR365K0339166,2025-05-17,import_fournisseur
860,Vela Materials A/S,UK,UK83124112,2025-01-19,import_fournisseur
861,Azur Technologies SAS,NL,425112330B49,2024-11-01,crm
862,Prima Foods Sp. z o.o.,IT,it29570290063,2025-06-03,import_fournisseur
863,Metallo Foods Lda,LU,LU 9330 2639,2025-03-04,crm
864,Kappa Services A/S,PL,PL.4893104321,2024-05-31,import_fournisseur
865,Vela Transports SARL,SE,SE 3668 28595401,2024-07-11,import_fournisseur
866,Orion Trading A/S,FI,FI63213273,2025-07-24,portail_client
867,Verso Foods Lda,NL,NL655081331B44,2024-01-10,saisie_manuelle
868,Papyrus Technologies GmbH,PT,PT195920667,2025-01-11,portail_client
869,Hanse Materials A/S,FI,FI 0155 7265,2024-03-24,portail_client
870,Verso Trading Oy,DK,dk26375053,2024-09-09,import_fournisseur
871,Lusitania Services Sp. z o.o.,FI,fi46597412,2024-12-10,reprise_erp
872,Metallo Transports Sp. z o.o.,IT,IT13192512971,2025-06-16,import_fournisseur
873,Hanse Consulting SpA,SE,SE 3902 35178601,2024-08-08,reprise_erp
874,Fabrica Consulting SAS,FR,30776536416,2025-07-17,crm
875,Azur Distribution GmbH,PL,PL9923833502,2024-02-12,saisie_manuelle
876,Vela Technologies Sp. z o.o.,QQ,QQ484748190,2024-06-04,portail_client
877,Batavia Materials A/S,PT,pt513795111,2025-02-23,import_fournisseur
878,Corvus Services GmbH,IT,IT-55553299044,2025-09-21,reprise_erp
879,Delta Distribution GmbH,IT,IT277263524647,2024-05-20,portail_client
880,Fabrica Distribution AB,LU,LU691465245,2025-03-05,crm
881,Nord Distribution A/S,SE,SE170623400001,2024-09-19,portail_client
882,Metallo Industries Sp. z o.o.,LU,lu59295335,2024-06-12,crm
883,Lumen Trading AB,BE,BE1949624873,2025-05-10,crm
884,Vertex Consulting SA,LU,LU54813186,2024-12-17,saisie_manuelle
885,Vela Foods SA,NL,NL075404199B54,2025-02-14,crm
886,Atlantic Trading Oy,SE,SE.403015580001,2024-04-15,saisie_manuelle
887,Delta Services A/S,DK,DK72024028,2025-08-04,portail_client
888,Azur Logistics NV,LU,LU92848436,2025-01-17,saisie_manuelle
889,Solaris Distribution Sp. z o.o.,DK,DK 7650 3214,2024-11-20,portail_client
890,Cobalt Materials SAS,SE,SE428397252101,2025-07-13,portail_client
891,Batavia Materials A/S,PT,PT323107603,2024-08-09,portail_client
892,Solaris Technologies SARL,FI,FI-19435880,2024-12-09,portail_client
893,Kappa Industries NV,FI,FI 1489 0382,2025-02-26,saisie_manuelle
894,Lumen Foods AB,PT,PT280000243,2025-03-28,reprise_erp
895,Orion Consulting SA,FI,FI54785974,2024-02-16,saisie_manuelle
896,Lusitania Foods Oy,FR,FR.21401779047,2024-12-20,import_fournisseur
897,Metallo Industries Lda,IT,IT23654272105,2025-02-27,import_fournisseur
898,Lumen Technologies Oy,NL,NL351519774B43,2024-02-24,portail_client
899,Azur Industries AB,IT,IT39306382555,2024-01-30,reprise_erp
900,Verso Technologies Oy,NL,NL266728595B80,2025-01-30,saisie_manuelle
901,Meridian Technologies Sp. z o.o.,NL,84-3131032B77,2024-06-12,crm
902,Verso Materials SAS,NL,727213994B55,2024-01-11,crm
903,Cobalt Distribution Oy,PT,PT763968056,2025-08-09,crm
904,Kappa Logistics SA,NL,-,2024-05-19,import_fournisseur
905,Metallo Consulting Sp. z o.o.,DK,DK 0319 0056,2025-01-08,reprise_erp
906,Ardent Materials SARL,FI,FI 9430 97619,2024-11-05,crm
907,Verso Industries SARL,FR,FR 4262 4733360,2024-02-02,portail_client
908,Papyrus Materials NV,IT,IT340332768402,2024-05-02,reprise_erp
909,Fabrica Consulting GmbH,LU,LU40582776,2024-12-11,crm
910,Textil Trading Sp. z o.o.,BE,,2025-02-21,saisie_manuelle
911,Metallo Foods SAS,BE,BE1208429661,2025-05-13,saisie_manuelle
912,Metallo Logistics SpA,PT,PT334789877,2024-05-06,import_fournisseur
913,Corvus Trading Sp. z o.o.,PL,PL2882472669,2025-05-03,portail_client
914,Ardent Materials SA,PL,PL 9909 614413,2024-01-22,portail_client
915,Lusitania Foods NV,FR,FR09446133942,2024-03-23,crm
916,Fabrica Logistics SAS,PL,PL4482709850,2025-09-19,import_fournisseur
917,Alpine Materials Sp. z o.o.,FR,FR93149811192,2025-07-20,import_fournisseur
918,Meridian Distribution AB,SE,SE867576411501,2025-06-13,reprise_erp
919,Vela Technologies SARL,NL,NL6132922G5B31,2025-05-16,import_fournisseur
920,Meridian Logistics BV,NL,-,2024-09-14,reprise_erp
921,Vela Consulting SpA,FR,FR94347106638,2024-11-24,portail_client
922,Alpine Industries Oy,IT,IT-50184119829,2024-12-20,portail_client
923,Baltic Transports SA,DK,DK12801483,2025-05-23,portail_client
924,Ardent Transports BV,FR,FR66231772400,2024-08-17,reprise_erp
925,Global Consulting SAS,DK,DK52460408,2024-10-04,portail_client
926,Hanse Consulting Lda,SE,SE0439877721013,2025-01-13,reprise_erp
927,Vertex Industries GmbH,PL,PL 3064 246097,2024-09-02,import_fournisseur
928,Prima Materials NV,SE,se725289373501,2024-03-06,saisie_manuelle
929,Nord Technologies Lda,DK,DK6975271,2025-01-29,saisie_manuelle
930,Textil Transports GmbH,LU,LU56056846,2025-05-24,crm
931,Meridian Trading BV,PT,129297011,2025-01-26,portail_client
932,Lusitania Logistics Sp. z o.o.,BE,BE1746737693,2024-05-07,saisie_manuelle
933,Alpine Transports NV,DK,DK37198256,2024-09-18,reprise_erp
934,Nord Foods Lda,LU,LU17008910,2025-03-26,portail_client
935,Prima Consulting SAS,PT,pt669316342,2024-08-19,import_fournisseur
936,Alpine Industries Sp. z o.o.,FR,FR366441358808,2024-12-09,portail_client
937,Lusitania Consulting BV,DK,DK56644970,2024-10-25,reprise_erp
938,Prima Transports BV,BE,,2025-03-16,crm
939,Corvus Transports BV,LU,LU 8084 8812,2024-07-27,import_fournisseur
940,Vertex Foods Oy,NL,NL088089138B21,2025-05-24,crm
941,Delta Trading Sp. z o.o.,FI,FI39132369,2024-10-18,crm
942,Prima Logistics Oy,XX,XX4092735087,2025-06-12,crm
943,Hanse Logistics SAS,DK,DK63775002,2025-01-11,saisie_manuelle
944,Vertex Trading SpA,IT,IT-27256351704,2025-04-28,import_fournisseur
945,Verso Distribution Oy,IT,IT3579O361582,2024-06-25,import_fournisseur
946,Baltic Distribution SARL,QQ,QQ99135169,2024-07-09,portail_client
947,Kappa Technologies Lda,PL,PL4198696824,2025-08-23,import_fournisseur
948,Meridian Distribution AB,LU,LU47932964,2024-03-29,reprise_erp
949,Delta Technologies SpA,IT,IT54284624035,2024-01-25,reprise_erp
950,Atlantic Consulting SA,PT,PT119698129,2024-04-16,reprise_erp
951,Batavia Consulting AB,BE,BE1797949537,2024-12-16,saisie_manuelle
952,Kappa Trading A/S,LU,LU28528540,2025-09-12,reprise_erp
953,Meridian Distribution Sp. z o.o.,FR,FR05460001190,2024-01-11,portail_client
954,Prima Foods BV,ZZ,ZZ-236109235,2025-08-26,portail_client
955,Lusitania Services SAS,SE,SE776920555501,2024-02-03,portail_client
956,Lusitania Foods SARL,GB,GB67035666,2024-12-15,saisie_manuelle
957,Lumen Foods AB,SE,SE080865053501,2024-01-23,reprise_erp
958,Prima Logistics SARL,PL,PL5140666836,2024-05-16,reprise_erp
959,Lumen Foods Oy,NL,NL-236025259B95,2025-06-19,import_fournisseur
960,Nord Technologies Lda,SE,SE529469745201,2025-04-16,import_fournisseur
961,Orion Consulting AB,FI,FI-94501913,2025-09-26,reprise_erp
962,Nord Distribution Oy,FR,FR08876720510,2024-06-06,reprise_erp
963,Corvus Materials Lda,NL,NL416077171B25,2024-10-27,portail_client
964,Batavia Materials GmbH,DK,,2025-01-31,crm
965,Lusitania Transports Lda,FI,FI88097862,2025-06-28,saisie_manuelle
966,Hanse Foods Lda,PT,PT472287788,2024-02-20,portail_client
967,Batavia Transports AB,ZZ,ZZ450148554601,2025-07-29,import_fournisseur
968,Cobalt Distribution A/S,SE,SE375437174201,2024-01-10,import_fournisseur
969,Alpine Services A/S,SE,  SE325301901601 ,2024-07-27,portail_client
970,Solaris Trading Sp. z o.o.,XX,XX8710563952,2025-05-22,crm
971,Vertex Consulting BV,FR,FR62744345457,2024-01-25,saisie_manuelle
972,Baltic Transports Sp. z o.o.,DK,DK92689298,2024-04-25,saisie_manuelle
973,Papyrus Trading Oy,FI,FI934718200,2025-06-01,reprise_erp
974,Batavia Distribution Sp. z o.o.,LU,  LU84921970 ,2024-11-18,reprise_erp
975,Kappa Services A/S,DK,DK52300959,2024-01-24,saisie_manuelle
976,Atlantic Logistics SpA,DK,DK28401480,2024-09-18,import_fournisseur
977,Delta Trading AB,FI,FI05856473,2025-07-03,saisie_manuelle
978,Kappa Distribution SA,SE,SE457822055201,2024-10-14,reprise_erp
979,Global Foods SA,LU,LU16483406,2024-11-07,reprise_erp
980,Vertex Industries SARL,FI,79240241,2025-02-05,crm
981,Fabrica Logistics Sp. z o.o.,SE,SE412364584001,2024-01-20,crm
982,Meridian Services BV,LU,LU39338404,2024-04-04,saisie_manuelle
983,Corvus Transports AB,IT,IT 3277 4208907,2025-06-08,import_fournisseur
984,Batavia Materials SARL,IT,IT27678639579,2024-09-30,reprise_erp
985,Azur Materials SARL,SE,SE973432798501,2024-12-08,crm
986,Granit Distribution SAS,DK,DK66574083,2024-04-05,import_fournisseur
987,Solaris Services SARL,FI,fi38173388,2024-03-14,reprise_erp
988,Delta Technologies Lda,FR,FR08183721232,2024-11-13,portail_client
989,Prima Industries GmbH,BE,BE0651797042,2025-03-31,portail_client
990,Vertex Technologies Oy,SE,SE477649477201,2024-12-26,portail_client
991,Lusitania Materials SARL,XX,xx82647147,2025-07-09,reprise_erp
992,Fabrica Logistics Lda,NL,  NL972133252B09 ,2024-08-27,import_fournisseur
993,Solaris Services BV,FR,FR16958621675,2025-01-25,crm
994,Cobalt Materials Lda,IT,IT680870909546,2025-01-14,crm
995,Azur Materials SARL,PL,PL43587496808,2025-08-20,saisie_manuelle
996,Metallo Logistics SAS,LU,LU15266126,2024-03-20,crm
997,Vela Distribution SARL,PL,PL240G390928,2024-05-04,import_fournisseur
998,Metallo Materials GmbH,DK,DK67602515,2024-04-27,saisie_manuelle
999,Atlantic Materials NV,FI,FI93968239,2024-02-14,saisie_manuelle
1000,Kappa Distribution A/S,NL,nl689141166b02,2024-07-01,saisie_manuelle
1001,Papyrus Consulting SARL,BE,BE0636963306,2024-09-12,import_fournisseur
1002,Delta Services GmbH,SE,SE 2110 36314601,2024-07-18,reprise_erp
1003,Granit Transports SpA,PT,PT304076295,2025-05-31,crm
1004,Cobalt Consulting SARL,PL,PL1737468699,2025-06-08,saisie_manuelle
1005,Global Technologies SA,FI,FI86013848,2024-02-11,reprise_erp
1006,Vela Consulting BV,PT,PT355807190,2025-08-03,reprise_erp
1007,Kappa Materials SpA,QQ,QQ566208199,2025-02-28,saisie_manuelle
1008,Batavia Industries GmbH,IT,IT71386588975,2025-03-21,reprise_erp
1009,Kappa Materials SA,BE,BE1477507859,2025-03-18,reprise_erp
1010,Ardent Trading SARL,BE,,2025-01-09,import_fournisseur
1011,Kappa Logistics Sp. z o.o.,BE,BE03473307696,2024-11-21,reprise_erp
1012,Textil Distribution BV,PL,  PL9019685394 ,2025-02-06,reprise_erp
1013,Solaris Consulting GmbH,SE,SE106725767001,2025-04-18,crm
1014,Ardent Consulting Oy,PT,PT243615736,2025-09-22,crm
1015,Lusitania Industries SA,BE,BE142868J769,2025-01-30,portail_client
1016,Kappa Materials SpA,DK,05349443,2025-09-20,portail_client
1017,Textil Logistics SARL,LU,LU62772205,2024-02-14,crm
1018,Papyrus Foods GmbH,FR,FR699073518900,2025-09-13,portail_client
1019,Granit Foods BV,ZZ,ZZ318690179301,2024-12-04,reprise_erp
1020,Prima Technologies Oy,BE,BE0557918108,2024-11-09,reprise_erp
1021,Papyrus Technologies Oy,NL,-,2024-02-13,crm
1022,Papyrus Services SARL,PL,PL1362394646,2025-08-22,reprise_erp
1023,Textil Transports NV,NL,NL396167615B69,2024-10-31,import_fournisseur
1024,Prima Materials SARL,SE,SE310464774201,2024-03-11,import_fournisseur
1025,Fabrica Trading A/S,FR,FR69821523283,2024-09-28,saisie_manuelle
1026,Atlantic Industries NV,LU,LU.12761174,2024-06-08,import_fournisseur
1027,Azur Materials SAS,BE,BE1366491260,2024-12-25,portail_client
1028,Vela Foods GmbH,BE,BE1765259547,2024-08-17,saisie_manuelle
1029,Verso Transports SpA,PT,776875248,2024-05-04,reprise_erp
1030,Orion Services NV,PL,PL.1977260231,2024-06-05,saisie_manuelle
1031,Cobalt Transports Oy,UK,UK1289321822,2025-08-20,reprise_erp
1032,Lumen Logistics SAS,NL,  NL743677031B50 ,2024-08-14,import_fournisseur
1033,Azur Materials Lda,SE,SE556011946401,2024-12-20,reprise_erp
1034,Papyrus Trading SARL,IT,IT89488855688,2025-09-04,reprise_erp
1035,Orion Technologies Sp. z o.o.,FR,  FR27683525055 ,2024-11-05,crm
1036,Cobalt Consulting NV,BE,BE1968397O40,2024-04-05,import_fournisseur
1037,Baltic Foods SA,BE,BE0337852780,2024-03-09,crm
1038,Delta Services SpA,SE,SE526978875501,2024-09-11,saisie_manuelle
1039,Metallo Materials BV,IT,IT01541134157,2024-04-25,saisie_manuelle
1040,Verso Services SAS,PT,PT92077561,2024-02-08,import_fournisseur
1041,Atlantic Industries GmbH,IT,IT42983872864,2024-03-14,import_fournisseur
1042,Meridian Materials GmbH,NL,NL827230527B469,2024-10-15,portail_client
1043,Corvus Distribution NV,FR,FR86328942575,2025-09-08,portail_client
1044,Lumen Services Oy,PT,PT430475047,2024-04-07,import_fournisseur
1045,Global Distribution SpA,IT,IT70372163207,2025-02-12,portail_client
1046,Corvus Transports NV,SE,SE250546352701,2024-08-24,reprise_erp
1047,Verso Consulting SARL,NL,NL867995658B63,2024-11-13,import_fournisseur
1048,Alpine Consulting A/S,FR,FR19687951130,2024-03-30,saisie_manuelle
1049,Atlantic Logistics Sp. z o.o.,FR,FR21328904014,2024-12-02,reprise_erp
1050,Lusitania Industries NV,BE,BE0266011018,2025-08-10,saisie_manuelle
1051,Vela Materials NV,PT,PT.528869442,2025-03-27,crm
1052,Vertex Transports SpA,PT,PT265339197,2025-06-14,portail_client
1053,Meridian Technologies Lda,BE,BE1601361815,2025-08-31,saisie_manuelle
1054,Kappa Materials Lda,SE,034921214201,2025-02-13,portail_client
1055,Ardent Technologies BV,NL,NL076707532B52,2025-08-19,saisie_manuelle
1056,Delta Foods Sp. z o.o.,BE,BE0805234909,2025-08-16,reprise_erp
1057,Ardent Foods AB,SE,  SE196988435001 ,2024-09-07,saisie_manuelle
1058,Azur Logistics GmbH,IT,IT5437334155,2024-01-26,reprise_erp
1059,Batavia Foods Sp. z o.o.,NL, ,2024-02-25,crm
1060,Delta Distribution GmbH,BE,BE0684835737,2024-02-24,portail_client
1061,Nord Trading AB,IT,IT.86640899539,2025-01-18,portail_client
1062,Atlantic Logistics A/S,FI,FI96073294,2024-01-20,reprise_erp
1063,Nord Transports A/S,SE,082760917301,2024-09-17,saisie_manuelle
1064,Verso Materials Sp. z o.o.,FI,FI87786316,2024-05-05,portail_client
1065,Atlantic Transports SA,SE,SE4002082669015,2024-10-02,reprise_erp
1066,Meridian Technologies A/S,FI,FI9108723,2025-03-02,portail_client
1067,Vertex Distribution Sp. z o.o.,IT,IT42615786811,2025-09-08,portail_client
1068,Delta Technologies GmbH,SE,SE57697565850,2025-03-02,crm
1069,Textil Services SARL,LU,LU53429932,2024-08-24,reprise_erp
1070,Atlantic Trading GmbH,IT,IT94923942448,2024-08-30,crm
1071,Lusitania Trading A/S,XX,XX62534680248,2024-10-24,import_fournisseur
1072,Textil Materials SAS,LU,LU51571751,2024-05-24,portail_client
1073,Metallo Industries SpA,NL,NL.238247107B50,2025-09-01,saisie_manuelle
1074,Vertex Consulting Oy,SE,N/A,2024-07-27,crm
1075,Hanse Trading Lda,FI,FI23523226,2025-04-13,reprise_erp
1076,Meridian Industries SARL,NL,NL816405499B63,2025-09-02,reprise_erp
1077,Fabrica Consulting GmbH,SE,SE850695106301,2024-01-22,import_fournisseur
1078,Hanse Services Lda,SE,SE691685603901,2024-10-25,crm
1079,Verso Distribution Oy,LU,LU7K726459,2024-01-31,reprise_erp
1080,Global Consulting A/S,PL,3413169278,2024-11-23,portail_client
1081,Azur Logistics AB,FI,  FI71040368 ,2024-07-02,crm
1082,Fabrica Trading NV,SE,SE837861142301,2025-09-15,saisie_manuelle
1083,Cobalt Technologies SA,DK,DK-91959011,2024-10-06,reprise_erp
1084,Nord Transports BV,LU,lu30466215,2024-06-04,portail_client
1085,Global Consulting NV,PL, ,2024-06-12,reprise_erp
1086,Ardent Foods Oy,DK,DK.91970813,2024-04-03,crm
1087,Lusitania Industries A/S,XX,XX37498653,2025-03-11,portail_client
1088,Granit Distribution NV,IT,IT34445700197,2024-09-30,saisie_manuelle
1089,Global Distribution Oy,NL,NLG93266390B02,2025-09-18,reprise_erp
1090,Textil Trading Oy,ZZ,ZZ44791242,2024-09-25,saisie_manuelle
1091,Baltic Industries GmbH,NL,NL603879858B27,2025-06-30,portail_client
1092,Lusitania Materials SAS,PT,PT974370869,2025-04-24,portail_client
1093,Alpine Foods Lda,LU,LU88132547,2024-07-05,import_fournisseur
1094,Verso Logistics A/S,DK,DK07712073,2024-03-16,reprise_erp
1095,Meridian Industries SARL,NL,NL-421199969B58,2025-07-23,crm
1096,Papyrus Services SA,FI,FI57978405,2024-10-30,reprise_erp
1097,Atlantic Transports AB,FR,FR94340399201,2025-03-19,crm
1098,Orion Logistics NV,PT,PT970054408,2025-06-10,crm
1099,Hanse Transports BV,LU,LU88296284,2025-01-10,reprise_erp
1100,Delta Consulting AB,NL,NL875723864B50,2024-05-10,reprise_erp
1101,Solaris Technologies Oy,BE,be1924947776,2025-02-06,reprise_erp
1102,Lusitania Distribution SAS,NL,NL478854189B10,2024-01-28,portail_client
1103,Fabrica Transports SpA,PL,PL6854122273,2024-08-10,reprise_erp
1104,Metallo Transports Oy,BE,BE1773654995,2024-05-13,saisie_manuelle
1105,Global Services NV,LU,LU62961933,2025-09-26,crm
1106,Papyrus Logistics AB,DK,DK44383918,2025-08-29,import_fournisseur
1107,Orion Materials NV,PT,PT3061279702,2025-08-09,import_fournisseur
1108,Global Logistics BV,FR,FR9617074476K,2025-06-13,import_fournisseur
1109,Batavia Technologies Sp. z o.o.,LU,LU60356758,2024-12-31,crm
1110,Atlantic Industries Lda,PL,PL2233417283,2024-08-16,import_fournisseur
1111,Baltic Distribution SpA,NL,NL550731313B49,2024-04-30,reprise_erp
1112,Vela Consulting SA,LU,lu13587662,2024-03-26,saisie_manuelle
1113,Alpine Consulting Sp. z o.o.,FI,FI81289706,2024-01-16,import_fournisseur
1114,Alpine Logistics SA,FR,FR05160804690,2024-04-19,import_fournisseur
1115,Textil Industries NV,PT,N/A,2025-05-10,crm
1116,Fabrica Technologies GmbH,ZZ,ZZ72892844,2024-11-19,saisie_manuelle
1117,Azur Transports Oy,IT,IT160367730555,2025-03-17,portail_client
1118,Cobalt Foods A/S,IT,IT16563137666,2024-09-17,import_fournisseur
1119,Nord Logistics SpA,QQ,QQ655224920,2024-11-14,saisie_manuelle
1120,Fabrica Distribution Oy,PT,PT6892386144,2024-06-10,reprise_erp
1121,Orion Foods SpA,DK,DK86733323,2024-01-19,portail_client
1122,Cobalt Technologies Oy,PL,PL7582207151,2025-03-23,crm
1123,Papyrus Services GmbH,PT,PT102278942,2024-05-08,portail_client
1124,Textil Materials Lda,FI,FI68681172,2025-01-28,import_fournisseur
1125,Meridian Foods NV,FR, ,2024-03-20,crm
1126,Granit Materials GmbH,FI,FI849155738,2024-07-10,crm
1127,Papyrus Consulting Lda,BE,BE1385705475,2024-04-10,import_fournisseur
1128,Lusitania Industries SA,NL,NL960518514B1,2024-06-17,crm
1129,Atlantic Technologies BV,BE,0950029480,2025-02-02,crm
1130,Atlantic Consulting Sp. z o.o.,SE,SE568217269601,2025-08-18,saisie_manuelle
1131,Baltic Services Oy,IT,IT0273J421760,2024-08-13,portail_client
1132,Fabrica Distribution SAS,DK,DK-80522088,2024-03-22,portail_client
1133,Global Technologies NV,BE,BE0981094721,2024-01-07,crm
1134,Granit Consulting AB,QQ,QQ0649227433,2024-10-25,portail_client
1135,Atlantic Industries AB,PL,PL9090864452,2025-07-13,import_fournisseur
1136,Baltic Industries Oy,SE,SE286303133801,2024-06-11,import_fournisseur
1137,Ardent Logistics BV,IT,IT22926227970,2024-09-16,reprise_erp
1138,Kappa Industries Oy,PL,1636051756,2024-06-10,import_fournisseur
1139,Cobalt Trading SARL,LU,LU660783470,2025-07-02,portail_client
1140,Orion Foods A/S,FI,FI52374303,2024-12-17,crm
1141,Baltic Distribution Lda,FR,FR08127084290,2025-07-08,portail_client
1142,Orion Materials SpA,BE,BE.1252509035,2025-03-17,import_fournisseur
1143,Orion Transports GmbH,SE,SE60594178540,2025-08-07,portail_client
1144,Alpine Logistics AB,PL,PL.6441137441,2024-08-03,import_fournisseur
1145,Hanse Foods Lda,LU,LU66541864,2025-07-06,saisie_manuelle
1146,Corvus Trading NV,FR,FR52748519590,2024-06-20,crm
1147,Papyrus Foods GmbH,FR,  FR82479459836 ,2024-11-21,import_fournisseur
1148,Baltic Logistics NV,PL,PL8769407345,2025-04-12,reprise_erp
1149,Granit Logistics BV,DK,DK68492106,2024-11-15,portail_client
1150,Alpine Services SARL,DK,DK373747334,2024-04-06,saisie_manuelle
1151,Fabrica Transports SpA,IT,it13867560537,2024-09-18,crm
1152,Vertex Logistics A/S,BE,BE0698818187,2024-12-22,crm
1153,Verso Foods SpA,IT,  IT76983380338 ,2025-07-18,import_fournisseur
1154,Fabrica Consulting SAS,FI,FI3407399,2024-02-23,import_fournisseur
1155,Batavia Consulting NV,LU,LU10275448,2024-06-06,crm
1156,Vela Industries Sp. z o.o.,FR,FR-16857084403,2024-08-01,portail_client
1157,Papyrus Materials NV,PL,PL4828988319,2025-01-09,import_fournisseur
1158,Global Distribution SA,NL,116778519B95,2025-09-18,import_fournisseur
1159,Meridian Industries SARL,NL,NL799248630B08,2024-12-08,reprise_erp
1160,Metallo Foods SpA,NL,NL619289090B76,2024-03-06,reprise_erp
1161,Cobalt Technologies BV,BE,BE1430323002,2024-06-30,reprise_erp
1162,Textil Industries GmbH,PL,1402980679,2024-08-25,portail_client
1163,Orion Technologies Oy,LU,LU76330642,2024-11-16,portail_client
1164,Prima Transports SARL,XX,XX28677030893,2025-05-05,crm
1165,Corvus Logistics SAS,IT,IT48688905107,2024-06-02,saisie_manuelle
1166,Orion Services Oy,FI,FI2386291,2025-07-28,import_fournisseur
1167,Delta Technologies Lda,UK,UK1302502986,2025-08-14,portail_client
1168,Vela Services NV,BE,BE0311878358,2024-10-05,portail_client
1169,Vertex Trading BV,BE,BE1325647431,2025-01-31,portail_client
1170,Metallo Industries GmbH,IT,it36586305769,2025-04-16,portail_client
1171,Meridian Industries Sp. z o.o.,PT,PT221849599,2025-07-04,reprise_erp
1172,Global Technologies Sp. z o.o.,DK,DK4562O064,2025-07-22,crm
1173,Textil Technologies Lda,LU,LU34601168,2025-03-09,reprise_erp
1174,Hanse Consulting SpA,BE,  BE0230207724 ,2024-01-31,crm
1175,Kappa Technologies BV,LU,LU74724186,2025-09-11,reprise_erp
1176,Alpine Logistics A/S,BE,BE 0482 803246,2024-01-03,reprise_erp
1177,Ardent Services Oy,LU,LU76548282,2024-12-08,reprise_erp
1178,Nord Transports A/S,FI,FI49451788,2024-08-01,portail_client
1179,Kappa Consulting Sp. z o.o.,BE,BE1245135918,2025-05-20,reprise_erp
1180,Granit Trading SAS,SE,se452977924301,2024-07-04,saisie_manuelle
1181,Textil Trading SA,PT,  PT613111575 ,2025-01-31,reprise_erp
1182,Lusitania Trading AB,LU,LU362785216,2025-08-31,import_fournisseur
1183,Vela Materials Oy,XX,XX9821653127,2024-11-23,crm
1184,Lusitania Foods AB,FR,FR.66752014343,2025-08-20,import_fournisseur
1185,Meridian Technologies GmbH,NL,NL995781035B8,2024-08-18,reprise_erp
1186,Cobalt Trading A/S,PL,PL 2117 201353,2024-08-05,import_fournisseur
1187,Hanse Consulting SA,IT,IT6994100577,2025-02-06,saisie_manuelle
1188,Cobalt Consulting SARL,PL,PL.1737468699,2025-01-31,crm
1189,Vertex Industries Sp. z o.o.,SE,SE5314817H6601,2024-10-11,reprise_erp
1190,Granit Services SAS,BE,1968486524,2025-07-18,reprise_erp
1191,Fabrica Industries Sp. z o.o.,NL,NL098417655B84,2024-11-25,crm
1192,Vertex Consulting Oy,DK,81460655,2024-07-05,reprise_erp
1193,Baltic Logistics SAS,NL,NL973989841B400,2025-06-05,crm
1194,Corvus Distribution A/S,QQ,QQ72965331,2025-01-31,import_fournisseur
1195,Verso Industries SpA,DK,DK55675465,2024-01-01,portail_client
1196,Textil Materials SpA,IT,IT965116352765,2024-08-05,saisie_manuelle
1197,Delta Consulting Lda,PL,PL8396732413,2024-06-08,crm
1198,Solaris Industries NV,PL,pl6749315751,2025-01-15,import_fournisseur
1199,Azur Logistics GmbH,FR,FR26721028488,2024-04-23,import_fournisseur
1200,Ardent Transports BV,BE,0590526595,2025-09-01,reprise_erp
1201,Textil Technologies SpA,PL,PL1094514484,2025-05-25,crm
1202,Solaris Distribution SA,DK,DK.15011181,2024-09-22,crm
1203,Nord Technologies NV,FI,FI59102765,2025-09-03,portail_client
1204,Metallo Transports Oy,LU,LU38165321,2024-10-07,import_fournisseur
1205,Metallo Industries NV,FR,FR 7641 8167474,2024-12-14,crm
1206,Atlantic Services SARL,FI,FI252161821,2025-09-09,saisie_manuelle
1207,Papyrus Consulting Lda,BE,  BE1385705475 ,2024-04-07,crm
1208,Papyrus Logistics SARL,PT,PT668120045,2024-02-10,import_fournisseur
1209,Verso Logistics GmbH,SE,SE34245872970,2024-03-20,saisie_manuelle
1210,Papyrus Logistics A/S,SE,SE335975228801,2024-08-29,portail_client
1211,Verso Services NV,FR,FR46508190755,2024-11-21,import_fournisseur
1212,Baltic Technologies Oy,PT,PT.264106946,2025-06-14,reprise_erp
1213,Metallo Foods SA,BE,BE1775191258,2025-08-24,crm
1214,Delta Logistics SAS,SE,SE43O879822001,2024-06-04,crm
1215,Solaris Technologies SpA,UK,UK373476103B55,2024-06-14,crm
1216,Azur Materials AB,FR,FR79154895077,2024-10-10,portail_client
1217,Ardent Transports SpA,GB,GB17510584,2024-01-31,crm
1218,Ardent Services NV,FI,FI63511369,2024-10-18,portail_client
1219,Azur Industries A/S,FR,FR71791048638,2024-03-21,crm
1220,Verso Materials SAS,IT,IT2891214825,2025-03-08,crm
1221,Lumen Materials Lda,PL,PL9246324481,2024-11-04,crm
1222,Corvus Distribution SpA,IT,-,2025-03-29,import_fournisseur
1223,Metallo Transports SARL,PL,  PL4883481393 ,2025-04-02,crm
1224,Global Trading SpA,PT,PT6795677635,2024-02-04,saisie_manuelle
1225,Lusitania Services SAS,PT,PT9275291498,2025-07-02,reprise_erp
1226,Orion Logistics SARL,FI,FI.97918693,2025-07-12,portail_client
1227,Textil Foods SAS,PL,PL7350084969,2025-08-02,saisie_manuelle
1228,Atlantic Transports SARL,BE,BE12867450850,2025-09-05,portail_client
1229,Vela Industries NV,NL,NL318213217B98,2024-03-06,reprise_erp
1230,Azur Services Sp. z o.o.,BE,BE1719479804,2024-11-24,crm
1231,Orion Trading SARL,FR,FR78477746750,2024-08-21,saisie_manuelle
1232,Papyrus Industries SA,BE,02.82330178,2024-10-13,reprise_erp
1233,Fabrica Consulting AB,PL,PL2647269146,2025-02-23,reprise_erp
1234,Meridian Industries SARL,NL,NL.799248630B08,2025-05-16,reprise_erp
1235,Vela Foods NV,FR,FR26937112574,2024-11-06,crm
1236,Granit Consulting AB,DK,DK803494591,2024-05-23,crm
1237,Lusitania Logistics GmbH,SE,SE806466439701,2025-05-30,reprise_erp
1238,Prima Consulting Oy,SE,N/A,2025-03-26,import_fournisseur
1239,Solaris Transports A/S,PT,PT994365893,2025-02-05,crm
1240,Alpine Consulting A/S,FR,88216943500,2025-03-15,reprise_erp
1241,Alpine Foods SAS,IT,IT44838790986,2025-02-08,crm
1242,Kappa Distribution Sp. z o.o.,SE,SE322526447601,2024-12-30,crm
1243,Nord Services SARL,LU,LU431M9073,2024-01-07,reprise_erp
1244,Hanse Distribution SAS,NL,NL270921345B17,2024-12-21,crm
1245,Verso Transports Sp. z o.o.,NL,NL168914665B31,2024-08-29,portail_client
1246,Granit Foods GmbH,NL,NL979793531B66,2024-10-06,portail_client
1247,Vela Transports SAS,PL,PL2747856820,2024-05-09,import_fournisseur
1248,Azur Services Lda,LU,LU26495401,2025-03-22,import_fournisseur
1249,Prima Technologies SARL,LU,LU26057067,2025-09-02,crm
1250,Kappa Services A/S,SE,SE650125465801,2024-10-05,saisie_manuelle
1251,Global Trading SAS,PT,PT258255555,2025-03-27,portail_client
1252,Meridian Consulting Oy,IT,IT29364449750,2025-09-16,crm
1253,Solaris Consulting NV,FI,FI.26752630,2025-09-25,crm
1254,Verso Materials A/S,LU,LU310944678,2024-07-10,saisie_manuelle
1255,Prima Technologies A/S,LU,LU34376749,2024-01-03,reprise_erp
1256,Batavia Foods GmbH,SE,SE703635039001,2024-03-04,crm
1257,Solaris Foods SAS,PL,PL9275052915,2024-09-22,saisie_manuelle
1258,Azur Services SARL,NL,NL819333426B12,2024-10-11,portail_client
1259,Global Distribution SA,PT,PT-816084173,2025-05-02,import_fournisseur
1260,Granit Distribution Oy,NL,NL365950749B93,2024-03-14,import_fournisseur
1261,Ardent Technologies A/S,NL,NL886808601B95,2025-08-06,reprise_erp
1262,Delta Services SARL,PL,PL7435768775,2025-09-23,saisie_manuelle
1263,Metallo Distribution Oy,FR,FR509934983923,2024-11-29,portail_client
1264,Orion Services GmbH,BE,BE040596M962,2025-06-12,import_fournisseur
1265,Lumen Technologies Lda,PT,625052820,2025-05-14,crm
1266,Granit Consulting SAS,ZZ,ZZ97502530,2025-05-20,saisie_manuelle
1267,Vela Trading SARL,FR,FR2541683467,2024-03-14,import_fournisseur
1268,Verso Materials SARL,IT,IT.72629424648,2024-12-06,saisie_manuelle
1269,Hanse Transports Oy,NL,NL652674094B328,2024-06-14,import_fournisseur
1270,Azur Technologies GmbH,FI,FI 1322 1099,2025-04-24,portail_client
1271,Fabrica Foods Lda,NL,NL 0214 29728B98,2024-07-21,import_fournisseur
1272,Granit Industries SARL,PL,PL-7120425349,2024-11-08,reprise_erp
1273,Vela Technologies SA,FI,  FI19109284 ,2025-05-03,crm
1274,Delta Technologies GmbH,FI,FI78930224,2025-07-05,reprise_erp
1275,Vertex Logistics Oy,IT,IT48942048931,2024-08-24,saisie_manuelle
1276,Hanse Services GmbH,PL,PL2520459042,2025-07-08,reprise_erp
1277,Alpine Industries NV,FR,-,2025-07-26,reprise_erp
1278,Global Distribution Oy,FI,FI10020208,2024-02-13,reprise_erp
1279,Meridian Materials SA,IT,IT50025517041,2024-10-12,import_fournisseur
1280,Azur Industries BV,GB,GB509795234,2025-01-18,saisie_manuelle
1281,Vertex Logistics GmbH,BE,0176829911,2025-02-10,portail_client
1282,Vela Logistics Lda,FI,FI52798352,2024-01-27,reprise_erp
1283,Baltic Materials A/S,PL,PL 9317 340703,2024-03-01,reprise_erp
1284,Metallo Industries SARL,FI,FI17056975,2024-06-21,portail_client
1285,Fabrica Consulting SAS,PL,1177859742,2025-07-15,reprise_erp
1286,Corvus Services SARL,SE,SE15514011420,2025-02-28,saisie_manuelle
1287,Global Industries BV,NL,600957901B26,2024-07-01,saisie_manuelle
1288,Orion Trading SA,BE,BE1490666009,2024-06-04,portail_client
1289,Granit Industries Oy,PT,PT5K4721864,2024-07-12,portail_client
1290,Atlantic Trading AB,PT,PT.336124490,2025-02-16,crm
1291,Corvus Foods A/S,FR,FR21626016381,2024-09-10,saisie_manuelle
1292,Kappa Trading SA,PL,PL-6167595037,2024-04-11,reprise_erp
1293,Meridian Distribution SpA,PT,PT667823965,2024-10-28,portail_client
1294,Kappa Transports A/S,NL,186644929B82,2024-07-10,saisie_manuelle
1295,Baltic Technologies Oy,SE,SE384456912301,2024-09-20,crm
1296,Vertex Distribution Lda,PL,PL9013367436,2024-01-31,import_fournisseur
1297,Ardent Industries NV,FI,FI63267351,2024-07-16,portail_client
1298,Kappa Foods Lda,PT,PT959660351,2025-01-03,crm
1299,Granit Logistics SARL,BE,BE0826845618,2024-11-30,reprise_erp
1300,Orion Materials GmbH,PT,PT136943429,2025-09-16,import_fournisseur
1301,Baltic Transports BV,DK,DK45485153,2024-05-30,crm
1302,Alpine Logistics NV,IT,IT8104299852H,2024-04-08,crm
1303,Lusitania Industries Lda,FR,FR20650238456,2024-05-13,saisie_manuelle
1304,Vela Consulting BV,SE,SE217348429201,2024-04-06,portail_client
1305,Nord Consulting SA,NL,nl331778695b42,2025-03-31,reprise_erp
1306,Kappa Materials SpA,PT,PT270236347,2024-05-04,saisie_manuelle
1307,Metallo Services BV,IT,IT17765129287,2025-07-18,portail_client
1308,Nord Logistics SpA,PL,PL2960995968,2025-06-13,portail_client
1309,Nord Transports Oy,SE,SE792891819701,2025-07-26,crm
1310,Prima Materials BV,IT,IT42419852233,2025-07-03,portail_client
1311,Delta Foods BV,FI,FI36290935,2024-05-29,crm
1312,Textil Technologies SpA,FI,FI683317629,2024-06-07,reprise_erp
1313,Ardent Materials AB,PL,PL7896374409,2024-11-23,import_fournisseur
1314,Ardent Services Oy,BE,be0790738060,2024-09-25,reprise_erp
1315,Azur Industries SpA,LU,LU 3278 9721,2025-09-12,reprise_erp
1316,Textil Materials SARL,NL,NL472418783B18,2024-08-05,reprise_erp
1317,Nord Foods AB,LU,LU67089008,2025-02-11,portail_client
1318,Hanse Logistics GmbH,PT,PT298305151,2025-01-09,import_fournisseur
1319,Baltic Consulting Sp. z o.o.,PT,521212782,2025-05-23,crm
1320,Ardent Trading SARL,BE,BEG809488280,2024-11-07,saisie_manuelle
1321,Meridian Logistics BV,FR,  FR21399281006 ,2024-01-28,portail_client
1322,Vela Trading AB,DK,DK-05104521,2025-05-27,saisie_manuelle
1323,Prima Industries NV,PL,PL1173025673,2024-02-24,portail_client
1324,Papyrus Logistics A/S,FR,FR80553231112,2025-01-08,reprise_erp
1325,Fabrica Foods A/S,DK,DK34847343,2024-01-23,reprise_erp
1326,Baltic Materials Sp. z o.o.,BE,BE1358529158,2024-02-26,saisie_manuelle
1327,Lumen Distribution SA,PT,PT23M897073,2024-09-16,portail_client
1328,Cobalt Logistics NV,LU,LU64325300,2024-09-14,reprise_erp
1329,Prima Materials A/S,UK,UK71100025,2025-09-10,crm
1330,Azur Consulting Oy,SE,SE-888592635501,2025-01-18,saisie_manuelle
1331,Global Technologies A/S,IT,IT22927333009,2024-06-30,crm
1332,Baltic Distribution A/S,DK,DK.00697303,2025-03-19,reprise_erp
1333,Metallo Distribution AB,SE,SE913455513601,2025-04-02,reprise_erp
1334,Lumen Logistics SARL,XX,XX603619274,2024-12-23,import_fournisseur
1335,Orion Technologies A/S,PL,PL6040358722,2024-10-18,reprise_erp
1336,Fabrica Transports SpA,PL,PL142313K578,2024-08-27,saisie_manuelle
1337,Atlantic Logistics SpA,DK,DK 2840 1480,2025-04-03,reprise_erp
1338,Global Industries SARL,DK,DK56262156,2025-08-02,reprise_erp
1339,Verso Transports BV,FI,FI-30019917,2024-06-05,portail_client
1340,Papyrus Services Lda,PT,pt185610188,2025-04-15,saisie_manuelle
1341,Verso Services SARL,PL,PL9352747990,2024-12-04,crm
1342,Cobalt Distribution SpA,FI,fi62150298,2025-07-01,portail_client
1343,Global Foods GmbH,DK,DK482K2675,2025-04-09,reprise_erp
1344,Lumen Foods SA,SE,SE697339645001,2024-02-03,reprise_erp
1345,Global Transports NV,LU,LU73783121,2024-09-12,reprise_erp
1346,Prima Foods BV,ZZ,  ZZ236109235 ,2024-10-15,crm
1347,Alpine Distribution Oy,FR,FR47133877504,2024-06-04,crm
1348,Delta Industries SpA,IT,IT40179359886,2025-06-11,reprise_erp
1349,Papyrus Services SARL,DK,DK82104747,2025-10-01,portail_client
1350,Baltic Distribution SARL,SE,SE948834224801,2025-04-02,crm
1351,Alpine Distribution SARL,DK,DK198553252,2024-09-09,crm
1352,Textil Materials SA,PL,PL.3169350060,2024-12-31,portail_client
1353,Meridian Materials GmbH,FI,FI-71296523,2024-12-13,import_fournisseur
1354,Orion Distribution A/S,IT,IT44287829236,2024-07-13,portail_client
1355,Textil Materials SA,PT,PT813740940,2025-07-22,crm
1356,Solaris Foods SA,PT,PT324131704,2024-06-19,saisie_manuelle
1357,Orion Transports SARL,PT,PT805491899,2024-01-25,crm
1358,Ardent Materials BV,SE,SE328575176801,2025-02-28,crm
1359,Meridian Distribution Lda,NL,NL-818816235B68,2024-05-18,reprise_erp
1360,Vertex Consulting Lda,IT,IT9896338810M,2024-12-28,crm
1361,Vela Trading SpA,GB,GB476467998B32,2025-05-15,crm
1362,Vertex Materials Sp. z o.o.,FR,FR02458466353,2024-11-23,saisie_manuelle
1363,Nord Trading Lda,PL,PL3933843662,2025-01-28,crm
1364,Nord Logistics SAS,FI,FI781283628,2024-06-09,reprise_erp
1365,Baltic Materials Sp. z o.o.,NL,  NL450568416B39 ,2024-02-02,crm
1366,Ardent Foods BV,SE,se595339978801,2024-01-17,saisie_manuelle
1367,Atlantic Logistics SAS,IT,IT36436757516,2024-11-03,import_fournisseur
1368,Orion Transports Lda,NL,NL252747570B75,2024-04-26,import_fournisseur
1369,Batavia Trading Sp. z o.o.,FI,FI62549116,2025-05-05,reprise_erp
1370,Fabrica Transports SAS,DK,DK82226222,2024-08-20,reprise_erp
1371,Nord Distribution SARL,LU,lu16338570,2024-06-12,saisie_manuelle
1372,Lumen Distribution Oy,DK,DK72875419,2024-10-12,crm
1373,Lusitania Logistics NV,IT,IT 0555 8285267,2024-08-04,crm
1374,Textil Technologies AB,LU,LU779K9511,2024-08-26,import_fournisseur
1375,Lumen Consulting GmbH,DK,DK43751881,2025-07-07,portail_client
1376,Papyrus Logistics A/S,PT,pt450308413,2025-08-03,saisie_manuelle
1377,Orion Consulting A/S,PL,  PL8117567270 ,2024-06-10,portail_client
1378,Cobalt Industries A/S,IT,IT31481551245,2024-04-22,reprise_erp
1379,Lumen Materials SpA,LU,93686147,2024-10-07,saisie_manuelle
1380,Cobalt Technologies A/S,PT,PT-334703220,2024-06-18,reprise_erp
1381,Solaris Trading Oy,LU,LU384904683,2025-01-24,crm
1382,Lumen Foods Sp. z o.o.,NL,NL685694616B07,2025-07-07,crm
1383,Global Foods AB,NL,NL003885596B32,2024-03-17,reprise_erp
1384,Baltic Logistics AB,NL,NL-059180122B52,2024-08-29,reprise_erp
1385,Cobalt Foods Lda,LU,LU51325379,2025-06-27,portail_client
1386,Orion Distribution NV,BE,BE0686687286,2024-09-09,import_fournisseur
1387,Ardent Transports SARL,NL,NL193036599B8,2024-07-06,reprise_erp
1388,Papyrus Industries NV,SE,SE 8536 70272601,2025-01-20,crm
1389,Solaris Transports Sp. z o.o.,SE,SE076730642601,2024-10-09,crm
1390,Vela Consulting A/S,PL,PL2286078576,2024-11-14,reprise_erp
1391,Nord Trading AB,PT,PT583688555,2024-08-15,import_fournisseur
1392,Metallo Foods BV,NL,NL-94106585OB46,2024-04-08,reprise_erp
1393,Textil Distribution AB,LU,LU97604975,2025-05-29,reprise_erp
1394,Prima Transports SA,SE,SE80521328520,2024-12-13,import_fournisseur
1395,Delta Transports A/S,LU,LU 1350 9986,2025-01-12,crm
1396,Orion Technologies NV,DK,DK52120284,2025-08-18,portail_client
1397,Solaris Industries SpA,FR,  FR23723969333 ,2025-02-22,crm
1398,Lumen Materials GmbH,IT,IT31989391268,2024-02-28,saisie_manuelle
1399,Vela Distribution SA,PT,PT252161041,2024-12-13,crm
1400,Granit Industries NV,DK,DK437486452,2025-09-25,import_fournisseur
1401,Fabrica Foods SARL,FI,FI15442797,2025-03-13,import_fournisseur
1402,Lusitania Services BV,FR,FR50422140896,2025-08-10,crm
1403,Global Transports SARL,PT,PT 9839 37125,2024-04-14,crm
1404,Azur Distribution Lda,SE,SE301587031801,2025-02-04,saisie_manuelle
1405,Cobalt Industries Oy,PL,PL1054106821,2025-03-10,reprise_erp
1406,Metallo Consulting Sp. z o.o.,DK,DK 0319 0056,2024-07-20,saisie_manuelle
1407,Delta Trading Lda,NL,NL763907547B72,2024-01-28,import_fournisseur
1408,Azur Transports BV,PL,PL7922102327,2024-05-01,import_fournisseur
1409,Hanse Materials NV,PT,-,2025-06-15,saisie_manuelle
1410,Fabrica Materials SAS,BE,BE07751582763,2024-05-03,crm
1411,Lumen Logistics SARL,BE,BE0605453182,2024-06-13,crm
1412,Hanse Industries SA,DK,DK 4923 4503,2024-08-20,import_fournisseur
1413,Lumen Distribution GmbH,LU,LU29524128,2024-05-31,reprise_erp
1414,Ardent Materials SpA,SE,  SE939151779501 ,2024-06-26,reprise_erp
1415,Nord Distribution Oy,FR,FR08876720510,2025-02-18,portail_client
1416,Batavia Foods Lda,BE,BE.0357140637,2024-03-02,crm
1417,Meridian Services SA,PL,5504411220,2024-01-09,portail_client
1418,Lumen Technologies Sp. z o.o.,DK,DK 7170 4289,2025-01-17,reprise_erp
1419,Granit Services SAS,LU,LU53121159,2024-06-26,import_fournisseur
1420,Alpine Technologies SA,NL,NL321745413B90,2025-02-06,portail_client
1421,Global Consulting A/S,PL,PL9878150897,2025-09-16,portail_client
1422,Textil Foods AB,IT,IT54126095003,2025-08-19,portail_client
1423,Orion Technologies Sp. z o.o.,FR,68673635757,2024-08-30,portail_client
1424,Nord Transports Lda,FI,FI2O679561,2025-02-18,reprise_erp
1425,Verso Materials SA,PL,PL8823104921,2024-10-19,crm
1426,Baltic Industries SA,FI,FI73745599,2024-03-18,import_fournisseur
1427,Orion Trading Oy,FR,FR-08537386724,2024-12-27,portail_client
1428,Alpine Foods SA,FR,FR86280084978,2025-05-11,portail_client
1429,Delta Distribution SAS,NL,-,2024-08-29,portail_client
1430,Batavia Materials GmbH,DK,DK98306890,2025-01-22,portail_client
1431,Delta Industries SpA,PL,PL9470240367,2024-12-08,import_fournisseur
1432,Textil Technologies Sp. z o.o.,BE,BE0832147459,2025-01-29,import_fournisseur
1433,Global Trading SpA,IT,IT00972849923,2024-09-24,saisie_manuelle
1434,Metallo Materials SpA,FR,fr29242025417,2025-02-04,reprise_erp
1435,Hanse Services Lda,SE,SE666472724201,2025-08-10,import_fournisseur
1436,Kappa Industries Sp. z o.o.,DK,  DK61345965 ,2025-04-17,saisie_manuelle
1437,Cobalt Transports GmbH,PL,PL2279541073,2025-01-02,portail_client
1438,Vela Industries SA,BE,BE-1244374594,2024-01-10,saisie_manuelle
1439,Delta Services NV,PL,PL 7551 378910,2025-02-06,saisie_manuelle
1440,Papyrus Trading Oy,SE,SE0804G3818901,2025-08-05,crm
1441,Batavia Foods BV,BE,BE19922O8461,2024-09-03,saisie_manuelle
1442,Alpine Consulting SARL,FI,null,2024-05-05,import_fournisseur
1443,Lusitania Foods NV,FR,FR09807475238,2024-11-20,portail_client
1444,Lusitania Industries NV,IT,IT 3609 0554266,2024-01-18,crm
1445,Textil Materials Lda,FI,FI-68681172,2025-06-11,reprise_erp
1446,Azur Foods SAS,NL,NL374681375B34,2025-04-20,import_fournisseur
1447,Hanse Trading SAS,PT,PT516517953,2024-11-06,portail_client
1448,Delta Materials Oy,FR,FR67193625857,2025-06-24,portail_client
1449,Vela Industries Oy,FI,FI21760260,2025-04-10,import_fournisseur
1450,Cobalt Distribution Sp. z o.o.,BE,BE0939638901,2025-07-12,import_fournisseur
1451,Nord Technologies SAS,LU,LU7184O507,2025-08-04,crm
1452,Solaris Foods BV,LU,LU 4813 7866,2025-05-09,saisie_manuelle
1453,Solaris Industries NV,PT,PT239842090,2024-06-10,reprise_erp
1454,Hanse Materials Oy,BE,  BE1313021197 ,2025-09-02,reprise_erp
1455,Textil Industries AB,LU,LU90473146,2024-05-05,portail_client
1456,Papyrus Distribution Lda,IT,IT79104228071,2024-10-06,portail_client
1457,Nord Services NV,PT,PT-252001354,2024-07-21,reprise_erp
1458,Meridian Technologies A/S,FR,67387967394,2024-02-01,crm
1459,Verso Services A/S,PT,PT925077664,2025-06-07,import_fournisseur
1460,Azur Logistics SpA,DK,DK127217066,2024-03-12,import_fournisseur
1461,Orion Technologies A/S,FR,FR55978054959,2025-04-01,reprise_erp
1462,Delta Technologies BV,QQ,QQ105076499001,2024-07-04,import_fournisseur
1463,Corvus Foods SA,UK,UK18667340,2025-09-12,portail_client
1464,Hanse Trading A/S,QQ,QQ2095538328,2024-03-21,saisie_manuelle
1465,Papyrus Trading SpA,IT,IT 9225 5906726,2024-03-31,import_fournisseur
1466,Corvus Transports BV,PT,PT167483455,2025-07-19,reprise_erp
1467,Azur Distribution Sp. z o.o.,FR,FR19942229355,2024-02-15,crm
1468,Delta Technologies AB,LU,LU.34632425,2024-06-15,portail_client
1469,Alpine Trading NV,DK,null,2024-05-22,portail_client
1470,Hanse Consulting Lda,DK,DK0J659624,2024-03-19,reprise_erp
1471,Corvus Distribution SARL,BE,BE0947690790,2024-09-09,reprise_erp
1472,Cobalt Foods Sp. z o.o.,FR,FR89414307056,2025-01-30,saisie_manuelle
1473,Granit Foods A/S,PL,PL 7934 908935,2024-09-23,import_fournisseur
1474,Batavia Trading Sp. z o.o.,FR,FR00223083118,2024-12-25,saisie_manuelle
1475,Textil Trading NV,SE,se406310251301,2025-08-01,reprise_erp
1476,Batavia Services SA,PL,PL3760431256,2025-06-29,crm
1477,Azur Industries SARL,SE,SE3K7758947201,2024-06-22,reprise_erp
1478,Batavia Consulting GmbH,FR,FR583444O1551,2024-09-26,crm
1479,Granit Services GmbH,PT,PT184866073,2024-11-14,saisie_manuelle
1480,Prima Trading GmbH,IT,IT43412601189,2024-11-03,crm
1481,Orion Industries AB,NL,NL048042128B22,2025-05-13,crm
1482,Granit Materials Lda,LU,LU16883704,2024-01-20,portail_client
1483,Lusitania Transports Lda,NL,NL572582509B33,2025-02-10,crm
1484,Azur Distribution NV,LU,LU38595046,2024-11-12,import_fournisseur
1485,Prima Foods Lda,SE,SE882688988601,2025-09-28,crm
1486,Fabrica Services A/S,PL,PL861400472,2025-04-30,reprise_erp
1487,Lumen Trading Sp. z o.o.,NL,NL943399028B38,2024-06-05,import_fournisseur
1488,Lusitania Technologies Lda,LU,LU50556545,2025-08-28,crm
1489,Global Trading A/S,IT,15851914620,2024-04-18,import_fournisseur
1490,Textil Trading NV,DK,  DK44399156 ,2025-01-17,import_fournisseur
1491,Corvus Consulting SA,IT,IT93074436796,2025-07-13,reprise_erp
1492,Alpine Distribution SA,NL,311626646B18,2025-03-24,crm
1493,Azur Technologies SA,PL,PL8926192112,2025-03-29,crm
1494,Kappa Foods A/S,FI,FI75875119,2024-06-23,reprise_erp
1495,Lumen Trading NV,SE,SE322599122601,2025-06-25,portail_client
1496,Cobalt Trading BV,NL,NL.403332953B62,2025-06-26,crm
1497,Meridian Foods Sp. z o.o.,FI,  FI35136848 ,2025-04-15,portail_client
1498,Papyrus Logistics SARL,PT,PT981185029,2024-02-07,import_fournisseur
1499,Lusitania Services SpA,DK,DK03913309,2024-08-14,import_fournisseur
1500,Nord Transports A/S,BE,BE0828479374,2025-04-23,crm
1501,Papyrus Logistics SA,NL,NL062176249B7,2024-09-17,reprise_erp
1502,Nord Trading AB,FR,FR52246O14783,2024-10-19,portail_client
1503,Atlantic Services SARL,IT,IT4036447986,2024-05-31,import_fournisseur
1504,Alpine Services SARL,DK,DK56252762,2024-01-21,crm
1505,Vertex Distribution SpA,DK,DK29081972,2024-01-28,saisie_manuelle
1506,Textil Consulting GmbH,IT,IT98663162695,2024-12-03,saisie_manuelle
1507,Baltic Industries GmbH,PT,514947063,2025-05-04,crm
1508,Orion Consulting Sp. z o.o.,BE,BE1962084821,2024-06-25,reprise_erp
1509,Lumen Materials Sp. z o.o.,FI,FI14223352,2024-01-14,portail_client
1510,Lumen Trading SARL,BE,BE0958748988,2025-06-05,import_fournisseur
1511,Meridian Transports A/S,PL,PL5295550554,2024-12-03,import_fournisseur
1512,Ardent Materials AB,FR,FR56975655632,2024-06-20,saisie_manuelle
1513,Solaris Trading AB,SE,N/A,2024-08-21,saisie_manuelle
1514,Verso Consulting A/S,FI,38596081,2025-04-16,import_fournisseur
1515,Cobalt Industries SAS,QQ,QQ1991925945,2025-09-17,reprise_erp
1516,Ardent Distribution SpA,PL,PL9427365199,2025-09-28,reprise_erp
1517,Delta Technologies AB,LU,LU.34632425,2025-05-04,import_fournisseur
1518,Meridian Distribution Oy,FR,FR80324263683,2025-04-12,crm
1519,Meridian Consulting SAS,IT,IT-64089021329,2024-04-17,crm
1520,Vertex Materials SARL,FR,FR-59381012362,2024-07-26,portail_client
1521,Prima Transports Lda,IT,IT31935152H70,2025-01-05,import_fournisseur
1522,Ardent Technologies SARL,SE,SE992319430101,2024-05-28,reprise_erp
1523,Baltic Foods NV,FI,FI 1499 4122,2024-07-15,import_fournisseur
1524,Solaris Transports BV,LU,LU39070180,2025-05-15,crm
1525,Solaris Materials Sp. z o.o.,PT,PT798252677,2024-11-01,crm
1526,Vertex Foods Lda,LU,LU57407H25,2024-06-18,saisie_manuelle
1527,Lumen Distribution SpA,PT,PT952252813,2024-12-20,portail_client
1528,Fabrica Logistics SA,PT,PT460143655,2024-01-18,crm
1529,Batavia Materials Sp. z o.o.,FI,FI.92024703,2024-05-04,portail_client
1530,Batavia Services BV,LU,null,2025-01-11,saisie_manuelle
1531,Vertex Distribution NV,LU,  LU51851085 ,2024-11-02,saisie_manuelle
1532,Ardent Foods GmbH,SE,SE418418861501,2024-05-23,import_fournisseur
1533,Atlantic Industries Sp. z o.o.,PL,PL527226175,2024-12-26,portail_client
1534,Metallo Consulting NV,PL,PL7630996886,2025-05-12,saisie_manuelle
1535,Vela Materials SARL,IT,IT38889015324,2025-07-23,crm
1536,Fabrica Industries Oy,BE,BE 1131 649411,2024-11-13,saisie_manuelle
1537,Verso Transports SpA,IT,IT61337943353,2025-03-06,saisie_manuelle
1538,Delta Materials NV,IT,IT37141746521,2025-04-22,crm
1539,Textil Materials Lda,BE,0243879081,2024-09-21,portail_client
1540,Meridian Distribution SARL,LU,lu86119329,2024-01-05,crm
1541,Prima Distribution Lda,IT,IT05750267380,2024-04-28,saisie_manuelle
1542,Kappa Technologies Lda,PL,PL4198696824,2025-02-06,reprise_erp
1543,Baltic Distribution SA,GB,GB7780887168,2025-02-03,import_fournisseur
1544,Alpine Technologies Sp. z o.o.,BE,BE1351746765,2024-06-19,crm
1545,Verso Logistics GmbH,NL,NL067872694B48,2025-08-22,reprise_erp
1546,Fabrica Services SARL,PL,7059625279,2024-03-28,portail_client
1547,Meridian Transports SARL,PT,PT-167384406,2024-03-28,crm
1548,Kappa Logistics SAS,SE,se230984596001,2024-12-07,saisie_manuelle
1549,Granit Trading SA,LU,LU55088867,2024-04-19,portail_client
1550,Azur Distribution SA,PT,PT95648J884,2024-09-18,portail_client
1551,Papyrus Technologies NV,PL,PL 9282 267930,2024-01-10,portail_client
1552,Batavia Trading SA,DK,DK-59034154,2025-06-11,saisie_manuelle
1553,Atlantic Industries Oy,FI,FI18494715,2025-06-11,import_fournisseur
1554,Global Materials SpA,ZZ,ZZ80123341,2024-02-06,reprise_erp
1555,Kappa Services GmbH,DK,DK79210765,2025-07-30,import_fournisseur
1556,Granit Logistics NV,PL,PL1512432944,2025-06-17,portail_client
1557,Granit Services NV,FI,FI-96671190,2025-09-04,import_fournisseur
1558,Delta Trading Lda,FR,FR31592497008,2025-02-13,saisie_manuelle
1559,Cobalt Technologies SpA,FI,FI04547441,2024-01-04,crm
1560,Baltic Distribution Lda,PL,PL6392206862,2024-09-08,import_fournisseur
1561,Hanse Trading Oy,LU,LU25772633,2024-09-04,crm
1562,Global Trading NV,GB,GB8934469229,2024-08-14,reprise_erp
1563,Kappa Transports GmbH,DK,DK 6945 9552,2024-09-11,reprise_erp
1564,Vela Distribution Lda,FR,FR659300965785,2024-05-28,portail_client
1565,Alpine Logistics A/S,BE,BE 0482 803246,2024-01-07,portail_client
1566,Global Services NV,LU,LU.76924619,2024-12-05,portail_client
1567,Nord Foods SpA,IT,94146717031,2025-08-25,saisie_manuelle
1568,Fabrica Trading Sp. z o.o.,FR,FR34468901855,2024-09-25,reprise_erp
1569,Azur Services SA,DK,DK84935476,2024-12-03,portail_client
1570,Azur Consulting SAS,DK,DK38559826,2024-03-27,crm
1571,Vela Services BV,PT,PT658877283,2025-05-22,reprise_erp
1572,Azur Trading SARL,BE,be0214123144,2025-04-01,reprise_erp
1573,Alpine Materials AB,PT,PT 3936 00599,2024-06-14,portail_client
1574,Global Technologies NV,IT,IT1700376056,2024-05-24,portail_client
1575,Vela Logistics BV,BE,BE1866625834,2025-08-25,crm
1576,Azur Foods NV,IT,IT-84393704717,2024-11-27,saisie_manuelle
1577,Fabrica Foods Lda,PT,PT92915926,2025-03-23,portail_client
1578,Batavia Trading A/S,SE,SE594442029701,2025-01-02,portail_client
1579,Global Services NV,LU,LU55110618,2025-07-14,crm
1580,Prima Materials GmbH,DK,DK29883211,2024-09-25,import_fournisseur
1581,Atlantic Logistics AB,GB,GB08692245284,2024-04-25,saisie_manuelle
1582,Alpine Technologies A/S,SE,SE353962344401,2024-10-07,crm
1583,Atlantic Trading NV,FR,FR.88996206289,2025-05-02,saisie_manuelle
1584,Ardent Foods NV,FI,FI02678392,2025-05-09,portail_client
1585,Granit Materials Sp. z o.o.,BE,BE0455010271,2024-07-18,import_fournisseur
1586,Textil Foods SARL,LU,LU27671110,2025-09-01,import_fournisseur
1587,Azur Services SAS,BE,null,2024-06-07,import_fournisseur
1588,Azur Services SA,BE,BE0722907742,2025-07-03,saisie_manuelle
1589,Metallo Technologies Oy,FI,FI39296873,2024-04-25,reprise_erp
1590,Ardent Foods Oy,BE,BE0885096393,2025-02-16,saisie_manuelle
1591,Orion Distribution SpA,SE,SE975163837101,2025-04-30,saisie_manuelle
1592,Azur Foods Lda,BE,BE-0187972912,2025-06-06,crm
1593,Metallo Transports SARL,SE,SE0687028134010,2024-03-09,import_fournisseur
1594,Hanse Transports GmbH,PL,PL.4692289839,2025-08-01,saisie_manuelle
1595,Verso Foods Oy,NL,NL345668124B03,2025-08-06,reprise_erp
1596,Meridian Transports AB,NL,NL744790190B85,2024-06-17,saisie_manuelle
1597,Meridian Consulting SARL,FI,FI11787021,2025-04-10,reprise_erp
1598,Orion Services SAS,FI,FI810368727,2025-08-21,portail_client
1599,Azur Industries BV,SE,SE767921468901,2024-07-27,import_fournisseur
1600,Prima Services BV,PT,PT685148998,2025-04-10,saisie_manuelle
1601,Batavia Distribution GmbH,LU,LU82399836,2024-08-21,saisie_manuelle
1602,Nord Distribution SAS,BE,BE054753382,2024-10-26,import_fournisseur
1603,Prima Distribution Sp. z o.o.,IT,IT80980647921,2025-05-10,reprise_erp
1604,Alpine Transports SAS,FI,FI 7488 8129,2024-01-18,reprise_erp
1605,Vertex Logistics NV,IT,  IT27185170100 ,2025-04-28,portail_client
1606,Papyrus Technologies GmbH,BE,BE.1118431972,2025-10-01,import_fournisseur
1607,Verso Trading Lda,FI,FI10919387,2025-02-04,crm
1608,Metallo Distribution GmbH,IT,IT40828099123,2025-06-05,reprise_erp
1609,Baltic Trading NV,BE,BE0294526446,2024-03-30,crm
1610,Ardent Transports Oy,PT,PT11620503O,2024-11-04,saisie_manuelle
1611,Global Services SA,BE,BE0280780446,2024-07-06,saisie_manuelle
1612,Azur Technologies SARL,PT,PT4426853271,2025-02-27,reprise_erp
1613,Alpine Trading SAS,DK,DK026597196,2024-10-03,saisie_manuelle
1614,Granit Industries A/S,LU,LU78803731,2024-11-28,crm
1615,Kappa Transports NV,NL,NL059474823B57,2024-04-02,crm
1616,Solaris Services SpA,FR,FR-30851835479,2024-05-14,portail_client
1617,Orion Materials Oy,PL,1049660791,2024-03-06,portail_client
1618,Lumen Transports Sp. z o.o.,BE,be1303532124,2025-01-23,crm
1619,Solaris Consulting A/S,DK,DK46078292,2024-10-10,saisie_manuelle
1620,Vertex Trading Lda,PL,PL7228629039,2024-09-17,portail_client
1621,Cobalt Trading SA,IT,IT71258287730,2025-06-16,reprise_erp
1622,Hanse Technologies SAS,FR,FR94245297475,2024-06-28,portail_client
1623,Atlantic Consulting NV,PL,pl2048270114,2024-07-11,reprise_erp
1624,Alpine Transports Sp. z o.o.,FR,FR.87411489351,2024-06-11,import_fournisseur
1625,Papyrus Foods Lda,FI,FI06287049,2025-03-29,portail_client
1626,Nord Distribution AB,PL,PL3524874330,2025-06-01,saisie_manuelle
1627,Prima Industries Lda,FR,FR.27528795893,2025-07-26,import_fournisseur
1628,Batavia Transports GmbH,FR,FR1137939089,2024-10-28,saisie_manuelle
1629,Kappa Industries SAS,PT,PT.998561878,2024-06-24,portail_client
1630,Delta Foods Lda,PT,PT972960341,2024-03-19,portail_client
1631,Prima Foods SARL,DK,DK79601934,2024-03-25,crm
1632,Delta Transports NV,DK,DK93315596,2024-12-31,portail_client
1633,Fabrica Distribution Oy,DK,  DK50593606 ,2025-08-03,crm
1634,Kappa Trading SpA,FR,FR-01259326360,2025-03-21,crm
1635,Baltic Foods SpA,DK,DK.96676549,2025-08-07,reprise_erp
1636,Verso Industries Oy,NL,NL-977967335B40,2024-05-27,portail_client
1637,Verso Logistics Sp. z o.o.,FR,25597254483,2025-08-20,reprise_erp
1638,Prima Technologies NV,LU,LU77983719,2025-08-06,crm
1639,Papyrus Technologies Oy,BE,BE1604813530,2025-08-16,crm
1640,Kappa Consulting GmbH,IT,IT96432317384,2024-12-29,saisie_manuelle
1641,Papyrus Consulting A/S,LU,LU10415621,2025-08-06,reprise_erp
1642,Kappa Foods Sp. z o.o.,FI,FI34202065,2024-06-16,import_fournisseur
1643,Kappa Services BV,IT,IT78553462454,2025-07-27,import_fournisseur
1644,Solaris Distribution AB,PL,pl4399292622,2025-03-09,crm
1645,Granit Distribution Lda,PT,PT911011934,2024-05-23,import_fournisseur
1646,Metallo Foods Oy,IT,IT58535026567,2024-01-28,import_fournisseur
1647,Lusitania Consulting BV,NL,NL942755121B54,2024-03-27,import_fournisseur
1648,Fabrica Trading BV,FI,FI28395489,2024-03-10,crm
1649,Metallo Trading A/S,IT,IT48608029335,2024-05-21,portail_client
1650,Fabrica Distribution Lda,NL,NL100567630B35,2025-06-24,crm
1651,Baltic Technologies NV,LU,LU77999600,2025-01-14,crm
1652,Metallo Industries BV,IT,87063066580,2024-05-08,crm
1653,Azur Logistics BV,LU,LU41881570,2024-11-21,crm
1654,Solaris Transports NV,IT,IT50970091232,2024-04-20,reprise_erp
1655,Kappa Technologies Oy,XX,XX359287116B71,2024-08-20,portail_client
1656,Atlantic Distribution SA,PL,PL5791090136,2024-05-07,reprise_erp
1657,Prima Logistics SpA,NL,NL20G265829B17,2024-06-02,saisie_manuelle
1658,Hanse Technologies BV,SE,SE-726129537701,2024-07-13,crm
1659,Lumen Logistics A/S,LU,LU68938883,2024-11-09,portail_client
1660,Baltic Trading Lda,IT,IT65283443716,2025-02-26,crm
1661,Vertex Services GmbH,DK,DK76105332,2024-06-05,crm
1662,Metallo Industries NV,LU,lu17445616,2024-11-10,reprise_erp
1663,Fabrica Consulting AB,SE,SE990522600801,2024-06-09,import_fournisseur
1664,Atlantic Consulting NV,IT,IT21403089101,2024-01-21,saisie_manuelle
1665,Global Consulting A/S,PL,pl9878150897,2025-07-15,crm
1666,Azur Transports BV,SE,SE797206749501,2025-08-30,reprise_erp
1667,Vertex Transports Sp. z o.o.,IT,IT09428528302,2025-08-27,crm
1668,Cobalt Transports SAS,SE,SE.069572773501,2025-09-08,import_fournisseur
1669,Prima Technologies SA,FR,FR85903473415,2024-12-25,reprise_erp
1670,Meridian Technologies Oy,NL,NL149480805B62,2025-03-27,saisie_manuelle
1671,Metallo Trading A/S,PT,PT2465153M4,2024-02-28,saisie_manuelle
1672,Kappa Technologies Oy,PT,N/A,2025-03-24,import_fournisseur
1673,Lumen Foods NV,NL,nl542770556b81,2024-12-06,portail_client
1674,Nord Industries GmbH,FR,  FR16425237881 ,2024-01-16,reprise_erp
1675,Lusitania Distribution Lda,BE,BE1340835354,2025-08-01,import_fournisseur
1676,Lusitania Foods A/S,PT,PT.688973264,2025-08-20,crm
1677,Baltic Trading SAS,FI,FI 3785 6873,2025-01-17,crm
1678,Batavia Technologies SA,LU,lu58481181,2024-05-19,crm
1679,Hanse Transports A/S,SE,se740563530601,2025-03-09,saisie_manuelle
1680,Nord Industries NV,DK,DK41621710,2025-07-05,portail_client
1681,Meridian Transports BV,BE,  BE1992396628 ,2024-02-10,import_fournisseur
1682,Baltic Services AB,FI,FI94944351,2024-09-17,import_fournisseur
1683,Kappa Foods Sp. z o.o.,BE,BE1533641828,2024-08-06,reprise_erp
1684,Verso Technologies BV,PT,PT141407419,2024-01-18,portail_client
1685,Lusitania Transports SpA,PL,5894644333,2024-08-14,import_fournisseur
1686,Alpine Trading Oy,LU,LU62173671,2024-05-08,reprise_erp
1687,Solaris Logistics NV,NL,NL063080813B27,2024-12-23,crm
1688,Solaris Distribution SA,DK,DK04090046,2025-01-08,crm
1689,Corvus Consulting Oy,LU,LU91048080,2024-09-15,portail_client
1690,Prima Logistics AB,NL,NL722331915B16,2025-08-19,reprise_erp
1691,Nord Industries GmbH,PL,PL8967524382,2024-12-26,portail_client
1692,Fabrica Logistics SAS,PL,PL9G97665740,2025-01-09,portail_client
1693,Kappa Trading Sp. z o.o.,FR,  FR16801844746 ,2024-09-08,portail_client
1694,Solaris Industries SpA,SE,SE181753306401,2024-09-14,saisie_manuelle
1695,Prima Technologies SARL,DK,DK82775323,2025-09-09,saisie_manuelle
1696,Vela Materials Lda,DK,,2025-07-26,portail_client
1697,Cobalt Consulting SAS,IT,IT-30151952501,2025-05-29,crm
1698,Global Distribution SAS,NL,NL952106231B60,2025-06-05,reprise_erp
1699,Papyrus Materials BV,UK,UK633282154,2024-02-12,crm
1700,Nord Technologies SA,ZZ,ZZ97387781,2024-01-05,reprise_erp
1701,Corvus Foods SA,PL,PL5021856795,2025-08-19,reprise_erp
1702,Global Technologies Lda,PL,PL7428741331,2024-06-03,saisie_manuelle
1703,Granit Transports A/S,BE,BE1699131673,2025-03-17,crm
1704,Vertex Services SARL,DK,DK10425174,2025-03-05,saisie_manuelle
1705,Global Logistics A/S,SE,SE472094656701,2024-09-01,crm
1706,Textil Logistics BV,LU,LU11519832,2024-02-07,crm
1707,Lumen Consulting Sp. z o.o.,LU,LU65793042,2024-01-11,import_fournisseur
1708,Azur Services AB,IT,N/A,2025-08-12,crm
1709,Metallo Consulting NV,FR,FR-86130330518,2025-08-06,reprise_erp
1710,Vela Materials SpA,NL,NL126599915B29,2024-03-30,portail_client
1711,Azur Services BV,SE,SE600348951201,2024-08-03,portail_client
1712,Orion Services Sp. z o.o.,SE,SE162774495401,2024-04-16,portail_client
1713,Alpine Services BV,PT,PT 2553 46298,2024-09-04,saisie_manuelle
1714,Vertex Consulting SAS,SE,SE537121778601,2024-11-27,reprise_erp
1715,Kappa Trading Lda,IT,it75655623058,2024-02-25,crm
1716,Azur Industries GmbH,QQ,QQ137483597,2025-07-25,portail_client
1717,Textil Technologies Sp. z o.o.,LU,LU11570606,2024-12-01,crm
1718,Vela Industries SAS,NL,NL461139542B58,2024-10-06,reprise_erp
1719,Granit Foods SARL,BE,BE0597431908,2024-06-10,import_fournisseur
1720,Ardent Materials AB,DK,DK94802385,2024-04-24,portail_client
1721,Vertex Consulting SAS,DK,DK8204646,2025-09-07,crm
1722,Papyrus Materials SAS,LU,LU.95707255,2024-07-18,saisie_manuelle
1723,Prima Logistics BV,IT,IT95064839700,2024-12-14,portail_client
1724,Delta Industries AB,PL,PL7508265607,2024-02-13,import_fournisseur
1725,Ardent Services Lda,LU,LU.96622945,2024-08-31,saisie_manuelle
1726,Global Distribution Lda,PT,  PT563173300 ,2024-11-29,reprise_erp
1727,Nord Logistics BV,DK,DK6667602O,2025-07-15,crm
1728,Orion Distribution NV,PT,PT474436195,2024-01-08,saisie_manuelle
1729,Cobalt Materials NV,BE,BE0990074050,2024-03-31,portail_client
1730,Solaris Services SpA,DK,DK58631329,2024-10-22,portail_client
1731,Batavia Logistics Lda,NL,NL254366127B38,2024-05-26,crm
1732,Prima Foods Sp. z o.o.,FR,FR 5717 8758017,2025-08-02,saisie_manuelle
1733,Global Distribution NV,PL,PL5127139746,2024-04-07,import_fournisseur
1734,Delta Industries AB,NL,NL014169782B29,2025-07-09,portail_client
1735,Kappa Consulting A/S,FI,N/A,2025-07-31,saisie_manuelle
1736,Metallo Foods SARL,FR,FR33330455727,2024-06-14,portail_client
1737,Vela Trading GmbH,FI,FIH4105621,2025-02-22,saisie_manuelle
1738,Textil Distribution Sp. z o.o.,LU,LU-37322649,2024-06-18,crm
1739,Prima Services Oy,PL,PL3581247964,2024-01-13,reprise_erp
1740,Global Technologies SAS,PT,364455446,2025-02-13,reprise_erp
1741,Granit Transports SAS,LU,LU9750747J,2024-03-07,reprise_erp
1742,Nord Transports Oy,DK,DK 8965 3614,2024-07-13,import_fournisseur
1743,Batavia Trading GmbH,SE,SE361502911701,2025-08-24,crm
1744,Lusitania Materials AB,LU,LU29491355,2025-02-11,crm
1745,Nord Consulting A/S,PL,PL2944016503,2024-05-15,portail_client
1746,Atlantic Industries Lda,DK,DK12843380,2024-09-12,crm
1747,Lumen Materials NV,LU,LU3839357M,2025-08-18,portail_client
1748,Hanse Distribution Lda,FR,FR57500538542,2024-02-11,reprise_erp
1749,Baltic Logistics Oy,DK,DK4649521,2024-05-11,saisie_manuelle
1750,Papyrus Services GmbH,PL,8733753308,2024-08-21,crm
1751,Verso Transports NV,NL,nl229330228b50,2025-08-01,import_fournisseur
1752,Azur Distribution NV,DK,DK8204422,2024-10-19,portail_client
1753,Lusitania Distribution Oy,FI,FI66416043,2025-02-26,reprise_erp
1754,Textil Technologies Oy,NL,NL814769435B16,2025-06-16,portail_client
1755,Atlantic Transports Lda,SE,SE769243610301,2024-12-18,reprise_erp
1756,Nord Materials SpA,PL,PL2869O37371,2025-07-08,reprise_erp
1757,Granit Technologies SAS,PL,PL 3424 641477,2025-04-30,crm
1758,Kappa Foods SAS,PT,PT823046656,2024-09-27,reprise_erp
1759,Textil Foods NV,LU,LU72515774,2025-09-03,reprise_erp
1760,Cobalt Trading A/S,SE,SE528267113901,2025-01-18,crm
1761,Textil Services SpA,LU,LU3066858,2024-11-24,crm
1762,Delta Consulting Sp. z o.o.,NL,NL875800046B64,2025-08-10,reprise_erp
1763,Granit Materials SARL,IT,IT48844016864,2025-03-18,portail_client
1764,Lumen Industries Sp. z o.o.,SE,SE516597649501,2024-11-21,import_fournisseur
1765,Atlantic Materials GmbH,BE,BE0784631409,2024-05-27,reprise_erp
1766,Lusitania Logistics SAS,FR,FR89213879689,2025-05-09,reprise_erp
1767,Metallo Materials SpA,FR,FR63190049498,2025-09-04,reprise_erp
1768,Fabrica Services AB,PL,PL9444789565,2025-09-23,reprise_erp
1769,Meridian Foods Oy,SE,SE050597989801,2024-12-07,saisie_manuelle
1770,Ardent Foods Oy,BE,BE-0885096393,2024-09-27,reprise_erp
1771,Meridian Consulting Sp. z o.o.,LU,LU73908633,2024-10-17,portail_client
1772,Orion Transports Oy,PT,PT906816475,2025-03-04,saisie_manuelle
1773,Kappa Consulting Sp. z o.o.,FI,FI71407705,2025-02-26,portail_client
1774,Solaris Industries AB,IT,IT04436942478,2024-08-10,reprise_erp
1775,Vela Distribution AB,BE,BE0716544344,2024-02-10,saisie_manuelle
1776,Papyrus Logistics SAS,BE,BE0259346821,2024-04-27,import_fournisseur
1777,Fabrica Transports SpA,PL,PL-6854122273,2024-08-17,saisie_manuelle
1778,Granit Distribution NV,GB,GB980129011601,2024-07-01,saisie_manuelle
1779,Granit Foods NV,ZZ,ZZ24475298,2024-09-08,portail_client
1780,Verso Industries Oy,BE,BE0903436719,2024-03-23,crm
1781,Delta Consulting A/S,BE,BE0594168649,2024-10-02,saisie_manuelle
1782,Global Services SARL,PL,pl1566746334,2024-03-11,reprise_erp
1783,Lumen Industries AB,SE,SE836611760401,2024-04-13,reprise_erp
1784,Delta Technologies Oy,PT,PT369339223,2025-05-16,import_fournisseur
1785,Orion Transports GmbH,DK,DK22127179,2025-03-21,import_fournisseur
1786,Vela Technologies GmbH,DK,DK73755096,2024-10-06,portail_client
1787,Baltic Trading SAS,NL,NL435249162B90,2025-07-13,import_fournisseur
1788,Ardent Logistics Oy,PT,PT942114182,2025-07-10,import_fournisseur
1789,Granit Materials AB,NL,NL562980179B17,2024-02-10,saisie_manuelle
1790,Lusitania Trading Oy,FI,FI91591407,2025-06-26,crm
1791,Corvus Consulting GmbH,LU,LU.60281821,2024-07-23,reprise_erp
1792,Global Trading GmbH,FR,FR 2038 8260383,2024-12-03,portail_client
1793,Vertex Trading A/S,IT,IT77410618993,2024-09-03,reprise_erp
1794,Metallo Foods SAS,SE,SE130576270601,2024-05-12,reprise_erp
1795,Lumen Distribution BV,SE,SE93783109740,2025-07-17,portail_client
1796,Orion Industries SpA,FR,FR39157673121,2025-08-28,reprise_erp
1797,Lumen Consulting A/S,ZZ,ZZ14820344068,2024-03-26,reprise_erp
1798,Corvus Consulting SARL,SE,SE971412222001,2024-06-16,reprise_erp
1799,Fabrica Technologies GmbH,LU,LU55138227,2024-11-21,reprise_erp
1800,Prima Services SpA,LU,LU1346822,2024-04-30,saisie_manuelle
1801,Hanse Consulting Oy,SE,SE222959551001,2025-03-28,crm
1802,Kappa Technologies GmbH,LU,LU60949325,2024-12-30,saisie_manuelle
1803,Kappa Logistics Oy,LU,LU72167883,2024-07-08,saisie_manuelle
1804,Cobalt Distribution SAS,XX,XX08310629,2025-08-14,crm
1805,Lumen Materials GmbH,IT,IT 3198 9391268,2025-07-17,saisie_manuelle
1806,Textil Technologies NV,LU,lu37464746,2024-08-22,saisie_manuelle
1807,Hanse Trading SAS,GB,GB746854037701,2024-08-24,portail_client
1808,Hanse Logistics Sp. z o.o.,PL,PL2059625462,2025-06-01,import_fournisseur
1809,Cobalt Transports NV,FI,FI57826217,2024-07-30,crm
1810,Granit Foods SARL,FI,FI21986689,2024-02-14,crm
1811,Ardent Consulting Oy,DK,74447546,2024-01-21,portail_client
1812,Alpine Services AB,FR,FR70305456285,2024-07-19,crm
1813,Cobalt Logistics SpA,IT,IT81133423426,2025-04-13,reprise_erp
1814,Lumen Services AB,PL,PL5032110510,2025-03-24,import_fournisseur
1815,Solaris Transports Sp. z o.o.,FR,FR87948736522,2025-04-13,portail_client
1816,Batavia Foods GmbH,FI,FI-17386907,2025-07-27,saisie_manuelle
1817,Kappa Distribution Lda,FI,FI20835259,2025-04-02,crm
1818,Azur Logistics Lda,FR,FR66927648280,2025-09-01,portail_client
1819,Cobalt Logistics SARL,LU,LU83051051,2024-05-03,crm
1820,Metallo Foods SAS,IT,IT 6867 6561217,2024-10-02,portail_client
1821,Ardent Trading SARL,BE,BE-G809488280,2025-05-31,reprise_erp
1822,Kappa Materials SAS,SE,SE064399645901,2025-01-24,reprise_erp
1823,Alpine Trading GmbH,LU,LUJ9753912,2024-08-03,reprise_erp
1824,Vela Services SARL,FI,FI82657628,2024-09-17,import_fournisseur
1825,Atlantic Distribution Sp. z o.o.,SE,SE005205541701,2024-11-01,saisie_manuelle
1826,Papyrus Industries Lda,LU,LU42448847,2025-08-12,portail_client
1827,Vela Transports SpA,LU,LU-25177078,2025-02-18,reprise_erp
1828,Granit Consulting SpA,FR,FR59925597134,2025-08-26,portail_client
1829,Ardent Industries Oy,IT,IT17267906083,2025-09-30,crm
1830,Lumen Technologies BV,PL,PL 8596 322200,2024-02-25,saisie_manuelle
1831,Textil Distribution SAS,PT,PT3H4898413,2025-09-11,portail_client
1832,Ardent Technologies SAS,FI,FI63154226,2025-04-18,import_fournisseur
1833,Lumen Technologies SARL,DK,DK17304690,2025-02-10,portail_client
1834,Metallo Materials SARL,IT,IT13321277066,2024-04-25,reprise_erp
1835,Papyrus Logistics Lda,FR,FR1939712660,2024-06-10,crm
1836,Alpine Materials SAS,GB,GB497087595301,2025-04-07,crm
1837,Azur Logistics BV,PT,PT-491827431,2025-05-16,reprise_erp
1838,Granit Materials SpA,IT,IT16895965040,2024-07-21,portail_client
1839,Lumen Services NV,DK,,2025-01-12,saisie_manuelle
1840,Azur Logistics NV,LU,lu92848436,2024-08-11,import_fournisseur
1841,Global Services A/S,ZZ,ZZ8434709334,2024-12-29,reprise_erp
1842,Atlantic Logistics SARL,BE,BE08103745O3,2024-08-12,saisie_manuelle
1843,Vela Foods A/S,FI,FI38769755,2024-07-20,portail_client
1844,Cobalt Foods BV,LU,LU27286984,2024-12-05,import_fournisseur
1845,Batavia Industries SpA,PL,4391418928,2024-08-24,import_fournisseur
1846,Azur Industries SpA,PL,PL8836061361,2024-06-12,import_fournisseur
1847,Hanse Distribution SARL,PL,PL2191413061,2025-07-15,import_fournisseur
1848,Textil Materials SA,PL,PL-8309980511,2024-05-01,saisie_manuelle
1849,Fabrica Logistics NV,BE,BE055004918,2025-06-16,import_fournisseur
1850,Lusitania Technologies Lda,BE,BE0505413309,2024-06-27,portail_client
1851,Azur Logistics A/S,DK,dk47058538,2025-09-04,saisie_manuelle
1852,Lusitania Distribution SARL,NL,nl187395597b91,2024-03-28,portail_client
1853,Granit Transports SARL,PT,PT428182402,2024-05-23,crm
1854,Fabrica Transports NV,FR,FR.84219494437,2024-04-03,portail_client
1855,Solaris Trading SA,IT,IT74085779054,2025-01-12,import_fournisseur
1856,Hanse Materials NV,FR,FR.33995542144,2024-06-27,portail_client
1857,Nord Materials Sp. z o.o.,PL,5944706126,2025-05-10,import_fournisseur
1858,Delta Services AB,FI,fi89604926,2025-02-21,crm
1859,Alpine Foods SAS,NL,952520540B31,2024-08-23,crm
1860,Verso Distribution SARL,IT,IT 5900 8785947,2025-08-04,reprise_erp
1861,Delta Foods SAS,NL,NL649966880B257,2025-05-28,saisie_manuelle
1862,Granit Consulting A/S,NL,NL294772698B657,2025-02-23,reprise_erp
1863,Verso Materials SpA,IT,IT0641737368,2025-04-11,import_fournisseur
1864,Meridian Industries NV,UK,UK17308064,2025-03-25,crm
1865,Alpine Industries SpA,FI,FI90260083,2024-07-19,reprise_erp
1866,Vertex Consulting AB,LU,lu18336525,2024-10-08,saisie_manuelle
1867,Textil Materials BV,BE,BE059122578,2024-10-04,saisie_manuelle
1868,Papyrus Materials Oy,BE,BE0632645084,2024-10-03,import_fournisseur
1869,Nord Consulting A/S,PL,PL.2944016503,2024-02-14,reprise_erp
1870,Lumen Materials A/S,DK,DK695662788,2025-05-01,portail_client
1871,Lumen Distribution SpA,ZZ,ZZ296331606801,2024-06-06,crm
1872,Hanse Logistics NV,PL,PL7227401357,2024-02-10,saisie_manuelle
1873,Orion Transports Lda,SE,SE-930534267801,2025-04-26,import_fournisseur
1874,Atlantic Foods A/S,PT,PT244701962,2025-05-16,crm
1875,Prima Technologies BV,NL,NL533554177B73,2025-08-22,import_fournisseur
1876,Cobalt Logistics BV,FR,FR07760247845,2025-08-28,crm
1877,Vertex Logistics SAS,SE,SE319O25045901,2025-06-26,crm
1878,Meridian Industries AB,DK,DK 4853 3256,2024-11-17,saisie_manuelle
1879,Azur Foods BV,SE,SE280621620201,2024-06-17,crm
1880,Lumen Services A/S,NL,NL854971964B40,2025-08-20,portail_client
1881,Kappa Services SARL,FI,FI32307287,2024-10-24,reprise_erp
1882,Hanse Transports Sp. z o.o.,PL,  PL5952818443 ,2024-07-21,reprise_erp
1883,Baltic Technologies Lda,PL,PL4483301111,2024-03-05,crm
1884,Alpine Materials SA,PT,PT645360864,2024-03-03,reprise_erp
1885,Delta Transports NV,FR,FR62956467870,2025-07-14,crm
1886,Cobalt Materials Lda,PT,PT976847000,2024-05-29,saisie_manuelle
1887,Cobalt Services SpA,PL,PL9908591650,2024-06-17,crm
1888,Textil Technologies Oy,SE,SE377989485001,2025-06-16,crm
1889,Global Industries SpA,SE, ,2024-06-29,import_fournisseur
1890,Solaris Foods BV,QQ,QQ23094561505,2024-12-13,crm
1891,Granit Consulting GmbH,BE,,2024-07-26,reprise_erp
1892,Papyrus Consulting SpA,DK,80458347,2025-09-11,crm
1893,Batavia Technologies SA,FR,FR67485316373,2024-07-19,portail_client
1894,Prima Services SARL,GB,GB844973140801,2024-09-12,crm
1895,Cobalt Services AB,LU,LU48858766,2024-02-13,saisie_manuelle
1896,Baltic Technologies SA,IT,IT20413493063,2025-02-23,reprise_erp
1897,Batavia Industries A/S,FI,23692353,2024-03-05,reprise_erp
1898,Verso Distribution SARL,BE,BE1K16073970,2024-07-28,crm
1899,Nord Services SpA,PL,  PL7281493244 ,2024-10-14,reprise_erp
1900,Nord Logistics NV,PL,PL8719507731,2024-08-12,saisie_manuelle
1901,Cobalt Distribution SA,NL,NL373165894B79,2024-06-10,portail_client
1902,Papyrus Transports SARL,IT,IT83772474667,2024-05-26,import_fournisseur
1903,Metallo Distribution SAS,FR,fr63613454401,2024-01-19,reprise_erp
1904,Corvus Distribution SpA,NL,NL959216789B06,2025-06-09,saisie_manuelle
1905,Papyrus Trading Lda,NL,  NL477115123B81 ,2024-12-10,portail_client
1906,Alpine Distribution A/S,BE,  BE1397363687 ,2025-09-14,crm
1907,Lumen Logistics Lda,LU,LU26016518,2024-10-21,saisie_manuelle
1908,Lusitania Technologies SARL,PT,PT420626134,2025-04-03,import_fournisseur
1909,Global Transports Lda,IT,IT0954970174,2024-09-19,saisie_manuelle
1910,Papyrus Distribution Sp. z o.o.,NL,NL239074130B45,2025-02-06,saisie_manuelle
1911,Global Materials A/S,SE,SE257635099501,2025-01-09,reprise_erp
1912,Baltic Consulting BV,NL,NL919052051B06,2025-08-04,reprise_erp
1913,Ardent Foods GmbH,DK,DK30023021,2024-04-16,import_fournisseur
1914,Corvus Industries SA,PL,PL1779057475,2025-05-21,portail_client
1915,Kappa Trading GmbH,FI,FI16600991,2025-01-07,portail_client
1916,Batavia Services SA,PT,PT423162822,2025-08-04,reprise_erp
1917,Delta Industries Oy,FR,FR00209754542,2025-09-10,reprise_erp
1918,Delta Logistics Lda,PT,PT826592740,2025-06-19,portail_client
1919,Solaris Distribution BV,PT,624055280,2025-08-27,reprise_erp
1920,Global Logistics GmbH,DK,DK14070257,2024-01-10,portail_client
1921,Delta Trading AB,BE,BE0997796438,2024-10-28,crm
1922,Nord Services Oy,SE,SE278117512601,2024-01-15,import_fournisseur
1923,Textil Transports GmbH,FI,FI26685116,2024-10-17,portail_client
1924,Hanse Services Oy,FR,FR30907512024,2024-10-29,reprise_erp
1925,Baltic Foods SpA,PL,PL3117551697,2025-02-12,portail_client
1926,Solaris Services AB,IT,IT27235013391,2024-10-25,crm
1927,Atlantic Consulting Oy,BE,BE-0171158478,2025-08-18,import_fournisseur
1928,Alpine Logistics NV,NL,NL 5565 77425B65,2024-11-14,reprise_erp
1929,Baltic Distribution SpA,LU,LU78429885,2024-04-18,saisie_manuelle
1930,Verso Distribution Sp. z o.o.,GB,GB049267280B58,2025-01-09,import_fournisseur
1931,Batavia Trading Lda,LU,LU9622740,2025-05-21,portail_client
1932,Kappa Transports SARL,PT,PT.737522445,2025-04-24,saisie_manuelle
1933,Cobalt Technologies SARL,DK,DK34206642,2025-09-21,saisie_manuelle
1934,Metallo Industries Lda,SE,SE608303052501,2025-09-27,import_fournisseur
1935,Kappa Materials SpA,FI,FI752183K2,2024-02-27,saisie_manuelle
1936,Hanse Trading Oy,BE,BE0234506012,2025-07-10,saisie_manuelle
1937,Alpine Services NV,LU,56409513,2024-12-19,portail_client
1938,Meridian Services GmbH,BE,0797739480,2024-04-26,saisie_manuelle
1939,Verso Distribution SARL,FI,FI-32077504,2024-05-27,reprise_erp
1940,Textil Consulting SARL,NL,NL922929610B40,2025-01-19,portail_client
1941,Azur Foods NV,IT,IT 8439 3704717,2024-09-28,crm
1942,Lusitania Technologies SARL,DK,DK07517808,2024-02-05,import_fournisseur
1943,Baltic Consulting BV,NL,NL376877607B63,2024-04-18,reprise_erp
1944,Batavia Trading Lda,IT,IT08134454655,2025-09-28,crm
1945,Ardent Distribution SA,NL,nl442736873b35,2025-03-12,crm
1946,Baltic Industries Oy,IT,IT24081626830,2025-01-01,saisie_manuelle
1947,Kappa Industries A/S,DK,DK95839088,2024-06-09,portail_client
1948,Fabrica Foods AB,BE,BE1208776089,2024-01-02,saisie_manuelle
1949,Lumen Transports NV,FR,FR31988031983,2024-04-15,reprise_erp
1950,Lusitania Consulting GmbH,SE,SE426016477901,2025-09-06,reprise_erp
1951,Vela Trading SAS,PT,PT944446728,2025-06-09,saisie_manuelle
1952,Hanse Transports Lda,IT,15330397652,2024-06-09,portail_client
1953,Vertex Technologies SpA,SE,923458373101,2024-03-28,import_fournisseur
1954,Orion Industries Oy,FR,FR85269742263,2025-04-15,saisie_manuelle
1955,Granit Distribution NV,IT,  IT34445700197 ,2024-07-03,crm
1956,Alpine Consulting Sp. z o.o.,PL,PL3142850508,2025-08-27,import_fournisseur
1957,Verso Services SAS,PT,PT775G98510,2025-02-26,reprise_erp
1958,Nord Distribution A/S,PT,PT787197084,2025-06-06,reprise_erp
1959,Azur Transports SAS,DK,DK48678360,2025-04-24,crm
1960,Granit Industries SAS,DK,DK25919572,2025-09-11,import_fournisseur
1961,Hanse Consulting BV,NL,NL252147039B51,2024-03-23,reprise_erp
1962,Vertex Consulting Oy,SE,SE980133248801,2025-09-11,saisie_manuelle
1963,Prima Distribution Oy,NL,NL 8373 36971B19,2024-07-26,portail_client
1964,Global Distribution A/S,PT,pt690683421,2025-09-11,saisie_manuelle
1965,Batavia Logistics A/S,FR,FR7781888908,2025-01-15,import_fournisseur
1966,Granit Consulting Sp. z o.o.,LU,LU26633850,2025-08-31,reprise_erp
1967,Metallo Industries Oy,DK,DK23031574,2024-04-02,reprise_erp
1968,Delta Logistics SARL,LU,LU39633134,2025-05-12,saisie_manuelle
1969,Meridian Industries NV,BE,BE1830627748,2025-07-28,portail_client
1970,Global Services A/S,PT,PT982628648,2024-11-30,portail_client
1971,Orion Consulting SAS,NL,NL495657955B32,2025-01-11,reprise_erp
1972,Batavia Technologies Lda,FR,FR18247231177,2025-01-12,portail_client
1973,Vela Technologies A/S,IT,  IT38019108109 ,2024-03-07,crm
1974,Nord Industries SARL,PT,PT87385254,2024-01-09,crm
1975,Prima Consulting SARL,IT,it15217629441,2024-05-24,crm
1976,Ardent Distribution SA,LU,79425519,2024-03-02,import_fournisseur
1977,Global Transports GmbH,SE,SE465954796601,2024-01-22,import_fournisseur
1978,Baltic Logistics SAS,FI,FI07689772,2024-01-30,portail_client
1979,Global Materials Oy,LU,LU70124645,2024-09-10,crm
1980,Atlantic Trading SA,LU,LU18031186,2025-05-22,import_fournisseur
1981,Atlantic Services Oy,PT,PT519800976,2025-03-22,crm
1982,Azur Consulting SA,SE,736880434501,2025-09-24,import_fournisseur
1983,Papyrus Trading A/S,FI,FI80766291,2025-05-12,crm
1984,Fabrica Logistics Sp. z o.o.,PL,PL2587933088,2025-04-23,portail_client
1985,Papyrus Services Sp. z o.o.,LU,LU17856030,2024-09-24,reprise_erp
1986,Atlantic Technologies GmbH,LU,LU21278878,2024-03-20,crm
1987,Batavia Materials Sp. z o.o.,FI,FI73992351,2025-04-09,reprise_erp
1988,Lusitania Services SAS,BE,BE0359022734,2024-12-09,saisie_manuelle
1989,Metallo Transports A/S,NL,NL087434647B20,2024-11-25,saisie_manuelle
1990,Corvus Trading Oy,BE,BE0313592783,2024-01-17,reprise_erp
1991,Atlantic Transports SpA,SE,SE718707659601,2025-07-07,crm
1992,Prima Materials Lda,IT,IT34367837969,2025-07-04,import_fournisseur
1993,Meridian Logistics GmbH,PL,PL3788848846,2024-10-26,reprise_erp
1994,Metallo Materials A/S,NL,551680994B94,2024-06-15,saisie_manuelle
1995,Ardent Transports SpA,PT,-,2024-05-16,crm
1996,Hanse Foods SA,PL,-,2024-11-17,import_fournisseur
1997,Baltic Consulting SpA,FR,FR59636586507,2024-12-14,reprise_erp
1998,Cobalt Industries Lda,IT,IT06927451275,2024-11-06,reprise_erp
1999,Delta Foods SpA,LU,LU85873H64,2024-03-12,portail_client
2000,Delta Technologies SA,IT,IT25365319083,2025-08-18,import_fournisseur
2001,Delta Materials Sp. z o.o.,FR,FR.55808845346,2025-03-21,import_fournisseur
2002,Delta Technologies Lda,PL,PL8851650771,2024-11-27,import_fournisseur
2003,Kappa Logistics SA,SE,se499939293101,2025-05-12,crm
2004,Lumen Industries Sp. z o.o.,SE,  SE516597649501 ,2025-05-24,saisie_manuelle
2005,Azur Services BV,SE,SE948350614401,2024-01-27,portail_client
2006,Prima Consulting BV,SE,SE822400141001,2025-05-01,reprise_erp
2007,Lusitania Technologies Oy,PL,1636555155,2025-09-27,crm
2008,Textil Materials NV,QQ,QQ931339431B48,2025-07-22,portail_client
2009,Corvus Consulting Sp. z o.o.,PL,PL.2162360913,2024-03-10,import_fournisseur
2010,Prima Industries BV,FI,FI4012392,2024-09-08,reprise_erp
2011,Corvus Technologies Oy,FR,FR58878591742,2024-09-11,import_fournisseur
2012,Vertex Services SpA,FR,FR23784320987,2025-03-04,import_fournisseur
2013,Nord Trading A/S,PL,PL3794545151,2024-08-31,import_fournisseur
2014,Lumen Distribution GmbH,DK,DKM3508174,2024-06-22,saisie_manuelle
2015,Nord Services Lda,FR,FR.00108708090,2025-09-10,portail_client
2016,Kappa Transports NV,FR,FR67821308201,2025-06-13,saisie_manuelle
2017,Baltic Logistics BV,PL,PL5220512153,2025-02-11,import_fournisseur
2018,Corvus Foods SpA,SE,SE611190836101,2024-06-04,crm
2019,Batavia Foods NV,NL,NL985519332B34,2025-07-22,saisie_manuelle
2020,Vela Materials SpA,NL,NL.785427788B39,2025-08-24,crm
2021,Atlantic Distribution Sp. z o.o.,NL,NL505799451B58,2024-08-06,crm
2022,Vela Materials SAS,UK,UK26062918,2025-09-01,portail_client
2023,Hanse Industries Sp. z o.o.,PL, ,2025-04-09,reprise_erp
2024,Lumen Distribution GmbH,DK,DK7772276,2024-10-02,reprise_erp
2025,Prima Transports GmbH,LU,lu77982911,2025-01-23,saisie_manuelle
2026,Corvus Transports SAS,PL,PL5140137144,2025-01-19,portail_client
2027,Corvus Transports A/S,DK,81424306,2024-10-05,reprise_erp
2028,Batavia Foods SAS,IT,it88249678397,2024-07-10,saisie_manuelle
2029,Papyrus Trading SARL,LU,LU64980610,2024-09-09,import_fournisseur
2030,Global Technologies Lda,IT,IT.21274795695,2024-08-18,reprise_erp
2031,Metallo Transports NV,IT,IT6474504222H,2024-03-03,crm
2032,Verso Transports A/S,NL,NL394579598B86,2025-02-14,reprise_erp
2033,Cobalt Materials BV,FR,54104722863,2024-10-02,crm
2034,Batavia Industries SpA,DK,DK03841995,2025-07-24,portail_client
2035,Prima Industries AB,NL,NL406441376B65,2025-08-18,import_fournisseur
2036,Papyrus Foods Sp. z o.o.,FI,FI44891594,2024-03-23,saisie_manuelle
2037,Metallo Trading SpA,FR,FR.39185914768,2024-05-31,import_fournisseur
2038,Kappa Technologies GmbH,FI,FI37109851,2024-07-16,reprise_erp
2039,Alpine Technologies SA,SE,SE912330518701,2024-08-28,crm
2040,Cobalt Industries SA,SE,717848736401,2025-03-31,portail_client
2041,Alpine Industries Sp. z o.o.,FI,FI5545651,2025-04-23,crm
2042,Alpine Logistics BV,DK,DK8J989606,2025-05-12,import_fournisseur
2043,Fabrica Services Lda,FR,FR20172305985,2025-05-06,crm
2044,Azur Trading BV,NL,NL774510204B59,2025-07-25,portail_client
2045,Ardent Services SA,BE,BE1771187534,2024-05-09,portail_client
2046,Papyrus Materials AB,UK,UK40078988,2025-03-23,crm
2047,Alpine Foods SA,BE,BE0177949072,2024-06-24,crm
2048,Granit Logistics BV,NL,NL293106841B55,2024-11-04,reprise_erp
2049,Prima Services Oy,BE,BE0686905104,2025-04-01,portail_client
2050,Hanse Consulting A/S,NL,NL772179839B13,2024-11-03,saisie_manuelle
2051,Nord Distribution Sp. z o.o.,FI,FI.35897145,2025-09-08,reprise_erp
2052,Corvus Industries Sp. z o.o.,PT,null,2025-08-04,reprise_erp
2053,Cobalt Transports SA,IT,IT20839164348,2025-05-07,portail_client
2054,Alpine Distribution BV,PT,  PT829534750 ,2025-05-18,reprise_erp
2055,Azur Technologies GmbH,ZZ,ZZ040422849601,2024-12-22,reprise_erp
2056,Textil Industries BV,FR,FR58834914970,2025-06-30,crm
2057,Papyrus Foods Sp. z o.o.,SE,SE847163781701,2025-04-23,import_fournisseur
2058,Kappa Industries A/S,PT,PT 9352 08542,2024-07-27,import_fournisseur
2059,Textil Industries Lda,NL,NL575632471B28,2024-12-06,import_fournisseur
2060,Vertex Materials A/S,NL,NL993419240B37,2025-02-14,portail_client
2061,Vela Logistics Sp. z o.o.,PT,PT753641968,2025-06-06,import_fournisseur
2062,Cobalt Foods SA,FI,fi32947629,2024-04-05,portail_client
2063,Corvus Foods BV,SE,SE651453038401,2024-01-02,reprise_erp
2064,Lusitania Technologies AB,PT,PT032700752,2024-11-18,saisie_manuelle
2065,Vertex Services SAS,PL,PL1243278960,2024-06-17,reprise_erp
2066,Prima Services SA,BE,BE010714600,2025-04-27,crm
2067,Delta Transports GmbH,BE,BE-1107719709,2024-10-12,import_fournisseur
2068,Nord Distribution SA,PT,PT179567055,2024-01-29,portail_client
2069,Vertex Logistics Oy,IT,IT35336523312,2024-05-22,portail_client
2070,Batavia Materials Sp. z o.o.,FI,FI71626510,2024-01-27,saisie_manuelle
2071,Nord Trading Sp. z o.o.,FI,FI22577657,2025-03-29,crm
2072,Lusitania Materials NV,NL,NL529801280B70,2024-04-20,import_fournisseur
2073,Hanse Trading BV,PT,PT 2271 80003,2024-12-17,portail_client
2074,Papyrus Technologies Oy,FI,95857399,2024-02-16,reprise_erp
2075,Lumen Foods SAS,LU,LU20539370,2025-09-17,saisie_manuelle
2076,Verso Industries NV,FR,FR59705567572,2024-11-17,saisie_manuelle
2077,Cobalt Services AB,SE,SE420198069701,2024-08-29,crm
2078,Lusitania Distribution SARL,IT,IT18912572114,2024-09-08,crm
2079,Metallo Technologies AB,SE,SE349836950701,2025-09-13,saisie_manuelle
2080,Ardent Distribution SAS,BE,BE178193087,2025-07-30,reprise_erp
2081,Orion Foods A/S,ZZ,ZZ839798156,2024-03-02,saisie_manuelle
2082,Granit Services SARL,IT,IT91664229969,2025-09-30,saisie_manuelle
2083,Vertex Technologies SpA,PT,PT442988648,2024-01-17,import_fournisseur
2084,Lumen Services A/S,NL,934565053B23,2024-09-24,reprise_erp
2085,Baltic Foods A/S,FR,FR33958545859,2024-09-13,saisie_manuelle
2086,Prima Services BV,FI,FI086259101,2025-04-01,reprise_erp
2087,Solaris Transports Lda,PL,PL4083183263,2025-05-27,crm
2088,Corvus Services Sp. z o.o.,FI,-,2025-06-04,portail_client
2089,Solaris Industries AB,FI,FI969714J2,2025-07-05,crm
2090,Batavia Logistics SAS,BE,BE1933253835,2024-01-07,saisie_manuelle
2091,Vertex Technologies Sp. z o.o.,QQ,QQ79816336063,2024-06-07,portail_client
2092,Batavia Foods A/S,PL,3406382189,2024-11-21,crm
2093,Vertex Materials SA,IT,IT99607012913,2025-03-28,portail_client
2094,Solaris Trading NV,DK,DK077443155,2024-08-19,portail_client
2095,Azur Trading SA,QQ,QQ619109397B49,2024-07-25,crm
2096,Corvus Consulting SARL,LU,LU.98833579,2025-05-24,import_fournisseur
2097,Alpine Services Sp. z o.o.,PT,PT968548342,2024-12-24,saisie_manuelle
2098,Papyrus Consulting SAS,PL,PL4943920064,2024-04-12,saisie_manuelle
2099,Lusitania Trading AB,NL,NL756474462B46,2025-09-11,reprise_erp
2100,Alpine Materials AB,LU,LU55101920,2024-07-17,portail_client
2101,Verso Industries NV,BE,BE0797827770,2025-06-05,import_fournisseur
2102,Lusitania Services SA,FI,FI67180173,2025-02-17,crm
2103,Batavia Foods BV,DK,DK35068989,2024-01-28,portail_client
2104,Baltic Consulting Sp. z o.o.,FI,FI 7368 1H47,2024-11-27,saisie_manuelle
2105,Vela Logistics Oy,FR,FR2317H843425,2025-02-10,portail_client
2106,Corvus Industries AB,LU,LU14895457,2025-05-07,saisie_manuelle
2107,Nord Materials SAS,PT,PT721145671,2024-06-21,portail_client
2108,Papyrus Consulting SAS,SE,SE458100297101,2024-09-11,crm
2109,Kappa Logistics SAS,PL,PL1065124231,2025-01-07,saisie_manuelle
2110,Kappa Services A/S,DK,DK52300959,2025-09-21,import_fournisseur
2111,Solaris Trading GmbH,FR,  FR16578536584 ,2025-01-11,reprise_erp
2112,Prima Technologies AB,NL,NL539308481B63,2025-04-07,reprise_erp
2113,Lusitania Consulting Oy,PT,PT494999926,2024-07-12,reprise_erp
2114,Vertex Foods SA,PT,PT48318957,2024-12-14,crm
2115,Orion Technologies AB,XX,XX809724844B56,2024-04-27,import_fournisseur
2116,Kappa Transports A/S,DK,DK-24562239,2024-08-08,portail_client
2117,Orion Logistics Lda,LU,N/A,2024-10-20,portail_client
2118,Kappa Consulting GmbH,QQ,QQ4683394270,2024-11-16,crm
2119,Fabrica Industries BV,FI,FI02591297,2024-01-03,crm
2120,Azur Technologies Oy,IT,IT39340249836,2025-05-08,portail_client
2121,Papyrus Trading GmbH,QQ,QQ91262107930,2024-12-14,portail_client
2122,Azur Technologies SAS,QQ,QQ01161079037,2024-03-01,reprise_erp
2123,Batavia Trading SARL,FR,FR88193062003,2024-12-14,reprise_erp
2124,Verso Industries BV,UK,UK990760790B25,2025-02-14,crm
2125,Solaris Trading Oy,IT,IT92631227243,2025-07-30,portail_client
2126,Solaris Materials Lda,NL,NL.096329889B65,2025-06-03,portail_client
2127,Verso Trading Sp. z o.o.,BE,be0786259828,2025-06-02,import_fournisseur
2128,Cobalt Services NV,PT,PT3421635588,2025-04-08,reprise_erp
2129,Atlantic Foods SARL,SE,SE190223602901,2024-10-27,import_fournisseur
2130,Alpine Industries AB,SE,SE8739106G5601,2025-06-22,saisie_manuelle
2131,Lusitania Materials NV,FR,FR89569174233,2024-01-06,crm
2132,Orion Foods SA,PT,PT91441936,2024-08-13,reprise_erp
2133,Baltic Technologies SA,IT,IT8H083802929,2024-02-24,saisie_manuelle
2134,Baltic Materials A/S,PL,PL57478713354,2024-11-20,saisie_manuelle
2135,Granit Industries SA,PT,PT864434960,2025-06-10,portail_client
2136,Metallo Consulting GmbH,IT,IT 2008 3747418,2025-06-30,crm
2137,Nord Services GmbH,PL,PL8482107923,2024-10-28,reprise_erp
2138,Metallo Trading NV,SE,SE76142587000,2024-08-14,import_fournisseur
2139,Alpine Materials SAS,LU,LU1126658,2024-10-01,import_fournisseur
2140,Cobalt Trading SA,DK,DK04J04799,2024-02-12,portail_client
2141,Fabrica Transports GmbH,LU,N/A,2025-06-17,saisie_manuelle
2142,Lusitania Consulting A/S,GB,GB19299387463,2025-06-24,reprise_erp
2143,Orion Technologies SAS,XX,XX0805531055,2024-04-06,import_fournisseur
2144,Atlantic Logistics NV,IT,IT4122367499G,2024-06-15,import_fournisseur
2145,Alpine Services Lda,SE,se481221335501,2024-03-19,crm
2146,Alpine Services Lda,BE,BE02M5744840,2024-08-10,saisie_manuelle
2147,Solaris Services SARL,SE,SE988920742001,2025-01-24,import_fournisseur
2148,Lumen Technologies Oy,IT,IT 6490 2006515,2025-06-17,saisie_manuelle
2149,Papyrus Transports BV,FR,FR65603613978,2024-03-09,import_fournisseur
2150,Vertex Foods AB,DK,dk14558969,2025-01-22,reprise_erp
2151,Orion Consulting AB,BE,BE0553347310,2024-07-02,saisie_manuelle
2152,Metallo Consulting NV,BE,BE15394940272,2024-05-24,saisie_manuelle
2153,Nord Services SARL,LU,LU-431M9073,2024-04-01,import_fournisseur
2154,Prima Foods Oy,PL,PLM317312885,2024-01-24,saisie_manuelle
2155,Ardent Trading Oy,NL,582163596B54,2024-04-13,saisie_manuelle
2156,Hanse Distribution SARL,IT,IT68721520986,2024-01-05,saisie_manuelle
2157,Kappa Technologies SAS,BE,BE.0644779289,2025-01-27,portail_client
2158,Meridian Trading A/S,FI,FI901845275,2025-01-09,saisie_manuelle
2159,Azur Logistics SARL,PT,PT423972111,2024-10-13,crm
2160,Vertex Distribution BV,PL,pl1983454690,2024-02-01,reprise_erp
2161,Kappa Transports SARL,FR,FR20306822287,2024-08-28,reprise_erp
2162,Global Industries BV,NL,NL784503916B1O,2024-07-12,reprise_erp
2163,Hanse Materials Sp. z o.o.,BE,-,2025-08-22,reprise_erp
2164,Corvus Foods SA,PL,  PL5021856795 ,2024-12-05,portail_client
2165,Lumen Industries Sp. z o.o.,DK,DK96492965,2024-02-09,crm
2166,Lumen Industries BV,PT,PT758G17814,2024-08-07,saisie_manuelle
2167,Baltic Consulting NV,FI,FI72138578,2024-05-04,crm
2168,Prima Services SA,NL,NL-618901097B55,2025-07-09,saisie_manuelle
2169,Baltic Logistics NV,PT,PT85G486044,2024-10-04,import_fournisseur
2170,Prima Transports AB,SE,SE473242474401,2025-09-07,saisie_manuelle
2171,Batavia Consulting SpA,BE,BE1238457495,2025-02-23,import_fournisseur
2172,Vertex Distribution NV,DK,DK4560340,2024-04-12,import_fournisseur
2173,Papyrus Logistics Oy,NL,NL281116611B5,2025-07-21,portail_client
2174,Textil Distribution SpA,FI,FI3J458334,2025-06-07,portail_client
2175,Kappa Services NV,PT,,2024-04-27,saisie_manuelle
2176,Lumen Trading SARL,IT,IT985022768700,2025-02-07,crm
2177,Lusitania Transports SARL,NL,NL099855719B02,2025-05-13,saisie_manuelle
2178,Batavia Industries AB,IT,IT 2337 9180351,2024-12-13,crm
2179,Azur Materials A/S,BE,BE1845428166,2025-06-19,import_fournisseur
2180,Ardent Industries AB,FR,FR-64415004009,2024-01-27,portail_client
2181,Delta Distribution SAS,NL,-,2025-06-05,crm
2182,Prima Distribution GmbH,SE,SE277664900202,2025-08-17,saisie_manuelle
2183,Vela Foods Lda,DK,dk29787034,2024-07-27,reprise_erp
2184,Textil Technologies BV,NL,NL537841593B54,2025-01-25,reprise_erp
2185,Orion Distribution A/S,FI,FI14302069,2024-01-12,portail_client
2186,Vertex Industries SpA,LU,LU83867427,2024-02-24,portail_client
2187,Granit Technologies GmbH,IT,IT56089548640,2024-07-06,import_fournisseur
2188,Azur Industries Sp. z o.o.,PT,PT415532965,2025-01-08,saisie_manuelle
2189,Global Consulting SpA,LU,LU71479039,2024-10-04,portail_client
2190,Cobalt Logistics SpA,IT,IT.81133423426,2025-05-03,reprise_erp
2191,Azur Distribution SAS,LU,lu20159712,2025-06-16,saisie_manuelle
2192,Lumen Foods BV,PL,PL 3610 799380,2025-08-27,saisie_manuelle
2193,Vertex Logistics SARL,FR,FR08198475805,2024-11-07,reprise_erp
2194,Kappa Services A/S,PT,243812400,2024-08-02,portail_client
2195,Fabrica Materials Sp. z o.o.,FR,40656733724,2025-09-23,portail_client
2196,Solaris Industries Lda,PL,PL9473416507,2025-03-06,portail_client
2197,Alpine Foods Oy,SE,SE027497877401,2024-08-16,saisie_manuelle
2198,Fabrica Transports NV,IT,IT55607491101,2024-05-19,crm
2199,Solaris Foods SA,SE,543123001901,2024-06-27,saisie_manuelle
2200,Atlantic Logistics GmbH,SE,SE064148947107,2024-02-15,crm
2201,Metallo Foods Sp. z o.o.,XX,XX82719630,2024-08-01,portail_client
2202,Meridian Industries AB,FI,FI 4308 2181,2024-12-14,saisie_manuelle
2203,Lusitania Services Sp. z o.o.,SE,se011690000201,2024-03-27,saisie_manuelle
2204,Solaris Consulting NV,FI,FI89592613,2025-06-18,reprise_erp
2205,Orion Services SARL,BE,BE1406628497,2024-09-29,crm
2206,Meridian Services SpA,IT,IT05206467143,2024-04-28,import_fournisseur
2207,Metallo Technologies AB,FI,FI 3192 4599,2024-12-15,reprise_erp
2208,Orion Services SARL,BE,BE0671527832,2025-09-28,portail_client
2209,Verso Trading GmbH,SE,  SE081314139701 ,2024-04-04,import_fournisseur
2210,Vela Trading BV,DK,DK32271308,2025-07-11,reprise_erp
2211,Meridian Technologies GmbH,BE,BE0766554376,2024-08-10,reprise_erp
2212,Prima Industries SA,XX,XX38780292,2024-10-22,saisie_manuelle
2213,Metallo Logistics Lda,FR,FR01161082238,2025-03-03,portail_client
2214,Fabrica Technologies Oy,PT,PT803579047,2025-09-09,portail_client
2215,Kappa Consulting SARL,FR,FR17370898740,2024-03-20,crm
2216,Corvus Materials SARL,IT,IT99500718631,2024-05-03,crm
2217,Batavia Technologies Oy,PL,PL9949668639,2024-12-10,import_fournisseur
2218,Ardent Materials Sp. z o.o.,GB,GB15435701907,2024-02-13,crm
2219,Corvus Transports SpA,FR,FR6952125O739,2025-08-27,saisie_manuelle
2220,Azur Services A/S,NL,NL9316638G9B95,2024-07-03,import_fournisseur
2221,Vela Distribution AB,NL,348934312B43,2025-04-17,saisie_manuelle
2222,Lumen Distribution SpA,ZZ,  ZZ296331606801 ,2024-01-29,crm
2223,Verso Technologies SA,DK,DK26870593,2025-03-15,portail_client
2224,Ardent Foods SA,LU,19466926,2024-12-01,saisie_manuelle
2225,Meridian Distribution BV,LU,LU52470449,2024-08-30,saisie_manuelle
2226,Papyrus Foods SAS,NL,NL551564076B45,2025-03-27,portail_client
2227,Ardent Trading SAS,UK,UK6482117429,2024-05-11,portail_client
2228,Papyrus Distribution NV,DK,DK.30937201,2024-06-17,saisie_manuelle
2229,Metallo Trading AB,FI,FI.70957529,2024-05-13,crm
2230,Lusitania Trading A/S,DK,DK80526660,2024-08-24,saisie_manuelle
2231,Lusitania Industries Lda,FI,FI1M114823,2024-01-11,portail_client
2232,Orion Services SA,NL,NL213219384B34,2024-07-19,crm
2233,Solaris Foods BV,BE,BE0542371639,2024-07-01,import_fournisseur
2234,Kappa Trading SA,FR,FR04178007042,2025-06-29,crm
2235,Kappa Foods SARL,PL,PL8876564045,2025-07-01,saisie_manuelle
2236,Kappa Industries AB,IT,14357016063,2024-04-14,import_fournisseur
2237,Hanse Technologies A/S,PT,PT400734788,2024-05-14,saisie_manuelle
2238,Metallo Services BV,LU,LU-88222052,2025-01-27,reprise_erp
2239,Solaris Services Sp. z o.o.,SE,520566256101,2025-04-29,reprise_erp
2240,Global Distribution SpA,LU,LU49093107,2025-02-24,reprise_erp
2241,Metallo Trading SpA,FR,FR08986532905,2024-01-06,crm
2242,Alpine Materials SA,FI,FI70563892,2025-05-08,portail_client
2243,Hanse Trading GmbH,PT,PT 5984 16390,2024-08-30,portail_client
2244,Ardent Services GmbH,SE,SE.478604857101,2025-07-10,reprise_erp
2245,Fabrica Trading BV,FI,fi28395489,2024-11-16,reprise_erp
2246,Lusitania Services Oy,IT,74388980547,2024-03-04,crm
2247,Atlantic Trading NV,NL,NL102969978B55,2024-08-23,portail_client
2248,Batavia Foods SARL,FR,FR1068235849,2025-08-18,saisie_manuelle
2249,Meridian Consulting Oy,PL,PL6292471766,2024-10-27,reprise_erp
2250,Lusitania Services Lda,FI,04183924,2024-10-14,saisie_manuelle
2251,Corvus Technologies GmbH,BE,BE1199765581,2024-04-26,saisie_manuelle
2252,Prima Logistics SAS,IT,IT44920797634,2025-09-23,saisie_manuelle
2253,Verso Logistics SA,ZZ,ZZ343505940B24,2024-11-16,crm
2254,Kappa Consulting Oy,BE,BE0762320426,2025-07-16,import_fournisseur
2255,Alpine Services NV,LU,56409513,2025-02-10,portail_client
2256,Cobalt Services Oy,FI,FI16225909,2025-07-24,saisie_manuelle
2257,Vela Technologies SpA,LU,LU41268682,2024-09-01,crm
2258,Batavia Transports SARL,PL,PL597989190,2024-09-04,reprise_erp
2259,Lusitania Materials BV,IT,IT-96482689641,2025-03-27,reprise_erp
2260,Alpine Materials SpA,SE,SE371183000401,2024-05-21,saisie_manuelle
2261,Fabrica Industries Lda,FI,FI12801833,2024-12-01,reprise_erp
2262,Lumen Distribution GmbH,NL,NL606092101B48,2024-06-01,portail_client
2263,Corvus Industries A/S,PL,PL7176054525,2024-06-01,import_fournisseur
2264,Azur Transports AB,NL,NL959753114B28,2025-04-06,portail_client
2265,Kappa Transports Sp. z o.o.,IT,ITJ5457240285,2024-09-18,reprise_erp
2266,Ardent Technologies BV,DK,DK9O540558,2024-06-29,portail_client
2267,Orion Distribution Sp. z o.o.,PT,PT387483420,2024-02-01,import_fournisseur
2268,Ardent Materials SARL,DK,DK.89264782,2024-03-28,reprise_erp
2269,Nord Materials BV,FR,FR28971034575,2024-08-21,reprise_erp
2270,Ardent Logistics A/S,LU,LU33448119,2025-02-11,saisie_manuelle
2271,Vela Services GmbH,PL,PL9819490196,2024-06-08,reprise_erp
2272,Atlantic Consulting SARL,IT,IT09627371801,2025-07-07,reprise_erp
2273,Orion Services BV,FR,FR5129426357,2025-01-20,saisie_manuelle
2274,Metallo Foods NV,DK,DK84337100,2024-11-22,saisie_manuelle
2275,Lusitania Foods NV,FI,FI.01319558,2024-03-01,crm
2276,Verso Consulting SAS,FI,FI70983890,2024-03-05,saisie_manuelle
2277,Azur Services Lda,IT,,2024-02-27,saisie_manuelle
2278,Orion Distribution SA,FR,FR35407758455,2025-01-26,saisie_manuelle
2279,Fabrica Materials Lda,LU,  LU34195416 ,2025-09-12,portail_client
2280,Baltic Consulting SA,FI,FI5299443,2024-08-19,saisie_manuelle
2281,Alpine Materials NV,LU,lu48950909,2025-09-22,saisie_manuelle
2282,Prima Logistics AB,LU,LU79404879,2024-10-08,saisie_manuelle
2283,Prima Industries Lda,PL,PL 8311 823564,2025-03-12,portail_client
2284,Kappa Logistics Oy,SE,SE159248054301,2024-07-07,import_fournisseur
2285,Delta Distribution SARL,BE,BE-0356946637,2025-07-17,saisie_manuelle
2286,Papyrus Trading SA,UK,UK260038822,2024-09-05,reprise_erp
2287,Corvus Technologies A/S,NL,nl610667117b29,2025-04-30,portail_client
2288,Corvus Services SpA,PT,837065232,2025-08-14,import_fournisseur
2289,Nord Consulting A/S,PL,PL 2944 016503,2025-07-15,reprise_erp
2290,Alpine Technologies GmbH,DK,DK35108610,2025-04-07,saisie_manuelle
2291,Atlantic Services NV,BE,BE0381593545,2025-08-18,saisie_manuelle
2292,Global Distribution SA,SE,SE254560747101,2024-06-08,saisie_manuelle
2293,Azur Materials A/S,NL,NL264942486B30,2024-05-25,saisie_manuelle
2294,Corvus Distribution NV,IT,IT95454503426,2024-04-24,reprise_erp
2295,Textil Materials Oy,FR,FR32305012853,2024-01-02,reprise_erp
2296,Alpine Transports GmbH,DK,DK-31097274,2025-01-08,saisie_manuelle
2297,Textil Logistics BV,FR,FR74584440379,2024-12-10,import_fournisseur
2298,Cobalt Foods A/S,BE,BE0274946401,2024-09-23,import_fournisseur
2299,Fabrica Services SARL,LU,LU24319749,2025-04-03,crm
2300,Lumen Distribution SpA,PL,PL4985066054,2024-05-14,import_fournisseur
2301,Lumen Services SpA,LU,LU55974120,2024-07-08,reprise_erp
2302,Atlantic Industries NV,PL,PL80282936707,2024-08-26,crm
2303,Verso Materials SARL,BE,BE0550361568,2024-09-15,portail_client
2304,Vertex Technologies NV,DK,DK41277211,2025-01-18,reprise_erp
2305,Corvus Technologies GmbH,BE,BE.0431255169,2024-06-25,saisie_manuelle
2306,Delta Consulting SA,BE,BE0783258370,2025-04-08,portail_client
2307,Metallo Transports SAS,PT,PT675529042,2024-12-19,crm
2308,Baltic Trading SpA,FI,FI59496047,2025-06-30,import_fournisseur
2309,Orion Foods SAS,IT,IT30483005913,2024-07-09,portail_client
2310,Hanse Consulting GmbH,PL,PL93406388292,2024-03-01,crm
2311,Vela Trading SpA,LU,lu90480531,2024-08-19,saisie_manuelle
2312,Textil Industries GmbH,NL,nl366225224b14,2024-06-26,saisie_manuelle
2313,Lusitania Services SARL,BE,BE1648706327,2024-03-10,portail_client
2314,Hanse Foods Lda,SE,SE378963055921,2025-08-07,portail_client
2315,Lumen Industries BV,PT,PT324837763,2024-01-04,import_fournisseur
2316,Global Distribution SAS,FR,FR89246241192,2025-05-30,import_fournisseur
2317,Cobalt Logistics SpA,FR,fr46879241444,2024-06-25,portail_client
2318,Azur Consulting Sp. z o.o.,PL,PL4409069938,2024-02-11,crm
2319,Azur Industries AB,SE,982375834801,2025-09-17,portail_client
2320,Textil Materials Oy,PL,PLK537863162,2024-12-06,reprise_erp
2321,Cobalt Logistics Sp. z o.o.,NL,NL-634360000B69,2024-03-23,portail_client
2322,Granit Trading SpA,IT,IT-54317939939,2024-11-22,import_fournisseur
2323,Papyrus Technologies AB,FI,FI64379216,2024-03-10,crm
2324,Prima Foods Sp. z o.o.,FR,FR90357504089,2025-02-01,reprise_erp
2325,Vela Trading NV,FI,FI 6756 0942,2024-12-24,saisie_manuelle
2326,Azur Transports SpA,FR,16159701545,2025-08-25,reprise_erp
2327,Verso Transports Oy,IT,IT84340732912,2025-09-16,reprise_erp
2328,Azur Logistics SA,FI,FI74801409,2025-06-25,saisie_manuelle
2329,Azur Trading Oy,LU,null,2024-10-09,reprise_erp
2330,Baltic Technologies SA,DK,DK-28441878,2024-07-05,portail_client
2331,Nord Transports NV,SE,SE070631572801,2024-02-02,crm
2332,Lumen Materials NV,FR,FR34641819584,2025-02-02,saisie_manuelle
2333,Hanse Services Lda,FI,FI85290552,2025-04-17,reprise_erp
2334,Azur Trading NV,IT,IT3675329973,2024-12-30,portail_client
2335,Textil Industries A/S,LU,LU45374640,2024-07-23,saisie_manuelle
2336,Vela Foods A/S,PT,PT338753656,2024-10-01,saisie_manuelle
2337,Lumen Technologies Lda,PL,PL7456755223,2025-07-21,reprise_erp
2338,Global Materials Sp. z o.o.,PL,PL785322399,2024-07-11,import_fournisseur
2339,Vela Technologies SARL,FI,FI76171113,2025-05-16,crm
2340,Cobalt Distribution AB,SE,SE812921G94101,2024-09-24,reprise_erp
2341,Prima Trading AB,FI,04151631,2025-08-29,portail_client
2342,Vertex Foods BV,IT,IT 2070 6718978,2025-05-10,crm
2343,Prima Technologies SARL,XX,XX9102063701,2024-03-19,crm
2344,Nord Foods BV,LU,LU39253242,2025-02-26,portail_client
2345,Meridian Trading SAS,PL,PL172973802,2025-04-18,portail_client
2346,Orion Materials Oy,IT,IT378065366541,2024-11-13,portail_client
2347,Vertex Industries Oy,DK,DK05508320,2024-08-26,saisie_manuelle
2348,Global Logistics Oy,PT,PT3606414157,2024-03-23,crm
2349,Baltic Consulting SA,DK,DK95350552,2025-07-17,portail_client
2350,Alpine Services Oy,DK,DK.20897848,2024-04-02,reprise_erp
2351,Metallo Distribution SARL,LU,LU81959648,2025-04-16,saisie_manuelle
2352,Batavia Materials Oy,LU,LU23133928,2025-07-23,saisie_manuelle
2353,Fabrica Distribution Lda,NL,759852923B27,2024-10-09,crm
2354,Hanse Transports BV,ZZ,ZZ80620397020,2024-04-02,portail_client
2355,Corvus Technologies SA,IT,IT04205546825,2024-07-15,crm
2356,Meridian Materials GmbH,DK,DK76427550,2025-07-12,portail_client
2357,Granit Distribution SARL,FR,00887025323,2025-07-05,portail_client
2358,Metallo Services AB,BE,BE151012806,2025-07-29,portail_client
2359,Cobalt Trading A/S,XX,XX923899893B09,2025-03-13,crm
2360,Atlantic Materials BV,IT, ,2025-04-03,import_fournisseur
2361,Global Consulting GmbH,IT,IT81506262153,2024-09-09,reprise_erp
2362,Cobalt Distribution Sp. z o.o.,SE,SE088447229101,2024-12-15,saisie_manuelle
2363,Fabrica Services SpA,PL,6372824485,2025-06-15,portail_client
2364,Global Transports Lda,FR,35181198853,2025-09-12,reprise_erp
2365,Vela Materials SAS,UK,UK26062918,2024-01-22,portail_client
2366,Ardent Materials SpA,FR,FR68700264170,2024-07-28,import_fournisseur
2367,Meridian Transports AB,BE,BE1797055553,2024-07-30,crm
2368,Baltic Materials GmbH,IT,-,2024-01-08,import_fournisseur
2369,Meridian Foods A/S,ZZ,ZZ44955326,2024-04-24,reprise_erp
2370,Metallo Technologies SpA,BE,be1865477175,2024-04-10,crm
2371,Lusitania Logistics AB,DK,DK89459826,2024-11-19,import_fournisseur
2372,Global Trading SAS,PL,  PL4252098408 ,2024-10-15,portail_client
2373,Batavia Distribution Lda,PL,PL1523596427,2024-01-03,reprise_erp
2374,Atlantic Technologies Sp. z o.o.,FI,FI.59533362,2025-05-12,saisie_manuelle
2375,Verso Logistics Sp. z o.o.,PL,pl7250115848,2024-03-08,crm
2376,Lumen Distribution AB,PT,PT918330291,2025-05-23,crm
2377,Alpine Transports Sp. z o.o.,PT,PT62672393,2025-02-01,reprise_erp
2378,Lumen Trading Lda,NL,NL064864261B92,2025-08-12,portail_client
2379,Orion Technologies Oy,NL,NL339657182B61,2025-05-20,import_fournisseur
2380,Azur Technologies SARL,PT,pt239616685,2024-04-12,reprise_erp
2381,Prima Technologies SAS,PL,PL3086276011,2024-03-07,import_fournisseur
2382,Azur Transports SA,LU,LU2907043H,2024-05-04,import_fournisseur
2383,Papyrus Foods Lda,BE,BE0463219738,2025-07-13,crm
2384,Fabrica Foods SARL,IT,21926014123,2025-06-09,crm
2385,Corvus Industries Lda,PT,PT487446267,2025-08-01,portail_client
2386,Orion Distribution SpA,FI,  FI23192420 ,2024-08-11,portail_client
2387,Atlantic Services Sp. z o.o.,LU,LU66622459,2025-03-27,import_fournisseur
2388,Corvus Consulting Oy,LU,lu91048080,2024-06-21,reprise_erp
2389,Baltic Industries SpA,LU,LU76851914,2024-09-03,reprise_erp
2390,Hanse Distribution A/S,FI,FI45892591,2025-04-25,import_fournisseur
2391,Textil Trading BV,BE,BE1469621963,2025-08-31,import_fournisseur
2392,Lumen Transports Sp. z o.o.,BE,  BE1303532124 ,2025-09-04,portail_client
2393,Alpine Trading BV,FR,FR921H9776283,2024-07-10,saisie_manuelle
2394,Verso Transports NV,SE,SE268445138401,2024-10-06,reprise_erp
2395,Corvus Transports A/S,DK,DK83386584,2025-09-28,reprise_erp
2396,Corvus Trading GmbH,FI,null,2025-08-06,import_fournisseur
2397,Textil Technologies Oy,NL,null,2024-12-15,saisie_manuelle
2398,Meridian Foods AB,NL,NL463380948B83,2024-03-06,portail_client
2399,Vela Materials Sp. z o.o.,PL,PL3879030413,2024-07-16,saisie_manuelle
2400,Atlantic Foods BV,FR,FR11137513472,2025-02-01,import_fournisseur
2401,Vertex Foods Lda,FI,FI40900185,2024-02-19,reprise_erp
2402,Meridian Trading GmbH,FR,FR83822183502,2025-01-19,crm
2403,Papyrus Logistics BV,NL,NL 9579 82124B53,2024-11-21,saisie_manuelle
2404,Baltic Technologies SpA,IT,IT29542356752,2024-01-16,portail_client
2405,Batavia Distribution Sp. z o.o.,NL,NL211572573B87,2024-01-03,reprise_erp
2406,Cobalt Materials SARL,FR,FR67260708923,2024-07-03,crm
2407,Atlantic Technologies SpA,IT,IT81467029583,2025-02-23,reprise_erp
2408,Alpine Transports SARL,NL,NL089278458B90,2024-01-31,reprise_erp
2409,Atlantic Technologies Sp. z o.o.,FI,FI 5953 3362,2025-08-28,portail_client
2410,Alpine Distribution Sp. z o.o.,PL,PL69O7468519,2025-08-02,import_fournisseur
2411,Atlantic Trading SA,FI,FI91515591,2025-09-17,saisie_manuelle
2412,Vela Trading Lda,PL,PL3886106548,2025-04-29,import_fournisseur
2413,Lumen Technologies Sp. z o.o.,DK,DK.71704289,2024-02-09,portail_client
2414,Global Logistics SpA,FR,FR88179975539,2024-10-15,reprise_erp
2415,Lumen Industries A/S,SE,  SE323567948101 ,2024-04-17,import_fournisseur
2416,Meridian Foods SA,FR,FR30364643112,2025-06-03,saisie_manuelle
2417,Ardent Consulting Oy,DK,74.447546,2025-01-06,saisie_manuelle
2418,Papyrus Foods Lda,DK,DK31174031,2025-05-21,import_fournisseur
2419,Azur Foods A/S,SE,SE-144514678801,2025-02-24,import_fournisseur
2420,Vela Materials Lda,IT,IT96286011179,2024-09-18,reprise_erp
2421,Verso Technologies Lda,FI,FI3136389,2024-01-18,import_fournisseur
2422,Cobalt Services GmbH,BE,BE159761078,2024-03-12,portail_client
2423,Metallo Transports Lda,NL,NL522158432B07,2025-04-27,portail_client
2424,Nord Services GmbH,BE,BE0780407837,2025-04-19,reprise_erp
2425,Fabrica Trading A/S,LU,LU65816419,2025-04-14,import_fournisseur
2426,Prima Industries AB,SE,SE690881869001,2025-05-18,portail_client
2427,Lumen Foods A/S,PT,  PT442624530 ,2025-04-14,import_fournisseur
2428,Vela Logistics BV,LU,  LU52638034 ,2024-10-14,reprise_erp
2429,Vela Consulting SARL,BE,BE0943552553,2024-05-11,portail_client
2430,Solaris Transports Sp. z o.o.,GB,GB545311098,2024-10-30,saisie_manuelle
2431,Textil Logistics SARL,LU,  LU75705521 ,2025-07-10,reprise_erp
2432,Atlantic Distribution AB,FR,FR91651820303,2024-07-23,crm
2433,Papyrus Consulting A/S,FI,88426750,2025-01-05,portail_client
2434,Vertex Technologies GmbH,NL,NL124917823B86,2024-11-07,portail_client
2435,Cobalt Logistics SA,BE,BE1106225216,2025-02-11,portail_client
2436,Atlantic Consulting SARL,UK,UK02144408585,2025-09-09,saisie_manuelle
2437,Nord Services AB,PL,PL5682121381,2025-07-12,import_fournisseur
2438,Cobalt Transports Oy,IT,IT 6734 7489147,2025-05-22,portail_client
2439,Prima Consulting NV,DK,DK806J7294,2024-05-10,portail_client
2440,Verso Trading Lda,FR,FR84993873858,2025-08-16,reprise_erp
2441,Ardent Services Oy,SE,SE675366468601,2025-07-20,reprise_erp
2442,Meridian Industries SA,PT,PT63848770O,2025-06-05,portail_client
2443,Orion Logistics BV,PT,PT 2834 05198,2024-08-30,portail_client
2444,Global Consulting BV,IT,IT15890G03972,2025-09-09,reprise_erp
2445,Verso Consulting Sp. z o.o.,BE,be0316711829,2024-09-09,reprise_erp
2446,Prima Trading Lda,FI,FI68319127,2024-09-14,reprise_erp
2447,Batavia Services SA,LU,LU92774913,2025-07-06,reprise_erp
2448,Azur Trading Oy,SE,SE602409844101,2024-04-11,crm
2449,Metallo Distribution BV,NL,NL536371647B93,2025-04-27,portail_client
2450,Vertex Services A/S,PL,  PL2146235900 ,2025-05-25,portail_client
2451,Ardent Distribution SA,DK,DK59581740,2024-02-14,saisie_manuelle
2452,Meridian Technologies BV,FR,51573361387,2024-11-03,crm
2453,Vela Industries NV,ZZ,ZZ535748589B88,2025-01-28,reprise_erp
2454,Azur Consulting Lda,PL,PL9119877609,2025-04-19,saisie_manuelle
2455,Alpine Logistics BV,FI,FI74867643,2024-08-26,import_fournisseur
2456,Vertex Transports Oy,DK,DK 6547 0756,2025-07-03,reprise_erp
2457,Granit Services GmbH,LU,LU134849142,2025-08-28,import_fournisseur
2458,Global Services SA,BE,BE.0280780446,2024-07-17,import_fournisseur
2459,Cobalt Distribution SA,QQ,QQ27152196005,2025-07-17,reprise_erp
2460,Vertex Materials SpA,PT,PT777253313,2024-11-11,saisie_manuelle
2461,Kappa Industries A/S,DK,16120146,2024-12-26,reprise_erp
2462,Alpine Consulting Sp. z o.o.,SE,SE973971446801,2025-05-30,saisie_manuelle
2463,Kappa Transports GmbH,GB,GB1880105666,2025-09-04,import_fournisseur
2464,Kappa Technologies SA,FR,-,2025-03-26,reprise_erp
2465,Orion Services Oy,PT,PT622024981,2025-02-16,crm
2466,Ardent Transports Oy,BE,BE16032279750,2025-04-10,portail_client
2467,Delta Industries BV,FR,FR48369504828,2025-05-18,saisie_manuelle
2468,Prima Technologies BV,DK,DK39156423,2025-08-01,portail_client
2469,Lumen Distribution BV,LU,,2024-06-14,import_fournisseur
2470,Vela Materials GmbH,DK,DK38563939,2025-08-31,import_fournisseur
2471,Orion Distribution Oy,BE,,2024-11-10,import_fournisseur
2472,Granit Materials SARL,FI,  FI06746196 ,2025-06-02,reprise_erp
2473,Alpine Transports Sp. z o.o.,SE,se591526678601,2024-06-15,saisie_manuelle
2474,Vela Consulting SA,PT,PT795355211,2025-02-10,crm
2475,Meridian Industries SA,PT,PT966310110,2025-08-12,import_fournisseur
2476,Granit Trading Sp. z o.o.,FI,FI92724283,2025-02-27,saisie_manuelle
2477,Alpine Transports GmbH,FI,FI 8724 9828,2024-07-11,import_fournisseur
2478,Fabrica Transports AB,BE,BE0665316565,2024-07-04,portail_client
2479,Alpine Foods SpA,NL,NL795304031B50,2024-09-29,saisie_manuelle
2480,Vela Logistics SA,BE,BE0147449403,2025-05-27,reprise_erp
2481,Delta Trading NV,SE,SE-550022405901,2025-02-11,saisie_manuelle
2482,Prima Industries Oy,FR,FR66888160633,2025-01-09,import_fournisseur
2483,Lusitania Transports BV,PL,PL 4697 413072,2025-03-28,import_fournisseur
2484,Alpine Logistics NV,IT,IT47464095893,2025-08-07,saisie_manuelle
2485,Nord Materials Oy,SE,N/A,2024-08-07,portail_client
2486,Hanse Transports AB,UK,UK874345479B48,2025-09-08,crm
2487,Delta Materials SARL,DK,DK54493061,2024-09-27,portail_client
2488,Cobalt Industries BV,FR,FR89874852564,2024-04-23,saisie_manuelle
2489,Textil Industries AB,PL,PL3844547549,2024-01-18,portail_client
2490,Global Consulting BV,FI,FI41793334,2024-01-17,portail_client
2491,Batavia Foods SA,BE,BE1458317596,2024-11-12,saisie_manuelle
2492,Lumen Trading GmbH,FI,FI89532299,2025-04-22,reprise_erp
2493,Lumen Trading NV,NL,NL883322550B67,2025-07-01,reprise_erp
2494,Global Trading SAS,BE,BE1508762942,2024-08-02,crm
2495,Corvus Industries SpA,PL,PL6510336736,2024-06-05,crm
2496,Kappa Distribution AB,PT,PT344832759,2025-09-21,import_fournisseur
2497,Baltic Industries BV,PT,  PT827749775 ,2025-02-24,reprise_erp
2498,Alpine Services SA,PL,PL7250700363,2024-05-30,saisie_manuelle
2499,Lusitania Transports SA,DK,DK09866582,2025-01-05,portail_client
2500,Kappa Technologies AB,NL,NL249087115B06,2025-07-16,import_fournisseur
2501,Global Consulting NV,IT,IT37735334783,2025-06-28,crm
2502,Metallo Trading NV,FI,FI88580117,2025-06-28,import_fournisseur
2503,Cobalt Technologies BV,DK,DK59302191,2024-03-30,crm
2504,Kappa Transports Sp. z o.o.,PT,PT287175205,2024-03-20,portail_client
2505,Vela Transports Oy,SE,SE149959101001,2024-10-12,import_fournisseur
2506,Orion Services Oy,FR,FR30945648950,2025-05-07,portail_client
2507,Metallo Consulting SAS,QQ,QQ24916456122,2024-07-28,reprise_erp
2508,Textil Technologies BV,IT,IT74523767267,2025-01-11,import_fournisseur
2509,Verso Logistics SA,PL,PL9196087859,2024-09-09,crm
2510,Papyrus Services SA,BE,BE-1791905645,2024-12-14,reprise_erp
2511,Hanse Industries Lda,PL,pl6842039520,2025-06-21,import_fournisseur
2512,Textil Consulting Sp. z o.o.,FI,FI37825399,2024-06-11,saisie_manuelle
2513,Verso Logistics Sp. z o.o.,LU,LU75460080,2025-07-11,portail_client
2514,Batavia Foods AB,QQ,QQ48521213172,2025-03-28,import_fournisseur
2515,Baltic Distribution SA,LU,LU10188266,2025-08-17,saisie_manuelle
2516,Fabrica Distribution SA,DK,DK40427538,2024-11-26,saisie_manuelle
2517,Alpine Trading SAS,PL,PL20151639M0,2024-08-01,import_fournisseur
2518,Global Trading Lda,SE,se046295623601,2024-06-07,portail_client
2519,Atlantic Foods Sp. z o.o.,LU,LU.55088160,2024-06-02,reprise_erp
2520,Corvus Transports NV,PL,PL9597898096,2024-03-28,saisie_manuelle
2521,Solaris Industries A/S,IT,IT02777698966,2024-05-07,reprise_erp
2522,Meridian Distribution Lda,FI,FI63114435,2025-06-13,portail_client
2523,Papyrus Materials Sp. z o.o.,SE,SE06411222130H,2024-03-28,crm
2524,Corvus Foods A/S,FR,FR-21626016381,2025-01-03,crm
2525,Prima Distribution BV,PL,PL2362409038,2024-05-18,import_fournisseur
2526,Baltic Consulting SAS,ZZ,ZZ560342250,2024-04-30,crm
2527,Kappa Services A/S,LU,LU4258244,2025-01-10,portail_client
2528,Corvus Industries GmbH,SE,SE2109800652015,2025-08-31,portail_client
2529,Hanse Distribution Sp. z o.o.,LU,LU-72906970,2024-12-28,crm
2530,Metallo Foods GmbH,FI,FI 6811 9446,2025-07-27,portail_client
2531,Orion Technologies A/S,FR,  FR55978054959 ,2024-07-18,saisie_manuelle
2532,Ardent Services GmbH,SE,SE694690198701,2025-05-09,reprise_erp
2533,Batavia Industries A/S,BE,BE0386563707,2025-08-30,reprise_erp
2534,Baltic Services Lda,NL,NL014192378B93,2024-06-01,portail_client
2535,Kappa Consulting SARL,NL,950333372B35,2024-08-25,crm
2536,Cobalt Technologies NV,DK,DK71417389,2024-11-05,crm
2537,Nord Transports GmbH,DK,38419609,2025-05-08,crm
2538,Azur Logistics Sp. z o.o.,PL,PL2396758881,2025-09-22,saisie_manuelle
2539,Metallo Industries SpA,LU,21302851,2024-08-20,crm
2540,Solaris Distribution AB,SE,SE134754713301,2025-02-27,crm
2541,Lumen Services SAS,LU,LU64028115,2024-05-01,portail_client
2542,Hanse Consulting SA,NL,NL 1474 30975B58,2025-05-13,import_fournisseur
2543,Azur Industries AB,NL,NL 1161 28203B86,2025-08-06,portail_client
2544,Lumen Technologies BV,SE,SE-663787044201,2024-11-26,import_fournisseur
2545,Baltic Technologies SARL,DK,DK49679293,2025-02-20,reprise_erp
2546,Delta Foods SARL,NL,NL832924635B92,2024-09-15,reprise_erp
2547,Nord Trading AB,PT,PT.583688555,2024-10-05,crm
2548,Batavia Logistics AB,IT,  IT15747025128 ,2025-08-31,saisie_manuelle
2549,Fabrica Materials Lda,PT,PT564380362,2024-08-15,import_fournisseur
2550,Lusitania Materials SARL,DK,DK 3343 9288,2024-02-11,saisie_manuelle
2551,Ardent Industries SpA,FR,FR 7885 5388508,2025-07-18,portail_client
2552,Cobalt Transports Lda,PL,PL7099810037,2025-02-10,portail_client
2553,Vertex Foods NV,BE,BE1576214564,2024-02-17,reprise_erp
2554,Papyrus Transports SAS,PT,PT155848833,2024-07-17,saisie_manuelle
2555,Solaris Services Sp. z o.o.,FI,FI65867465,2025-07-11,crm
2556,Batavia Distribution BV,LU,LU92673113,2024-07-25,crm
2557,Vertex Technologies SpA,UK,UK653229010001,2024-07-02,reprise_erp
2558,Vela Technologies AB,NL,NL-492598265B23,2025-03-08,crm
2559,Prima Transports Oy,SE,SE692888051401,2024-08-21,reprise_erp
2560,Hanse Services SARL,LU,LU94418977,2024-06-15,reprise_erp
2561,Nord Trading Oy,PT,PT735284261,2024-09-03,crm
2562,Nord Distribution SA,PT,PT95G303577,2024-06-05,reprise_erp
2563,Global Distribution BV,PT,PT689929922,2025-03-29,reprise_erp
2564,Lusitania Trading GmbH,BE,BE1989598177,2024-01-27,crm
2565,Batavia Transports SA,SE,SE967890398101,2025-03-14,reprise_erp
2566,Cobalt Foods AB,XX,XX96514778349,2024-03-08,import_fournisseur
2567,Delta Foods Sp. z o.o.,PT,PT55G670886,2024-03-19,import_fournisseur
2568,Hanse Foods SAS,IT,69346559581,2024-08-02,saisie_manuelle
2569,Orion Transports Sp. z o.o.,BE,BE0429249051,2025-09-09,reprise_erp
2570,Solaris Foods NV,LU,LU48510555,2024-07-26,reprise_erp
2571,Fabrica Transports SARL,SE,SE182280O86001,2025-01-30,import_fournisseur
2572,Ardent Logistics NV,PL,pl1812317911,2025-02-11,import_fournisseur
2573,Hanse Materials SpA,PT,PT57887337,2025-01-24,saisie_manuelle
2574,Ardent Technologies GmbH,FR,FR93727137344,2024-04-30,crm
2575,Baltic Logistics SARL,PL,PL1758993608,2024-01-06,crm
2576,Nord Distribution Sp. z o.o.,IT,IT999645109624,2025-06-05,saisie_manuelle
2577,Ardent Trading GmbH,PT,pt341060780,2025-08-23,crm
2578,Granit Services SpA,LU,LU89889988,2024-08-15,portail_client
2579,Alpine Technologies SA,PT,PT228147292,2024-04-28,saisie_manuelle
2580,Solaris Distribution SAS,LU,LU99581280,2025-04-06,saisie_manuelle
2581,Nord Trading Lda,BE,BE0917689680,2024-06-17,crm
2582,Vertex Materials GmbH,PT,PT3589K2263,2024-04-16,reprise_erp
2583,Fabrica Services AB,FI,fi62651028,2025-10-01,import_fournisseur
2584,Azur Transports BV,LU,LU36862879,2024-12-15,import_fournisseur
2585,Prima Transports SARL,SE,SE-793597541201,2025-06-05,reprise_erp
2586,Baltic Consulting SAS,DK,dk77859233,2024-04-13,import_fournisseur
2587,Textil Consulting BV,BE,BE1037494331,2025-09-22,portail_client
2588,Vertex Foods SA,PL,PL189013617J,2025-03-16,reprise_erp
2589,Vertex Industries NV,DK,DK33690649,2024-12-20,crm
2590,Vertex Industries A/S,PT,PT276376480,2025-03-13,crm
2591,Cobalt Foods SA,LU,LU-29841688,2024-05-23,reprise_erp
2592,Alpine Materials Sp. z o.o.,PL,PL5915797505,2024-11-27,crm
2593,Ardent Materials GmbH,FI,FI769559709,2024-06-20,saisie_manuelle
2594,Orion Services SAS,BE,BE087018511,2025-09-27,saisie_manuelle
2595,Atlantic Consulting SpA,IT,IT757930G3312,2024-04-19,import_fournisseur
2596,Nord Technologies SAS,NL,NL722986555B63,2024-04-23,import_fournisseur
2597,Solaris Consulting NV,PL,PL6498129801,2024-04-28,reprise_erp
2598,Prima Industries AB,FI,FI36728490,2025-09-27,reprise_erp
2599,Prima Consulting SAS,QQ,QQ0728156234,2024-10-22,saisie_manuelle
2600,Textil Materials SARL,NL,NL-472418783B18,2025-07-30,saisie_manuelle
2601,Solaris Transports GmbH,IT,IT39498177086,2025-01-27,saisie_manuelle
2602,Lumen Foods NV,ZZ,ZZ494801646,2024-08-09,portail_client
2603,Prima Materials GmbH,FI,FI 2801 3604,2024-05-14,crm
2604,Papyrus Industries GmbH,FI,FI-76144000,2024-03-29,crm
2605,Delta Services A/S,FI,,2024-03-31,crm
2606,Lumen Materials SpA,FI,FI66303396,2024-08-04,reprise_erp
2607,Azur Technologies NV,LU,LU35907347,2024-07-02,saisie_manuelle
2608,Hanse Distribution SA,DK,dk21550272,2024-12-31,crm
2609,Prima Materials Sp. z o.o.,BE,BE0846347467,2024-06-05,import_fournisseur
2610,Granit Consulting SARL,BE,BE0304276429,2025-09-10,portail_client
2611,Lumen Foods SA,FI,FI74410189,2024-01-10,saisie_manuelle
2612,Nord Trading SpA,DK,DK3534703,2024-09-18,crm
2613,Corvus Distribution NV,IT,IT-95454503426,2025-02-18,portail_client
2614,Ardent Foods BV,NL,NL551710780B70,2024-01-21,import_fournisseur
2615,Kappa Foods NV,DK,DK13482632,2024-08-23,reprise_erp
2616,Nord Technologies Lda,IT,IT71964296197,2025-02-21,saisie_manuelle
2617,Corvus Distribution Oy,BE,BE0423201003,2025-05-10,import_fournisseur
2618,Hanse Technologies GmbH,DK,DK83324325,2024-03-08,crm
2619,Hanse Trading SpA,PL,PL3566689092,2024-09-16,import_fournisseur
2620,Batavia Industries SA,DK,86191792,2025-01-30,crm
2621,Batavia Technologies GmbH,PL,PL5562782476,2025-04-04,portail_client
2622,Ardent Consulting Sp. z o.o.,DK,N/A,2024-05-13,import_fournisseur
2623,Verso Consulting GmbH,IT,IT71575402201,2024-02-15,reprise_erp
2624,Delta Distribution BV,DK,DK2341584,2025-02-03,reprise_erp
2625,Corvus Consulting A/S,NL,  NL037169658B16 ,2025-05-25,reprise_erp
2626,Corvus Trading BV,SE,SE753083371901,2025-01-11,crm
2627,Batavia Distribution GmbH,PL,PL4596838059,2025-05-13,portail_client
2628,Fabrica Services AB,NL,580569925B77,2024-02-15,saisie_manuelle
2629,Fabrica Logistics AB,PT,pt253931541,2024-06-10,reprise_erp
2630,Azur Industries NV,LU,LU36125201,2025-08-31,crm
2631,Azur Logistics SpA,BE,1956065871,2025-02-25,import_fournisseur
2632,Cobalt Logistics SAS,PT,PT299926540,2024-03-18,import_fournisseur
2633,Prima Trading NV,IT,IT37525961878,2024-04-01,crm
2634,Delta Transports SA,PL,PL3959211884,2024-06-07,reprise_erp
2635,Prima Consulting BV,UK,UK23435060951,2025-05-31,saisie_manuelle
2636,Ardent Logistics SpA,ZZ,ZZ68153576659,2024-03-16,reprise_erp
2637,Cobalt Trading NV,FR,FR34178706373,2024-01-25,reprise_erp
2638,Nord Technologies AB,PL,2714659700,2025-05-19,reprise_erp
2639,Solaris Transports SA,FI,N/A,2024-11-15,crm
2640,Nord Trading Lda,NL,NL397136420B31,2025-09-15,reprise_erp
2641,Azur Technologies Lda,DK,DK308942438,2025-02-01,import_fournisseur
2642,Azur Technologies SAS,NL,NL985779706B74,2025-08-21,portail_client
2643,Granit Distribution Sp. z o.o.,FR,FR32587103754,2025-04-11,saisie_manuelle
2644,Alpine Distribution Oy,PL,PL86045086184,2024-03-04,import_fournisseur
2645,Delta Services A/S,SE,SE695943835101,2024-09-22,reprise_erp
2646,Vertex Distribution GmbH,FR,FR95359533761,2025-03-19,reprise_erp
2647,Baltic Services SARL,PT,PT 9232 25617,2024-11-11,portail_client
2648,Kappa Transports Oy,LU,LU63902404,2024-07-01,portail_client
2649,Lumen Foods Sp. z o.o.,LU,LU17598158,2024-03-17,portail_client
2650,Cobalt Logistics NV,PL,PL4691819703,2024-12-08,import_fournisseur
2651,Lumen Consulting SARL,BE,BE1243169915,2025-06-11,saisie_manuelle
2652,Verso Distribution BV,UK,UK123298679,2025-01-15,saisie_manuelle
2653,Atlantic Trading BV,BE,BE0560857562,2025-04-08,portail_client
2654,Atlantic Trading SAS,SE,SE763963769801,2024-11-12,saisie_manuelle
2655,Prima Distribution NV,FR,FR11944393875,2025-08-10,saisie_manuelle
2656,Batavia Transports SAS,FR,FR47333818366,2024-06-17,crm
2657,Baltic Logistics NV,FR,FR39353164205,2025-03-09,crm
2658,Vertex Services SARL,FI,FI09902107,2025-05-23,import_fournisseur
2659,Papyrus Trading BV,PT,PT442863705,2024-07-25,import_fournisseur
2660,Corvus Industries SAS,DK,DK47676173,2025-05-14,crm
2661,Vertex Consulting SARL,BE,BE1795485341,2024-12-03,reprise_erp
2662,Delta Transports Lda,PT,479254400,2025-07-22,import_fournisseur
2663,Delta Trading NV,LU,  LU15477504 ,2024-11-02,crm
2664,Hanse Services SARL,NL,NL798427851BM8,2025-04-25,import_fournisseur
2665,Cobalt Trading SAS,SE,SE 2726 45125101,2024-11-08,portail_client
2666,Global Transports NV,LU,LU66660483,2024-08-26,saisie_manuelle
2667,Papyrus Transports SAS,NL,NL466275584B32,2024-09-20,reprise_erp
2668,Cobalt Technologies Sp. z o.o.,PL,PL1613128190,2024-05-01,portail_client
2669,Fabrica Materials SpA,BE,BE1534683718,2024-05-07,saisie_manuelle
2670,Atlantic Logistics A/S,PT,  PT903268906 ,2025-07-23,reprise_erp
2671,Lumen Services SpA,PL,PL6515544014,2025-07-21,import_fournisseur
2672,Vertex Services BV,FR,FR88928871120,2025-02-16,crm
2673,Azur Logistics A/S,FR,FR60672855842,2025-05-14,reprise_erp
2674,Orion Distribution NV,PT,PT474436195,2024-06-08,portail_client
2675,Fabrica Services AB,PT,PT597568197,2025-02-03,saisie_manuelle
2676,Batavia Transports Oy,FR,FR20786290057,2025-03-22,saisie_manuelle
2677,Orion Trading SpA,DK,DK61418512,2025-01-12,crm
2678,Prima Technologies Lda,SE,SE331197839301,2025-05-31,import_fournisseur
2679,Fabrica Industries SARL,LU,LU61955627,2024-07-31,reprise_erp
2680,Granit Transports SAS,IT,ITJ2911138543,2025-01-26,import_fournisseur
2681,Prima Consulting GmbH,FR,FR60666910599,2024-05-20,reprise_erp
2682,Papyrus Foods Oy,SE,SE7990864162018,2024-03-14,saisie_manuelle
2683,Atlantic Trading SpA,IT,IT57102328572,2025-01-06,portail_client
2684,Alpine Materials SA,FR,FR85656452322,2024-06-20,crm
2685,Orion Technologies NV,PT,PT447692763,2025-07-02,crm
2686,Ardent Logistics SpA,LU,LU23466763,2024-06-01,saisie_manuelle
2687,Vela Trading A/S,BE,BE0304386097,2025-05-21,saisie_manuelle
2688,Kappa Services NV,FR,FR92316788188,2024-02-09,crm
2689,Baltic Industries SAS,PL,  PL4664894379 ,2024-10-25,portail_client
2690,Delta Distribution AB,NL,NL-561547221B71,2024-04-15,reprise_erp
2691,Lumen Trading Lda,LU,  LU13404915 ,2024-01-03,crm
2692,Azur Consulting AB,PT,PT278181582,2024-05-06,crm
2693,Textil Logistics SpA,FR,fr26275725350,2024-08-31,reprise_erp
2694,Orion Consulting BV,PT,PT669151688,2024-06-06,reprise_erp
2695,Solaris Logistics GmbH,FI,FI76512475,2025-03-28,portail_client
2696,Meridian Foods A/S,LU,LU27860723,2024-05-19,portail_client
2697,Corvus Services Sp. z o.o.,PL,,2025-06-26,reprise_erp
2698,Ardent Industries SpA,FR,fr78855388508,2024-11-30,reprise_erp
2699,Textil Consulting Sp. z o.o.,SE,SE554091803301,2024-01-04,reprise_erp
2700,Alpine Industries GmbH,LU,LU63972885,2025-08-05,import_fournisseur
2701,Global Distribution SA,PL,PL6479864429,2024-01-13,reprise_erp
2702,Batavia Materials A/S,BE,BE1128730996,2025-02-02,crm
2703,Kappa Services A/S,PT,PT422805882,2025-07-17,portail_client
2704,Papyrus Distribution BV,IT,67926799817,2024-05-24,portail_client
2705,Global Technologies Oy,LU,LU-48686838,2024-03-25,import_fournisseur
2706,Corvus Services GmbH,NL,NL145406711B34,2025-09-02,reprise_erp
2707,Alpine Logistics SpA,IT,IT68088427502,2025-09-22,saisie_manuelle
2708,Baltic Materials SpA,NL,NL848477273B47,2024-10-13,crm
2709,Kappa Trading Oy,ZZ,ZZ62081439,2024-04-21,import_fournisseur
2710,Delta Logistics NV,NL,NL534104587B99,2025-09-30,import_fournisseur
2711,Papyrus Industries AB,SE,SE04146927980,2025-03-02,reprise_erp
2712,Ardent Consulting Oy,SE,SE6753784294016,2025-02-12,crm
2713,Alpine Industries NV,LU,LU58942971,2025-07-14,saisie_manuelle
2714,Fabrica Trading A/S,BE,BE0675715064,2024-05-03,import_fournisseur
2715,Verso Industries AB,NL,NL062228912B37,2024-11-26,crm
2716,Kappa Materials AB,BE,BE 1511 717680,2024-01-10,reprise_erp
2717,Fabrica Distribution Sp. z o.o.,NL,nl862175872b69,2024-02-05,reprise_erp
2718,Cobalt Trading SAS,NL,NL 8073 18541B12,2025-07-05,saisie_manuelle
2719,Solaris Transports SARL,FR,FR-89785089249,2024-08-12,portail_client
2720,Azur Industries SpA,FI,FI36906939,2024-08-04,reprise_erp
2721,Meridian Technologies SA,LU,LU18285347,2025-04-25,reprise_erp
2722,Azur Materials GmbH,FI,N/A,2024-12-07,reprise_erp
2723,Kappa Trading Oy,IT,13381335069,2024-10-17,reprise_erp
2724,Meridian Transports NV,PT,PT108597947,2024-11-07,crm
2725,Orion Materials AB,PL,PL6087014788,2024-07-08,reprise_erp
2726,Delta Distribution Sp. z o.o.,PT,PT929195850,2024-07-21,portail_client
2727,Lusitania Trading Oy,SE,SE23321151000,2024-09-20,import_fournisseur
2728,Kappa Distribution AB,BE,BE08H1702659,2024-12-14,reprise_erp
2729,Fabrica Services BV,NL,NL735663038B85,2024-03-17,crm
2730,Global Services AB,SE,SE090146357701,2024-08-11,saisie_manuelle
2731,Global Technologies Lda,LU,LU-44285883,2025-07-18,import_fournisseur
2732,Vela Logistics GmbH,FR,FR 6864 9502351,2024-05-17,reprise_erp
2733,Textil Industries Oy,PT,PT831688173,2025-08-23,portail_client
2734,Hanse Technologies SAS,IT,it91914400568,2024-05-26,saisie_manuelle
2735,Ardent Distribution SA,LU,  79425519 ,2025-03-28,import_fournisseur
2736,Fabrica Services Sp. z o.o.,SE,SE46075813210,2025-09-09,reprise_erp
2737,Lusitania Distribution SA,NL,NL605371842B76,2024-05-03,saisie_manuelle
2738,Papyrus Logistics GmbH,FR,FR80127873797,2024-11-23,saisie_manuelle
2739,Global Materials Oy,UK,UK6517011026,2025-08-09,saisie_manuelle
2740,Delta Foods SARL,PT,PT 5398 26286,2025-04-07,saisie_manuelle
2741,Papyrus Industries AB,SE,  SE665644448101 ,2025-04-26,portail_client
2742,Prima Transports Oy,FI,FI69218083,2025-01-12,saisie_manuelle
2743,Ardent Transports AB,DK,DK53652472,2024-09-03,reprise_erp
2744,Papyrus Technologies AB,FI,FI-64379216,2024-01-15,portail_client
2745,Fabrica Logistics A/S,BE,BE1911171505,2025-09-24,reprise_erp
2746,Corvus Logistics AB,PT,PT265454927,2024-11-05,portail_client
2747,Kappa Consulting BV,IT,IT95939589545,2025-07-24,saisie_manuelle
2748,Solaris Logistics SA,QQ,QQ0292731548,2024-08-12,portail_client
2749,Kappa Industries Oy,LU,LU8205112,2025-08-14,import_fournisseur
2750,Textil Foods A/S,BE,BE 0311 482341,2025-06-21,import_fournisseur
2751,Nord Materials SAS,IT,42089809232,2025-09-20,saisie_manuelle
2752,Nord Trading NV,SE,SE182968814001,2024-12-04,reprise_erp
2753,Vertex Materials SpA,PT,PT 7772 53313,2024-09-05,reprise_erp
2754,Lumen Transports SpA,FI,FI26134513,2025-01-28,reprise_erp
2755,Hanse Services SAS,DK,DK459800656,2025-09-19,import_fournisseur
2756,Granit Technologies BV,LU,LU730155881,2024-07-23,portail_client
2757,Lusitania Industries GmbH,PL,PL9510816490,2025-08-27,import_fournisseur
2758,Cobalt Industries A/S,PL,PL9002616968,2024-05-06,reprise_erp
2759,Verso Trading SA,LU,LU 7198 4917,2025-07-06,crm
2760,Vertex Foods SA,PL,PL.189013617J,2024-03-26,import_fournisseur
2761,Delta Transports Sp. z o.o.,PT,PT3684481184,2025-02-25,portail_client
2762,Lusitania Trading Oy,PL,PL1703027686,2024-07-01,portail_client
2763,Baltic Foods SARL,FR,fr63802503133,2024-10-01,import_fournisseur
2764,Granit Industries BV,PL,8567533638,2024-02-03,crm
2765,Alpine Materials NV,SE,SE999852478001,2025-08-31,crm
2766,Ardent Industries NV,BE,BE0513420851,2025-03-08,crm
2767,Textil Logistics Oy,SE,SE594895344201,2024-07-19,saisie_manuelle
2768,Ardent Distribution A/S,IT,it86418107222,2024-12-04,saisie_manuelle
2769,Vertex Materials SARL,PL,  PL3780149327 ,2025-04-01,crm
2770,Prima Consulting Oy,PT,PT593066448,2025-08-10,import_fournisseur
2771,Solaris Technologies SpA,BE,be0281374333,2025-04-28,saisie_manuelle
2772,Fabrica Transports NV,LU,LU72835568,2024-11-25,saisie_manuelle
2773,Meridian Services Lda,BE,BE1467033839,2025-07-31,import_fournisseur
2774,Lumen Trading SA,PL,PL2721528838,2025-01-21,saisie_manuelle
2775,Global Services SAS,DK,DK85039193,2024-04-17,import_fournisseur
2776,Baltic Trading BV,LU,LU54995332,2024-02-05,portail_client
2777,Lumen Logistics Sp. z o.o.,BE,  BE0125264117 ,2025-05-29,import_fournisseur
2778,Orion Distribution GmbH,IT,IT47910531202,2025-05-29,saisie_manuelle
2779,Corvus Consulting SAS,PT,PT35991875,2025-02-16,reprise_erp
2780,Lusitania Logistics AB,DK,DK.89459826,2024-06-05,reprise_erp
2781,Verso Materials SA,LU,LU80242702,2025-01-27,saisie_manuelle
2782,Vertex Trading GmbH,SE,SE949109082601,2024-01-14,portail_client
2783,Meridian Trading Oy,NL,NL-589256749B60,2024-07-29,crm
2784,Prima Industries AB,SE,SE 6908 81869001,2024-07-03,crm
2785,Papyrus Consulting SAS,BE,BE1653531521,2025-08-21,portail_client
2786,Kappa Distribution BV,SE,SE 3446 86281901,2024-10-23,saisie_manuelle
2787,Verso Services Sp. z o.o.,NL,NL-882013026B14,2025-06-10,saisie_manuelle
2788,Delta Technologies A/S,DK,42572837,2024-10-20,import_fournisseur
2789,Global Logistics SARL,IT,it75488597180,2025-02-01,portail_client
2790,Global Foods AB,SE,SE778488923501,2024-06-26,portail_client
2791,Kappa Industries NV,BE,BE0188560872,2024-11-15,saisie_manuelle
2792,Prima Services Lda,LU,lu68997143,2024-06-23,crm
2793,Hanse Technologies Sp. z o.o.,GB,GB90459449,2025-01-08,crm
2794,Delta Technologies SpA,PL,PL2220582347,2025-01-18,reprise_erp
2795,Fabrica Consulting SpA,DK,DK50549151,2025-09-22,saisie_manuelle
2796,Ardent Transports BV,LU,LU91427560,2024-09-24,import_fournisseur
2797,Azur Trading A/S,IT,IT 6578 3791349,2025-04-25,import_fournisseur
2798,Vertex Trading Lda,PT,PT724984711,2024-04-24,saisie_manuelle
2799,Delta Transports GmbH,PL,pl8313338809,2024-09-25,saisie_manuelle
2800,Orion Industries SA,PT,PT760103712,2025-06-18,saisie_manuelle
2801,Atlantic Trading SpA,BE,BE 1583 093052,2024-04-18,crm
2802,Batavia Logistics BV,FR,FR09108250320,2025-07-13,crm
2803,Hanse Transports SA,FI,70993263,2025-06-19,reprise_erp
2804,Granit Materials SpA,NL,NL688976311B78,2025-08-21,saisie_manuelle
2805,Corvus Industries SAS,NL,NL34H941784B72,2024-06-25,crm
2806,Meridian Services BV,IT,IT86839119780,2025-02-11,portail_client
2807,Atlantic Logistics GmbH,IT,IT57589J66448,2024-08-03,portail_client
2808,Vela Technologies SpA,SE,SE5178934542012,2025-06-04,import_fournisseur
2809,Solaris Foods BV,LU,lu15682002,2024-05-10,reprise_erp
2810,Baltic Technologies SAS,QQ,QQ1106493647,2025-04-16,import_fournisseur
2811,Metallo Foods A/S,FI,FI00550492,2025-01-14,crm
2812,Fabrica Trading NV,FR,FR.47677406722,2024-09-08,import_fournisseur
2813,Fabrica Technologies Lda,FI,FI57566718,2024-08-21,portail_client
2814,Atlantic Logistics BV,DK,DK32747310,2025-08-07,import_fournisseur
2815,Lusitania Consulting Lda,PL,pl1887742564,2024-06-11,portail_client
2816,Metallo Industries AB,NL,NL050861815B01,2025-04-07,reprise_erp
2817,Granit Logistics SA,NL,NL104363830B72,2025-04-29,portail_client
2818,Alpine Services BV,IT,IT72534390553,2024-03-31,saisie_manuelle
2819,Textil Industries BV,LU,LU41811683,2025-08-24,portail_client
2820,Corvus Trading Lda,IT, ,2024-11-07,import_fournisseur
2821,Textil Services SARL,ZZ,ZZ40038260,2025-03-11,reprise_erp
2822,Meridian Trading Lda,IT,IT16854344251,2025-09-27,saisie_manuelle
2823,Corvus Distribution GmbH,DK,DK280647485,2024-10-24,saisie_manuelle
2824,Vela Foods Oy,FR,fr07953990213,2025-06-05,reprise_erp
2825,Cobalt Consulting A/S,DK,dk70386925,2024-02-21,crm
2826,Granit Industries SAS,DK,DK85225340,2024-11-17,reprise_erp
2827,Prima Distribution NV,FR,FR36790796970,2025-09-02,reprise_erp
2828,Orion Foods SpA,DK,dk86733323,2025-06-18,saisie_manuelle
2829,Vela Materials Oy,LU,LU99596151,2024-03-13,reprise_erp
2830,Meridian Industries SA,DK,  DK63251933 ,2025-04-07,portail_client
2831,Alpine Foods A/S,FR,FR 5382 6052434,2024-10-11,portail_client
2832,Granit Foods Lda,IT,IT2855815656,2025-01-19,portail_client
2833,Batavia Transports SARL,BE,BE127393861,2025-08-09,import_fournisseur
2834,Textil Consulting Sp. z o.o.,FI,FI89150028,2025-01-27,crm
2835,Papyrus Trading SpA,PL,PL8240632264,2024-07-09,crm
2836,Fabrica Consulting Sp. z o.o.,FR,FR58302134225,2024-05-23,portail_client
2837,Lumen Trading SpA,IT,IT52072049376,2025-02-27,portail_client
2838,Textil Industries NV,LU,LU891872032,2025-07-22,reprise_erp
2839,Global Technologies Oy,PT,PT562685510,2024-02-23,import_fournisseur
2840,Papyrus Trading Oy,SE,669410702701,2025-04-02,import_fournisseur
2841,Azur Consulting GmbH,BE,BE0815J27993,2024-10-30,import_fournisseur
2842,Granit Materials BV,SE,  SE986752847401 ,2024-03-26,reprise_erp
2843,Hanse Foods SA,PL,-,2024-06-20,import_fournisseur
2844,Hanse Industries SpA,NL,NL587305824B496,2024-03-13,import_fournisseur
2845,Azur Transports GmbH,XX,XX7759034847,2024-10-10,import_fournisseur
2846,Ardent Consulting Oy,ZZ,ZZ60019649,2024-11-17,reprise_erp
2847,Meridian Consulting SARL,BE,BE1575988494,2024-06-06,import_fournisseur
2848,Orion Technologies Sp. z o.o.,DK,DK44853441,2025-04-13,reprise_erp
2849,Lusitania Trading GmbH,PL,PL7491233012,2024-01-25,crm
2850,Azur Trading AB,NL,NL151811696B23,2024-11-03,crm
2851,Baltic Transports Oy,FI,FI20080087,2024-06-24,portail_client
2852,Ardent Consulting BV,LU,LU80087452,2024-10-31,crm
2853,Ardent Technologies NV,PL,PL 8582 657876,2024-12-15,reprise_erp
2854,Solaris Logistics SARL,PT,PT207862389,2024-11-07,portail_client
2855,Vela Transports SARL,NL,NL.439831441B63,2024-09-12,import_fournisseur
2856,Vertex Industries Oy,SE,SE 8758 01428901,2024-12-13,portail_client
2857,Vertex Foods Sp. z o.o.,GB,GB53932978,2024-07-22,reprise_erp
2858,Vertex Industries A/S,PT,PT876657110,2024-01-02,import_fournisseur
2859,Verso Trading GmbH,FR,FR86720112149,2024-09-11,crm
2860,Atlantic Technologies Lda,DK,DK63457833,2024-02-04,portail_client
2861,Lumen Logistics A/S,FR,FR5J466606067,2024-03-22,import_fournisseur
2862,Solaris Trading A/S,FI,  FI03634252 ,2025-06-04,crm
2863,Vertex Materials SpA,SE,SE620599558K01,2024-04-03,crm
2864,Orion Technologies SpA,NL,NL773687683B67,2024-11-17,reprise_erp
2865,Ardent Materials Sp. z o.o.,PL,PL4927304726,2024-08-01,portail_client
2866,Global Transports NV,DK,DK.98356568,2024-09-10,import_fournisseur
2867,Solaris Trading BV,LU,LU19449287,2025-05-18,import_fournisseur
2868,Metallo Logistics NV,DK,DK.94521300,2024-12-30,saisie_manuelle
2869,Metallo Distribution Sp. z o.o.,IT,IT44499934220,2024-05-19,portail_client
2870,Prima Consulting Lda,LU,LU40530083,2024-05-22,import_fournisseur
2871,Solaris Foods NV,NL,NL 7559 58512B01,2024-02-24,saisie_manuelle
2872,Hanse Consulting A/S,NL,NL775359230B66,2025-01-31,import_fournisseur
2873,Vela Foods SAS,NL,NL547312467B79,2024-06-15,saisie_manuelle
2874,Prima Trading SpA,FI,FI16311239,2025-05-15,crm
2875,Hanse Technologies NV,DK,DK64224808,2024-08-18,portail_client
2876,Verso Transports NV,NL,null,2024-02-03,reprise_erp
2877,Cobalt Materials AB,FI,N/A,2024-01-24,saisie_manuelle
2878,Alpine Distribution SAS,BE,BE-1800395620,2024-01-19,reprise_erp
2879,Lusitania Logistics SAS,LU,LU72390467,2025-09-28,reprise_erp
2880,Cobalt Consulting GmbH,PT,PT762827289,2024-01-01,import_fournisseur
2881,Vertex Technologies A/S,NL,NL480495282B63,2025-04-24,saisie_manuelle
2882,Textil Consulting AB,FR,  FR43937643397 ,2024-03-20,import_fournisseur
2883,Corvus Materials Oy,NL,NL559676451B548,2025-06-26,portail_client
2884,Fabrica Services SpA,FI,FI57685665,2025-09-23,import_fournisseur
2885,Hanse Logistics NV,BE,BE1300256690,2024-02-16,portail_client
2886,Delta Foods AB,FR,FR88675377334,2024-05-21,crm
2887,Batavia Logistics GmbH,NL, ,2025-02-06,crm
2888,Solaris Distribution NV,NL,NL.487130637B48,2025-09-02,saisie_manuelle
2889,Cobalt Logistics SAS,BE,BE-0466487747,2024-07-20,saisie_manuelle
2890,Nord Transports SARL,IT,it34807462618,2024-07-17,import_fournisseur
2891,Corvus Foods Oy,FR,FR8588872747,2024-03-19,saisie_manuelle
2892,Prima Consulting A/S,LU,LU72066532,2025-06-27,portail_client
2893,Orion Technologies SpA,NL,NL773687683B67,2024-09-12,crm
2894,Delta Transports AB,BE,BE0506330676,2025-02-18,reprise_erp
2895,Metallo Consulting Sp. z o.o.,PT, ,2025-03-05,reprise_erp
2896,Lusitania Services SARL,DK,DK29844027,2025-06-19,portail_client
2897,Granit Distribution SpA,DK,DK88813913,2025-09-24,reprise_erp
2898,Global Technologies A/S,PT,PT650114892,2024-05-04,saisie_manuelle
2899,Vertex Services SAS,IT,IT70981935151,2025-04-14,saisie_manuelle
2900,Baltic Technologies Lda,FR,FR87319721295,2024-10-29,portail_client
2901,Azur Services Sp. z o.o.,UK,UK0310169673,2024-04-02,import_fournisseur
2902,Orion Services GmbH,LU,LU76042610,2024-10-01,saisie_manuelle
2903,Corvus Trading SAS,LU,32115139,2025-09-23,import_fournisseur
2904,Batavia Technologies NV,NL,NL391269744B24,2024-09-25,portail_client
2905,Lusitania Transports Sp. z o.o.,PL,7581419565,2024-07-04,portail_client
2906,Corvus Services Sp. z o.o.,LU,LU58877439,2025-03-15,saisie_manuelle
2907,Solaris Foods Lda,FR,FR.59875381204,2025-05-29,crm
2908,Vela Industries SA,BE,BE1252727581,2024-03-21,reprise_erp
2909,Solaris Trading NV,DK,  DK077443155 ,2024-05-28,saisie_manuelle
2910,Hanse Industries SAS,LU,LU-13330168,2024-06-04,portail_client
2911,Kappa Industries Lda,IT,IT502663604403,2024-11-17,portail_client
2912,Metallo Technologies Oy,SE,SEO63171757201,2025-03-02,import_fournisseur
2913,Granit Distribution A/S,BE,BE-0939599804,2024-03-01,crm
2914,Global Foods Sp. z o.o.,SE,SE283677910401,2024-04-22,crm
2915,Corvus Industries A/S,SE,SE 4584 52398101,2024-09-23,portail_client
2916,Hanse Industries Oy,LU,LU9758757,2024-01-19,crm
2917,Nord Foods Sp. z o.o.,DK,DK21551082,2025-01-28,reprise_erp
2918,Vela Technologies NV,PT,427746060,2025-06-15,saisie_manuelle
2919,Ardent Materials A/S,FR,  FR68270883221 ,2024-12-08,import_fournisseur
2920,Corvus Services NV,IT,IT302455851768,2025-04-07,crm
2921,Solaris Foods GmbH,IT,IT98596428577,2024-02-29,import_fournisseur
2922,Alpine Distribution SAS,PL,PL1683006094,2024-08-12,crm
2923,Atlantic Distribution Oy,LU,LU205O3477,2025-02-13,portail_client
2924,Kappa Trading GmbH,LU,LU.52220239,2024-02-29,import_fournisseur
2925,Corvus Transports SpA,PT,PT847517985,2024-10-23,crm
2926,Textil Industries SA,LU,LU.13615877,2025-01-12,saisie_manuelle
2927,Delta Consulting Lda,UK,UK69815421,2025-08-17,saisie_manuelle
2928,Global Consulting NV,PL,PL5027755546,2024-10-04,saisie_manuelle
2929,Cobalt Foods SARL,SE,se929762534601,2024-05-01,portail_client
2930,Ardent Materials SA,SE,SE593651753601,2024-11-09,saisie_manuelle
2931,Metallo Trading SA,PT,PT257147110,2024-09-16,saisie_manuelle
2932,Metallo Technologies GmbH,FR,53548677830,2025-08-10,import_fournisseur
2933,Granit Industries BV,BE,BE.0503858778,2024-08-19,import_fournisseur
2934,Atlantic Foods Lda,DK,24833550,2025-01-03,saisie_manuelle
2935,Textil Services AB,PT,PT348978340,2024-11-27,portail_client
2936,Lumen Distribution A/S,FI,FI4715363,2025-04-21,saisie_manuelle
2937,Corvus Foods SA,QQ,QQ046529644001,2024-07-10,reprise_erp
2938,Orion Logistics SAS,DK,DK-87566595,2025-02-09,reprise_erp
2939,Kappa Technologies A/S,NL,NL811919546B22,2025-01-03,crm
2940,Prima Technologies Oy,DK,DK.64208373,2025-08-03,crm
2941,Papyrus Materials AB,NL,618854484B06,2024-12-13,crm
2942,Baltic Consulting A/S,LU,LU57648431,2024-10-01,crm
2943,Ardent Logistics SARL,IT,IT56214698633,2025-04-17,portail_client
2944,Metallo Technologies SpA,FR,29477911860,2024-07-25,import_fournisseur
2945,Papyrus Services SA,NL,NL 8976 84825B89,2025-05-07,crm
2946,Solaris Technologies Lda,GB,GB199337926,2024-12-20,portail_client
2947,Verso Transports Sp. z o.o.,BE,BE1767984356,2025-04-16,portail_client
2948,Hanse Trading Lda,FI,FI23587895,2024-04-17,reprise_erp
2949,Global Services Oy,PT,521289548,2024-11-09,import_fournisseur
2950,Vela Foods SAS,FI,FI619273G2,2025-04-24,import_fournisseur
2951,Prima Technologies BV,PT,PT871927454,2025-02-12,crm
2952,Corvus Logistics SARL,LU,LU19219241,2025-04-01,portail_client
2953,Vela Services Oy,NL,NL88559937OB16,2024-12-14,crm
2954,Vela Trading SARL,NL,NL382890954B62,2025-07-15,reprise_erp
2955,Fabrica Industries BV,FR,FR23681286229,2024-04-21,portail_client
2956,Papyrus Trading GmbH,NL,NL-937016615B41,2024-09-08,crm
2957,Vertex Logistics Sp. z o.o.,BE,BE0946315667,2025-07-31,import_fournisseur
2958,Nord Technologies SA,FR,FR-59798280463,2024-03-02,portail_client
2959,Nord Industries SA,DK,DK04147391,2024-10-19,portail_client
2960,Delta Technologies BV,FR,FR81682800983,2025-03-26,crm
2961,Ardent Industries BV,BE,BE1784213644,2025-06-19,reprise_erp
2962,Meridian Industries NV,PL,PL870679096,2024-07-03,crm
2963,Orion Technologies SAS,BE,BE1958252925,2025-01-08,reprise_erp
2964,Vela Technologies Lda,FR,FR 9567 3011959,2025-02-20,portail_client
2965,Kappa Materials NV,FR,FR-65193106777,2025-01-06,saisie_manuelle
2966,Global Materials Oy,FI,FI793780727,2025-01-05,reprise_erp
2967,Verso Foods SA,IT,IT59796273437,2024-06-22,reprise_erp
2968,Baltic Consulting Oy,LU,LU10131533,2024-04-09,import_fournisseur
2969,Prima Logistics SA,IT,IT87709125326,2024-07-14,reprise_erp
2970,Prima Materials SARL,IT,IT19326319837,2024-04-19,crm
2971,Azur Transports BV,PL,PL6870951727,2024-01-08,saisie_manuelle
2972,Textil Distribution BV,BE,1805072010,2024-05-16,saisie_manuelle
2973,Papyrus Trading NV,BE,BE1697733852,2024-10-06,saisie_manuelle
2974,Textil Technologies A/S,FR,72706728634,2024-05-03,portail_client
2975,Orion Materials BV,NL,NL443888930B20,2024-10-10,saisie_manuelle
2976,Textil Materials Sp. z o.o.,DK,DK88466217,2024-06-30,crm
2977,Papyrus Transports A/S,BE,BE1688585896,2025-05-12,reprise_erp
2978,Metallo Technologies SA,SE,N/A,2024-04-21,saisie_manuelle
2979,Ardent Logistics Lda,SE,951527278001,2024-09-23,portail_client
2980,Alpine Materials SA,LU,LU48948077,2024-04-27,crm
2981,Alpine Trading SpA,FI,FI87494989,2024-10-25,reprise_erp
2982,Metallo Distribution Oy,FI,FI17920168,2024-03-23,import_fournisseur
2983,Verso Industries SA,DK,DK55355088,2024-01-16,portail_client
2984,Atlantic Services GmbH,IT,IT-82502243841,2024-05-28,saisie_manuelle
2985,Metallo Foods SARL,FR,FR30826020178,2025-04-16,portail_client
2986,Baltic Distribution AB,NL,NL777708164B45,2025-09-20,reprise_erp
2987,Verso Materials SA,IT,IT12820163249,2025-07-23,portail_client
2988,Verso Transports SpA,PT,PT860199223,2025-04-12,portail_client
2989,Papyrus Materials SA,FR,FR94116985972,2024-01-23,portail_client
2990,Azur Foods BV,SE,SE-280621620201,2024-06-16,reprise_erp
2991,Lusitania Consulting GmbH,NL,NL171127636B58,2024-12-09,crm
2992,Lusitania Industries SA,SE,SE623305221K01,2025-02-22,portail_client
2993,Kappa Industries Oy,LU,LU82786873,2024-12-02,saisie_manuelle
2994,Granit Industries SAS,SE,SE951525540701,2024-04-10,portail_client
2995,Granit Consulting BV,PT,PT886948016,2024-08-17,import_fournisseur
2996,Lumen Services BV,PL,PL3548230271,2024-10-08,crm
2997,Azur Materials GmbH,SE,se638603948801,2025-05-11,saisie_manuelle
2998,Hanse Materials Oy,FR,FR207616930206,2025-02-26,portail_client
2999,Nord Transports Sp. z o.o.,IT,IT 2988 4680660,2025-02-02,import_fournisseur
3000,Nord Consulting NV,DK,dk57223375,2025-06-01,portail_client
3001,Meridian Technologies BV,DK,DK4989701,2025-09-23,reprise_erp
3002,Kappa Transports Sp. z o.o.,PL,PL-6362539932,2024-08-25,portail_client
3003,Cobalt Transports SA,PL,1151018694,2025-07-26,import_fournisseur
3004,Lumen Consulting SA,LU,LU39356002,2024-04-27,reprise_erp
3005,Cobalt Transports SpA,PL,PL1922019988,2025-09-14,saisie_manuelle
3006,Textil Foods BV,QQ,QQ851350215B93,2025-02-10,import_fournisseur
3007,Batavia Industries Oy,LU,LU23310716,2024-05-21,reprise_erp
3008,Solaris Industries SARL,SE,SE826610413501,2025-03-02,import_fournisseur
3009,Alpine Foods SARL,DK,38811916,2024-01-17,import_fournisseur
3010,Kappa Industries NV,LU,LU23160224,2024-08-27,crm
3011,Lumen Distribution SA,LU,LU40852414,2025-07-05,import_fournisseur
3012,Fabrica Trading SpA,LU,lu79812966,2025-09-10,reprise_erp
3013,Ardent Industries SARL,PT,PT241851552,2024-06-05,reprise_erp
3014,Lumen Consulting SAS,UK,UK89976817315,2024-12-29,reprise_erp
3015,Metallo Logistics Oy,IT,IT 4114 0004684,2024-08-03,saisie_manuelle
3016,Nord Logistics NV,LU,LU78287531,2025-05-30,crm
3017,Vertex Services SAS,PL,PL758746772,2025-04-01,reprise_erp
3018,Meridian Consulting Lda,DK,DK62554185,2024-01-25,import_fournisseur
3019,Metallo Materials Lda,IT,IT46659023496,2025-01-06,reprise_erp
3020,Ardent Industries A/S,PT,pt646922009,2024-11-18,reprise_erp
3021,Metallo Services SA,IT,IT26419395470,2024-07-03,portail_client
3022,Lusitania Trading SAS,FR,FR823757212460,2024-11-27,reprise_erp
3023,Kappa Technologies NV,PL,  PL4210295558 ,2024-09-02,reprise_erp
3024,Metallo Foods SAS,IT,IT21746135290,2024-11-18,portail_client
3025,Delta Foods Sp. z o.o.,LU,LU.46931518,2024-07-26,crm
3026,Granit Foods SA,ZZ,ZZ636552918,2024-11-06,crm
3027,Kappa Transports SAS,PT,PT130441090,2024-11-16,reprise_erp
3028,Baltic Technologies Sp. z o.o.,QQ,QQ5210064291,2024-01-17,portail_client
3029,Fabrica Technologies AB,NL,NL564324863B04,2024-10-12,reprise_erp
3030,Metallo Industries SpA,NL,NL310812586B78,2025-06-02,reprise_erp
3031,Hanse Transports SARL,PT,PT948181036,2024-05-11,portail_client
3032,Metallo Materials SAS,DK,DK 5168 2793,2024-11-14,import_fournisseur
3033,Global Consulting SAS,SE,SE739815396001,2025-08-09,reprise_erp
3034,Meridian Technologies SARL,FR,FR78312181019,2024-06-25,reprise_erp
3035,Orion Transports SA,PL,PL6614084024,2024-07-14,crm
3036,Azur Distribution SA,NL,NL502096866B87,2024-09-29,crm
3037,Lumen Services GmbH,PL,PL4656314976,2025-07-07,portail_client
3038,Lumen Foods SAS,PL,PL67737770473,2025-02-19,crm
3039,Corvus Services A/S,IT,IT03038176569,2025-02-26,crm
3040,Vela Foods SARL,NL,NL-293628142B12,2024-03-31,portail_client
3041,Alpine Logistics AB,FI,FI32156376,2024-08-09,portail_client
3042,Vela Transports SA,NL,NL604909214B06,2025-03-05,portail_client
3043,Vertex Materials Lda,IT,IT74198213373,2025-07-12,import_fournisseur
3044,Papyrus Industries A/S,IT,IT71550533427,2025-01-31,crm
3045,Vela Transports SpA,LU,LU62559211,2025-09-16,saisie_manuelle
3046,Cobalt Transports SARL,NL,NL451321716B81,2024-10-31,crm
3047,Baltic Consulting SARL,FR,FR.25643186893,2024-03-15,saisie_manuelle
3048,Nord Distribution BV,BE,0174275445,2024-02-20,reprise_erp
3049,Batavia Logistics SARL,IT,IT52566208535,2024-02-29,portail_client
3050,Granit Services A/S,SE,905476782801,2024-10-15,import_fournisseur
3051,Lusitania Services Sp. z o.o.,FR,FR92970201431,2024-08-26,saisie_manuelle
3052,Azur Trading A/S,PT,PT567395083,2024-08-20,import_fournisseur
3053,Cobalt Distribution Sp. z o.o.,SE,SE045532336031,2025-03-22,reprise_erp
3054,Metallo Services A/S,DK,DK58568641,2024-01-17,reprise_erp
3055,Textil Industries Sp. z o.o.,IT,it10882004061,2025-09-03,portail_client
3056,Baltic Consulting AB,BE,BE1402993251,2025-07-17,saisie_manuelle
3057,Delta Distribution Lda,SE,SE942906078401,2024-09-22,saisie_manuelle
3058,Fabrica Services BV,PL,5271893805,2024-08-23,portail_client
3059,Cobalt Industries A/S,IT,IT31481551245,2024-11-27,crm
3060,Papyrus Consulting Oy,SE,  SE623445349301 ,2025-09-02,saisie_manuelle
3061,Papyrus Services GmbH,SE,SE860847344601,2024-09-21,saisie_manuelle
3062,Papyrus Services Oy,PL,PL6082994274,2025-07-28,crm
3063,Hanse Transports SARL,IT,it38353597719,2025-03-06,portail_client
3064,Hanse Logistics SAS,PL,5183033115,2024-03-17,import_fournisseur
3065,Kappa Transports AB,LU,LU69798850,2025-01-15,import_fournisseur
3066,Azur Technologies SpA,SE,SE756557299201,2024-11-27,saisie_manuelle
3067,Orion Logistics Oy,PL,PL 4955 288117,2024-08-14,import_fournisseur
3068,Corvus Logistics SARL,IT,IT86696412784,2025-05-17,import_fournisseur
3069,Nord Logistics SA,FR,FR54249708569,2024-09-16,saisie_manuelle
3070,Solaris Logistics GmbH,PL,8832446265,2024-08-22,import_fournisseur
3071,Fabrica Consulting SA,NL,NL581770869B15,2024-09-30,import_fournisseur
3072,Fabrica Materials GmbH,PL,PL7173933526,2024-10-02,import_fournisseur
3073,Vertex Trading SpA,FI,FI3599314,2024-03-01,reprise_erp
3074,Corvus Industries Oy,PL,PL8124363211,2025-07-11,saisie_manuelle
3075,Vertex Logistics GmbH,ZZ,ZZ0436079435,2025-03-20,saisie_manuelle
3076,Nord Foods GmbH,IT,it10025467258,2024-12-28,saisie_manuelle
3077,Fabrica Technologies A/S,FI,  FI64257543 ,2024-11-10,saisie_manuelle
3078,Batavia Materials Sp. z o.o.,IT,IT7376927899,2024-01-13,saisie_manuelle
3079,Fabrica Consulting SpA,PL,PL5555432746,2024-03-23,portail_client
3080,Lusitania Technologies Lda,PL,7134404185,2025-06-28,import_fournisseur
3081,Prima Services Oy,SE,SE748498870901,2024-01-17,import_fournisseur
3082,Batavia Logistics Oy,FR,FR34523265214,2024-04-10,saisie_manuelle
3083,Batavia Services Sp. z o.o.,IT,IT67505393636,2025-01-12,saisie_manuelle
3084,Azur Logistics NV,LU,LU 8923 2915,2024-08-13,portail_client
3085,Azur Industries GmbH,LU,LU19878144,2024-02-05,import_fournisseur
3086,Vela Trading GmbH,NL,NL510338781B79,2024-06-07,portail_client
3087,Prima Foods BV,DK,DK51656279,2024-04-23,saisie_manuelle
3088,Lusitania Transports Sp. z o.o.,FR,FR90712951384,2025-05-10,portail_client
3089,Orion Distribution BV,QQ,QQ40278153685,2024-03-28,reprise_erp
3090,Granit Services AB,FR,FR872670233716,2024-12-08,import_fournisseur
3091,Hanse Technologies SAS,DK,DK03910547,2025-02-04,portail_client
3092,Nord Logistics NV,LU,lu99576129,2024-10-27,portail_client
3093,Corvus Materials A/S,FR,FR6657O710355,2025-08-29,crm
3094,Lusitania Foods Sp. z o.o.,LU,LU72375204,2025-06-14,saisie_manuelle
3095,Metallo Industries A/S,NL,NL323949423B85,2024-04-08,crm
3096,Kappa Consulting BV,SE, ,2025-09-29,saisie_manuelle
3097,Lusitania Distribution NV,FR,FR263001806028,2025-01-18,reprise_erp
3098,Kappa Materials Lda,QQ,QQ55309779,2024-04-09,reprise_erp
3099,Hanse Industries Lda,PT,  PT989890341 ,2024-01-01,portail_client
3100,Atlantic Industries GmbH,FI,FI54979701,2025-01-04,reprise_erp
3101,Verso Transports BV,PT,PT893894397,2024-05-17,portail_client
3102,Baltic Trading SARL,SE,881368309401,2024-06-15,saisie_manuelle
3103,Fabrica Industries Lda,SE,SE463011064301,2025-07-10,reprise_erp
3104,Vela Technologies Lda,PT,PT282855106,2025-07-06,reprise_erp
3105,Vela Distribution SA,PL,PL5936997037,2024-12-30,import_fournisseur
3106,Verso Logistics SA,LU,lu44755866,2024-10-15,crm
3107,Orion Consulting SARL,PT,PT498349993,2024-04-15,portail_client
3108,Azur Foods SpA,PL,PL8029507044,2025-03-21,saisie_manuelle
3109,Baltic Trading SARL,FR,FR42298213512,2024-03-06,portail_client
3110,Solaris Services SAS,FI,FI15247938,2025-07-15,crm
3111,Papyrus Technologies SpA,DK,DK59879278,2024-06-12,import_fournisseur
3112,Solaris Distribution Oy,DK,DK39403102,2025-01-25,import_fournisseur
3113,Azur Logistics Sp. z o.o.,LU,LU68588778,2024-05-26,reprise_erp
3114,Baltic Trading SA,SE,  SE028923330601 ,2024-08-25,crm
3115,Papyrus Logistics NV,FI,FI53261626,2024-08-22,reprise_erp
3116,Delta Logistics NV,PT,PT885625404,2024-09-17,saisie_manuelle
3117,Granit Services Oy,IT,IT2941083710,2025-03-08,portail_client
3118,Papyrus Consulting SA,PT,PT.320725952,2024-08-12,crm
3119,Corvus Technologies BV,FR,FR82438597422,2024-06-12,import_fournisseur
3120,Cobalt Services A/S,BE,BE1437018772,2025-05-16,crm
3121,Verso Transports GmbH,ZZ,ZZ048092526B87,2024-02-09,import_fournisseur
3122,Textil Foods Sp. z o.o.,BE,BE 0114 387942,2025-09-18,reprise_erp
3123,Lumen Foods NV,LU,LU43563842,2024-06-17,saisie_manuelle
3124,Lumen Technologies Lda,FI,FI33489463,2024-05-18,import_fournisseur
3125,Orion Consulting SA,FR,FR-29144437500,2024-02-26,saisie_manuelle
3126,Fabrica Logistics SA,NL,NL7821006J2B96,2025-09-25,saisie_manuelle
3127,Azur Logistics AB,PT,PT231829574,2025-08-28,reprise_erp
3128,Orion Industries GmbH,PT,PT2468924204,2024-01-26,saisie_manuelle
3129,Meridian Technologies AB,LU,LU53480504,2024-08-07,import_fournisseur
3130,Metallo Transports Sp. z o.o.,IT,IT64984924742,2025-06-15,reprise_erp
3131,Corvus Consulting GmbH,BE,BE0187851089,2024-03-20,reprise_erp
3132,Kappa Consulting Lda,IT,IT.12927055728,2024-06-16,saisie_manuelle
3133,Meridian Trading BV,FI,FI0784814,2025-06-25,portail_client
3134,Meridian Foods SpA,NL,NL3775432M4B43,2024-09-12,import_fournisseur
3135,Meridian Services Sp. z o.o.,XX,XX6176985068,2024-06-21,portail_client
3136,Lusitania Logistics SpA,FI,FI30525676,2024-03-18,saisie_manuelle
3137,Prima Distribution SAS,IT,IT33283M87775,2025-08-08,portail_client
3138,Papyrus Logistics SAS,FI,FI94630870,2024-12-14,saisie_manuelle
3139,Solaris Consulting AB,FI,FI53071363,2025-08-02,import_fournisseur
3140,Verso Materials SA,BE,BE1734280717,2024-05-29,import_fournisseur
3141,Textil Consulting NV,FI,FI97554551,2025-08-12,portail_client
3142,Granit Industries BV,NL,NL.686426174B14,2025-08-21,crm
3143,Meridian Technologies Sp. z o.o.,SE,se575654135401,2025-04-09,import_fournisseur
3144,Verso Trading GmbH,FR,fr86720112149,2025-07-16,reprise_erp
3145,Hanse Transports Lda,LU,LU 2177 6872,2024-03-07,portail_client
3146,Lumen Logistics SARL,FI,FI26386976,2025-04-09,reprise_erp
3147,Baltic Technologies Lda,XX,XX24636500618,2025-08-16,reprise_erp
3148,Delta Technologies NV,BE,BE1548005974,2024-03-23,import_fournisseur
3149,Vertex Consulting Oy,DK,96688725,2025-07-03,import_fournisseur
3150,Vela Trading AB,BE,BE 0559 903992,2024-08-14,portail_client
3151,Vela Industries Sp. z o.o.,FR,75680871830,2025-07-19,crm
3152,Fabrica Foods Lda,FR,FR45988247883,2024-12-29,import_fournisseur
3153,Kappa Distribution SpA,PT,PT158999983,2024-08-22,import_fournisseur
3154,Global Distribution BV,PT,PT-689929922,2025-03-19,reprise_erp
3155,Global Distribution A/S,SE,SE573396913201,2024-03-24,reprise_erp
3156,Lusitania Consulting SAS,DK,DK79657735,2024-08-14,portail_client
3157,Atlantic Foods SARL,PT,PT764269623,2025-07-30,saisie_manuelle
3158,Lumen Services GmbH,DK,DK42609021,2025-05-03,portail_client
3159,Cobalt Materials Sp. z o.o.,PT,PT582386594,2024-12-23,crm
3160,Vela Trading SpA,FI,FI54170857,2025-04-18,import_fournisseur
3161,Metallo Transports Lda,NL,N/A,2025-02-26,reprise_erp
3162,Solaris Technologies SA,BE,BE 1648 113934,2025-07-27,import_fournisseur
3163,Cobalt Industries Sp. z o.o.,GB,GB94213015487,2025-08-14,portail_client
3164,Ardent Distribution SAS,BE,BE 0648 617818,2024-08-06,portail_client
3165,Lusitania Services SA,FR,FR32755784754,2024-03-28,saisie_manuelle
3166,Batavia Logistics SARL,LU,  LU75603872 ,2025-08-10,reprise_erp
3167,Textil Services NV,IT,IT0269453H885,2025-08-08,reprise_erp
3168,Azur Logistics Oy,NL,NL893797339B99,2024-05-12,portail_client
3169,Metallo Transports Lda,FI,FI81229795,2025-07-31,import_fournisseur
3170,Lusitania Distribution Sp. z o.o.,LU,LU88855568,2025-02-02,crm
3171,Cobalt Transports Oy,PL,pl9483901581,2025-06-16,import_fournisseur
3172,Hanse Services BV,NL,NL416009499B60,2024-11-28,saisie_manuelle
3173,Atlantic Trading Lda,LU,LU47083052,2025-01-18,crm
3174,Delta Consulting SpA,LU,-,2025-01-06,crm
3175,Papyrus Materials SpA,PL,PL1153436409,2024-10-20,import_fournisseur
3176,Batavia Trading Oy,IT,IT23204908646,2024-05-23,crm
3177,Lumen Transports NV,LU,LU11206817,2024-09-27,saisie_manuelle
3178,Kappa Logistics NV,LU,LU14363881,2025-06-15,reprise_erp
3179,Batavia Transports BV,PT,PT151076915,2025-08-25,import_fournisseur
3180,Cobalt Distribution A/S,BE,BE1551G38952,2025-09-16,reprise_erp
3181,Metallo Transports SA,NL,NL823308632B17,2024-08-24,crm
3182,Prima Transports NV,LU,LU55142974,2025-08-20,crm
3183,Ardent Technologies SAS,GB,GB6744503353,2024-01-09,portail_client
3184,Hanse Technologies Sp. z o.o.,FI,FI61218484,2024-09-14,saisie_manuelle
3185,Kappa Logistics SARL,LU,LU87666515,2024-01-22,reprise_erp
3186,Granit Transports SAS,LU,LU78376228,2024-01-31,reprise_erp
3187,Solaris Services NV,IT, ,2024-11-11,saisie_manuelle
3188,Verso Industries NV,DK,DK87808351,2024-09-07,portail_client
3189,Fabrica Trading SAS,LU,LU32371017,2024-08-04,import_fournisseur
3190,Vela Logistics SAS,PL,PL8018579436,2025-03-21,saisie_manuelle
3191,Lusitania Services SARL,BE,BE1239143524,2025-08-05,import_fournisseur
3192,Meridian Technologies BV,FI,FI.40068050,2024-06-30,portail_client
3193,Global Distribution Oy,IT,IT97257802138,2025-04-23,crm
3194,Corvus Materials BV,SE,SE.160656569301,2024-05-14,portail_client
3195,Lumen Consulting GmbH,BE,  BE1450773174 ,2024-09-15,reprise_erp
3196,Ardent Transports SARL,NL,NL 6265 24568B32,2024-12-12,saisie_manuelle
3197,Ardent Technologies NV,PL,3679756105,2024-10-19,import_fournisseur
3198,Corvus Foods AB,IT,IT08934247910,2024-09-27,crm
3199,Orion Distribution SpA,FI,fi23192420,2024-04-07,crm
3200,Baltic Industries SAS,PL,PL13415831732,2025-04-22,reprise_erp
3201,Alpine Trading SARL,SE,SE163999540301,2024-02-13,portail_client
3202,Verso Consulting SA,FI,FI25452732,2024-12-11,saisie_manuelle
3203,Prima Distribution Sp. z o.o.,SE,SE139518077901,2024-10-27,saisie_manuelle
3204,Vertex Distribution NV,PL,PL6609256310,2025-01-18,import_fournisseur
3205,Orion Distribution Oy,BE,,2024-10-22,crm
3206,Lusitania Technologies GmbH,PL,PL 6568 468250,2025-07-13,import_fournisseur
3207,Batavia Distribution SA,PL,PL7075503766,2024-11-05,reprise_erp
3208,Vertex Logistics A/S,PL,PL4772608896,2024-10-31,saisie_manuelle
3209,Baltic Transports SA,IT,N/A,2025-09-18,import_fournisseur
3210,Kappa Foods SAS,DK,DK52084695,2025-07-16,import_fournisseur
3211,Fabrica Trading SpA,DK,DK98532951,2025-02-24,reprise_erp
3212,Fabrica Technologies A/S,SE,SE153230165001,2025-03-20,crm
3213,Solaris Foods A/S,FR,FR247193201887,2024-06-13,reprise_erp
3214,Meridian Technologies NV,FR,FR67902267786,2024-10-10,saisie_manuelle
3215,Vertex Technologies SpA,BE,BE0565871967,2024-11-29,saisie_manuelle
3216,Batavia Consulting Sp. z o.o.,DK,DK71554O01,2024-02-16,portail_client
3217,Granit Distribution Oy,FI,FI-55653615,2025-03-06,import_fournisseur
3218,Lusitania Technologies SA,PL,PL5577881434,2024-07-02,crm
3219,Vertex Distribution BV,DK,DK 7164 1309,2024-02-16,crm
3220,Alpine Logistics SAS,DK,DK6040877,2024-03-06,crm
3221,Prima Materials SAS,PL,PL2235835671,2025-04-26,crm
3222,Orion Trading SA,FR,fr00887057333,2024-08-30,portail_client
3223,Prima Logistics AB,SE,  SE068045079801 ,2024-08-06,reprise_erp
3224,Atlantic Foods Sp. z o.o.,BE,BEM190573149,2024-03-26,portail_client
3225,Cobalt Technologies SAS,NL,NL740909265B99,2024-10-27,import_fournisseur
3226,Lumen Services SAS,FI,FI30588853,2025-01-15,import_fournisseur
3227,Baltic Consulting Lda,FI,FI02147650,2024-09-30,import_fournisseur
3228,Solaris Services SAS,PT,PT412676915,2025-02-10,import_fournisseur
3229,Prima Technologies Sp. z o.o.,DK,DK73152526,2025-02-20,crm
3230,Fabrica Technologies NV,FR,FR07470435901,2024-11-02,crm
3231,Global Industries SA,PT,PT111121834,2025-02-15,saisie_manuelle
3232,Atlantic Consulting Lda,IT,IT.09495669062,2025-02-28,portail_client
3233,Corvus Services NV,FR,FR19395773647,2024-07-02,reprise_erp
3234,Global Industries Oy,IT,IT855040237566,2024-10-26,portail_client
3235,Textil Trading Lda,NL,NL422642526B24,2024-09-21,reprise_erp
3236,Kappa Foods GmbH,BE,BE1469691441,2025-02-24,crm
3237,Nord Materials BV,QQ,QQ378627660,2025-07-16,portail_client
3238,Batavia Logistics GmbH,FI,FI46991866,2024-07-03,portail_client
3239,Delta Foods AB,LU,  LU10124653 ,2024-02-10,import_fournisseur
3240,Nord Services AB,LU,lu69237746,2024-02-11,crm
3241,Verso Materials Sp. z o.o.,SE,SE584065288601,2024-03-13,reprise_erp
3242,Solaris Materials SpA,LU,LU43592002,2024-02-23,crm
3243,Solaris Industries NV,PT,PT918643155,2025-03-23,crm
3244,Meridian Industries SpA,SE,SE952225052201,2024-07-09,import_fournisseur
3245,Global Transports SAS,PL,PL5829044650,2024-05-06,saisie_manuelle
3246,Prima Foods Sp. z o.o.,FR,FR0653150558,2024-06-13,saisie_manuelle
3247,Global Industries GmbH,NL,NL189463538B23,2024-06-12,reprise_erp
3248,Lusitania Trading NV,FI,FI69545076,2024-05-29,import_fournisseur
3249,Lusitania Industries Oy,DK,DK58934984,2024-03-18,saisie_manuelle
3250,Atlantic Services SARL,FI,FI17768905,2024-02-14,reprise_erp
3251,Azur Consulting SpA,SE,SE427784946401,2024-11-13,saisie_manuelle
3252,Nord Technologies GmbH,IT,IT97837457700,2024-06-02,portail_client
3253,Granit Consulting Sp. z o.o.,LU,LU-82942231,2024-12-08,reprise_erp
3254,Papyrus Transports SA,GB,GB31550304,2024-05-04,crm
3255,Vela Foods Sp. z o.o.,NL,NL334575072B78,2024-09-20,portail_client
3256,Meridian Services Oy,DK,DK31159555,2025-09-06,import_fournisseur
3257,Atlantic Transports GmbH,BE,BE1665213549,2024-03-15,portail_client
3258,Kappa Trading GmbH,FR,FR84788209317,2024-06-20,reprise_erp
3259,Metallo Consulting NV,DK,DK2412140,2024-04-17,import_fournisseur
3260,Global Trading AB,BE,BE1108256375,2024-06-16,portail_client
3261,Azur Technologies SA,UK,uk227979060,2025-02-21,portail_client
3262,Atlantic Industries SARL,NL,NL676617384B03,2024-08-21,crm
3263,Delta Trading GmbH,NL,NL732535797B02,2024-12-08,saisie_manuelle
3264,Metallo Materials AB,PT,PT545417414,2024-12-22,portail_client
3265,Textil Transports A/S,FR,FR18312775251,2024-12-19,import_fournisseur
3266,Atlantic Materials SA,DK,DK41428627,2025-08-04,import_fournisseur
3267,Metallo Trading Oy,PL,PL8873554218,2024-08-11,crm
3268,Lusitania Industries Lda,IT,IT 0930 8212639,2025-09-07,reprise_erp
3269,Prima Technologies A/S,FI,FI66M95437,2024-02-11,saisie_manuelle
3270,Alpine Industries SA,PL,PL7028265911,2025-05-02,portail_client
3271,Global Trading SARL,PL,PL4930517811,2025-01-17,portail_client
3272,Verso Industries Sp. z o.o.,FI,FI67480276,2024-10-21,import_fournisseur
3273,Global Foods A/S,IT,IT85656431476,2024-06-24,saisie_manuelle
3274,Solaris Materials Lda,BE,BE0751470183,2025-01-30,saisie_manuelle
3275,Corvus Distribution AB,FR,FR65943436233,2024-08-26,crm
3276,Prima Consulting SAS,PT,PT86058H880,2024-01-25,reprise_erp
3277,Global Transports GmbH,BE,be0919451914,2025-08-31,portail_client
3278,Verso Services NV,PL,PL5924845557,2024-05-27,portail_client
3279,Meridian Materials Lda,FI,FI3285314J,2025-05-26,import_fournisseur
3280,Solaris Industries NV,IT,IT03953515669,2024-10-07,import_fournisseur
3281,Azur Distribution Oy,BE,,2025-03-17,reprise_erp
3282,Vertex Trading AB,PL,PL2455306331,2024-04-24,crm
3283,Orion Services Oy,SE,SE469190688905,2024-02-05,crm
3284,Textil Technologies SARL,FI,FI64810708,2025-06-21,portail_client
3285,Azur Consulting GmbH,XX,XX0112941949,2025-03-18,saisie_manuelle
3286,Orion Foods SAS,FI,FI11595230,2024-12-04,saisie_manuelle
3287,Azur Consulting Sp. z o.o.,PT,PT-375989129,2025-04-09,import_fournisseur
3288,Vertex Industries A/S,BE,BE14995971358,2025-05-31,import_fournisseur
3289,Kappa Services NV,LU,LUO7947768,2024-05-21,saisie_manuelle
3290,Granit Materials AB,NL,NL.562980179B17,2025-01-23,crm
3291,Orion Technologies BV,DK,98671021,2024-01-05,portail_client
3292,Kappa Technologies AB,PT,PT348516134,2025-09-19,crm
3293,Batavia Industries Oy,BE,BE0613923469,2025-05-11,reprise_erp
3294,Nord Logistics BV,PT,PT283338547,2024-11-05,import_fournisseur
3295,Kappa Consulting SARL,SE,SE 8731 00280701,2025-03-06,crm
3296,Cobalt Consulting GmbH,LU,  LU50328276 ,2025-03-14,reprise_erp
3297,Meridian Industries Sp. z o.o.,PT,PT 1751 39571,2024-04-21,portail_client
3298,Kappa Consulting SARL,PL,  PL4761672548 ,2025-04-21,crm
3299,Fabrica Distribution GmbH,PT,PT124268730,2024-04-12,reprise_erp
3300,Baltic Services GmbH,LU,LU80713886,2024-10-16,import_fournisseur
3301,Atlantic Materials GmbH,DK,  DK34079048 ,2024-11-07,reprise_erp
3302,Batavia Distribution SA,DK,DK74757681,2025-09-21,crm
3303,Solaris Distribution SA,SE,SE750853068801,2025-03-18,portail_client
3304,Batavia Industries SARL,LU,LU692939741,2025-09-17,import_fournisseur
3305,Kappa Distribution A/S,SE,SE268302268401,2024-02-22,portail_client
3306,Granit Services NV,BE,BE-0920809023,2024-05-16,portail_client
3307,Azur Materials BV,DK,DK.75179928,2024-04-28,portail_client
3308,Textil Technologies SAS,SE,SE250362672501,2024-10-11,crm
3309,Granit Materials Sp. z o.o.,FI,FI63132852,2024-08-29,portail_client
3310,Alpine Logistics SA,FI,FI.83711149,2025-05-14,reprise_erp
3311,Meridian Transports Sp. z o.o.,IT,IT08746617078,2024-11-27,portail_client
3312,Corvus Technologies GmbH,PL,PL7226052098,2025-07-08,portail_client
3313,Global Services GmbH,DK,DK26276497,2024-03-03,portail_client
3314,Prima Consulting GmbH,PT,PT292944330,2024-02-24,crm
3315,Granit Distribution SARL,FR,FR44420563719,2024-11-15,saisie_manuelle
3316,Vertex Foods Oy,IT,IT62467285076,2024-11-04,saisie_manuelle
3317,Baltic Foods NV,SE,SE38671143690,2024-05-23,import_fournisseur
3318,Fabrica Transports SARL,PL,N/A,2024-04-30,saisie_manuelle
3319,Granit Transports SARL,XX,XX6652806040,2024-04-29,crm
3320,Ardent Services SA,IT,IT37428064345,2024-09-24,import_fournisseur
3321,Hanse Materials A/S,IT,IT77041961127,2025-04-08,saisie_manuelle
3322,Meridian Industries NV,FI,FI57759528,2024-11-28,crm
3323,Verso Logistics Sp. z o.o.,NL,  NL263269073B30 ,2025-09-01,reprise_erp
3324,Verso Trading GmbH,NL,NL 9592 22972B32,2024-09-05,crm
3325,Delta Consulting SARL,FI,FI552J4936,2025-07-01,import_fournisseur
3326,Textil Logistics SpA,DK,DK41154586,2025-05-23,saisie_manuelle
3327,Delta Transports SARL,LU,LU44105257,2024-05-15,import_fournisseur
3328,Metallo Technologies SARL,QQ,QQ0410931491,2025-03-08,portail_client
3329,Textil Distribution Sp. z o.o.,PL,PL3O66527278,2024-10-04,saisie_manuelle
3330,Solaris Industries SAS,PL,PLJ871014168,2024-09-17,crm
3331,Batavia Distribution SpA,DK,DK04267567,2024-01-08,reprise_erp
3332,Fabrica Foods BV,IT,IT83849177999,2024-10-10,import_fournisseur
3333,Lusitania Technologies AB,FR,FR21429435008,2024-05-21,portail_client
3334,Fabrica Distribution Lda,QQ,QQ571076609B42,2024-04-17,portail_client
3335,Batavia Materials SAS,ZZ,ZZ77190033,2024-03-07,crm
3336,Lumen Consulting GmbH,PL,PL7355091833,2024-01-23,portail_client
3337,Delta Transports NV,FI,FI127332H4,2024-04-28,reprise_erp
3338,Granit Technologies GmbH,GB,GB893247154,2024-02-05,import_fournisseur
3339,Atlantic Foods GmbH,SE,SE594778731201,2024-11-14,import_fournisseur
3340,Vela Industries Oy,PT,PT2006508J0,2025-03-29,import_fournisseur
3341,Corvus Materials A/S,NL,NL286787805B62,2024-06-16,crm
3342,Cobalt Technologies Oy,FI,FI-66104021,2025-06-24,reprise_erp
3343,Delta Services Sp. z o.o.,GB,GB318432833B86,2024-09-25,import_fournisseur
3344,Meridian Trading SARL,LU,LU-19983833,2025-07-06,reprise_erp
3345,Kappa Transports Sp. z o.o.,FI,FI20803628,2024-08-09,import_fournisseur
3346,Corvus Trading A/S,LU,LU45752666,2025-06-21,reprise_erp
3347,Papyrus Materials SARL,FR,,2025-01-14,crm
3348,Textil Distribution SARL,FI,FI77100325,2024-12-04,crm
3349,Solaris Logistics SpA,DK,37476250,2024-01-01,saisie_manuelle
3350,Ardent Materials A/S,ZZ,ZZ491940580B81,2024-11-21,import_fournisseur
3351,Verso Materials Sp. z o.o.,IT,IT-28460458236,2024-11-03,import_fournisseur
3352,Lumen Foods AB,DK,DK.47639123,2025-03-27,reprise_erp
3353,Orion Distribution Lda,BE,BE.0716419234,2024-06-29,reprise_erp
3354,Kappa Logistics AB,PL,pl9272176404,2024-10-18,saisie_manuelle
3355,Metallo Distribution Lda,LU,LU24649049,2024-11-29,reprise_erp
3356,Papyrus Services SAS,PT,PT369145062,2024-09-01,saisie_manuelle
3357,Metallo Technologies SAS,FR,FR63216414001,2024-09-29,import_fournisseur
3358,Batavia Logistics SA,LU,LU38268773,2024-02-01,import_fournisseur
3359,Atlantic Consulting Oy,FI,FI2771727,2025-03-19,saisie_manuelle
3360,Batavia Logistics SpA,DK,DK74457029,2025-09-24,portail_client
3361,Cobalt Services Sp. z o.o.,BE,BE018591712,2024-10-05,import_fournisseur
3362,Baltic Logistics Oy,FR, ,2025-05-08,portail_client
3363,Ardent Consulting Oy,DK,,2025-09-23,saisie_manuelle
3364,Metallo Materials Oy,IT,IT58476851777,2024-01-02,portail_client
3365,Papyrus Consulting SAS,IT,IT80253193660,2025-07-30,crm
3366,Batavia Consulting AB,PT,PT683841506,2024-12-31,crm
3367,Cobalt Trading Lda,DK,DK220419832,2025-06-16,crm
3368,Textil Transports SA,LU,LU 6830 0418,2025-01-08,saisie_manuelle
3369,Fabrica Transports BV,IT,IT2569711081,2024-01-29,reprise_erp
3370,Hanse Transports SAS,NL,NL239665736B98,2024-04-06,saisie_manuelle
3371,Verso Services NV,IT,IT71337261603,2025-02-20,reprise_erp
3372,Azur Distribution Lda,BE,BE0835956688,2025-03-21,portail_client
3373,Metallo Trading Oy,FR,FR75299669396,2025-04-13,import_fournisseur
3374,Vertex Materials SpA,BE,BE1121010740,2025-05-22,reprise_erp
3375,Fabrica Trading GmbH,DK,DK54556322,2024-11-27,reprise_erp
3376,Prima Technologies BV,LU,LU56366831,2025-06-26,reprise_erp
3377,Meridian Materials Lda,FI,FI73827682,2025-06-14,reprise_erp
3378,Textil Consulting SARL,PT,282326243,2024-06-14,saisie_manuelle
3379,Batavia Services SA,PT,PT-100405711,2025-09-02,saisie_manuelle
3380,Azur Services Sp. z o.o.,SE,SE383660020601,2025-01-30,import_fournisseur
3381,Alpine Trading SA,IT,IT290586195698,2025-01-07,import_fournisseur
3382,Cobalt Consulting Oy,DK,DK065622727,2025-02-19,reprise_erp
3383,Nord Materials SA,PT,PT 9385 85495,2024-07-29,portail_client
3384,Solaris Trading Sp. z o.o.,FR,FR84699596519,2024-03-16,portail_client
3385,Alpine Transports A/S,LU,LU25227246,2024-02-04,saisie_manuelle
3386,Corvus Industries BV,PL,PL1889984159,2025-06-24,import_fournisseur
3387,Metallo Logistics SAS,SE,SE205614019301,2025-09-12,crm
3388,Metallo Trading AB,NL,NL811173562B50,2025-01-12,import_fournisseur
3389,Vela Materials Oy,NL,NL580959193B16,2025-06-25,portail_client
3390,Atlantic Distribution Sp. z o.o.,BE,,2024-02-25,saisie_manuelle
3391,Lumen Materials Lda,SE,SE700254883701,2025-02-25,portail_client
3392,Corvus Materials A/S,DK,DK32205281,2025-02-01,portail_client
3393,Granit Trading Lda,NL,NL935855221B17,2024-03-12,crm
3394,Vertex Logistics SARL,PT,PT663575389,2024-06-01,crm
3395,Solaris Services AB,GB,GB816814499901,2024-01-29,crm
3396,Hanse Industries Lda,PL,PL5574740532,2024-12-04,import_fournisseur
3397,Hanse Trading Sp. z o.o.,IT,IT-00720440130,2025-07-12,portail_client
3398,Nord Technologies NV,SE,SE201660745501,2025-09-05,import_fournisseur
3399,Granit Trading SAS,FR,FR70669642847,2024-03-23,crm
3400,Lusitania Industries SA,IT,25109377132,2025-04-24,portail_client
3401,Delta Consulting GmbH,PT,PT 1875 55966,2024-01-02,crm
3402,Cobalt Services NV,PT,PT3421635588,2025-06-16,import_fournisseur
3403,Lumen Services AB,IT,IT71163433809,2025-05-18,reprise_erp
3404,Metallo Trading Lda,QQ,QQ154340319801,2024-10-12,reprise_erp
3405,Textil Trading SpA,DK,DK 1439 5342,2025-03-13,import_fournisseur
3406,Global Logistics Oy,PL,PL3950632087,2025-05-12,crm
3407,Global Trading A/S,BE,BE1136223095,2024-11-17,portail_client
3408,Vertex Technologies Sp. z o.o.,IT,IT22288742814,2024-07-10,saisie_manuelle
3409,Solaris Industries NV,PL,PL7454581295,2025-01-13,portail_client
3410,Nord Logistics NV,PT,PT084544487,2024-07-14,portail_client
3411,Vertex Technologies SA,LU,LUM4268920,2024-09-03,saisie_manuelle
3412,Prima Logistics NV,BE,BE1614406731,2024-02-29,reprise_erp
3413,Lusitania Services SAS,GB,GB57697763113,2024-02-05,crm
3414,Delta Technologies A/S,FR,FR5062410182,2025-09-23,portail_client
3415,Vela Materials SAS,UK,uk26062918,2024-01-30,crm
3416,Textil Transports GmbH,LU,LU98209367,2024-02-27,portail_client
3417,Batavia Foods A/S,PL,PL6010013900,2025-09-05,saisie_manuelle
3418,Global Materials SARL,UK,UK79901571,2024-01-27,import_fournisseur
3419,Lumen Materials SpA,PT,PT957380801,2025-02-25,import_fournisseur
3420,Hanse Foods SAS,BE,BE0125734170,2024-08-09,reprise_erp
3421,Hanse Foods Oy,BE,BE1685654819,2025-01-03,import_fournisseur
3422,Solaris Materials SA,SE,-,2025-09-09,import_fournisseur
3423,Vela Logistics SpA,SE,SE435187627301,2024-03-07,portail_client
3424,Vela Technologies SpA,PT,PT938404148,2024-05-20,crm
3425,Alpine Materials NV,BE,BE1M76517102,2025-03-30,saisie_manuelle
3426,Baltic Materials SARL,PL,PL 4620 005985,2025-07-24,reprise_erp
3427,Orion Consulting Sp. z o.o.,FR,79738023132,2025-01-11,reprise_erp
3428,Solaris Industries SpA,UK,UK885077008,2024-08-10,reprise_erp
3429,Meridian Consulting SA,LU,LU.18464458,2025-07-03,crm
3430,Atlantic Technologies Lda,DK,dk63457833,2025-04-27,saisie_manuelle
3431,Textil Industries SAS,LU,LU93782532,2024-05-30,saisie_manuelle
3432,Kappa Transports SAS,FI,FI27519283,2025-09-23,saisie_manuelle
3433,Hanse Logistics SARL,FI,FI10792363,2024-11-24,crm
3434,Hanse Services GmbH,PL,PL8679928563,2025-06-05,portail_client
3435,Vela Logistics NV,NL,NL401066423B59,2024-06-20,reprise_erp
3436,Cobalt Foods Lda,BE,BE0492504438,2025-07-11,saisie_manuelle
3437,Lusitania Transports A/S,FR,FR65797063580,2024-11-05,saisie_manuelle
3438,Vela Technologies Sp. z o.o.,FR,FR7027800111,2024-05-29,saisie_manuelle
3439,Alpine Distribution SAS,LU,LU61644228,2024-12-14,reprise_erp
3440,Corvus Consulting SARL,FR,FR-71202121377,2024-10-25,import_fournisseur
3441,Ardent Materials A/S,FI,FI97859056,2025-09-20,portail_client
3442,Hanse Consulting NV,PT,PT879715758,2024-09-05,crm
3443,Azur Industries Sp. z o.o.,BE,BE11911130825,2024-07-09,reprise_erp
3444,Papyrus Distribution GmbH,DK,DK71862720,2024-08-12,saisie_manuelle
3445,Global Distribution AB,PL,PL8987523078,2024-02-27,reprise_erp
3446,Textil Services A/S,BE,1941680672,2025-04-02,saisie_manuelle
3447,Textil Distribution AB,NL,NL682320110B64,2025-09-02,reprise_erp
3448,Global Logistics SpA,FR,FR88179975539,2025-04-19,crm
3449,Corvus Transports SARL,DK,DK89883015,2024-08-17,crm
3450,Lumen Industries A/S,SE,SE41122J307701,2024-04-24,saisie_manuelle
3451,Baltic Trading SA,SE,SE290204043191,2024-02-07,crm
3452,Fabrica Materials Lda,BE,BE121650946,2024-12-31,saisie_manuelle
3453,Meridian Industries SAS,PL,1879571013,2025-02-16,saisie_manuelle
3454,Cobalt Industries BV,FI,FI32799486,2025-03-27,crm
3455,Delta Logistics A/S,BE,BE1306080650,2025-02-20,saisie_manuelle
3456,Corvus Materials AB,SE,SE1572851010016,2024-10-09,reprise_erp
3457,Batavia Logistics NV,NL,NL794835752BH6,2024-09-11,crm
3458,Delta Industries SA,SE,SE1944018496011,2025-02-13,portail_client
3459,Orion Foods SpA,PT,PT-721305768,2025-03-30,crm
3460,Metallo Materials NV,SE,433700921301,2024-06-13,import_fournisseur
3461,Kappa Trading SAS,FI,FI207177117,2024-07-26,portail_client
3462,Textil Services GmbH,PL,PL3578487448,2024-03-25,portail_client
3463,Lumen Consulting BV,DK,42011061,2024-01-30,saisie_manuelle
3464,Baltic Logistics AB,NL,NL-059180122B52,2025-04-04,portail_client
3465,Atlantic Trading Sp. z o.o.,NL,370158271B83,2025-07-08,crm
3466,Atlantic Foods SARL,XX,XX4444987363,2024-06-09,import_fournisseur
3467,Solaris Technologies BV,FI,47061660,2024-10-20,crm
3468,Nord Technologies BV,UK,UK0438464150,2024-05-05,reprise_erp
3469,Orion Industries Lda,DK,DK17383167,2024-12-03,reprise_erp
3470,Cobalt Foods AB,SE,SE52121259090,2024-06-17,import_fournisseur
3471,Cobalt Services SARL,DK,DK65235463,2024-05-28,reprise_erp
3472,Solaris Services GmbH,BE,BE 0804 675178,2024-10-13,reprise_erp
3473,Granit Materials AB,FI,FI82987776,2024-06-24,saisie_manuelle
3474,Metallo Consulting NV,NL,NL285418300B25,2025-03-05,reprise_erp
3475,Kappa Logistics SARL,LU,LU42922870,2024-12-21,reprise_erp
3476,Batavia Industries SA,FR,FR51530049044,2024-06-19,crm
3477,Prima Transports NV,LU,lu21538101,2025-05-07,reprise_erp
3478,Hanse Materials NV,BE,BE0783369219,2025-09-01,saisie_manuelle
3479,Kappa Materials SA,BE,BE0526724450,2025-06-09,saisie_manuelle
3480,Global Foods Sp. z o.o.,FR,FR20764950183,2024-08-12,import_fournisseur
3481,Vertex Consulting A/S,FR,95612094601,2024-05-17,portail_client
3482,Vela Services SA,PL,PL5578149209,2024-03-30,portail_client
3483,Delta Materials A/S,FR,FR39331137833,2024-10-28,crm
3484,Prima Foods BV,BE,BE1911458442,2024-06-25,saisie_manuelle
3485,Solaris Trading Oy,FI,FI11414436,2025-04-01,portail_client
3486,Verso Distribution A/S,SE,se980721039601,2024-02-10,saisie_manuelle
3487,Orion Technologies A/S,SE,se605818750801,2025-01-31,crm
3488,Vertex Foods SA,IT,IT52042085358,2025-02-11,portail_client
3489,Atlantic Services SAS,PL,PL1471183207,2024-03-15,reprise_erp
3490,Azur Consulting Sp. z o.o.,IT,IT32693786108,2024-03-16,portail_client
3491,Solaris Services A/S,NL,NL-929325230B44,2024-04-19,saisie_manuelle
3492,Vertex Foods SpA,FR,FR 6358 7403305,2024-11-20,saisie_manuelle
3493,Verso Distribution AB,SE,SE752814659501,2025-09-26,reprise_erp
3494,Batavia Logistics GmbH,FI,FI14249333,2025-03-16,import_fournisseur
3495,Cobalt Technologies SpA,IT,IT93554743869,2024-03-22,reprise_erp
3496,Lumen Consulting GmbH,PL,  PL7355091833 ,2024-01-01,portail_client
3497,Metallo Materials Sp. z o.o.,DK,DK53357687,2024-04-15,portail_client
3498,Delta Transports Sp. z o.o.,FI,FI00557677,2025-09-27,reprise_erp
3499,Delta Distribution SAS,IT,IT25990073709,2024-11-10,crm
3500,Ardent Services SARL,PL,PL1470806681,2024-05-09,saisie_manuelle
3501,Baltic Trading SpA,PL,PL7849225498,2024-07-10,import_fournisseur
3502,Cobalt Consulting SAS,BE,  BE1710621328 ,2024-02-06,import_fournisseur
3503,Textil Materials Sp. z o.o.,NL,  NL686747926B36 ,2024-03-03,reprise_erp
3504,Granit Industries Lda,DK,DK26527120,2024-02-21,saisie_manuelle
3505,Ardent Foods Oy,BE,BE0286986970,2025-01-18,saisie_manuelle
3506,Verso Foods A/S,NL,  NL360867340B104 ,2024-05-11,reprise_erp
3507,Cobalt Materials Oy,NL,NLO78980073B87,2025-09-23,portail_client
3508,Metallo Consulting SpA,FR,FR9K477821444,2024-11-15,import_fournisseur
3509,Prima Services Sp. z o.o.,LU,LU 4356 4478,2025-08-10,portail_client
3510,Textil Trading SAS,QQ,QQ964068284601,2025-05-10,import_fournisseur
3511,Solaris Services NV,IT,IT22489248389,2024-03-13,import_fournisseur
3512,Delta Transports NV,PT,PT378373340,2024-04-30,import_fournisseur
3513,Solaris Transports SA,BE,BE1881533744,2024-03-29,reprise_erp
3514,Kappa Foods A/S,SE,se715972509701,2025-08-30,portail_client
3515,Lumen Distribution GmbH,PT,PT696805987,2025-04-14,portail_client
3516,Baltic Foods BV,NL,NL672081477B11,2024-05-22,crm
3517,Lumen Technologies BV,SE,SE653349048K01,2024-02-02,import_fournisseur
3518,Hanse Materials SARL,SE,SE011939957801,2025-06-06,reprise_erp
3519,Ardent Technologies NV,FR,  FR16653699847 ,2025-07-17,crm
3520,Azur Consulting BV,DK,DK-00981397,2024-12-15,crm
3521,Atlantic Trading GmbH,SE,SE.740572154401,2024-06-09,crm
3522,Atlantic Technologies SARL,NL,  NL624779208B58 ,2024-07-11,reprise_erp
3523,Batavia Trading AB,LU,LU487M7342,2025-09-30,saisie_manuelle
3524,Prima Industries SpA,DK,DK00050768,2024-06-02,import_fournisseur
3525,Metallo Consulting AB,PL,PL9870210424,2024-10-02,import_fournisseur
3526,Baltic Industries GmbH,PT,514947063,2025-06-14,import_fournisseur
3527,Ardent Industries A/S,PL,PL3440083061,2025-04-16,reprise_erp
3528,Metallo Logistics Sp. z o.o.,IT,IT16183324223,2025-07-22,crm
3529,Global Technologies SAS,FI,FI2784201,2025-01-04,crm
3530,Fabrica Materials Sp. z o.o.,FR,FR17522942845,2024-06-07,saisie_manuelle
3531,Vertex Transports Oy,BE,BE-0967293995,2024-12-27,saisie_manuelle
3532,Prima Logistics Sp. z o.o.,PL,PL1183723220,2025-08-27,crm
3533,Metallo Foods A/S,FI,FI.00550492,2025-07-07,saisie_manuelle
3534,Baltic Distribution Oy,FI,FI67597892,2025-01-26,portail_client
3535,Batavia Distribution SpA,LU,LU58490384,2024-05-04,portail_client
3536,Batavia Materials Oy,NL,NL186086234B012,2025-06-18,saisie_manuelle
3537,Delta Services A/S,FI,FI60964717,2025-08-09,crm
3538,Vertex Technologies NV,DK,DK-41277211,2024-05-22,crm
3539,Atlantic Industries Lda,NL,NL692865287B62,2024-12-03,import_fournisseur
3540,Baltic Distribution AB,FR,FR92603752406,2025-06-08,saisie_manuelle
3541,Delta Industries BV,PL,PL9073327591,2024-11-09,import_fournisseur
3542,Alpine Logistics A/S,LU,LU47239370,2024-10-08,reprise_erp
3543,Prima Foods GmbH,PL,PL3764246471,2025-03-04,import_fournisseur
3544,Textil Distribution A/S,FR,FR12361019032,2024-02-04,reprise_erp
3545,Granit Consulting SAS,ZZ,ZZ318883562,2025-04-29,reprise_erp
3546,Atlantic Transports NV,PL,PL8K09521177,2024-12-30,import_fournisseur
3547,Alpine Logistics SARL,BE,BE1183640916,2024-12-15,portail_client
3548,Verso Foods SA,PL,PL3799986397,2025-08-01,crm
3549,Vertex Logistics Oy,PL,PL4468486715,2024-07-09,reprise_erp
3550,Baltic Industries BV,NL,NL420903896B71,2024-08-14,import_fournisseur
3551,Kappa Logistics Sp. z o.o.,SE,SE456719393501,2025-03-14,reprise_erp
3552,Orion Services Lda,NL,NL511306349B77,2024-12-19,crm
3553,Delta Distribution SpA,BE,  BE0946549457 ,2024-12-25,crm
3554,Vela Services SpA,LU,  LU42547151 ,2025-06-11,portail_client
3555,Ardent Services A/S,FI,FI68261565,2025-01-23,crm
3556,Kappa Foods NV,FR,N/A,2025-01-12,portail_client
3557,Meridian Distribution AB,SE,SE5561771915017,2025-06-01,saisie_manuelle
3558,Hanse Services Oy,LU,-,2025-02-15,reprise_erp
3559,Lumen Industries SARL,IT,IT.06676214874,2024-03-20,crm
3560,Vertex Consulting SA,IT,IT.72492360010,2025-08-25,portail_client
3561,Papyrus Consulting SA,SE,SE59511254170,2025-04-21,portail_client
3562,Cobalt Logistics GmbH,ZZ,ZZ64847171310,2024-11-05,portail_client
3563,Nord Transports GmbH,DK,DK12116G69,2025-01-24,crm
3564,Fabrica Trading SAS,PL,PL2569405251,2024-08-18,crm
3565,Batavia Services BV,PT,PT408075302,2024-07-22,portail_client
3566,Batavia Trading AB,PT,PT937766976,2024-07-17,crm
3567,Alpine Industries GmbH,PT,PT894151967,2024-02-07,portail_client
3568,Meridian Materials NV,SE,SE214454907401,2024-06-15,saisie_manuelle
3569,Meridian Trading SpA,LU,LU.87710611,2025-01-07,portail_client
3570,Orion Transports BV,DK,  DK74766994 ,2024-08-18,portail_client
3571,Fabrica Consulting SARL,PT,PT598527133,2025-06-21,reprise_erp
3572,Alpine Foods Sp. z o.o.,DK,DK21594138,2024-08-12,import_fournisseur
3573,Fabrica Logistics SpA,LU,LU11799371,2024-07-07,portail_client
3574,Batavia Foods SAS,XX,XX32693892740,2024-02-18,import_fournisseur
3575,Ardent Foods Oy,DK,dk91970813,2024-02-28,portail_client
3576,Kappa Trading AB,SE,SE74293215600,2024-09-15,import_fournisseur
3577,Delta Distribution A/S,SE,SE742215109901,2025-01-21,reprise_erp
3578,Kappa Materials SARL,PL,PL2650637766,2025-07-03,import_fournisseur
3579,Cobalt Distribution SA,QQ,QQ 2715 2196005,2025-02-01,portail_client
3580,Atlantic Consulting BV,BE,BE0935474829,2025-07-08,crm
3581,Hanse Trading AB,PL,PL.3645026411,2024-11-14,import_fournisseur
3582,Metallo Trading SARL,FI,FI16458626,2025-04-22,import_fournisseur
3583,Atlantic Distribution Lda,FR,  FR73278261463 ,2025-04-18,crm
3584,Meridian Industries SA,PT,PT 9663 10110,2024-05-25,reprise_erp
3585,Corvus Services GmbH,LU,LU.86803619,2024-03-30,saisie_manuelle
3586,Orion Industries A/S,GB,GB148437460,2025-05-26,crm
3587,Baltic Logistics SAS,NL,NL-664535732B02,2025-05-23,saisie_manuelle
3588,Papyrus Trading Oy,FR,FR22180441796,2024-01-02,import_fournisseur
3589,Meridian Logistics NV,NL,NL192606412B97,2024-09-03,reprise_erp
3590,Metallo Services BV,IT,  IT17765129287 ,2024-08-20,portail_client
3591,Corvus Services BV,FR,FR82833759029,2024-03-15,portail_client
3592,Vertex Logistics BV,XX,XX580595353B04,2025-06-08,reprise_erp
3593,Hanse Services Oy,DK,-,2025-05-16,crm
3594,Lumen Materials SA,FI,FI-20618852,2024-07-11,saisie_manuelle
3595,Textil Foods SA,FI,17199124,2025-02-05,saisie_manuelle
3596,Azur Services BV,PT,763679062,2024-05-17,reprise_erp
3597,Solaris Transports SpA,NL,NL221816276B31,2024-07-06,portail_client
3598,Textil Technologies Lda,FR,14992459801,2025-09-23,portail_client
3599,Lusitania Trading NV,PL,PL-3556936637,2024-04-22,crm
3600,Textil Services SpA,FR,FR26532186527,2024-06-22,reprise_erp
3601,Atlantic Foods Lda,IT,IT15284646921,2024-04-04,portail_client
3602,Verso Services Sp. z o.o.,PL,PL4524938473,2025-04-24,crm
3603,Baltic Trading Sp. z o.o.,NL,NL786350453B14,2024-03-20,portail_client
3604,Nord Industries SpA,FI,FI42140758,2025-01-04,saisie_manuelle
3605,Metallo Technologies SARL,DK,DK03140210,2024-03-16,import_fournisseur
3606,Orion Transports SAS,PL,PL5336963969,2024-03-07,import_fournisseur
3607,Textil Transports SpA,SE,090942330301,2024-07-02,crm
3608,Global Distribution GmbH,DK,DK56644997,2024-05-09,crm
3609,Corvus Industries Sp. z o.o.,PT,PT.886802458,2025-01-31,saisie_manuelle
3610,Delta Distribution SpA,QQ,QQ67784714272,2025-04-13,portail_client
3611,Global Distribution AB,BE,BE0464216462,2024-05-21,saisie_manuelle
3612,Solaris Distribution A/S,IT,IT95255977396,2024-11-22,saisie_manuelle
3613,Granit Consulting A/S,IT,IT61636228274,2024-12-29,reprise_erp
3614,Textil Technologies BV,FI,FI12441567,2024-07-22,portail_client
3615,Orion Industries SARL,NL,255867888B58,2024-06-14,crm
3616,Metallo Industries Sp. z o.o.,NL,NL322629792B05,2025-03-24,portail_client
3617,Fabrica Technologies SA,ZZ,ZZ39365203748,2024-11-25,saisie_manuelle
3618,Cobalt Transports SpA,IT,89911998659,2025-06-09,saisie_manuelle
3619,Delta Trading Lda,BE,BE 0249 411249,2024-06-21,portail_client
3620,Global Consulting BV,FR,22579856659,2024-02-25,crm
3621,Azur Foods Lda,BE,BE0634003183,2025-07-27,reprise_erp
3622,Corvus Technologies SAS,BE,BE195H055550,2025-05-07,crm
3623,Ardent Trading A/S,FR,FR94839322662,2025-03-07,crm
3624,Batavia Consulting Oy,LU,LU69238675,2025-02-19,saisie_manuelle
3625,Global Services SARL,ZZ,ZZ60838267,2025-06-16,reprise_erp
3626,Ardent Technologies Sp. z o.o.,PT,PT845672894,2025-03-28,reprise_erp
3627,Vela Logistics SA,FI,FI97259084,2025-01-01,import_fournisseur
3628,Atlantic Technologies Oy,BE,BE04986374089,2025-06-12,portail_client
3629,Lusitania Services SA,PT,  PT659351374 ,2025-01-21,import_fournisseur
3630,Global Technologies BV,LU,LU50685904,2024-04-09,import_fournisseur
3631,Vertex Consulting AB,FI,FI42261486,2024-04-15,crm
3632,Nord Consulting AB,NL,602488205B76,2024-03-24,crm
3633,Meridian Services Sp. z o.o.,NL,NL242496435B99,2025-04-21,portail_client
3634,Hanse Technologies NV,IT,IT.99916337340,2024-01-14,crm
3635,Batavia Technologies SAS,NL,NL774709212B71,2025-02-16,import_fournisseur
3636,Hanse Technologies Oy,DK,DK14382909,2024-10-23,crm
3637,Delta Technologies SAS,LU,LU 8778 9802,2025-01-16,portail_client
3638,Granit Distribution Sp. z o.o.,PT,PT.112217699,2024-02-25,crm
3639,Vela Industries Lda,PL,PL1557490800,2025-07-21,import_fournisseur
3640,Lusitania Services SpA,FR,fr94234291564,2024-10-02,portail_client
3641,Meridian Consulting SpA,FR,FR27168712341,2025-02-10,portail_client
3642,Fabrica Foods NV,FR,77995902158,2025-06-19,reprise_erp
3643,Baltic Trading SARL,DK,DK 3113 7160,2025-09-17,import_fournisseur
3644,Vela Materials Oy,FR,FR13607107254,2024-04-19,crm
3645,Atlantic Technologies GmbH,DK,DK74544797,2025-02-21,reprise_erp
3646,Lusitania Trading SAS,PL,PL3421559195,2025-06-23,reprise_erp
3647,Cobalt Industries A/S,SE,SE864512769001,2024-11-09,crm
3648,Azur Distribution A/S,DK,DK46603818,2024-10-02,portail_client
3649,Ardent Foods Lda,LU,LU-28487676,2025-02-07,portail_client
3650,Ardent Materials BV,SE,SE328575176801,2025-04-02,reprise_erp
3651,Fabrica Foods Oy,FI,FI04291917,2024-12-01,reprise_erp
3652,Fabrica Transports Oy,PT,PT10136276,2025-06-06,crm
3653,Fabrica Consulting NV,BE,BE1919894270,2024-07-19,portail_client
3654,Alpine Technologies AB,LU,LU3804072,2024-07-05,reprise_erp
3655,Lusitania Technologies NV,LU,lu23703225,2024-12-20,portail_client
3656,Hanse Consulting BV,PL,PL4844286627,2025-05-28,reprise_erp
3657,Lumen Consulting AB,SE,SE270068743301,2025-04-19,portail_client
3658,Global Trading Sp. z o.o.,FR,FR75830830726,2025-04-06,reprise_erp
3659,Kappa Foods SA,SE,SE-920498985001,2025-02-03,crm
3660,Granit Transports GmbH,IT,IT.83618989954,2025-03-25,reprise_erp
3661,Fabrica Foods A/S,SE,SE 2511 99016601,2025-04-27,import_fournisseur
3662,Global Services SA,SE,SE745522298901,2024-04-15,portail_client
3663,Hanse Foods AB,FR,FR37518292316,2024-04-07,portail_client
3664,Verso Foods SpA,DK,DK2856357,2024-07-12,portail_client
3665,Lumen Distribution SA,FI,FI10525129,2025-04-21,import_fournisseur
3666,Atlantic Services NV,FR,FR18129194107,2025-09-22,reprise_erp
3667,Cobalt Foods A/S,BE,BE0348776565,2025-01-24,import_fournisseur
3668,Lumen Industries SA,IT,IT98456042575,2025-01-28,reprise_erp
3669,Cobalt Transports SA,FI,FI-85390641,2024-12-25,crm
3670,Verso Technologies NV,ZZ,ZZ49815204,2024-09-02,saisie_manuelle
3671,Lusitania Services Lda,PT,PT564889376,2024-12-16,saisie_manuelle
3672,Global Foods Oy,NL,NL228485696B70,2024-08-13,crm
3673,Nord Distribution SAS,LU,LU29927860,2024-11-03,crm
3674,Azur Services GmbH,PL,pl6595884171,2025-01-22,crm
3675,Vela Trading Sp. z o.o.,FR,FR74238444570,2024-11-08,saisie_manuelle
3676,Delta Transports AB,NL,  NL622445182B06 ,2024-05-19,portail_client
3677,Prima Distribution Oy,BE,BE1176931286,2024-04-04,import_fournisseur
3678,Cobalt Foods Oy,FI,FI160952946,2024-06-13,crm
3679,Meridian Industries Lda,BE,BE.0477573065,2025-08-27,reprise_erp
3680,Cobalt Industries SA,PL,PL4628729204,2024-08-16,portail_client
3681,Fabrica Services AB,NL,  580569925B77 ,2024-11-27,saisie_manuelle
3682,Meridian Consulting Lda,DK,DK-62554185,2024-03-31,portail_client
3683,Papyrus Distribution SARL,FR,FR17885355506,2024-07-06,reprise_erp
3684,Vela Materials AB,QQ,QQ55950181233,2025-08-21,saisie_manuelle
3685,Granit Distribution SAS,NL,nl052509977b51,2025-09-26,crm
3686,Verso Logistics Sp. z o.o.,LU,LU86193357,2024-05-01,portail_client
3687,Textil Logistics A/S,DK,DK3J572873,2025-03-28,portail_client
3688,Cobalt Trading SpA,FR,FR.90385251822,2025-06-30,crm
3689,Meridian Services Lda,IT,IT42339780821,2025-05-07,saisie_manuelle
3690,Corvus Consulting Lda,PT,  PT883211360 ,2024-03-29,portail_client
3691,Verso Trading A/S,DK,DK25172567,2024-08-01,portail_client
3692,Papyrus Consulting BV,NL,862182177B84,2025-08-12,import_fournisseur
3693,Metallo Logistics BV,LU,LU47121044,2025-07-28,import_fournisseur
3694,Granit Materials Lda,BE,BE.0364677042,2024-04-09,import_fournisseur
3695,Textil Transports Lda,DK,DK79086746,2025-06-24,portail_client
3696,Alpine Transports BV,QQ,QQ97353127,2024-01-18,saisie_manuelle
3697,Corvus Materials SAS,FR,FR40737819225,2024-07-13,portail_client
3698,Alpine Logistics AB,IT,IT0568967G204,2024-10-23,crm
3699,Ardent Transports SAS,FI,,2025-01-19,crm
3700,Baltic Distribution Oy,LU,LU17910840,2025-07-14,portail_client
3701,Ardent Logistics Oy,FI,89506314,2025-09-12,import_fournisseur
3702,Azur Transports Lda,SE,SE-443889905801,2025-07-08,saisie_manuelle
3703,Cobalt Technologies AB,PT,PT919111738,2024-05-07,import_fournisseur
3704,Corvus Technologies GmbH,PT,PT217050328,2024-10-21,portail_client
3705,Textil Materials AB,IT,IT16730179509,2025-01-08,saisie_manuelle
3706,Lumen Materials Oy,LU,15204432,2025-06-16,reprise_erp
3707,Atlantic Distribution GmbH,PL,PL9878663705,2024-01-01,import_fournisseur
3708,Hanse Transports BV,SE,SE466552381901,2025-02-07,reprise_erp
3709,Hanse Logistics AB,NL,NL022346909B39,2025-01-17,portail_client
3710,Vela Materials SAS,UK,UK.26062918,2025-08-27,portail_client
3711,Vertex Foods Lda,PT,  PT451244796 ,2024-04-15,reprise_erp
3712,Corvus Industries A/S,BE,be0562614252,2025-05-27,portail_client
3713,Granit Services Sp. z o.o.,SE,se311274758301,2025-07-31,crm
3714,Hanse Consulting AB,IT,IT 3714 4937150,2024-04-17,import_fournisseur
3715,Papyrus Industries SA,BE,0282330178,2024-01-18,crm
3716,Global Trading NV,BE,BE1399906968,2025-02-27,portail_client
3717,Metallo Logistics A/S,QQ,QQ73091233,2024-01-27,reprise_erp
3718,Baltic Logistics AB,DK,dk60630461,2024-01-24,portail_client
3719,Vela Services NV,BE,be0311878358,2025-03-16,crm
3720,Nord Logistics SA,LU,N/A,2024-03-23,crm
3721,Prima Transports SAS,LU,LU14319342,2024-03-21,crm
3722,Lumen Technologies Sp. z o.o.,SE,SE040779706101,2024-10-02,import_fournisseur
3723,Orion Materials A/S,SE,SE266701591301,2024-10-01,saisie_manuelle
3724,Corvus Consulting Lda,SE,SE-740053705101,2024-12-26,crm
3725,Alpine Foods GmbH,FI,12179634,2025-04-19,crm
3726,Papyrus Transports SAS,NL,NL521650276B47,2025-07-30,import_fournisseur
3727,Granit Transports AB,PL,PL9355113281,2024-04-05,reprise_erp
3728,Metallo Technologies SA,PT,PT7505J4098,2024-04-27,crm
3729,Vela Logistics SAS,BE,BE1781885743,2025-07-08,import_fournisseur
3730,Delta Distribution SA,SE,SE491546862501,2024-04-09,reprise_erp
3731,Ardent Distribution AB,FR,FR.96579633519,2025-04-21,import_fournisseur
3732,Orion Trading SA,FR,  FR00887057333 ,2024-03-28,crm
3733,Solaris Technologies GmbH,PL,PL4007548594,2025-07-23,reprise_erp
3734,Metallo Foods Sp. z o.o.,NL,NL672967637B69,2025-03-16,portail_client
3735,Alpine Services SA,LU,  LU46715785 ,2024-12-22,crm
3736,Lumen Consulting GmbH,DK,DK67075749,2024-10-26,saisie_manuelle
3737,Global Services GmbH,BE,BE0675387640,2025-06-08,reprise_erp
3738,Batavia Consulting Sp. z o.o.,PT,PT789581205,2024-11-19,import_fournisseur
3739,Corvus Foods Sp. z o.o.,PT,PT136161391,2025-07-22,portail_client
3740,Nord Foods SA,IT,IT19455198857,2024-11-14,saisie_manuelle
3741,Metallo Distribution AB,NL,NL36189G005B26,2024-07-22,portail_client
3742,Granit Distribution AB,PL,PL-1308330977,2024-05-21,portail_client
3743,Metallo Trading Lda,IT,IT01393338817,2025-07-30,import_fournisseur
3744,Verso Trading SAS,NL,NL159593931B09,2024-11-09,reprise_erp
3745,Azur Industries A/S,FI,FI79728028,2025-05-27,portail_client
3746,Meridian Foods SAS,FI,  FI17564371 ,2024-05-30,crm
3747,Solaris Distribution GmbH,DK,DK95617823,2025-08-23,crm
3748,Nord Logistics Oy,LU,LU82928370,2024-04-21,portail_client
3749,Azur Consulting Lda,LU,LU64984647,2025-08-27,reprise_erp
3750,Batavia Consulting SARL,IT,  IT72191124964 ,2024-10-21,crm
3751,Delta Technologies BV,LU,LU57548309,2024-04-24,portail_client
3752,Ardent Logistics Lda,BE,BE1460618971,2025-04-17,import_fournisseur
3753,Lumen Consulting Lda,PL,2527098475,2024-07-01,saisie_manuelle
3754,Kappa Materials Lda,IT,IT33106748248,2025-07-11,reprise_erp
3755,Kappa Foods A/S,NL,NL113285139B39,2024-09-28,portail_client
3756,Hanse Materials SAS,BE,BE 1499 907733,2024-01-03,saisie_manuelle
3757,Baltic Materials Lda,GB,GB88207823,2024-03-21,saisie_manuelle
3758,Verso Materials NV,BE,BE0436079531,2024-12-07,crm
3759,Papyrus Transports SAS,PT,PT980546478,2025-02-17,import_fournisseur
3760,Metallo Materials SA,FR,FR42916423321,2024-11-22,crm
3761,Solaris Transports Oy,PT,PT675368170,2025-04-21,crm
3762,Prima Consulting SA,BE,BE157H084218,2025-08-18,portail_client
3763,Vela Materials A/S,IT,IT75271110613,2024-04-03,reprise_erp
3764,Granit Trading GmbH,PL,PL4179798035,2024-05-11,saisie_manuelle
3765,Baltic Technologies BV,IT,IT07482183618,2025-07-07,reprise_erp
3766,Nord Services SpA,PT,N/A,2024-04-14,saisie_manuelle
3767,Vertex Technologies SAS,IT,IT31195163881,2024-03-17,import_fournisseur
3768,Alpine Transports SAS,PL,PL65241396328,2025-08-08,import_fournisseur
3769,Vertex Technologies Lda,PT,PT49370154,2025-07-13,import_fournisseur
3770,Papyrus Consulting A/S,SE,SE552860604801,2025-04-28,reprise_erp
3771,Meridian Logistics GmbH,IT,IT10573858411,2025-07-15,crm
3772,Hanse Distribution SA,FR,FR.11591700614,2025-03-29,import_fournisseur
3773,Lusitania Transports NV,FR,FR00265369007,2024-08-02,reprise_erp
3774,Fabrica Transports SARL,NL,665659362B51,2025-04-15,portail_client
3775,Lusitania Logistics SAS,NL, ,2024-03-09,crm
3776,Granit Technologies A/S,SE,SE201522220701,2025-06-25,portail_client
3777,Hanse Foods NV,FI,FI11254962,2024-09-30,portail_client
3778,Hanse Technologies BV,DK,DK81358117,2024-07-19,saisie_manuelle
3779,Alpine Industries AB,PL,pl8121224895,2025-04-06,crm
3780,Verso Trading Sp. z o.o.,BE,BE0197387674,2025-06-12,saisie_manuelle
3781,Atlantic Technologies BV,BE,1458974228,2024-05-12,crm
3782,Orion Services SpA,FI,FI66435623,2024-01-02,portail_client
3783,Metallo Technologies SARL,SE,SE990739886201,2025-08-05,crm
3784,Orion Materials AB,NL,NL-022369740B80,2024-05-10,import_fournisseur
3785,Meridian Distribution SpA,BE,BE 1724 770361,2025-09-05,saisie_manuelle
3786,Alpine Materials NV,LU,LU81893641,2025-01-25,saisie_manuelle
3787,Baltic Materials SARL,NL,NL899326948B05,2024-06-07,reprise_erp
3788,Nord Trading BV,NL,NL793587918B98,2024-01-12,crm
3789,Lumen Consulting SpA,FR,FR38775073497,2025-08-16,crm
3790,Solaris Foods NV,QQ,QQ119983837B35,2024-02-04,reprise_erp
3791,Lusitania Materials Oy,SE,SE696392888901,2024-12-28,saisie_manuelle
3792,Orion Foods AB,PT,PT955299764,2024-02-10,portail_client
3793,Vela Foods AB,FR,FR25941805661,2025-08-22,crm
3794,Meridian Consulting SA,PT,PT949337153,2024-12-04,import_fournisseur
3795,Nord Transports GmbH,NL,  NL433589516B06 ,2025-01-30,import_fournisseur
3796,Papyrus Industries SpA,PL,PL1896106750,2025-07-30,portail_client
3797,Solaris Materials GmbH,PT,PT701713585,2024-05-02,portail_client
3798,Granit Materials BV,DK,DK08949271,2024-07-15,portail_client
3799,Alpine Technologies NV,FR,FR69719252594,2024-07-27,portail_client
3800,Kappa Technologies NV,BE,null,2024-01-12,crm
3801,Solaris Logistics Oy,NL, ,2025-02-23,reprise_erp
3802,Prima Services Sp. z o.o.,SE,SE371568714501,2024-02-14,reprise_erp
3803,Atlantic Technologies SpA,IT,IT66002675479,2025-05-23,crm
3804,Fabrica Materials GmbH,PL,PL4924334431,2025-07-13,import_fournisseur
3805,Hanse Logistics SAS,DK,DK62306090,2024-01-26,reprise_erp
3806,Corvus Materials Sp. z o.o.,DK,  DK67596013 ,2025-06-12,saisie_manuelle
3807,Vertex Transports BV,IT,IT8671232442,2024-03-19,reprise_erp
3808,Metallo Transports AB,PL,PL4363015354,2025-07-16,crm
3809,Verso Foods SARL,DK,DK274291060,2024-11-23,crm
3810,Fabrica Foods A/S,PT,pt920391613,2025-04-13,reprise_erp
3811,Batavia Industries A/S,FR,FR26239920273,2024-01-30,saisie_manuelle
3812,Fabrica Transports GmbH,SE,SE075130234001,2024-06-28,portail_client
3813,Metallo Transports SA,FI,FI95241236,2024-03-23,portail_client
3814,Corvus Logistics Lda,PL,PL-9164660089,2025-02-10,portail_client
3815,Granit Industries AB,PL,PL5487218809,2024-05-18,saisie_manuelle
3816,Azur Industries NV,NL,NL892982196B33,2025-08-20,crm
3817,Granit Transports SpA,LU,41786712,2024-11-20,import_fournisseur
3818,Batavia Technologies GmbH,PL,PL5439304244,2025-09-21,reprise_erp
3819,Azur Foods SA,BE,null,2025-03-12,reprise_erp
3820,Verso Industries AB,NL,NL062228912B37,2025-05-13,crm
3821,Azur Logistics A/S,FR,FR.52203860807,2024-05-22,import_fournisseur
3822,Batavia Industries SAS,FI,FI01435305,2024-05-14,reprise_erp
3823,Global Services SA,PT,PT.548698570,2024-01-13,saisie_manuelle
3824,Vela Foods SARL,PL,PL8367244160,2024-12-18,reprise_erp
3825,Textil Logistics SAS,BE,BE174294192,2024-06-25,import_fournisseur
3826,Baltic Technologies SAS,BE,BE16078K7638,2024-08-08,saisie_manuelle
3827,Vertex Transports SpA,FI,FI65244233,2024-10-10,portail_client
3828,Hanse Transports BV,DK,DK-92564444,2024-10-24,saisie_manuelle
3829,Alpine Technologies SARL,LU,LU28740019,2024-10-05,import_fournisseur
3830,Textil Transports Lda,LU,LU23211188,2024-07-10,crm
3831,Textil Materials Sp. z o.o.,PT,PT777597888,2025-05-28,reprise_erp
3832,Kappa Logistics Oy,SE,SE342108454601,2024-04-07,import_fournisseur
3833,Solaris Transports NV,IT,IT3516806496,2025-09-23,reprise_erp
3834,Textil Technologies SpA,IT,IT97238267881,2024-03-05,crm
3835,Papyrus Materials NV,PL,PL9340452088,2024-11-08,import_fournisseur
3836,Delta Services SARL,PL,PL.7435768775,2024-11-06,portail_client
3837,Atlantic Foods Lda,NL,NL473165016B68,2024-05-02,portail_client
3838,Cobalt Materials AB,FR,FR71392536480,2024-05-10,portail_client
3839,Lusitania Logistics A/S,SE,SE466471776501,2024-07-11,portail_client
3840,Verso Distribution BV,LU,LU53084448,2024-08-10,portail_client
3841,Granit Consulting A/S,FR,FR-33760605040,2024-09-30,import_fournisseur
3842,Delta Transports Sp. z o.o.,BE,  BE1998823174 ,2024-04-12,import_fournisseur
3843,Verso Logistics Lda,NL,NL490254425B48,2024-08-21,portail_client
3844,Papyrus Technologies Oy,PL,PL.8193644477,2024-10-20,import_fournisseur
3845,Lusitania Transports SARL,IT,IT41955590892,2024-06-11,saisie_manuelle
3846,Corvus Services SA,FI,FI56526496,2024-02-20,saisie_manuelle
3847,Atlantic Industries SpA,LU,LU30392579,2024-01-31,import_fournisseur
3848,Fabrica Trading GmbH,DK,DK32333613,2024-05-23,portail_client
3849,Lumen Logistics AB,PT,PT974321087,2024-09-16,reprise_erp
3850,Metallo Transports Lda,IT,IT6513957691,2024-03-07,saisie_manuelle
3851,Fabrica Industries SARL,FR,FR-85135658954,2024-04-28,crm
3852,Kappa Foods BV,FR,FR84937844833,2024-12-07,crm
3853,Verso Logistics AB,SE,SE068405844901,2024-02-17,saisie_manuelle
3854,Meridian Distribution AB,BE,BE0838721988,2025-07-04,import_fournisseur
3855,Lusitania Trading SAS,DK,DK.55981892,2024-07-01,crm
3856,Baltic Technologies SARL,FI,fi91076421,2025-09-02,import_fournisseur
3857,Meridian Services SARL,BE,BE0891782078,2024-10-24,portail_client
3858,Fabrica Services Sp. z o.o.,UK,UK50353102549,2024-10-06,import_fournisseur
3859,Azur Technologies Oy,IT,  IT39340249836 ,2024-10-22,reprise_erp
3860,Global Distribution Oy,FR,FR35693729684,2024-06-17,crm
3861,Baltic Foods NV,BE,BE 1657 906479,2025-05-24,import_fournisseur
3862,Atlantic Technologies AB,NL,NL947726792B96,2025-01-03,portail_client
3863,Batavia Materials Sp. z o.o.,NL,NL77H142918B07,2024-11-20,import_fournisseur
3864,Kappa Consulting Sp. z o.o.,DK,DK753O6324,2024-06-07,portail_client
3865,Vela Foods Oy,LU,lu76023586,2024-06-20,import_fournisseur
3866,Atlantic Technologies SA,PL,PL5011976121,2025-03-31,crm
3867,Meridian Industries AB,IT,ITJ2554334834,2025-04-11,saisie_manuelle
3868,Nord Logistics Oy,PL,PL9112884668,2025-09-29,reprise_erp
3869,Prima Services A/S,SE,SE905117157301,2025-01-28,import_fournisseur
3870,Global Trading GmbH,PL,3494001085,2024-06-25,saisie_manuelle
3871,Atlantic Technologies Oy,PT,PT498689514,2024-06-21,reprise_erp
3872,Fabrica Consulting Lda,PT,PT257576347,2024-04-28,crm
3873,Batavia Distribution SA,PL,PL.6243975667,2024-02-03,crm
3874,Meridian Logistics SARL,IT,IT58081266338,2024-03-11,portail_client
3875,Prima Industries Lda,UK,UK746953136B93,2025-03-15,reprise_erp
3876,Cobalt Industries SAS,PL,PL-9127753307,2024-05-06,portail_client
3877,Metallo Trading SA,PL,PL4783544237,2024-03-29,reprise_erp
3878,Orion Industries SAS,FR,FR85403282633,2025-06-27,portail_client
3879,Nord Consulting SA,NL,951585411B15,2025-04-13,saisie_manuelle
3880,Granit Services AB,LU,LU32704438,2024-02-19,import_fournisseur
3881,Atlantic Industries NV,BE,BE1588046089,2024-02-05,saisie_manuelle
3882,Granit Technologies BV,IT,IT71564666168,2024-08-09,crm
3883,Baltic Materials GmbH,PT,N/A,2024-08-15,crm
3884,Global Trading NV,NL,  NL374317926B79 ,2025-03-15,portail_client
3885,Batavia Foods BV,FI,FI19341120,2025-06-16,reprise_erp
3886,Ardent Technologies SAS,NL,nl249783903b35,2025-01-04,portail_client
3887,Alpine Technologies Oy,LU,LU86053703,2025-03-13,crm
3888,Granit Foods AB,BE,BE-0393219588,2025-05-06,import_fournisseur
3889,Alpine Foods SARL,FR,FR-69149446949,2024-03-21,portail_client
3890,Atlantic Transports SARL,LU,LU937618036,2025-07-06,saisie_manuelle
3891,Orion Industries A/S,NL,NL722391602B91,2025-09-24,import_fournisseur
3892,Delta Industries BV,FI,FI89178442,2024-07-26,import_fournisseur
3893,Solaris Foods AB,PL,PL 9366 678419,2024-01-19,reprise_erp
3894,Atlantic Foods Lda,FI,FI61881745,2024-08-12,saisie_manuelle
3895,Atlantic Technologies Lda,NL,NL739733916B85,2024-01-25,saisie_manuelle
3896,Batavia Foods SAS,LU,LU59763488,2024-10-24,saisie_manuelle
3897,Corvus Logistics BV,FR,FR6434849324K,2024-03-29,portail_client
3898,Papyrus Trading SARL,SE,SE437221783801,2024-04-16,portail_client
3899,Papyrus Consulting SpA,DK,DK53512353,2024-01-28,crm
3900,Nord Materials AB,FR,FR 3621 3262074,2024-08-28,import_fournisseur
3901,Textil Services Sp. z o.o.,FI,FI13951761,2024-08-27,reprise_erp
3902,Fabrica Consulting GmbH,SE,SE772974187201,2025-06-13,crm
3903,Vertex Trading SA,BE,-,2025-07-27,portail_client
3904,Atlantic Services A/S,BE,BE1967612138,2024-03-14,saisie_manuelle
3905,Nord Technologies GmbH,LU,LU63108417,2025-01-26,portail_client
3906,Solaris Materials SpA,SE,SE440196602501,2024-11-13,crm
3907,Kappa Consulting Oy,BE,BE0392525643,2024-04-12,reprise_erp
3908,Nord Materials Lda,XX,XX1968133639,2025-09-16,crm
3909,Granit Industries SAS,SE,SE007646558301,2024-01-28,reprise_erp
3910,Meridian Transports SA,BE,BE1837725079,2025-05-11,crm
3911,Solaris Distribution A/S,PT,PT77537660,2025-05-01,saisie_manuelle
3912,Global Transports A/S,PL,PL428H005225,2025-08-28,reprise_erp
3913,Hanse Trading AB,IT,IT 3165 8743518,2024-07-05,import_fournisseur
3914,Baltic Transports Oy,BE,BE-0285659852,2024-12-22,saisie_manuelle
3915,Prima Consulting SARL,PT,PT168267919,2025-06-13,crm
3916,Metallo Transports Sp. z o.o.,IT,IT85025159964,2024-09-28,import_fournisseur
3917,Papyrus Transports SAS,NL,NL-521650276B47,2025-06-15,portail_client
3918,Cobalt Technologies Sp. z o.o.,PT,PT519508955,2025-01-05,reprise_erp
3919,Verso Distribution AB,SE,SE952063768801,2025-02-08,import_fournisseur
3920,Textil Technologies BV,NL,NL677717289B07,2025-01-24,saisie_manuelle
3921,Granit Services GmbH,IT,IT85764820222,2024-11-08,portail_client
3922,Papyrus Consulting NV,LU,LU22965558,2024-12-29,reprise_erp
3923,Prima Technologies SpA,NL,NL661019196B62,2025-04-27,crm
3924,Prima Logistics Oy,FR,FR26114757730,2024-11-24,import_fournisseur
3925,Granit Services AB,UK,UK65518892432,2025-08-10,saisie_manuelle
3926,Alpine Logistics Lda,LU,LU27595555,2024-06-23,import_fournisseur
3927,Papyrus Logistics BV,DK,DK80713934,2024-07-16,portail_client
3928,Textil Foods SA,SE,SE029067001701,2025-05-23,saisie_manuelle
3929,Corvus Industries SAS,FI,FI676868959,2025-06-07,crm
3930,Meridian Materials SA,BE,BE1442152059,2025-06-22,reprise_erp
3931,Granit Technologies SpA,PL,PL87970490K3,2024-11-30,import_fournisseur
3932,Metallo Services Sp. z o.o.,PL,PL2118580192,2025-09-09,portail_client
3933,Lusitania Industries BV,LU,LU51673388,2025-02-06,import_fournisseur
3934,Alpine Industries AB,SE,SE576396678401,2024-02-06,reprise_erp
3935,Lumen Logistics AB,DK,DK06652999,2025-07-21,portail_client
3936,Ardent Foods Lda,DK,  DK89180864 ,2024-04-15,import_fournisseur
3937,Verso Trading Lda,PT,PT119548917,2024-01-08,reprise_erp
3938,Fabrica Technologies GmbH,IT,IT54755258651,2025-01-02,crm
3939,Fabrica Transports BV,DK,DK20574511,2024-12-03,portail_client
3940,Corvus Trading Oy,NL,NL927419336B54,2024-09-13,saisie_manuelle
3941,Delta Industries SARL,PL,  PL3630860823 ,2024-04-29,portail_client
3942,Fabrica Logistics Sp. z o.o.,FI,FI31376166,2024-11-13,saisie_manuelle
3943,Azur Logistics AB,NL,181349413B66,2025-04-24,saisie_manuelle
3944,Cobalt Services Lda,PL,PL 7779 885560,2025-05-10,reprise_erp
3945,Batavia Services A/S,DK,DK2791O099,2025-08-29,import_fournisseur
3946,Nord Foods Oy,SE,SE310589928401,2024-10-02,import_fournisseur
3947,Orion Materials SARL,FR,FR74990564231,2024-06-15,reprise_erp
3948,Granit Trading SpA,XX,XX47852265324,2025-08-02,import_fournisseur
3949,Kappa Consulting SA,FR,FR43486042631,2025-09-29,reprise_erp
3950,Solaris Trading BV,GB,GB874176103801,2024-01-23,import_fournisseur
3951,Vela Distribution NV,PT,668325550,2025-09-17,portail_client
3952,Meridian Trading BV,SE,SE055041113601,2024-08-26,crm
3953,Batavia Transports SA,SE,SE338198928801,2025-07-08,crm
3954,Corvus Foods NV,IT,IT59215815339,2024-03-22,import_fournisseur
3955,Verso Distribution Sp. z o.o.,PT,PT377986603,2024-11-15,portail_client
3956,Global Distribution SpA,FI,FI90789286,2024-09-25,reprise_erp
3957,Baltic Consulting A/S,NL,NL692129248B83,2024-02-10,portail_client
3958,Lumen Services Sp. z o.o.,PT,PT576298999,2025-01-24,reprise_erp
3959,Lumen Logistics Sp. z o.o.,PT,PT6793263674,2024-01-28,portail_client
3960,Vertex Logistics NV,NL,NL705202689B37,2025-05-18,saisie_manuelle
3961,Solaris Consulting SAS,LU,LU36014763,2024-07-23,portail_client
3962,Ardent Logistics AB,PT,PT244561109,2024-05-16,portail_client
3963,Cobalt Materials SA,PL,PL9380591666,2025-07-12,reprise_erp
3964,Textil Distribution Lda,BE,BE0804320535,2025-09-30,portail_client
3965,Nord Services Sp. z o.o.,NL,null,2024-11-25,reprise_erp
3966,Textil Transports SpA,PT,PT660675870,2025-01-15,crm
3967,Meridian Consulting SAS,SE,SE40122205230,2024-05-19,reprise_erp
3968,Textil Services NV,IT,IT36545206561,2024-07-16,import_fournisseur
3969,Delta Consulting SAS,NL,NL498989434B3,2025-07-15,reprise_erp
3970,Lumen Industries BV,FR,FR68457243792,2025-02-11,reprise_erp
3971,Kappa Logistics SA,FI,FI89460707,2025-01-12,crm
3972,Ardent Logistics NV,FI,95591228,2025-07-17,import_fournisseur
3973,Lumen Technologies BV,QQ,QQ9495606238,2025-08-14,reprise_erp
3974,Vela Technologies SARL,LU,LU31562837,2024-09-07,import_fournisseur
3975,Alpine Materials GmbH,PL,PL1746851334,2025-06-07,crm
3976,Papyrus Transports Oy,FR,FR54909003213,2025-08-23,reprise_erp
3977,Alpine Services AB,GB,GB349562396301,2024-03-10,portail_client
3978,Hanse Trading AB,LU,LU19109815,2024-07-04,saisie_manuelle
3979,Lumen Logistics SpA,IT,  IT82482697495 ,2024-11-04,reprise_erp
3980,Lusitania Foods BV,IT,IT92633G63015,2025-06-21,crm
3981,Papyrus Logistics BV,PT,  PT715745808 ,2024-03-09,saisie_manuelle
3982,Azur Logistics A/S,FR,FR578517818471,2025-05-20,portail_client
3983,Orion Technologies A/S,LU,LU80996666,2024-02-19,saisie_manuelle
3984,Batavia Technologies BV,PL,PL9309018371,2024-05-05,reprise_erp
3985,Atlantic Trading Oy,SE,SE320754706201,2025-04-15,portail_client
3986,Lumen Materials SA,LU,LU95792215,2024-04-24,saisie_manuelle
3987,Global Logistics Lda,DK,DK 6121 1764,2024-09-29,reprise_erp
3988,Alpine Foods SARL,LU,  LU39387853 ,2024-08-04,portail_client
3989,Textil Services Oy,FI,42989427,2025-07-16,import_fournisseur
3990,Meridian Industries SpA,NL,NL911081537B26,2024-11-02,import_fournisseur
3991,Global Trading GmbH,FR,02610165046,2025-02-08,reprise_erp
3992,Metallo Distribution Sp. z o.o.,NL,NL.424132928B96,2025-04-09,import_fournisseur
3993,Hanse Technologies GmbH,PT,PT394566319,2024-09-08,crm
3994,Granit Technologies AB,BE,BE0K77402088,2025-07-17,crm
3995,Metallo Trading Sp. z o.o.,QQ,QQ34680412151,2024-04-09,crm
3996,Batavia Technologies BV,LU,LU-18490552,2024-08-17,crm
3997,Atlantic Foods SpA,NL,NL575184632B4M,2024-03-03,import_fournisseur
3998,Fabrica Logistics Oy,BE,BE 1206 132048,2024-07-10,portail_client
3999,Delta Services GmbH,NL,NL184535700B38,2024-04-28,import_fournisseur
4000,Kappa Foods SAS,PT,PT823046656,2025-04-14,portail_client
4001,Ardent Materials SARL,BE,1931922670,2025-06-27,crm
4002,Batavia Logistics SAS,BE,BE0237863596,2025-07-30,portail_client
4003,Delta Industries SA,SE,SE974530082301,2025-05-21,crm
4004,Atlantic Trading SAS,IT, ,2024-12-18,import_fournisseur
4005,Verso Trading Sp. z o.o.,DK,DK34368716,2024-09-12,import_fournisseur
4006,Alpine Technologies A/S,XX,XX06860266905,2025-03-19,saisie_manuelle
4007,Orion Distribution AB,GB,GB217876653701,2025-08-31,saisie_manuelle
4008,Ardent Transports Oy,DK,N/A,2024-02-06,crm
4009,Kappa Materials NV,PT,pt940520826,2025-05-07,portail_client
4010,Prima Foods SpA,BE,BE1620543762,2024-04-17,import_fournisseur
4011,Nord Consulting BV,FI,FIO1608896,2025-08-31,saisie_manuelle
4012,Vertex Trading GmbH,BE,BE094196007,2025-08-20,saisie_manuelle
4013,Delta Technologies Lda,IT,,2025-01-28,portail_client
4014,Kappa Services AB,LU,LU59956965,2024-11-16,portail_client
4015,Hanse Materials A/S,FR,FR52371501348,2025-06-30,crm
4016,Alpine Transports SAS,PL,  PL65241396328 ,2024-04-16,portail_client
4017,Solaris Consulting BV,DK,DK 5544 7489,2025-09-15,crm
4018,Lumen Industries Lda,LU,LU86938634,2025-06-30,reprise_erp
4019,Granit Logistics SpA,IT,IT83846586242,2025-03-13,saisie_manuelle
4020,Alpine Transports SpA,IT,IT-61818388672,2024-11-13,saisie_manuelle
4021,Verso Industries NV,NL,NL407118378B90,2024-04-21,saisie_manuelle
4022,Cobalt Technologies SARL,NL,NL464855299B39,2024-01-11,import_fournisseur
4023,Orion Transports Lda,SE,SE017598782901,2025-05-14,saisie_manuelle
4024,Ardent Distribution SAS,BE,  BE178193087 ,2024-03-07,reprise_erp
4025,Cobalt Logistics GmbH,PT,PT.208723501,2024-10-24,import_fournisseur
4026,Lusitania Transports SpA,IT,IT95418235263,2025-07-29,reprise_erp
4027,Global Logistics GmbH,UK,UK80821718192,2025-09-24,crm
4028,Hanse Trading Oy,PL,PL7811691419,2024-04-02,import_fournisseur
4029,Meridian Services SARL,DK,DK-94813875,2025-04-23,saisie_manuelle
4030,Metallo Materials Sp. z o.o.,ZZ,ZZ69590961111,2025-03-28,crm
4031,Textil Materials SpA,NL,NL015983201B643,2025-06-12,crm
4032,Azur Technologies SpA,SE,SE567844868801,2024-07-19,saisie_manuelle
4033,Lusitania Services NV,DK,DK684919M7,2024-04-30,portail_client
4034,Corvus Consulting SpA,DK,DK7311497,2025-03-16,portail_client
4035,Orion Consulting GmbH,DK,dk64466755,2024-02-07,saisie_manuelle
4036,Meridian Foods NV,FR,fr03642479303,2024-04-30,import_fournisseur
4037,Prima Distribution SpA,FI,FI24736389,2025-06-20,import_fournisseur
4038,Fabrica Trading GmbH,FR,FR31546803912,2024-07-31,import_fournisseur
4039,Ardent Trading SpA,IT,  IT95367651452 ,2025-09-23,crm
4040,Lusitania Logistics SpA,BE,BE0234823637,2024-08-06,reprise_erp
4041,Textil Materials Oy,PL,PL K537 863162,2025-01-15,reprise_erp
4042,Atlantic Industries A/S,PL,PL2377797377,2024-08-22,saisie_manuelle
4043,Batavia Technologies GmbH,FI,FI8029O509,2024-05-03,saisie_manuelle
4044,Verso Services SA,PL,PL 3921 150486,2024-04-05,import_fournisseur
4045,Solaris Logistics Lda,XX,XX4235231224,2024-11-13,crm
4046,Prima Trading SpA,NL,NL.088678660B15,2024-05-12,import_fournisseur
4047,Granit Materials SAS,LU,LU62158004,2025-06-03,import_fournisseur
4048,Lumen Distribution NV,PL,PL7657542209,2024-09-13,portail_client
4049,Papyrus Distribution Sp. z o.o.,NL,NL171418694B43,2025-08-14,saisie_manuelle
4050,Corvus Industries NV,PL,PL2956887511,2025-09-07,crm
4051,Verso Foods SpA,FR,FR95861315140,2024-06-25,reprise_erp
4052,Meridian Distribution SA,DK,20438010,2024-05-06,reprise_erp
4053,Nord Industries SA,NL,NL884440862B11,2025-08-14,import_fournisseur
4054,Solaris Foods SAS,BE,BE0392459822,2024-12-03,portail_client
4055,Vertex Materials GmbH,FI,12192847,2024-02-11,reprise_erp
4056,Prima Transports Lda,PT,PT794132618,2025-05-07,import_fournisseur
4057,Solaris Trading Sp. z o.o.,PL,PL2216123833,2024-04-29,import_fournisseur
4058,Vertex Distribution Sp. z o.o.,NL,NL9286G8947B40,2024-06-08,import_fournisseur
4059,Global Logistics Oy,BE,BE1535225255,2024-03-03,saisie_manuelle
4060,Papyrus Services Sp. z o.o.,DK,DK430111548,2025-02-07,portail_client
4061,Orion Industries Oy,PL,PL-9517216497,2024-01-09,portail_client
4062,Ardent Services Lda,PT,PT128583320,2024-11-03,reprise_erp
4063,Prima Consulting Sp. z o.o.,SE,SE01489532430,2024-07-26,saisie_manuelle
4064,Alpine Foods A/S,NL,NL412012364B76,2025-09-12,import_fournisseur
4065,Orion Logistics NV,IT,IT-10837818052,2025-07-01,portail_client
4066,Nord Industries A/S,SE,SE435682622401,2025-01-11,crm
4067,Nord Industries Sp. z o.o.,SE,SE500572920601,2025-07-06,crm
4068,Azur Technologies A/S,DK,DK3462062,2024-08-07,crm
4069,Solaris Trading SARL,IT,IT71488901977,2024-06-01,import_fournisseur
4070,Hanse Technologies BV,LU,  LU48026319 ,2024-12-10,portail_client
4071,Vertex Trading AB,NL,,2025-01-27,reprise_erp
4072,Ardent Logistics Sp. z o.o.,BE,BE1664704496,2024-03-26,reprise_erp
4073,Solaris Consulting BV,NL,NL540150264B98,2025-01-27,saisie_manuelle
4074,Meridian Industries Oy,DK,DK44211092,2025-07-09,saisie_manuelle
4075,Global Foods SpA,NL,  NL059433474B36 ,2024-03-30,reprise_erp
4076,Lusitania Trading A/S,NL,NL066625075B19,2024-10-15,crm
4077,Cobalt Trading AB,PT,PT356364518,2024-04-20,portail_client
4078,Papyrus Logistics SAS,SE,SE931364061101,2024-12-31,portail_client
4079,Cobalt Consulting BV,BE,BE1419406301,2024-06-08,crm
4080,Lumen Materials A/S,LU,LU 7050 1344,2024-08-13,crm
4081,Lumen Materials Lda,LU,LU49990581,2025-09-03,saisie_manuelle
4082,Solaris Transports Lda,NL,nl786441380b28,2025-07-29,saisie_manuelle
4083,Nord Industries BV,FI,FI68005414,2025-06-13,import_fournisseur
4084,Vela Technologies Lda,NL,NL187272946B38,2025-01-25,import_fournisseur
4085,Vela Transports NV,PT,PT601229452,2025-06-01,portail_client
4086,Vertex Industries Oy,FR,FR896964246537,2024-10-20,portail_client
4087,Metallo Technologies AB,SE,null,2024-01-16,saisie_manuelle
4088,Orion Trading NV,SE,SE594473867201,2025-07-22,reprise_erp
4089,Metallo Technologies AB,FR,FR60879492H23,2024-01-25,saisie_manuelle
4090,Global Trading A/S,FR,FR-17901083086,2024-10-31,saisie_manuelle
4091,Corvus Industries AB,FI,FI 2556 6406,2025-01-05,import_fournisseur
4092,Azur Technologies GmbH,IT,IT11602093905,2024-03-16,crm
4093,Textil Technologies Sp. z o.o.,FR,FR29921212821,2025-03-26,crm
4094,Ardent Distribution GmbH,BE,be0263035195,2024-12-14,import_fournisseur
4095,Ardent Materials SAS,PL,PL8850006109,2024-02-15,crm
4096,Cobalt Materials AB,LU,LU88859418,2024-10-02,portail_client
4097,Vela Consulting SA,PT,PT379580497,2025-09-12,import_fournisseur
4098,Delta Trading NV,PT,PT2753630314,2025-03-29,crm
4099,Vertex Industries SARL,PL,pl3995101449,2025-08-14,saisie_manuelle
4100,Solaris Logistics Sp. z o.o.,NL,NL 0913 10349B54,2025-04-13,crm
4101,Papyrus Technologies BV,BE,be1995303460,2024-12-16,crm
4102,Papyrus Services SARL,NL,NL298166549B05,2025-02-10,reprise_erp
4103,Verso Industries SA,SE,SE393095741401,2024-03-31,saisie_manuelle
4104,Lumen Services SAS,LU,lu41652707,2025-02-16,reprise_erp
4105,Atlantic Consulting Lda,BE,BE0422449945,2024-12-06,portail_client
4106,Verso Distribution NV,UK,UK965147769B76,2024-06-01,import_fournisseur
4107,Prima Foods SARL,FI,FI86656289,2024-05-27,portail_client
4108,Papyrus Consulting SA,PT,PT366648195,2025-02-06,reprise_erp
4109,Cobalt Trading SA,IT,IT.71258287730,2024-04-11,reprise_erp
4110,Global Transports AB,SE,  SE026621394101 ,2025-09-10,portail_client
4111,Nord Logistics AB,ZZ,ZZ326955240B48,2024-02-08,import_fournisseur
4112,Vela Trading Sp. z o.o.,IT,IT21934048618,2025-06-29,saisie_manuelle
4113,Azur Transports SpA,PT,PT598791604,2024-08-01,saisie_manuelle
4114,Prima Distribution Lda,DK,DK46019296,2025-07-27,crm
4115,Delta Industries GmbH,NL,362793827B08,2024-01-20,reprise_erp
4116,Metallo Consulting Lda,FI,FI42333102,2024-08-22,crm
4117,Meridian Distribution NV,NL,NL280219702B36,2024-11-01,reprise_erp
4118,Batavia Consulting Sp. z o.o.,IT,N/A,2024-07-24,portail_client
4119,Batavia Foods SAS,PT,PT881198650,2025-09-22,crm
4120,Textil Services AB,DK,DK75912978,2025-06-20,saisie_manuelle
4121,Prima Materials SpA,NL,NL883322055B47,2025-09-07,crm
4122,Hanse Industries SAS,LU,LU90512045,2025-08-06,portail_client
4123,Verso Services SA,PL,PL 3921 150486,2024-08-22,portail_client
4124,Nord Transports Oy,FI,FI87935783,2024-09-01,reprise_erp
4125,Meridian Transports Sp. z o.o.,UK,UK3404445916,2025-03-03,saisie_manuelle
4126,Nord Services NV,PL,PL3715505773,2024-05-05,portail_client
4127,Atlantic Services NV,UK,UK396756166,2025-04-04,reprise_erp
4128,Ardent Materials Oy,PT,PT711924458,2025-09-24,saisie_manuelle
4129,Textil Technologies Sp. z o.o.,FI,FI65420209,2024-05-05,saisie_manuelle
4130,Nord Services BV,LU,LU60061644,2024-06-19,crm
4131,Global Logistics AB,PT,PT851067298,2024-02-02,reprise_erp
4132,Corvus Distribution BV,FR,FR03712758131,2024-09-16,crm
4133,Delta Trading AB,FR,  FR90932820799 ,2024-08-23,import_fournisseur
4134,Delta Trading GmbH,DK,DK42594989,2024-10-17,crm
4135,Cobalt Industries GmbH,LU,LU12850751,2024-08-10,reprise_erp
4136,Nord Logistics GmbH,BE,BE 1440 406943,2025-06-01,portail_client
4137,Meridian Services SAS,LU,LU.84881522,2024-09-28,crm
4138,Baltic Consulting SA,LU,LU5513O803,2025-02-07,crm
4139,Orion Consulting NV,PL,  PL1657368688 ,2024-08-14,import_fournisseur
4140,Papyrus Services A/S,BE,1980605287,2024-06-21,import_fournisseur
4141,Delta Industries SAS,FR,FR.91865775240,2025-04-10,reprise_erp
4142,Orion Trading BV,IT,IT04206116206,2025-04-18,crm
4143,Atlantic Technologies Oy,DK,DK 1186 8312,2024-05-23,import_fournisseur
4144,Baltic Technologies SARL,FI,FI 9107 6421,2025-06-13,saisie_manuelle
4145,Solaris Technologies Oy,LU,LU23621913,2024-03-03,saisie_manuelle
4146,Cobalt Consulting Lda,BE,BE1783365586,2024-04-23,reprise_erp
4147,Papyrus Logistics SA,PL,PL-8610262725,2025-05-29,import_fournisseur
4148,Hanse Logistics AB,PT,PT.694801747,2024-08-14,crm
4149,Meridian Distribution AB,QQ,QQ1312184821,2025-01-08,saisie_manuelle
4150,Orion Services AB,BE,BE05K4844220,2025-06-13,portail_client
4151,Kappa Services SpA,FI,FI29127910,2024-06-30,reprise_erp
4152,Nord Technologies GmbH,NL,NL482337175B09,2024-03-24,import_fournisseur
4153,Ardent Foods Lda,FR,FR236883169830,2024-01-21,import_fournisseur
4154,Delta Industries AB,BE,BE0440034560,2025-09-02,saisie_manuelle
4155,Kappa Technologies Sp. z o.o.,BE,BE 0323 334850,2024-09-20,saisie_manuelle
4156,Azur Technologies SpA,IT,IT40690010984,2025-01-01,reprise_erp
4157,Kappa Materials NV,NL,NL995164228B69,2024-10-21,saisie_manuelle
4158,Vela Consulting SA,IT,,2024-03-31,portail_client
4159,Atlantic Foods SARL,SE,SE518411496301,2024-12-24,portail_client
4160,Alpine Foods A/S,IT,IT0265654682,2024-07-13,saisie_manuelle
4161,Lumen Materials GmbH,PT,pt218527144,2024-07-23,saisie_manuelle
4162,Corvus Materials SpA,IT,IT94106060J90,2025-06-13,reprise_erp
4163,Atlantic Logistics SA,FR,07873870541,2024-11-18,crm
4164,Solaris Technologies Sp. z o.o.,SE,SE0611380K4201,2025-03-16,crm
4165,Vertex Foods A/S,BE,BE0508532693,2024-04-15,portail_client
4166,Baltic Distribution SAS,LU,  LU37150115 ,2024-08-17,saisie_manuelle
4167,Solaris Foods SARL,SE,SE.716573975101,2025-08-02,import_fournisseur
4168,Nord Technologies BV,FR,  FR26767758432 ,2024-04-14,portail_client
4169,Vela Trading Oy,PL,PL1673320997,2025-03-20,saisie_manuelle
4170,Solaris Distribution SAS,PT,PT2389933102,2025-07-20,saisie_manuelle
4171,Global Distribution Lda,IT,it64704318340,2024-10-30,crm
4172,Azur Foods A/S,BE,BE1944426960,2025-09-08,saisie_manuelle
4173,Ardent Technologies Oy,LU,LU72865209,2025-09-03,crm
4174,Delta Consulting GmbH,SE,SE4631603364012,2024-06-24,crm
4175,Lumen Logistics BV,DK,  DK36884606 ,2024-02-05,saisie_manuelle
4176,Alpine Technologies AB,NL,NL324711296B15,2024-05-05,import_fournisseur
4177,Papyrus Distribution Oy,LU,lu99427960,2025-08-28,saisie_manuelle
4178,Alpine Distribution SA,GB,GB77305092,2025-03-19,crm
4179,Textil Services Lda,LU,LU76384648,2025-06-09,crm
4180,Baltic Trading BV,FR,FR-88452454553,2024-09-27,saisie_manuelle
4181,Alpine Industries SpA,LU,LU9059693,2025-06-27,crm
4182,Corvus Industries SAS,PL,PL4470697271,2024-11-16,portail_client
4183,Batavia Consulting GmbH,PT,PT429779887,2024-08-20,crm
4184,Granit Materials GmbH,XX,XX0250292068,2024-04-16,crm
4185,Cobalt Technologies Sp. z o.o.,PL,PL3450198268,2024-12-20,crm
4186,Azur Materials SpA,PL,PL4650287971,2024-02-24,saisie_manuelle
4187,Solaris Technologies SpA,PL,PL3031918522,2025-07-23,portail_client
4188,Metallo Distribution Oy,LU,87956264,2025-07-05,saisie_manuelle
4189,Lumen Foods AB,DK,DK-28398638,2024-09-26,portail_client
4190,Global Trading SpA,FI,91167219,2024-01-25,saisie_manuelle
4191,Lusitania Technologies AB,DK,DK.13732612,2024-04-09,saisie_manuelle
4192,Kappa Consulting NV,FR,FR17400750199,2025-04-12,portail_client
4193,Lusitania Technologies SA,LU,LU704722205,2024-02-04,reprise_erp
4194,Ardent Materials Lda,SE,se381198267101,2024-09-17,import_fournisseur
4195,Corvus Transports SARL,IT,IT53294042500,2024-08-06,reprise_erp
4196,Prima Technologies SA,IT,IT99155464169,2025-03-18,import_fournisseur
4197,Nord Materials NV,BE,BE0996145359,2025-05-11,import_fournisseur
4198,Cobalt Trading AB,PL,  PL6785607859 ,2025-02-23,saisie_manuelle
4199,Kappa Logistics Lda,GB,GB85949128,2024-04-05,saisie_manuelle
4200,Baltic Materials A/S,BE,BE1834981127,2025-06-27,import_fournisseur
4201,Baltic Distribution AB,NL,NL499523439B52,2025-07-04,saisie_manuelle
4202,Textil Technologies SARL,PL,PL2352133847,2024-11-28,portail_client
4203,Baltic Technologies Lda,FR,  FR87319721295 ,2024-06-15,saisie_manuelle
4204,Batavia Materials Sp. z o.o.,DK,DK.44685604,2025-05-07,saisie_manuelle
4205,Baltic Services GmbH,LU,lu80713886,2024-06-19,reprise_erp
4206,Lumen Industries Oy,SE,SE386362769501,2025-06-13,portail_client
4207,Delta Distribution Oy,SE,SE446098764901,2024-03-12,reprise_erp
4208,Nord Services Sp. z o.o.,LU,LU390126395,2025-09-27,saisie_manuelle
4209,Metallo Trading SpA,FR,FR-38553103256,2024-02-21,saisie_manuelle
4210,Papyrus Technologies Sp. z o.o.,BE,BE0613016541,2024-11-22,crm
4211,Vela Technologies SARL,PL,PL9790987240,2025-03-10,portail_client
4212,Lumen Materials Sp. z o.o.,NL,NL322237282B41,2024-11-11,saisie_manuelle
4213,Nord Consulting SA,FI,FI8831743,2024-03-16,saisie_manuelle
4214,Vertex Consulting NV,LU,  LU13850218 ,2025-08-28,saisie_manuelle
4215,Papyrus Services SAS,NL,NL750566848B57,2025-03-18,reprise_erp
4216,Meridian Foods A/S,FI,FI0310K850,2024-03-11,import_fournisseur
4217,Ardent Materials Oy,DK,dk07518382,2024-02-21,import_fournisseur
4218,Delta Materials Oy,PT,PT780088212,2025-06-17,portail_client
4219,Global Logistics SAS,PT,PT182815404,2024-04-23,import_fournisseur
4220,Meridian Distribution SpA,NL,NL.376452936B78,2024-09-04,import_fournisseur
4221,Granit Foods GmbH,DK,DK87519597,2024-05-17,crm
4222,Cobalt Consulting GmbH,IT,IT54675314550,2025-05-28,crm
4223,Orion Distribution NV,LU,LU90351374,2024-10-18,portail_client
4224,Papyrus Trading Lda,PT,  PT975982338 ,2025-08-07,crm
4225,Azur Trading SA,IT,IT2097491061,2024-01-30,saisie_manuelle
4226,Meridian Trading AB,SE,SE775826557801,2024-12-21,saisie_manuelle
4227,Meridian Transports SAS,PL,pl4757887099,2024-11-13,portail_client
4228,Textil Consulting GmbH,IT,IT98663162695,2025-07-25,reprise_erp
4229,Atlantic Consulting Oy,PL,PL2237069985,2025-01-18,crm
4230,Metallo Foods SpA,FR,FR7295881165,2025-02-09,crm
4231,Orion Technologies SA,FI,FI78409324,2025-07-08,portail_client
4232,Verso Logistics SpA,DK,47442036,2025-08-23,portail_client
4233,Global Technologies Lda,SE,SE693120884401,2024-10-29,portail_client
4234,Fabrica Consulting Lda,IT,IT73407254140,2025-02-20,saisie_manuelle
4235,Solaris Services Oy,PT,PT974612420,2024-04-16,crm
4236,Verso Consulting SpA,SE,SE097708119501,2024-12-17,saisie_manuelle
4237,Alpine Logistics SARL,SE,SE3149387551013,2024-03-28,import_fournisseur
4238,Solaris Services NV,FI,,2025-03-26,portail_client
4239,Metallo Technologies A/S,FI,FI35045348,2025-01-13,crm
4240,Prima Technologies NV,LU,LU28653706,2024-04-13,portail_client
4241,Textil Services Oy,FR,FR031696965500,2025-03-03,import_fournisseur
4242,Solaris Distribution Lda,DK,DK27406023,2024-11-22,saisie_manuelle
4243,Azur Services SAS,UK,UK037333787201,2024-02-21,crm
4244,Textil Consulting NV,FI,FI56135246,2025-04-22,crm
4245,Prima Services A/S,NL,NL-246317826B92,2024-08-16,crm
4246,Corvus Distribution SARL,LU,LU58829606,2024-07-06,import_fournisseur
4247,Granit Materials SARL,SE,SE119458627501,2025-03-04,import_fournisseur
4248,Orion Industries Sp. z o.o.,PT,PT42773H797,2024-12-27,saisie_manuelle
4249,Granit Logistics AB,IT,IT40697879570,2024-03-20,crm
4250,Azur Services GmbH,GB,GB12589042588,2025-08-01,reprise_erp
4251,Hanse Trading BV,IT,IT74104446914,2025-04-09,reprise_erp
4252,Lumen Transports SpA,FI,FI 2613 4513,2024-06-18,saisie_manuelle
4253,Hanse Transports GmbH,PL,PL1615151889,2025-08-12,saisie_manuelle
4254,Orion Transports Lda,IT,IT.39266382413,2024-09-22,crm
4255,Nord Industries GmbH,FI,FI.49122287,2025-07-09,import_fournisseur
4256,Prima Technologies SAS,QQ,QQ76888296,2025-05-30,crm
4257,Cobalt Consulting SA,BE,BE1750128141,2025-08-20,crm
4258,Fabrica Services Lda,BE,BE068622936,2025-03-29,reprise_erp
4259,Kappa Distribution AB,NL,NL638748252B41,2025-05-10,import_fournisseur
4260,Baltic Transports GmbH,FR,fr45907924958,2024-12-18,crm
4261,Meridian Industries SA,FI,FI95984923,2025-09-27,reprise_erp
4262,Verso Consulting NV,FR,FR.21819879602,2024-02-18,reprise_erp
4263,Baltic Industries Sp. z o.o.,FR,FR49296868965,2024-02-09,reprise_erp
4264,Atlantic Materials BV,DK,DK69673953,2025-02-27,portail_client
4265,Metallo Transports SARL,SE,se0687028134010,2025-01-21,import_fournisseur
4266,Vela Distribution SpA,FI,FI94803823,2024-05-13,saisie_manuelle
4267,Alpine Trading Sp. z o.o.,FI,  FI77973150 ,2025-05-10,portail_client
4268,Global Materials GmbH,PT,  PT915478986 ,2024-03-29,saisie_manuelle
4269,Textil Materials Sp. z o.o.,PT,PT525024441,2024-03-16,saisie_manuelle
4270,Lusitania Transports Sp. z o.o.,FR,  FR51984461646 ,2024-09-12,import_fournisseur
4271,Granit Industries Oy,FR,FR1851462583,2024-05-24,import_fournisseur
4272,Lumen Distribution SA,FI,FI74156366,2025-05-07,import_fournisseur
4273,Lumen Services AB,PL,PL4530998896,2024-10-11,portail_client
4274,Alpine Industries Sp. z o.o.,NL,NL279834822B59,2024-04-09,reprise_erp
4275,Textil Trading AB,UK,UK69938822,2024-03-18,saisie_manuelle
4276,Delta Materials AB,BE, ,2024-04-25,portail_client
4277,Solaris Consulting BV,FI,FI30926365,2024-01-11,reprise_erp
4278,Baltic Distribution A/S,PT,pt289254329,2025-09-11,crm
4279,Corvus Trading BV,BE,BE0210772981,2024-09-06,portail_client
4280,Orion Logistics SA,FI,FI20454691,2024-04-13,portail_client
4281,Kappa Consulting SA,FI,FI06085471,2024-02-13,import_fournisseur
4282,Global Trading BV,LU,LU27179477,2024-03-31,crm
4283,Vela Trading Oy,NL,NL953491475B99,2025-07-21,reprise_erp
4284,Solaris Materials SARL,QQ,QQ10582403,2024-03-19,portail_client
4285,Hanse Distribution SA,LU,LU2852347,2024-09-08,reprise_erp
4286,Metallo Trading AB,DK,DK34166323,2025-05-17,crm
4287,Textil Services NV,DK,DK99127783,2024-03-03,saisie_manuelle
4288,Cobalt Distribution SA,PT,PT89067147,2025-01-12,saisie_manuelle
4289,Baltic Materials SA,IT,IT30125599842,2025-07-23,portail_client
4290,Meridian Foods SARL,UK,UK96313667376,2024-08-05,import_fournisseur
4291,Orion Foods Oy,FI,FI27287717,2025-09-25,reprise_erp
4292,Granit Transports GmbH,PT,PT933815319,2024-09-02,crm
4293,Global Technologies SARL,DK,DK99470M25,2024-09-06,crm
4294,Hanse Logistics NV,FI,FI85991044,2024-03-30,reprise_erp
4295,Verso Transports BV,BE,BE1186627529,2024-07-28,import_fournisseur
4296,Metallo Transports SARL,FI,FI77407431,2025-05-05,reprise_erp
4297,Fabrica Industries NV,NL,NL546289186B17,2024-06-24,crm
4298,Metallo Foods AB,FI,FI5967010,2024-12-28,crm
4299,Alpine Services GmbH,NL,NL950296776B17,2025-02-07,import_fournisseur
4300,Textil Industries GmbH,SE,SE031529301901,2025-08-20,import_fournisseur
4301,Granit Technologies A/S,QQ,QQ646208721,2024-07-07,portail_client
4302,Cobalt Foods Oy,ZZ,ZZ1585204781,2025-05-12,crm
4303,Baltic Foods SA,XX,XX13970188,2024-01-05,import_fournisseur
4304,Delta Foods NV,FR,FR 8643 8914096,2024-06-03,reprise_erp
4305,Cobalt Distribution SA,FI,FI01092381,2024-04-03,import_fournisseur
4306,Metallo Transports SA,FR,FR30821615935,2024-03-31,saisie_manuelle
4307,Prima Materials Lda,DK,DK81766959,2025-01-21,portail_client
4308,Orion Foods SpA,DK,dk67883004,2024-01-18,reprise_erp
4309,Ardent Foods AB,FR,FR24474943141,2024-09-01,portail_client
4310,Global Industries Oy,SE,SE720296810801,2024-10-07,portail_client
4311,Textil Consulting A/S,NL,NL-501184430B06,2024-12-19,portail_client
4312,Global Technologies AB,BE,BE 0401 934346,2025-09-01,import_fournisseur
4313,Global Distribution NV,DK,dk14811648,2024-08-05,import_fournisseur
4314,Lusitania Distribution A/S,DK,DK01313649,2024-10-25,import_fournisseur
4315,Vertex Transports SARL,SE,SE303166150301,2024-04-09,crm
4316,Alpine Distribution SA,PL,PL2219621165,2024-09-19,import_fournisseur
4317,Delta Transports Oy,PL,PL.6376696050,2024-01-21,reprise_erp
4318,Lumen Industries AB,FR,FR90252675326,2024-08-17,saisie_manuelle
4319,Orion Services SARL,IT,IT49612691227,2024-02-14,reprise_erp
4320,Corvus Logistics A/S,IT,IT-09811118091,2024-04-12,import_fournisseur
4321,Textil Materials Sp. z o.o.,BE,BE1283480053,2025-02-15,crm
4322,Alpine Services SpA,IT,IT17900884713,2024-12-18,crm
4323,Ardent Consulting Oy,DK,DK-41043253,2025-01-03,saisie_manuelle
4324,Vela Industries GmbH,SE,SE374055510101,2025-07-22,reprise_erp
4325,Solaris Technologies GmbH,BE,BE1243217425,2024-06-11,crm
4326,Delta Technologies GmbH,FR,FR057362777543,2024-01-23,reprise_erp
4327,Prima Foods NV,PL,pl1524029668,2025-03-09,saisie_manuelle
4328,Lumen Trading AB,FR,  FR08283020811 ,2024-01-05,saisie_manuelle
4329,Nord Materials Oy,BE,BE1321318895,2024-08-22,import_fournisseur
4330,Batavia Technologies SA,LU,LU81144027,2024-04-24,portail_client
4331,Prima Industries SARL,LU,LU.27018873,2024-01-14,reprise_erp
4332,Kappa Consulting BV,IT,IT131807889K5,2025-01-11,reprise_erp
4333,Kappa Logistics Sp. z o.o.,BE,BE0809387569,2025-01-23,reprise_erp
4334,Delta Materials NV,PL,PL54730907948,2025-06-25,saisie_manuelle
4335,Hanse Industries Sp. z o.o.,IT,IT-92942593671,2024-06-09,import_fournisseur
4336,Cobalt Services SARL,ZZ,ZZ1907055632,2024-07-01,reprise_erp
4337,Textil Foods SARL,ZZ,ZZ46730615,2024-04-19,reprise_erp
4338,Lusitania Trading Sp. z o.o.,GB,GB262897842B59,2024-01-05,reprise_erp
4339,Azur Trading SAS,SE,SE343493163401,2024-01-08,import_fournisseur
4340,Alpine Materials Lda,SE,SE088154284901,2024-11-18,portail_client
4341,Alpine Distribution SpA,IT,58294547417,2024-10-19,crm
4342,Baltic Materials SARL,FR,FR95960492702,2024-08-01,saisie_manuelle
4343,Textil Technologies Lda,NL,NL926134140B71,2024-10-26,saisie_manuelle
4344,Lumen Technologies Oy,IT,IT62547353229,2024-04-22,reprise_erp
4345,Alpine Technologies Oy,FI,FI885980778,2024-05-20,portail_client
4346,Alpine Consulting BV,DK,DK19548461,2025-08-25,import_fournisseur
4347,Lumen Distribution NV,DK,05822440,2024-03-11,crm
4348,Papyrus Consulting A/S,FR,41508643598,2024-11-28,crm
4349,Cobalt Technologies Lda,PL,PL22988920353,2024-10-19,saisie_manuelle
4350,Delta Distribution NV,DK,DK8987997,2025-01-20,crm
4351,Vela Consulting A/S,ZZ,ZZ1165438766,2025-09-24,reprise_erp
4352,Lumen Services AB,IT,10628520990,2024-03-06,import_fournisseur
4353,Nord Foods Lda,FR,FR73649615390,2024-01-21,crm
4354,Vertex Materials AB,NL,NL932361444B03,2024-10-17,reprise_erp
4355,Verso Foods GmbH,DK,DK33359668,2024-12-16,portail_client
4356,Azur Transports SpA,FI,FI53772119,2025-02-25,saisie_manuelle
4357,Vertex Consulting BV,LU,LU71281312,2025-07-16,crm
4358,Vertex Trading SpA,DK,DK92386511,2024-07-22,portail_client
4359,Orion Services NV,FR,FR59631587127,2024-10-29,crm
4360,Textil Technologies Oy,FR,FR26294423264,2024-05-12,reprise_erp
4361,Solaris Materials A/S,FI,FI99849588,2024-03-01,reprise_erp
4362,Nord Industries A/S,UK,UK10552154134,2024-04-23,portail_client
4363,Batavia Industries Oy,NL,NL227063876B71,2025-07-15,reprise_erp
4364,Lumen Transports SA,SE,,2024-09-22,reprise_erp
4365,Fabrica Logistics GmbH,PL,  PL9582396258 ,2024-03-21,import_fournisseur
4366,Lusitania Transports A/S,PT,PT759236313,2025-09-16,reprise_erp
4367,Global Services Oy,SE,SE7035059687010,2024-07-07,portail_client
4368,Hanse Services Sp. z o.o.,FR,FR62622656227,2024-07-24,reprise_erp
4369,Lusitania Consulting SA,FI,FI5M228099,2024-01-13,reprise_erp
4370,Meridian Transports AB,FR,FR38895455347,2024-05-24,portail_client
4371,Metallo Logistics SARL,PT,PT787831850,2024-05-30,portail_client
4372,Global Technologies SAS,PT,PT201745844,2024-05-16,saisie_manuelle
4373,Ardent Logistics NV,FI,95.591228,2024-01-23,reprise_erp
4374,Atlantic Industries SAS,FR,FR14146155947,2024-07-21,reprise_erp
4375,Azur Services BV,BE,BE0443046807,2024-08-12,portail_client
4376,Corvus Materials GmbH,PT,PT39998198,2025-03-09,reprise_erp
4377,Ardent Trading GmbH,LU,LU57073870,2024-03-25,portail_client
4378,Verso Services NV,SE,SE687045729301,2024-11-19,import_fournisseur
4379,Orion Industries SAS,NL,NL569009765B18,2024-10-27,portail_client
4380,Papyrus Distribution BV,DK,DK98251530,2025-04-05,crm
4381,Batavia Industries BV,BE,BE1586591188,2024-07-20,portail_client
4382,Lumen Transports GmbH,IT,IT80336751245,2025-08-19,saisie_manuelle
4383,Atlantic Transports BV,SE,SE255057540001,2025-02-22,import_fournisseur
4384,Global Technologies SAS,LU,28324042,2024-08-16,crm
4385,Meridian Consulting Lda,BE,BE1439345386,2024-08-12,portail_client
4386,Granit Transports Oy,DK,DK02531615,2024-09-06,reprise_erp
4387,Nord Trading Sp. z o.o.,BE,BE1755549034,2024-11-15,saisie_manuelle
4388,Orion Technologies BV,SE,SE615194132201,2024-01-25,crm
4389,Delta Technologies BV,LU,LU 5754 8309,2025-02-11,reprise_erp
4390,Global Logistics SA,DK,DK31680867,2024-03-24,reprise_erp
4391,Cobalt Trading Sp. z o.o.,IT,IT44180676684,2024-11-26,saisie_manuelle
4392,Solaris Trading Sp. z o.o.,PL,PL5571743470,2024-06-23,import_fournisseur
4393,Corvus Foods BV,DK,DK0249556,2025-07-28,import_fournisseur
4394,Delta Industries SpA,PL,PL5456870414,2024-04-30,saisie_manuelle
4395,Kappa Materials SARL,FR,FR01434417762,2024-08-28,saisie_manuelle
4396,Nord Materials Lda,FI,FI 3296 0452,2024-02-21,portail_client
4397,Azur Trading GmbH,PT,N/A,2025-03-15,saisie_manuelle
4398,Vela Logistics AB,PT,PT42710407,2025-08-06,import_fournisseur
4399,Metallo Materials SAS,FR,FR15685894761,2025-08-16,saisie_manuelle
4400,Azur Logistics A/S,BE,BE.0187390439,2024-10-28,saisie_manuelle
4401,Textil Materials NV,LU,LU67684488,2024-07-23,saisie_manuelle
4402,Lumen Foods NV,SE,SE523102268101,2024-11-05,import_fournisseur
4403,Lumen Technologies A/S,BE,BE1482548258,2024-04-03,saisie_manuelle
4404,Granit Materials SpA,BE,BE0994579897,2025-05-16,saisie_manuelle
4405,Cobalt Trading Sp. z o.o.,DK,DK99783494,2024-06-19,saisie_manuelle
4406,Azur Consulting GmbH,DK,DK 0702 8040,2024-12-22,saisie_manuelle
4407,Alpine Logistics Oy,DK,DK72774652,2024-03-07,import_fournisseur
4408,Vela Trading Lda,FR,FR45633740587,2025-03-06,saisie_manuelle
4409,Lusitania Foods GmbH,LU,LU89440241,2024-01-15,portail_client
4410,Papyrus Consulting A/S,DK,DK53629487,2025-03-12,import_fournisseur
4411,Solaris Industries A/S,PT,PT732G14750,2025-01-24,crm
4412,Nord Foods Sp. z o.o.,DK,DK 2155 1082,2024-07-09,portail_client
4413,Metallo Technologies Lda,DK,DKG8163640,2024-07-22,saisie_manuelle
4414,Prima Transports Sp. z o.o.,LU,LU-19940949,2025-04-22,import_fournisseur
4415,Delta Trading SAS,NL,NL580083677B30,2024-04-13,reprise_erp
4416,Azur Logistics A/S,NL,NL069386353B8,2025-06-12,import_fournisseur
4417,Kappa Logistics GmbH,NL, ,2024-12-06,crm
4418,Cobalt Distribution Lda,PL,PL9215278165,2025-04-11,import_fournisseur
4419,Orion Services Sp. z o.o.,LU,LU58605104,2025-06-16,portail_client
4420,Ardent Trading GmbH,PL,pl4529939336,2025-04-13,import_fournisseur
4421,Delta Services Lda,DK,DK25518608,2024-01-15,import_fournisseur
4422,Baltic Industries A/S,NL,NL419394333B32,2024-12-09,import_fournisseur
4423,Orion Logistics SAS,IT,IT17215657101,2024-03-06,import_fournisseur
4424,Textil Logistics A/S,LU,LU67719381,2025-06-14,reprise_erp
4425,Kappa Materials SpA,PL,PL9520718994,2024-08-23,saisie_manuelle
4426,Batavia Consulting GmbH,LU,LU8038458,2025-09-25,saisie_manuelle
4427,Textil Consulting GmbH,PT,PT8200419637,2024-09-24,import_fournisseur
4428,Verso Distribution NV,SE,SE008259472201,2024-06-20,saisie_manuelle
4429,Delta Consulting GmbH,PT,PT715981206,2024-07-10,saisie_manuelle
4430,Baltic Logistics Oy,PT,481438980,2024-04-17,import_fournisseur
4431,Atlantic Materials AB,SE,SE95561315720,2025-01-05,saisie_manuelle
4432,Delta Transports Sp. z o.o.,FR,FR65913744502,2024-02-25,portail_client
4433,Vela Services SAS,IT,IT62974105363,2025-07-03,import_fournisseur
4434,Metallo Services NV,DK,DK.06560938,2024-06-20,reprise_erp
4435,Ardent Foods SARL,FR,FR0733989407,2024-12-15,import_fournisseur
4436,Granit Services AB,UK,  UK65518892432 ,2024-11-29,import_fournisseur
4437,Alpine Trading GmbH,FR,FR48854111299,2025-07-02,crm
4438,Cobalt Distribution Lda,FI,fi32302951,2025-04-01,saisie_manuelle
4439,Meridian Materials BV,NL,NL391752777B52,2024-09-12,reprise_erp
4440,Alpine Industries Sp. z o.o.,FR,FR 1399 0524683,2024-02-15,portail_client
4441,Kappa Technologies BV,FR,60999479674,2025-06-01,portail_client
4442,Orion Logistics Lda,IT,IT74137021833,2024-11-23,reprise_erp
4443,Nord Distribution SARL,NL,NL735450025B28,2025-07-27,crm
4444,Batavia Logistics GmbH,IT,IT44102339668,2024-08-25,import_fournisseur
4445,Lusitania Technologies BV,BE,BE.1739073012,2025-03-28,saisie_manuelle
4446,Meridian Logistics Oy,SE,SE861023115201,2024-05-18,reprise_erp
4447,Kappa Transports A/S,BE,BE0450634086,2025-09-16,portail_client
4448,Solaris Consulting NV,NL,NL330835671B36,2024-11-21,import_fournisseur
4449,Vertex Transports Oy,DK,DK8578489,2024-08-01,crm
4450,Kappa Industries SARL,IT,IT48045812376,2024-10-08,import_fournisseur
4451,Verso Industries SAS,IT,N/A,2024-01-04,import_fournisseur
4452,Lusitania Industries SpA,SE,SE832973933501,2025-09-08,import_fournisseur
4453,Textil Materials AB,NL,NL.264895010B24,2024-12-29,portail_client
4454,Corvus Consulting Sp. z o.o.,IT,,2024-02-11,import_fournisseur
4455,Lumen Logistics A/S,DK,DK09119973,2025-07-14,portail_client
4456,Kappa Industries SpA,DK,DK39282765,2024-05-08,portail_client
4457,Baltic Logistics NV,LU,LU91223978,2025-09-03,portail_client
4458,Global Distribution NV,PL,PL5148294794,2025-04-16,portail_client
4459,Baltic Transports Lda,PL,PL1061883968,2025-06-25,saisie_manuelle
4460,Textil Trading SAS,QQ,  QQ964068284601 ,2025-06-04,crm
4461,Prima Transports Oy,NL,NL777862001B2,2024-04-01,portail_client
4462,Prima Distribution BV,DK,DK4703489K,2024-01-13,import_fournisseur
4463,Baltic Transports AB,SE,SE 3147 14499601,2024-06-21,reprise_erp
4464,Global Foods AB,BE,BE0210645792,2025-02-23,crm
4465,Vela Services GmbH,SE, ,2025-02-20,portail_client
4466,Vertex Services GmbH,PT,PT720339014,2024-09-17,import_fournisseur
4467,Verso Foods SA,PT,PT543033988,2025-02-10,portail_client
4468,Verso Trading NV,PL,PL6720296316,2025-08-13,import_fournisseur
4469,Hanse Transports GmbH,FI,fi20147827,2025-02-27,portail_client
4470,Prima Foods AB,DK,DK79400459,2024-02-13,import_fournisseur
4471,Global Services SA,NL,NL631068867B92,2024-04-01,portail_client
4472,Granit Transports GmbH,PT,PT944026613,2024-04-02,saisie_manuelle
4473,Corvus Trading Lda,IT, ,2025-08-19,portail_client
4474,Kappa Logistics SARL,PT,PT857756329,2024-08-18,saisie_manuelle
4475,Vela Distribution NV,PT,PT 1453 54750,2024-10-27,import_fournisseur
4476,Atlantic Services SARL,IT,IT.4036447986,2025-02-17,crm
4477,Solaris Trading Lda,PT,PT 5281 59410,2025-08-09,crm
4478,Corvus Distribution Sp. z o.o.,PT,PT2832933495,2024-08-24,portail_client
4479,Verso Trading SA,NL,NL778338769B29,2024-02-17,reprise_erp
4480,Azur Services BV,BE,BE0243720022,2024-12-29,reprise_erp
4481,Cobalt Consulting GmbH,IT,IT 0114 8145988,2024-07-22,import_fournisseur
4482,Ardent Technologies SA,PL,PL5521460787,2024-07-04,saisie_manuelle
4483,Vela Industries SA,SE,SE212960186601,2025-09-27,saisie_manuelle
4484,Meridian Technologies SA,PL,PL6322476651,2025-04-24,portail_client
4485,Papyrus Materials AB,FR,FR89218148014,2025-03-19,reprise_erp
4486,Global Consulting SpA,BE,BE1563084130,2024-12-26,crm
4487,Solaris Industries NV,IT,IT 0395 3515669,2024-07-23,reprise_erp
4488,Textil Materials GmbH,BE,BE1899808613,2025-06-16,saisie_manuelle
4489,Alpine Services SA,PL,  PL6067009376 ,2025-05-28,import_fournisseur
4490,Kappa Materials AB,BE,BE1959846980,2025-02-08,crm
4491,Papyrus Trading BV,NL,NL888061018B04,2025-09-26,crm
4492,Meridian Distribution SpA,NL,NL.977606193B15,2025-05-31,portail_client
4493,Orion Consulting AB,IT,IT74158541107,2024-11-30,saisie_manuelle
4494,Metallo Industries SAS,BE,BE0537556776,2024-06-02,saisie_manuelle
4495,Hanse Transports Oy,PT,PT222192909,2024-01-05,portail_client
4496,Global Industries SpA,PT,PT926733796,2024-04-13,import_fournisseur
4497,Papyrus Industries Lda,SE,SE532715756501,2025-01-08,crm
4498,Vela Industries Oy,PL,PL5395192404,2025-05-09,portail_client
4499,Delta Trading SpA,DK,DK38544748,2024-09-03,portail_client
4500,Corvus Logistics A/S,PT,PT411755751,2024-05-17,portail_client
4501,Atlantic Services SARL,SE, ,2025-04-11,reprise_erp
4502,Alpine Materials SpA,SE,SE4H1517969801,2024-05-29,portail_client
4503,Lumen Foods Sp. z o.o.,PL,8532980090,2025-02-12,crm
4504,Prima Technologies Sp. z o.o.,NL,  NL132695613B67 ,2024-05-31,reprise_erp
4505,Fabrica Services AB,BE,BE0782289162,2025-04-07,crm
4506,Hanse Consulting Sp. z o.o.,PL,  PL5286389970 ,2024-09-27,saisie_manuelle
4507,Baltic Distribution SAS,FI,06361894,2024-07-23,saisie_manuelle
4508,Azur Services SAS,NL,NL449485122B77,2024-10-27,import_fournisseur
4509,Prima Transports Oy,DK,DK82440712,2024-12-30,crm
4510,Meridian Technologies A/S,DK,dk80858051,2025-01-04,crm
4511,Vertex Services Oy,LU, ,2025-03-14,import_fournisseur
4512,Vela Foods GmbH,NL,NL316741024B98,2025-09-15,portail_client
4513,Lusitania Consulting SA,FI,FI07150570,2025-08-16,saisie_manuelle
4514,Atlantic Trading SA,PT,PT631267328,2024-09-09,import_fournisseur
4515,Metallo Industries AB,DK,DK41559047,2024-07-16,import_fournisseur
4516,Alpine Distribution Oy,IT,IT51894882755,2025-05-15,portail_client
4517,Meridian Consulting SARL,FI,fi11787021,2024-06-05,crm
4518,Orion Consulting SAS,SE,SE 0220 35313001,2025-03-23,crm
4519,Textil Industries SARL,PT,PT862952212,2025-07-27,portail_client
4520,Vela Consulting Oy,SE,SE958604340201,2024-04-08,saisie_manuelle
4521,Lumen Consulting SpA,IT,IT01959647957,2024-11-07,import_fournisseur
4522,Lumen Transports SARL,PL,PL2245874342,2024-07-03,import_fournisseur
4523,Baltic Technologies SAS,BE,BE 1607 8K7638,2025-02-10,saisie_manuelle
4524,Metallo Technologies Sp. z o.o.,FI,FI87573249,2025-03-28,saisie_manuelle
4525,Nord Services NV,SE,SE333189602501,2024-01-02,saisie_manuelle
4526,Atlantic Logistics BV,SE,SE1289106310012,2025-09-05,reprise_erp
4527,Alpine Trading GmbH,BE,BE0381940270,2025-09-20,portail_client
4528,Lumen Materials SA,FR,FR19461048051,2024-06-07,portail_client
4529,Vela Services GmbH,XX,XX29931811,2024-07-07,saisie_manuelle
4530,Cobalt Transports SpA,BE,BE.1860381212,2024-08-02,reprise_erp
4531,Corvus Services SA,PT,PT57618M780,2024-07-03,saisie_manuelle
4532,Meridian Industries SAS,DK,dk15280840,2024-09-29,crm
4533,Corvus Services A/S,BE,BE1224412786,2025-07-07,portail_client
4534,Fabrica Services AB,NL,58.0569925B77,2024-10-26,saisie_manuelle
4535,Meridian Materials GmbH,NL,NL827230527B469,2025-09-05,reprise_erp
4536,Vela Distribution BV,DK,DK15212650,2024-05-25,saisie_manuelle
4537,Lumen Distribution BV,IT,IT21516658358,2025-03-27,portail_client
4538,Lumen Transports AB,FR,FR36253787801,2024-03-25,saisie_manuelle
4539,Lusitania Services Lda,IT,IT-64156251098,2024-09-24,crm
4540,Meridian Logistics SAS,FI, ,2025-03-26,saisie_manuelle
4541,Granit Logistics Sp. z o.o.,SE,SE169134877301,2025-06-15,import_fournisseur
4542,Lusitania Trading GmbH,LU,LU95220028,2025-07-11,reprise_erp
4543,Verso Technologies SA,PL,PL3668761562,2025-02-26,portail_client
4544,Lumen Foods AB,NL,NL 4998 19652B92,2025-07-15,portail_client
4545,Prima Consulting A/S,FR,FR 9097 2221229,2025-04-14,reprise_erp
4546,Nord Industries Sp. z o.o.,PL,PL6695228437,2024-06-07,crm
4547,Textil Materials SAS,NL,395566794B40,2024-11-28,crm
4548,Textil Transports SpA,BE,BE1570147512,2025-07-05,reprise_erp
4549,Papyrus Services GmbH,PT,PT263362485,2024-07-17,reprise_erp
4550,Delta Consulting BV,BE,BE1444250321,2024-09-22,import_fournisseur
4551,Atlantic Services Lda,SE,SE818957504501,2024-06-29,import_fournisseur
4552,Baltic Technologies Sp. z o.o.,FI,FI71418316,2024-12-15,crm
4553,Lusitania Consulting AB,NL,nl632922667b95,2025-05-02,reprise_erp
4554,Orion Trading Sp. z o.o.,PT,PT1135123502,2024-01-02,import_fournisseur
4555,Global Logistics SARL,DK,DK97842884,2025-07-30,portail_client
4556,Corvus Services SAS,DK,95928218,2024-02-17,reprise_erp
4557,Ardent Technologies Sp. z o.o.,LU,LU75522358,2025-05-04,saisie_manuelle
4558,Granit Trading SA,FR,  FR96319541405 ,2025-03-25,reprise_erp
4559,Lumen Technologies GmbH,NL,N/A,2025-09-25,portail_client
4560,Granit Transports SAS,FI,fi08134513,2025-03-05,saisie_manuelle
4561,Lumen Technologies Lda,FI,FI6427400,2025-08-13,portail_client
4562,Kappa Consulting BV,BE,BE1620626114,2025-01-23,portail_client
4563,Kappa Industries NV,IT,it24004191953,2024-12-01,portail_client
4564,Papyrus Consulting SA,NL,NL-369017675B60,2024-03-05,crm
4565,Alpine Logistics SA,PL,PL5997051538,2025-06-03,portail_client
4566,Alpine Services SA,SE,SE472833093901,2024-02-22,import_fournisseur
4567,Nord Industries AB,LU,LU12277753,2025-08-07,crm
4568,Papyrus Trading Sp. z o.o.,PT,PT85720315J,2024-06-25,import_fournisseur
4569,Delta Materials A/S,IT,IT118899O5778,2025-06-05,saisie_manuelle
4570,Textil Logistics BV,DK,DK89342O02,2024-11-23,portail_client
4571,Hanse Trading NV,IT,IT40424589832,2024-12-29,reprise_erp
4572,Fabrica Transports BV,NL,NL782966825B71,2024-11-23,portail_client
4573,Hanse Transports Oy,NL,NL739213702B05,2024-02-17,import_fournisseur
4574,Alpine Technologies GmbH,FR,FR-26192161111,2024-06-11,import_fournisseur
4575,Delta Technologies SA,NL,NL585603169B06,2024-12-13,portail_client
4576,Global Technologies SpA,LU,LU62868780,2024-05-25,saisie_manuelle
4577,Metallo Logistics BV,FR,FR11338335256,2025-09-26,reprise_erp
4578,Corvus Logistics Oy,BE,BE0626511221,2025-07-25,reprise_erp
4579,Orion Foods SARL,PL,PL6914925551,2025-05-19,reprise_erp
4580,Hanse Transports GmbH,FR,FR5961427O082,2025-04-06,reprise_erp
4581,Baltic Materials Sp. z o.o.,NL,NL1418O1140B78,2025-07-11,portail_client
4582,Prima Transports Lda,FI,,2024-12-29,portail_client
4583,Azur Services Sp. z o.o.,FR,FR54G00987910,2024-07-08,crm
4584,Vela Consulting SARL,LU,lu80910304,2025-06-22,portail_client
4585,Corvus Transports Lda,LU,LU488834464,2024-10-11,crm
4586,Delta Trading BV,FI,FI0620688,2024-10-16,saisie_manuelle
4587,Textil Foods Lda,PL,pl1629562415,2025-03-27,reprise_erp
4588,Nord Transports Lda,QQ,QQ742706801B50,2025-08-30,portail_client
4589,Granit Transports SARL,FI,FI89H09933,2025-04-20,reprise_erp
4590,Alpine Foods SA,NL,NL544941470B92,2025-04-07,import_fournisseur
4591,Lumen Transports Oy,FI,FI75759470,2024-06-04,crm
4592,Lusitania Logistics SAS,LU,LU83537824,2024-02-05,import_fournisseur
4593,Solaris Transports GmbH,FR,FR27625006604,2025-05-26,crm
4594,Alpine Industries SpA,FI,FI071670818,2024-03-08,saisie_manuelle
4595,Verso Distribution SA,NL,NL998714112B52,2024-01-10,import_fournisseur
4596,Metallo Industries BV,FI,FI32670201,2025-09-19,reprise_erp
4597,Kappa Trading Sp. z o.o.,FI,99715777,2024-12-27,saisie_manuelle
4598,Ardent Industries A/S,NL,NL477328544BJ7,2024-01-22,portail_client
4599,Kappa Technologies NV,DK,DK35177280,2024-12-18,reprise_erp
4600,Lusitania Consulting NV,LU,LU82650450,2024-05-01,saisie_manuelle
4601,Solaris Trading SpA,PT,PT587631651,2024-02-02,crm
4602,Vela Transports Oy,LU,13613554,2024-10-30,reprise_erp
4603,Granit Logistics Oy,IT,IT11247614826,2024-12-07,saisie_manuelle
4604,Atlantic Materials AB,GB,GB91327831282,2025-02-04,portail_client
4605,Atlantic Transports AB,FI,FI 4543 8188,2025-02-07,import_fournisseur
4606,Lusitania Services Sp. z o.o.,DK,DK61803688,2025-05-12,reprise_erp
4607,Batavia Materials SpA,SE,SE 5872 12401001,2024-06-27,reprise_erp
4608,Solaris Trading SA,SE,SE104590067501,2024-08-23,portail_client
4609,Vela Transports SA,DK,DK01J64961,2024-01-18,portail_client
4610,Batavia Industries Lda,SE,SE-362217559801,2024-06-17,portail_client
4611,Lusitania Trading BV,LU,LU13210530,2025-02-14,portail_client
4612,Orion Distribution BV,DK,DK 0923 1749,2025-09-04,saisie_manuelle
4613,Papyrus Industries BV,PL,PL5118429775,2024-07-31,reprise_erp
4614,Textil Materials A/S,SE,SE100625435101,2025-09-15,portail_client
4615,Papyrus Industries Oy,SE,SE833419159301,2024-08-10,saisie_manuelle
4616,Verso Transports SAS,PL,PL9296604550,2024-08-01,reprise_erp
4617,Vertex Logistics SpA,BE,BE.1403452814,2024-02-08,import_fournisseur
4618,Corvus Services Lda,DK,DK-09161538,2024-05-25,reprise_erp
4619,Delta Transports GmbH,BE,  BE1107719709 ,2024-01-09,saisie_manuelle
4620,Corvus Trading Sp. z o.o.,PT,PT881626690,2024-09-18,saisie_manuelle
4621,Cobalt Distribution NV,PL,6859600257,2024-04-06,crm
4622,Corvus Logistics AB,BE,BE0568311112,2025-07-13,crm
4623,Vela Industries Oy,DK,DK.33251971,2025-03-20,saisie_manuelle
4624,Cobalt Materials Sp. z o.o.,LU,LU66892388,2024-06-20,crm
4625,Azur Transports Lda,IT,IT-82590897706,2024-09-01,import_fournisseur
4626,Atlantic Trading AB,BE,BE046996H733,2025-05-15,import_fournisseur
4627,Lusitania Transports Sp. z o.o.,FR,FR 9071 2951384,2024-10-14,saisie_manuelle
4628,Batavia Consulting Sp. z o.o.,FI,FI5756943,2024-12-10,reprise_erp
4629,Batavia Distribution SA,DK,DK.76094381,2024-05-23,portail_client
4630,Verso Distribution SpA,NL,NL128524431BJ2,2024-07-23,saisie_manuelle
4631,Azur Logistics Sp. z o.o.,PT,PT-991940210,2025-05-01,portail_client
4632,Papyrus Foods Sp. z o.o.,FI,FI.44891594,2024-04-01,crm
4633,Metallo Transports Sp. z o.o.,DK,DK 0377 7693,2024-04-25,reprise_erp
4634,Papyrus Consulting Sp. z o.o.,SE,SE0M4192329501,2024-04-15,import_fournisseur
4635,Granit Industries BV,NL,NL.686426174B14,2024-08-31,portail_client
4636,Vertex Consulting Oy,DK,  81460655 ,2024-12-06,crm
4637,Metallo Consulting AB,BE,BE0722078787,2024-11-12,portail_client
4638,Atlantic Consulting Lda,FI,92202389,2025-08-11,reprise_erp
4639,Atlantic Consulting SARL,PT,PT314365842,2025-01-11,crm
4640,Delta Foods AB,GB,GB02955701938,2024-12-13,reprise_erp
4641,Metallo Services BV,QQ,QQ291819660701,2024-10-27,crm
4642,Textil Industries SAS,SE,SE120946425201,2024-01-11,saisie_manuelle
4643,Ardent Distribution A/S,IT,IT54330157238,2024-04-14,crm
4644,Kappa Materials SAS,NL,253360018B13,2024-06-01,reprise_erp
4645,Prima Trading BV,SE,SE517079230201,2025-08-31,saisie_manuelle
4646,Kappa Transports GmbH,IT,IT79953051269,2025-08-26,reprise_erp
4647,Hanse Technologies Oy,LU,LU80956420,2024-03-06,import_fournisseur
4648,Batavia Industries A/S,PL,  PL3822930382 ,2025-01-31,portail_client
4649,Verso Services Oy,LU,LU13110306,2024-02-16,portail_client
4650,Granit Foods SA,LU,LU 8343 1933,2025-01-05,crm
4651,Alpine Logistics Lda,NL,NL744473202B2,2024-01-12,crm
4652,Vela Materials SpA,DK,DK34305463,2025-04-05,reprise_erp
4653,Vertex Technologies GmbH,DK,DK09734306,2024-02-20,import_fournisseur
4654,Kappa Services Lda,FI,FI.34153777,2025-02-11,portail_client
4655,Ardent Foods SA,SE,SE511587259901,2025-06-30,crm
4656,Meridian Trading GmbH,SE,SE 4608 39268601,2024-06-25,crm
4657,Prima Technologies BV,DK,DK39156423,2025-05-30,saisie_manuelle
4658,Metallo Transports GmbH,LU,LU227290735,2025-08-09,saisie_manuelle
4659,Ardent Transports GmbH,IT,  IT99966776017 ,2025-01-13,portail_client
4660,Batavia Logistics SARL,BE,BE1859540562,2025-02-08,saisie_manuelle
4661,Vertex Technologies SpA,SE,  SE857257081301 ,2024-02-18,import_fournisseur
4662,Ardent Materials NV,PL,PL436114037G,2025-08-18,reprise_erp
4663,Verso Materials SARL,IT,  IT72629424648 ,2025-08-13,reprise_erp
4664,Granit Technologies BV,FI,FI01440631,2025-08-09,saisie_manuelle
4665,Corvus Materials Sp. z o.o.,BE,BE022005479,2024-04-21,crm
4666,Vertex Services SAS,DK,DK 4362 4423,2024-07-02,import_fournisseur
4667,Lusitania Foods GmbH,FI,FI11612495,2024-04-13,portail_client
4668,Alpine Logistics AB,IT,IT 4442 4396057,2024-09-06,crm
4669,Vertex Services GmbH,PL,pl7812041197,2025-07-23,reprise_erp
4670,Delta Services Lda,SE,SE774510596001,2025-06-01,saisie_manuelle
4671,Hanse Materials SpA,FR,fr64363388757,2025-03-06,import_fournisseur
4672,Delta Consulting SA,PL,pl8854773020,2024-01-05,reprise_erp
4673,Corvus Logistics BV,PL,PL9140740480,2025-06-13,portail_client
4674,Meridian Foods NV,BE,BE1322766036,2025-02-08,import_fournisseur
4675,Baltic Services NV,BE,BE1237644972,2024-07-25,crm
4676,Corvus Foods SARL,DK,DK96088714,2024-07-19,import_fournisseur
4677,Hanse Trading SA,NL,NL474573564B72,2025-03-04,import_fournisseur
4678,Global Distribution Sp. z o.o.,FI,FI584988846,2024-06-16,import_fournisseur
4679,Lumen Foods AB,FR,N/A,2024-02-20,saisie_manuelle
4680,Prima Industries Oy,DK,DK0858252,2024-10-04,reprise_erp
4681,Granit Distribution Oy,NL,NL490434332B16,2024-07-11,portail_client
4682,Azur Materials Lda,NL,NL 7256 01607B47,2025-01-16,import_fournisseur
4683,Granit Logistics Lda,PT,260464449,2024-08-03,crm
4684,Cobalt Consulting SARL,FI,FI 0714 5958,2024-02-26,crm
4685,Prima Consulting Oy,PL,PL3111823809,2025-09-08,portail_client
4686,Vela Services SpA,PT,PT227746814,2024-05-26,saisie_manuelle
4687,Lusitania Consulting Oy,NL,NL261371873B15,2024-07-19,reprise_erp
4688,Orion Services SA,PL,PL1543899863,2025-06-08,import_fournisseur
4689,Solaris Transports Sp. z o.o.,FR,FR31757369184,2025-07-24,crm
4690,Granit Services SAS,LU,LU86088676,2025-05-22,portail_client
4691,Vela Industries BV,IT,IT15650769171,2024-08-17,reprise_erp
4692,Delta Materials SA,FR,  FR52672277881 ,2024-01-29,saisie_manuelle
4693,Alpine Industries Lda,ZZ,ZZ237692333601,2024-05-21,import_fournisseur
4694,Fabrica Technologies A/S,PT,PT294862811,2024-11-20,import_fournisseur
4695,Vertex Services SAS,IT,IT45213034354,2025-05-28,portail_client
4696,Vertex Logistics SAS,FR,FR72281082643,2024-11-07,import_fournisseur
4697,Hanse Trading AB,BE,BE0791311845,2024-03-16,saisie_manuelle
4698,Lumen Services SAS,FI,FI32106408,2024-04-01,saisie_manuelle
4699,Lusitania Logistics SpA,NL,NL768258224B90,2025-07-22,crm
4700,Granit Foods SAS,IT,IT68553739155,2024-10-17,import_fournisseur
4701,Textil Services SA,SE,SE985865752201,2024-04-30,crm
4702,Textil Industries GmbH,LU,LU49248750,2024-03-14,portail_client
4703,Hanse Foods NV,SE,SE710057814001,2025-02-07,portail_client
4704,Verso Consulting Lda,NL,NL951K78844B87,2024-03-17,reprise_erp
4705,Ardent Logistics Lda,BE,BE-1460618971,2024-10-17,crm
4706,Papyrus Transports SARL,NL,NL593988346B91,2025-09-28,import_fournisseur
4707,Azur Materials BV,BE,BE0436230972,2025-01-29,crm
4708,Lumen Services Oy,LU,LU 6542 2272,2025-06-07,crm
4709,Hanse Trading GmbH,BE,BE0583186962,2025-06-28,saisie_manuelle
4710,Textil Materials Sp. z o.o.,QQ,QQ09399560565,2024-06-24,crm
4711,Orion Services A/S,NL,NL734219541B39,2025-01-21,reprise_erp
4712,Cobalt Distribution Oy,SE,SE.482075894601,2024-07-24,saisie_manuelle
4713,Azur Logistics A/S,SE,SE904926874201,2024-01-22,portail_client
4714,Prima Consulting SpA,PL,2504562420,2024-01-17,import_fournisseur
4715,Alpine Trading SA,PT,PT788290878,2024-12-29,portail_client
4716,Papyrus Distribution A/S,FR,FR29675752866,2024-02-26,reprise_erp
4717,Meridian Distribution SA,GB,GB07754058167,2025-07-24,crm
4718,Vertex Consulting BV,SE,SE07169811K101,2024-04-23,crm
4719,Hanse Distribution Oy,FI,FI76805729,2024-08-20,portail_client
4720,Lumen Transports GmbH,DK,DK34971676,2025-02-19,saisie_manuelle
4721,Solaris Transports AB,PL,PL9609229645,2024-02-14,crm
4722,Lusitania Consulting SARL,PL,PL1107130102,2025-08-09,saisie_manuelle
4723,Metallo Consulting Lda,FI,FI59828080,2024-08-03,import_fournisseur
4724,Vela Distribution SpA,DK,78883464,2024-07-14,portail_client
4725,Meridian Trading Oy,IT,IT38311240824,2024-05-13,reprise_erp
4726,Fabrica Materials BV,LU,LU4575995,2025-07-06,reprise_erp
4727,Batavia Consulting SA,LU,LU34955047,2024-06-07,import_fournisseur
4728,Delta Distribution Sp. z o.o.,FR,FR43498013639,2025-07-26,portail_client
4729,Alpine Foods Sp. z o.o.,LU,  LU20573657 ,2024-01-01,crm
4730,Nord Technologies Oy,FI,FI6710811,2025-04-30,saisie_manuelle
4731,Cobalt Industries SARL,IT,IT36926052402,2024-03-09,saisie_manuelle
4732,Kappa Trading Oy,NL,NL412114045K59,2025-03-27,import_fournisseur
4733,Vertex Trading Lda,LU,LU-92456533,2024-04-12,portail_client
4734,Vela Logistics Sp. z o.o.,SE,  SE532170688801 ,2024-07-08,saisie_manuelle
4735,Papyrus Foods GmbH,FI,FI.77705017,2024-12-18,portail_client
4736,Meridian Logistics NV,XX,XX106270649201,2025-02-17,reprise_erp
4737,Cobalt Industries SAS,PT,PT974859334,2025-06-28,portail_client
4738,Vertex Distribution SA,NL,NL056193385B924,2024-12-23,crm
4739,Meridian Transports AB,IT,IT21888171739,2024-05-07,reprise_erp
4740,Cobalt Industries A/S,SE,SE864512769001,2024-02-16,portail_client
4741,Ardent Consulting Sp. z o.o.,SE,817129759401,2025-02-06,import_fournisseur
4742,Meridian Services SARL,IT,83300508567,2024-06-09,import_fournisseur
4743,Delta Materials AB,FR,FR40119773055,2024-12-12,import_fournisseur
4744,Vela Foods SA,PT,PT504586949,2024-03-03,reprise_erp
4745,Lumen Transports GmbH,PT,PT 9791 15477,2024-09-21,saisie_manuelle
4746,Global Distribution AB,PL,PLJ721476914,2025-05-06,saisie_manuelle
4747,Atlantic Technologies BV,SE,SE993954040801,2024-11-02,reprise_erp
4748,Lusitania Technologies NV,PL,3720509130,2024-12-10,reprise_erp
4749,Lusitania Industries SA,QQ,QQ1799149268,2025-06-25,crm
4750,Hanse Consulting SpA,PL,  PL1973579355 ,2025-05-05,crm
4751,Solaris Technologies Lda,PL,PL9161012591,2025-08-23,saisie_manuelle
4752,Metallo Technologies BV,PL,PL6712508933,2025-08-16,portail_client
4753,Verso Consulting BV,SE,SE27839118820,2025-08-30,portail_client
4754,Verso Consulting BV,LU,LU13171464,2024-02-05,saisie_manuelle
4755,Baltic Industries SA,PT, ,2024-09-01,crm
4756,Prima Foods Lda,FI,FI87360606,2025-01-23,import_fournisseur
4757,Prima Services GmbH,BE,BE184687326,2025-08-13,portail_client
4758,Meridian Trading BV,NL,NL331471176B17,2024-05-13,crm
4759,Solaris Trading BV,SE,SE2195M4984401,2025-08-04,saisie_manuelle
4760,Atlantic Materials SAS,FR,FR46600680821,2025-01-20,saisie_manuelle
4761,Atlantic Foods Oy,FI,FI53103222,2024-11-05,portail_client
4762,Vertex Transports SA,FI,FI94325258,2024-05-26,portail_client
4763,Hanse Trading SpA,SE,SE426394959801,2024-07-17,reprise_erp
4764,Delta Trading SpA,DK,DK69240860,2024-03-10,import_fournisseur
4765,Verso Trading BV,FR,FR.89124934312,2024-04-28,portail_client
4766,Solaris Services GmbH,DK,DK40804641,2025-03-10,crm
4767,Fabrica Foods SpA,DK,DK 4542 8575,2025-04-30,crm
4768,Orion Services GmbH,NL,NL291917410B08,2025-06-01,import_fournisseur
4769,Textil Transports SA,SE,SE04860106480O,2025-01-03,reprise_erp
4770,Meridian Technologies Sp. z o.o.,NL,NL.840360071B18,2024-09-15,portail_client
4771,Kappa Logistics AB,BE,BE-1715194580,2025-08-17,reprise_erp
4772,Cobalt Foods SAS,IT,IT98062312601,2024-09-08,crm
4773,Kappa Foods Sp. z o.o.,BE,,2025-09-16,saisie_manuelle
4774,Atlantic Foods SARL,NL,NL225518466B70,2025-01-25,crm
4775,Vertex Distribution AB,LU,LU 5230 1854,2024-03-08,saisie_manuelle
4776,Metallo Foods AB,NL,NL069081761B33,2025-01-30,reprise_erp
4777,Granit Consulting SA,SE,SE-756196148801,2024-02-19,import_fournisseur
4778,Batavia Logistics A/S,DK,DK0022762,2024-10-03,reprise_erp
4779,Prima Industries GmbH,PT,PT643209000,2025-02-28,crm
4780,Batavia Industries AB,PL,PL5738715380,2025-05-25,saisie_manuelle
4781,Corvus Foods GmbH,FR,FR65725972591,2025-08-04,saisie_manuelle
4782,Azur Transports SARL,FI,FI46845586,2024-04-22,import_fournisseur
4783,Verso Industries SpA,SE,SE075263090501,2024-01-09,import_fournisseur
4784,Vertex Distribution Sp. z o.o.,NL,NL9286G8947B40,2024-02-23,saisie_manuelle
4785,Vela Technologies BV,PL,PL9329784453,2024-10-21,saisie_manuelle
4786,Lumen Services Oy,NL,NL655247968B46,2025-04-16,reprise_erp
4787,Solaris Distribution Oy,DK,DK8996763H,2025-01-22,reprise_erp
4788,Fabrica Consulting A/S,IT,IT66243870445,2024-08-07,reprise_erp
4789,Orion Foods NV,FI,FI62381029,2025-05-14,saisie_manuelle
4790,Kappa Services GmbH,PT,  PT765930536 ,2024-07-18,reprise_erp
4791,Batavia Consulting SAS,FR,FR63275620570,2024-05-28,reprise_erp
4792,Nord Transports Sp. z o.o.,NL,NL445602739B80,2024-02-22,import_fournisseur
4793,Papyrus Materials GmbH,PT,PT-668567708,2024-05-02,saisie_manuelle
4794,Batavia Consulting SA,SE,330594445001,2024-06-15,import_fournisseur
4795,Lusitania Services SA,LU,LU04709885,2025-02-21,reprise_erp
4796,Azur Foods SAS,PT,PT125842538,2024-12-22,portail_client
4797,Fabrica Logistics Oy,FI,FI301495196,2024-11-03,reprise_erp
4798,Azur Industries SpA,BE,BE021067835,2024-11-23,portail_client
4799,Textil Distribution SARL,GB,GB79469483,2024-12-15,import_fournisseur
4800,Delta Trading SAS,ZZ,ZZ72341220,2025-01-06,portail_client
4801,Solaris Transports SARL,FR,  FR42234143557 ,2024-02-15,saisie_manuelle
4802,Lumen Foods BV,PT,PT604646941,2024-07-19,crm
4803,Corvus Distribution AB,SE,SE 8642 04829501,2024-03-08,reprise_erp
4804,Baltic Transports Oy,DK,DK007628654,2024-03-12,import_fournisseur
4805,Lumen Foods BV,BE,BE-0527479367,2024-08-20,saisie_manuelle
4806,Baltic Distribution SAS,LU,lu37150115,2024-06-04,crm
4807,Batavia Trading BV,IT,IT39344637231,2024-11-19,import_fournisseur
4808,Lusitania Services GmbH,PT,PT123851912,2024-12-15,reprise_erp
4809,Batavia Services Lda,BE,BE0547109182,2024-07-05,reprise_erp
4810,Baltic Transports SARL,DK,DKJ8867019,2025-04-18,reprise_erp
4811,Atlantic Services SAS,DK,DK72892585,2025-07-05,reprise_erp
4812,Vela Trading SARL,SE,  SE749364685001 ,2025-08-10,crm
4813,Delta Foods Sp. z o.o.,BE,0618886625,2025-01-17,reprise_erp
4814,Alpine Materials NV,IT,IT90529174204,2025-04-16,saisie_manuelle
4815,Orion Logistics A/S,BE,BE0101197724,2024-06-15,reprise_erp
4816,Solaris Services BV,DK,29302804,2024-11-21,portail_client
4817,Textil Technologies AB,FR,FR23555640931,2024-07-10,reprise_erp
4818,Global Trading A/S,IT,15 8519 14620,2025-09-27,import_fournisseur
4819,Cobalt Industries Lda,BE,0858749413,2025-07-19,reprise_erp
4820,Alpine Industries AB,BE,BE7163352453,2024-12-22,saisie_manuelle
4821,Kappa Distribution AB,NL,NL 4449 38448B53,2025-08-17,saisie_manuelle
4822,Textil Trading Sp. z o.o.,FR,FR778785K3904,2024-10-19,saisie_manuelle
4823,Alpine Trading A/S,NL,990697460B96,2025-06-06,import_fournisseur
4824,Solaris Foods NV,FI,FI01136460,2025-03-02,portail_client
4825,Corvus Distribution SA,DK,DK53204805,2025-06-19,import_fournisseur
4826,Kappa Services BV,BE,BE16630338210,2025-04-30,portail_client
4827,Alpine Transports Sp. z o.o.,PT,PT62672393,2024-06-22,portail_client
4828,Alpine Logistics SAS,FI,FI51512556,2024-09-16,portail_client
4829,Ardent Consulting Sp. z o.o.,UK,UK790551705,2024-11-24,saisie_manuelle
4830,Nord Transports SAS,BE,BE 1493 104073,2025-09-21,import_fournisseur
4831,Global Trading SpA,FR,  FR79532032574 ,2025-05-21,import_fournisseur
4832,Alpine Transports SARL,IT,IT 1926 7245777,2024-09-24,crm
4833,Meridian Industries SAS,PL,PL772M885911,2024-05-03,crm
4834,Metallo Consulting BV,NL,NL889246377B51,2024-02-08,crm
4835,Meridian Logistics Oy,BE,BE 0853 741738,2025-04-14,saisie_manuelle
4836,Baltic Foods BV,NL,NL071922921B92,2025-01-06,import_fournisseur
4837,Prima Technologies SARL,SE,SE-081902786301,2024-10-19,portail_client
4838,Atlantic Services SAS,PL,PL1471183207,2024-09-05,reprise_erp
4839,Hanse Technologies NV,PT,PT962579007,2024-04-13,portail_client
4840,Lumen Consulting AB,FI,FI8231762,2024-09-21,import_fournisseur
4841,Hanse Consulting SARL,PT,pt609235567,2024-01-03,crm
4842,Atlantic Distribution NV,SE,SE343215293601,2024-09-17,saisie_manuelle
4843,Verso Logistics SA,BE,BE0973843178,2025-02-07,saisie_manuelle
4844,Kappa Services SAS,LU,LU45280956,2024-12-28,portail_client
4845,Lumen Foods SAS,PT,PT72521724O,2024-08-12,reprise_erp
4846,Alpine Services A/S,PT,PT243568568,2025-05-15,reprise_erp
4847,Atlantic Foods SA,FR,FR719356089938,2025-07-29,import_fournisseur
4848,Baltic Transports SpA,IT,IT34944386639,2025-05-23,crm
4849,Corvus Industries AB,LU,LU33340410,2025-08-23,portail_client
4850,Delta Distribution BV,BE,BE1596050470,2024-11-29,saisie_manuelle
4851,Verso Consulting SAS,BE,BE1387589948,2024-10-23,import_fournisseur
4852,Verso Consulting SA,FR,FR45343493598,2024-12-20,portail_client
4853,Batavia Foods GmbH,BE,BE0480849883,2024-11-22,import_fournisseur
4854,Vela Logistics SpA,NL,NL764675898B63,2024-08-07,reprise_erp
4855,Batavia Technologies Sp. z o.o.,DK,DK4245174,2024-05-26,crm
4856,Alpine Materials AB,LU,LU-48518142,2024-03-10,reprise_erp
4857,Metallo Logistics SARL,FI,FI2807368,2025-05-20,portail_client
4858,Fabrica Materials SA,NL,NL244634538B75,2025-01-15,saisie_manuelle
4859,Verso Distribution SA,LU,LU46230236,2024-11-01,portail_client
4860,Vela Trading SA,IT,IT73956018953,2024-02-09,portail_client
4861,Meridian Technologies GmbH,SE,  SE382389283501 ,2024-12-22,saisie_manuelle
4862,Verso Technologies GmbH,NL, ,2024-02-25,portail_client
4863,Nord Transports SpA,NL,382869084B80,2024-11-27,saisie_manuelle
4864,Granit Logistics GmbH,NL,NL033157558B31,2024-12-13,reprise_erp
4865,Lumen Foods SpA,PT,PT169398447,2024-07-10,saisie_manuelle
4866,Hanse Consulting Sp. z o.o.,BE,BE0684515835,2024-08-13,crm
4867,Lumen Technologies GmbH,DK,,2025-01-27,reprise_erp
4868,Atlantic Consulting SAS,SE,SE934503039001,2024-06-13,saisie_manuelle
4869,Orion Industries Sp. z o.o.,PT,PT799017051,2025-07-03,saisie_manuelle
4870,Lusitania Distribution Sp. z o.o.,LU,LU89845185,2025-07-28,reprise_erp
4871,Atlantic Technologies SARL,PT,PT965025942,2024-09-08,reprise_erp
4872,Baltic Trading Lda,SE,SE689663543701,2025-04-09,import_fournisseur
4873,Lumen Consulting AB,LU,LU54965176,2024-09-17,saisie_manuelle
4874,Ardent Consulting BV,LU,LU681399156,2025-02-12,import_fournisseur
4875,Cobalt Distribution GmbH,PT,PT458063347,2024-03-28,saisie_manuelle
4876,Meridian Consulting Sp. z o.o.,BE,BE0632253324,2024-02-07,import_fournisseur
4877,Batavia Technologies BV,FR,FR1585G539306,2025-08-10,import_fournisseur
4878,Azur Distribution AB,PT,PT313483540,2025-06-06,import_fournisseur
4879,Orion Industries BV,FR,FR42672112525,2024-03-15,reprise_erp
4880,Cobalt Industries SAS,IT,IT327206173427,2024-09-15,portail_client
4881,Kappa Industries SpA,BE,BE0133814270,2025-08-09,crm
4882,Atlantic Trading Lda,FI,FI98270291,2024-10-25,portail_client
4883,Lumen Industries NV,FI,FI 5812 6511,2024-09-08,reprise_erp
4884,Meridian Technologies SAS,FI,FI60511697,2024-08-26,saisie_manuelle
4885,Verso Foods AB,LU,LU52820074,2024-04-26,saisie_manuelle
4886,Azur Industries SARL,PT,PT59K386169,2025-02-28,portail_client
4887,Vela Trading Oy,FI,FI16706905,2025-01-28,portail_client
4888,Corvus Technologies SA,PL,PL8980395878,2024-01-03,crm
4889,Baltic Technologies SAS,LU,LU45674586,2024-02-26,portail_client
4890,Solaris Consulting AB,ZZ,ZZ97322166139,2024-10-23,crm
4891,Cobalt Trading A/S,FR,FR18238738148,2024-11-14,portail_client
4892,Baltic Technologies GmbH,DK,DK05676607,2024-02-26,crm
4893,Nord Distribution SA,PL,8078418441,2025-01-26,reprise_erp
4894,Verso Consulting A/S,DK,DK97556547,2024-07-31,import_fournisseur
4895,Textil Distribution AB,NL,NL567220539B03,2025-09-18,saisie_manuelle
4896,Lumen Materials GmbH,BE,-,2024-05-01,reprise_erp
4897,Meridian Technologies A/S,LU,N/A,2025-07-30,reprise_erp
4898,Azur Industries SpA,IT,IT40621862685,2025-06-01,import_fournisseur
4899,Papyrus Consulting NV,FI,FI46590122,2024-09-04,saisie_manuelle
4900,Azur Foods Sp. z o.o.,DK,DK21681946,2024-12-07,saisie_manuelle
4901,Lumen Consulting AB,PL,PL2436704444,2024-12-09,portail_client
4902,Hanse Logistics BV,IT,IT73394580127,2025-06-21,saisie_manuelle
4903,Prima Technologies GmbH,FR,FR74936444998,2024-04-30,saisie_manuelle
4904,Lumen Technologies BV,NL,749052673B28,2025-09-22,portail_client
4905,Kappa Materials BV,LU,LU66000570,2025-05-21,saisie_manuelle
4906,Corvus Transports AB,PL,PL7383081427,2025-02-09,import_fournisseur
4907,Fabrica Logistics SAS,DK,DK53216244,2025-01-11,portail_client
4908,Global Industries SAS,IT,it25623245708,2025-07-02,saisie_manuelle
4909,Azur Consulting Sp. z o.o.,NL,nl447837965b94,2024-08-07,import_fournisseur
4910,Baltic Trading BV,FR,FR91204945765,2024-02-04,portail_client
4911,Meridian Industries BV,DK,DK3M631341,2024-05-14,saisie_manuelle
4912,Prima Technologies Oy,GB,GB768649258301,2025-04-16,reprise_erp
4913,Lusitania Materials SARL,FR,FR14500513830,2025-06-30,saisie_manuelle
4914,Metallo Distribution SA,DK,DK99251336,2024-04-10,portail_client
4915,Alpine Foods Lda,LU,LU14610354,2025-06-13,portail_client
4916,Lusitania Materials SA,FI,FI29579597,2025-05-02,crm
4917,Lumen Services SAS,DK,DK47391601,2024-10-14,reprise_erp
4918,Delta Transports GmbH,PT,PT190607007,2025-07-01,import_fournisseur
4919,Prima Foods SARL,IT,IT59353317676,2024-03-03,crm
4920,Solaris Technologies Oy,FI,FI95086119,2025-03-19,reprise_erp
4921,Hanse Industries BV,SE,SE586490334803,2024-10-05,portail_client
4922,Lumen Logistics SAS,BE,BE0592050386,2024-08-22,reprise_erp
4923,Alpine Transports Lda,FI,FI61147751,2024-05-27,portail_client
4924,Vertex Foods SpA,DK,DK32399149,2024-07-30,portail_client
4925,Vela Consulting Lda,QQ,QQ3201448861,2025-06-19,saisie_manuelle
4926,Granit Industries Oy,PL,PL404931640,2025-05-08,import_fournisseur
4927,Verso Logistics NV,FR,FRH8470373266,2025-03-07,reprise_erp
4928,Lusitania Technologies GmbH,NL,NL004650591B84,2024-04-21,crm
4929,Solaris Services SA,PT,230848648,2024-05-28,crm
4930,Global Industries SAS,PT,PT346987423,2024-11-13,portail_client
4931,Lumen Transports SAS,IT,IT16221115385,2025-07-17,crm
4932,Baltic Consulting A/S,BE,BE175K958579,2025-06-16,import_fournisseur
4933,Papyrus Technologies GmbH,ZZ,ZZ87609477118,2025-09-20,reprise_erp
4934,Atlantic Trading SAS,PL,PL3992418043,2024-02-17,saisie_manuelle
4935,Delta Trading Oy,PL,PL3007481256,2024-09-25,reprise_erp
4936,Corvus Trading Sp. z o.o.,DK,DK-86485206,2025-03-11,reprise_erp
4937,Kappa Consulting A/S,SE,SE092208241601,2024-12-25,saisie_manuelle
4938,Meridian Materials Lda,DK,DK09355383,2024-05-27,saisie_manuelle
4939,Orion Services Oy,LU,LU 9896 1423,2025-07-01,saisie_manuelle
4940,Lumen Industries Sp. z o.o.,BE,BE09945093M6,2024-03-15,reprise_erp
4941,Alpine Distribution A/S,DK,DK8945244,2025-03-14,saisie_manuelle
4942,Solaris Consulting GmbH,ZZ,ZZ60043485,2025-06-06,import_fournisseur
4943,Delta Distribution AB,FI,FI-05053881,2024-04-12,reprise_erp
4944,Alpine Industries SAS,NL,NL230309495B74,2024-11-16,import_fournisseur
4945,Cobalt Industries A/S,XX,XX0754414431,2024-04-07,reprise_erp
4946,Ardent Distribution BV,PL,PL2208647445,2024-08-19,crm
4947,Vertex Transports AB,SE,SE882897664001,2024-09-04,reprise_erp
4948,Ardent Materials AB,PL,PL4222112292,2025-08-10,crm
4949,Meridian Technologies SAS,SE,SE821330263401,2025-05-25,portail_client
4950,Lumen Materials Sp. z o.o.,PL,PL796223799O,2025-09-25,crm
4951,Prima Logistics NV,PT,PT361000537,2025-01-01,crm
4952,Fabrica Services AB,NL,NL621156760B46,2024-03-02,portail_client
4953,Orion Distribution BV,IT,IT 5535 1874098,2025-05-08,reprise_erp
4954,Global Foods GmbH,XX,XX22965110,2024-10-30,import_fournisseur
4955,Kappa Foods GmbH,FI,FI41132472,2024-11-13,crm
4956,Batavia Transports A/S,PT,pt967797012,2025-09-13,saisie_manuelle
4957,Kappa Distribution Sp. z o.o.,BE,BE.0783644786,2025-07-09,import_fournisseur
4958,Orion Industries SARL,FI,FI09104738,2025-05-31,crm
4959,Metallo Foods A/S,FI,FI.00550492,2024-12-28,saisie_manuelle
4960,Vela Materials BV,IT,IT70094894618,2024-10-06,reprise_erp
4961,Global Distribution GmbH,FI,FI50912307,2025-04-22,import_fournisseur
4962,Metallo Materials GmbH,PT,PT637458513,2024-03-20,saisie_manuelle
4963,Alpine Transports SARL,NL,NL.089278458B90,2025-08-18,reprise_erp
4964,Prima Logistics SA,DK,DK54654960,2025-01-19,saisie_manuelle
4965,Delta Materials SA,FI,FI 6439 2824,2025-04-23,portail_client
4966,Batavia Materials SARL,FI,FI6048921,2024-03-23,crm
4967,Azur Logistics BV,PT,PT-705557510,2024-08-20,portail_client
4968,Ardent Logistics Sp. z o.o.,PT,pt485417863,2024-10-20,import_fournisseur
4969,Baltic Consulting A/S,IT,IT29060474846,2024-11-14,import_fournisseur
4970,Lumen Logistics Oy,PL,PL4339043275,2025-03-13,import_fournisseur
4971,Metallo Foods NV,NL,NL168738089B68,2024-09-20,reprise_erp
4972,Batavia Logistics Lda,PL,PL2495304918,2025-05-11,saisie_manuelle
4973,Nord Transports SAS,SE,-,2024-09-30,import_fournisseur
4974,Orion Logistics Oy,FR,fr21460594997,2025-09-09,saisie_manuelle
4975,Lusitania Foods SAS,DK,DK 1164 3299,2025-06-24,reprise_erp
4976,Textil Technologies AB,IT,IT23121977104,2024-05-23,reprise_erp
4977,Verso Logistics Lda,NL,NL9774M7997B15,2025-07-18,reprise_erp
4978,Vertex Distribution SAS,BE,BE0761381873,2024-10-31,reprise_erp
4979,Alpine Industries SARL,NL,NL636967296B23,2024-03-26,crm
4980,Prima Distribution AB,PT,PT804958602,2024-06-21,crm
4981,Cobalt Trading Lda,FR,FR-63466775172,2025-02-25,reprise_erp
4982,Alpine Consulting A/S,IT,IT-63351136831,2024-08-18,reprise_erp
4983,Solaris Services Sp. z o.o.,FR,FR46806561672,2024-01-05,import_fournisseur
4984,Orion Distribution Oy,IT,IT4342482308,2025-03-14,reprise_erp
4985,Orion Consulting AB,SE,SE40750303630,2025-09-02,reprise_erp
4986,Corvus Materials SARL,LU,39162626,2025-09-24,crm
4987,Global Technologies NV,DK,DK93582014,2025-05-17,saisie_manuelle
4988,Ardent Foods SA,SE,SE7464356224019,2024-05-09,reprise_erp
4989,Nord Materials A/S,DK,DK27262907,2025-02-18,saisie_manuelle
4990,Meridian Industries Sp. z o.o.,SE,SE228594945501,2025-05-18,reprise_erp
4991,Meridian Technologies SA,LU,LU3202634,2025-06-19,saisie_manuelle
4992,Atlantic Distribution SpA,DK,DK31628199,2025-05-27,import_fournisseur
4993,Alpine Services SpA,FR,FR536579559936,2024-10-05,import_fournisseur
4994,Prima Consulting AB,IT,IT-81925327181,2024-10-13,crm
4995,Hanse Technologies GmbH,PL,PL10979438544,2024-09-01,portail_client
4996,Granit Trading NV,LU,LU44598910,2024-08-22,portail_client
4997,Alpine Materials SAS,SE,SE588284414501,2024-12-28,import_fournisseur
4998,Batavia Consulting AB,IT,IT61842900554,2025-05-19,portail_client
4999,Lumen Materials AB,LU,LU36014733,2025-07-19,saisie_manuelle
5000,Metallo Trading Sp. z o.o.,FR,FR19152061242,2025-09-08,portail_client
5001,Hanse Logistics SA,NL,NL395952679B52,2024-04-19,portail_client
5002,Lusitania Logistics NV,FI,74096682,2025-08-09,crm
5003,Textil Services NV,DK,  DK99127783 ,2025-09-01,portail_client
5004,Delta Foods GmbH,FI, ,2024-07-02,saisie_manuelle
5005,Meridian Transports SpA,SE,SE842121147701,2024-11-25,portail_client
5006,Metallo Consulting Oy,PT,PT743736360,2024-02-09,import_fournisseur
5007,Global Logistics Lda,DK,DK.31573947,2025-06-23,saisie_manuelle
5008,Vertex Materials BV,PT,PT263891461,2024-03-19,import_fournisseur
5009,Solaris Foods Lda,DK,DK249590311,2025-03-22,saisie_manuelle
5010,Vela Services A/S,IT,IT17563943857,2024-03-02,portail_client
5011,Vela Logistics SARL,FR,FR18356949720,2024-02-08,import_fournisseur
5012,Prima Industries A/S,GB,GB1165727153,2024-08-14,reprise_erp
5013,Delta Trading SAS,PT,PT782583083,2025-05-28,saisie_manuelle
5014,Alpine Foods Sp. z o.o.,NL,NL.236936530B31,2024-12-14,import_fournisseur
5015,Azur Logistics AB,NL,NL413870297B900,2024-07-12,portail_client
5016,Hanse Transports Lda,PT,PT486385759,2025-06-11,reprise_erp
5017,Solaris Consulting SAS,DK,DK01226673,2025-05-05,import_fournisseur
5018,Metallo Services NV,LU,LU81225927,2024-05-17,saisie_manuelle
5019,Vela Industries GmbH,BE,BE0462335583,2024-12-04,import_fournisseur
5020,Global Distribution Sp. z o.o.,FI, ,2024-06-12,portail_client
5021,Delta Materials BV,DK,DK65188198,2025-03-23,crm
5022,Fabrica Services SA,PT,PT.985587679,2024-11-06,crm
5023,Baltic Distribution A/S,BE,BE0O41586517,2024-02-08,saisie_manuelle
5024,Alpine Foods GmbH,FI,94787579,2025-06-28,import_fournisseur
5025,Metallo Transports Oy,LU,LU40877385,2025-03-22,import_fournisseur
5026,Papyrus Technologies Oy,NL,NL446408416B84,2025-04-22,import_fournisseur
5027,Solaris Logistics SARL,IT,IT64698641522,2024-09-23,saisie_manuelle
5028,Papyrus Services AB,PT,PT.348106106,2024-10-20,saisie_manuelle
5029,Prima Transports SA,SE,SE921719655001,2025-06-22,portail_client
5030,Atlantic Logistics AB,DK,DK10502314,2025-05-07,portail_client
5031,Hanse Industries Lda,PT,pt479192286,2025-09-22,crm
5032,Delta Technologies SA,XX,XX028344042B60,2025-03-03,crm
5033,Hanse Logistics Lda,PT,PT857112988,2024-07-01,saisie_manuelle
5034,Lumen Industries AB,FI,FI92843942,2025-05-14,portail_client
5035,Papyrus Services NV,FR,FR27873440579,2025-06-18,portail_client
5036,Kappa Technologies GmbH,PL,PL8948536680,2024-11-26,import_fournisseur
5037,Atlantic Services Sp. z o.o.,BE,BE1105148318,2024-06-18,import_fournisseur
5038,Fabrica Materials Oy,SE,SE5435104004G1,2024-08-02,saisie_manuelle
5039,Prima Consulting SARL,DK,DK.10774470,2025-08-10,crm
5040,Granit Technologies BV,SE,SE784250986101,2025-01-27,reprise_erp
5041,Granit Trading Lda,PL,PL5246799549,2024-05-21,import_fournisseur
5042,Batavia Technologies Sp. z o.o.,IT,  IT95608621868 ,2024-05-26,import_fournisseur
5043,Azur Consulting AB,PL,PL7636024030,2024-09-22,crm
5044,Batavia Distribution SARL,QQ,QQ0161530734,2024-11-16,portail_client
5045,Cobalt Logistics Oy,DK,null,2024-05-19,saisie_manuelle
5046,Nord Consulting SARL,FI,  FI87463699 ,2024-12-21,reprise_erp
5047,Vertex Materials SARL,IT,IT32778243330,2024-05-01,saisie_manuelle
5048,Global Technologies Sp. z o.o.,BE,BE0672580182,2024-07-26,portail_client
5049,Alpine Services SpA,PL,PL226051829,2024-08-04,reprise_erp
5050,Vertex Foods BV,PT,PT.352636980,2025-05-15,portail_client
5051,Meridian Transports SARL,FI,42437091,2024-05-16,saisie_manuelle
5052,Verso Services Oy,QQ,QQ1715391055,2025-02-13,portail_client
5053,Atlantic Distribution SARL,DK,DK33455232,2025-04-10,crm
5054,Verso Foods A/S,IT,IT55448688980,2025-08-06,portail_client
5055,Granit Services A/S,NL,NL7J7888987B67,2024-01-14,portail_client
5056,Meridian Services NV,PT,PT617365903,2024-04-01,portail_client
5057,Cobalt Trading GmbH,NL,NL838725090B64,2024-04-23,saisie_manuelle
5058,Verso Distribution SARL,LU,LU17062613,2024-04-16,saisie_manuelle
5059,Lumen Transports SA,FI,FI38594879,2025-02-06,saisie_manuelle
5060,Azur Transports SA,LU,lu82881143,2025-05-07,import_fournisseur
5061,Corvus Foods Lda,PT,PT123291682,2024-09-14,crm
5062,Nord Distribution SpA,DK,DK67254864,2024-02-13,saisie_manuelle
5063,Corvus Industries Oy,FR,FR71324398510,2024-05-20,import_fournisseur
5064,Solaris Technologies GmbH,LU,LU72973221,2024-02-09,reprise_erp
5065,Global Trading SA,BE,BE0750016668,2025-02-20,reprise_erp
5066,Prima Materials SpA,PL,PL8481147783,2025-04-19,portail_client
5067,Batavia Consulting Sp. z o.o.,FR,FR28789057046,2024-03-25,saisie_manuelle
5068,Vertex Technologies AB,FI,FI97324991,2025-09-03,portail_client
5069,Azur Distribution SA,XX,XX5584885226,2024-10-08,portail_client
5070,Ardent Services GmbH,PT,PT 3880 38217,2024-11-28,reprise_erp
5071,Ardent Trading Oy,FI,  FI22624850 ,2024-12-30,import_fournisseur
5072,Papyrus Distribution Lda,SE,SE3031K5394801,2025-07-27,reprise_erp
5073,Global Distribution Lda,BE,1530182918,2024-12-21,crm
5074,Textil Services BV,PL,pl2203016042,2024-08-24,import_fournisseur
5075,Textil Logistics SAS,SE,SE393O09883101,2024-03-30,reprise_erp
5076,Baltic Consulting SpA,BE,BE-1845963448,2025-01-01,saisie_manuelle
5077,Lusitania Logistics Lda,BE,BE1375041910,2025-04-06,reprise_erp
5078,Ardent Logistics A/S,IT,IT26170652621,2025-09-27,crm
5079,Global Logistics AB,IT,IT59442M72921,2025-06-20,import_fournisseur
5080,Fabrica Transports A/S,PL,-,2025-05-09,import_fournisseur
5081,Atlantic Distribution SA,DK,DK08770920,2024-04-10,portail_client
5082,Azur Trading SpA,SE,SE39227387560,2024-12-30,portail_client
5083,Vela Trading GmbH,DK,DK97044953,2024-08-28,crm
5084,Vela Distribution NV,PT,PT.145354750,2025-05-16,saisie_manuelle
5085,Atlantic Transports NV,UK,UK01564781,2025-04-03,portail_client
5086,Corvus Industries SAS,SE,SE 5141 21049101,2025-09-23,portail_client
5087,Prima Materials Lda,PT,PT577180830,2025-02-23,crm
5088,Vela Logistics NV,PT,PT54220091,2025-04-18,reprise_erp
5089,Azur Logistics GmbH,FI,,2024-06-25,saisie_manuelle
5090,Azur Foods GmbH,LU,LU87263761,2025-03-01,crm
5091,Solaris Transports GmbH,FI,FI09294092,2024-09-16,crm
5092,Granit Technologies Sp. z o.o.,PT,PT246913665,2025-08-25,crm
5093,Atlantic Foods Lda,NL,NL334641196B51,2025-04-04,portail_client
5094,Kappa Materials A/S,FR,FR 9229 0683548,2025-09-09,import_fournisseur
5095,Azur Foods Sp. z o.o.,SE,833007627701,2025-03-19,import_fournisseur
5096,Vertex Consulting SA,PL,PL3106704890,2025-06-07,saisie_manuelle
5097,Prima Transports SARL,SE,SE-793597541201,2024-09-06,import_fournisseur
5098,Orion Services NV,IT,it12656358780,2025-01-06,import_fournisseur
5099,Batavia Technologies SARL,NL,NL356702157B16,2024-10-05,saisie_manuelle
5100,Nord Industries Sp. z o.o.,DK,DK.20446005,2024-08-09,crm
5101,Papyrus Trading SA,LU,LU 4828 3207,2024-12-25,crm
5102,Global Consulting SARL,FI,FI22790971,2025-06-08,saisie_manuelle
5103,Lusitania Materials Lda,SE,SE433150227001,2024-07-30,portail_client
5104,Papyrus Logistics Sp. z o.o.,BE,BE1339232379,2025-04-24,crm
5105,Granit Technologies SARL,PT,PTG62869454,2025-03-26,portail_client
5106,Global Technologies AB,PL,PL502071961,2025-08-23,crm
5107,Granit Materials Oy,FI,FI-80158122,2025-06-27,crm
5108,Granit Consulting Oy,NL,NL160186511B76,2025-08-16,reprise_erp
5109,Prima Materials Lda,IT,it34367837969,2025-02-22,reprise_erp
5110,Granit Foods SA,LU,LU82510272,2025-03-27,saisie_manuelle
5111,Fabrica Services SARL,FI,FI97859250,2025-05-20,import_fournisseur
5112,Azur Foods SAS,DK,DK6K399097,2025-01-06,saisie_manuelle
5113,Batavia Consulting SA,SE,SE746785963801,2024-05-31,import_fournisseur
5114,Orion Industries A/S,PL,  PL2022116805 ,2025-07-20,import_fournisseur
5115,Delta Foods NV,SE,SE160572144601,2025-09-07,portail_client
5116,Textil Materials Lda,FR,FR49530093922,2024-11-20,portail_client
5117,Azur Distribution SAS,BE,BE1478084812,2025-02-26,crm
5118,Vertex Consulting BV,SE,  SE057537644701 ,2024-05-03,import_fournisseur
5119,Granit Industries GmbH,PL,PL 8238 125648,2024-09-30,reprise_erp
5120,Global Industries SAS,FR,FR72614908240,2024-06-14,portail_client
5121,Lusitania Transports Sp. z o.o.,PT,PT 5589 72110,2025-05-25,saisie_manuelle
5122,Global Foods A/S,NL,424166045B72,2025-02-03,crm
5123,Ardent Consulting AB,SE,656178108601,2025-04-28,import_fournisseur
5124,Vertex Logistics Oy,PL,PL9617376705,2024-02-24,crm
5125,Delta Technologies AB,DK,79034983,2024-04-24,import_fournisseur
5126,Corvus Distribution BV,SE,421362844101,2025-01-18,import_fournisseur
5127,Global Logistics GmbH,SE,SE671479063801,2024-07-28,import_fournisseur
5128,Vertex Transports SA,FR,FR54339756094,2024-05-21,portail_client
5129,Textil Consulting BV,SE,SE504064402201,2025-09-25,portail_client
5130,Cobalt Materials SA,XX,XX68993685442,2024-04-02,crm
5131,Lusitania Consulting NV,LU,lu49623358,2024-03-14,reprise_erp
5132,Lumen Technologies SARL,IT,IT-65449079949,2024-11-02,saisie_manuelle
5133,Cobalt Distribution Lda,PL,PL2454886220,2024-05-11,crm
5134,Granit Materials Sp. z o.o.,PL,PL5256802075,2024-09-03,crm
5135,Global Distribution A/S,NL,NL 4849 84330B17,2025-08-06,portail_client
5136,Batavia Consulting NV,LU,LU.10275448,2025-06-20,reprise_erp
5137,Solaris Foods Lda,FR,FR25105793895,2024-03-04,portail_client
5138,Cobalt Materials SA,NL,NL846622270B01,2024-04-14,import_fournisseur
5139,Baltic Transports NV,BE,BE1586078573,2024-12-31,crm
5140,Solaris Consulting Oy,PL,PL7001552538,2024-04-23,saisie_manuelle
5141,Vertex Logistics AB,FR,FR76400973060,2025-04-05,crm
5142,Granit Trading SpA,SE,se356091093101,2025-03-18,saisie_manuelle
5143,Cobalt Transports SA,FI,FI86475698,2024-12-20,portail_client
5144,Alpine Consulting Lda,DK,DK23834451,2024-08-03,saisie_manuelle
5145,Kappa Distribution SARL,FI, ,2025-05-21,import_fournisseur
5146,Textil Trading A/S,PL,PL 3778 850474,2025-07-27,crm
5147,Azur Logistics BV,IT,64765343641,2024-01-09,saisie_manuelle
5148,Atlantic Trading BV,NL,NL-201203972B70,2024-01-02,crm
5149,Cobalt Logistics SAS,BE,BE1647202748,2024-11-30,import_fournisseur
5150,Global Logistics AB,BE,BE1266667966,2024-02-19,reprise_erp
5151,Solaris Services Sp. z o.o.,BE,BE0254519981,2024-09-09,reprise_erp
5152,Vela Distribution NV,PL,PL9208705040,2024-02-16,reprise_erp
5153,Delta Distribution SpA,PT,pt156165872,2024-07-19,saisie_manuelle
5154,Alpine Logistics NV,FI,FI4403585K,2025-01-27,reprise_erp
5155,Delta Consulting Sp. z o.o.,FI,FI22937734,2024-11-10,crm
5156,Kappa Services Lda,DK,DK 9410 7164,2025-07-13,import_fournisseur
5157,Orion Logistics Sp. z o.o.,SE,SE 8273 11432501,2024-07-17,import_fournisseur
5158,Fabrica Trading A/S,NL,NL857476622B627,2024-10-29,reprise_erp
5159,Kappa Logistics SARL,IT,IT25991852465,2024-01-22,reprise_erp
5160,Atlantic Foods Lda,SE,SE0065706202018,2025-01-27,reprise_erp
5161,Fabrica Transports Lda,ZZ,ZZ646016143001,2024-09-12,crm
5162,Atlantic Industries BV,DK,DK39183056,2024-12-19,saisie_manuelle
5163,Prima Foods BV,IT,IT78130325492,2025-06-17,import_fournisseur
5164,Atlantic Logistics SARL,FI,FI09952853,2024-02-01,saisie_manuelle
5165,Delta Industries SA,PL,PL2589391444,2024-12-02,crm
5166,Textil Transports AB,PL,PL3841166340,2024-10-08,reprise_erp
5167,Vertex Foods BV,PT,PT949126012,2024-08-07,portail_client
5168,Azur Consulting A/S,PL,PL2920985142,2025-06-08,reprise_erp
5169,Verso Foods SAS,BE,BE166079470,2025-04-21,saisie_manuelle
5170,Metallo Distribution Sp. z o.o.,FI,FI497328431,2024-11-12,reprise_erp
5171,Papyrus Logistics SpA,DK,DK6121000,2024-12-07,reprise_erp
5172,Metallo Services GmbH,FR,FR77483902402,2024-11-04,crm
5173,Lumen Services SA,PT,PT989248197,2024-10-11,import_fournisseur
5174,Solaris Trading SARL,FR,FR35343227459,2025-08-11,import_fournisseur
5175,Vela Services SARL,DK,45505774,2024-07-13,import_fournisseur
5176,Orion Logistics SARL,PL,PL5148013565,2025-09-30,portail_client
5177,Vertex Materials Oy,SE,SE782965971801,2025-09-16,saisie_manuelle
5178,Baltic Consulting Lda,FI,fi02147650,2025-05-17,reprise_erp
5179,Baltic Industries Lda,PT,PT 9229 42757,2024-02-07,portail_client
5180,Ardent Foods SARL,LU,LU91412607,2024-04-14,import_fournisseur
5181,Global Industries Sp. z o.o.,BE,BE4561295469,2024-05-03,saisie_manuelle
5182,Ardent Consulting AB,LU,LU64505374,2025-02-23,saisie_manuelle
5183,Cobalt Materials A/S,DK,DK30104481,2025-07-04,import_fournisseur
5184,Solaris Logistics A/S,FI,FI-53174290,2024-12-21,import_fournisseur
5185,Nord Consulting GmbH,FI,FI46546287,2024-04-15,crm
5186,Verso Trading Oy,BE,BE1708762391,2025-04-30,crm
5187,Verso Technologies NV,IT,IT78964597928,2024-11-10,reprise_erp
5188,Azur Industries BV,PT,PT286862140,2025-07-09,reprise_erp
5189,Fabrica Consulting AB,FR,FR52017731240,2024-10-20,import_fournisseur
5190,Vertex Industries Sp. z o.o.,FI,  FI10662489 ,2024-10-17,import_fournisseur
5191,Corvus Logistics SARL,FR,  FR01849710943 ,2025-10-01,saisie_manuelle
5192,Textil Industries Lda,FI,FI34496622,2024-06-16,reprise_erp
5193,Orion Services SAS,FI,FI63676163,2024-08-20,saisie_manuelle
5194,Textil Distribution SARL,PL,PL4605951307,2024-03-06,saisie_manuelle
5195,Textil Trading A/S,FR,FR59863577468,2024-02-25,reprise_erp
5196,Azur Foods SARL,UK,UK343560629201,2025-02-24,saisie_manuelle
5197,Granit Services A/S,SE,SE3071157998014,2024-04-17,crm
5198,Corvus Distribution BV,IT,IT15254945163,2024-01-14,portail_client
5199,Solaris Logistics GmbH,BE,BE1859377261,2025-07-15,crm
5200,Granit Materials GmbH,FI,fi849155738,2025-08-09,reprise_erp
5201,Fabrica Consulting SARL,SE,SE-531045002701,2024-04-28,import_fournisseur
5202,Global Transports Lda,FR,FR53555678196,2025-09-24,saisie_manuelle
5203,Meridian Materials SARL,SE,  SE696497205001 ,2024-06-12,portail_client
5204,Metallo Consulting SpA,DK,DK76568081,2024-06-02,import_fournisseur
5205,Delta Foods NV,DK,DK84561932,2024-07-28,portail_client
5206,Fabrica Industries AB,PL,pl8382585994,2025-07-30,reprise_erp
5207,Verso Consulting GmbH,IT,IT57641698493,2024-02-05,portail_client
5208,Fabrica Industries SA,FR,FR.81682499201,2024-03-15,reprise_erp
5209,Corvus Trading GmbH,SE,SE232171422501,2024-01-16,portail_client
5210,Nord Distribution Lda,NL,NL979610230B388,2025-01-16,saisie_manuelle
5211,Orion Consulting GmbH,SE,se072491698601,2025-02-14,import_fournisseur
5212,Fabrica Consulting AB,LU,LU53684800,2025-03-22,reprise_erp
5213,Lusitania Services Sp. z o.o.,NL,NL728384364B66,2024-12-17,crm
5214,Alpine Logistics SARL,NL,  NL965397671B97 ,2024-10-17,import_fournisseur
5215,Papyrus Logistics SARL,BE,BE7958511339,2024-08-16,reprise_erp
5216,Verso Logistics BV,IT,IT51826577192,2024-08-24,crm
5217,Azur Logistics A/S,PL,PL5319270410,2025-04-05,import_fournisseur
5218,Atlantic Transports NV,PL,pl9559785320,2024-10-20,reprise_erp
5219,Verso Consulting SAS,FI,FI36470071,2024-04-01,reprise_erp
5220,Metallo Consulting NV,IT,IT05617488928,2024-12-03,reprise_erp
5221,Hanse Materials SARL,BE,BE0267776517,2024-10-21,import_fournisseur
5222,Global Industries Sp. z o.o.,FR,72235477899,2024-01-07,import_fournisseur
5223,Meridian Transports AB,BE,BE0946978336,2024-06-27,import_fournisseur
5224,Hanse Distribution AB,LU,LU14117723,2024-05-23,import_fournisseur
5225,Lusitania Logistics SAS,FR,FR37938078537,2024-03-09,crm
5226,Baltic Logistics Sp. z o.o.,BE,BE1712418202,2024-04-13,reprise_erp
5227,Granit Transports GmbH,IT,IT 8361 8989954,2025-01-29,crm
5228,Alpine Trading NV,BE,BE027968584,2024-07-26,portail_client
5229,Vela Distribution NV,BE,BE0377824205,2024-06-24,reprise_erp
5230,Lusitania Materials Sp. z o.o.,LU,LU12156075,2025-01-24,reprise_erp
5231,Atlantic Services AB,PT,PT3246493049,2024-09-03,crm
5232,Baltic Consulting GmbH,FI,FI50167423,2024-05-08,saisie_manuelle
5233,Hanse Technologies Oy,LU,LU 8095 6420,2025-01-22,crm
5234,Batavia Foods BV,GB,GB205545017,2025-01-14,portail_client
5235,Vela Materials A/S,IT,IT70698642087,2025-01-30,reprise_erp
5236,Kappa Logistics Oy,FI,,2024-03-16,crm
5237,Hanse Industries A/S,PT,PT316317659,2025-08-02,saisie_manuelle
5238,Baltic Distribution AB,FR,FR52950684371,2025-04-21,reprise_erp
5239,Lusitania Services SARL,BE,BE0631593724,2025-07-25,crm
5240,Delta Technologies Lda,BE,be1178956806,2025-05-28,saisie_manuelle
5241,Batavia Logistics GmbH,FI,FI46991866,2024-03-12,saisie_manuelle
5242,Nord Materials BV,PL,PL.7077620335,2024-08-13,portail_client
5243,Hanse Technologies GmbH,FR,FR0228518817O,2024-05-06,import_fournisseur
5244,Papyrus Distribution SA,DK,DK77132694,2025-09-24,reprise_erp
5245,Granit Services SARL,FI,FI20738758,2024-05-12,import_fournisseur
5246,Cobalt Trading SA,DK,DK89966817,2025-04-12,saisie_manuelle
5247,Granit Materials A/S,DK,dk92760049,2025-02-17,crm
5248,Fabrica Services A/S,PL,PL3555157463,2024-01-21,saisie_manuelle
5249,Azur Logistics NV,BE,BE-1417370136,2024-06-02,portail_client
5250,Lumen Transports GmbH,FR,FR44841694085,2024-05-24,reprise_erp
5251,Lumen Trading SpA,IT,  IT52072049376 ,2024-04-16,crm
5252,Granit Logistics SA,QQ,QQ19312119,2024-06-06,reprise_erp
5253,Atlantic Technologies SA,NL,NL191755542B09,2024-03-04,saisie_manuelle
5254,Baltic Distribution A/S,DK,null,2024-02-13,portail_client
5255,Verso Materials AB,UK,UK602869821B40,2024-06-22,reprise_erp
5256,Prima Trading BV,SE,  SE639006457101 ,2024-06-15,saisie_manuelle
5257,Prima Logistics Lda,FI,FI467J7761,2024-04-01,reprise_erp
5258,Granit Distribution GmbH,FI,16549823,2024-03-05,saisie_manuelle
5259,Delta Materials Lda,ZZ,ZZ6854186534,2024-02-09,saisie_manuelle
5260,Solaris Logistics Oy,NL,NL724793914B96,2025-08-03,crm
5261,Textil Trading SAS,BE,  BE0378317024 ,2025-03-22,portail_client
5262,Granit Consulting Sp. z o.o.,FI,  FI32524167 ,2025-06-20,crm
5263,Prima Trading BV,NL,NL447647339B74,2025-09-30,saisie_manuelle
5264,Verso Distribution BV,XX,XX272417932B59,2024-08-01,crm
5265,Vela Technologies SA,LU,LU5543384,2024-02-26,import_fournisseur
5266,Solaris Industries A/S,PT,PT97157873O,2025-03-22,reprise_erp
5267,Alpine Trading Oy,PL,  PL2550442916 ,2024-01-16,saisie_manuelle
5268,Kappa Logistics SA,BE,-,2025-09-21,reprise_erp
5269,Prima Materials SpA,NL,NL382321194B98,2025-03-21,reprise_erp
5270,Hanse Industries BV,DK,DK-98978585,2025-07-21,portail_client
5271,Solaris Trading A/S,PL,pl5149196160,2025-03-10,import_fournisseur
5272,Solaris Materials Sp. z o.o.,BE,BE6493736532,2025-08-17,saisie_manuelle
5273,Ardent Transports GmbH,LU,LU23413363,2024-07-06,import_fournisseur
5274,Lusitania Logistics SARL,DK,DK48993435,2025-03-11,reprise_erp
5275,Delta Materials SAS,IT,IT0723M366453,2024-08-29,reprise_erp
5276,Hanse Trading AB,FI,FI28521326,2024-05-20,reprise_erp
5277,Textil Materials BV,FI,FI66913687,2024-03-27,reprise_erp
5278,Verso Distribution BV,LU,LU235771102,2024-04-09,portail_client
5279,Metallo Services Sp. z o.o.,PT,PT149644361,2025-06-04,reprise_erp
5280,Atlantic Industries Sp. z o.o.,NL,030954459B17,2024-06-28,saisie_manuelle
5281,Azur Logistics Lda,FR,FR.66927648280,2025-08-22,reprise_erp
5282,Vertex Distribution SARL,IT,IT14585645821,2024-11-14,crm
5283,Lumen Distribution A/S,FI,FI979G8746,2024-11-01,import_fournisseur
5284,Vela Foods BV,PL,PL7481399H69,2024-07-28,saisie_manuelle
5285,Solaris Distribution Sp. z o.o.,NL,NL404715643B63,2025-02-14,portail_client
5286,Vela Foods Oy,BE,  BE1114526832 ,2025-08-15,crm
5287,Nord Foods SA,LU,  LU17590238 ,2025-04-15,saisie_manuelle
5288,Papyrus Consulting Sp. z o.o.,NL,NL284571593B30,2024-03-27,import_fournisseur
5289,Baltic Consulting NV,PT,PT 7187 76984,2024-09-13,saisie_manuelle
5290,Batavia Materials A/S,PT,PT-527154806,2025-01-05,saisie_manuelle
5291,Vertex Distribution SA,PT,PT141301732,2024-04-06,import_fournisseur
5292,Nord Materials GmbH,PT,PT985088575,2024-04-29,portail_client
5293,Textil Trading NV,FR,FR95626512757,2024-12-07,import_fournisseur
5294,Verso Transports SA,IT,IT28257123547,2025-07-01,import_fournisseur
5295,Kappa Distribution SpA,PT,PT218990708,2024-12-11,import_fournisseur
5296,Lumen Foods SAS,PT,PT 9010 61158,2025-10-01,portail_client
5297,Baltic Materials Sp. z o.o.,DK,DK.35787992,2024-05-29,reprise_erp
5298,Prima Logistics GmbH,IT,IT92362546068,2025-02-13,crm
5299,Ardent Materials SARL,LU,LU38025850,2024-05-11,saisie_manuelle
5300,Granit Trading NV,FR,FR.82580667211,2025-04-11,import_fournisseur
5301,Metallo Logistics AB,NL,NL652840735B01,2024-05-01,crm
5302,Nord Consulting NV,IT,IT.28251138260,2024-11-28,saisie_manuelle
5303,Meridian Distribution Sp. z o.o.,DK,DK93818008,2024-09-10,import_fournisseur
5304,Granit Services Sp. z o.o.,PL,PL6140516468,2024-06-15,portail_client
5305,Orion Transports Sp. z o.o.,XX,XX03264781,2024-02-23,reprise_erp
5306,Verso Trading SAS,FI,FI96228375,2024-07-30,portail_client
5307,Kappa Logistics SA,PT,608732281,2025-08-24,import_fournisseur
5308,Nord Distribution A/S,PT,PT298223408,2024-12-11,crm
5309,Orion Industries SpA,PT,pt632395311,2024-12-02,saisie_manuelle
5310,Hanse Foods BV,PL,PL0614586000,2025-09-27,import_fournisseur
5311,Vela Technologies Oy,LU,LU71491267,2025-03-13,reprise_erp
5312,Textil Transports A/S,NL,NL525001610B88,2025-07-10,saisie_manuelle
5313,Nord Logistics SARL,FI,FI68179350,2024-09-29,portail_client
5314,Lusitania Distribution Oy,PT,PT9581389748,2024-05-08,import_fournisseur
5315,Fabrica Transports SA,IT,IT43579843723,2024-12-22,portail_client
5316,Baltic Services A/S,BE,BE-0444280289,2024-06-08,import_fournisseur
5317,Alpine Transports GmbH,NL,NL216979067B97,2024-06-29,import_fournisseur
5318,Delta Consulting SA,PT,PT559329938,2024-11-30,reprise_erp
5319,Lumen Transports SA,FR,FR5871510561,2024-10-10,reprise_erp
5320,Azur Trading SA,DK,DK72723163,2024-11-24,reprise_erp
5321,Baltic Trading Sp. z o.o.,SE,SE000880772901,2024-11-03,crm
5322,Kappa Industries Sp. z o.o.,PT,PT207167438,2024-01-26,import_fournisseur
5323,Lusitania Materials NV,PL,PL6711065590,2024-02-18,reprise_erp
5324,Lusitania Transports GmbH,NL,913629686B19,2024-10-19,crm
5325,Vertex Services SA,NL,530029133B23,2025-01-02,crm
5326,Azur Logistics A/S,PT,PT628479204,2025-03-25,saisie_manuelle
5327,Hanse Foods A/S,NL,NL840329173B35,2025-09-22,portail_client
5328,Baltic Services BV,IT,IT97722024177,2025-04-18,portail_client
5329,Solaris Foods SA,FR,FR.87140775834,2024-02-26,portail_client
5330,Azur Consulting GmbH,IT,IT711015818H5,2025-04-16,portail_client
5331,Kappa Transports Oy,PL,PL8171864740,2024-07-15,saisie_manuelle
5332,Hanse Trading SA,DK,dk36655135,2025-04-10,reprise_erp
5333,Baltic Foods SA,XX,XX1381274555,2024-06-13,import_fournisseur
5334,Granit Technologies A/S,PL,PL-3356608041,2024-05-20,portail_client
5335,Delta Industries SAS,IT,IT6062J896356,2025-08-30,portail_client
5336,Cobalt Transports A/S,IT,IT86307068341,2024-10-02,crm
5337,Metallo Consulting SAS,LU,LU-18552347,2024-10-01,portail_client
5338,Metallo Logistics AB,DK,DK8039915,2024-01-18,portail_client
5339,Granit Technologies SAS,LU,LU74175281,2024-10-16,crm
5340,Vertex Technologies Oy,FR,FR39696529558,2024-07-23,crm
5341,Batavia Logistics Sp. z o.o.,PT,PT722994885,2024-12-19,portail_client
5342,Verso Industries NV,BE,be0797827770,2024-04-24,portail_client
5343,Kappa Transports SA,PT,PT582958109,2024-03-30,portail_client
5344,Lumen Transports SAS,BE,BE1232032335,2024-06-09,reprise_erp
5345,Papyrus Materials BV,PL,PL9460143817,2024-08-15,import_fournisseur
5346,Corvus Services BV,PT,PT406794855,2025-04-25,reprise_erp
5347,Cobalt Services SARL,LU,LU56822145,2024-06-08,reprise_erp
5348,Prima Transports A/S,PT,PT262032708,2024-03-13,crm
5349,Prima Materials A/S,ZZ,ZZ491557264,2025-04-14,saisie_manuelle
5350,Orion Industries Lda,PT,PT.261512650,2025-06-08,crm
5351,Batavia Foods Lda,BE,BE0611241639,2025-04-08,reprise_erp
5352,Global Foods Oy,SE,164745959101,2024-12-17,saisie_manuelle
5353,Global Consulting GmbH,BE,BE0962592960,2024-04-23,saisie_manuelle
5354,Papyrus Trading AB,BE,BE0346350970,2025-06-18,portail_client
5355,Prima Transports SARL,SE,SE601600327601,2025-02-15,import_fournisseur
5356,Hanse Foods A/S,PL,PL5085606337,2025-06-20,portail_client
5357,Delta Distribution AB,SE,SE177928841201,2024-05-23,reprise_erp
5358,Baltic Services A/S,NL,NL560963117B01,2024-07-06,reprise_erp
5359,Nord Distribution A/S,PL,PL1352544113,2024-04-02,saisie_manuelle
5360,Cobalt Distribution SAS,PT,711298793,2024-08-31,crm
5361,Solaris Foods Oy,SE,SE695017159201,2024-08-10,portail_client
5362,Lumen Technologies Sp. z o.o.,DK,DK.71704289,2024-10-05,reprise_erp
5363,Vela Materials NV,NL,NL-262352928B69,2025-08-01,import_fournisseur
5364,Meridian Industries A/S,SE,SE049482790001,2025-07-10,reprise_erp
5365,Azur Trading SARL,SE,SE601058333101,2024-08-03,import_fournisseur
5366,Prima Distribution AB,PL,PL2242094709,2025-06-05,portail_client
5367,Delta Trading AB,SE,SE620684196401,2024-08-15,saisie_manuelle
5368,Kappa Services Sp. z o.o.,QQ,QQ77543082,2024-07-18,portail_client
5369,Verso Industries Oy,LU,30643205,2024-04-21,import_fournisseur
5370,Orion Transports BV,FR,FR-36377099536,2024-02-16,portail_client
5371,Batavia Technologies AB,NL,NL656074012B74,2024-03-24,saisie_manuelle
5372,Corvus Trading SA,DK,dk97698031,2025-02-12,portail_client
5373,Kappa Distribution A/S,PT,PT313780196,2025-02-19,reprise_erp
5374,Vertex Transports Lda,FI,fi07869948,2025-07-31,portail_client
5375,Granit Logistics BV,IT,IT58215845767,2024-12-26,portail_client
5376,Orion Consulting BV,DK,DK-83246235,2024-02-18,saisie_manuelle
5377,Delta Technologies Oy,UK,UK902384473,2025-01-08,saisie_manuelle
5378,Granit Technologies SpA,PL,pl87970490k3,2024-10-26,saisie_manuelle
5379,Lumen Industries SARL,UK,UK288175499B06,2024-03-23,portail_client
5380,Cobalt Trading GmbH,BE,BE1405148928,2025-06-06,reprise_erp
5381,Nord Distribution Lda,BE,BE.0303847649,2025-03-29,portail_client
5382,Delta Technologies BV,UK,UK80821708,2024-11-04,portail_client
5383,Solaris Technologies SARL,PL,  PL3456398100 ,2025-04-07,reprise_erp
5384,Cobalt Distribution SpA,FR,FR.71917318188,2025-05-30,import_fournisseur
5385,Prima Technologies A/S,BE,BE1699102478,2024-12-10,crm
5386,Kappa Distribution SARL,FI, ,2025-09-09,portail_client
5387,Global Industries SpA,NL,NL189583642B52,2024-10-13,crm
5388,Solaris Trading SpA,GB,GB77748159599,2025-02-10,crm
5389,Fabrica Industries SA,NL,NL500417507B20,2024-06-23,saisie_manuelle
5390,Alpine Transports Lda,DK,DK 9628 8697,2025-08-11,saisie_manuelle
5391,Nord Logistics AB,FR,FR89298264388,2025-01-22,portail_client
5392,Azur Services SAS,PT,PT802643850,2024-01-23,portail_client
5393,Atlantic Logistics SA,PL,PL3474093457,2024-12-14,portail_client
5394,Delta Materials SAS,SE,575269343101,2024-10-14,import_fournisseur
5395,Papyrus Services NV,FR,  FR22709995545 ,2025-08-01,saisie_manuelle
5396,Orion Industries Oy,PT,PT413843972,2024-07-27,import_fournisseur
5397,Atlantic Materials NV,DK,DK83585880,2024-03-01,import_fournisseur
5398,Lumen Trading AB,SE,SE092385606601,2024-02-11,crm
5399,Azur Trading GmbH,GB,GB8210372580,2025-01-14,crm
5400,Batavia Industries BV,NL,NL297727618B03,2025-05-25,portail_client
5401,Meridian Transports NV,DK,DK1725535,2025-05-22,crm
5402,Verso Trading Oy,SE,,2024-11-28,crm
5403,Lumen Transports SARL,BE,BE0477731433,2025-01-23,import_fournisseur
5404,Alpine Transports SpA,PT,PT966861558,2024-10-14,saisie_manuelle
5405,Nord Consulting Oy,SE,SE19193571350,2025-05-07,portail_client
5406,Nord Materials SpA,NL,NL.921712066B61,2025-09-24,import_fournisseur
5407,Corvus Technologies NV,LU,LU367383800,2025-08-07,reprise_erp
5408,Vertex Industries A/S,FR,FR692888819271,2024-01-24,reprise_erp
5409,Cobalt Logistics GmbH,PT,PT.831308397,2025-07-08,portail_client
5410,Corvus Materials SA,PL,PL5691600158,2025-03-25,saisie_manuelle
5411,Batavia Foods SA,IT,IT00670957138,2025-01-06,saisie_manuelle
5412,Vela Transports BV,PL,9394459296,2025-05-13,saisie_manuelle
5413,Meridian Industries SpA,IT,IT37878947451,2025-09-07,import_fournisseur
5414,Cobalt Consulting BV,FR,FR202487034G6,2025-01-14,saisie_manuelle
5415,Kappa Services AB,FR,FR23850665686,2025-08-28,crm
5416,Hanse Consulting Sp. z o.o.,BE,BE-1772414385,2024-06-09,import_fournisseur
5417,Hanse Technologies NV,LU,LU92377645,2024-08-23,crm
5418,Cobalt Industries A/S,BE,BE024212496K,2025-05-28,portail_client
5419,Textil Industries BV,BE,,2024-03-25,reprise_erp
5420,Hanse Distribution GmbH,LU,LU782539516,2025-07-16,reprise_erp
5421,Metallo Transports Oy,PT,pt429504861,2024-06-03,import_fournisseur
5422,Meridian Distribution Lda,FI,FI-63114435,2025-07-25,crm
5423,Lumen Materials AB,UK,UK38148131,2024-03-12,import_fournisseur
5424,Solaris Consulting SA,FI,FI 0568 4640,2024-12-18,portail_client
5425,Orion Consulting SARL,LU,LU39956523,2025-04-15,saisie_manuelle
5426,Solaris Services SA,SE,SE001976707801,2025-01-04,crm
5427,Corvus Materials A/S,FI,60021022,2024-08-16,crm
5428,Orion Foods SA,BE,BE1083888931,2025-06-28,portail_client
5429,Delta Transports SARL,FI,FI93802503,2025-05-18,portail_client
5430,Lumen Trading A/S,PT,PT645156266,2024-10-03,import_fournisseur
5431,Global Services SA,SE,SE754476792901,2024-05-24,saisie_manuelle
5432,Solaris Logistics A/S,FR,FR56885402661,2025-01-13,crm
5433,Nord Consulting SARL,SE,SE230906950401,2024-02-28,import_fournisseur
5434,Delta Logistics AB,FR,FR4649005610,2024-03-25,saisie_manuelle
5435,Orion Transports SA,DK,DK58202878,2025-09-22,saisie_manuelle
5436,Vela Consulting SpA,PL,  PL4279656642 ,2024-02-16,import_fournisseur
5437,Lusitania Logistics Oy,IT,IT0281740570,2024-02-29,import_fournisseur
5438,Meridian Distribution BV,FI,80343715,2024-09-16,saisie_manuelle
5439,Meridian Distribution SA,BE,BE0877710762,2024-04-17,reprise_erp
5440,Solaris Foods Lda,IT,IT44117642163,2025-02-02,saisie_manuelle
5441,Batavia Services SA,IT,IT38567148184,2025-03-20,reprise_erp
5442,Metallo Foods Lda,LU,LU 9330 2639,2024-11-09,saisie_manuelle
5443,Papyrus Distribution SARL,BE,BE 0415 621046,2024-11-23,import_fournisseur
5444,Ardent Trading NV,IT,IT67960651692,2024-05-29,saisie_manuelle
5445,Global Distribution BV,PL,  PL6459939070 ,2024-07-29,import_fournisseur
5446,Azur Consulting Lda,BE,BE0817722525,2024-06-27,crm
5447,Baltic Distribution SpA,SE,SE979509286601,2024-06-21,import_fournisseur
5448,Solaris Services Lda,FR,FR3871259987O,2024-07-15,crm
5449,Corvus Services A/S,PT,423202294,2025-06-07,crm
5450,Corvus Foods BV,FR,-,2025-06-02,reprise_erp
5451,Atlantic Consulting SpA,IT,IT.757930G3312,2024-12-07,crm
5452,Global Industries NV,BE,0493045357,2024-08-03,crm
5453,Metallo Materials GmbH,DK,DK.67602515,2025-05-30,crm
5454,Hanse Technologies Sp. z o.o.,LU,LU84782511,2024-07-19,reprise_erp
5455,Corvus Trading Oy,PL,PL 4076 716729,2024-11-04,saisie_manuelle
5456,Verso Industries SAS,NL,NL381540698B603,2025-09-10,portail_client
5457,Ardent Logistics NV,DK,DKM1087064,2025-07-01,portail_client
5458,Hanse Transports NV,NL,NL317101017B37,2025-06-18,crm
5459,Granit Transports A/S,LU,LU44457580,2025-09-30,import_fournisseur
5460,Orion Distribution Oy,FR,  FR40896300929 ,2024-08-03,portail_client
5461,Granit Technologies Lda,LU,LU 8843 4238,2024-08-19,reprise_erp
5462,Granit Consulting BV,PT,PT8884K3433,2024-06-18,portail_client
5463,Batavia Materials AB,IT,IT41382541757,2024-12-30,portail_client
5464,Fabrica Distribution Sp. z o.o.,SE,se757853989701,2025-07-03,crm
5465,Vela Services A/S,NL,NL020990450B12,2025-01-26,import_fournisseur
5466,Prima Distribution SAS,SE,SE050304629401,2024-08-28,saisie_manuelle
5467,Ardent Industries SAS,DK,DK09223282,2025-01-23,portail_client
5468,Corvus Consulting SpA,PL,PL5289008355,2025-04-25,crm
5469,Cobalt Industries Sp. z o.o.,FI,FI42869249,2025-02-19,saisie_manuelle
5470,Solaris Materials BV,DK,DK98664254,2025-05-28,portail_client
5471,Global Services GmbH,NL,NL820169651B231,2025-07-01,reprise_erp
5472,Kappa Industries SARL,LU,  LU30505350 ,2024-04-04,crm
5473,Alpine Foods GmbH,BE,be0261631764,2024-05-11,import_fournisseur
5474,Ardent Consulting BV,FI,37348465,2025-09-02,crm
5475,Metallo Technologies GmbH,PL,PL8201095804,2024-04-22,crm
5476,Alpine Foods AB,PT,PT899562299,2025-05-30,import_fournisseur
5477,Alpine Logistics SpA,BE,BE1698350135,2025-01-04,import_fournisseur
5478,Vela Technologies SpA,SE,SE39438760720,2025-06-28,import_fournisseur
5479,Fabrica Materials Oy,NL,186034209B73,2024-12-25,portail_client
5480,Kappa Consulting GmbH,DK,DK38535292,2025-03-08,reprise_erp
5481,Alpine Foods SARL,FR,  FR93719483559 ,2025-05-30,reprise_erp
5482,Meridian Distribution SpA,LU,LU60971969,2025-01-21,crm
5483,Vertex Technologies NV,BE,0724642359,2024-04-24,portail_client
5484,Batavia Foods SpA,NL,NL795917429B8,2024-01-25,saisie_manuelle
5485,Lusitania Trading BV,IT,IT807283G5635,2024-04-26,crm
5486,Baltic Transports SpA,DK,DK39690721,2024-08-23,crm
5487,Baltic Trading SAS,LU,LU.43486511,2025-08-19,import_fournisseur
5488,Batavia Consulting SAS,IT,IT74553515698,2025-07-04,crm
5489,Corvus Transports NV,DK,  DK19367959 ,2024-09-06,reprise_erp
5490,Ardent Transports SpA,NL,NL971534457B47,2025-05-19,portail_client
5491,Nord Distribution BV,NL,915384474B41,2025-07-10,reprise_erp
5492,Baltic Services AB,DK,DK92835438,2025-07-25,reprise_erp
5493,Vela Transports Sp. z o.o.,SE,se189572846501,2024-01-23,portail_client
5494,Atlantic Services SA,LU,LU37122001,2024-12-21,crm
5495,Prima Technologies Sp. z o.o.,FI,FI-92820662,2024-02-17,reprise_erp
5496,Lusitania Trading GmbH,FI,FI36238573,2024-08-13,reprise_erp
5497,Metallo Consulting Sp. z o.o.,FI,FI.71417057,2024-02-25,import_fournisseur
5498,Vela Logistics Sp. z o.o.,PT,PT753641968,2024-02-25,saisie_manuelle
5499,Metallo Materials SA,FI,FI5055635,2025-02-25,portail_client
5500,Corvus Logistics SARL,DK,DK63949592,2025-06-24,portail_client
5501,Solaris Industries SARL,LU,LU-35378207,2025-09-15,crm
5502,Alpine Transports SA,BE,BE1501641954,2024-08-06,import_fournisseur
5503,Vertex Transports GmbH,FI,FI25252968,2025-07-21,saisie_manuelle
5504,Granit Logistics SA,DK,DK61605126,2024-08-21,reprise_erp
5505,Baltic Industries SA,QQ,QQ83989603,2024-12-26,saisie_manuelle
5506,Batavia Foods Oy,PT,PT338787348,2025-01-17,reprise_erp
5507,Verso Materials SpA,DK,DK11286450,2025-06-09,reprise_erp
5508,Atlantic Consulting NV,BE,BE0494835503,2025-02-06,crm
5509,Fabrica Logistics SA,LU,LU 6255 8100,2025-09-11,saisie_manuelle
5510,Global Materials BV,LU,41266662,2024-04-08,reprise_erp
5511,Fabrica Services AB,LU,LU82645905,2024-03-16,crm
5512,Ardent Distribution SpA,LU,LU53724238,2025-01-27,import_fournisseur
5513,Global Materials Sp. z o.o.,PL,PL5868887565,2024-02-28,saisie_manuelle
5514,Nord Materials GmbH,PL,PL9944036955,2024-11-14,portail_client
5515,Verso Distribution Sp. z o.o.,NL,nl088571749b35,2025-08-02,reprise_erp
5516,Verso Consulting SpA,DK,DK1373633,2024-08-06,import_fournisseur
5517,Azur Materials BV,IT,IT00744176921,2025-08-05,portail_client
5518,Orion Industries Lda,FI,fi74418864,2025-02-16,import_fournisseur
5519,Kappa Services Oy,PT,PT8643222G8,2025-02-13,crm
5520,Granit Materials Sp. z o.o.,FI,FI83266764,2024-09-06,import_fournisseur
5521,Vertex Services SpA,FI,FI35902178,2024-04-08,crm
5522,Cobalt Materials A/S,PL,PL9271825235,2024-08-28,saisie_manuelle
5523,Cobalt Services SpA,IT,IT77859521695,2024-03-23,reprise_erp
5524,Hanse Consulting Oy,SE,SE43043388H601,2024-07-29,saisie_manuelle
5525,Granit Transports SAS,LU,LU 9750 747J,2024-02-09,reprise_erp
5526,Atlantic Foods Oy,BE,BE.0676154930,2025-04-03,portail_client
5527,Papyrus Technologies SA,NL,NL89213806HB03,2024-03-24,reprise_erp
5528,Atlantic Logistics BV,IT,IT81310592779,2025-08-05,reprise_erp
5529,Lumen Transports NV,PT,PT445138084,2024-01-26,saisie_manuelle
5530,Corvus Trading SARL,GB,GB43161370924,2024-10-26,crm
5531,Alpine Logistics BV,IT,IT 0528 3784956,2024-01-17,portail_client
5532,Cobalt Foods Sp. z o.o.,FI,FI71863078,2025-05-04,crm
5533,Delta Trading SA,IT,IT45J46955872,2025-05-25,saisie_manuelle
5534,Metallo Transports SA,GB,GB0789893863,2025-05-01,crm
5535,Lusitania Foods SA,LU,LU30538728,2024-02-11,crm
5536,Meridian Technologies A/S,NL,NL524235156B09,2024-12-10,crm
5537,Delta Distribution GmbH,PT,PT799570451,2024-05-04,reprise_erp
5538,Lusitania Materials SAS,DK,DK401190784,2024-09-18,crm
5539,Nord Materials GmbH,SE,SE353908362001,2024-11-13,reprise_erp
5540,Vela Trading BV,IT,15784391524,2024-09-19,portail_client
5541,Lusitania Technologies GmbH,FR,FR68838241459,2025-06-09,reprise_erp
5542,Textil Foods AB,SE,SE736133125451,2025-03-11,crm
5543,Granit Logistics NV,LU,LU21827042,2024-10-18,saisie_manuelle
5544,Alpine Trading GmbH,UK,UK14148452,2025-04-28,crm
5545,Azur Services BV,PT,PT7473600O7,2025-08-06,portail_client
5546,Atlantic Materials Oy,DK, ,2024-10-01,portail_client
5547,Lumen Services GmbH,GB,GB96920227000,2025-07-31,reprise_erp
5548,Granit Distribution SARL,NL,NL437973402B05,2024-03-05,reprise_erp
5549,Verso Distribution Lda,PT,PT586438912,2024-12-28,saisie_manuelle
5550,Batavia Technologies GmbH,XX,XX75620749,2024-05-20,reprise_erp
5551,Lumen Transports Oy,IT,IT0613O561901,2025-09-13,reprise_erp
5552,Corvus Technologies Lda,FI,FI45147292,2025-01-25,reprise_erp
5553,Papyrus Consulting BV,LU,LU47065075,2024-12-26,crm
5554,Lumen Distribution BV,IT,IT07576675297,2025-02-02,crm
5555,Vertex Technologies GmbH,PL,PL58844341669,2024-10-05,import_fournisseur
5556,Solaris Technologies Oy,IT,IT47681830767,2025-05-10,import_fournisseur
5557,Atlantic Logistics SpA,DK,DK660317801,2025-07-28,reprise_erp
5558,Nord Technologies AB,PT,PT349692777,2025-09-06,portail_client
5559,Lumen Industries SAS,QQ,QQ106562745B13,2024-07-20,crm
5560,Azur Technologies A/S,QQ,QQ880438034B29,2024-04-10,reprise_erp
5561,Nord Foods SARL,IT,IT63476936644,2025-01-04,import_fournisseur
5562,Verso Industries NV,FR,-,2025-09-09,reprise_erp
5563,Papyrus Distribution GmbH,NL,NL768317733B84,2024-12-08,saisie_manuelle
5564,Fabrica Industries NV,DK,09576215,2025-02-23,reprise_erp
5565,Papyrus Trading GmbH,DK,DK78733101,2025-09-14,import_fournisseur
5566,Atlantic Logistics NV,BE,  BE1869343715 ,2024-10-17,portail_client
5567,Atlantic Materials Oy,NL,095680639B96,2024-02-04,import_fournisseur
5568,Vela Materials SpA,LU,LU32618020,2025-04-17,saisie_manuelle
5569,Ardent Distribution NV,NL,NL626617650B5,2024-01-25,saisie_manuelle
5570,Fabrica Materials SA,IT,IT 8028 5107134,2024-04-01,crm
5571,Alpine Technologies Lda,PT,PT.414521498,2025-05-07,import_fournisseur
5572,Ardent Foods Oy,FR,FR28695660790,2025-08-08,portail_client
5573,Metallo Services AB,LU,LU97697269,2024-07-24,import_fournisseur
5574,Delta Transports AB,DK,  DK37441961 ,2025-01-23,portail_client
5575,Atlantic Foods AB,PL,PL7008584613,2024-10-05,crm
5576,Meridian Transports SA,FR,FR.24740918014,2024-09-27,saisie_manuelle
5577,Baltic Trading A/S,DK,DK69041791,2025-05-02,reprise_erp
5578,Azur Distribution SA,BE,BE0947670501,2024-08-02,saisie_manuelle
5579,Solaris Consulting SARL,FI,39561139,2025-09-20,import_fournisseur
5580,Prima Distribution A/S,NL,NL762874892B19,2025-05-30,import_fournisseur
5581,Hanse Consulting AB,PL,PL7474779814,2025-07-14,portail_client
5582,Cobalt Transports A/S,FI,  FI57731875 ,2024-01-20,reprise_erp
5583,Cobalt Trading BV,DK,DK84706965,2024-05-14,portail_client
5584,Batavia Transports A/S,PL,PL9395580636,2024-06-13,portail_client
5585,Alpine Logistics Lda,NL,NL767779447B88,2025-06-15,reprise_erp
5586,Nord Transports BV,IT,IT74938912768,2025-08-12,portail_client
5587,Delta Distribution SpA,NL,NL872781562B89,2024-12-17,portail_client
5588,Granit Foods BV,IT,IT.59148201730,2024-01-22,saisie_manuelle
5589,Vela Transports SAS,BE,BE-0535090107,2024-03-25,portail_client
5590,Ardent Logistics AB,NL,NL798933689B58,2024-01-24,reprise_erp
5591,Vela Logistics GmbH,FR,  FR47851304442 ,2025-01-13,reprise_erp
5592,Batavia Industries Lda,IT,49693517895,2024-11-15,reprise_erp
5593,Meridian Technologies A/S,DK,DK03738396,2025-01-14,import_fournisseur
5594,Fabrica Consulting SA,PT,PT549670968,2024-09-08,portail_client
5595,Alpine Industries SpA,ZZ,ZZ1747565760,2025-08-21,saisie_manuelle
5596,Atlantic Foods SAS,IT,IT07173725248,2025-09-22,import_fournisseur
5597,Azur Technologies SARL,PT,PT-239616685,2025-09-19,saisie_manuelle
5598,Vela Logistics Oy,SE,SE050016680601,2025-04-30,portail_client
5599,Vertex Industries AB,FI,FI74706700,2024-05-07,crm
5600,Verso Consulting SAS,FR,FR05505960469,2025-07-19,crm
5601,Kappa Materials A/S,PT,PT474014720,2024-09-17,saisie_manuelle
5602,Global Technologies Oy,GB,GB960674629601,2025-08-15,crm
5603,Atlantic Industries AB,FR,FR32400335444,2024-11-04,saisie_manuelle
5604,Vela Trading SARL,SE,  SE749364685001 ,2024-08-08,crm
5605,Hanse Transports SARL,PT,PT215440528,2025-08-14,crm
5606,Verso Foods NV,LU,LU-87052819,2024-06-04,saisie_manuelle
5607,Orion Materials A/S,BE,BE1372J67197,2024-03-01,reprise_erp
5608,Prima Transports SAS,LU,LU79898936,2024-08-10,crm
5609,Granit Technologies SARL,FI,FI24134134,2024-01-14,saisie_manuelle
5610,Papyrus Services Oy,DK,DK94369691,2024-12-13,portail_client
5611,Prima Consulting GmbH,SE,SE 4984 30815701,2024-11-08,saisie_manuelle
5612,Papyrus Consulting SA,FR,44252607734,2024-11-03,import_fournisseur
5613,Global Trading NV,DK,  DK80131356 ,2025-06-18,portail_client
5614,Vertex Consulting AB,DK,94746175,2025-05-27,saisie_manuelle
5615,Vertex Logistics GmbH,NL,NL161992705B84,2024-08-11,import_fournisseur
5616,Lumen Transports SA,BE,BE1897848055,2024-06-16,portail_client
5617,Orion Technologies NV,SE,SE436201402101,2024-02-21,saisie_manuelle
5618,Textil Transports NV,IT,IT25450692105,2025-01-06,reprise_erp
5619,Textil Transports AB,BE,BE1165954054,2025-02-14,portail_client
5620,Vela Trading AB,FI,FI13781998,2025-07-04,crm
5621,Nord Distribution SARL,BE,  BE1536372310 ,2024-05-19,crm
5622,Azur Industries AB,FR,FR914397417O4,2025-06-09,import_fournisseur
5623,Fabrica Industries SAS,DK,DK55022011,2025-03-23,portail_client
5624,Orion Services AB,PL,PL5723100431,2025-02-08,saisie_manuelle
5625,Meridian Materials Sp. z o.o.,BE,BE1457912344,2024-05-12,reprise_erp
5626,Meridian Trading NV,LU,LU95463016,2024-03-30,reprise_erp
5627,Kappa Consulting SARL,DK,DK5406G440,2024-07-29,crm
5628,Nord Transports Lda,BE,BE6177712215,2024-03-30,saisie_manuelle
5629,Papyrus Technologies Sp. z o.o.,SE,SE85188823300,2024-02-17,saisie_manuelle
5630,Cobalt Industries Oy,FR,FR24816455891,2024-07-27,import_fournisseur
5631,Delta Distribution SA,DK,DK964289O1,2024-10-11,import_fournisseur
5632,Baltic Industries AB,QQ,QQ41209061799,2024-11-14,import_fournisseur
5633,Metallo Transports Sp. z o.o.,LU,LU 2208 6051,2024-08-19,import_fournisseur
5634,Ardent Materials AB,PT,PT864090347,2024-01-10,portail_client
5635,Meridian Trading Oy,NL,-,2024-12-26,import_fournisseur
5636,Meridian Consulting Oy,PL,PL-1880047795,2024-04-13,reprise_erp
5637,Atlantic Consulting A/S,FR,-,2024-03-24,import_fournisseur
5638,Hanse Consulting SpA,SE,SE601534418401,2025-05-12,crm
5639,Meridian Distribution SARL,IT,IT34996369665,2024-04-19,crm
5640,Ardent Distribution Sp. z o.o.,PL,6201858827,2024-09-10,crm
5641,Orion Technologies Oy,NL, ,2024-04-20,portail_client
5642,Meridian Trading SARL,FR,FR 2618 6922626,2024-04-12,saisie_manuelle
5643,Cobalt Transports SA,FR,FR-28755797007,2024-07-13,reprise_erp
5644,Solaris Materials A/S,FR,FR20249357644,2025-07-06,crm
5645,Ardent Trading SARL,SE,SE189603526607,2024-10-04,crm
5646,Atlantic Distribution GmbH,LU,LU81793828,2024-07-09,reprise_erp
5647,Orion Distribution Oy,FI,  FI26878778 ,2025-02-14,reprise_erp
5648,Prima Technologies A/S,NL,NL664146120B3K,2024-07-12,crm
5649,Fabrica Logistics Sp. z o.o.,SE,SE021429986901,2024-05-22,crm
5650,Lusitania Consulting Lda,PL,pl1887742564,2024-08-09,import_fournisseur
5651,Lumen Distribution Sp. z o.o.,ZZ,ZZ25614581302,2025-04-25,import_fournisseur
5652,Vela Logistics GmbH,DK,DK32875173,2025-05-03,crm
5653,Batavia Transports SpA,PT,PT40391H913,2024-12-15,crm
5654,Granit Materials Sp. z o.o.,FI,FI14968055,2024-03-07,crm
5655,Corvus Industries A/S,PT,PT-114305986,2025-01-14,reprise_erp
5656,Delta Consulting SAS,NL,NL 2912 25366B20,2024-04-19,crm
5657,Lusitania Foods Sp. z o.o.,NL,NL402883731B51,2024-09-12,crm
5658,Atlantic Services Sp. z o.o.,FI,FI86304562,2025-03-02,import_fournisseur
5659,Textil Services SpA,NL,NL717862999B288,2024-02-05,import_fournisseur
5660,Solaris Trading AB,DK,DK3942606,2025-08-07,saisie_manuelle
5661,Nord Services BV,LU,LU10766968,2024-09-16,saisie_manuelle
5662,Prima Foods SpA,SE,SE588601350601,2024-05-06,import_fournisseur
5663,Azur Distribution GmbH,FI,  FI92492531 ,2024-03-18,saisie_manuelle
5664,Atlantic Materials A/S,FR,FR20625388038,2025-04-29,crm
5665,Global Services SA,DK,DK16661783,2025-03-16,portail_client
5666,Atlantic Materials SAS,PL,PL96862652970,2024-02-10,crm
5667,Meridian Distribution SpA,PT,  PT233143459 ,2024-08-26,saisie_manuelle
5668,Verso Distribution GmbH,DK,DK13413540,2024-09-09,reprise_erp
5669,Baltic Distribution SAS,NL,NL669G86184B19,2024-04-01,portail_client
5670,Granit Materials A/S,FI,FI08010617,2024-09-13,reprise_erp
5671,Batavia Technologies BV,PT,PT460127610,2024-04-12,saisie_manuelle
5672,Corvus Materials SA,IT,IT8330647032K,2024-02-19,saisie_manuelle
5673,Batavia Transports Sp. z o.o.,FR,FR532169407J0,2025-01-09,import_fournisseur
5674,Kappa Distribution SpA,DK,DK53133088,2024-03-27,saisie_manuelle
5675,Lusitania Services BV,LU,LU71880137,2024-08-08,portail_client
5676,Alpine Materials SAS,SE,SE464124198101,2024-05-14,portail_client
5677,Corvus Technologies Oy,PT,PT337747644,2025-04-21,portail_client
5678,Vertex Technologies NV,SE,SE86808842210,2024-08-11,import_fournisseur
5679,Cobalt Transports A/S,DK,DK-33198833,2024-08-23,import_fournisseur
5680,Metallo Logistics BV,DK,DK26647197,2024-03-02,crm
5681,Prima Foods BV,PL,2952715782,2024-12-02,crm
5682,Verso Services SpA,BE,BE 1996 197741,2025-07-22,reprise_erp
5683,Textil Trading Lda,BE,BE0793811108,2025-08-30,crm
5684,Ardent Consulting Oy,PL,PL1178487664,2024-03-21,portail_client
5685,Baltic Technologies A/S,SE,SE46986H897901,2024-11-27,import_fournisseur
5686,Atlantic Foods NV,IT,IT41232395289,2025-05-12,saisie_manuelle
5687,Vertex Foods SARL,SE,SE325581615301,2024-06-17,reprise_erp
5688,Batavia Trading SA,NL,NL343156344B22,2024-10-06,portail_client
5689,Solaris Distribution GmbH,BE,  BE1624294791 ,2024-11-20,portail_client
5690,Fabrica Industries Oy,FI,FI07919490,2025-09-08,saisie_manuelle
5691,Prima Consulting SpA,LU,LU90289478,2024-03-23,portail_client
5692,Orion Logistics A/S,PT,PT565277561,2025-04-03,import_fournisseur
5693,Vela Materials Sp. z o.o.,NL,NL391444372B01,2024-05-17,crm
5694,Orion Transports Oy,FR,FR15753195883,2025-01-13,saisie_manuelle
5695,Global Logistics BV,IT,IT79379811114,2024-11-16,crm
5696,Lusitania Services A/S,PL,PL6127944827,2024-10-09,saisie_manuelle
5697,Baltic Trading Oy,LU,  LU23157384 ,2024-04-26,reprise_erp
5698,Corvus Distribution NV,DK,-,2024-02-24,reprise_erp
5699,Atlantic Industries SpA,FR,FR08383283600,2025-05-24,portail_client
5700,Lumen Distribution Lda,FI,FI97158621,2025-09-09,crm
5701,Baltic Distribution AB,LU,lu70222313,2025-05-08,import_fournisseur
5702,Verso Materials SA,BE,be1734280717,2025-08-22,import_fournisseur
5703,Prima Industries Lda,LU,LU20650626,2025-09-29,portail_client
5704,Vela Services A/S,BE,BE1944190501,2024-10-02,crm
5705,Verso Services SARL,FR,FR928322278559,2025-02-03,import_fournisseur
5706,Lumen Logistics SpA,LU,LU-90142634,2025-01-06,crm
5707,Orion Logistics Oy,LU,LU28117312,2024-04-05,crm
5708,Solaris Distribution Sp. z o.o.,QQ,QQ351565370,2025-06-14,import_fournisseur
5709,Lumen Services SpA,LU,LU18032509,2025-08-31,saisie_manuelle
5710,Atlantic Distribution Oy,DK,DK 4494 5894,2025-02-01,import_fournisseur
5711,Nord Foods SA,FR,FR52726926614,2025-06-02,import_fournisseur
5712,Baltic Consulting BV,BE,BE1636665954,2024-12-13,crm
5713,Granit Trading Oy,DK,DK3255728,2025-03-13,portail_client
5714,Fabrica Consulting AB,IT,it43767077266,2024-01-02,portail_client
5715,Meridian Industries NV,PL,PL-3727097328,2025-07-17,saisie_manuelle
5716,Hanse Industries BV,FR,FR 3932 1932727,2024-07-24,import_fournisseur
5717,Prima Logistics A/S,LU,LU63364554,2024-08-02,crm
5718,Batavia Services SpA,PT,PT385118490,2025-09-15,reprise_erp
5719,Vela Industries Oy,DK,DK.33251971,2024-07-23,saisie_manuelle
5720,Papyrus Foods SAS,SE,SE0408424H2201,2025-04-16,import_fournisseur
5721,Atlantic Foods Lda,SE,SE.0065706202018,2024-05-12,import_fournisseur
5722,Delta Materials BV,LU,LU 1645 7716,2024-02-22,import_fournisseur
5723,Metallo Technologies SAS,PL,PL2313738055,2024-12-27,reprise_erp
5724,Nord Trading GmbH,FR,FR62581261976,2024-10-10,import_fournisseur
5725,Meridian Foods SA,NL,NL360410704B43,2025-02-25,crm
5726,Orion Consulting A/S,BE,BE0634907367,2024-09-02,saisie_manuelle
5727,Meridian Consulting Sp. z o.o.,SE,SE383363996001,2025-04-08,import_fournisseur
5728,Ardent Technologies SA,SE,SE559648457501,2025-03-14,portail_client
5729,Prima Trading GmbH,PT,PT887116921,2024-01-18,portail_client
5730,Lusitania Foods AB,GB,GB51530407,2024-06-11,saisie_manuelle
5731,Lusitania Materials Oy,NL,NL235749035B10,2025-08-10,crm
5732,Cobalt Industries NV,FR,FR35742891127,2024-06-06,import_fournisseur
5733,Global Transports SA,NL,NL417555386B7,2025-05-06,crm
5734,Atlantic Logistics SAS,FI,FI0178608,2025-06-15,saisie_manuelle
5735,Textil Foods SA,LU,,2024-11-17,import_fournisseur
5736,Vertex Materials GmbH,SE,SE251125898601,2025-04-22,saisie_manuelle
5737,Corvus Technologies A/S,NL,NL923620246B51,2025-03-25,import_fournisseur
5738,Prima Services AB,FR,FR835518J7958,2024-05-14,saisie_manuelle
5739,Hanse Transports BV,FI,FI21016343,2025-07-13,saisie_manuelle
5740,Fabrica Transports BV,ZZ,ZZ37806885,2025-09-21,crm
5741,Orion Distribution SA,SE,SE375226609101,2025-02-03,saisie_manuelle
5742,Fabrica Distribution BV,NL,nl711843855b92,2024-12-23,saisie_manuelle
5743,Prima Technologies SAS,BE,BE0496391758,2024-11-19,import_fournisseur
5744,Vela Trading GmbH,FI,FI9O112814,2024-05-22,portail_client
5745,Azur Trading NV,XX,XX784847678B20,2024-05-26,import_fournisseur
5746,Papyrus Distribution GmbH,ZZ,ZZ1370967811,2024-09-12,reprise_erp
5747,Granit Industries NV,LU,LU-49021301,2024-03-23,portail_client
5748,Kappa Consulting Oy,NL,NL818419349B64,2024-07-11,import_fournisseur
5749,Fabrica Materials SpA,PL,PL663M900695,2024-09-20,saisie_manuelle
5750,Nord Consulting A/S,SE,SE895174648901,2024-04-04,portail_client
5751,Metallo Consulting SpA,IT,IT29214420514,2025-09-28,import_fournisseur
5752,Meridian Foods Sp. z o.o.,FR,FR66888565220,2024-02-18,reprise_erp
5753,Nord Distribution Sp. z o.o.,PT,PT827991215,2024-02-20,crm
5754,Papyrus Industries SA,FR,FR04938813495,2025-08-03,crm
5755,Ardent Trading SAS,PL,PL.9147666439,2024-07-31,saisie_manuelle
5756,Meridian Distribution Lda,IT,IT7474990253,2025-07-21,import_fournisseur
5757,Atlantic Services SAS,FI,FIJ6892921,2024-05-04,import_fournisseur
5758,Prima Services A/S,SE,SE.268734604501,2024-07-29,import_fournisseur
5759,Nord Industries SAS,DK,DK31031257,2025-07-02,import_fournisseur
5760,Ardent Technologies Lda,DK,DK07405960,2024-06-04,reprise_erp
5761,Papyrus Industries BV,FI,FI50714893,2024-07-11,saisie_manuelle
5762,Meridian Industries SARL,LU,25584458,2025-01-12,crm
5763,Granit Industries SA,PT,PT864434960,2024-06-30,import_fournisseur
5764,Metallo Services SARL,NL,NL 9432 83796B51,2024-11-29,import_fournisseur
5765,Nord Trading Sp. z o.o.,NL,NL588002768B02,2025-05-17,import_fournisseur
5766,Textil Trading NV,NL,NL277713948B69,2024-04-02,saisie_manuelle
5767,Granit Industries Sp. z o.o.,XX,XX6677962807,2025-07-17,portail_client
5768,Solaris Consulting BV,PL,PL2354669227,2025-04-04,portail_client
5769,Ardent Services AB,NL,NL853843904B63,2024-12-15,crm
5770,Textil Logistics NV,FI,FI48588667,2024-09-17,crm
5771,Atlantic Materials NV,FI,FI8358558,2025-02-08,reprise_erp
5772,Vela Consulting SpA,FR,FR93727463306,2024-05-22,reprise_erp
5773,Nord Materials Sp. z o.o.,DK,DK08134463,2024-11-06,crm
5774,Batavia Materials Sp. z o.o.,LU,  LU59657609 ,2025-01-12,crm
5775,Batavia Logistics Sp. z o.o.,PL,PL3471527814,2024-01-31,crm
5776,Delta Logistics AB,LU,LU12060207,2024-01-14,crm
5777,Fabrica Technologies A/S,PT,PT9227536796,2025-04-18,saisie_manuelle
5778,Metallo Trading A/S,PT,PT2465153M4,2024-10-07,reprise_erp
5779,Global Consulting GmbH,DK,DK15883705,2024-03-20,reprise_erp
5780,Ardent Trading BV,FR,FR57334847798,2024-10-23,reprise_erp
5781,Atlantic Technologies GmbH,SE,SE160413610901,2024-08-14,crm
5782,Lumen Trading Oy,PT,PT879350660,2025-07-13,crm
5783,Batavia Industries Lda,FI,FI50090475,2024-02-13,import_fournisseur
5784,Hanse Foods BV,DK,DK0398038,2025-08-31,reprise_erp
5785,Verso Technologies BV,FR,FR.05560579229,2024-06-18,reprise_erp
5786,Prima Logistics Sp. z o.o.,PL,PL1097O67033,2025-09-06,saisie_manuelle
5787,Atlantic Trading AB,PT,pt452742838,2024-03-01,reprise_erp
5788,Prima Distribution SA,FI,83966125,2025-01-29,import_fournisseur
5789,Papyrus Consulting A/S,DK,DK39248860,2025-04-23,crm
5790,Lumen Logistics GmbH,DK,DK0015670,2024-10-09,crm
5791,Lusitania Trading A/S,SE,052642002101,2024-06-27,import_fournisseur
5792,Lumen Consulting SARL,LU,LU42539918,2025-08-27,reprise_erp
5793,Corvus Industries SA,PT,PT941534219,2025-01-27,portail_client
5794,Verso Industries GmbH,DK,DK81114414,2024-12-07,saisie_manuelle
5795,Lusitania Foods NV,XX,XX56586301,2025-07-08,saisie_manuelle
5796,Ardent Services Sp. z o.o.,FI,FI78410042,2024-04-23,import_fournisseur
5797,Orion Logistics Sp. z o.o.,IT,IT0506969745O,2024-01-04,portail_client
5798,Textil Consulting Sp. z o.o.,ZZ,ZZ20015146,2025-09-16,import_fournisseur
5799,Textil Consulting SA,PL,PL6648227494,2025-02-17,reprise_erp
5800,Textil Foods Oy,PL,PL7692232367,2024-08-07,reprise_erp
5801,Kappa Technologies BV,FR,60999479674,2024-11-28,crm
5802,Lumen Industries Oy,LU,LU79460816,2025-01-01,saisie_manuelle
5803,Atlantic Transports GmbH,FR,FR 8245 2286159,2025-10-01,reprise_erp
5804,Fabrica Foods Sp. z o.o.,PT,PT626690670,2024-12-23,portail_client
5805,Vertex Technologies Oy,FR,FR 3969 6529558,2025-04-12,portail_client
5806,Lusitania Logistics SAS,SE,se175832614201,2025-09-28,saisie_manuelle
5807,Fabrica Logistics SpA,PT,PT812277333,2024-07-31,reprise_erp
5808,Meridian Transports NV,LU,LU51755844,2024-06-01,crm
5809,Vertex Transports NV,IT,IT26263004694,2025-05-25,crm
5810,Granit Distribution NV,BE,BE-1597858432,2024-04-20,crm
5811,Kappa Logistics SARL,PL,PL7224239270,2025-06-28,reprise_erp
5812,Granit Technologies GmbH,PL,PL2748754G62,2024-04-29,saisie_manuelle
5813,Verso Distribution GmbH,PL,PL8265815446,2024-08-13,import_fournisseur
5814,Solaris Industries SpA,LU,LU.62480424,2024-04-03,crm
5815,Lusitania Materials GmbH,NL,NL496780785B44,2025-07-11,saisie_manuelle
5816,Vela Technologies Lda,SE,SE289637335001,2025-08-08,import_fournisseur
5817,Textil Industries SA,LU,LU17329646,2025-01-17,import_fournisseur
5818,Atlantic Transports Oy,DK,DK97741670,2025-02-03,portail_client
5819,Orion Transports Oy,PT,PT347189737,2024-01-06,reprise_erp
5820,Papyrus Distribution SpA,PL,PL435791933,2025-07-29,crm
5821,Lumen Distribution Sp. z o.o.,SE,SE756214128881,2024-11-25,reprise_erp
5822,Meridian Logistics SARL,PT,302923853,2025-05-03,crm
5823,Cobalt Trading SAS,UK,UK579433870,2024-06-21,reprise_erp
5824,Ardent Materials A/S,FR,FR15897826375,2025-06-26,portail_client
5825,Metallo Foods Sp. z o.o.,IT,IT44816317257,2024-11-26,crm
5826,Delta Services Sp. z o.o.,PL,PL565552923,2025-09-26,crm
5827,Corvus Industries SARL,NL,NL612617427B1,2025-08-29,crm
5828,Corvus Services SAS,SE,SE-426951459401,2024-06-05,crm
5829,Fabrica Services Sp. z o.o.,PT,PT.889637962,2025-08-07,import_fournisseur
5830,Fabrica Distribution SA,BE,BE0459529580,2024-03-12,saisie_manuelle
5831,Granit Trading SpA,PT,292424493,2024-05-08,portail_client
5832,Metallo Technologies AB,BE,BE.0681521406,2025-05-10,import_fournisseur
5833,Papyrus Distribution Oy,LU,LU50807058,2025-08-24,saisie_manuelle
5834,Orion Technologies NV,FR,FR95684425949,2025-08-23,reprise_erp
5835,Baltic Transports SAS,PT,PT-461832240,2025-05-21,import_fournisseur
5836,Vertex Technologies BV,ZZ,ZZ052081370B74,2024-05-14,portail_client
5837,Verso Technologies Sp. z o.o.,SE,142921639101,2025-02-10,import_fournisseur
5838,Verso Trading AB,FI,FI92450593,2024-08-04,reprise_erp
5839,Fabrica Industries BV,PT,PT 5544 55331,2024-12-18,crm
5840,Baltic Distribution Sp. z o.o.,PT,PT 5896 53610,2025-04-14,crm
5841,Prima Consulting BV,FR,FR81739021295,2024-04-29,portail_client
5842,Kappa Distribution SARL,DK,DK27744753,2025-02-11,portail_client
5843,Hanse Materials Sp. z o.o.,PL,PL8506319510,2024-10-16,saisie_manuelle
5844,Batavia Technologies A/S,ZZ,ZZ15160772,2024-09-30,crm
5845,Meridian Logistics A/S,SE,SE617547828601,2024-09-02,reprise_erp
5846,Atlantic Technologies GmbH,SE,SE960301628901,2024-03-27,crm
5847,Vela Materials SARL,FR,FR79422053683,2024-05-13,portail_client
5848,Solaris Transports SA,IT,IT42657593572,2024-10-24,reprise_erp
5849,Corvus Foods SARL,DK,DK.96088714,2024-10-30,import_fournisseur
5850,Global Technologies BV,FI,FI1835321,2025-01-14,import_fournisseur
5851,Delta Logistics SAS,SE,SE-43O879822001,2024-02-14,import_fournisseur
5852,Global Industries SAS,DK,DK 5178 2712,2024-09-02,crm
5853,Ardent Distribution SARL,FR,FR 5219 5566919,2024-07-08,portail_client
5854,Vertex Transports SAS,BE,BEH475996915,2024-01-19,import_fournisseur
5855,Global Technologies SA,PT,PT8153023G0,2024-08-25,crm
5856,Corvus Trading Oy,DK,  DK95545343 ,2025-09-15,portail_client
5857,Global Services SAS,NL,229819321B01,2025-02-23,reprise_erp
5858,Nord Trading SA,PL,PL4027806421,2025-02-21,crm
5859,Vela Distribution BV,DK,DK89481155,2024-11-25,crm
5860,Kappa Services SA,PL,PL5908681374,2024-11-01,crm
5861,Atlantic Industries Oy,NL,NL.214595973B28,2024-04-30,reprise_erp
5862,Textil Industries SpA,FI,FI51499905,2025-01-27,saisie_manuelle
5863,Vela Foods SA,FR,FR67615935403,2024-07-30,reprise_erp
5864,Cobalt Materials SpA,BE,BE1650488949,2025-01-20,import_fournisseur
5865,Fabrica Technologies SARL,BE,BE1930232989,2024-07-22,crm
5866,Baltic Foods BV,NL,NL826893892B67,2025-01-29,portail_client
5867,Orion Materials A/S,DK,DK99203986,2025-07-20,portail_client
5868,Granit Materials Oy,FR,FR 7163 6526080,2025-04-28,portail_client
5869,Metallo Services Oy,PL,PL4064716913,2025-05-28,reprise_erp
5870,Meridian Technologies GmbH,DK,DK03919380,2025-07-26,portail_client
5871,Lusitania Trading SA,PL,PL42999065107,2025-08-02,import_fournisseur
5872,Lusitania Industries A/S,PT,PT561283671,2025-03-11,portail_client
5873,Azur Transports A/S,XX,XX490087838B71,2024-03-23,crm
5874,Baltic Materials Oy,FR,FR48559448385,2024-04-17,reprise_erp
5875,Delta Industries A/S,PL,PL2030147542,2024-01-10,reprise_erp
5876,Orion Trading SA,PT,PT212327461,2025-08-17,crm
5877,Baltic Industries SAS,PT,PT508675448,2024-09-15,saisie_manuelle
5878,Delta Industries Sp. z o.o.,BE,BE1183591238,2024-04-10,import_fournisseur
5879,Nord Consulting Lda,PT,PT752335286,2024-07-29,saisie_manuelle
5880,Vertex Industries SAS,PL,PL 9092 969468,2024-01-19,import_fournisseur
5881,Cobalt Consulting Lda,IT,IT10552006982,2024-06-03,import_fournisseur
5882,Vela Foods AB,SE,SEO81282073001,2024-04-06,portail_client
5883,Granit Trading SA,PT,PT-986502022,2025-04-03,portail_client
5884,Alpine Transports NV,DK,  DK37198256 ,2025-08-08,reprise_erp
5885,Verso Distribution SARL,PT,PT729594449,2025-05-31,reprise_erp
5886,Cobalt Logistics SA,UK,UK953311703B86,2024-06-16,crm
5887,Solaris Logistics SARL,DK,dk47432995,2024-09-07,crm
5888,Metallo Industries SAS,FI,fi59961519,2025-06-21,saisie_manuelle
5889,Prima Transports BV,PL,PL4703243368,2024-07-02,reprise_erp
5890,Granit Distribution AB,BE,BE141827015,2024-03-09,crm
5891,Corvus Technologies SA,FR,FR38696224525,2024-08-30,saisie_manuelle
5892,Orion Industries A/S,SE,SE001448078401,2025-07-09,portail_client
5893,Batavia Trading NV,PL,pl6430315672,2024-09-25,portail_client
5894,Lusitania Consulting AB,PL,PL6491124280,2025-05-31,saisie_manuelle
5895,Textil Industries SpA,DK,DK10207470,2024-03-12,portail_client
5896,Corvus Distribution AB,IT,44763835087,2025-04-28,portail_client
5897,Granit Materials SpA,SE,012717178301,2025-05-19,saisie_manuelle
5898,Global Services SAS,BE,BE0734942947,2024-07-17,import_fournisseur
5899,Azur Distribution SARL,IT,IT67618570153,2024-05-16,crm
5900,Metallo Technologies Lda,FR,FR47508518813,2025-04-05,crm
5901,Metallo Trading Oy,BE,BE1626787592,2025-06-30,reprise_erp
5902,Baltic Foods SA,PL,PL2681770181,2025-09-02,import_fournisseur
5903,Solaris Trading A/S,IT,IT35982765931,2025-02-19,portail_client
5904,Baltic Distribution SpA,DK,DK14275975,2025-08-21,saisie_manuelle
5905,Vertex Transports Sp. z o.o.,PT,281889880,2024-10-13,saisie_manuelle
5906,Meridian Materials SA,DK,29898146,2024-02-16,saisie_manuelle
5907,Batavia Services SAS,FR,FR30680261685,2024-11-28,reprise_erp
5908,Cobalt Foods BV,LU,LU3814843,2025-06-22,saisie_manuelle
5909,Solaris Consulting GmbH,PL,PL9326084915,2024-06-21,crm
5910,Ardent Industries A/S,NL,NL-674515778B15,2024-07-20,portail_client
5911,Lusitania Logistics Oy,QQ,QQ45636803,2024-02-19,crm
5912,Papyrus Materials A/S,LU,LUH4137678,2024-07-04,portail_client
5913,Alpine Industries BV,FI,FI27000844,2024-08-06,reprise_erp
5914,Papyrus Logistics Lda,QQ,QQ910131434301,2024-12-18,import_fournisseur
5915,Lusitania Foods SAS,BE,  BE0504173534 ,2025-01-25,saisie_manuelle
5916,Orion Trading A/S,FI,FI-63213273,2024-03-24,reprise_erp
5917,Kappa Services AB,DK,DK406G7912,2024-11-20,import_fournisseur
5918,Cobalt Technologies Oy,PL,PL4252311061,2024-06-03,reprise_erp
5919,Lusitania Distribution Oy,DK,DK75715560,2024-01-05,saisie_manuelle
5920,Prima Industries A/S,DK,  DK07503865 ,2024-01-19,crm
5921,Delta Distribution SA,PL,PL9213794870,2024-02-24,portail_client
5922,Batavia Foods AB,FI,24733313,2025-05-04,portail_client
5923,Vertex Logistics SARL,FI,FI85322251,2025-02-20,portail_client
5924,Orion Foods A/S,SE,SE716557333300,2024-05-18,reprise_erp
5925,Lusitania Technologies SAS,BE,be0677888062,2025-04-02,saisie_manuelle
5926,Lumen Consulting SARL,DK,  DK82581529 ,2025-08-30,crm
5927,Nord Technologies BV,PT,PT313924350,2025-02-14,reprise_erp
5928,Alpine Industries BV,DK,DK8981446,2025-05-06,crm
5929,Delta Services SpA,SE,SE379239918401,2024-03-19,import_fournisseur
5930,Fabrica Technologies SA,IT,IT63769887946,2024-04-19,crm
5931,Corvus Foods Lda,SE,SE68764846570,2024-07-08,reprise_erp
5932,Orion Services Sp. z o.o.,FI,FI.25564881,2024-10-24,saisie_manuelle
5933,Verso Foods GmbH,IT,IT05965718462,2025-06-18,crm
5934,Solaris Industries SAS,FR,93318455586,2025-01-25,saisie_manuelle
5935,Vertex Materials GmbH,BE,BE1485580437,2025-09-02,portail_client
5936,Prima Industries SpA,LU,LU 4700 2415,2024-09-22,import_fournisseur
5937,Kappa Technologies NV,BE,NU.LL,2024-06-11,saisie_manuelle
5938,Lusitania Logistics BV,SE,SE8273100761012,2024-05-29,saisie_manuelle
5939,Vertex Consulting AB,FI,FI8483156,2025-03-01,crm
5940,Delta Trading Sp. z o.o.,LU,LU90936613,2025-08-02,crm
5941,Metallo Services AB,IT,IT44643048331,2024-05-06,portail_client
5942,Hanse Distribution BV,PT,PT981204569,2024-08-02,import_fournisseur
5943,Atlantic Consulting NV,IT,27434796606,2025-08-23,portail_client
5944,Orion Logistics Lda,PT,PT58018979,2024-02-10,crm
5945,Nord Industries Lda,PL,PL9108736236,2024-03-19,portail_client
5946,Nord Services AB,DK,DK09578315,2024-04-01,reprise_erp
5947,Granit Technologies SARL,FR,FR56281071916,2024-07-31,crm
5948,Global Services NV,PL,1477855501,2025-07-18,saisie_manuelle
5949,Solaris Transports SpA,NL,NL998401882B04,2024-05-11,saisie_manuelle
5950,Solaris Consulting SAS,UK,UK1341683016,2024-02-12,portail_client
5951,Kappa Transports SA,DK,DK 4458 5405,2025-09-22,import_fournisseur
5952,Global Transports BV,NL,NL756436990B53,2025-06-13,reprise_erp
5953,Textil Materials SARL,SE,SE540465124701,2024-03-27,portail_client
5954,Baltic Distribution SA,PT,PT334720320,2024-04-10,crm
5955,Vela Technologies Lda,LU,LU.19797034,2024-07-23,saisie_manuelle
5956,Papyrus Logistics A/S,NL,NL467148247B62,2024-10-17,import_fournisseur
5957,Kappa Services AB,SE,SE753849529901,2025-07-24,reprise_erp
5958,Delta Consulting Lda,FR,FR14848248737,2024-05-09,crm
5959,Verso Services SpA,GB,GB40416427088,2024-03-25,reprise_erp
5960,Atlantic Technologies SpA,PL,PL8386865106,2025-06-05,import_fournisseur
5961,Batavia Services NV,PT,pt538415975,2024-10-13,crm
5962,Solaris Materials GmbH,FI,FI43147969,2024-05-20,crm
5963,Cobalt Materials NV,DK,DK.56505598,2025-01-31,import_fournisseur
5964,Global Foods SARL,IT,IT67192612082,2024-01-16,import_fournisseur
5965,Atlantic Logistics AB,DK,DK10502314,2024-08-22,saisie_manuelle
5966,Lusitania Foods NV,NL,NL320466930B76,2024-05-05,import_fournisseur
5967,Lusitania Logistics SAS,LU,LU71722058,2024-12-20,portail_client
5968,Atlantic Distribution GmbH,PL,PL5546866670,2025-08-10,reprise_erp
5969,Lumen Materials SpA,PT,PT110796497,2024-02-03,portail_client
5970,Corvus Consulting SARL,LU,  LU67747204 ,2024-01-24,saisie_manuelle
5971,Nord Transports Sp. z o.o.,SE,SE1242J9890301,2025-04-21,saisie_manuelle
5972,Hanse Services AB,BE,BE0H04442670,2025-05-23,crm
5973,Cobalt Materials Lda,PT,PT741075594,2024-05-19,saisie_manuelle
5974,Meridian Industries A/S,LU,LU6439047,2024-11-03,saisie_manuelle
5975,Orion Foods SpA,FR,FR736387575982,2024-11-14,reprise_erp
5976,Nord Transports SA,IT,IT75213340449,2024-06-25,crm
5977,Atlantic Foods SARL,FI,  FI77742686 ,2024-06-27,portail_client
5978,Lumen Technologies GmbH,FI,FI-95536982,2024-12-08,import_fournisseur
5979,Granit Consulting BV,FI,FI35377684,2025-03-26,saisie_manuelle
5980,Prima Logistics BV,PL,PL3961252106,2024-07-08,saisie_manuelle
5981,Papyrus Services GmbH,FI,FI61935223,2024-11-10,crm
5982,Metallo Foods BV,GB,GB755253973,2024-03-01,portail_client
5983,Vertex Technologies GmbH,LU,LU32811864,2024-12-12,crm
5984,Corvus Logistics Lda,PT,PTO79572290,2024-05-13,portail_client
5985,Nord Trading SAS,IT,IT01801893627,2024-12-29,import_fournisseur
5986,Atlantic Logistics SpA,SE,SE268866643301,2025-04-11,reprise_erp
5987,Ardent Transports Sp. z o.o.,PL,PL4846589920,2024-06-07,portail_client
5988,Prima Industries GmbH,LU,  LU92380776 ,2024-06-23,reprise_erp
5989,Cobalt Industries Lda,LU,LU32963972,2024-05-07,portail_client
5990,Ardent Consulting Sp. z o.o.,FI,FI00090587,2025-08-26,portail_client
5991,Fabrica Logistics Oy,IT,  IT93222145265 ,2024-05-16,portail_client
5992,Azur Consulting Lda,PL,pl3728168303,2024-09-09,reprise_erp
5993,Vela Industries A/S,FI,FI26494924,2024-01-02,import_fournisseur
5994,Metallo Materials SAS,IT,IT47878300905,2024-12-03,reprise_erp
5995,Orion Logistics SAS,NL,NL835545325B290,2024-10-16,saisie_manuelle
5996,Lusitania Foods GmbH,LU,  LU95674483 ,2025-07-10,portail_client
5997,Batavia Distribution SARL,IT,IT 9697 0365266,2025-05-27,import_fournisseur
5998,Delta Industries AB,LU,81521261,2025-02-08,portail_client
5999,Verso Foods SA,LU,LU317M9431,2025-01-13,import_fournisseur
6000,Lumen Materials SA,LU,LU3387K378,2025-04-07,saisie_manuelle
6001,Hanse Logistics NV,PL,8776254109,2024-12-23,crm
6002,Global Materials SpA,LU,LU40511379,2025-04-26,saisie_manuelle
6003,Vertex Distribution AB,BE,BE1919694687,2024-12-23,saisie_manuelle
6004,Nord Foods SAS,NL,NL930815567B23,2025-07-05,reprise_erp
6005,Lumen Services Sp. z o.o.,IT,IT35454785474,2024-05-17,portail_client
6006,Kappa Materials SA,FI,,2025-07-01,crm
6007,Baltic Technologies SA,DK,DK59823639,2025-01-22,portail_client
6008,Meridian Industries Lda,FR,FR-14760307373,2025-04-24,saisie_manuelle
6009,Kappa Services NV,PL,PL1422393399,2024-11-10,crm
6010,Textil Technologies BV,LU, ,2024-07-19,reprise_erp
6011,Hanse Trading SA,LU,lu78653340,2025-03-15,portail_client
6012,Metallo Logistics SAS,NL,NL205611850B36,2024-01-13,saisie_manuelle
6013,Granit Logistics NV,LU,LU6J806051,2025-05-23,import_fournisseur
6014,Cobalt Technologies SAS,NL,NL308O09460B46,2025-09-14,saisie_manuelle
6015,Kappa Trading SA,SE,se909073735501,2024-10-15,portail_client
6016,Delta Transports NV,FR,FR17924447864,2025-01-17,saisie_manuelle
6017,Batavia Consulting NV,BE,BE.0871093949,2024-12-02,reprise_erp
6018,Vertex Technologies AB,FR,FR42621231466,2025-09-30,saisie_manuelle
6019,Baltic Transports Sp. z o.o.,FI,FI97685543,2024-03-23,portail_client
6020,Global Trading SARL,IT,IT 1024 6294325,2024-05-09,crm
6021,Vertex Transports GmbH,PT,PT682489450,2025-06-26,saisie_manuelle
6022,Papyrus Materials SA,DK,DK32546056,2024-12-09,import_fournisseur
6023,Orion Transports SAS,SE,SE852783414001,2024-06-24,saisie_manuelle
6024,Ardent Transports AB,SE,SE393729190701,2024-06-05,import_fournisseur
6025,Verso Foods NV,ZZ,ZZ9767239536,2025-05-26,saisie_manuelle
6026,Vertex Trading Sp. z o.o.,FI,  FI54918271 ,2024-03-03,portail_client
6027,Lumen Consulting Lda,FR,FR881605M7145,2025-09-04,reprise_erp
6028,Delta Foods NV,LU,LU47620757,2025-06-10,portail_client
6029,Baltic Consulting NV,LU,LU11470977,2024-12-28,import_fournisseur
6030,Metallo Trading GmbH,SE,SE266619215401,2024-05-03,portail_client
6031,Batavia Foods SARL,FI,FI51005469,2024-09-23,crm
6032,Verso Logistics A/S,BE,  BE0452309317 ,2024-04-02,crm
6033,Hanse Distribution Oy,UK,UK1358072155,2025-01-06,import_fournisseur
6034,Lumen Industries GmbH,BE,BE1997768943,2024-12-13,reprise_erp
6035,Global Services AB,LU,LU 8553 1525,2025-02-28,reprise_erp
6036,Nord Technologies NV,PL,PL3020489705,2025-02-22,reprise_erp
6037,Verso Trading GmbH,SE,SE99012545900,2024-10-01,import_fournisseur
6038,Global Technologies Sp. z o.o.,FI,FI35262307,2024-05-24,import_fournisseur
6039,Vertex Transports A/S,IT,  IT63723710669 ,2024-10-08,portail_client
6040,Azur Materials SARL,SE,SE8J6747819601,2025-03-18,portail_client
6041,Vela Industries SpA,IT,IT2105400407,2025-03-30,reprise_erp
6042,Metallo Foods Lda,IT,IT52766608658,2025-05-20,crm
6043,Azur Distribution SA,PL,PL8742323599,2025-03-16,saisie_manuelle
6044,Prima Services SA,FR,FR-37123844629,2024-01-20,crm
6045,Global Distribution SpA,PT,PT702677159,2025-04-17,portail_client
6046,Alpine Transports A/S,BE,BE0687878744,2024-12-29,crm
6047,Corvus Materials GmbH,PL,PL8646821231,2025-05-13,crm
6048,Hanse Consulting SARL,FR,FR-57906723617,2024-08-29,crm
6049,Hanse Distribution AB,SE,SE8460112M3201,2024-11-23,portail_client
6050,Lusitania Consulting A/S,DK,DK33501622,2024-07-21,saisie_manuelle
6051,Cobalt Technologies BV,BE,BE1430323002,2025-05-06,portail_client
6052,Atlantic Logistics AB,LU,LU38554788,2024-01-01,import_fournisseur
6053,Hanse Industries Sp. z o.o.,GB,GB588858340,2024-03-31,crm
6054,Orion Consulting SA,LU,LU21H21741,2025-05-22,crm
6055,Fabrica Distribution SA,PT,PT618521097,2025-01-26,import_fournisseur
6056,Vertex Transports BV,PT,PT7K2598923,2025-01-25,portail_client
6057,Granit Trading SA,SE,SE5644601972011,2025-06-18,import_fournisseur
6058,Prima Trading BV,DK,DK06056016,2024-09-26,import_fournisseur
6059,Ardent Logistics BV,IT,IT-22926227970,2024-12-25,saisie_manuelle
6060,Granit Materials SA,LU,LU 6466 4863,2024-07-21,crm
6061,Atlantic Distribution AB,QQ,QQ5819504305,2024-12-10,portail_client
6062,Ardent Services SpA,SE,SE991211638201,2024-03-10,import_fournisseur
6063,Prima Trading Sp. z o.o.,FI,FI00705384,2024-01-23,portail_client
6064,Vertex Services SA,IT,IT65984404791,2025-01-01,saisie_manuelle
6065,Global Services SARL,FR,FR-16583776136,2024-08-04,import_fournisseur
6066,Atlantic Trading GmbH,LU,LU81337504,2024-12-25,reprise_erp
6067,Global Services SpA,DK,DK94488419,2025-06-06,portail_client
6068,Baltic Logistics NV,LU,LU-91223978,2024-03-21,import_fournisseur
6069,Global Transports SAS,SE,SE211564009901,2025-01-30,crm
6070,Batavia Foods SAS,LU,LU91484613,2025-04-10,saisie_manuelle
6071,Textil Materials A/S,FR,FR37395307312,2024-01-09,saisie_manuelle
6072,Nord Services Lda,NL,nl005575436b33,2025-07-20,import_fournisseur
6073,Vela Distribution SARL,PT,362962006,2024-11-07,portail_client
6074,Granit Foods SA,LU,LU17M21180,2025-05-05,reprise_erp
6075,Meridian Services BV,PL,PL1569377216,2024-06-23,portail_client
6076,Papyrus Logistics Lda,PT,  PT764003623 ,2025-03-27,reprise_erp
6077,Corvus Materials Lda,BE,BE083367699,2024-01-03,import_fournisseur
6078,Meridian Distribution Oy,FI,FI54044498,2025-05-14,saisie_manuelle
6079,Atlantic Services SpA,PL,PL6036M32350,2025-02-16,portail_client
6080,Baltic Trading GmbH,FR,FR94798942920,2024-06-29,portail_client
6081,Meridian Technologies NV,FR,FR003995900418,2025-05-18,reprise_erp
6082,Vertex Foods Sp. z o.o.,BE,BE1347993667,2024-10-19,saisie_manuelle
6083,Cobalt Transports SpA,IT,IT04452787270,2024-08-02,portail_client
6084,Metallo Foods Oy,PL,PL6281209573,2025-02-22,import_fournisseur
6085,Lumen Materials BV,DK,DK35854444,2024-03-09,saisie_manuelle
6086,Prima Logistics SA,IT,IT73921916660,2025-03-17,portail_client
6087,Alpine Trading SAS,SE,SE039974871601,2025-01-05,reprise_erp
6088,Textil Services SAS,FR,FR69324956935,2025-03-21,reprise_erp
6089,Vela Transports A/S,SE,SE063078085601,2025-05-08,reprise_erp
6090,Nord Transports SA,IT,it38676489594,2024-10-08,crm
6091,Delta Technologies GmbH,IT,IT87056114807,2024-02-02,reprise_erp
6092,Lusitania Distribution NV,DK,DK24935992,2024-12-14,reprise_erp
6093,Global Services SAS,PT,PT7580932J0,2025-07-07,saisie_manuelle
6094,Prima Trading AB,LU,LU6300J554,2025-04-20,portail_client
6095,Vertex Industries GmbH,IT,IT60882431614,2024-05-12,import_fournisseur
6096,Alpine Consulting SAS,SE,SE828209220701,2024-12-10,saisie_manuelle
6097,Fabrica Industries AB,LU,  LU49481867 ,2024-05-10,import_fournisseur
6098,Nord Materials SAS,BE,1665035187,2024-03-24,saisie_manuelle
6099,Atlantic Foods NV,ZZ,ZZ93811436000,2025-04-23,portail_client
6100,Nord Services A/S,IT,IT22197838638,2024-08-13,import_fournisseur
6101,Textil Services Sp. z o.o.,FI,FI48642491,2024-08-11,crm
6102,Orion Distribution Oy,IT,IT85062453598,2025-04-21,saisie_manuelle
6103,Baltic Services SpA,PT,PT45673485,2024-12-19,saisie_manuelle
6104,Cobalt Trading SA,SE,SE339282132101,2024-02-24,saisie_manuelle
6105,Meridian Materials GmbH,PL,PL1018143741,2025-06-10,portail_client
6106,Verso Distribution Sp. z o.o.,FI,FI5525073,2025-08-11,reprise_erp
6107,Papyrus Industries A/S,PL,PL3919688195,2025-04-18,crm
6108,Vertex Consulting SA,DK,DK40461493,2024-02-05,crm
6109,Metallo Industries SAS,IT,IT0481795796,2024-03-21,crm
6110,Prima Distribution SARL,DK,DK614319O0,2025-08-23,crm
6111,Vertex Foods Oy,SE,SE068477408701,2025-01-04,portail_client
6112,Baltic Services SARL,LU,LU16711966,2024-05-05,reprise_erp
6113,Alpine Technologies GmbH,UK,UK74256980698,2024-10-01,reprise_erp
6114,Baltic Materials Lda,DK,DK27370500,2025-07-13,reprise_erp
6115,Atlantic Distribution Lda,FI,FI181735595,2024-09-27,reprise_erp
6116,Global Trading Oy,BE,BE1730056466,2024-08-14,saisie_manuelle
6117,Textil Technologies A/S,FI,FI0384331O,2024-01-04,import_fournisseur
6118,Fabrica Technologies Sp. z o.o.,SE,SE322832968001,2024-07-12,crm
6119,Hanse Distribution SpA,NL,NL688989457B97,2024-06-02,reprise_erp
6120,Vela Foods SAS,FI,FI32647281,2025-05-30,crm
6121,Delta Distribution AB,SE,  SE536873104701 ,2024-04-20,saisie_manuelle
6122,Verso Logistics A/S,FI,FI78603004,2025-05-03,saisie_manuelle
6123,Atlantic Transports AB,PT,PT820357490,2025-08-09,reprise_erp
6124,Ardent Services SpA,FI,FI-0282040,2025-07-07,import_fournisseur
6125,Verso Materials Lda,LU,LU2208K667,2025-01-05,reprise_erp
6126,Batavia Industries NV,GB,GB1803742939,2024-06-07,reprise_erp
6127,Nord Consulting SAS,PL,PL1383504735,2024-02-01,saisie_manuelle
6128,Lumen Materials Lda,LU,LU43070231,2024-03-07,reprise_erp
6129,Granit Materials Sp. z o.o.,PL,2438463364,2025-01-20,saisie_manuelle
6130,Vela Industries SpA,DK,DK.22751530,2024-03-22,crm
6131,Ardent Consulting Lda,NL,NL69M198610B88,2024-03-31,crm
6132,Delta Materials SAS,LU,LU118K3431,2025-06-23,crm
6133,Vela Logistics SA,DK,DK-33139659,2024-07-17,reprise_erp
6134,Metallo Trading BV,DK,DK99346957,2025-01-19,portail_client
6135,Meridian Foods SA,BE,BE0823975906,2025-05-21,saisie_manuelle
6136,Vela Industries Sp. z o.o.,BE,0458764468,2025-05-24,saisie_manuelle
6137,Fabrica Logistics GmbH,PL,PL 5835 528909,2024-11-11,crm
6138,Baltic Foods SA,SE,SE27894105090,2025-01-18,import_fournisseur
6139,Batavia Services AB,PT,PT-416507735,2024-08-14,portail_client
6140,Atlantic Logistics GmbH,IT,IT44848014021,2024-04-15,portail_client
6141,Cobalt Consulting BV,DK,DK-30194381,2025-08-28,import_fournisseur
6142,Lumen Foods A/S,NL,NL786494151B93,2024-02-17,saisie_manuelle
6143,Verso Industries Lda,FR,fr66115751573,2024-01-02,import_fournisseur
6144,Ardent Industries Oy,IT,IT70833314665,2025-05-09,import_fournisseur
6145,Lusitania Materials GmbH,NL,NL 5083 94156B47,2024-04-14,crm
6146,Meridian Trading SpA,FI,FI7427720,2024-06-01,crm
6147,Prima Technologies SARL,IT,IT-51730938563,2024-06-16,import_fournisseur
6148,Granit Services SARL,IT,IT 6551 9652377,2025-04-24,crm
6149,Corvus Materials BV,BE,BE0840342873,2025-08-17,crm
6150,Solaris Logistics Oy,PL,PL60893946609,2025-01-07,import_fournisseur
6151,Fabrica Foods Oy,PL,PL 7598 813870,2025-05-04,saisie_manuelle
6152,Ardent Consulting AB,FR,FR3943750492,2024-08-18,crm
6153,Meridian Consulting Lda,LU,lu76785047,2024-03-10,saisie_manuelle
6154,Corvus Consulting A/S,PL,pl1544347584,2025-05-02,reprise_erp
6155,Papyrus Industries A/S,LU,LU53659110,2024-02-05,portail_client
6156,Kappa Technologies Sp. z o.o.,DK,DK71746887,2025-02-10,reprise_erp
6157,Delta Transports Oy,PT,PT326795437,2025-03-06,reprise_erp
6158,Batavia Materials BV,LU,lu67170421,2024-04-19,reprise_erp
6159,Lusitania Services GmbH,PL,PL9637717825,2024-09-20,reprise_erp
6160,Lusitania Industries NV,PL,PL7963909624,2024-09-11,import_fournisseur
6161,Verso Services A/S,PL,PL4346399375,2024-02-24,import_fournisseur
6162,Textil Industries BV,DK,DK42676756,2025-02-07,reprise_erp
6163,Vela Trading SA,FI,28694024,2024-04-13,saisie_manuelle
6164,Verso Transports Oy,FR,FR28713581346,2025-03-07,portail_client
6165,Granit Services Sp. z o.o.,IT,IT673085733847,2024-12-20,portail_client
6166,Metallo Materials SpA,FR,FR83346083960,2025-04-20,saisie_manuelle
6167,Solaris Services AB,PT,PT641447680,2024-03-18,crm
6168,Solaris Consulting SpA,PL,PL7458097652,2024-07-20,crm
6169,Lumen Transports Lda,SE,SE166457363901,2025-01-19,portail_client
6170,Delta Industries A/S,LU,LU64073625,2025-05-06,crm
6171,Delta Industries AB,IT,IT49759823609,2025-05-18,import_fournisseur
6172,Meridian Distribution SpA,PL,PL149226663,2024-09-11,import_fournisseur
6173,Baltic Trading NV,BE,BE1234648008,2024-02-09,reprise_erp
6174,Metallo Distribution SA,DK,DK64429760,2024-09-19,portail_client
6175,Nord Technologies BV,BE,BE12642512807,2025-03-10,portail_client
6176,Metallo Logistics SpA,ZZ,ZZ3569656905,2024-03-15,saisie_manuelle
6177,Delta Consulting A/S,BE,BE1869474148,2025-05-08,reprise_erp
6178,Verso Distribution SpA,FI,fi31538081,2025-03-28,import_fournisseur
6179,Meridian Consulting Oy,NL,916123935B90,2025-05-13,saisie_manuelle
6180,Lusitania Logistics A/S,SE,008195060201,2024-09-03,import_fournisseur
6181,Delta Foods Sp. z o.o.,PT,PT713579471,2024-06-23,portail_client
6182,Vertex Logistics Sp. z o.o.,FR,FR14502166608,2024-11-14,reprise_erp
6183,Textil Consulting SARL,PL,PL4245527298,2024-07-17,saisie_manuelle
6184,Ardent Materials SAS,QQ,QQ02739684490,2025-03-23,crm
6185,Prima Foods SpA,IT,  IT03356333462 ,2024-06-19,reprise_erp
6186,Azur Logistics BV,IT,IT45337481340,2024-04-03,import_fournisseur
6187,Vela Industries NV,FI,FI10873H64,2024-07-14,saisie_manuelle
6188,Metallo Industries Lda,LU,LU89491217,2024-09-13,saisie_manuelle
6189,Verso Industries SAS,LU,LU-46769185,2024-03-24,import_fournisseur
6190,Prima Consulting SARL,SE,null,2024-05-19,portail_client
6191,Fabrica Services Oy,BE,BE1530095420,2024-03-01,saisie_manuelle
6192,Lumen Materials SAS,FR,FR0582O875932,2025-05-12,import_fournisseur
6193,Vertex Services SARL,PT,pt310013631,2024-08-04,crm
6194,Ardent Transports NV,FI,FI39263481,2025-08-05,saisie_manuelle
6195,Lumen Foods BV,FR,FR44415022594,2024-01-09,reprise_erp
6196,Kappa Foods GmbH,FI,FI71505007,2025-07-11,crm
6197,Kappa Transports AB,IT,IT58661755437,2024-07-02,saisie_manuelle
6198,Prima Transports BV,XX,XX78426777033,2025-06-26,crm
6199,Lumen Services SARL,FI,FI00558952,2024-09-24,portail_client
6200,Fabrica Logistics SAS,SE,SE6120555070016,2025-08-03,saisie_manuelle
6201,Meridian Distribution A/S,BE,BE1753155630,2025-04-10,portail_client
6202,Kappa Foods SAS,DK,DK5094J988,2025-09-27,portail_client
6203,Vela Services Oy,LU,LU60316209,2024-10-31,crm
6204,Fabrica Services SA,FI,FI24009368,2024-10-22,crm
6205,Delta Foods A/S,PL,PL4691G34368,2025-07-22,reprise_erp
6206,Metallo Logistics Sp. z o.o.,NL,NL262135243B142,2025-01-28,import_fournisseur
6207,Vela Logistics AB,PT,PT101416440,2024-11-25,import_fournisseur
6208,Ardent Distribution SA,LU,LU43152250,2024-01-13,import_fournisseur
6209,Hanse Industries SpA,FR,FR-72957602547,2024-02-02,saisie_manuelle
6210,Metallo Distribution SAS,BE,BE0178718045,2025-06-22,reprise_erp
6211,Verso Trading Lda,FR,FRM0577762794,2025-09-16,import_fournisseur
6212,Batavia Distribution SARL,PT,PT819770086,2024-11-09,saisie_manuelle
6213,Batavia Logistics BV,ZZ,ZZ60134157,2025-05-23,reprise_erp
6214,Textil Industries SA,IT,IT83317991719,2024-06-24,portail_client
6215,Azur Services Lda,FI,FI35493167,2024-08-10,reprise_erp
6216,Delta Trading A/S,LU,lu31386046,2024-12-22,portail_client
6217,Corvus Foods SpA,BE,BE-1756835591,2025-06-30,reprise_erp
6218,Nord Consulting Lda,SE,SE439659747001,2024-07-16,import_fournisseur
6219,Nord Materials SpA,SE,SE982642489801,2024-03-08,crm
6220,Orion Trading A/S,FR,FR54315260102,2024-08-08,reprise_erp
6221,Corvus Distribution Lda,ZZ,ZZ056461310701,2024-10-16,crm
6222,Vela Transports Sp. z o.o.,BE,BE.0871048221,2025-06-18,import_fournisseur
6223,Kappa Industries Lda,DK,DK22855744,2024-03-24,portail_client
6224,Metallo Trading Oy,SE,SE048857523801,2024-08-10,import_fournisseur
6225,Corvus Transports SARL,DK,DK74947824,2024-01-19,portail_client
6226,Vela Technologies SA,BE,BE1369873095,2024-02-22,saisie_manuelle
6227,Fabrica Logistics BV,FR,FR64618773661,2024-02-24,crm
6228,Cobalt Services Sp. z o.o.,FR,null,2024-05-20,crm
6229,Lumen Distribution Oy,SE,SE-708867177601,2024-08-31,reprise_erp
6230,Cobalt Services SpA,IT,34269455647,2024-09-04,crm
6231,Vela Distribution Sp. z o.o.,PL,PL5775608762,2025-03-24,crm
6232,Lumen Trading SpA,PL,PL2419381292,2024-06-10,crm
6233,Nord Materials NV,BE,BE0996145359,2024-03-29,crm
6234,Corvus Logistics A/S,IT,IT167298492042,2024-11-13,import_fournisseur
6235,Nord Trading AB,NL,  NL271163811B09 ,2024-07-09,crm
6236,Granit Distribution NV,PT,PT804355509,2025-03-11,saisie_manuelle
6237,Vela Industries SpA,DK,DK77530665,2025-03-11,crm
6238,Papyrus Services SARL,NL,NL125455215B58,2025-06-27,reprise_erp
6239,Solaris Logistics SAS,NL,NL520267941B83,2025-04-21,crm
6240,Hanse Trading Oy,NL,NL427035806B5,2025-01-28,portail_client
6241,Delta Logistics A/S,LU,LU65008933,2025-08-31,saisie_manuelle
6242,Prima Transports SARL,LU,LU52506251,2024-07-25,crm
6243,Vela Trading Sp. z o.o.,DK,DK18496887,2024-09-17,reprise_erp
6244,Azur Technologies Oy,NL,NL835628620B6O,2024-05-12,crm
6245,Granit Logistics SAS,SE,SE903091738001,2025-06-19,import_fournisseur
6246,Textil Trading SA,IT,IT737417318290,2024-10-18,crm
6247,Vela Logistics Oy,XX,XX94043328,2024-09-04,reprise_erp
6248,Vertex Trading BV,NL,NL515241301B49,2024-05-15,portail_client
6249,Metallo Distribution GmbH,NL,NL613630725B45,2025-09-25,saisie_manuelle
6250,Fabrica Distribution Sp. z o.o.,PL,PL.5338658733,2025-04-23,reprise_erp
6251,Lumen Consulting SAS,IT,IT-80788595678,2025-02-09,portail_client
6252,Vertex Materials SpA,BE,be1566504567,2024-09-03,saisie_manuelle
6253,Kappa Materials SpA,ZZ,ZZ54751885,2024-04-17,saisie_manuelle
6254,Batavia Transports Sp. z o.o.,PL,PL 6828 480119,2024-04-11,reprise_erp
6255,Atlantic Foods SpA,BE,1777139473,2024-12-04,reprise_erp
6256,Nord Trading NV,FR,FR41121556871,2025-02-03,portail_client
6257,Azur Distribution SpA,IT,IT45950390729,2025-02-05,import_fournisseur
6258,Fabrica Transports Lda,IT,IT9911221075M,2024-10-14,import_fournisseur
6259,Kappa Consulting SA,NL,NL804625917B36,2024-01-05,saisie_manuelle
6260,Solaris Industries NV,PT,PT385079010,2024-07-24,portail_client
6261,Azur Transports Lda,BE,BE0185878829,2025-04-25,saisie_manuelle
6262,Ardent Distribution NV,PL,PL3603587955,2024-09-10,import_fournisseur
6263,Granit Technologies GmbH,PL,PL6455431682,2024-10-24,portail_client
6264,Orion Materials SpA,SE,314267382501,2024-10-10,reprise_erp
6265,Fabrica Logistics Sp. z o.o.,BE,BE1948257866,2025-07-11,import_fournisseur
6266,Lumen Transports A/S,IT,IT41139124862,2024-03-16,portail_client
6267,Azur Distribution BV,SE,SE177101041801,2025-06-28,saisie_manuelle
6268,Azur Trading Lda,FR,  FR67477059566 ,2025-07-17,saisie_manuelle
6269,Hanse Industries Sp. z o.o.,LU,LU49861824,2025-08-16,reprise_erp
6270,Granit Foods NV,LU,LU19874912,2025-03-27,reprise_erp
6271,Lumen Consulting NV,LU,  LU17731527 ,2024-08-16,saisie_manuelle
6272,Vertex Materials NV,IT,IT901347557281,2024-05-11,import_fournisseur
6273,Verso Technologies SA,BE,BE.0365820454,2025-03-14,reprise_erp
6274,Verso Logistics AB,SE,SE066158760701,2025-05-18,saisie_manuelle
6275,Orion Industries SAS,PL,PL9145093727,2024-09-21,portail_client
6276,Lumen Industries SpA,FR,FR551134133520,2024-07-09,crm
6277,Solaris Technologies Sp. z o.o.,FR,FR944702332008,2024-01-12,import_fournisseur
6278,Fabrica Trading AB,FR,FR61723044K89,2024-06-24,reprise_erp
6279,Nord Logistics A/S,LU,LU5568718,2024-09-09,reprise_erp
6280,Lumen Industries Lda,BE,  BE0776547257 ,2024-08-24,import_fournisseur
6281,Baltic Materials SA,PT,PT596122942,2024-03-26,saisie_manuelle
6282,Atlantic Industries A/S,DK,DK90578995,2024-12-21,portail_client
6283,Solaris Industries SpA,DK,DK5150O977,2024-05-14,reprise_erp
6284,Orion Industries GmbH,NL,NL514176192B66,2024-11-17,portail_client
6285,Vertex Foods A/S,LU,LU306123526,2024-06-27,reprise_erp
6286,Vertex Transports GmbH,SE,SE747589769501,2024-09-03,crm
6287,Batavia Foods A/S,SE,SE717597968601,2024-04-11,saisie_manuelle
6288,Granit Logistics BV,NL,NL 5543 37824B35,2024-09-14,saisie_manuelle
6289,Prima Transports GmbH,NL,NL.678599920B60,2025-05-29,import_fournisseur
6290,Metallo Consulting BV,PL,  PL2352970052 ,2025-04-26,import_fournisseur
6291,Kappa Foods Oy,SE,SE339810969801,2025-06-08,saisie_manuelle
6292,Granit Consulting Lda,IT,25262313171,2025-01-18,crm
6293,Corvus Technologies SAS,NL,NL168004215B9,2024-12-08,import_fournisseur
6294,Orion Foods A/S,DK,DK81925704,2025-05-17,crm
6295,Fabrica Technologies BV,PT,PT182402330,2024-12-24,import_fournisseur
6296,Metallo Technologies A/S,PL,PL4039167735,2024-10-18,crm
6297,Solaris Logistics A/S,BE,BE0167045183,2025-05-19,saisie_manuelle
6298,Granit Technologies SAS,PT,  PT605172978 ,2025-08-26,portail_client
6299,Atlantic Materials BV,BE,BE050643739,2024-08-25,import_fournisseur
6300,Fabrica Materials SARL,FI,FI74523760,2025-08-03,portail_client
6301,Lusitania Transports Sp. z o.o.,LU,LU47122256,2025-08-15,reprise_erp
6302,Corvus Services BV,FR,  FR82833759029 ,2025-08-09,portail_client
6303,Corvus Logistics SAS,IT,IT.48688905107,2024-02-02,portail_client
6304,Prima Materials BV,FR,FR08109418359,2024-03-04,reprise_erp
6305,Metallo Materials Sp. z o.o.,FI,  FI83062986 ,2025-08-09,saisie_manuelle
6306,Cobalt Services SA,DK,DK29373183,2024-03-24,import_fournisseur
6307,Papyrus Consulting SpA,IT,IT64699776703,2025-08-05,import_fournisseur
6308,Alpine Services AB,FR,FR71101884002,2025-08-01,crm
6309,Fabrica Trading NV,DK,DK67971671,2024-09-27,saisie_manuelle
6310,Lusitania Industries A/S,FI,FI 5158 6304,2024-07-30,crm
6311,Alpine Foods GmbH,PL,PL8055349J98,2025-08-13,crm
6312,Atlantic Distribution SpA,NL,NL-712686149B08,2024-02-17,crm
6313,Ardent Distribution NV,DK,DK36292520,2024-09-10,saisie_manuelle
6314,Azur Industries A/S,SE,SE838017443601,2025-02-08,import_fournisseur
6315,Prima Technologies AB,UK,UK4673491215,2025-04-12,saisie_manuelle
6316,Baltic Materials SA,PL,PL7894958624,2025-06-03,import_fournisseur
6317,Baltic Services SpA,LU,LU8536616,2024-12-31,portail_client
6318,Nord Materials GmbH,IT,IT81944750959,2025-03-13,saisie_manuelle
6319,Fabrica Services SA,FI,FI-24009368,2024-06-03,saisie_manuelle
6320,Textil Industries A/S,NL,NL942376390B53,2025-07-17,crm
6321,Prima Logistics BV,BE,BE0879769115,2025-06-26,portail_client
6322,Vela Logistics Lda,NL,NL.501395453B09,2025-02-11,saisie_manuelle
6323,Prima Technologies GmbH,IT,IT63662981883,2024-08-27,import_fournisseur
6324,Batavia Foods Lda,DK,DK85413841,2025-07-12,saisie_manuelle
6325,Delta Logistics SpA,FR,FR.20178674617,2025-03-25,portail_client
6326,Lumen Distribution SARL,PL,  PL4209933786 ,2024-06-15,saisie_manuelle
6327,Delta Transports Sp. z o.o.,BE,BE0423344426,2025-04-29,reprise_erp
6328,Global Transports NV,BE,1646048527,2025-06-28,saisie_manuelle
6329,Solaris Materials SpA,IT,IT80472084401,2024-09-02,reprise_erp
6330,Corvus Distribution AB,BE,be1279080701,2025-02-09,import_fournisseur
6331,Textil Technologies Sp. z o.o.,SE,SE268216812101,2025-06-25,import_fournisseur
6332,Corvus Materials SpA,BE,BE0365454923,2024-08-15,crm
6333,Orion Industries Lda,FI,FI07118073,2024-04-04,reprise_erp
6334,Papyrus Consulting NV,PT,PT676977003,2024-04-05,reprise_erp
6335,Vela Materials A/S,PT,PT894457985,2025-06-27,saisie_manuelle
6336,Solaris Logistics A/S,NL,NL424018032B56,2024-03-24,import_fournisseur
6337,Azur Consulting AB,FI,FI84463503,2024-11-19,import_fournisseur
6338,Baltic Transports Oy,FR,FR23959776430,2024-09-18,import_fournisseur
6339,Meridian Consulting SARL,PL,  PL7070930274 ,2025-03-26,reprise_erp
6340,Prima Foods SA,QQ,QQ48733393,2024-11-07,reprise_erp
6341,Azur Industries BV,FR,FR271658990088,2025-09-11,saisie_manuelle
6342,Hanse Industries Sp. z o.o.,PL,PL7067313064,2025-07-13,crm
6343,Cobalt Industries A/S,FR,fr32775591669,2025-02-10,saisie_manuelle
6344,Baltic Materials SARL,BE,be1546891662,2024-07-01,import_fournisseur
6345,Cobalt Industries SARL,LU,LU76600066,2025-05-23,import_fournisseur
6346,Corvus Logistics SpA,FI,FI661383289,2025-02-16,portail_client
6347,Vela Trading NV,DK,DK36389990,2025-07-14,reprise_erp
6348,Delta Consulting Lda,UK,UK76424459,2024-04-30,crm
6349,Batavia Consulting SARL,SE,SE6262322198017,2024-04-03,saisie_manuelle
6350,Solaris Foods A/S,BE,BEJ768625744,2024-02-16,crm
6351,Granit Distribution SARL,LU,LU25495O61,2024-07-13,portail_client
6352,Corvus Logistics BV,PL,PL5062807026,2024-04-06,crm
6353,Delta Consulting SAS,IT,IT6301323276,2025-07-03,crm
6354,Lusitania Materials SA,FI,FIG3476680,2024-02-28,import_fournisseur
6355,Metallo Technologies Lda,FR,39629628173,2025-07-09,import_fournisseur
6356,Delta Technologies BV,BE,BE1406460408,2024-08-24,portail_client
6357,Metallo Materials SAS,NL,NL434077744B52,2024-06-22,reprise_erp
6358,Orion Services Sp. z o.o.,PL,3340963733,2025-01-02,saisie_manuelle
6359,Textil Technologies SARL,FR,FR-25173564497,2024-04-18,saisie_manuelle
6360,Alpine Industries Sp. z o.o.,BE,  BE1471726362 ,2024-05-16,import_fournisseur
6361,Lusitania Distribution SA,NL,  NL605371842B76 ,2024-05-15,saisie_manuelle
6362,Nord Distribution A/S,FI,FI7456219J,2025-08-29,import_fournisseur
6363,Solaris Technologies GmbH,SE,SE030639651601,2024-08-11,portail_client
6364,Fabrica Consulting SA,SE,SE700515855001,2025-04-13,import_fournisseur
6365,Kappa Foods SA,NL,NL859004740B78,2024-03-03,reprise_erp
6366,Meridian Logistics SARL,IT,IT58081266338,2024-11-10,saisie_manuelle
6367,Alpine Trading SAS,LU,LU93395780,2025-03-02,reprise_erp
6368,Batavia Technologies GmbH,SE,500212130801,2025-06-29,import_fournisseur
6369,Textil Logistics SpA,LU,LU40201603,2024-02-07,reprise_erp
6370,Global Foods A/S,XX,XX03086639436,2024-12-01,import_fournisseur
6371,Azur Logistics Sp. z o.o.,PT,PT458863521,2024-09-30,portail_client
6372,Granit Distribution Sp. z o.o.,IT,IT695941041630,2024-04-07,portail_client
6373,Kappa Industries A/S,LU,LU31040158,2024-11-12,crm
6374,Ardent Trading GmbH,PL,PL2644680013,2024-04-11,crm
6375,Verso Trading AB,DK,DK84588296,2024-07-31,reprise_erp
6376,Ardent Consulting Sp. z o.o.,BE,BE052961K486,2025-09-20,reprise_erp
6377,Hanse Logistics Lda,DK,DK 1445 5221,2024-09-23,crm
6378,Textil Services Lda,BE,BE-1169040337,2024-03-04,portail_client
6379,Textil Distribution SA,PL,PL275565972,2024-04-09,import_fournisseur
6380,Verso Trading SpA,FR,FR08O33088169,2024-06-24,saisie_manuelle
6381,Orion Industries SARL,PT,PT666224340,2024-08-18,crm
6382,Baltic Logistics SA,NL,  NL517732993B29 ,2024-02-03,import_fournisseur
6383,Fabrica Trading A/S,PL,PL8706312416,2024-01-28,portail_client
6384,Nord Materials NV,LU,LU78659760,2024-09-22,import_fournisseur
6385,Lumen Transports NV,FR,FR93175861445,2024-03-24,import_fournisseur
6386,Verso Logistics Sp. z o.o.,IT,IT36431234651,2025-03-15,import_fournisseur
6387,Batavia Industries BV,PT,PT221256563,2024-03-24,crm
6388,Vela Industries SAS,PL,PL3075340919,2024-11-18,reprise_erp
6389,Alpine Materials GmbH,IT,IT43675954624,2025-03-04,saisie_manuelle
6390,Nord Consulting BV,IT,  IT98542035112 ,2024-09-28,saisie_manuelle
6391,Nord Technologies NV,SE,SE12151571550,2024-09-17,reprise_erp
6392,Delta Transports GmbH,SE,SE69014100240,2025-02-01,crm
6393,Solaris Technologies A/S,PL,-,2025-01-16,reprise_erp
6394,Fabrica Materials SA,FI,FI06189334,2024-01-14,portail_client
6395,Global Materials GmbH,NL,NL168398742B89,2025-08-17,saisie_manuelle
6396,Verso Transports Lda,NL,NL573218683B19,2024-07-29,crm
6397,Solaris Industries BV,DK,DK11295975,2024-11-25,saisie_manuelle
6398,Papyrus Services SA,SE,SE043107064801,2024-01-06,reprise_erp
6399,Lusitania Materials BV,IT,IT 9648 2689641,2024-08-29,reprise_erp
6400,Cobalt Technologies SpA,BE,BE176846688,2024-02-19,portail_client
6401,Verso Consulting NV,SE,SE.228719483701,2024-12-20,reprise_erp
6402,Kappa Logistics SpA,NL,NL397934750B60,2024-01-23,crm
6403,Lusitania Consulting Lda,DK,DK73900840,2025-07-08,saisie_manuelle
6404,Atlantic Trading SpA,IT,IT01305535649,2024-10-27,import_fournisseur
6405,Azur Materials Oy,SE,SE113211924701,2025-04-02,import_fournisseur
6406,Granit Technologies AB,DK,DK43674090,2025-04-23,reprise_erp
6407,Vertex Materials SAS,SE,se219609570301,2024-01-14,portail_client
6408,Fabrica Materials Sp. z o.o.,PT,PT366876309,2024-03-25,saisie_manuelle
6409,Hanse Consulting Lda,FR,FR.24553850798,2024-09-10,crm
6410,Corvus Materials SpA,GB,GB006809091B73,2025-02-27,reprise_erp
6411,Atlantic Services Sp. z o.o.,BE,BE 1105 148318,2025-05-09,import_fournisseur
6412,Meridian Logistics Oy,NL,NL616405222B27,2025-06-03,reprise_erp
6413,Lumen Technologies NV,PT,174699557,2025-09-13,saisie_manuelle
6414,Azur Consulting SAS,PL,PL34589H1141,2024-09-22,import_fournisseur
6415,Corvus Technologies Sp. z o.o.,PT,PT-576698466,2024-10-01,reprise_erp
6416,Meridian Consulting SAS,BE,BE1584763432,2024-03-26,portail_client
6417,Vertex Industries Sp. z o.o.,DK,DK99218817,2025-05-26,portail_client
6418,Batavia Materials Lda,XX,XX40740855,2024-04-16,saisie_manuelle
6419,Textil Foods GmbH,SE,SE 6592 29655901,2025-07-22,reprise_erp
6420,Cobalt Materials AB,FR,FR68517126160,2024-04-25,portail_client
6421,Baltic Trading Sp. z o.o.,NL,NL335680290B13,2024-10-26,saisie_manuelle
6422,Verso Foods BV,QQ,QQ45141147004,2025-08-25,reprise_erp
6423,Kappa Technologies AB,SE,SE735853173401,2025-01-06,reprise_erp
6424,Ardent Trading NV,FR,FR32622898925,2025-04-08,saisie_manuelle
6425,Azur Foods Sp. z o.o.,BE,be1738201297,2024-10-01,portail_client
6426,Solaris Materials BV,PT,PT332957918,2025-02-19,portail_client
6427,Delta Transports A/S,PL,PL2669945074,2025-09-12,import_fournisseur
6428,Papyrus Distribution SpA,LU,LU643160462,2024-07-20,saisie_manuelle
6429,Verso Services GmbH,BE,BE1280666452,2025-07-14,crm
6430,Cobalt Consulting GmbH,DK,DK.50932001,2025-09-23,saisie_manuelle
6431,Corvus Services NV,FI,FI31155486,2024-05-28,reprise_erp
6432,Delta Trading AB,LU,LU21356150,2024-10-17,crm
6433,Vertex Industries Oy,DK,DK82428275,2025-01-29,crm
6434,Lumen Materials NV,PL,PL6993708485,2025-02-07,crm
6435,Nord Materials SA,SE,null,2024-02-20,crm
6436,Meridian Services SA,PL,  5504411220 ,2024-05-13,portail_client
6437,Ardent Technologies Oy,FR,FR82677206504,2024-09-25,crm
6438,Vertex Foods SARL,BE,BE0705515444,2024-03-10,import_fournisseur
6439,Global Services AB,SE,SE000620094301,2024-09-19,reprise_erp
6440,Nord Services SARL,NL,nl391259829b95,2024-05-19,crm
6441,Nord Industries SARL,PL,PL6750826724,2024-08-14,reprise_erp
6442,Prima Materials GmbH,PT,,2024-12-05,portail_client
6443,Global Logistics Lda,XX,XX70018107345,2025-05-08,portail_client
6444,Solaris Distribution BV,LU,  LU43678057 ,2025-09-25,portail_client
6445,Lusitania Industries SAS,FI,FI27070834,2025-07-09,portail_client
6446,Prima Consulting SARL,DK,DK95356850,2024-01-24,import_fournisseur
6447,Global Industries A/S,DK,DK88309960,2024-08-04,import_fournisseur
6448,Granit Trading Lda,FR,FR5318969576,2024-12-17,portail_client
6449,Hanse Industries Lda,IT,IT58009373398,2024-12-10,crm
6450,Granit Consulting GmbH,DK,DK49784864,2024-11-21,saisie_manuelle
6451,Vela Industries BV,SE,SE567343195201,2024-10-02,crm
6452,Alpine Consulting SA,PT,pt556428854,2024-06-01,import_fournisseur
6453,Textil Transports Oy,DK,DK51218632,2024-10-06,import_fournisseur
6454,Alpine Transports SAS,QQ,QQ90988336,2024-01-12,reprise_erp
6455,Cobalt Technologies A/S,NL,452696112B38,2024-03-14,import_fournisseur
6456,Vertex Logistics Sp. z o.o.,DK,DK73323762,2024-04-08,saisie_manuelle
6457,Delta Services Lda,LU,LU32431802,2024-07-30,reprise_erp
6458,Metallo Technologies BV,FR,FR692608915103,2024-09-17,saisie_manuelle
6459,Lumen Consulting SpA,FR,FR2117432908,2024-06-08,portail_client
6460,Delta Trading Oy,PT,PT888833610,2025-03-06,crm
6461,Nord Services Oy,PL,PL13G8031349,2024-12-12,crm
6462,Alpine Foods NV,LU,LU597659247,2025-07-13,reprise_erp
6463,Prima Services GmbH,DK,  DK23857324 ,2024-09-27,saisie_manuelle
6464,Batavia Distribution SpA,PL,PL2060321786,2025-09-27,reprise_erp
6465,Prima Foods Oy,IT,IT 2660 0185719,2025-09-10,reprise_erp
6466,Papyrus Transports SARL,IT,IT-80969281767,2024-11-15,reprise_erp
6467,Corvus Foods SARL,PT,PT445175648,2024-01-31,saisie_manuelle
6468,Verso Materials Lda,IT,,2025-06-14,crm
6469,Papyrus Logistics Sp. z o.o.,LU,LU89613684,2024-05-04,crm
6470,Alpine Transports SA,FI,FI01453677,2025-08-24,crm
6471,Atlantic Foods Sp. z o.o.,FI,56312548,2025-01-24,reprise_erp
6472,Meridian Industries NV,IT,IT90074477366,2024-06-18,reprise_erp
6473,Fabrica Foods Lda,BE,BE136991714,2025-05-07,saisie_manuelle
6474,Metallo Consulting SARL,NL,NL.932746056B67,2024-04-29,crm
6475,Delta Logistics NV,FI,FI87162677,2025-06-23,reprise_erp
6476,Verso Logistics Sp. z o.o.,NL,NL366342046B24,2024-11-14,reprise_erp
6477,Lusitania Transports SAS,NL,NL425056802B18,2025-05-27,reprise_erp
6478,Granit Logistics SAS,FI,FI88833970,2024-10-15,reprise_erp
6479,Lusitania Consulting BV,NL,NL954327275B28,2024-03-11,portail_client
6480,Vela Technologies Oy,PL,PL5787058706,2025-01-29,reprise_erp
6481,Nord Distribution SA,FI,FI-80496922,2025-09-17,crm
6482,Vela Services Lda,PL,PL6296698779,2025-09-27,saisie_manuelle
6483,Textil Foods SA,IT,IT0889238505,2025-03-29,reprise_erp
6484,Azur Technologies Sp. z o.o.,SE,739485322501,2025-01-09,portail_client
6485,Prima Foods SARL,NL,NL682183003B50,2025-05-29,saisie_manuelle
6486,Orion Services Lda,FR,FR67720415780,2024-02-28,import_fournisseur
6487,Global Distribution BV,IT,IT82630437406,2024-06-25,crm
6488,Orion Distribution SARL,FI,FI07226168,2024-11-14,portail_client
6489,Solaris Transports BV,IT,IT80362856249,2024-08-06,crm
6490,Prima Trading NV,PL,PL4465258005,2024-12-12,saisie_manuelle
6491,Granit Technologies GmbH,IT,IT131075051935,2024-08-11,saisie_manuelle
6492,Cobalt Consulting Oy,SE, ,2024-05-09,crm
6493,Cobalt Foods BV,DK,DK61038531,2024-08-09,crm
6494,Meridian Services SAS,DK,DK69260560,2024-11-19,crm
6495,Delta Materials SpA,BE,BE.0365255874,2024-06-15,reprise_erp
6496,Delta Transports SARL,XX,XX66146273595,2024-09-19,import_fournisseur
6497,Delta Technologies AB,DK,79034983,2025-05-23,portail_client
6498,Kappa Foods GmbH,BE,BE 1469 691441,2025-09-20,crm
6499,Vertex Industries SA,NL,NL436987922B64,2024-06-12,crm
6500,Cobalt Materials BV,IT,IT12930284166,2024-06-11,reprise_erp
6501,Atlantic Industries SA,PT,PT560388220,2025-05-11,saisie_manuelle
6502,Vela Logistics SpA,IT,IT.92692112029,2024-01-14,portail_client
6503,Lumen Materials A/S,PT,PT-723780412,2024-05-30,import_fournisseur
6504,Kappa Distribution NV,PT,PT 3032 84170,2024-05-21,reprise_erp
6505,Lusitania Technologies AB,PL,PL4349163168,2024-02-28,saisie_manuelle
6506,Nord Services GmbH,SE,SE650025407001,2024-02-05,import_fournisseur
6507,Baltic Transports Sp. z o.o.,FR,FR 1429 9623527,2024-03-11,import_fournisseur
6508,Textil Foods Sp. z o.o.,FI,FI49738559,2024-12-01,saisie_manuelle
6509,Batavia Trading SA,BE,be1464776610,2024-05-09,reprise_erp
6510,Baltic Services AB,PT,pt743055004,2024-08-08,import_fournisseur
6511,Baltic Technologies Sp. z o.o.,LU,LU8J582703,2025-04-01,saisie_manuelle
6512,Verso Materials SARL,SE,SE584975863501,2024-03-08,import_fournisseur
6513,Delta Services GmbH,BE,be1976348175,2024-04-06,reprise_erp
6514,Baltic Foods NV,FI,FI80659041,2025-08-13,saisie_manuelle
6515,Baltic Logistics SpA,PT,PT729472809,2024-05-22,import_fournisseur
6516,Lusitania Technologies SpA,XX,XX4598176597,2025-07-08,reprise_erp
6517,Ardent Foods NV,PT,PT234010900,2024-06-26,portail_client
6518,Delta Technologies SA,FR,FR29346673673,2025-06-10,saisie_manuelle
6519,Meridian Materials A/S,BE,BE0135614413,2025-09-22,saisie_manuelle
6520,Vertex Technologies Oy,QQ,QQ1199427085,2025-01-21,portail_client
6521,Vertex Foods BV,IT,IT58642014698,2024-02-11,crm
6522,Ardent Industries NV,BE,BE1460575025,2025-04-10,reprise_erp
6523,Nord Foods BV,NL,268399475B51,2024-09-02,crm
6524,Orion Distribution SA,NL,NL866222054B5,2024-12-13,crm
6525,Fabrica Services Lda,FR,  FR67365374251 ,2025-06-23,saisie_manuelle
6526,Meridian Services BV,FR,FR49417134803,2024-11-16,reprise_erp
6527,Kappa Technologies Lda,LU,LU93590469,2024-01-10,crm
6528,Atlantic Technologies NV,SE,250658029501,2024-04-19,import_fournisseur
6529,Prima Technologies BV,LU,41305506,2024-03-12,reprise_erp
6530,Solaris Logistics A/S,NL,385043235B05,2024-02-10,crm
6531,Azur Foods NV,SE,se534975753301,2024-09-27,saisie_manuelle
6532,Hanse Consulting BV,FI,FI70896623,2024-09-15,reprise_erp
6533,Metallo Technologies A/S,NL,NL5117406J1B86,2024-08-17,import_fournisseur
6534,Corvus Services BV,IT,IT80347073027,2024-12-08,saisie_manuelle
6535,Orion Logistics NV,PT,PT970054408,2024-12-23,crm
6536,Orion Materials NV,LU,  LU13238744 ,2024-10-09,reprise_erp
6537,Atlantic Technologies Lda,PL,PL6054997320,2024-01-31,import_fournisseur
6538,Cobalt Transports GmbH,FR,FR41267104965,2024-12-04,portail_client
6539,Prima Logistics AB,UK,UK63262709191,2024-05-19,portail_client
6540,Cobalt Logistics NV,IT,IT41819383986,2024-06-03,portail_client
6541,Prima Transports SAS,GB,GB17909830,2025-03-08,portail_client
6542,Nord Foods SAS,BE,BE181919323,2025-08-16,portail_client
6543,Lumen Services SpA,ZZ,ZZ87831058,2024-12-13,saisie_manuelle
6544,Vela Distribution NV,PL,PL1551274343,2024-02-28,portail_client
6545,Corvus Distribution NV,GB,GB74081835,2024-05-20,reprise_erp
6546,Nord Trading SARL,PL,PL0658533738,2025-01-28,saisie_manuelle
6547,Delta Materials Oy,SE,SE355508328001,2024-06-23,reprise_erp
6548,Cobalt Foods SA,LU,LU4567125,2025-01-20,reprise_erp
6549,Hanse Foods SARL,IT,IT35838875843,2025-08-06,crm
6550,Ardent Transports SpA,BE,,2024-03-05,import_fournisseur
6551,Hanse Transports AB,BE,BE 1643 041032,2025-04-25,import_fournisseur
6552,Papyrus Transports Lda,BE,be0335890808,2025-06-29,import_fournisseur
6553,Orion Technologies Lda,FI,FI98757502,2024-10-07,portail_client
6554,Delta Logistics SpA,SE,SE-699404749301,2024-04-30,reprise_erp
6555,Vela Transports Sp. z o.o.,LU,LU16620070,2024-03-26,crm
6556,Alpine Technologies BV,NL,NL724206553B41,2025-04-07,reprise_erp
6557,Metallo Materials GmbH,PT,pt863172415,2024-02-28,portail_client
6558,Verso Materials SARL,IT,IT.98501229599,2025-05-08,portail_client
6559,Meridian Materials NV,SE,SE-316143286301,2025-09-01,saisie_manuelle
6560,Ardent Materials Oy,NL,222902280B34,2024-02-18,import_fournisseur
6561,Ardent Trading SAS,PL,PL 7527 509840,2024-05-08,saisie_manuelle
6562,Solaris Consulting Lda,BE,BE0933623812,2024-07-10,import_fournisseur
6563,Prima Logistics SpA,FR, ,2024-01-06,crm
6564,Orion Foods Sp. z o.o.,FI,FI62788239,2024-12-25,saisie_manuelle
6565,Granit Industries AB,FI,FI56719444,2024-05-26,import_fournisseur
6566,Batavia Materials SAS,PL,PL4084256139,2024-02-05,crm
6567,Fabrica Technologies Lda,NL,NL786905669B09,2025-03-11,reprise_erp
6568,Ardent Materials SARL,BE, ,2025-05-21,import_fournisseur
6569,Orion Foods Lda,LU,  LU39740217 ,2024-10-07,crm
6570,Nord Foods Sp. z o.o.,FI,fi11925738,2024-06-22,crm
6571,Ardent Materials Sp. z o.o.,DK,DK3563261,2024-12-23,saisie_manuelle
6572,Papyrus Services A/S,IT,IT67874154913,2024-07-12,saisie_manuelle
6573,Lusitania Materials A/S,SE,  SE736390462901 ,2024-12-29,reprise_erp
6574,Orion Trading GmbH,SE,SE.852826221801,2025-01-29,import_fournisseur
6575,Cobalt Consulting BV,FR,null,2025-06-10,import_fournisseur
6576,Corvus Technologies SpA,PL,PL8851225140,2024-09-21,crm
6577,Orion Foods NV,DK,DK35387191,2025-07-06,import_fournisseur
6578,Metallo Trading AB,PT,PT130385719,2025-01-15,reprise_erp
6579,Alpine Logistics GmbH,PT,PT666292949,2024-11-27,reprise_erp
6580,Orion Consulting A/S,DK,DK72391447,2025-01-23,reprise_erp
6581,Corvus Materials SpA,PT,  PT227586980 ,2024-09-13,saisie_manuelle
6582,Azur Technologies SA,IT,35669082741,2024-06-16,import_fournisseur
6583,Cobalt Consulting A/S,FR,FR54432028120,2024-10-14,portail_client
6584,Batavia Distribution AB,PT,PT300024385,2025-04-14,portail_client
6585,Orion Materials GmbH,PT,PT107761424,2024-10-17,reprise_erp
6586,Alpine Trading SA,SE,SE7761453484011,2024-11-08,saisie_manuelle
6587,Solaris Materials SpA,FR,47988081911,2025-08-20,import_fournisseur
6588,Baltic Foods GmbH,IT,IT85346452635,2024-02-13,import_fournisseur
6589,Baltic Consulting SAS,DK,  DK77859233 ,2024-11-30,reprise_erp
6590,Papyrus Materials SpA,LU,LU23692709,2024-04-11,import_fournisseur
6591,Azur Transports AB,LU,LU50427085,2025-02-16,import_fournisseur
6592,Delta Materials SAS,FI,FI-96486876,2025-01-10,portail_client
6593,Orion Trading A/S,BE,BE1153777616,2025-09-05,portail_client
6594,Cobalt Foods Sp. z o.o.,LU,LU-37650535,2024-02-13,crm
6595,Textil Materials AB,NL,NL 2648 95010B24,2025-04-12,portail_client
6596,Delta Distribution SARL,PT,PT368735265,2025-04-05,saisie_manuelle
6597,Vertex Foods GmbH,ZZ,ZZ03320447354,2025-06-11,portail_client
6598,Solaris Services A/S,BE,BE-1271708107,2025-04-09,saisie_manuelle
6599,Metallo Foods AB,FI,FI8170788,2024-08-17,reprise_erp
6600,Fabrica Consulting BV,DK,DK83537620,2025-02-20,reprise_erp
6601,Nord Materials AB,IT,IT36888443839,2024-07-31,crm
6602,Prima Transports SARL,PT, ,2024-04-14,portail_client
6603,Papyrus Industries SpA,PT,PT-908225148,2024-12-20,reprise_erp
6604,Lusitania Trading GmbH,PT,PT200893512,2025-04-06,import_fournisseur
6605,Hanse Technologies BV,PL,PL1599539215,2024-11-28,import_fournisseur
6606,Verso Logistics Sp. z o.o.,DK,DK75008570,2025-08-17,crm
6607,Azur Materials SA,BE,BE044957658,2025-05-18,portail_client
6608,Hanse Materials AB,BE,BE0368645926,2025-09-28,import_fournisseur
6609,Metallo Foods NV,PT,PT653341075,2025-08-18,reprise_erp
6610,Azur Distribution Sp. z o.o.,FR,FR-21378543473,2024-02-23,import_fournisseur
6611,Azur Services GmbH,NL,NL217195660B4G,2024-09-28,portail_client
6612,Metallo Services GmbH,NL,445658113B03,2024-10-27,import_fournisseur
6613,Cobalt Foods BV,FI,FI71980060,2025-07-21,reprise_erp
6614,Vela Materials BV,LU,LU.77732903,2024-09-06,import_fournisseur
6615,Lusitania Trading Sp. z o.o.,LU,LU-56950785,2025-02-17,portail_client
6616,Hanse Services SpA,PL,PL4280272338,2025-08-05,portail_client
6617,Solaris Consulting GmbH,FI,  FI98957416 ,2024-06-02,saisie_manuelle
6618,Alpine Services AB,QQ,QQ51266968992,2024-08-02,portail_client
6619,Nord Materials SA,IT,IT42709011755,2025-02-24,saisie_manuelle
6620,Cobalt Trading SAS,PT,513154671,2024-03-14,portail_client
6621,Fabrica Services BV,DK,DK334062O5,2025-04-07,reprise_erp
6622,Solaris Distribution Oy,FR,  FR69607605303 ,2024-10-01,portail_client
6623,Global Industries Oy,IT,IT64290408323,2024-09-26,portail_client
6624,Lumen Technologies Oy,BE,BE0803733585,2024-02-09,crm
6625,Papyrus Logistics AB,BE,BE1556670153,2025-08-22,reprise_erp
6626,Fabrica Consulting BV,PT,635096668,2025-02-08,crm
6627,Solaris Foods Lda,PL,PL-6373560924,2024-06-23,portail_client
6628,Corvus Industries GmbH,NL,NL731966867B75,2025-05-24,portail_client
6629,Metallo Services BV,DK,02717301,2025-04-13,import_fournisseur
6630,Orion Logistics Sp. z o.o.,FR,FR58724105154,2024-12-26,saisie_manuelle
6631,Metallo Industries AB,LU,LU65966788,2025-09-17,crm
6632,Global Industries BV,NL,NL998079613B90,2025-02-23,saisie_manuelle
6633,Azur Technologies NV,DK,DK05730691,2025-05-02,saisie_manuelle
6634,Papyrus Distribution SARL,PT,PT397129750,2025-06-11,import_fournisseur
6635,Papyrus Industries Oy,IT,IT85092460592,2025-05-25,reprise_erp
6636,Hanse Foods SAS,FR,FR 3420 7656799,2024-11-20,import_fournisseur
6637,Atlantic Trading Lda,PT,PT315235207,2024-12-02,saisie_manuelle
6638,Azur Trading Lda,DK,DK02716933,2025-02-20,reprise_erp
6639,Fabrica Materials NV,FI,FI3750540,2024-04-05,portail_client
6640,Cobalt Services Lda,SE,SE809893678701,2024-01-23,import_fournisseur
6641,Vertex Transports SARL,BE,BE1277770706,2025-05-16,import_fournisseur
6642,Meridian Materials Lda,PL,PL6635597585,2025-05-18,import_fournisseur
6643,Atlantic Logistics Sp. z o.o.,FR,FR38718476612,2024-10-13,reprise_erp
6644,Delta Consulting GmbH,FR,fr58822044525,2025-07-01,portail_client
6645,Lumen Industries AB,IT,IT83955785K32,2025-01-01,portail_client
6646,Atlantic Foods Sp. z o.o.,IT,IT07549612294,2024-01-27,portail_client
6647,Solaris Services GmbH,DK,DK79682187,2025-09-15,reprise_erp
6648,Delta Services SARL,FR,FR 8280 0274047,2024-01-15,reprise_erp
6649,Delta Consulting Lda,SE,SE611212178201,2024-01-16,crm
6650,Lumen Distribution BV,DK,DK80834977,2024-12-25,portail_client
6651,Textil Foods SpA,LU,38170876,2024-11-15,reprise_erp
6652,Batavia Logistics SARL,SE,SE626483611201,2024-03-23,reprise_erp
6653,Lumen Logistics A/S,PT,PT722829690,2024-08-20,crm
6654,Papyrus Transports GmbH,LU,LU.86018500,2024-05-23,reprise_erp
6655,Metallo Services Oy,PL,pl4812436238,2024-05-12,saisie_manuelle
6656,Metallo Materials AB,SE,761636825901,2025-03-30,import_fournisseur
6657,Global Industries AB,FR,FR96670311059,2024-06-18,saisie_manuelle
6658,Nord Logistics Oy,PT,PT373986O27,2025-03-08,reprise_erp
6659,Papyrus Trading SAS,IT,IT34418684394,2024-02-03,import_fournisseur
6660,Batavia Distribution AB,SE,SE731003444701,2024-10-20,reprise_erp
6661,Cobalt Technologies AB,NL,NL982756331BJ3,2025-01-15,saisie_manuelle
6662,Vertex Materials Lda,SE,SE022313354701,2025-05-11,saisie_manuelle
6663,Meridian Industries Lda,BE,BE1741774362,2024-05-29,reprise_erp
6664,Lumen Logistics Lda,BE,  BE1161640722 ,2025-08-05,crm
6665,Papyrus Consulting GmbH,FR,FR85494109553,2024-12-15,portail_client
6666,Cobalt Trading BV,BE,BE-0350664106,2025-04-11,crm
6667,Nord Industries A/S,BE,BE.0868528892,2024-06-15,import_fournisseur
6668,Granit Industries NV,NL,852233875B69,2024-04-19,saisie_manuelle
6669,Baltic Distribution Sp. z o.o.,DK,DK35442138,2025-05-04,import_fournisseur
6670,Delta Materials NV,NL,NL024102767B51,2025-06-26,import_fournisseur
6671,Batavia Consulting BV,FI,FI04108265,2024-05-04,crm
6672,Papyrus Services SARL,NL,NL206111198B79,2025-01-04,portail_client
6673,Cobalt Technologies SARL,NL,NL567144379B43,2025-01-09,import_fournisseur
6674,Lusitania Trading NV,BE,  BE0581678811 ,2025-05-18,reprise_erp
6675,Textil Technologies SA,FR,FR8878054269J,2024-05-20,crm
6676,Papyrus Transports NV,SE,SE223778728301,2025-04-08,portail_client
6677,Lumen Logistics BV,IT,IT85889560135,2025-04-13,import_fournisseur
6678,Verso Materials BV,PT,PT455849129,2024-01-16,crm
6679,Metallo Services SA,LU,LU967410694,2025-06-07,portail_client
6680,Orion Industries A/S,DK,DK92787419,2024-10-12,import_fournisseur
6681,Azur Industries NV,BE,BE 0501 355584,2025-09-19,import_fournisseur
6682,Granit Consulting Lda,NL,nl082061889b06,2025-09-16,saisie_manuelle
6683,Textil Logistics AB,PL,PL7540001900,2025-02-10,saisie_manuelle
6684,Delta Logistics SA,NL,NL656455846B390,2024-01-07,portail_client
6685,Atlantic Trading AB,LU,LU73373704,2024-05-02,portail_client
6686,Papyrus Consulting A/S,NL,NL540267892B2,2025-08-05,reprise_erp
6687,Ardent Consulting NV,FI,FI82239305,2024-07-27,saisie_manuelle
6688,Meridian Logistics GmbH,PT,  PT417565763 ,2024-04-05,import_fournisseur
6689,Prima Materials SAS,NL,NL383757575B71,2024-01-12,crm
6690,Hanse Industries A/S,DK,DK19672233,2024-10-17,import_fournisseur
6691,Metallo Industries AB,IT,IT5640323279,2024-07-01,import_fournisseur
6692,Batavia Trading Sp. z o.o.,SE,SE733894834701,2025-04-10,portail_client
6693,Prima Transports SAS,LU,15785861,2024-03-27,reprise_erp
6694,Nord Technologies Oy,PT,PT256888K51,2024-10-10,import_fournisseur
6695,Granit Logistics Lda,IT,IT20892833193,2024-06-17,portail_client
6696,Lumen Technologies GmbH,NL,NL333104225B77,2025-05-12,crm
6697,Vertex Trading GmbH,SE,SE441697646401,2025-04-16,reprise_erp
6698,Solaris Consulting SA,XX,XX13875233005,2024-05-11,portail_client
6699,Papyrus Trading GmbH,FR,fr00343035549,2024-11-12,reprise_erp
6700,Hanse Distribution SA,PT,PT224835670,2024-11-21,portail_client
6701,Hanse Technologies SpA,QQ,QQ66474879,2024-06-05,portail_client
6702,Nord Logistics BV,FR,FR78219066471,2025-02-08,saisie_manuelle
6703,Meridian Transports SA,LU,  LU74178761 ,2025-02-01,saisie_manuelle
6704,Solaris Services SAS,SE,SE-166482823101,2024-09-20,import_fournisseur
6705,Atlantic Technologies SpA,UK,UK61241324829,2024-10-04,reprise_erp
6706,Granit Technologies SAS,NL,NL661512563B88,2024-08-02,import_fournisseur
6707,Textil Industries SA,SE,SE803861377701,2025-01-28,crm
6708,Corvus Consulting GmbH,IT,IT52699757531,2024-01-26,import_fournisseur
6709,Delta Logistics NV,LU,LU72958356,2024-04-28,reprise_erp
6710,Lusitania Materials AB,XX,XX40844961,2025-08-27,import_fournisseur
6711,Lumen Foods SA,LU,LU90694470,2024-12-07,crm
6712,Azur Technologies A/S,PL,PL3524833041,2025-06-12,reprise_erp
6713,Cobalt Transports SAS,BE,BE0312301590,2025-07-10,import_fournisseur
6714,Vela Services A/S,FI,FI426981959,2024-08-30,reprise_erp
6715,Prima Materials AB,FR,FR 1825 1385978,2024-01-24,import_fournisseur
6716,Atlantic Materials BV,IT,IT01045157282,2025-08-12,reprise_erp
6717,Lusitania Technologies SAS,LU,LU30039499,2024-01-21,crm
6718,Fabrica Transports SAS,SE,SE160480776601,2025-06-09,crm
6719,Fabrica Trading SpA,FI,FI38005341,2025-03-06,crm
6720,Papyrus Transports NV,BE,BE0744921018,2025-01-13,import_fournisseur
6721,Vela Distribution Sp. z o.o.,BE,BE-0781825146,2025-08-28,import_fournisseur
6722,Baltic Distribution Lda,PL,PL-6392206862,2024-06-02,crm
6723,Metallo Technologies SpA,LU,lu62512073,2025-03-25,reprise_erp
6724,Nord Industries SpA,FR,FR91120115094,2024-03-17,saisie_manuelle
6725,Hanse Distribution SARL,PL,PL1756929517,2024-07-08,saisie_manuelle
6726,Azur Services BV,PT,PT575725524,2024-02-14,reprise_erp
6727,Nord Services Oy,IT,IT07368466335,2025-01-19,portail_client
6728,Azur Services SpA,FR,FR70411881H81,2024-06-10,portail_client
6729,Textil Distribution SA,IT,IT19713073963,2024-04-20,saisie_manuelle
6730,Ardent Consulting Lda,IT,IT11454642940,2025-05-04,saisie_manuelle
6731,Alpine Foods A/S,NL,NLM86185156B03,2025-06-24,import_fournisseur
6732,Verso Industries SARL,LU,LU 4569 2386,2024-12-22,crm
6733,Solaris Industries SpA,IT,IT48636219304,2025-01-23,portail_client
6734,Baltic Services SARL,FR,FR427605104685,2024-06-18,portail_client
6735,Granit Logistics Sp. z o.o.,PT,PT 7396 39099,2024-02-29,crm
6736,Fabrica Technologies Lda,NL,NL820935G57B94,2024-12-03,saisie_manuelle
6737,Ardent Distribution Lda,BE,BE0435362823,2024-09-10,portail_client
6738,Corvus Transports NV,BE,BE1248360702,2025-09-22,import_fournisseur
6739,Lumen Trading BV,FR,fr03702164276,2024-05-01,reprise_erp
6740,Ardent Technologies NV,PL,pl8111258763,2024-05-31,saisie_manuelle
6741,Orion Logistics SpA,NL,NL84O854752B66,2024-06-18,reprise_erp
6742,Verso Logistics SpA,BE,  BE1170024193 ,2024-06-09,reprise_erp
6743,Verso Industries AB,NL,NL.062228912B37,2024-10-10,reprise_erp
6744,Verso Services SA,DK,DK05836284,2025-01-04,portail_client
6745,Nord Industries Lda,FR,null,2024-04-10,import_fournisseur
6746,Alpine Services SARL,FR,FR96322466634,2024-10-14,reprise_erp
6747,Cobalt Materials SAS,FR,FR3726083229,2025-06-30,portail_client
6748,Textil Distribution Lda,IT,IT49626801200,2024-08-27,saisie_manuelle
6749,Batavia Industries AB,DK,DK76332118,2024-02-05,crm
6750,Textil Distribution BV,PL,PL8617167303,2025-07-27,crm
6751,Lumen Transports SAS,PL,N/A,2024-11-22,reprise_erp
6752,Verso Trading BV,LU,43627081,2024-02-05,reprise_erp
6753,Orion Services SAS,DK,DK35419265,2024-10-24,saisie_manuelle
6754,Meridian Industries Sp. z o.o.,DK,DK-09075747,2025-09-12,import_fournisseur
6755,Lumen Foods AB,BE,  BE1428737546 ,2025-07-06,saisie_manuelle
6756,Lumen Transports NV,PT,PT.195332989,2025-07-21,saisie_manuelle
6757,Granit Trading BV,NL,NL797104550B56,2025-04-06,saisie_manuelle
6758,Alpine Materials Oy,BE,BE0590413759,2024-01-04,crm
6759,Azur Technologies GmbH,IT,IT03914568203,2024-08-15,reprise_erp
6760,Batavia Trading SAS,FI,FI2J295662,2024-02-29,import_fournisseur
6761,Fabrica Transports SpA,DK,DK06337023,2024-03-08,reprise_erp
6762,Nord Materials GmbH,UK,UK07325073802,2024-12-06,portail_client
6763,Alpine Foods Lda,PT,213176980,2024-05-15,import_fournisseur
6764,Lusitania Consulting SARL,DK,DK15226552,2025-07-24,crm
6765,Cobalt Services Sp. z o.o.,LU,LU997377433,2025-09-27,reprise_erp
6766,Papyrus Transports SAS,PT,PT570048737,2025-04-27,import_fournisseur
6767,Global Technologies SAS,XX,XX1998791146,2024-11-02,import_fournisseur
6768,Baltic Industries SpA,BE,BE0871397619,2024-03-15,reprise_erp
6769,Atlantic Services SpA,FR,fr74252375914,2025-01-26,crm
6770,Lusitania Distribution GmbH,IT,IT45061918962,2025-08-22,portail_client
6771,Baltic Distribution SpA,PL,PL9069547865,2025-08-05,import_fournisseur
6772,Prima Transports GmbH,FR,  FR95393751287 ,2025-05-08,portail_client
6773,Lumen Materials Lda,DK,DK28414707,2025-09-09,portail_client
6774,Lumen Transports Lda,BE,BE0948870628,2025-02-12,crm
6775,Prima Technologies SARL,PT,-,2024-11-17,crm
6776,Azur Consulting Lda,BE,be0817722525,2024-01-21,crm
6777,Vertex Services NV,SE,SE266248315201,2024-10-02,portail_client
6778,Textil Distribution BV,FR,FR42654187216,2024-07-21,crm
6779,Delta Trading SpA,PL,PL4130134652,2024-03-29,portail_client
6780,Orion Foods NV,IT,IT30436129891,2024-11-26,portail_client
6781,Azur Consulting Sp. z o.o.,FR,FR 0161 5158347,2025-01-24,saisie_manuelle
6782,Atlantic Consulting SARL,LU,LU20289564,2024-11-22,crm
6783,Atlantic Logistics SAS,NL,  NL167296322B61 ,2024-08-18,import_fournisseur
6784,Lumen Consulting SA,DK,DK56147527,2025-09-10,crm
6785,Papyrus Technologies AB,FI,FI64379216,2025-02-03,reprise_erp
6786,Meridian Transports SA,PL,PL-7979432248,2025-06-20,reprise_erp
6787,Metallo Consulting Sp. z o.o.,SE,SE225344012301,2024-11-16,crm
6788,Verso Foods Sp. z o.o.,GB,GB92599223282,2024-04-21,import_fournisseur
6789,Corvus Foods Sp. z o.o.,BE,BE151542515,2025-01-16,import_fournisseur
6790,Kappa Technologies SARL,NL,NL634382251B567,2025-09-25,saisie_manuelle
6791,Prima Foods GmbH,NL,NL599736105B40,2024-03-27,import_fournisseur
6792,Cobalt Logistics SpA,NL,nl844946187b46,2024-07-12,saisie_manuelle
6793,Orion Distribution SAS,FR,FR62821216405,2024-12-27,portail_client
6794,Ardent Foods Oy,DK,DK-33027338,2024-09-20,saisie_manuelle
6795,Textil Distribution SARL,BE,BE1524311646,2025-03-10,portail_client
6796,Baltic Industries SAS,FR,FR03544825814,2024-03-14,reprise_erp
6797,Azur Industries BV,ZZ,ZZ098618830B04,2025-07-19,import_fournisseur
6798,Vela Logistics BV,PL,PL4416495926,2025-03-17,saisie_manuelle
6799,Azur Foods BV,PL,pl4178745918,2024-02-18,portail_client
6800,Meridian Logistics Lda,SE,SE568893999901,2025-04-24,saisie_manuelle
6801,Kappa Technologies BV,DK,DK93382587,2024-02-28,saisie_manuelle
6802,Baltic Services SpA,FI,79978844,2024-12-20,portail_client
6803,Solaris Foods Lda,PT,PT8658880608,2024-03-30,portail_client
6804,Batavia Trading SA,NL,NL 3431 56344B22,2024-02-07,reprise_erp
6805,Vela Logistics GmbH,DK,DK51026977,2024-10-05,portail_client
6806,Hanse Transports GmbH,LU,LU87346418,2024-08-09,import_fournisseur
6807,Azur Technologies SpA,NL,NL335929679B69,2025-08-21,reprise_erp
6808,Metallo Trading Sp. z o.o.,NL,NL198521935B764,2024-11-25,saisie_manuelle
6809,Atlantic Transports SpA,SE,SE198016837901,2025-02-12,import_fournisseur
6810,Global Services AB,NL,NL 8138 17717B30,2024-04-12,crm
6811,Ardent Industries AB,IT,IT01834960559,2024-09-03,reprise_erp
6812,Baltic Materials Lda,NL,350718453B97,2025-06-30,saisie_manuelle
6813,Batavia Foods SARL,QQ,QQ31039657,2024-12-20,portail_client
6814,Global Foods BV,FR,FR10O72907623,2024-09-25,portail_client
6815,Lusitania Technologies Sp. z o.o.,QQ,QQ352902775101,2024-07-19,saisie_manuelle
6816,Granit Consulting SARL,SE,622843364201,2025-06-26,crm
6817,Textil Trading GmbH,UK,UK8479771373,2025-01-19,crm
6818,Baltic Materials AB,FR,FR60344395606,2025-02-22,saisie_manuelle
6819,Azur Industries AB,BE,1462198190,2025-05-08,reprise_erp
6820,Nord Services GmbH,ZZ,ZZ35291997,2025-08-28,portail_client
6821,Textil Services Lda,NL,NL993866664B85,2025-09-07,portail_client
6822,Cobalt Trading NV,PL,PL6752269156,2024-07-16,reprise_erp
6823,Vertex Consulting Oy,FI,FI109O4514,2025-04-08,saisie_manuelle
6824,Meridian Distribution SA,SE,  SE673301298001 ,2024-06-28,reprise_erp
6825,Textil Technologies GmbH,IT,IT70399201147,2024-02-17,crm
6826,Lusitania Materials SAS,IT,IT29912624853,2024-11-25,saisie_manuelle
6827,Azur Foods SA,FR,FR94250895830,2024-02-09,import_fournisseur
6828,Alpine Foods SARL,LU,LU10806216,2025-05-15,import_fournisseur
6829,Hanse Technologies SAS,BE,BE1246031811,2024-12-31,saisie_manuelle
6830,Textil Distribution A/S,DK, ,2025-07-19,portail_client
6831,Batavia Trading GmbH,LU,LU61O40958,2024-06-09,import_fournisseur
6832,Textil Materials Sp. z o.o.,LU,,2025-05-29,reprise_erp
6833,Baltic Foods SARL,PL,PL13735378228,2025-01-03,crm
6834,Batavia Logistics SARL,LU,LU30734528,2025-03-11,reprise_erp
6835,Orion Logistics Sp. z o.o.,PT,PT280311583,2025-03-29,reprise_erp
6836,Hanse Foods SpA,BE,BE1596039752,2025-02-27,import_fournisseur
6837,Corvus Services Sp. z o.o.,FR,FR-37586924181,2024-09-19,saisie_manuelle
6838,Metallo Trading SAS,IT,07641474999,2025-09-05,crm
6839,Delta Trading GmbH,ZZ,ZZ9593867253,2025-05-02,import_fournisseur
6840,Fabrica Services SpA,LU,LU716859533,2025-05-17,import_fournisseur
6841,Orion Foods Lda,FR,FR53987653561,2025-05-01,saisie_manuelle
6842,Textil Services A/S,FI,FI 6164 2613,2024-07-12,crm
6843,Verso Industries Sp. z o.o.,FI,FI86787931,2025-08-22,reprise_erp
6844,Orion Transports SA,FI,FI05470245,2025-01-12,import_fournisseur
6845,Verso Technologies NV,SE,SE.328682941501,2025-06-09,saisie_manuelle
6846,Ardent Trading AB,PL,PL6373505859,2024-01-03,saisie_manuelle
6847,Batavia Technologies Oy,FI,FI30004838,2024-07-23,portail_client
6848,Azur Industries SA,PL,PL6774235288,2025-04-14,crm
6849,Vertex Foods A/S,LU,LU347414479,2025-08-16,portail_client
6850,Delta Industries Oy,IT,IT25757093593,2025-07-04,reprise_erp
6851,Metallo Materials A/S,FR,FR56883050023,2024-05-13,reprise_erp
6852,Baltic Industries NV,NL,NL045982600B91,2024-06-25,crm
6853,Textil Foods A/S,PT,PT759394490,2024-09-20,portail_client
6854,Vertex Consulting Oy,NL,NL239568369B15,2024-12-02,saisie_manuelle
6855,Verso Consulting SARL,PT,PT518825990,2025-09-14,reprise_erp
6856,Metallo Materials SpA,FI,24571131,2025-01-13,crm
6857,Global Technologies SARL,SE,SE190525079901,2025-03-31,import_fournisseur
6858,Kappa Foods Lda,SE,SE849019647701,2024-08-12,import_fournisseur
6859,Papyrus Industries BV,PL,  PL5281620428 ,2024-09-14,import_fournisseur
6860,Alpine Services BV,FI,FI77973521,2025-08-08,portail_client
6861,Kappa Trading SARL,SE,SE214788265401,2024-08-31,crm
6862,Verso Logistics AB,PL,3669667601,2025-07-01,import_fournisseur
6863,Vela Services AB,NL,NL405625546B983,2024-01-06,import_fournisseur
6864,Prima Foods BV,FR,FR75777444642,2024-10-22,saisie_manuelle
6865,Batavia Consulting AB,PL,PL 4231 271190,2025-07-12,portail_client
6866,Vertex Foods AB,SE,SE199989019501,2024-06-20,crm
6867,Hanse Materials GmbH,PL,PL12355097411,2024-10-22,import_fournisseur
6868,Nord Technologies SpA,PT,PT471274714,2025-07-24,reprise_erp
6869,Corvus Foods A/S,FI,FI17851442,2025-06-20,portail_client
6870,Ardent Distribution AB,FR,FR479964909382,2024-03-31,crm
6871,Delta Technologies A/S,DK,DK66216381,2025-03-09,import_fournisseur
6872,Delta Logistics SARL,NL,923407959B22,2024-09-11,saisie_manuelle
6873,Nord Transports Lda,FI,FI80628068,2025-01-18,saisie_manuelle
6874,Azur Consulting SA,NL,NL775466888B90,2024-04-18,reprise_erp
6875,Cobalt Technologies SARL,IT,IT-13287962073,2024-05-27,crm
6876,Vela Transports Sp. z o.o.,FR,FR69358032354,2024-11-15,reprise_erp
6877,Ardent Transports Lda,FR,FRM8764721298,2024-12-17,saisie_manuelle
6878,Batavia Consulting GmbH,PL,PL9873097773,2024-03-12,reprise_erp
6879,Hanse Materials SA,SE,SE738580692701,2025-02-08,portail_client
6880,Metallo Trading A/S,LU,lu66740381,2024-01-28,crm
6881,Prima Logistics A/S,BE,BE1774574814,2024-04-21,portail_client
6882,Hanse Logistics A/S,PT,PT68642H596,2025-03-14,import_fournisseur
6883,Fabrica Consulting GmbH,IT,IT47267209048,2025-02-28,crm
6884,Nord Consulting BV,FR,fr79607509632,2024-11-13,import_fournisseur
6885,Fabrica Industries Sp. z o.o.,FR,FR85550759685,2024-03-20,portail_client
6886,Corvus Consulting Lda,GB,GB82954667,2024-05-22,saisie_manuelle
6887,Nord Technologies GmbH,ZZ,ZZ21424188,2025-02-09,reprise_erp
6888,Atlantic Trading Lda,UK,UK698613442B73,2024-02-07,reprise_erp
6889,Alpine Technologies A/S,DK,DK20579366,2025-08-22,import_fournisseur
6890,Nord Industries Lda,IT,IT425378031919,2024-09-29,saisie_manuelle
6891,Orion Consulting Lda,SE,SE887453594405,2024-10-29,portail_client
6892,Alpine Industries AB,BE,BE1907113238,2025-04-22,crm
6893,Vela Transports BV,PL,  9394459296 ,2025-09-20,crm
6894,Meridian Consulting SpA,FI,fi97186146,2025-02-08,portail_client
6895,Nord Consulting A/S,PL,PL9167659891,2025-07-31,crm
6896,Textil Logistics Oy,LU,LU95294623,2025-06-13,reprise_erp
6897,Cobalt Logistics GmbH,IT,IT490337831992,2024-05-01,import_fournisseur
6898,Meridian Industries SA,FR,FR28654804873,2025-09-16,crm
6899,Granit Trading SA,FR,fr41232227063,2025-03-09,import_fournisseur
6900,Papyrus Consulting A/S,PL,PL41380H6119,2024-09-14,import_fournisseur
6901,Corvus Distribution Lda,FI,  FI66767028 ,2025-01-16,saisie_manuelle
6902,Granit Transports NV,QQ,QQ96085575,2024-01-23,saisie_manuelle
6903,Prima Materials BV,IT,IT73094898870,2024-11-08,reprise_erp
6904,Papyrus Materials Oy,IT,IT4780022836,2024-01-19,saisie_manuelle
6905,Cobalt Trading Oy,FI,FI-59656178,2024-11-12,reprise_erp
6906,Corvus Distribution NV,PL,PL5139724798,2025-01-02,crm
6907,Papyrus Industries NV,IT,IT92892632158,2024-10-12,crm
6908,Prima Industries Oy,IT,IT80102923630,2025-07-04,import_fournisseur
6909,Alpine Transports GmbH,FI,  FI15051767 ,2024-07-02,portail_client
6910,Baltic Materials GmbH,PL,PL7916619623,2025-06-07,reprise_erp
6911,Delta Materials GmbH,BE,BE0939469150,2025-08-31,saisie_manuelle
6912,Metallo Logistics SpA,SE,SE112453781001,2025-01-05,import_fournisseur
6913,Baltic Logistics SAS,DK,DK00150754,2024-06-14,reprise_erp
6914,Delta Industries AB,DK,DK 4219 7173,2024-03-15,crm
6915,Meridian Foods SA,SE,SE50121572500G,2025-05-22,crm
6916,Vertex Industries Sp. z o.o.,PT,pt366425323,2024-04-11,import_fournisseur
6917,Solaris Materials A/S,FI,FI55170568,2024-04-03,portail_client
6918,Papyrus Industries A/S,PT,PT585302758,2024-11-20,crm
6919,Kappa Distribution SA,FR,FR 6373 2549449,2024-11-02,reprise_erp
6920,Lusitania Materials SpA,NL, ,2025-07-20,portail_client
6921,Delta Foods Sp. z o.o.,FI,35222391,2025-02-02,portail_client
6922,Ardent Transports SAS,FI,  FI87669101 ,2024-08-19,import_fournisseur
6923,Vertex Materials Oy,BE,BE0864861896,2024-04-26,crm
6924,Verso Materials SA,PL,PL-8823104921,2024-07-14,reprise_erp
6925,Prima Distribution GmbH,LU,LU23492756,2025-04-18,portail_client
6926,Nord Materials BV,GB,GB98538273172,2024-05-30,portail_client
6927,Cobalt Consulting Sp. z o.o.,PL,PL7146468068,2024-04-09,crm
6928,Vela Trading AB,NL,NL321646708B66,2025-05-02,import_fournisseur
6929,Alpine Services SAS,GB,GB713562328B14,2024-12-02,portail_client
6930,Cobalt Trading SA,SE,SE277796979401,2024-08-25,crm
6931,Metallo Logistics SpA,NL,NL348016712B06,2024-01-24,reprise_erp
6932,Papyrus Services Oy,BE,be0589751090,2024-11-29,import_fournisseur
6933,Global Trading Sp. z o.o.,PL,PL9045013107,2024-10-29,portail_client
6934,Cobalt Industries Lda,FI,FI75929121,2024-11-12,portail_client
6935,Global Technologies NV,FI,FI50560186,2025-07-22,import_fournisseur
6936,Ardent Trading Lda,SE,SE334781479O01,2024-09-11,reprise_erp
6937,Granit Materials SpA,XX,XX75942561,2024-10-09,crm
6938,Lusitania Technologies BV,NL,NL241833917B78,2024-01-21,portail_client
6939,Lumen Services SA,GB,GB267170841B98,2025-03-09,saisie_manuelle
6940,Kappa Foods GmbH,ZZ,ZZ74476896,2024-12-04,reprise_erp
6941,Cobalt Industries SpA,LU,LU6942212,2024-06-02,saisie_manuelle
6942,Azur Consulting Sp. z o.o.,NL,NL.447837965B94,2025-07-29,crm
6943,Global Consulting SAS,DK,dk52460408,2024-05-01,reprise_erp
6944,Baltic Industries SAS,IT,IT06009165140,2025-01-09,saisie_manuelle
6945,Nord Transports SA,NL,NL129046269B58,2024-02-09,portail_client
6946,Nord Industries SAS,LU,LU.23799509,2024-09-20,reprise_erp
6947,Atlantic Industries BV,DK,DK85334881,2024-09-11,import_fournisseur
6948,Lusitania Foods SARL,LU,LU19433548,2025-09-21,saisie_manuelle
6949,Hanse Logistics Sp. z o.o.,LU,  LU88600510 ,2025-08-16,import_fournisseur
6950,Batavia Services NV,ZZ,ZZ92122777,2025-10-01,crm
6951,Ardent Distribution SAS,PT,PT551431394,2024-03-24,reprise_erp
6952,Global Trading SARL,QQ,QQ9730167154,2024-04-20,crm
6953,Vela Materials Sp. z o.o.,PT,PT 5631 07081,2025-04-10,reprise_erp
6954,Atlantic Trading Lda,PL,PL 8670 665740,2025-01-05,saisie_manuelle
6955,Fabrica Transports SAS,DK,DK59977091,2024-11-25,portail_client
6956,Orion Distribution SARL,FI,FI07226168,2025-07-15,crm
6957,Vela Consulting Lda,LU,LU47040338,2024-01-24,import_fournisseur
6958,Granit Foods Lda,LU,LU994891M9,2025-05-14,portail_client
6959,Vela Materials NV,IT,IT.12172507985,2024-06-15,crm
6960,Fabrica Materials Lda,FR,FR52941815758,2025-05-10,reprise_erp
6961,Cobalt Consulting Oy,DK,DK.09564977,2025-03-16,import_fournisseur
6962,Meridian Logistics Oy,PT,PTH98889526,2024-07-14,import_fournisseur
6963,Alpine Foods AB,LU,LU59832801,2025-04-25,crm
6964,Delta Materials SAS,PL,pl6971944764,2024-02-20,reprise_erp
6965,Cobalt Logistics SARL,PL,PL-3397345466,2024-10-16,saisie_manuelle
6966,Global Services GmbH,BE,BEH134072707,2025-07-16,import_fournisseur
6967,Ardent Consulting NV,FR,FR3439526469,2025-01-24,reprise_erp
6968,Baltic Industries AB,FR,FR-76788165147,2024-06-21,crm
6969,Granit Services AB,FR,FR15223647760,2024-08-21,reprise_erp
6970,Azur Materials A/S,FI,fi23307945,2024-02-23,portail_client
6971,Lusitania Consulting SA,FR,FR 3662 9092150,2025-03-29,crm
6972,Solaris Industries GmbH,PT,PT739612197,2024-11-20,saisie_manuelle
6973,Meridian Foods SpA,SE,SE639604975801,2024-02-22,import_fournisseur
6974,Lumen Trading AB,FR,21255993964,2024-06-22,import_fournisseur
6975,Meridian Materials BV,FR,FR16297084503,2024-07-15,portail_client
6976,Solaris Consulting GmbH,FR,FR32555550273,2025-01-30,import_fournisseur
6977,Solaris Consulting Oy,IT,IT25005H86691,2025-01-03,reprise_erp
6978,Solaris Materials NV,FI,,2024-09-09,crm
6979,Atlantic Industries Lda,BE,BE0498131424,2024-05-21,crm
6980,Atlantic Distribution SpA,PL,PL6675195H60,2024-01-02,portail_client
6981,Cobalt Transports AB,FI,FI29930471,2024-08-31,import_fournisseur
6982,Granit Materials BV,LU,LU 6097 3787,2025-03-18,portail_client
6983,Lumen Trading AB,LU,LU82358388,2025-04-15,crm
6984,Fabrica Consulting NV,QQ,QQ36022643,2025-05-28,saisie_manuelle
6985,Lusitania Consulting AB,DK,DK-90183710,2024-09-11,portail_client
6986,Ardent Technologies Sp. z o.o.,BE,BE1638597244,2024-01-10,portail_client
6987,Nord Materials SARL,FR,FR-01255291063,2024-08-05,crm
6988,Hanse Services SA,FR,FR292876427718,2025-08-01,portail_client
6989,Textil Foods SA,SE,SE396902508305,2025-04-23,crm
6990,Nord Trading A/S,BE,BE073001952,2025-03-01,crm
6991,Meridian Consulting AB,PL,PL1817541547,2024-06-24,crm
6992,Prima Logistics SARL,PL,-,2025-09-21,crm
6993,Papyrus Materials Oy,DK,DK-92635139,2024-03-18,reprise_erp
6994,Cobalt Transports BV,BE,BE0331349327,2024-12-30,import_fournisseur
6995,Nord Industries SAS,PL,PL8602140976,2025-09-08,portail_client
6996,Batavia Industries Lda,DK,DK56691731,2024-04-09,saisie_manuelle
6997,Solaris Logistics A/S,NL,38-5043235B05,2024-01-10,saisie_manuelle
6998,Corvus Trading GmbH,FI,FI28235610,2025-05-04,import_fournisseur
6999,Ardent Distribution SA,BE,1723744339,2024-08-07,crm
7000,Fabrica Trading Lda,DK,DK45406784,2025-05-21,portail_client
7001,Atlantic Transports Sp. z o.o.,IT,IT99522900234,2024-07-01,crm
7002,Vertex Materials Lda,NL,NL173352640B42,2024-09-23,crm
7003,Ardent Consulting BV,PT,PT-239448740,2025-02-12,import_fournisseur
7004,Delta Materials SA,IT,IT56118019902,2025-06-01,reprise_erp
7005,Vela Technologies AB,FR,FR 8629 7394879,2024-03-09,portail_client
7006,Cobalt Logistics A/S,PT,PT 7409 88573,2024-01-28,portail_client
7007,Vela Consulting NV,FI,FI69619506,2024-11-23,saisie_manuelle
7008,Lumen Services AB,SE,SE924156490601,2024-11-20,reprise_erp
7009,Papyrus Transports SA,IT,IT57655282762,2024-10-28,reprise_erp
7010,Metallo Consulting GmbH,NL,NL889801009B61,2025-01-31,import_fournisseur
7011,Baltic Technologies A/S,DK,DK50816516,2025-07-22,crm
7012,Lusitania Trading GmbH,PL,PL 7491 233012,2025-06-17,portail_client
7013,Global Distribution SpA,IT,IT70372163207,2025-04-14,crm
7014,Vela Distribution NV,FI,FI10104014,2024-12-16,portail_client
7015,Metallo Foods GmbH,FI,FI59322979,2024-06-07,crm
7016,Vela Foods SAS,NL,NL.547312467B79,2025-07-14,portail_client
7017,Kappa Technologies NV,XX,XX13633879,2024-07-28,crm
7018,Fabrica Transports SpA,NL,NL-799370125B27,2024-11-23,crm
7019,Atlantic Technologies SARL,NL,NL937694228B28,2025-03-28,crm
7020,Batavia Consulting Lda,NL,NL049371654B25,2025-04-10,saisie_manuelle
7021,Azur Trading SARL,SE,SE437183616601,2025-05-21,import_fournisseur
7022,Textil Logistics Sp. z o.o.,LU,LU41912120,2024-07-05,reprise_erp
7023,Batavia Industries SARL,IT,IT7021443G715,2024-08-27,saisie_manuelle
7024,Papyrus Distribution BV,GB,GB516738733001,2024-08-20,crm
7025,Azur Consulting SA,BE,BE045882870,2024-04-12,saisie_manuelle
7026,Lusitania Industries SAS,LU,LU49733705,2025-02-04,portail_client
7027,Metallo Technologies SpA,NL,NL004947356B99,2024-09-18,portail_client
7028,Ardent Industries SARL,SE,SE576633571401,2024-07-19,portail_client
7029,Corvus Technologies NV,FR,FR249009699G4,2024-10-28,crm
7030,Global Foods Sp. z o.o.,LU,LU99454860,2024-03-20,saisie_manuelle
7031,Corvus Industries Oy,IT,IT01556251534,2025-05-14,reprise_erp
7032,Baltic Industries Oy,SE,SE 2863 03133801,2024-05-26,reprise_erp
7033,Kappa Industries AB,BE,BE112K505126,2024-04-20,crm
7034,Meridian Consulting SA,ZZ,ZZ188414302301,2024-08-17,crm
7035,Azur Trading BV,NL,NL502024998B76,2024-02-07,crm
7036,Verso Consulting SAS,PL,  PL9119546829 ,2025-06-19,import_fournisseur
7037,Alpine Materials SA,IT,IT89732601435,2025-06-26,saisie_manuelle
7038,Vela Distribution AB,DK,69333621,2025-06-16,import_fournisseur
7039,Global Logistics SA,FR,FR75716042866,2025-01-22,import_fournisseur
7040,Global Distribution SpA,FI,FI24268597,2025-07-21,crm
7041,Ardent Foods SAS,IT,IT42865712360,2025-05-29,reprise_erp
7042,Cobalt Foods A/S,IT,IT99540201938,2024-06-27,saisie_manuelle
7043,Baltic Technologies A/S,NL,NL835978734B25,2024-10-19,import_fournisseur
7044,Alpine Foods Sp. z o.o.,IT,IT38163612438,2025-03-18,saisie_manuelle
7045,Atlantic Services SA,FI,FI07151119,2025-06-11,reprise_erp
7046,Meridian Technologies Lda,SE,SE.480061525601,2025-01-11,portail_client
7047,Cobalt Consulting SpA,NL,NL455383649B2,2024-03-02,portail_client
7048,Delta Consulting A/S,NL,NL528793573B73,2024-12-24,saisie_manuelle
7049,Cobalt Industries GmbH,FR,FR10979170250,2025-02-13,saisie_manuelle
7050,Atlantic Transports SARL,QQ,QQ84904988,2024-05-14,crm
7051,Lumen Materials GmbH,ZZ,ZZ64433160,2025-02-13,import_fournisseur
7052,Vertex Consulting NV,SE,SE91501128870,2025-03-07,portail_client
7053,Solaris Materials NV,IT,it21291746978,2025-04-11,import_fournisseur
7054,Orion Services AB,FI,92631108,2024-04-07,portail_client
7055,Lusitania Logistics A/S,PT,pt260447749,2025-08-09,crm
7056,Verso Consulting SA,FR,,2025-03-06,crm
7057,Atlantic Consulting A/S,BE,  BE0453667317 ,2025-08-10,crm
7058,Global Logistics GmbH,IT,IT75511525M56,2024-08-07,reprise_erp
7059,Batavia Foods Sp. z o.o.,FR,FR69596705704,2025-09-27,saisie_manuelle
7060,Prima Transports SA,IT,IT978565741M0,2025-01-05,portail_client
7061,Metallo Trading A/S,BE,BE0990245383,2024-11-03,portail_client
7062,Textil Technologies BV,DK,DK19O87363,2025-06-18,portail_client
7063,Vertex Consulting Sp. z o.o.,BE,0613951897,2024-03-02,portail_client
7064,Meridian Foods SAS,NL,NL168768008B81,2025-08-02,portail_client
7065,Granit Materials Lda,SE,889067669801,2024-07-20,saisie_manuelle
7066,Fabrica Distribution A/S,SE,685217110401,2024-08-06,reprise_erp
7067,Baltic Consulting NV,DK,DK99577444,2025-04-27,portail_client
7068,Global Industries Oy,PT,PT516480995,2025-05-26,crm
7069,Orion Technologies BV,LU,LU35J63676,2024-05-30,saisie_manuelle
7070,Textil Services Lda,PL,PL9241G68715,2025-04-02,crm
7071,Kappa Transports Oy,FR,  FR90652093681 ,2025-06-16,reprise_erp
7072,Azur Consulting AB,PL,PL8842186245,2025-09-27,crm
7073,Orion Foods A/S,NL,936295648B71,2024-04-15,crm
7074,Kappa Industries GmbH,NL,NL505530296B08,2024-06-17,saisie_manuelle
7075,Atlantic Consulting SAS,FR,FR88394880494,2025-06-21,import_fournisseur
7076,Granit Industries BV,PL, ,2024-01-07,portail_client
7077,Orion Trading NV,FR,FR6220154771,2025-01-14,crm
7078,Ardent Trading A/S,DK,DK20764090,2025-02-11,import_fournisseur
7079,Kappa Services SpA,FR,FR90580447250,2025-03-18,crm
7080,Prima Technologies A/S,PL,PL9769M15110,2024-07-22,portail_client
7081,Delta Logistics SAS,PL,PL 8471 991282,2024-09-03,crm
7082,Baltic Foods NV,DK,DK93423763,2024-12-10,reprise_erp
7083,Lusitania Logistics A/S,LU,LU15937666,2024-03-18,crm
7084,Prima Logistics Sp. z o.o.,DK,DK27493424,2024-09-28,saisie_manuelle
7085,Fabrica Technologies BV,IT,IT-17410581189,2024-07-31,portail_client
7086,Baltic Logistics GmbH,SE,SE401907614201,2024-02-13,reprise_erp
7087,Textil Technologies AB,BE,be1863180948,2024-08-05,reprise_erp
7088,Vela Industries Oy,FR,FR72501059046,2024-03-13,import_fournisseur
7089,Hanse Transports SAS,DK,DK17874040,2025-09-13,saisie_manuelle
7090,Global Materials SpA,NL,NL932361948B9,2024-11-25,reprise_erp
7091,Batavia Technologies NV,FR,FR824722735911,2025-06-08,portail_client
7092,Kappa Materials A/S,SE,SE155835664601,2025-03-19,saisie_manuelle
7093,Nord Logistics NV,LU,LU76016516,2025-05-02,saisie_manuelle
7094,Granit Technologies Lda,DK,DK-00407852,2024-02-25,reprise_erp
7095,Papyrus Consulting A/S,IT,IT36005532977,2024-11-10,portail_client
7096,Lumen Trading Sp. z o.o.,NL,NL928548661B9,2025-10-01,saisie_manuelle
7097,Cobalt Trading SpA,FR,36849255863,2024-06-28,saisie_manuelle
7098,Atlantic Materials BV,IT,IT-01045157282,2025-09-09,saisie_manuelle
7099,Verso Services GmbH,PT,PT992949203,2025-05-06,reprise_erp
7100,Granit Technologies Sp. z o.o.,PT,  PT246913665 ,2024-10-15,import_fournisseur
7101,Batavia Industries Lda,IT,it31900995460,2025-03-21,portail_client
7102,Vertex Industries SpA,LU,LU50222082,2024-05-06,import_fournisseur
7103,Atlantic Industries SARL,BE,BE152837564K,2024-05-06,import_fournisseur
7104,Kappa Consulting SAS,FR,FR20309982803,2024-03-03,crm
7105,Prima Services Lda,FR,FR63213232789,2024-06-14,reprise_erp
7106,Papyrus Logistics A/S,FR,FR.80553231112,2025-04-07,portail_client
7107,Orion Technologies SAS,FI,FI25638641,2025-06-08,crm
7108,Papyrus Foods BV,IT,IT95374559805,2024-08-04,saisie_manuelle
7109,Papyrus Technologies Lda,FR,FR26423706395,2025-07-27,saisie_manuelle
7110,Hanse Transports A/S,GB,GB868321199B51,2024-03-16,crm
7111,Vela Services A/S,BE,BE1944190501,2025-08-22,reprise_erp
7112,Alpine Transports AB,BE,BE082K985988,2024-03-20,saisie_manuelle
7113,Cobalt Materials NV,BE,BE041890855,2025-02-07,portail_client
7114,Nord Materials AB,BE,BE1755706136,2025-03-08,portail_client
7115,Textil Consulting BV,IT,IT 1563 8407518,2024-07-11,saisie_manuelle
7116,Metallo Trading AB,IT,IT50136821377,2025-03-15,saisie_manuelle
7117,Solaris Distribution BV,FI,FI45198268,2024-02-05,portail_client
7118,Lumen Transports Oy,PT,PT881085383,2024-12-03,saisie_manuelle
7119,Vertex Services NV,PT,PT417353987,2025-06-28,reprise_erp
7120,Granit Foods GmbH,PT,PT3322432739,2025-05-08,crm
7121,Global Materials GmbH,PL,PL69858376243,2024-07-18,reprise_erp
7122,Global Foods AB,BE,BE0520863175,2024-01-26,saisie_manuelle
7123,Vela Distribution SpA,DK,DK44913852,2024-08-10,reprise_erp
7124,Solaris Trading SpA,IT,  IT16124143328 ,2025-08-08,reprise_erp
7125,Corvus Services GmbH,SE,se603657772101,2025-06-09,reprise_erp
7126,Atlantic Transports Sp. z o.o.,IT,IT-81077496297,2025-07-08,reprise_erp
7127,Cobalt Foods Lda,FI,FI35015432,2024-12-04,crm
7128,Fabrica Consulting NV,BE,BEH891315106,2025-02-11,reprise_erp
7129,Granit Materials GmbH,SE,SEM19951059101,2025-09-22,portail_client
7130,Prima Logistics SAS,NL,NL90320015JB46,2024-08-29,portail_client
7131,Corvus Industries GmbH,DK,DK751554O3,2024-03-04,saisie_manuelle
7132,Delta Transports SA,LU,LU481278553,2024-01-15,crm
7133,Lusitania Transports SA,FI,FI3080659,2024-12-03,reprise_erp
7134,Vertex Logistics GmbH,ZZ,ZZ-0436079435,2024-09-18,saisie_manuelle
7135,Prima Materials AB,NL,NL-306952506B37,2025-05-05,portail_client
7136,Meridian Logistics NV,NL,NL129268966B62,2025-05-02,saisie_manuelle
7137,Metallo Trading BV,PT,PT281592233,2024-04-23,import_fournisseur
7138,Vertex Foods Sp. z o.o.,DK,DK97433836,2024-07-18,import_fournisseur
7139,Corvus Foods Lda,NL,690074578B44,2024-10-10,saisie_manuelle
7140,Granit Trading SpA,FR,FR11664893419,2024-07-28,reprise_erp
7141,Alpine Trading NV,BE,BE027968584,2024-06-26,crm
7142,Delta Logistics Oy,DK,DK85686456,2024-04-10,crm
7143,Vela Trading Sp. z o.o.,BE,BE0340155482,2024-09-14,portail_client
7144,Orion Distribution SARL,SE,SE514123899701,2025-08-27,reprise_erp
7145,Azur Services Oy,FI,FI 6066 4108,2024-12-12,import_fournisseur
7146,Delta Services Lda,FI,FI28073797,2025-01-29,crm
7147,Cobalt Consulting GmbH,IT,it99465877746,2025-03-01,crm
7148,Delta Distribution Lda,FI,FI42928821,2025-07-10,reprise_erp
7149,Textil Logistics SA,PL,PL4M47161205,2024-07-04,reprise_erp
7150,Lusitania Logistics NV,PT,N/A,2024-02-18,reprise_erp
7151,Metallo Technologies Sp. z o.o.,PT,PT.746032846,2024-06-20,saisie_manuelle
7152,Hanse Consulting BV,PT,PT.633550787,2024-04-06,crm
7153,Vertex Trading BV,SE,,2025-09-29,portail_client
7154,Global Consulting SAS,DK,DK-60058873,2025-05-18,reprise_erp
7155,Alpine Transports SAS,IT,IT30309490354,2025-02-24,portail_client
7156,Ardent Foods NV,PL,9704724598,2025-08-19,reprise_erp
7157,Lusitania Foods BV,IT,  IT92633G63015 ,2025-08-24,portail_client
7158,Textil Transports SARL,BE,BE0165605724,2025-01-15,saisie_manuelle
7159,Corvus Foods SARL,SE,SE221274889701,2024-03-29,import_fournisseur
7160,Prima Logistics GmbH,LU,LU73212654,2025-04-04,reprise_erp
7161,Global Materials Sp. z o.o.,LU,  LU33712885 ,2024-07-14,import_fournisseur
7162,Orion Services SAS,PT,PT967094941,2024-09-10,reprise_erp
7163,Textil Logistics A/S,SE,SE788955039801,2024-11-29,reprise_erp
7164,Lusitania Transports Lda,IT,IT66126825199,2025-06-09,portail_client
7165,Metallo Industries SA,BE,BE6497318703,2024-02-19,portail_client
7166,Hanse Logistics SAS,XX,XX16768422426,2024-09-03,reprise_erp
7167,Orion Trading AB,NL,NL592162189B91,2025-02-26,portail_client
7168,Vela Industries NV,FR,FR93403672726,2025-06-15,portail_client
7169,Meridian Materials SAS,LU,LU-14845705,2025-02-13,import_fournisseur
7170,Batavia Technologies SAS,SE,  SE745437134001 ,2024-12-13,portail_client
7171,Cobalt Foods SARL,NL,nl892103152b46,2024-10-31,reprise_erp
7172,Verso Distribution Oy,LU,LU91804574,2024-02-26,reprise_erp
7173,Lusitania Technologies Oy,PT,PT352971339,2025-05-21,reprise_erp
7174,Metallo Distribution Oy,BE,BE-1711119095,2024-07-22,crm
7175,Fabrica Technologies SpA,PT,PT-661254704,2024-10-01,reprise_erp
7176,Fabrica Transports BV,PT,PT900589060,2024-02-05,crm
7177,Verso Consulting GmbH,FR,FR-71749386453,2025-07-28,saisie_manuelle
7178,Nord Consulting SAS,IT,68875533512,2025-06-03,reprise_erp
7179,Ardent Services BV,SE,772054785501,2024-04-10,reprise_erp
7180,Azur Transports GmbH,SE,SE531265361001,2024-11-25,crm
7181,Metallo Logistics SA,FR,FR235450982292,2025-01-05,crm
7182,Vela Transports SpA,PL,PL9998166211,2025-02-11,portail_client
7183,Orion Transports SpA,DK,DK80377704,2024-09-14,crm
7184,Corvus Logistics A/S,DK,DK62886897,2024-06-12,import_fournisseur
7185,Batavia Logistics A/S,PT,PT583852335,2025-07-09,crm
7186,Corvus Logistics Lda,BE,BE1582932310,2025-01-03,crm
7187,Atlantic Transports SpA,FR,FR64192399291,2025-09-09,portail_client
7188,Granit Services SpA,QQ,QQ1703041767,2025-04-29,saisie_manuelle
7189,Global Foods SpA,FR,fr62971027764,2024-04-26,saisie_manuelle
7190,Ardent Distribution SAS,BE,BE1732900614,2025-07-31,saisie_manuelle
7191,Vela Services SA,NL,NL361461884B12,2024-07-16,saisie_manuelle
7192,Kappa Materials GmbH,BE, ,2024-03-29,reprise_erp
7193,Ardent Trading AB,DK,DK825836453,2024-04-17,saisie_manuelle
7194,Alpine Materials SA,SE,SE 8390 78895101,2024-07-20,crm
7195,Kappa Distribution SA,FI,FI32558738,2024-03-05,import_fournisseur
7196,Vela Industries SAS,NL,  NL461139542B58 ,2025-08-24,import_fournisseur
7197,Atlantic Trading SARL,IT,IT76721269215,2024-09-01,crm
7198,Azur Logistics BV,LU,LU84738920,2025-09-01,saisie_manuelle
7199,Corvus Industries NV,PT,459248367,2025-03-19,crm
7200,Verso Industries A/S,NL,533317642B40,2025-08-21,reprise_erp
7201,Verso Foods Sp. z o.o.,BE,,2024-06-19,crm
7202,Alpine Technologies Lda,IT,IT28689725712,2024-02-20,portail_client
7203,Prima Transports A/S,FI,FI-50204634,2024-12-01,crm
7204,Meridian Transports Sp. z o.o.,FR,FR8J299454415,2024-07-13,reprise_erp
7205,Delta Industries Lda,FI,FI19739817,2024-02-28,crm
7206,Baltic Technologies Oy,DK,70766949,2025-04-03,crm
7207,Meridian Industries GmbH,NL,-,2024-10-15,import_fournisseur
7208,Lumen Consulting SARL,FR,FR70640546019,2024-09-28,saisie_manuelle
7209,Metallo Trading GmbH,FI,FI07098022,2025-08-10,saisie_manuelle
7210,Papyrus Consulting SARL,GB,GB99527012,2024-09-21,crm
7211,Hanse Technologies Lda,PT,PT574557977,2024-10-07,crm
7212,Hanse Materials SAS,PT,pt331807599,2025-03-12,portail_client
7213,Granit Services Oy,PT,PT-809418533,2025-06-08,saisie_manuelle
7214,Hanse Industries AB,FR,FR-78411718559,2025-05-23,crm
7215,Papyrus Materials SARL,IT,IT562223611669,2024-05-26,reprise_erp
7216,Vertex Technologies Sp. z o.o.,LU,LU10736521,2024-10-03,portail_client
7217,Ardent Trading SARL,DK,DK64597221,2024-04-20,reprise_erp
7218,Lumen Transports Oy,DK,DK2706189,2025-10-01,import_fournisseur
7219,Kappa Distribution Oy,SE,122638677701,2024-05-14,import_fournisseur
7220,Vela Foods Sp. z o.o.,PT,PT338720024,2024-10-21,crm
7221,Nord Transports GmbH,BE,  BE1757235271 ,2025-08-21,saisie_manuelle
7222,Delta Distribution SARL,QQ,QQ28958536,2024-09-14,import_fournisseur
7223,Atlantic Services SA,GB,GB212698304401,2024-12-29,saisie_manuelle
7224,Prima Transports SpA,NL,NL412967091B23,2025-04-30,crm
7225,Vela Consulting SARL,LU,LU62934930,2024-03-07,crm
7226,Granit Industries SA,DK,DK48622259,2025-07-19,saisie_manuelle
7227,Lumen Technologies Oy,IT,IT 6490 2006515,2025-02-27,crm
7228,Prima Transports Sp. z o.o.,BE,BE0995640966,2025-05-21,crm
7229,Orion Distribution Lda,FR,,2025-07-27,import_fournisseur
7230,Nord Consulting GmbH,UK,UK26225128,2025-02-26,crm
7231,Meridian Distribution SAS,PL,pl9346217566,2025-04-11,import_fournisseur
7232,Meridian Services Sp. z o.o.,NL,NL.358697487B40,2024-11-18,portail_client
7233,Azur Distribution AB,BE,BE1956707061,2024-10-19,reprise_erp
7234,Atlantic Trading SAS,PT,PT482462185,2024-07-11,reprise_erp
7235,Atlantic Services Oy,DK,81228523,2024-09-11,crm
7236,Solaris Trading Oy,DK,DK89339995,2025-03-11,crm
7237,Cobalt Materials SpA,LU,lu82985519,2024-04-29,portail_client
7238,Fabrica Trading Lda,NL,NL304653044B20,2025-05-01,import_fournisseur
7239,Baltic Services SpA,PL,PL 5935 155158,2025-02-13,portail_client
7240,Lusitania Technologies GmbH,IT,IT61070893542,2025-08-25,portail_client
7241,Granit Distribution Oy,NL,NL365950749B93,2024-04-15,portail_client
7242,Meridian Logistics Sp. z o.o.,PT,980810671,2025-07-22,import_fournisseur
7243,Vertex Transports SpA,FI,FI25307105,2024-03-20,reprise_erp
7244,Batavia Consulting Sp. z o.o.,FR,FR59597780412,2025-03-05,crm
7245,Corvus Transports AB,FI,FI68714966,2024-03-16,crm
7246,Ardent Distribution Sp. z o.o.,NL,NL859548491B52,2024-04-05,crm
7247,Orion Trading NV,LU,51918952,2024-09-17,crm
7248,Atlantic Logistics SARL,FR,  FR80148236619 ,2024-10-10,import_fournisseur
7249,Vertex Materials AB,PL,PL8007264775,2025-02-07,crm
7250,Lusitania Industries SpA,LU,LU25910223,2024-11-11,saisie_manuelle
7251,Corvus Materials A/S,LU,LU4911747O,2025-07-06,portail_client
7252,Vela Logistics A/S,BE,BE1764900053,2025-05-11,crm
7253,Atlantic Materials SARL,LU,LU14232413,2025-03-12,portail_client
7254,Solaris Materials AB,LU,LU9675037,2024-04-19,import_fournisseur
7255,Textil Services A/S,DK,DK-23949032,2024-06-05,saisie_manuelle
7256,Meridian Foods SpA,QQ,QQ770923652001,2024-08-20,import_fournisseur
7257,Verso Logistics SpA,FI,90480019,2024-04-30,import_fournisseur
7258,Delta Transports Oy,SE,SE181732581201,2025-02-10,crm
7259,Azur Foods NV,SE,  SE056858036901 ,2024-08-16,crm
7260,Delta Trading Lda,PL,pl9316359385,2024-05-07,reprise_erp
7261,Lumen Consulting SARL,DK,dk82581529,2025-02-08,portail_client
7262,Verso Foods SAS,BE,BE182029H310,2024-06-07,import_fournisseur
7263,Hanse Industries Oy,ZZ,ZZ9878076600,2025-07-29,reprise_erp
7264,Ardent Industries Oy,PL,PL9301465721,2024-07-31,crm
7265,Lusitania Services NV,FR,FR.34405941483,2024-02-06,reprise_erp
7266,Batavia Foods SARL,FI,FI3434077,2024-10-23,portail_client
7267,Baltic Trading A/S,ZZ,ZZ320580386B29,2024-06-19,crm
7268,Global Materials SARL,FI,FI.62317011,2025-03-07,portail_client
7269,Nord Foods Sp. z o.o.,ZZ,ZZ0921369148,2025-03-13,crm
7270,Batavia Distribution BV,IT,IT82100296811,2024-06-26,portail_client
7271,Atlantic Trading Oy,BE,BE0550358204,2025-09-22,portail_client
7272,Baltic Transports SAS,DK,  DK71846512 ,2024-01-05,crm
7273,Corvus Industries SAS,FI,FI262871189,2024-03-26,crm
7274,Fabrica Trading NV,BE,BE 1163 339806,2024-12-07,import_fournisseur
7275,Prima Technologies Oy,BE,null,2024-11-17,portail_client
7276,Lumen Trading Sp. z o.o.,FI,fi65202500,2025-02-22,portail_client
7277,Ardent Transports Lda,LU,LU36462682,2024-02-04,portail_client
7278,Delta Foods Lda,IT,IT73467297405,2024-08-12,crm
7279,Global Foods SpA,LU,LU80060348,2024-05-27,crm
7280,Kappa Materials BV,NL,NL 4003 48445B13,2024-01-16,portail_client
7281,Papyrus Materials SAS,SE,SE312482794401,2025-02-10,reprise_erp
7282,Delta Transports SARL,NL,NL811664946B10,2025-03-07,portail_client
7283,Baltic Services Oy,NL,NL6003866M2B43,2024-02-23,import_fournisseur
7284,Kappa Distribution NV,IT,IT81708076559,2025-09-20,portail_client
7285,Alpine Industries GmbH,DK,DK25947973,2024-12-23,import_fournisseur
7286,Cobalt Technologies SpA,PT,PT262036002,2025-04-12,crm
7287,Kappa Trading AB,NL,307885021B85,2025-05-14,import_fournisseur
7288,Lusitania Foods SpA,FR,FR81237226618,2025-05-29,crm
7289,Azur Technologies SAS,BE,BE0435948583,2025-06-14,portail_client
7290,Kappa Materials BV,PL,PL190642001,2025-08-06,reprise_erp
7291,Alpine Logistics SpA,PT,PT3083K5480,2024-06-20,saisie_manuelle
7292,Ardent Services GmbH,FR,FR41645899954,2024-02-25,portail_client
7293,Verso Technologies SA,PT,PT998750280,2024-01-28,reprise_erp
7294,Lumen Foods BV,FI,FI94266327,2024-05-12,saisie_manuelle
7295,Hanse Technologies SA,DK,DK.99265183,2024-10-26,portail_client
7296,Fabrica Services SAS,PL,PL3762112414,2024-02-29,import_fournisseur
7297,Lusitania Services Sp. z o.o.,BE,BE0463331871,2024-07-14,reprise_erp
7298,Baltic Trading SARL,BE,0915564588,2025-04-04,crm
7299,Batavia Materials SpA,GB,GB1504103081,2024-05-26,portail_client
7300,Lusitania Materials NV,NL,NL268085080B87,2025-05-28,portail_client
7301,Ardent Trading GmbH,SE,SE620974295201,2024-01-29,reprise_erp
7302,Granit Logistics Oy,FR,FR02788603667,2024-03-06,reprise_erp
7303,Metallo Distribution Oy,SE,603298667801,2025-08-09,saisie_manuelle
7304,Kappa Logistics BV,IT,it30142466942,2024-08-05,import_fournisseur
7305,Solaris Foods Sp. z o.o.,NL,NL.536692257B71,2024-03-09,crm
7306,Ardent Consulting NV,FR,FR31342302498,2024-06-29,portail_client
7307,Meridian Distribution NV,PT,PT3997354K8,2024-08-03,saisie_manuelle
7308,Granit Services Oy,IT,IT92749066624,2024-04-24,import_fournisseur
7309,Papyrus Distribution SpA,DK,DK91124475,2024-01-11,crm
7310,Textil Services Oy,FR,FR10176441027,2025-05-10,crm
7311,Lusitania Consulting Oy,BE,BE1753447620,2024-07-21,saisie_manuelle
7312,Prima Foods SARL,PT,PT226550427,2025-02-19,import_fournisseur
7313,Lusitania Materials Lda,IT,63545680694,2025-07-26,saisie_manuelle
7314,Nord Transports Sp. z o.o.,PT,PT471768693,2024-01-01,crm
7315,Prima Consulting BV,DK,DK 0697 1903,2024-08-13,crm
7316,Prima Technologies GmbH,SE,null,2025-09-30,saisie_manuelle
7317,Azur Distribution AB,NL,NL-532065025B48,2024-07-04,import_fournisseur
7318,Delta Distribution Sp. z o.o.,LU,LU1982484,2025-08-12,crm
7319,Lumen Services SARL,PL,PL4080133980,2024-12-13,reprise_erp
7320,Cobalt Foods SpA,SE,SE864727769101,2025-04-30,portail_client
7321,Textil Technologies NV,PL,PL7079562978,2024-08-31,saisie_manuelle
7322,Textil Consulting Lda,SE,SE207357193301,2024-07-25,reprise_erp
7323,Granit Foods BV,IT,IT23388191175,2025-08-15,reprise_erp
7324,Atlantic Technologies Sp. z o.o.,SE,SE.818266035001,2025-03-15,crm
7325,Papyrus Industries SAS,IT,IT.97185616329,2024-09-21,saisie_manuelle
7326,Hanse Logistics GmbH,BE,BE16890977211,2024-03-30,crm
7327,Fabrica Foods SARL,SE,SE 4546 39905801,2025-05-07,saisie_manuelle
7328,Metallo Consulting NV,FR,FR72263054029,2025-04-09,import_fournisseur
7329,Meridian Trading SAS,PT,PT-177916915,2025-03-29,portail_client
7330,Verso Services SAS,NL,NL657176618B518,2024-04-20,crm
7331,Azur Distribution AB,IT,IT.93080705804,2024-06-22,crm
7332,Kappa Distribution Oy,PT,PT861890412,2024-01-19,crm
7333,Cobalt Consulting BV,SE,SE758240675201,2025-05-07,saisie_manuelle
7334,Batavia Consulting SAS,FR,FR69625162594,2025-06-22,reprise_erp
7335,Prima Materials BV,SE,SE088468124501,2025-04-30,portail_client
7336,Textil Materials SARL,PT,PT 1285 78572,2025-01-02,saisie_manuelle
7337,Baltic Transports SARL,FR,FR25179145156,2024-10-15,crm
7338,Meridian Materials GmbH,DK,71735788,2024-10-06,import_fournisseur
7339,Atlantic Industries BV,BE,BE0331926978,2024-09-15,portail_client
7340,Metallo Distribution SARL,FI,fi85346595,2025-09-19,saisie_manuelle
7341,Prima Foods Lda,SE,SE483763406401,2024-04-23,portail_client
7342,Azur Consulting SAS,FI,FI6564421,2025-03-07,portail_client
7343,Batavia Materials GmbH,FI,FI.28619411,2024-08-12,import_fournisseur
7344,Verso Consulting Oy,SE,SE015603744201,2024-03-02,import_fournisseur
7345,Azur Trading SpA,FI,fi39200587,2025-03-11,saisie_manuelle
7346,Nord Technologies Lda,NL,NL546812545B41,2024-09-29,portail_client
7347,Textil Transports A/S,IT,IT89972942778,2024-01-13,crm
7348,Kappa Technologies NV,NL,NL178899574B37,2024-10-07,crm
7349,Batavia Consulting Lda,DK,DK16459062,2025-04-28,import_fournisseur
7350,Vertex Materials SARL,PL,pl7972878260,2025-08-18,crm
7351,Solaris Consulting A/S,BE,BE.1255566020,2025-04-27,saisie_manuelle
7352,Alpine Trading AB,NL,016884668B88,2024-03-17,reprise_erp
7353,Vela Trading SA,BE,BE0565848196,2025-08-01,crm
7354,Kappa Trading Oy,LU,LU289091195,2024-05-19,saisie_manuelle
7355,Metallo Materials SARL,BE,BE0884824102,2025-04-29,reprise_erp
7356,Textil Distribution Lda,BE,0702885556,2024-08-14,reprise_erp
7357,Global Logistics SAS,BE,BE0497733427,2024-01-01,saisie_manuelle
7358,Prima Trading Sp. z o.o.,SE,SE245069045401,2025-01-05,reprise_erp
7359,Meridian Foods Lda,PL,PL9767905565,2025-03-27,saisie_manuelle
7360,Granit Services Lda,PL,PL2679876522,2025-09-24,crm
7361,Ardent Distribution SARL,IT,IT37024303515,2024-04-20,reprise_erp
7362,Vela Technologies Lda,FR,FR22130280865,2024-08-05,crm
7363,Delta Transports Lda,LU,LU35156010,2024-05-05,crm
7364,Lusitania Technologies SAS,BE,BE1813334628,2025-09-06,saisie_manuelle
7365,Global Foods SAS,DK,  DK38550586 ,2024-01-14,crm
7366,Meridian Consulting NV,PL,PL1171305698,2025-08-05,import_fournisseur
7367,Batavia Logistics GmbH,FR,FR38587567647,2025-09-04,saisie_manuelle
7368,Delta Materials Lda,BE,BE 1115 416361,2025-06-16,portail_client
7369,Papyrus Industries SpA,PT,PT688143903,2024-08-15,import_fournisseur
7370,Solaris Consulting NV,UK,UK9823755464,2024-06-21,crm
7371,Kappa Logistics BV,BE,BE1627823817,2024-11-25,reprise_erp
7372,Papyrus Transports SARL,BE,BE0633072973,2024-07-20,saisie_manuelle
7373,Lusitania Foods SARL,PL,PL99179538510,2024-06-12,reprise_erp
7374,Papyrus Services SAS,IT,it72561605667,2024-06-16,saisie_manuelle
7375,Lumen Foods AB,NL,NL-499819652B92,2024-12-06,crm
7376,Atlantic Materials NV,SE,SE865905084601,2024-12-23,saisie_manuelle
7377,Meridian Trading Lda,NL,NL923179021B97,2024-12-22,portail_client
7378,Granit Logistics GmbH,NL,NL712165460B86,2025-02-19,reprise_erp
7379,Kappa Industries Sp. z o.o.,PL,PL3127811220,2024-10-27,import_fournisseur
7380,Papyrus Technologies A/S,FI,FI69G27888,2024-12-03,crm
7381,Vela Foods AB,IT,IT5J617198510,2024-05-06,import_fournisseur
7382,Alpine Distribution SARL,LU,LU36968770,2025-06-14,portail_client
7383,Batavia Services SA,PT,PT-100405711,2024-12-18,portail_client
7384,Alpine Consulting NV,NL,NL451116616B80,2024-03-11,reprise_erp
7385,Global Distribution Oy,PT,PT-797150048,2024-04-19,crm
7386,Delta Materials Lda,BE,BE112375885,2025-06-07,reprise_erp
7387,Corvus Transports NV,FR,FR82H42766562,2025-07-26,import_fournisseur
7388,Alpine Transports A/S,PL,PL2462603947,2025-08-05,portail_client
7389,Delta Industries GmbH,NL,36.2793827B08,2025-07-02,import_fournisseur
7390,Azur Services SA,BE,BE.1426876730,2025-09-27,saisie_manuelle
7391,Vela Distribution SAS,PT,375179380,2025-01-08,reprise_erp
7392,Verso Materials SpA,PT,PT-783338732,2024-05-03,crm
7393,Papyrus Materials AB,DK,DK52732386,2025-08-04,crm
7394,Meridian Consulting Lda,IT,IT47563846253,2024-12-02,saisie_manuelle
7395,Alpine Transports GmbH,LU,LU84999040,2024-10-28,reprise_erp
7396,Textil Consulting AB,LU,lu70429841,2024-03-01,import_fournisseur
7397,Granit Foods Lda,PT,PT594582687,2025-03-08,reprise_erp
7398,Cobalt Foods BV,BE,BE1400827973,2024-10-11,import_fournisseur
7399,Global Services GmbH,BE,BE0675387640,2024-05-25,import_fournisseur
7400,Hanse Technologies GmbH,SE,SE189571183401,2024-12-25,reprise_erp
7401,Solaris Foods GmbH,IT,IT72235082541,2024-05-02,portail_client
7402,Global Logistics BV,ZZ,ZZ32402060,2025-06-26,reprise_erp
7403,Nord Trading GmbH,UK,UK060386738301,2024-11-28,portail_client
7404,Granit Industries Oy,PT,PT354111914,2024-09-23,portail_client
7405,Delta Trading Oy,FR,FR60801776699,2025-03-10,reprise_erp
7406,Metallo Services NV,PL,8487556732,2024-11-27,saisie_manuelle
7407,Solaris Technologies GmbH,NL,NL175808899B09,2025-07-20,import_fournisseur
7408,Kappa Transports SA,LU,LU33569071,2025-07-01,portail_client
7409,Metallo Industries AB,PT,PT225716933,2024-11-29,crm
7410,Cobalt Foods GmbH,NL,NL8859369G2B71,2024-05-12,crm
7411,Delta Transports NV,FR,FR77992628424,2025-07-04,portail_client
7412,Corvus Transports Lda,DK,DK-17404547,2024-06-24,crm
7413,Granit Technologies SAS,PL,PL1150652207,2024-11-02,crm
7414,Orion Transports NV,IT,IT.22581613001,2025-09-07,crm
7415,Meridian Foods Lda,SE,SE1842274779018,2024-04-13,crm
7416,Hanse Foods Oy,LU,N/A,2024-11-25,import_fournisseur
7417,Orion Industries Sp. z o.o.,IT,IT08455166275,2024-08-20,crm
7418,Textil Industries SpA,IT,IT44747795936,2025-06-21,saisie_manuelle
7419,Global Foods SAS,LU,LU 1847 0631,2025-02-23,reprise_erp
7420,Vela Technologies NV,DK,DK79719406,2025-04-07,portail_client
7421,Global Technologies NV,FI,FI50560186,2024-04-11,portail_client
7422,Cobalt Transports SA,LU,94807547,2024-12-02,portail_client
7423,Nord Distribution BV,FI,FI37224470,2024-07-19,reprise_erp
7424,Nord Technologies A/S,DK,DK 6386 7608,2024-07-28,reprise_erp
7425,Azur Foods AB,DK,DK03665216,2024-09-10,saisie_manuelle
7426,Azur Foods SA,BE,BE1672942865,2024-11-11,import_fournisseur
7427,Baltic Materials SAS,FI,FI21564518,2024-02-02,reprise_erp
7428,Granit Logistics BV,NL,NL810191519B64,2024-07-16,crm
7429,Kappa Technologies SARL,PT,PT 3971 95060,2024-04-21,crm
7430,Textil Industries Sp. z o.o.,PT,PT691883793,2025-02-14,portail_client
7431,Batavia Transports AB,PL,6569937617,2024-07-17,reprise_erp
7432,Corvus Trading SpA,FI,FI368413972,2025-04-20,reprise_erp
7433,Verso Materials BV,BE,BE1190667476,2024-09-28,saisie_manuelle
7434,Verso Foods GmbH,FR, ,2024-04-12,crm
7435,Global Transports SARL,FR,FR 9355 1916253,2024-10-25,crm
7436,Papyrus Services BV,SE,SE196050755401,2025-01-22,crm
7437,Metallo Transports Oy,LU,LU20757527,2025-01-23,reprise_erp
7438,Ardent Foods Sp. z o.o.,GB,GB16317539,2024-05-11,crm
7439,Baltic Distribution Lda,LU,LU62334982,2025-04-28,crm
7440,Fabrica Trading Sp. z o.o.,PT,PT907749384,2025-08-25,portail_client
7441,Global Distribution GmbH,BE,BE0779157547,2024-04-01,portail_client
7442,Ardent Consulting SA,FI,FI64762785,2024-06-10,portail_client
7443,Atlantic Trading SpA,IT,11675894312,2025-05-20,saisie_manuelle
7444,Solaris Technologies NV,BE,BE1927329721,2025-08-26,reprise_erp
7445,Nord Distribution Lda,FI,FI0577054,2024-07-06,saisie_manuelle
7446,Papyrus Logistics SpA,PT,PT113627718,2025-04-14,crm
7447,Baltic Services GmbH,FI,FI 5278 5153,2024-09-28,crm
7448,Global Distribution SpA,PL,  PL2279465711 ,2025-08-08,portail_client
7449,Hanse Services SA,PL,pl6654206516,2024-09-11,reprise_erp
7450,Lumen Materials SARL,FI,FI 9689 9929,2024-03-29,reprise_erp
7451,Verso Materials SA,BE,BE0285529990,2025-08-28,import_fournisseur
7452,Textil Materials Sp. z o.o.,PT,PT80485437,2025-09-02,saisie_manuelle
7453,Alpine Industries GmbH,NL,NL609328219B77,2024-12-13,portail_client
7454,Delta Consulting SARL,LU,LU47013638,2024-06-26,crm
7455,Cobalt Logistics Lda,IT,IT59993176037,2024-04-16,crm
7456,Corvus Distribution AB,NL,NL.090014467B74,2024-05-13,crm
7457,Corvus Consulting SpA,FR,  FR90609549772 ,2024-02-03,saisie_manuelle
7458,Delta Technologies BV,SE,SE 3402 77131901,2024-04-11,saisie_manuelle
7459,Azur Transports SARL,SE,SE522079411601,2024-05-04,portail_client
7460,Ardent Distribution Oy,SE,SE158638796001,2025-07-29,saisie_manuelle
7461,Meridian Industries Sp. z o.o.,BE,BE 1365 280740,2025-02-15,portail_client
7462,Atlantic Materials SAS,BE,BE15479654916,2024-09-11,reprise_erp
7463,Lusitania Materials SA,PL,PL7207785309,2024-11-27,portail_client
7464,Lusitania Materials SA,FR,01749637692,2024-03-11,portail_client
7465,Baltic Trading Oy,SE,se104836398801,2024-07-06,reprise_erp
7466,Fabrica Technologies GmbH,SE,SE648452019601,2025-06-19,import_fournisseur
7467,Hanse Materials AB,FI,FI74599498,2024-06-08,import_fournisseur
7468,Meridian Consulting SA,LU,LU78018330,2025-03-12,reprise_erp
7469,Fabrica Foods SAS,IT,IT04717669180,2025-03-29,crm
7470,Alpine Foods Sp. z o.o.,SE,SE-464624152301,2024-11-27,saisie_manuelle
7471,Corvus Consulting SA,BE,1430928162,2025-05-11,crm
7472,Papyrus Foods A/S,PL,PL5002961807,2025-08-17,saisie_manuelle
7473,Orion Foods SA,NL,NL954036293B9,2024-01-28,import_fournisseur
7474,Lusitania Industries BV,FI,FI38392855,2024-01-24,portail_client
7475,Batavia Technologies A/S,FR,FR945M6213148,2025-09-27,saisie_manuelle
7476,Fabrica Logistics Oy,FR,FR 5962 5038172,2024-11-07,import_fournisseur
7477,Global Technologies AB,LU,LU52451336,2024-04-23,reprise_erp
7478,Verso Consulting AB,PL,PL7270626807,2025-06-07,crm
7479,Prima Technologies SpA,NL,NL975590716B19,2024-05-16,saisie_manuelle
7480,Corvus Foods NV,BE,BE0O44591992,2024-12-22,crm
7481,Azur Logistics AB,FR,FR-53209351751,2024-07-13,portail_client
7482,Fabrica Services BV,BE,0211236108,2024-09-24,portail_client
7483,Solaris Technologies A/S,DK,DK84573194,2024-07-15,import_fournisseur
7484,Verso Services Sp. z o.o.,FR,FR85254997472,2024-06-05,reprise_erp
7485,Azur Transports SpA,IT,IT86472224483,2024-07-20,crm
7486,Vela Foods AB,FR,  FR25941805661 ,2024-10-23,portail_client
7487,Ardent Foods BV,PL,PL4021146892,2025-05-19,import_fournisseur
7488,Lumen Transports GmbH,NL,NL64631H683B34,2024-11-14,portail_client
7489,Global Consulting Sp. z o.o.,FI,FI21256566,2024-05-17,saisie_manuelle
7490,Vela Services SA,FI,FI32659010,2025-07-13,crm
7491,Verso Consulting SAS,FR,N/A,2025-03-16,saisie_manuelle
7492,Papyrus Trading SpA,LU,LU-27934159,2024-06-24,crm
7493,Azur Technologies AB,LU,LU500983H2,2025-02-27,saisie_manuelle
7494,Atlantic Industries NV,LU,LU54724472,2024-08-16,import_fournisseur
7495,Alpine Services A/S,FI,FI083705912,2024-05-06,crm
7496,Granit Technologies BV,SE,SE-088516718901,2024-06-24,crm
7497,Prima Trading Oy,IT,IT54902317095,2024-09-10,crm
7498,Fabrica Materials GmbH,FR,FR60832898955,2024-09-10,portail_client
7499,Global Foods NV,IT,IT5221J195614,2024-05-20,import_fournisseur
7500,Meridian Industries AB,BE,BE1305144007,2024-11-04,portail_client
7501,Corvus Trading SA,PL,  PL9839841746 ,2024-04-04,crm
7502,Vertex Logistics AB,PT,PT533584020,2025-02-19,import_fournisseur
7503,Corvus Industries AB,PT,PT745548229,2024-05-10,import_fournisseur
7504,Metallo Services Oy,LU,LU368303216,2025-07-25,import_fournisseur
7505,Textil Logistics SA,BE,BE0685445642,2025-08-02,import_fournisseur
7506,Corvus Materials AB,DK,DK79614068,2025-07-06,portail_client
7507,Vela Materials Sp. z o.o.,NL,NL344551301B41,2024-10-13,import_fournisseur
7508,Lusitania Trading GmbH,FI,FI74643543,2024-10-10,reprise_erp
7509,Baltic Consulting SA,NL,NL-853760470B49,2024-04-03,portail_client
7510,Textil Transports GmbH,FI,FI19121806,2025-03-09,reprise_erp
7511,Lusitania Logistics AB,IT,IT-29475292198,2024-03-15,portail_client
7512,Ardent Foods A/S,IT,IT 4383 5792961,2024-06-25,import_fournisseur
7513,Azur Services SpA,DK,  DK66763803 ,2024-07-23,import_fournisseur
7514,Cobalt Materials BV,PL,8641163734,2025-04-13,saisie_manuelle
7515,Lumen Materials NV,FR,fr61846311016,2025-03-19,reprise_erp
7516,Granit Technologies Sp. z o.o.,FR,  FR78400969795 ,2025-08-31,crm
7517,Cobalt Transports SARL,UK,UK98260609932,2024-08-24,saisie_manuelle
7518,Cobalt Materials NV,PL,PL4296798907,2024-11-06,reprise_erp
7519,Vertex Transports Sp. z o.o.,FR,FR51885747268,2024-12-07,portail_client
7520,Baltic Materials BV,NL,nl970280932b14,2024-01-01,portail_client
7521,Baltic Services SA,PT,PT.468948511,2025-06-11,reprise_erp
7522,Corvus Foods SAS,PL,PL7770034016,2024-06-28,portail_client
7523,Delta Transports NV,NL,NL510648916B97,2024-12-20,saisie_manuelle
7524,Vertex Transports Lda,FI,FIJ8844231,2025-09-08,reprise_erp
7525,Delta Trading Sp. z o.o.,LU,LU87011652,2024-10-30,portail_client
7526,Metallo Materials Oy,PL,PL2924764449,2025-02-04,portail_client
7527,Granit Trading BV,FR,FR-43826875605,2024-11-25,saisie_manuelle
7528,Ardent Consulting A/S,SE,SE705909023801,2024-08-20,portail_client
7529,Cobalt Technologies NV,NL,NL099407987B32,2024-12-16,crm
7530,Hanse Foods SARL,PT,PT216235073,2025-04-16,reprise_erp
7531,Vela Industries BV,FR,FR81823017475,2025-01-17,saisie_manuelle
7532,Ardent Transports SAS,PT,  PT219744378 ,2024-11-14,import_fournisseur
7533,Metallo Industries Sp. z o.o.,PL,PL3764797878,2024-03-15,crm
7534,Global Distribution Sp. z o.o.,PT,PT900115718,2025-05-25,import_fournisseur
7535,Vertex Trading BV,LU,LU95094569,2025-07-08,import_fournisseur
7536,Granit Logistics SARL,PT,PT594001579,2024-02-20,import_fournisseur
7537,Alpine Transports BV,IT,IT566896834410,2025-03-20,saisie_manuelle
7538,Metallo Distribution BV,LU,LU 4250 0025,2024-12-28,import_fournisseur
7539,Atlantic Industries NV,FI,FI77187088,2025-07-03,import_fournisseur
7540,Delta Logistics BV,FR,  FR49198369636 ,2025-08-02,import_fournisseur
7541,Papyrus Industries BV,BE,be0889006483,2025-06-14,crm
7542,Vela Logistics SpA,SE,SE-435187627301,2025-03-07,saisie_manuelle
7543,Meridian Technologies AB,BE,BE0M49557089,2024-02-15,portail_client
7544,Azur Technologies GmbH,BE,BE1267701611,2024-07-07,reprise_erp
7545,Global Logistics Oy,DK,DK87927059,2024-04-15,crm
7546,Granit Industries NV,IT,IT.53680520532,2024-01-06,saisie_manuelle
7547,Fabrica Technologies GmbH,BE,BE 1769 956921,2024-07-13,import_fournisseur
7548,Prima Materials Sp. z o.o.,LU,  LU32598264 ,2025-09-09,portail_client
7549,Solaris Distribution A/S,PT,PT 7753 7660,2024-12-31,reprise_erp
7550,Vela Consulting AB,FR,FR93653758202,2024-07-05,import_fournisseur
7551,Kappa Services AB,PL,PL6838200015,2025-08-13,crm
7552,Orion Logistics BV,PL,PL8027205592,2024-12-31,import_fournisseur
7553,Kappa Transports AB,NL,  NL337703371B32 ,2025-07-26,portail_client
7554,Cobalt Transports A/S,LU,lu67405457,2024-12-27,portail_client
7555,Prima Industries Lda,PL,PL1030315401,2025-07-16,saisie_manuelle
7556,Fabrica Consulting SpA,DK,DK50549151,2024-09-08,portail_client
7557,Meridian Materials Oy,PT,PT365913367,2024-09-15,import_fournisseur
7558,Corvus Services A/S,LU,LU48813963,2024-02-01,reprise_erp
7559,Global Foods SA,SE,SE091710K38301,2024-05-18,saisie_manuelle
7560,Alpine Materials GmbH,DK,,2024-05-26,import_fournisseur
7561,Azur Consulting Lda,BE,BE1860463166,2025-08-21,saisie_manuelle
7562,Granit Distribution Oy,PL,PL7019406977,2024-08-18,reprise_erp
7563,Textil Technologies Oy,SE,SE88347342230O,2024-04-07,import_fournisseur
7564,Kappa Foods SpA,DK,30475011,2025-05-07,saisie_manuelle
7565,Global Materials NV,LU,LU17587915,2024-04-16,portail_client
7566,Corvus Distribution Sp. z o.o.,IT,IT68670574588,2025-03-19,reprise_erp
7567,Cobalt Technologies A/S,DK,dk78386355,2024-03-19,portail_client
7568,Orion Materials Lda,FI,FI60760820,2025-04-22,reprise_erp
7569,Batavia Trading AB,UK,UK89945968,2024-10-01,reprise_erp
7570,Kappa Consulting Oy,BE,BE1647864110,2024-05-17,saisie_manuelle
7571,Lusitania Consulting A/S,SE,SE949675164601,2024-03-20,portail_client
7572,Global Trading SARL,GB,GB371338736701,2024-09-07,reprise_erp
7573,Lumen Services NV,FI,FI56238464,2024-09-19,import_fournisseur
7574,Vertex Distribution BV,DK,DK07411200,2024-11-17,portail_client
7575,Cobalt Consulting SA,BE,BE0293226644,2025-06-17,saisie_manuelle
7576,Atlantic Distribution Oy,IT,IT38879851574,2025-04-05,saisie_manuelle
7577,Nord Logistics GmbH,DK,DK878276G1,2025-04-22,import_fournisseur
7578,Ardent Services SARL,FI,FI72541796,2024-01-16,reprise_erp
7579,Baltic Services AB,FI,FI12225821,2024-06-09,saisie_manuelle
7580,Metallo Technologies SA,LU,LU24911706,2024-05-25,portail_client
7581,Hanse Consulting SA,SE,SE370633672801,2025-04-11,portail_client
7582,Solaris Transports NV,PT,PT.369152603,2024-06-01,crm
7583,Kappa Consulting Sp. z o.o.,BE,BE0922183651,2025-04-08,reprise_erp
7584,Fabrica Industries AB,PT,PT349256977,2024-05-01,portail_client
7585,Ardent Technologies SA,NL,  NL363463689B15 ,2024-07-27,saisie_manuelle
7586,Prima Consulting Oy,SE,  SE402991695601 ,2025-07-18,crm
7587,Alpine Industries AB,PL,PL69H2393757,2025-03-04,crm
7588,Solaris Services GmbH,SE,SE998483182201,2024-04-14,crm
7589,Azur Distribution GmbH,NL,NL377467967B69,2025-02-02,reprise_erp
7590,Global Consulting GmbH,LU,LU41185148,2025-06-25,reprise_erp
7591,Meridian Distribution SA,IT,30289712470,2025-09-24,portail_client
7592,Corvus Industries SARL,PL,7303967928,2025-06-16,saisie_manuelle
7593,Nord Technologies Oy,FI,FI10092359,2025-02-28,saisie_manuelle
7594,Baltic Consulting Oy,BE,  BE1786764546 ,2025-06-22,saisie_manuelle
7595,Baltic Distribution SARL,FI,FI34441621,2025-05-04,import_fournisseur
7596,Prima Trading Oy,NL,NL727942385B52,2024-04-25,saisie_manuelle
7597,Prima Industries BV,LU,LU50550877,2025-08-15,saisie_manuelle
7598,Nord Consulting SpA,NL,nl893567796b69,2025-06-02,import_fournisseur
7599,Alpine Services GmbH,ZZ,ZZ03228423454,2025-06-12,import_fournisseur
7600,Corvus Foods SARL,SE,  SE299956099401 ,2025-08-19,portail_client
7601,Nord Industries SA,PT,PT755024877,2025-02-02,crm
7602,Meridian Consulting SARL,PT,PT567803087,2024-03-10,crm
7603,Global Trading Oy,LU,LU26314258,2024-05-18,crm
7604,Kappa Technologies BV,QQ,QQ51948394,2024-04-04,reprise_erp
7605,Baltic Consulting NV,FI,FI07310068,2024-09-08,portail_client
7606,Textil Industries AB,PL,PL3130346980,2024-03-28,crm
7607,Orion Trading SARL,BE,BE180007354,2025-08-19,portail_client
7608,Delta Technologies BV,FR,FR38283991112,2024-09-03,portail_client
7609,Verso Materials NV,PL,PL9257722783,2024-08-05,portail_client
7610,Global Distribution SpA,PT,PT837889456,2024-11-02,saisie_manuelle
7611,Vertex Industries SARL,IT,IT8822418848,2024-11-19,saisie_manuelle
7612,Baltic Materials GmbH,FI,81210156,2025-08-08,reprise_erp
7613,Atlantic Logistics SA,LU,LU26419846,2024-02-11,saisie_manuelle
7614,Ardent Transports Lda,LU,LU58125585,2025-07-18,import_fournisseur
7615,Hanse Services BV,IT,IT439051216K6,2024-05-08,crm
7616,Vertex Trading SA,NL,NL829888287B83,2025-06-28,crm
7617,Kappa Materials A/S,LU,LU79805076,2025-09-21,portail_client
7618,Textil Consulting GmbH,PL,PL3420944011,2024-11-09,crm
7619,Vertex Foods Oy,SE,SE209255739201,2025-08-10,import_fournisseur
7620,Batavia Trading Sp. z o.o.,IT,IT05542949169,2025-01-27,import_fournisseur
7621,Metallo Foods SpA,BE,BE1611493167,2024-11-09,saisie_manuelle
7622,Papyrus Trading AB,DK,DK69380468,2025-07-26,crm
7623,Ardent Foods NV,SE,SE468856777701,2024-07-25,crm
7624,Global Distribution BV,PL,PL60347837220,2024-02-16,crm
7625,Vela Consulting Sp. z o.o.,FR,FR46430491J05,2024-01-07,import_fournisseur
7626,Lusitania Consulting SARL,PL,PL5904205079,2024-07-10,import_fournisseur
7627,Kappa Transports GmbH,FI,FI64524815,2024-02-06,import_fournisseur
7628,Orion Foods SARL,PL,PL3611432397,2025-08-16,saisie_manuelle
7629,Batavia Services SpA,NL,NL301648633B36,2025-06-24,import_fournisseur
7630,Baltic Distribution Lda,FI,  FI14459824 ,2025-01-15,reprise_erp
7631,Prima Consulting SpA,PT,PT363140794,2024-03-19,reprise_erp
7632,Kappa Distribution GmbH,FR,FR314979400656,2025-05-13,reprise_erp
7633,Metallo Foods SAS,IT,IT-68676561217,2025-08-12,import_fournisseur
7634,Papyrus Services GmbH,SE,486602710701,2024-05-27,saisie_manuelle
7635,Granit Trading SA,SE,SE.092342489901,2024-05-21,portail_client
7636,Vertex Foods SA,BE,BE0513701805,2024-06-15,saisie_manuelle
7637,Batavia Trading SpA,NL,NL.076671124B03,2024-06-08,saisie_manuelle
7638,Prima Logistics SAS,SE,SE501546727501,2024-03-30,saisie_manuelle
7639,Textil Distribution SA,DK,DK31624382,2024-09-28,reprise_erp
7640,Orion Materials SAS,DK,DK39845164,2025-04-01,reprise_erp
7641,Nord Distribution SAS,SE,-,2025-09-21,reprise_erp
7642,Kappa Trading AB,PL,PL9265609138,2024-03-11,saisie_manuelle
7643,Metallo Transports SAS,LU,LU10446871,2025-03-27,import_fournisseur
7644,Batavia Trading SpA,LU,LU91120472,2024-07-22,import_fournisseur
7645,Baltic Logistics A/S,IT,IT 2419 0881284,2024-12-02,saisie_manuelle
7646,Metallo Logistics A/S,FR,FR51691296121,2024-04-04,saisie_manuelle
7647,Batavia Services Lda,LU,LU80150358,2024-10-15,crm
7648,Batavia Consulting BV,DK,DK356598895,2024-12-10,import_fournisseur
7649,Metallo Foods Sp. z o.o.,IT,IT57165523469,2025-07-04,portail_client
7650,Alpine Technologies Sp. z o.o.,IT,IT96871303651,2024-03-09,reprise_erp
7651,Granit Transports GmbH,FR,FR 5182 3648353,2024-02-27,import_fournisseur
7652,Ardent Materials BV,SE,SE.328575176801,2025-04-25,portail_client
7653,Textil Distribution NV,NL,NL-728450525B78,2024-09-18,crm
7654,Delta Trading SAS,GB,GB0373879372,2025-04-24,saisie_manuelle
7655,Delta Distribution BV,PL,PL7776075088,2024-03-28,import_fournisseur
7656,Papyrus Distribution Sp. z o.o.,FI,FI90403451,2025-05-15,portail_client
7657,Baltic Trading BV,PL,PL9855186199,2024-10-14,saisie_manuelle
7658,Prima Transports AB,IT,IT196660810398,2024-01-04,portail_client
7659,Metallo Services NV,DK,  DK06560938 ,2024-02-22,portail_client
7660,Lusitania Trading Sp. z o.o.,PL,PL2949879035,2024-09-16,saisie_manuelle
7661,Atlantic Industries NV,DK,DK67767070,2024-06-25,saisie_manuelle
7662,Prima Technologies NV,NL,NL912210357B49,2024-05-29,reprise_erp
7663,Lumen Materials SARL,FI,FI-92245645,2025-06-09,crm
7664,Baltic Distribution Lda,FR,FR913071997704,2024-07-09,saisie_manuelle
7665,Azur Services Lda,LU,lu45358743,2024-12-07,reprise_erp
7666,Verso Consulting GmbH,DK,DK-92116034,2025-08-21,reprise_erp
7667,Textil Foods Sp. z o.o.,SE,SE326148068901,2025-02-04,reprise_erp
7668,Vertex Services SARL,PL,pl6316157786,2025-08-20,portail_client
7669,Textil Materials NV,IT,IT.40386435800,2025-05-03,reprise_erp
7670,Fabrica Consulting NV,XX,XX01022053167,2025-10-01,crm
7671,Lusitania Foods Sp. z o.o.,IT,IT30688432191,2024-07-08,reprise_erp
7672,Corvus Foods SAS,PL,PL7770034016,2024-06-19,crm
7673,Vertex Distribution AB,IT,IT529359709970,2024-03-22,portail_client
7674,Azur Transports Lda,FI,FI06669787,2024-11-04,saisie_manuelle
7675,Kappa Logistics NV,FR,FR91316656591,2025-03-15,crm
7676,Global Trading GmbH,SE,SE-060483199001,2025-01-14,crm
7677,Batavia Consulting SAS,FR,FR34117684530,2024-05-09,import_fournisseur
7678,Prima Consulting SpA,GB,GB44636972984,2024-02-28,crm
7679,Kappa Industries NV,DK,DK33157460,2024-07-12,crm
7680,Fabrica Foods A/S,DK,DK90299042,2024-10-16,crm
7681,Baltic Services NV,PT,PT.154362590,2024-07-09,reprise_erp
7682,Baltic Transports GmbH,FR,fr45907924958,2025-08-27,import_fournisseur
7683,Corvus Trading SAS,PL,PL-9295997607,2025-06-09,import_fournisseur
7684,Solaris Technologies SARL,PL,PL7489622869,2024-12-02,saisie_manuelle
7685,Nord Transports NV,LU,LU85162573,2025-06-07,reprise_erp
7686,Corvus Logistics SA,DK,DK43060368,2025-04-11,import_fournisseur
7687,Cobalt Materials BV,LU,lu99563682,2025-04-07,import_fournisseur
7688,Fabrica Technologies A/S,LU,LU97501318,2024-08-21,saisie_manuelle
7689,Meridian Materials Oy,LU,LU86257374,2025-03-19,crm
7690,Corvus Technologies Lda,BE,1430572925,2025-08-04,portail_client
7691,Hanse Trading GmbH,PL,PL 9676 937536,2025-10-01,portail_client
7692,Granit Materials A/S,FI,FI733225024,2025-04-23,crm
7693,Baltic Services A/S,SE,SE062159944701,2024-02-29,reprise_erp
7694,Atlantic Distribution SARL,DK,DK-33455232,2024-04-18,crm
7695,Baltic Materials SARL,SE,SE362524758401,2025-06-04,crm
7696,Kappa Technologies NV,IT,it63097549818,2024-02-14,saisie_manuelle
7697,Vela Technologies Lda,DK,DK.65551772,2025-08-31,import_fournisseur
7698,Baltic Transports Oy,IT,,2025-08-23,reprise_erp
7699,Delta Transports Lda,PT,  479254400 ,2025-08-21,crm
7700,Lusitania Consulting Lda,SE,SE4111880O3401,2025-01-11,reprise_erp
7701,Hanse Logistics SAS,SE,SE477917762701,2024-09-25,reprise_erp
7702,Baltic Materials BV,PT,null,2025-08-19,saisie_manuelle
7703,Textil Foods AB,PT,  PT694579424 ,2024-04-18,saisie_manuelle
7704,Corvus Transports Sp. z o.o.,PL,PL9311558571,2024-11-10,reprise_erp
7705,Corvus Consulting SAS,DK,DK31548403,2025-05-25,import_fournisseur
7706,Cobalt Trading A/S,FI,FI44667718,2025-01-15,portail_client
7707,Alpine Trading AB,SE,SE676G78566001,2024-06-11,crm
7708,Solaris Technologies Oy,LU, ,2024-06-07,crm
7709,Granit Technologies SpA,NL,NL611223468B78,2024-02-10,reprise_erp
7710,Atlantic Industries AB,DK,  DK90267450 ,2025-07-11,portail_client
7711,Vertex Consulting NV,PL,PL2634826432,2025-07-26,import_fournisseur
7712,Fabrica Industries SpA,FI,60165499,2025-06-17,saisie_manuelle
7713,Meridian Foods SAS,SE,SE203970051901,2024-07-15,crm
7714,Baltic Consulting NV,SE, ,2024-01-01,crm
7715,Corvus Transports GmbH,SE,SE212131992401,2025-01-24,import_fournisseur
7716,Fabrica Foods Sp. z o.o.,SE,SE61606018M201,2025-07-16,portail_client
7717,Lusitania Foods NV,PT,pt167572938,2024-11-15,import_fournisseur
7718,Atlantic Services BV,FR,FR57119962613,2025-07-26,import_fournisseur
7719,Atlantic Trading Oy,SE,se845944593101,2025-07-16,reprise_erp
7720,Ardent Materials SAS,IT,it38379413263,2025-09-24,crm
7721,Textil Logistics GmbH,IT,IT45125504039,2024-06-06,import_fournisseur
7722,Vertex Industries SARL,BE,BE1779461040,2024-09-20,import_fournisseur
7723,Cobalt Materials Oy,DK,DK61484795,2024-10-26,import_fournisseur
7724,Fabrica Industries BV,LU,null,2024-10-24,portail_client
7725,Orion Distribution SARL,FR,FR27574783108,2024-01-22,portail_client
7726,Fabrica Services SpA,PL,PL559G677202,2024-02-29,saisie_manuelle
7727,Cobalt Materials GmbH,SE,SE354534213501,2024-08-21,saisie_manuelle
7728,Hanse Consulting GmbH,PT,pt303441429,2025-07-14,saisie_manuelle
7729,Atlantic Distribution Sp. z o.o.,LU,LU21652173,2024-03-10,reprise_erp
7730,Meridian Services AB,IT,IT27525324045,2025-07-11,portail_client
7731,Delta Materials Oy,SE,SE166339162901,2024-09-07,import_fournisseur
7732,Prima Foods Sp. z o.o.,LU,LU506321K0,2024-11-25,import_fournisseur
7733,Vertex Foods Lda,FR,FR19937730109,2024-02-07,portail_client
7734,Prima Distribution A/S,BE,BE1715592303,2024-09-11,import_fournisseur
7735,Textil Logistics SARL,FR,fr31539992863,2025-09-16,import_fournisseur
7736,Lusitania Logistics SARL,FR,FR95285127971,2024-01-31,saisie_manuelle
7737,Global Foods Sp. z o.o.,LU,LUJ2918746,2024-02-08,reprise_erp
7738,Corvus Transports SpA,IT,IT-64156663763,2025-02-13,saisie_manuelle
7739,Kappa Industries GmbH,UK,UK71915938945,2024-10-06,portail_client
7740,Granit Industries A/S,PT,PT492941327,2025-08-14,saisie_manuelle
7741,Atlantic Industries Oy,NL,NL672431439B13,2025-08-27,import_fournisseur
7742,Cobalt Services AB,PL,PL274309688,2024-11-27,saisie_manuelle
7743,Cobalt Distribution Sp. z o.o.,SE,SE776724J14101,2024-11-18,saisie_manuelle
7744,Corvus Technologies AB,BE,BE1386654095,2024-07-02,saisie_manuelle
7745,Lusitania Transports SA,PT,PT199967784,2024-09-29,saisie_manuelle
7746,Alpine Materials SAS,DK,,2025-05-22,import_fournisseur
7747,Prima Technologies AB,BE,BE1574150048,2024-11-05,crm
7748,Azur Distribution AB,PT,PT404673716,2025-02-06,portail_client
7749,Orion Materials AB,LU,LU17951805,2025-01-20,saisie_manuelle
7750,Orion Trading SAS,PT,PT962156779,2025-04-25,portail_client
7751,Solaris Consulting Sp. z o.o.,FI,FI52420322,2024-06-25,portail_client
7752,Verso Foods SpA,PL,PL3102434972,2024-10-16,portail_client
7753,Nord Industries SAS,BE,BE1763604708,2025-05-29,crm
7754,Solaris Transports Sp. z o.o.,ZZ,ZZ1257331816,2025-03-11,import_fournisseur
7755,Corvus Distribution AB,DK,DK57564563,2024-04-14,import_fournisseur
7756,Azur Technologies A/S,LU,87900945,2024-08-05,crm
7757,Papyrus Services A/S,LU,LU37201685,2025-09-25,import_fournisseur
7758,Textil Trading NV,LU,LU74930372,2024-05-05,reprise_erp
7759,Azur Industries GmbH,FI,FI25798338,2024-07-11,crm
7760,Nord Trading NV,PL,PL9440597495,2024-03-08,crm
7761,Textil Consulting A/S,PL,PL347265100H,2025-08-18,reprise_erp
7762,Cobalt Transports BV,SE,SE200005558801,2024-01-06,import_fournisseur
7763,Nord Logistics Oy,NL,NL909457943B55,2025-09-20,reprise_erp
7764,Delta Technologies SARL,FI,FI62249307,2025-02-13,import_fournisseur
7765,Azur Transports GmbH,PL,PL6851495720,2024-06-10,saisie_manuelle
7766,Metallo Transports SARL,LU,  LU75812725 ,2024-09-30,saisie_manuelle
7767,Lumen Distribution AB,BE,  BE1998687869 ,2024-06-12,saisie_manuelle
7768,Delta Foods GmbH,NL,nl093229859b43,2025-01-27,saisie_manuelle
7769,Delta Transports Lda,UK,UK71409686,2024-05-12,saisie_manuelle
7770,Orion Logistics NV,NL,NL193972236B45,2025-07-28,portail_client
7771,Baltic Foods Lda,PL,null,2024-02-12,crm
7772,Vela Consulting SAS,QQ,QQ12516023219,2024-09-18,crm
7773,Delta Consulting AB,IT,IT.76912070307,2024-06-03,import_fournisseur
7774,Granit Industries Lda,FR,FR.43669467691,2025-04-14,reprise_erp
7775,Metallo Industries Lda,IT,IT-32627437067,2024-12-27,crm
7776,Prima Distribution Oy,FR,FR47747525188,2024-06-21,portail_client
7777,Global Services SA,BE,BE0280780446,2024-12-03,import_fournisseur
7778,Textil Transports GmbH,DK,  DK08619727 ,2024-06-07,reprise_erp
7779,Hanse Transports Sp. z o.o.,SE,SE353881603801,2025-09-01,portail_client
7780,Meridian Transports Oy,FR,FR86684981263,2025-09-09,import_fournisseur
7781,Delta Logistics BV,SE,SE827236095301,2025-05-30,saisie_manuelle
7782,Alpine Distribution Sp. z o.o.,SE,se244002665201,2025-05-02,portail_client
7783,Batavia Materials Sp. z o.o.,GB,GB44891184,2024-08-08,saisie_manuelle
7784,Nord Technologies AB,NL,NL483339544B74,2024-01-22,reprise_erp
7785,Kappa Industries A/S,DK,DK19577425,2025-03-17,saisie_manuelle
7786,Metallo Distribution SARL,NL,NL532849371B89,2025-06-28,saisie_manuelle
7787,Azur Consulting A/S,FI,FI923542860,2025-06-23,reprise_erp
7788,Textil Services BV,IT,IT87800964253,2024-04-26,reprise_erp
7789,Alpine Technologies A/S,PL,PL6079513672,2024-07-21,saisie_manuelle
7790,Global Technologies Lda,PT,PT355255049,2024-06-01,crm
7791,Granit Technologies SAS,UK,UK101021355B82,2024-03-09,saisie_manuelle
7792,Global Distribution Oy,LU,LU25162724,2024-04-26,portail_client
7793,Lumen Trading SAS,IT,IT94229667392,2025-06-01,saisie_manuelle
7794,Fabrica Industries NV,SE,SE536868093901,2024-11-25,crm
7795,Atlantic Foods BV,IT,N/A,2024-10-17,import_fournisseur
7796,Orion Trading Lda,DK,DK72694708,2024-06-18,import_fournisseur
7797,Lusitania Transports A/S,IT,IT-47552322579,2025-04-07,reprise_erp
7798,Atlantic Transports SA,LU,lu55734830,2025-06-12,import_fournisseur
7799,Baltic Industries SA,IT,IT15350806798,2024-04-30,import_fournisseur
7800,Baltic Trading Oy,DK,DK72404769,2024-08-22,saisie_manuelle
7801,Delta Industries SARL,PL,PL4499319622,2024-01-28,saisie_manuelle
7802,Orion Trading Sp. z o.o.,QQ,QQ82542801806,2024-02-13,import_fournisseur
7803,Prima Consulting Oy,FI,FI70447435,2024-04-16,reprise_erp
7804,Corvus Materials Sp. z o.o.,BE,BE0746709166,2024-03-16,import_fournisseur
7805,Corvus Services GmbH,IT,IT47566995123,2025-08-09,reprise_erp
7806,Fabrica Industries SAS,FI,FI15803420,2024-03-07,reprise_erp
7807,Granit Transports SA,FI,FI44323522,2025-07-09,portail_client
7808,Corvus Distribution GmbH,SE,SE608453771801,2024-04-30,saisie_manuelle
7809,Delta Trading Sp. z o.o.,IT,IT-25356106689,2024-03-04,reprise_erp
7810,Global Materials Sp. z o.o.,FI,FI89184617,2024-11-29,saisie_manuelle
7811,Delta Distribution A/S,FR,FR90431506469,2025-02-10,reprise_erp
7812,Lumen Consulting AB,LU,lu54965176,2024-12-27,crm
7813,Verso Distribution BV,PL,PL1349816656,2025-03-02,saisie_manuelle
7814,Verso Materials Sp. z o.o.,PT,PT1250735260,2024-11-16,portail_client
7815,Alpine Distribution Oy,BE,be0746905443,2024-07-26,portail_client
7816,Global Logistics AB,FR,FR22852060969,2024-02-27,portail_client
7817,Delta Trading AB,DK,dk53775845,2024-11-02,portail_client
7818,Orion Industries SAS,PL,PL2875252033,2024-12-09,saisie_manuelle
7819,Lumen Consulting SARL,FR,  FR70640546019 ,2025-07-31,import_fournisseur
7820,Granit Trading Sp. z o.o.,PL,PL8864849560,2024-08-28,portail_client
7821,Azur Transports Sp. z o.o.,BE,BE1941991270,2024-04-23,crm
7822,Prima Foods NV,PL,pl1524029668,2025-04-10,saisie_manuelle
7823,Verso Transports SARL,DK,DK 7859 6961,2025-08-08,reprise_erp
7824,Granit Transports Lda,FI,FI21563849,2024-08-10,reprise_erp
7825,Vertex Consulting SA,DK,DK91608898,2024-11-16,portail_client
7826,Nord Trading Sp. z o.o.,FI,FI65430183,2024-12-06,crm
7827,Alpine Foods SpA,IT,IT12486410338,2024-11-05,reprise_erp
7828,Meridian Distribution Sp. z o.o.,UK,UK793725844,2025-02-05,crm
7829,Baltic Services BV,PT,PT452249589,2025-01-01,reprise_erp
7830,Textil Trading BV,NL,NL761936841B08,2025-02-21,reprise_erp
7831,Batavia Industries SA,FI,FI.84714499,2025-06-18,crm
7832,Cobalt Materials Lda,FI,FI69346616,2024-01-23,import_fournisseur
7833,Batavia Foods SA,FI,FI82319145,2024-12-14,crm
7834,Papyrus Logistics SARL,PT,PT313338876,2024-04-13,portail_client
7835,Corvus Materials AB,PL,PL3494338749,2024-08-12,crm
7836,Meridian Consulting Lda,FR,FR27892149357,2025-04-04,reprise_erp
7837,Nord Distribution SpA,BE,BE0450378620,2024-06-22,saisie_manuelle
7838,Vela Transports SAS,QQ,QQ64314970722,2024-01-02,saisie_manuelle
7839,Prima Distribution SA,FR,FR56852182780,2025-08-04,import_fournisseur
7840,Papyrus Materials BV,DK,DK266765H3,2025-09-07,portail_client
7841,Azur Industries AB,LU,LU68137176,2025-04-20,import_fournisseur
7842,Hanse Industries BV,LU,LU88155308,2024-09-06,import_fournisseur
7843,Baltic Trading NV,BE,BE029924371,2024-11-01,crm
7844,Verso Technologies BV,PL,PL6070009071,2025-05-06,saisie_manuelle
7845,Metallo Industries NV,PT,PT692995919,2025-05-04,saisie_manuelle
7846,Metallo Industries GmbH,IT,  IT36586305769 ,2024-12-16,portail_client
7847,Solaris Logistics SpA,PT,PT859370364,2025-08-08,portail_client
7848,Textil Industries AB,SE,SE711461623301,2025-06-28,saisie_manuelle
7849,Cobalt Technologies AB,FR,FR15417414475,2024-04-06,reprise_erp
7850,Textil Logistics Oy,QQ,QQ1402527552,2024-09-28,reprise_erp
7851,Vela Industries SA,PT,PT343992671,2025-07-19,crm
7852,Fabrica Consulting SARL,FI,FI6598120,2025-06-08,crm
7853,Azur Logistics Oy,SE,SE37475359650,2025-02-06,crm
7854,Verso Distribution AB,SE,SE0K5012936701,2025-01-01,crm
7855,Cobalt Consulting SA,DK,DK84629313,2024-04-08,portail_client
7856,Global Foods AB,BE,BE 1777 021687,2024-01-06,portail_client
7857,Prima Consulting A/S,FI,FI878G8514,2025-03-17,reprise_erp
7858,Papyrus Logistics Oy,PT,PT943953769,2024-02-13,reprise_erp
7859,Azur Technologies A/S,NL,NL746782913B54,2024-01-05,reprise_erp
7860,Metallo Foods A/S,IT,it09074902033,2024-12-15,crm
7861,Vertex Logistics NV,LU,LU29067782,2025-04-14,portail_client
7862,Delta Distribution NV,NL,  NL624689505B30 ,2024-10-28,portail_client
7863,Cobalt Logistics SARL,NL,NL444671213B24,2025-01-08,saisie_manuelle
7864,Verso Transports SA,SE,SE604126160001,2025-03-12,saisie_manuelle
7865,Nord Technologies A/S,BE,BE.0930637301,2025-02-09,import_fournisseur
7866,Fabrica Industries A/S,GB,GB36114193840,2024-03-07,portail_client
7867,Atlantic Consulting GmbH,PT,PT325465803,2024-05-22,reprise_erp
7868,Meridian Consulting A/S,SE,SE-011803412301,2025-09-09,import_fournisseur
7869,Textil Consulting SARL,NL,NL922929610B40,2025-01-07,crm
7870,Azur Logistics GmbH,LU,LU85365376,2024-10-30,saisie_manuelle
7871,Batavia Transports SAS,NL,NL631893350B19,2024-11-23,import_fournisseur
7872,Delta Materials SAS,FR,FR48181921281,2025-03-03,crm
7873,Delta Distribution SAS,IT,IT.78041956083,2024-11-29,saisie_manuelle
7874,Vertex Services A/S,SE,SE.272741028001,2025-02-10,crm
7875,Delta Technologies SARL,LU,LU40274217,2024-06-03,crm
7876,Hanse Consulting A/S,NL,  NL772179839B13 ,2024-03-02,crm
7877,Prima Transports SAS,IT,-,2024-06-22,import_fournisseur
7878,Textil Transports Oy,FR,FR 6533 1493961,2024-01-15,import_fournisseur
7879,Metallo Technologies Oy,DK,DK12629202,2025-06-06,reprise_erp
7880,Verso Consulting SA,LU,38533958,2024-01-17,reprise_erp
7881,Delta Logistics A/S,IT,it04119537902,2025-05-05,portail_client
7882,Azur Foods Lda,FI,FI28591703,2025-06-15,portail_client
7883,Lumen Industries NV,SE,SE863815150501,2025-01-07,crm
7884,Hanse Consulting SA,NL,NL192745001B59,2024-12-21,import_fournisseur
7885,Lumen Consulting NV,IT,IT61398643850,2025-07-02,import_fournisseur
7886,Batavia Industries Oy,BE,BE0727J92211,2025-01-28,portail_client
7887,Ardent Services AB,IT,IT79564867939,2024-12-07,reprise_erp
7888,Alpine Services SAS,GB,GB713562328B14,2025-05-17,saisie_manuelle
7889,Vertex Foods SA,PT,PT48318957,2024-12-24,import_fournisseur
7890,Solaris Distribution BV,IT,85910664359,2024-01-26,saisie_manuelle
7891,Corvus Consulting SARL,FI,FI58453213,2024-04-17,crm
7892,Prima Technologies BV,BE,BE.0471870059,2025-08-25,import_fournisseur
7893,Lumen Services SAS,FI,FI54229812,2025-05-23,reprise_erp
7894,Solaris Services SARL,PT,PT234548509,2025-07-27,crm
7895,Azur Technologies NV,FR,FR10342516279,2024-02-20,reprise_erp
7896,Cobalt Industries Lda,BE,BE1603507394,2025-02-01,import_fournisseur
7897,Global Transports GmbH,SE,  SE175707896701 ,2025-05-21,import_fournisseur
7898,Verso Logistics A/S,FI,  FI50964684 ,2025-06-26,saisie_manuelle
7899,Prima Services Sp. z o.o.,FI,FI30226916,2024-02-25,portail_client
7900,Hanse Consulting SA,NL,NL-147430975B58,2025-05-14,crm
7901,Ardent Transports NV,LU,LU 8569 1422,2024-06-15,import_fournisseur
7902,Meridian Transports SpA,BE,BE0742130271,2025-02-13,portail_client
7903,Nord Industries Oy,BE,  BE0689391470 ,2024-07-29,reprise_erp
7904,Kappa Technologies BV,DK,DK 2165 2113,2025-08-27,saisie_manuelle
7905,Lusitania Transports BV,DK,DK69390579,2024-02-25,saisie_manuelle
7906,Solaris Technologies SARL,SE,,2025-02-16,portail_client
7907,Prima Foods Lda,SE,SE817559500101,2024-04-11,saisie_manuelle
7908,Fabrica Technologies Oy,GB,GB15615549,2024-07-30,reprise_erp
7909,Kappa Consulting BV,BE,BE-1620626114,2024-06-22,crm
7910,Corvus Trading Sp. z o.o.,LU,lu19412112,2024-08-28,reprise_erp
7911,Solaris Trading Oy,LU,-,2024-10-20,reprise_erp
7912,Azur Technologies SA,SE,SE497981515801,2024-05-17,saisie_manuelle
7913,Global Distribution SAS,IT,IT02115023455,2024-07-13,crm
7914,Delta Technologies A/S,SE,SE605096457301,2024-09-10,reprise_erp
7915,Atlantic Distribution NV,FI,FI788673258,2024-12-07,portail_client
7916,Textil Technologies Oy,DK,DK-95518214,2024-11-24,portail_client
7917,Delta Materials Lda,DK,DK66501124,2024-10-16,saisie_manuelle
7918,Global Logistics GmbH,DK,  DK23641321 ,2024-08-09,reprise_erp
7919,Granit Foods SAS,FR,FR27563613461,2025-04-11,crm
7920,Prima Foods SpA,SE,SE113039722501,2024-02-20,saisie_manuelle
7921,Meridian Distribution AB,PT,pt830588248,2025-05-04,reprise_erp
7922,Metallo Consulting SA,IT,IT44452408695,2024-01-27,reprise_erp
7923,Alpine Foods BV,PT,PT516258443,2024-01-30,portail_client
7924,Lumen Trading SpA,PT,PT332834050,2025-02-06,portail_client
7925,Kappa Trading GmbH,PT,PT619469090,2024-01-19,portail_client
7926,Lumen Transports GmbH,PL,PL4520662465,2024-04-03,import_fournisseur
7927,Solaris Services SA,BE,BE1945946001,2024-09-03,portail_client
7928,Verso Consulting SARL,FI,FI50108749,2025-06-11,portail_client
7929,Azur Transports Sp. z o.o.,BE,BE.1528693868,2025-04-21,portail_client
7930,Alpine Consulting Oy,FI,FI91136826,2024-02-17,crm
7931,Ardent Materials BV,PT,PT307553965,2024-08-21,crm
7932,Azur Transports SA,PL,PL63718K9050,2024-11-21,saisie_manuelle
7933,Delta Trading Lda,PT,PT678393427,2025-03-02,crm
7934,Meridian Transports A/S,LU,LU77957877,2024-10-31,saisie_manuelle
7935,Meridian Trading AB,DK,DK76290210,2025-03-11,crm
7936,Azur Transports SpA,FR,FR02338083501,2024-07-31,saisie_manuelle
7937,Batavia Foods SA,NL,634496700B91,2025-05-17,reprise_erp
7938,Lusitania Services BV,PT,PT309207738,2025-05-18,crm
7939,Atlantic Logistics Oy,PL,PL4820196300,2024-04-06,saisie_manuelle
7940,Textil Foods SA,IT,IT06845374540,2024-07-27,reprise_erp
7941,Hanse Logistics SA,PL,PL3216214537,2025-04-17,reprise_erp
7942,Azur Transports SpA,FI,fi53772119,2025-02-03,import_fournisseur
7943,Lumen Foods SARL,LU,LU77325826,2024-10-25,reprise_erp
7944,Azur Consulting AB,PT,PT721540740,2024-03-14,saisie_manuelle
7945,Metallo Foods A/S,DK,DK31685116,2024-04-15,portail_client
7946,Ardent Distribution Sp. z o.o.,PT,PT930943791,2025-04-03,crm
7947,Verso Materials AB,FI,  FI92253987 ,2025-01-20,reprise_erp
7948,Delta Foods BV,PL,PL3828190265,2024-08-16,reprise_erp
7949,Atlantic Trading Lda,DK,DK88743415,2024-05-02,reprise_erp
7950,Verso Transports SARL,LU,LU45599245,2025-08-31,portail_client
7951,Solaris Consulting GmbH,IT,IT1871396186,2024-11-02,crm
7952,Nord Transports GmbH,LU,LU47931J51,2024-04-13,reprise_erp
7953,Verso Industries Lda,SE,SE315104490901,2025-01-13,saisie_manuelle
7954,Vela Transports A/S,IT, ,2024-12-09,reprise_erp
7955,Lusitania Consulting Sp. z o.o.,PL,PL23973K5152,2025-04-20,crm
7956,Vertex Technologies Sp. z o.o.,FI,FI56817335,2024-07-04,import_fournisseur
7957,Vertex Foods Sp. z o.o.,LU,28711287,2024-04-11,crm
7958,Kappa Distribution SAS,NL,NL389568648B24,2024-01-12,saisie_manuelle
7959,Batavia Transports BV,XX,XX12777268372,2024-04-29,reprise_erp
7960,Azur Industries SA,SE,SE723382815601,2025-05-07,import_fournisseur
7961,Solaris Industries SA,DK,DK37243973,2024-10-14,import_fournisseur
7962,Papyrus Foods Oy,PL,PL3473399469,2025-07-17,portail_client
7963,Vertex Industries SAS,DK,90896997,2024-07-31,reprise_erp
7964,Nord Industries NV,DK,dk74459056,2025-02-06,reprise_erp
7965,Baltic Technologies GmbH,PT,PT.255752024,2025-01-11,crm
7966,Vertex Consulting Oy,FR,FR74970240128,2025-06-20,reprise_erp
7967,Orion Logistics Oy,FI,FI32651588,2024-06-15,saisie_manuelle
7968,Global Transports SpA,SE,SE494536947001,2025-09-07,portail_client
7969,Kappa Transports BV,SE,SE699472952501,2025-03-30,crm
7970,Corvus Technologies SpA,IT,17028113193,2024-10-07,crm
7971,Lusitania Materials Oy,DK,12408072,2024-12-24,portail_client
7972,Lusitania Services SARL,LU,LU52419170,2025-01-22,saisie_manuelle
7973,Granit Distribution BV,SE,SE25594607590,2024-02-01,portail_client
7974,Corvus Consulting Oy,BE,BE 1891 168517,2024-06-24,crm
7975,Baltic Materials NV,IT,IT94361987236,2024-08-26,saisie_manuelle
7976,Lusitania Distribution BV,DK,DK7169297,2025-07-30,import_fournisseur
7977,Prima Foods Lda,NL,NL751022858B21,2025-09-11,reprise_erp
7978,Kappa Logistics SAS,FR,FR75134228524,2025-06-05,saisie_manuelle
7979,Delta Distribution Sp. z o.o.,LU,-,2025-04-16,import_fournisseur
7980,Corvus Transports SARL,SE,SE265221003601,2024-03-12,saisie_manuelle
7981,Azur Services Lda,PL,PL8200376955,2024-09-07,portail_client
7982,Vertex Distribution SA,FI,FI765J3193,2025-03-17,reprise_erp
7983,Hanse Distribution SpA,IT,IT137924460673,2024-05-06,saisie_manuelle
7984,Atlantic Distribution Sp. z o.o.,FI,FI.55102215,2024-06-16,reprise_erp
7985,Azur Services SAS,SE,SE714741057001,2024-04-30,portail_client
7986,Metallo Industries AB,PL,PL84184775098,2025-07-19,saisie_manuelle
7987,Batavia Consulting A/S,FR,FR71633133990,2025-09-17,saisie_manuelle
7988,Orion Materials BV,SE,SE165342900101,2024-09-15,import_fournisseur
7989,Vela Materials Oy,SE,SE501113021701,2024-11-26,reprise_erp
7990,Fabrica Transports Sp. z o.o.,IT,IT38298151440,2024-02-24,portail_client
7991,Corvus Consulting BV,FR,FR-49840715276,2024-07-08,import_fournisseur
7992,Cobalt Foods Sp. z o.o.,SE,SE630161209701,2024-07-14,portail_client
7993,Textil Trading NV,NL,NL282207674B73,2025-06-15,portail_client
7994,Lusitania Materials GmbH,SE,se917166682001,2024-02-21,saisie_manuelle
7995,Papyrus Services BV,FR,  FR89892138740 ,2025-09-06,saisie_manuelle
7996,Textil Logistics NV,IT,IT23158453632,2024-06-30,import_fournisseur
7997,Lusitania Materials NV,LU,LU-16204565,2025-02-07,import_fournisseur
7998,Vertex Materials A/S,PL,PL 2066 310999,2024-03-04,saisie_manuelle
7999,Verso Consulting BV,FR,FR78327002542,2025-09-01,reprise_erp
8000,Lusitania Technologies SAS,NL,NL676518212B33,2024-07-24,reprise_erp
8001,Prima Services SpA,BE,BE.0692287218,2024-07-13,crm
8002,Atlantic Industries SA,PT,PT6170867961,2025-09-18,portail_client
8003,Vertex Industries NV,FR,fr02434690785,2025-01-26,saisie_manuelle
8004,Orion Technologies A/S,FR,FR-04470502248,2025-03-28,import_fournisseur
8005,Cobalt Trading Sp. z o.o.,FI,FI 2115 7189,2024-04-04,import_fournisseur
8006,Papyrus Transports SAS,IT,IT75635633201,2024-01-13,reprise_erp
8007,Lumen Distribution Oy,NL,NL733810652B04,2024-01-02,portail_client
8008,Global Logistics SAS,PL,PL.8603032390,2024-02-27,import_fournisseur
8009,Delta Materials NV,DK,dk31640253,2024-07-31,portail_client
8010,Fabrica Technologies A/S,FI,  FI64257543 ,2024-08-29,portail_client
8011,Textil Distribution AB,DK,DK69175104,2025-09-03,crm
8012,Batavia Services NV,PT,PT184112350,2024-07-25,crm
8013,Lusitania Distribution SAS,SE,SE0686633892015,2025-03-29,portail_client
8014,Solaris Materials Sp. z o.o.,DK,DK84731005,2025-03-17,saisie_manuelle
8015,Lumen Distribution BV,GB,GB961154519,2025-02-22,saisie_manuelle
8016,Atlantic Technologies Lda,NL,nl298647072b79,2024-10-10,saisie_manuelle
8017,Delta Foods NV,NL,NL138005333B89,2024-06-01,portail_client
8018,Vela Services SpA,DK,DK6228973,2024-06-08,portail_client
8019,Metallo Technologies GmbH,FR,FR50705076555,2025-05-26,saisie_manuelle
8020,Papyrus Trading Oy,BE,1115104971,2024-11-16,crm
8021,Metallo Services SARL,PT,PT88262677,2025-08-14,portail_client
8022,Metallo Logistics SARL,PL,PL7118468606,2024-04-28,portail_client
8023,Cobalt Technologies SAS,QQ,QQ34476825293,2024-04-23,reprise_erp
8024,Lumen Foods Lda,FI,FI13607258,2024-11-06,portail_client
8025,Hanse Transports A/S,PT,PT458113948,2025-03-22,import_fournisseur
8026,Meridian Logistics SpA,PL,PL5708776339,2025-01-12,reprise_erp
8027,Textil Services SpA,NL,NL323291213B86,2024-09-19,saisie_manuelle
8028,Prima Logistics SpA,LU,LU76458777,2025-05-25,saisie_manuelle
8029,Atlantic Transports BV,FR,FR09257883617,2025-08-06,import_fournisseur
8030,Atlantic Materials Oy,FR,FR052098721405,2024-11-15,saisie_manuelle
8031,Atlantic Services BV,BE,BE3661295046,2024-10-10,reprise_erp
8032,Azur Transports SA,BE,BE18519M7961,2025-01-06,import_fournisseur
8033,Ardent Industries SAS,IT,IT18375853431,2024-07-25,portail_client
8034,Lusitania Trading Sp. z o.o.,PT,PT245056742,2024-03-02,saisie_manuelle
8035,Metallo Distribution GmbH,PT,PT.148707246,2025-04-29,saisie_manuelle
8036,Vela Services Sp. z o.o.,DK,DK61523191,2024-05-20,reprise_erp
8037,Orion Distribution BV,PL,PL1481073733,2024-05-29,reprise_erp
8038,Papyrus Trading GmbH,FR,FR79856796728,2025-08-14,portail_client
8039,Metallo Industries A/S,SE,SE239559947109,2024-05-15,import_fournisseur
8040,Verso Industries Lda,FI,,2024-11-13,crm
8041,Global Trading NV,DK,DK9253M010,2024-01-07,crm
8042,Textil Technologies GmbH,SE,SE135193291601,2024-05-30,saisie_manuelle
8043,Ardent Consulting SARL,QQ,QQ03938109,2025-09-27,crm
8044,Hanse Industries AB,PL,PL1666399814,2024-01-06,reprise_erp
8045,Hanse Consulting A/S,PT,PT565563858,2025-08-29,crm
8046,Fabrica Logistics AB,FR,37930924593,2024-05-26,portail_client
8047,Textil Services BV,BE,,2024-03-10,import_fournisseur
8048,Hanse Transports Sp. z o.o.,FR,FR66769361823,2024-03-30,portail_client
8049,Kappa Logistics Sp. z o.o.,DK,83252138,2025-06-22,saisie_manuelle
8050,Vela Services SARL,FI,FI48380081,2025-06-26,import_fournisseur
8051,Baltic Distribution SAS,IT,19793191602,2025-03-05,import_fournisseur
8052,Vertex Industries SAS,NL,NL200447099BO1,2025-05-13,portail_client
8053,Fabrica Transports Lda,IT,IT.78537938553,2024-01-14,import_fournisseur
8054,Azur Foods SpA,BE,BE1436515065,2025-03-13,import_fournisseur
8055,Fabrica Distribution AB,SE,SE4034959K3101,2025-03-08,saisie_manuelle
8056,Alpine Industries SAS,ZZ,ZZ20573269744,2024-12-26,reprise_erp
8057,Lumen Distribution Lda,SE,SE988459570401,2025-03-10,reprise_erp
8058,Verso Industries A/S,BE,BE0683087658,2024-10-22,crm
8059,Textil Services SA,DK,24208435,2025-05-25,portail_client
8060,Verso Consulting GmbH,NL,NL022316954B79,2024-04-10,import_fournisseur
8061,Granit Transports SARL,FR,  FR10949409292 ,2025-03-29,import_fournisseur
8062,Lumen Services Oy,LU,LU 6542 2272,2025-06-17,portail_client
8063,Solaris Transports Sp. z o.o.,PT,PT147326494,2024-09-29,import_fournisseur
8064,Kappa Distribution SpA,DK,DK61006966,2025-09-26,saisie_manuelle
8065,Solaris Technologies Lda,BE,BE1880318571,2024-10-21,saisie_manuelle
8066,Meridian Materials NV,NL,NL713099227B86,2024-04-23,crm
8067,Alpine Industries Sp. z o.o.,IT,IT6564883796,2024-12-19,portail_client
8068,Papyrus Logistics GmbH,FR,FR-80127873797,2025-09-25,portail_client
8069,Cobalt Industries A/S,SE,863619684501,2025-08-01,import_fournisseur
8070,Atlantic Services NV,FI,  FI12636655 ,2025-08-13,reprise_erp
8071,Orion Industries A/S,PT,PT.385451016,2025-02-03,import_fournisseur
8072,Alpine Trading SA,FI,FI93093701,2024-06-10,import_fournisseur
8073,Prima Consulting SARL,FR,FR47286793639,2024-06-01,reprise_erp
8074,Granit Logistics SA,PL,PL50570520683,2024-07-12,import_fournisseur
8075,Papyrus Trading Lda,PT,PT931427576,2024-04-04,reprise_erp
8076,Metallo Trading Lda,DK,DK06448003,2024-02-26,portail_client
8077,Ardent Services SA,FI,FI738996001,2025-06-27,reprise_erp
8078,Granit Materials Sp. z o.o.,FI,FI68776171,2024-11-26,import_fournisseur
8079,Atlantic Consulting SA,FR,FR93187959061,2024-02-08,saisie_manuelle
8080,Nord Consulting A/S,PL,  PL2944016503 ,2025-08-01,reprise_erp
8081,Fabrica Services SAS,SE,SE640513855001,2024-08-28,crm
8082,Global Services Oy,LU,LU73460600,2024-01-15,portail_client
8083,Batavia Technologies SARL,QQ,QQ515951195B70,2025-09-17,reprise_erp
8084,Lumen Consulting SAS,IT,IT77806896443,2025-06-26,crm
8085,Nord Foods SA,PT,PT502215199,2024-05-06,saisie_manuelle
8086,Azur Transports Oy,LU,LU83118406,2025-03-22,portail_client
8087,Corvus Foods A/S,IT,IT86620356021,2024-06-25,import_fournisseur
8088,Papyrus Technologies Oy,NL,NL050970847B92,2025-08-05,saisie_manuelle
8089,Vela Technologies NV,NL,NL744345121B52,2025-07-24,import_fournisseur
8090,Azur Distribution A/S,BE,BE0932579225,2024-01-14,import_fournisseur
8091,Nord Technologies SA,LU,LU48345375,2024-04-07,import_fournisseur
8092,Verso Logistics BV,SE, ,2025-08-30,reprise_erp
8093,Vela Trading SA,PL,PL2079928678,2024-01-01,reprise_erp
8094,Meridian Distribution A/S,FI,FI05299013,2025-04-28,portail_client
8095,Delta Consulting SAS,SE,SE8148932349017,2024-08-26,reprise_erp
8096,Vertex Logistics AB,FR,FR76400973060,2025-07-11,saisie_manuelle
8097,Vertex Technologies Lda,FI,FI42399021,2024-02-06,reprise_erp
8098,Kappa Consulting BV,PT,PT969066880,2025-01-30,crm
8099,Solaris Industries SpA,PT,PT544393945,2025-03-03,crm
8100,Cobalt Foods Lda,SE,SE.991033796401,2024-08-20,portail_client
8101,Nord Distribution Lda,FI,FI.99733617,2024-09-27,reprise_erp
8102,Lusitania Transports Oy,FR,FR94500822926,2025-04-14,portail_client
8103,Verso Distribution Sp. z o.o.,BE,BE0764115223,2024-12-14,crm
8104,Metallo Services GmbH,FR,FR53603954541,2024-08-13,reprise_erp
8105,Verso Industries SARL,FR,FR34695288797,2025-02-11,saisie_manuelle
8106,Batavia Logistics AB,NL,NL884423563B22,2025-01-07,saisie_manuelle
8107,Nord Foods SpA,FR,54355115171,2024-03-21,reprise_erp
8108,Ardent Transports GmbH,FR,FR69338942540,2024-09-02,portail_client
8109,Fabrica Logistics SAS,IT,-,2024-05-05,portail_client
8110,Alpine Materials SA,DK,39215772,2025-07-20,portail_client
8111,Delta Services SAS,FI,FI45392722,2024-03-06,reprise_erp
8112,Vertex Services GmbH,PT,pt720339014,2024-09-01,crm
8113,Azur Distribution AB,BE,  BE1956707061 ,2024-07-13,import_fournisseur
8114,Solaris Services SAS,IT,it77787750163,2024-05-29,saisie_manuelle
8115,Cobalt Consulting A/S,PT,PT516401947,2024-07-10,import_fournisseur
8116,Baltic Industries Oy,BE,BE1766465119,2025-03-06,import_fournisseur
8117,Lusitania Industries SA,PL,PL428354229,2024-10-27,reprise_erp
8118,Papyrus Logistics SAS,FR,FR346312920776,2025-07-19,import_fournisseur
8119,Metallo Foods BV,DK,DK27250521,2025-04-25,import_fournisseur
8120,Hanse Trading SARL,DK,DK.29363889,2025-04-06,reprise_erp
8121,Metallo Materials SA,DK,DK34682170,2024-09-24,import_fournisseur
8122,Vertex Foods Lda,FR,FR55260602919,2024-04-24,saisie_manuelle
8123,Kappa Services A/S,LU,LU86861564,2024-11-25,portail_client
8124,Ardent Logistics BV,BE,BE18O4733245,2024-08-07,crm
8125,Cobalt Transports Oy,DK,DK89420318,2024-09-28,reprise_erp
8126,Delta Logistics SARL,PL,PL1637700205,2024-05-31,import_fournisseur
8127,Delta Trading SAS,FR,FR91527985350,2024-11-25,import_fournisseur
8128,Papyrus Industries Sp. z o.o.,DK,DK223093908,2024-03-04,saisie_manuelle
8129,Metallo Services SpA,FR,FR30879807369,2024-12-30,import_fournisseur
8130,Vertex Distribution Oy,BE,BE1536321812,2024-03-30,reprise_erp
8131,Granit Services NV,NL,N/A,2024-08-23,portail_client
8132,Delta Transports SpA,IT,IT18341422899,2024-01-06,reprise_erp
8133,Solaris Distribution AB,ZZ,ZZ361460481,2024-01-06,import_fournisseur
8134,Meridian Distribution GmbH,FR,FR4774J716962,2025-02-12,saisie_manuelle
8135,Granit Foods AB,IT,IT32818563101,2024-12-25,saisie_manuelle
8136,Metallo Industries SARL,LU,LU10318332,2024-06-06,reprise_erp
8137,Metallo Industries SA,FI,FI70126215,2025-06-11,import_fournisseur
8138,Corvus Technologies AB,XX,XX03622282,2024-05-07,reprise_erp
8139,Solaris Technologies SpA,IT,IT900027744H8,2024-12-27,saisie_manuelle
8140,Alpine Trading NV,FR,FR443H0908656,2025-08-23,crm
8141,Cobalt Foods SpA,DK,DK118795G9,2024-05-07,crm
8142,Atlantic Logistics SAS,IT,-,2024-10-29,saisie_manuelle
8143,Prima Transports AB,NL,NL217535926B52,2024-07-10,reprise_erp
8144,Baltic Transports NV,PL,PL6624108706,2024-01-04,saisie_manuelle
8145,Granit Trading A/S,NL,NL656503075B23,2024-05-20,saisie_manuelle
8146,Corvus Trading SpA,FR,FR314829592885,2025-04-12,import_fournisseur
8147,Hanse Transports SAS,SE,SE370773467301,2024-12-23,crm
8148,Corvus Materials AB,DK,47150671,2024-03-16,crm
8149,Solaris Transports AB,IT,IT.82985630373,2025-04-02,portail_client
8150,Batavia Industries SARL,LU,LU95624125,2025-08-29,portail_client
8151,Lusitania Logistics SARL,PL,4134266540,2024-07-21,saisie_manuelle
8152,Meridian Logistics GmbH,NL,NL228139776B81,2024-11-28,import_fournisseur
8153,Cobalt Transports SAS,PL,PL3171608543,2024-08-21,crm
8154,Meridian Consulting BV,NL,NL605088342B11,2024-10-11,portail_client
8155,Baltic Foods SARL,LU,LU.38943762,2025-03-30,crm
8156,Global Consulting BV,BE,BE1546486074,2024-10-18,reprise_erp
8157,Nord Transports SARL,LU,LU51323676,2024-03-02,portail_client
8158,Cobalt Trading SA,DK,dk00265454,2024-08-13,saisie_manuelle
8159,Atlantic Distribution SpA,LU,LU.90130086,2025-07-02,crm
8160,Lusitania Industries SpA,FI,FI31257490,2025-08-28,import_fournisseur
8161,Prima Technologies NV,BE,BE.0185120243,2024-02-27,reprise_erp
8162,Ardent Technologies SA,PL,PL-5521460787,2025-05-28,crm
8163,Vertex Trading SARL,LU,LU501806245,2024-03-14,reprise_erp
8164,Kappa Transports Sp. z o.o.,NL,NL-259874723B79,2024-10-23,reprise_erp
8165,Lusitania Industries SA,FI,FI57685995,2024-11-30,import_fournisseur
8166,Lumen Technologies GmbH,DK,DK82004114,2024-11-16,portail_client
8167,Azur Distribution Sp. z o.o.,DK,DK71953688,2025-09-05,saisie_manuelle
8168,Corvus Foods BV,SE,SE651453038401,2024-02-28,saisie_manuelle
8169,Corvus Foods SARL,IT,IT-69157995809,2024-11-19,import_fournisseur
8170,Meridian Trading GmbH,PT,946665567,2025-02-12,import_fournisseur
8171,Orion Industries GmbH,DK,DK-70322633,2024-05-15,crm
8172,Kappa Transports SARL,FR,  FR20306822287 ,2025-09-15,import_fournisseur
8173,Alpine Transports SARL,PL,  PL7140494709 ,2025-08-09,reprise_erp
8174,Cobalt Trading AB,PT,pt356364518,2025-08-13,portail_client
8175,Textil Trading Oy,BE,be1374041622,2025-07-27,crm
8176,Vela Services Sp. z o.o.,PL,PL2926227187,2024-04-17,reprise_erp
8177,Prima Services Oy,LU,LU496938513,2025-03-01,import_fournisseur
8178,Granit Distribution SAS,LU,LU71549680,2025-01-10,reprise_erp
8179,Batavia Foods Sp. z o.o.,LU,LU75665869,2024-12-03,saisie_manuelle
8180,Vela Services AB,SE,SE 6759 15667901,2024-07-16,reprise_erp
8181,Lumen Foods SA,BE,BE1362618782,2025-08-30,import_fournisseur
8182,Delta Industries SARL,FI,FI-42022718,2024-03-31,portail_client
8183,Textil Technologies AB,IT,  IT63283748422 ,2024-07-06,portail_client
8184,Delta Trading NV,LU,LU13972281,2024-02-23,saisie_manuelle
8185,Ardent Trading SAS,BE,BE1720174739,2024-09-13,saisie_manuelle
8186,Papyrus Consulting NV,FI,FI05085357,2024-06-03,crm
8187,Papyrus Technologies AB,LU,33513045,2025-06-18,import_fournisseur
8188,Fabrica Materials AB,FR,FR65840700796,2024-03-19,portail_client
8189,Textil Transports GmbH,BE,0408446313,2024-03-22,import_fournisseur
8190,Hanse Materials Oy,SE,SE561195428101,2024-02-28,portail_client
8191,Ardent Logistics NV,IT,IT334934186116,2024-06-30,crm
8192,Baltic Materials Sp. z o.o.,FR,FR01692521119,2024-06-10,import_fournisseur
8193,Papyrus Trading NV,IT,IT-75184936708,2024-01-19,reprise_erp
8194,Fabrica Foods SA,FI,FI09145732,2024-09-08,saisie_manuelle
8195,Atlantic Technologies SpA,LU,LU85333907,2025-09-10,reprise_erp
8196,Lusitania Trading GmbH,LU,LU84852600,2024-03-27,portail_client
8197,Nord Materials GmbH,IT,IT41M48595512,2025-07-14,crm
8198,Textil Materials NV,QQ,qq931339431b48,2024-06-21,import_fournisseur
8199,Delta Transports Lda,LU,LU25019516,2025-02-09,reprise_erp
8200,Atlantic Foods Oy,FR,FR18191811488,2024-06-09,saisie_manuelle
8201,Atlantic Transports SAS,FR,FR15781423039,2024-03-15,import_fournisseur
8202,Cobalt Services Lda,SE,SE117O24521901,2024-01-17,portail_client
8203,Fabrica Distribution SAS,BE,BE0426528526,2024-08-21,import_fournisseur
8204,Verso Industries AB,SE,SE8813333013019,2024-12-18,reprise_erp
8205,Orion Trading SARL,LU,LU67602065,2024-08-07,portail_client
8206,Meridian Distribution Lda,FR,FR639M2452974,2025-03-09,import_fournisseur
8207,Fabrica Trading SpA,PT,  PT814962459 ,2025-01-26,portail_client
8208,Orion Transports Sp. z o.o.,BE,BE0870549264,2024-07-01,reprise_erp
8209,Atlantic Industries NV,FI,FI1699738,2024-08-14,saisie_manuelle
8210,Corvus Distribution Oy,BE,BE1817291040,2024-02-01,import_fournisseur
8211,Batavia Foods A/S,PT,PT3857466367,2024-11-09,reprise_erp
8212,Metallo Materials SA,FI,FI64524065,2024-01-19,reprise_erp
8213,Textil Logistics GmbH,NL,NL359186634B28,2024-09-12,import_fournisseur
8214,Cobalt Distribution AB,BE,BE0140338610,2025-07-05,saisie_manuelle
8215,Kappa Transports Oy,FR,fr55369728286,2024-08-06,portail_client
8216,Solaris Materials GmbH,NL,NL534841749B94,2025-01-05,reprise_erp
8217,Lusitania Distribution AB,ZZ,ZZ824457182701,2024-08-07,crm
8218,Verso Consulting BV,DK,DK55457789,2024-08-26,import_fournisseur
8219,Textil Services BV,LU,-,2025-05-18,portail_client
8220,Vertex Materials NV,PL,PL4K18567247,2025-09-15,saisie_manuelle
8221,Metallo Logistics AB,NL,NL902447518B40,2025-05-24,reprise_erp
8222,Orion Services SpA,PL,PL4138687267,2025-01-02,crm
8223,Alpine Trading AB,SE,SE669109039001,2024-03-19,crm
8224,Fabrica Services AB,PT,  PT633479527 ,2024-09-25,crm
8225,Metallo Industries Oy,LU,LU662864816,2025-03-03,import_fournisseur
8226,Vertex Technologies GmbH,FR,null,2025-09-30,portail_client
8227,Baltic Technologies Lda,FI,FI 5079 7046,2024-04-20,saisie_manuelle
8228,Lumen Services AB,FR,40370385456,2024-02-08,reprise_erp
8229,Meridian Logistics SAS,SE,SE01135604600,2024-05-19,portail_client
8230,Vertex Services BV,UK,UK1332545121,2025-02-06,reprise_erp
8231,Azur Industries Lda,BE,BE1861264110,2024-08-14,import_fournisseur
8232,Vertex Services GmbH,PT,231282710,2025-02-14,saisie_manuelle
8233,Lumen Materials GmbH,DK,DK87497275,2024-01-12,crm
8234,Vertex Transports SpA,SE,SE 7084 31295301,2025-01-28,import_fournisseur
8235,Metallo Consulting SAS,FR,FR38522749822,2024-03-27,reprise_erp
8236,Hanse Transports GmbH,NL,NL96357G033B07,2024-08-03,saisie_manuelle
8237,Vertex Industries Sp. z o.o.,LU,20465140,2024-04-04,saisie_manuelle
8238,Fabrica Technologies SARL,BE,BE074840468,2024-10-07,reprise_erp
8239,Lusitania Distribution Lda,LU,LU92530O59,2025-03-03,saisie_manuelle
8240,Verso Consulting Sp. z o.o.,NL,NL998467047B39,2025-05-22,import_fournisseur
8241,Lusitania Foods AB,NL,NL089969902B69,2025-07-18,import_fournisseur
8242,Corvus Trading Oy,LU,LU32962318,2024-09-29,crm
8243,Meridian Logistics SAS,BE,BE1864475701,2024-03-07,crm
8244,Granit Transports SARL,PT,PT884042324,2024-08-30,portail_client
8245,Baltic Services A/S,FI,fi63017563,2024-11-25,import_fournisseur
8246,Corvus Distribution Sp. z o.o.,SE,SE1144858980017,2025-01-11,portail_client
8247,Delta Materials BV,BE,BE121251435,2025-07-30,reprise_erp
8248,Verso Services GmbH,BE,1357128582,2024-11-13,import_fournisseur
8249,Delta Consulting BV,BE,BE0930820314,2024-03-13,import_fournisseur
8250,Fabrica Trading SAS,IT,it21674067844,2024-05-20,portail_client
8251,Azur Transports Oy,FR,FR 6725 3242154,2024-01-03,saisie_manuelle
8252,Baltic Logistics SpA,BE,be0852479154,2024-01-05,portail_client
8253,Solaris Foods Oy,ZZ,ZZ0989250837,2024-10-11,portail_client
8254,Fabrica Foods NV,PL,PL667841811,2024-03-17,saisie_manuelle
8255,Atlantic Consulting Oy,FI,FI.58134140,2024-06-11,reprise_erp
8256,Ardent Trading SA,FI,FI99263950,2024-02-23,saisie_manuelle
8257,Meridian Transports GmbH,PT,PT118180231,2024-01-09,portail_client
8258,Alpine Foods BV,PT,PT.209418931,2025-09-26,portail_client
8259,Papyrus Services GmbH,FI,FI.61935223,2024-03-07,saisie_manuelle
8260,Lusitania Consulting NV,SE,SE.439403371801,2024-08-27,reprise_erp
8261,Hanse Distribution Sp. z o.o.,PL,PL4516835771,2024-05-31,reprise_erp
8262,Textil Foods SAS,FI,FI99288656,2024-12-27,crm
8263,Cobalt Consulting SARL,LU,LU53763373,2025-08-06,crm
8264,Textil Consulting SARL,DK,DK74144152,2024-11-24,crm
8265,Lumen Foods SpA,FR,FR-30230732160,2024-06-22,crm
8266,Orion Logistics SAS,FI,FI95009242,2025-08-05,reprise_erp
8267,Hanse Logistics SARL,PL,PL2922557077,2025-08-04,saisie_manuelle
8268,Alpine Services AB,NL,NL920169288B35,2025-05-02,portail_client
8269,Batavia Logistics GmbH,DK,DK54597231,2025-08-12,portail_client
8270,Alpine Trading SAS,NL,NL980176165B66,2024-07-28,saisie_manuelle
8271,Kappa Services SARL,FR,FR78522981633,2025-02-06,import_fournisseur
8272,Kappa Trading AB,NL,307885021B85,2024-11-21,portail_client
8273,Alpine Materials Oy,PT,PT.779189701,2025-06-29,import_fournisseur
8274,Granit Industries SAS,NL,NL974549459B60,2025-08-05,saisie_manuelle
8275,Orion Logistics NV,SE,SE-130298964301,2025-09-01,saisie_manuelle
8276,Delta Logistics BV,SE,SE287617221801,2024-09-29,reprise_erp
8277,Granit Services A/S,NL,NL031073942B63,2024-07-26,crm
8278,Verso Consulting SA,PT,PT293542422,2024-02-02,reprise_erp
8279,Hanse Distribution AB,FR,10874186374,2024-04-14,saisie_manuelle
8280,Ardent Foods SA,FI,FI-87455779,2025-05-24,crm
8281,Global Trading SAS,PL,PL9092307922,2025-05-04,import_fournisseur
8282,Atlantic Transports A/S,NL,NL372560301B02,2025-06-17,saisie_manuelle
8283,Papyrus Distribution Lda,DK,DK83523530,2025-03-19,reprise_erp
8284,Corvus Trading NV,NL,NL314742499B18,2025-03-24,reprise_erp
8285,Vertex Trading BV,BE,BE-1325647431,2024-02-27,reprise_erp
8286,Kappa Consulting SARL,PL,PL1021826639,2025-08-24,portail_client
8287,Batavia Technologies Oy,PL,PL-8055656711,2024-11-29,import_fournisseur
8288,Azur Trading GmbH,SE,SE295764271901,2024-04-30,saisie_manuelle
8289,Metallo Materials Lda,SE,N/A,2025-08-30,crm
8290,Nord Distribution Sp. z o.o.,LU,LU89273969,2024-02-11,import_fournisseur
8291,Vela Transports SpA,FR,73833294396,2025-02-24,portail_client
8292,Granit Services GmbH,FI,FI04781625,2024-04-17,reprise_erp
8293,Papyrus Industries GmbH,FI,fi76144000,2025-03-28,portail_client
8294,Kappa Logistics SA,QQ,QQ477545203,2024-04-10,reprise_erp
8295,Corvus Technologies NV,BE,BE1755039608,2025-08-27,import_fournisseur
8296,Batavia Transports GmbH,PL,PL8380347233,2025-04-29,crm
8297,Kappa Materials SAS,PL,N/A,2025-07-19,saisie_manuelle
8298,Cobalt Transports SpA,SE,SE395222619301,2024-04-19,crm
8299,Nord Services AB,IT,IT3O403121024,2025-02-13,saisie_manuelle
8300,Prima Distribution SA,LU,LU10233978,2025-05-28,reprise_erp
8301,Cobalt Services Lda,SE,SE440386084602,2024-10-13,reprise_erp
8302,Delta Services Lda,SE,SE-660160191401,2024-01-16,reprise_erp
8303,Delta Industries A/S,DK,DK77765166,2024-05-15,import_fournisseur
8304,Lumen Logistics SpA,SE,SE122234927401,2024-01-10,portail_client
8305,Papyrus Services Sp. z o.o.,PL,pl1849015282,2024-02-18,saisie_manuelle
8306,Fabrica Materials Oy,SE,SE5435104004G1,2024-02-25,saisie_manuelle
8307,Prima Services SARL,DK,  DK07981953 ,2024-07-23,saisie_manuelle
8308,Fabrica Logistics SpA,FI,FI21857863,2025-03-19,reprise_erp
8309,Verso Technologies SA,IT,IT186242087914,2024-07-10,import_fournisseur
8310,Corvus Consulting BV,FR,FR74K63000469,2025-06-13,import_fournisseur
8311,Alpine Foods NV,PL,PL1939253312,2025-02-01,portail_client
8312,Delta Materials SpA,QQ,QQ33815232625,2024-08-30,import_fournisseur
8313,Vertex Technologies SA,FR,FR16228766224,2024-08-27,import_fournisseur
8314,Kappa Distribution SARL,PT,596950080,2024-11-01,reprise_erp
8315,Global Consulting AB,FR,fr93697960423,2024-08-27,crm
8316,Batavia Transports SAS,LU,  LU47081707 ,2024-07-16,reprise_erp
8317,Kappa Materials SA,FI,FI12048220,2025-08-24,saisie_manuelle
8318,Vertex Technologies SAS,LU,LU 5034 6985,2025-06-12,portail_client
8319,Verso Logistics SA,LU,LU-37471929,2024-07-28,crm
8320,Baltic Transports BV,FI,FI29994942,2024-08-06,import_fournisseur
8321,Nord Foods Lda,LU,LU.79018442,2024-04-17,crm
8322,Orion Technologies SARL,DK,dk09134476,2024-09-16,saisie_manuelle
8323,Fabrica Consulting A/S,DK,DK18113694,2025-03-21,portail_client
8324,Vela Materials A/S,FI,FI07002794,2025-09-23,import_fournisseur
8325,Lusitania Logistics SARL,FR,FR92732938267,2025-03-28,import_fournisseur
8326,Fabrica Materials AB,LU,LU 7561 4602,2025-09-29,saisie_manuelle
8327,Nord Foods Sp. z o.o.,DK,DK48983975,2025-07-21,saisie_manuelle
8328,Metallo Trading SARL,DK,DK28569033,2024-08-30,reprise_erp
8329,Solaris Trading SARL,PL,PL5162982817,2025-05-16,crm
8330,Fabrica Technologies GmbH,BE,BE 0445 376884,2025-09-10,import_fournisseur
8331,Granit Logistics SAS,PL,PL.6208762941,2025-03-11,saisie_manuelle
8332,Papyrus Distribution SARL,PL,PL4104965138,2024-10-09,saisie_manuelle
8333,Lumen Foods SpA,LU,  LU48890023 ,2024-02-04,crm
8334,Lumen Logistics SpA,FR,FR65851165932,2024-05-08,saisie_manuelle
8335,Cobalt Distribution SA,BE,be1165490137,2025-01-22,saisie_manuelle
8336,Verso Foods SpA,FI,FI17548398,2025-08-28,crm
8337,Kappa Transports BV,FI,FI73566208,2025-03-23,import_fournisseur
8338,Vertex Materials SA,BE,be0729774451,2024-06-11,import_fournisseur
8339,Alpine Technologies SARL,BE,BE128585902,2025-07-31,crm
8340,Granit Materials SAS,BE,BE0737232874,2025-07-12,portail_client
8341,Meridian Consulting SAS,PL,PL4898882183,2024-01-09,import_fournisseur
8342,Baltic Technologies BV,PT,PT604421621,2024-08-27,import_fournisseur
8343,Global Transports A/S,PL,2828139387,2025-07-22,import_fournisseur
8344,Metallo Services SAS,LU,LU84921869,2024-08-01,crm
8345,Verso Industries SpA,NL,NL673150G57B13,2025-09-05,import_fournisseur
8346,Atlantic Consulting NV,BE,BE1832193309,2024-06-12,reprise_erp
8347,Kappa Services GmbH,FR,FR3664455967,2024-02-22,crm
8348,Global Technologies SAS,DK,  DK77748598 ,2024-03-21,saisie_manuelle
8349,Vertex Foods AB,UK,UK1720119410,2025-02-05,reprise_erp
8350,Global Distribution GmbH,LU,LU30902381,2024-05-20,portail_client
8351,Granit Consulting NV,BE,BE1346403154,2024-03-26,crm
8352,Papyrus Technologies SA,PT,PT788757896,2025-02-03,import_fournisseur
8353,Azur Services BV,FI,FI29050757,2024-08-17,reprise_erp
8354,Delta Foods Lda,LU,LU33544201,2025-04-15,saisie_manuelle
8355,Corvus Consulting Oy,GB,GB41638846407,2025-04-14,crm
8356,Papyrus Technologies NV,LU,LU3122180O,2024-05-21,saisie_manuelle
8357,Lumen Technologies NV,FR,FR043077426506,2025-04-24,portail_client
8358,Textil Industries GmbH,DK,DK96692625,2025-08-09,saisie_manuelle
8359,Kappa Materials NV,QQ,QQ225668727401,2025-03-25,portail_client
8360,Alpine Distribution SAS,NL,NL135568550B61,2024-06-21,saisie_manuelle
8361,Ardent Technologies SA,DK,DK.68937388,2024-03-06,portail_client
8362,Fabrica Materials GmbH,BE,BE0539021179,2024-11-29,reprise_erp
8363,Ardent Consulting SpA,XX,XX34554609,2025-03-13,reprise_erp
8364,Cobalt Logistics Sp. z o.o.,BE,BE19343811267,2025-08-20,saisie_manuelle
8365,Vela Distribution SAS,NL,NL376407116B93,2024-07-13,crm
8366,Batavia Consulting NV,PL,PL.1645436697,2025-03-21,saisie_manuelle
8367,Papyrus Technologies SpA,LU,LU10635601,2025-08-01,portail_client
8368,Cobalt Consulting SAS,PT,PT425989224,2024-07-12,crm
8369,Batavia Foods AB,PL,pl2645368022,2025-06-25,import_fournisseur
8370,Verso Consulting SARL,DK,DK58810878,2024-06-24,import_fournisseur
8371,Atlantic Technologies Lda,FI,FI72011843,2024-09-13,saisie_manuelle
8372,Cobalt Transports GmbH,PL,PL2610445894,2024-11-23,import_fournisseur
8373,Vertex Consulting SpA,DK,DK26834457,2024-08-07,crm
8374,Papyrus Consulting GmbH,IT,IT68450738569,2024-02-13,import_fournisseur
8375,Corvus Industries Oy,DK,DK17871459,2024-10-14,reprise_erp
8376,Atlantic Trading Sp. z o.o.,FI,33641533,2025-03-31,import_fournisseur
8377,Vela Logistics Lda,NL,NL 1267 54998B60,2024-11-19,saisie_manuelle
8378,Solaris Industries BV,BE,BE1740574928,2025-03-25,reprise_erp
8379,Global Distribution SAS,UK,UK584246820,2024-07-19,reprise_erp
8380,Corvus Technologies SA,FR,FR38696224525,2024-01-29,saisie_manuelle
8381,Nord Consulting AB,NL,NL080784675B65,2024-01-14,portail_client
8382,Hanse Services Oy,FR,fr39661815392,2024-11-08,reprise_erp
8383,Lusitania Logistics AB,DK,DK62776413,2025-04-02,reprise_erp
8384,Corvus Technologies AB,PT,PT220116920,2024-08-16,import_fournisseur
8385,Atlantic Technologies BV,PL,  PL6142649937 ,2025-01-31,import_fournisseur
8386,Textil Materials Sp. z o.o.,IT,-,2025-02-11,import_fournisseur
8387,Lumen Consulting GmbH,IT,IT87767024307,2024-12-20,import_fournisseur
8388,Atlantic Transports NV,DK,40549919,2025-04-25,reprise_erp
8389,Orion Services AB,DK,DK43194339,2024-10-30,saisie_manuelle
8390,Fabrica Foods Oy,FI,FI90684636,2024-01-09,import_fournisseur
8391,Baltic Materials Lda,PL,PL20369824129,2024-11-20,reprise_erp
8392,Cobalt Transports GmbH,IT,IT89683514888,2024-09-01,reprise_erp
8393,Azur Consulting SA,FR,FR218109821809,2025-04-18,saisie_manuelle
8394,Ardent Consulting AB,IT,IT.10864246847,2024-02-13,import_fournisseur
8395,Textil Technologies NV,LU,LU84673841,2024-11-02,crm
8396,Azur Materials A/S,FI,FI63702755,2025-07-26,import_fournisseur
8397,Delta Transports Sp. z o.o.,NL,NL505577562B876,2024-04-14,portail_client
8398,Cobalt Services SARL,LU,LU 5682 2145,2025-03-26,import_fournisseur
8399,Metallo Services SAS,LU,LU48637276,2025-05-02,import_fournisseur
8400,Global Industries Sp. z o.o.,FI,FI82393716,2025-07-21,saisie_manuelle
8401,Batavia Industries SARL,PL,  PL3048732845 ,2024-03-04,saisie_manuelle
8402,Verso Industries Lda,FR,FR 6611 5751573,2025-02-08,portail_client
8403,Prima Consulting GmbH,BE,BE0895884773,2025-06-07,crm
8404,Prima Transports BV,PL,  PL6026382279 ,2024-04-21,crm
8405,Atlantic Trading Oy,SE,SE.320754706201,2025-07-18,crm
8406,Solaris Services SpA,LU,LU82731762,2025-07-28,saisie_manuelle
8407,Prima Distribution SpA,UK,UK8571292313,2024-08-20,reprise_erp
8408,Orion Transports BV,PT,PT708150756,2024-12-17,crm
8409,Atlantic Services SA,FR,FR69634739501,2024-06-19,saisie_manuelle
8410,Meridian Distribution A/S,NL,NL004691623B74,2024-11-25,portail_client
8411,Baltic Industries SARL,FI,FI53123370,2024-05-19,saisie_manuelle
8412,Lumen Distribution Oy,XX,XX767987731101,2025-01-05,crm
8413,Vertex Consulting BV,FR,FR37847676768,2025-10-01,saisie_manuelle
8414,Corvus Industries Sp. z o.o.,FR,FR91663282H17,2025-05-05,crm
8415,Lumen Technologies A/S,FI, ,2025-02-26,reprise_erp
8416,Textil Logistics A/S,SE,SE 1653 16743501,2024-08-19,saisie_manuelle
8417,Alpine Consulting SA,FR,fr04603577421,2024-01-06,saisie_manuelle
8418,Batavia Distribution A/S,BE,BE1996676110,2025-01-30,portail_client
8419,Lusitania Distribution AB,BE,BE0218647896,2024-12-22,import_fournisseur
8420,Hanse Materials SA,GB,GB709565537B35,2025-06-22,saisie_manuelle
8421,Hanse Foods BV,PL,pl9980755969,2024-01-07,import_fournisseur
8422,Atlantic Industries A/S,BE,BE170118669,2025-01-17,import_fournisseur
8423,Orion Consulting SA,SE,SE413737372801,2025-10-01,import_fournisseur
8424,Verso Foods Oy,FI,FI72087782,2024-06-26,import_fournisseur
8425,Granit Foods Oy,IT,IT7121759089,2025-06-09,portail_client
8426,Orion Consulting BV,PT,PT691001642,2024-02-01,crm
8427,Alpine Services AB,GB,GB.349562396301,2025-06-13,import_fournisseur
8428,Lumen Transports NV,SE,SE308788811501,2024-01-22,import_fournisseur
8429,Global Materials GmbH,FR,FR4K747317659,2024-10-19,saisie_manuelle
8430,Delta Industries Oy,NL,NL763197317B05,2025-04-04,portail_client
8431,Baltic Materials NV,PT,PT198005563,2025-07-09,reprise_erp
8432,Baltic Foods SA,PT,PT554856808,2024-10-11,reprise_erp
8433,Azur Distribution SpA,SE,se419445892501,2024-07-20,portail_client
8434,Orion Trading AB,PT,PT433H69730,2024-08-16,reprise_erp
8435,Azur Foods Lda,NL,nl267588367b40,2024-12-19,saisie_manuelle
8436,Prima Technologies SARL,PT,-,2024-07-08,reprise_erp
8437,Fabrica Logistics GmbH,PL,PL.9582396258,2025-04-23,reprise_erp
8438,Hanse Services GmbH,PL,PL3455103605,2024-09-15,portail_client
8439,Papyrus Distribution SAS,FI,FI02767264,2024-05-24,saisie_manuelle
8440,Vela Logistics BV,PL,N/A,2025-04-26,reprise_erp
8441,Lumen Logistics SARL,NL,NL.991053710B91,2024-01-26,portail_client
8442,Metallo Foods AB,NL,NL493868257B68,2025-08-22,reprise_erp
8443,Vela Foods GmbH,DK,DK75147279,2025-09-02,reprise_erp
8444,Verso Technologies Oy,LU,LU11044888,2025-07-07,reprise_erp
8445,Azur Transports AB,PT,PT366813919,2024-05-30,saisie_manuelle
8446,Solaris Technologies BV,FR,FR95214103892,2024-08-25,crm
8447,Hanse Consulting GmbH,SE,se302671927201,2025-01-04,crm
8448,Fabrica Foods A/S,LU,LUO7445972,2024-07-12,reprise_erp
8449,Cobalt Services SARL,PT,PT227923707,2024-01-06,portail_client
8450,Vela Consulting SA,GB,GB35888840,2025-04-04,import_fournisseur
8451,Kappa Distribution Sp. z o.o.,FI,FI37031273,2024-05-05,portail_client
8452,Kappa Trading SAS,FI,FI15188819,2024-10-14,portail_client
8453,Meridian Materials Oy,BE,BE1125513863,2024-06-20,portail_client
8454,Solaris Services Oy,GB,GB0847139503,2025-06-29,portail_client
8455,Vela Foods Lda,DK,DK5477493,2025-09-21,saisie_manuelle
8456,Global Foods SpA,FR,FR41321991154,2025-01-04,saisie_manuelle
8457,Atlantic Technologies AB,DK,DK45869598,2025-06-19,reprise_erp
8458,Fabrica Trading SpA,PL,PL4479485346,2024-09-02,portail_client
8459,Atlantic Technologies Sp. z o.o.,LU,21661275,2024-04-18,import_fournisseur
8460,Kappa Logistics BV,NL,NL774368411B64,2024-04-21,reprise_erp
8461,Prima Technologies AB,PT,PT825814264,2024-07-22,saisie_manuelle
8462,Global Transports GmbH,PT,PT96647461,2024-04-15,saisie_manuelle
8463,Atlantic Trading NV,IT,it92790245911,2025-05-14,crm
8464,Solaris Materials NV,NL,NL307141858B97,2024-01-10,crm
8465,Prima Foods Oy,FR,FR51146827942,2024-02-09,saisie_manuelle
8466,Granit Foods A/S,PL,  PL5756120077 ,2024-04-02,reprise_erp
8467,Lumen Logistics SpA,SE,SE07055H370401,2024-04-22,import_fournisseur
8468,Verso Logistics GmbH,NL,NL935534271B95,2024-03-10,saisie_manuelle
8469,Granit Consulting A/S,ZZ,ZZ84884249,2024-08-24,portail_client
8470,Vertex Foods NV,LU,LU41319456,2024-12-28,crm
8471,Batavia Materials Oy,FR,FR15646722960,2024-07-12,saisie_manuelle
8472,Global Consulting SpA,PL,PL6911582961,2024-08-10,import_fournisseur
8473,Lumen Logistics Sp. z o.o.,DK,DK.96142579,2025-02-11,portail_client
8474,Granit Materials SpA,FI,FI56126665,2025-08-05,portail_client
8475,Lusitania Trading Sp. z o.o.,LU,  LU93484578 ,2024-12-10,saisie_manuelle
8476,Textil Industries SA,IT,IT29186025085,2024-05-12,crm
8477,Granit Transports A/S,FI,FI.27137998,2024-05-27,import_fournisseur
8478,Fabrica Logistics AB,LU,LU3383536,2024-02-27,portail_client
8479,Corvus Technologies SpA,PL,PL 9816 423755,2024-03-22,crm
8480,Textil Technologies SpA,SE,SE315829032401,2024-10-14,saisie_manuelle
8481,Orion Transports Sp. z o.o.,BE,BE0980139270,2025-06-04,crm
8482,Ardent Transports SpA,PL,PL4553383948,2025-05-03,reprise_erp
8483,Verso Technologies SAS,IT,  IT38528299928 ,2024-08-25,crm
8484,Solaris Distribution NV,PT,PT382008681,2025-07-21,import_fournisseur
8485,Meridian Industries SAS,FI,FI 0094 3535,2025-04-15,saisie_manuelle
8486,Delta Transports Sp. z o.o.,NL,NL241754008B39,2024-05-01,import_fournisseur
8487,Baltic Consulting SARL,SE,SE443099564101,2024-06-29,reprise_erp
8488,Delta Technologies SA,LU,LU3323926M,2025-08-23,saisie_manuelle
8489,Prima Logistics A/S,LU,LU20926526,2025-06-25,portail_client
8490,Azur Trading GmbH,BE,  BE0813672127 ,2024-05-30,reprise_erp
8491,Lusitania Industries Sp. z o.o.,PL,PL9395374107,2024-11-15,import_fournisseur
8492,Batavia Industries A/S,FI, ,2025-09-21,portail_client
8493,Prima Technologies Lda,PL,PL9553966049,2024-05-06,reprise_erp
8494,Fabrica Logistics BV,SE,203837153601,2024-01-09,reprise_erp
8495,Ardent Industries NV,PL,  PL1520550552 ,2025-08-05,reprise_erp
8496,Papyrus Logistics SpA,LU,LU135230390,2024-08-27,portail_client
8497,Corvus Foods BV,PL,  PL2874743757 ,2024-11-16,reprise_erp
8498,Metallo Services Sp. z o.o.,LU,LU 6978 7930,2024-10-04,crm
8499,Vela Consulting Oy,SE,SE761745323301,2024-06-08,crm
8500,Vela Foods SpA,BE,BE0834522573,2025-04-14,saisie_manuelle
8501,Batavia Distribution SpA,LU,LU9319987,2024-07-17,saisie_manuelle
8502,Azur Trading NV,LU,LU53200956,2024-08-21,crm
8503,Prima Services Oy,BE,BE0521106368,2025-02-16,saisie_manuelle
8504,Global Foods Oy,FR,  FR52721168403 ,2025-05-08,import_fournisseur
8505,Granit Services A/S,SE,SE60991223H601,2025-07-01,import_fournisseur
8506,Meridian Trading GmbH,BE,BE0276617267,2025-05-19,reprise_erp
8507,Lumen Industries SA,FI,FI48666465,2025-06-25,crm
8508,Meridian Technologies NV,DK,DK65680475,2024-08-28,import_fournisseur
8509,Metallo Trading AB,LU,lu74352721,2024-11-05,crm
8510,Corvus Trading NV,FR,  FR24673122968 ,2024-05-12,reprise_erp
8511,Orion Industries NV,FR,FR-04384369546,2024-05-15,portail_client
8512,Textil Technologies SpA,BE,BE.1347774220,2024-05-18,portail_client
8513,Lumen Consulting SpA,PL,PL1602638951,2024-10-24,portail_client
8514,Baltic Transports SARL,DK,DK09000069,2024-11-03,portail_client
8515,Alpine Services AB,IT,IT68448O45808,2025-05-14,import_fournisseur
8516,Global Transports SpA,PT,PT230279635,2024-03-31,import_fournisseur
8517,Textil Foods Sp. z o.o.,LU,LU90129177,2024-02-22,crm
8518,Fabrica Consulting A/S,PT,PT.282838511,2024-12-21,crm
8519,Ardent Trading SA,PT,pt509169856,2024-02-09,portail_client
8520,Kappa Transports SARL,FR,fr86787591751,2025-07-06,import_fournisseur
8521,Kappa Materials Lda,BE,BE-1719667567,2024-02-04,saisie_manuelle
8522,Metallo Logistics Lda,PL,PL4556768163,2025-04-26,reprise_erp
8523,Azur Logistics SAS,IT,IT.83979669740,2025-02-21,saisie_manuelle
8524,Corvus Distribution BV,BE,BE0557669925,2024-02-28,portail_client
8525,Orion Distribution AB,PT,PT167597531,2024-11-29,reprise_erp
8526,Kappa Foods Sp. z o.o.,BE,BE0461778693,2024-08-17,reprise_erp
8527,Baltic Materials AB,FI,FI73078490,2024-10-03,reprise_erp
8528,Global Consulting BV,PT,PT811644529,2024-05-08,portail_client
8529,Lumen Transports AB,LU,LU28681153,2024-10-26,saisie_manuelle
8530,Textil Industries SA,FI,FI-44478719,2024-01-30,portail_client
8531,Kappa Technologies AB,SE,SE2341G1500701,2024-09-03,reprise_erp
8532,Vertex Distribution SARL,PL,PL18H9522089,2024-12-02,reprise_erp
8533,Orion Materials GmbH,FR,FR81902411587,2024-05-21,import_fournisseur
8534,Delta Materials Oy,LU,LU6367140,2025-09-12,reprise_erp
8535,Orion Services SpA,FR,FR09830236482,2025-02-10,crm
8536,Textil Materials Oy,FR,null,2025-01-22,reprise_erp
8537,Prima Technologies AB,FR,58560322811,2024-04-14,import_fournisseur
8538,Delta Services Lda,DK,DK-25518608,2024-01-16,reprise_erp
8539,Atlantic Services Sp. z o.o.,PT,PT.866009701,2025-06-25,crm
8540,Granit Technologies A/S,FR,fr51362993219,2024-06-16,crm
8541,Granit Services SA,FI,FI724360813,2025-07-08,reprise_erp
8542,Metallo Trading SARL,DK,DK64046926,2024-10-13,reprise_erp
8543,Verso Materials Oy,FI,FI754193834,2024-04-11,import_fournisseur
8544,Papyrus Materials Oy,SE,SE-681670815701,2025-09-21,import_fournisseur
8545,Meridian Foods Sp. z o.o.,BE,BE1O50053158,2024-12-25,reprise_erp
8546,Solaris Trading SpA,SE,SE574849052501,2025-03-09,saisie_manuelle
8547,Baltic Distribution SA,SE,SE353728133301,2024-03-10,portail_client
8548,Azur Industries GmbH,BE,BE17622205769,2025-06-16,portail_client
8549,Textil Trading Lda,NL,NL316959893B23,2024-05-13,reprise_erp
8550,Cobalt Logistics Lda,BE,BE.0226146392,2025-04-04,portail_client
8551,Prima Materials Sp. z o.o.,FI,FI-98231957,2024-11-25,saisie_manuelle
8552,Batavia Technologies Oy,BE,BE1154357319,2025-06-27,import_fournisseur
8553,Vela Technologies NV,FI,FI58811199,2024-02-18,import_fournisseur
8554,Corvus Services SpA,NL,NL994046822B44,2025-01-31,portail_client
8555,Alpine Technologies SpA,FI,33820021,2024-05-31,crm
8556,Azur Transports Sp. z o.o.,IT,37666197498,2024-04-07,crm
8557,Batavia Transports SAS,NL,NL552851175B08,2024-11-21,saisie_manuelle
8558,Papyrus Services SA,LU,LU65187034,2024-12-13,saisie_manuelle
8559,Lumen Transports SA,PT,  PT101179057 ,2024-06-19,portail_client
8560,Atlantic Consulting SpA,IT,IT 7579 30G3312,2024-03-22,portail_client
8561,Meridian Services Lda,XX,XX258171339901,2025-03-28,crm
8562,Delta Transports Sp. z o.o.,DK,DK-33414692,2024-07-29,saisie_manuelle
8563,Nord Services BV,IT,IT-29625167399,2024-02-20,reprise_erp
8564,Meridian Foods SpA,DK,DK13385947,2025-06-02,import_fournisseur
8565,Lumen Trading SA,UK,UK595300996B72,2024-05-27,saisie_manuelle
8566,Vertex Materials SpA,BE,BE 0470 217396,2024-12-13,reprise_erp
8567,Kappa Industries SARL,LU,LU59507825,2024-03-15,import_fournisseur
8568,Metallo Logistics SARL,LU,LU.82131624,2024-07-10,import_fournisseur
8569,Granit Materials A/S,SE,SE-443863397801,2024-02-08,crm
8570,Nord Technologies BV,DK,DK72894545,2024-06-08,saisie_manuelle
8571,Corvus Services Sp. z o.o.,IT,it27801950919,2025-01-14,import_fournisseur
8572,Orion Industries BV,DK,DK83964626,2024-01-13,crm
8573,Meridian Technologies Oy,PL,PL626464889,2024-10-30,reprise_erp
8574,Nord Materials Sp. z o.o.,PL,PL5912610601,2024-04-18,crm
8575,Cobalt Trading Lda,PL,PL5607187981,2024-12-26,import_fournisseur
8576,Lusitania Logistics GmbH,IT,IT98758057982,2025-02-01,reprise_erp
8577,Fabrica Logistics Oy,IT,IT37390513853,2025-08-08,saisie_manuelle
8578,Baltic Consulting SARL,FI,FI04101378,2025-05-16,crm
8579,Metallo Services AB,UK,UK679365217B34,2024-10-24,crm
8580,Alpine Materials A/S,PT,PT997370971,2025-06-03,reprise_erp
8581,Solaris Materials SAS,FI,N/A,2025-07-04,portail_client
8582,Vela Logistics Lda,LU,LU75730088,2025-07-16,reprise_erp
8583,Textil Services A/S,NL,NL.770006176B06,2024-11-18,import_fournisseur
8584,Meridian Services A/S,PT,PT708924123,2025-04-24,saisie_manuelle
8585,Baltic Logistics SA,LU,LU95568402,2025-04-09,crm
8586,Fabrica Technologies BV,DK,DK4108940,2024-05-16,crm
8587,Orion Distribution BV,LU,LU78513566,2024-05-08,reprise_erp
8588,Delta Services AB,LU,LU79912482,2024-12-07,crm
8589,Textil Consulting SARL,IT,IT75280285269,2024-06-12,reprise_erp
8590,Baltic Industries Sp. z o.o.,FR,FR72390822235,2025-09-22,saisie_manuelle
8591,Meridian Distribution Oy,FR,FR34403223155,2024-08-24,portail_client
8592,Batavia Logistics SA,NL,NL263858685B95,2024-06-03,reprise_erp
8593,Delta Transports SpA,GB,GB51098940,2025-05-02,saisie_manuelle
8594,Orion Trading SA,FR,FR3552895617,2025-04-22,portail_client
8595,Prima Industries NV,BE,BE0906317223,2024-04-29,reprise_erp
8596,Papyrus Distribution Lda,FR,  FR28310019151 ,2025-05-09,saisie_manuelle
8597,Vela Distribution Lda,NL,NL 7014 58458B20,2025-03-11,crm
8598,Corvus Consulting A/S,FR,FR 5779 4936452,2024-02-05,saisie_manuelle
8599,Kappa Distribution SARL,LU,LU.54141528,2025-01-11,crm
8600,Cobalt Technologies AB,SE,  SE773994435801 ,2024-01-28,reprise_erp
8601,Meridian Transports BV,FI,FI02918915,2025-07-05,portail_client
8602,Cobalt Foods Oy,LU,LU26806586,2024-06-30,portail_client
8603,Papyrus Industries Lda,BE,0735812504,2024-06-10,crm
8604,Solaris Technologies SARL,DK,DK45481921,2024-08-28,import_fournisseur
8605,Delta Transports SAS,BE,  BE0355649906 ,2025-04-21,portail_client
8606,Lumen Services SAS,BE,BE1045271411,2024-10-18,reprise_erp
8607,Delta Distribution Oy,NL,  NL806248324B04 ,2024-09-11,crm
8608,Atlantic Distribution SpA,FI,FI06763308,2024-10-01,saisie_manuelle
8609,Solaris Consulting SARL,IT,IT07611251450,2024-09-21,crm
8610,Granit Foods SARL,FR,null,2025-08-28,saisie_manuelle
8611,Metallo Services SARL,DK,DK57197587,2024-02-09,crm
8612,Lusitania Trading AB,FR,FR.77695991447,2025-09-08,portail_client
8613,Kappa Industries GmbH,PL,PL1552860735,2024-09-24,portail_client
8614,Textil Materials NV,BE,BE0514740990,2024-05-11,portail_client
8615,Kappa Logistics SAS,PT,PT201609878,2024-07-02,import_fournisseur
8616,Ardent Distribution SA,SE,SE.911722522801,2024-11-21,crm
8617,Azur Materials BV,SE,SE665258898601,2024-07-08,import_fournisseur
8618,Prima Consulting BV,NL,NL98436O508B57,2024-12-10,crm
8619,Lusitania Consulting SAS,IT,IT90428044912,2024-03-29,saisie_manuelle
8620,Corvus Consulting Oy,FR,62958033450,2024-10-08,saisie_manuelle
8621,Corvus Industries SpA,IT, ,2024-10-15,crm
8622,Vertex Materials Sp. z o.o.,SE,SE413351377201,2024-06-19,import_fournisseur
8623,Textil Foods Lda,IT,IT133575690557,2024-06-29,saisie_manuelle
8624,Global Distribution NV,NL,NL618604235B84,2024-03-02,saisie_manuelle
8625,Azur Foods NV,IT,it84393704717,2025-08-25,saisie_manuelle
8626,Atlantic Industries BV,PT,PT731111249,2024-10-01,portail_client
8627,Cobalt Materials Oy,FI,FI6165854,2025-01-20,saisie_manuelle
8628,Papyrus Logistics SAS,SE,SE117804039801,2025-02-16,import_fournisseur
8629,Hanse Services SA,FR,FR523104792307,2024-08-05,portail_client
8630,Fabrica Services GmbH,UK,UK43717766,2024-02-09,reprise_erp
8631,Vela Industries Sp. z o.o.,FI,FI60972469,2025-02-12,portail_client
8632,Corvus Logistics A/S,FI,FI21927315,2025-04-10,crm
8633,Verso Foods SARL,FR,FR51108547134,2024-06-17,crm
8634,Alpine Industries Sp. z o.o.,PT,PT843052716,2024-12-04,import_fournisseur
8635,Global Technologies NV,PL,PL8530789181,2024-08-05,crm
8636,Azur Distribution GmbH,NL,NL073292679B15,2024-08-04,crm
8637,Nord Technologies BV,SE,SE465998339101,2025-09-27,reprise_erp
8638,Lusitania Foods AB,BE,BE1293401463,2025-09-01,portail_client
8639,Alpine Logistics Sp. z o.o.,BE,BE136270430,2025-08-12,import_fournisseur
8640,Papyrus Services SpA,NL,NL344320662B83,2024-02-12,reprise_erp
8641,Metallo Trading SA,PT,PT414713206,2025-04-29,portail_client
8642,Hanse Distribution Sp. z o.o.,LU,LU48454058,2024-09-29,import_fournisseur
8643,Cobalt Logistics SpA,IT,  IT24197453855 ,2024-04-07,crm
8644,Lusitania Foods A/S,FR,FR74215563444,2024-04-29,reprise_erp
8645,Granit Technologies SARL,BE,BE1438377069,2024-07-13,reprise_erp
8646,Batavia Services SpA,PL,PL132840O141,2025-07-25,portail_client
8647,Verso Consulting Oy,FR,  FR26540457265 ,2025-04-29,portail_client
8648,Verso Services SpA,PT,pt541960636,2024-07-20,portail_client
8649,Kappa Services SA,SE,SE553379347601,2024-04-07,portail_client
8650,Kappa Foods SARL,PL,PL52546179944,2024-01-25,reprise_erp
8651,Global Trading Sp. z o.o.,PT,281677891,2024-08-19,import_fournisseur
8652,Orion Trading A/S,BE,BE.1973116689,2024-04-24,import_fournisseur
8653,Fabrica Logistics SAS,FI,FI42476699,2024-03-18,reprise_erp
8654,Ardent Logistics AB,PL,9747769107,2025-03-06,import_fournisseur
8655,Prima Materials SARL,SE,SE093204057901,2025-07-26,crm
8656,Meridian Distribution NV,PL,PL3884631859,2024-02-18,crm
8657,Papyrus Trading BV,FI,FI 2943 6289,2024-09-09,portail_client
8658,Metallo Foods Lda,IT,IT.05361268658,2024-07-17,reprise_erp
8659,Lumen Services SpA,NL,NL536550359B46,2024-04-04,reprise_erp
8660,Nord Consulting AB,FI,FI13284866,2025-07-06,portail_client
8661,Nord Technologies BV,PT,720382513,2024-09-20,saisie_manuelle
8662,Global Services SAS,FI,FI01348704,2025-03-18,reprise_erp
8663,Atlantic Consulting NV,DK,DK23197297,2024-07-06,portail_client
8664,Azur Services Oy,DK,DKG5519666,2024-07-08,saisie_manuelle
8665,Delta Materials BV,IT,IT8541058K892,2024-01-19,portail_client
8666,Kappa Materials NV,GB,GB35903004,2025-03-01,reprise_erp
8667,Global Industries SARL,LU,LU83359318,2024-01-29,crm
8668,Cobalt Foods SAS,FI,FI959459892,2025-06-15,crm
8669,Lumen Industries SpA,FR,FR27253639388,2025-07-11,portail_client
8670,Verso Technologies SpA,IT,IT37781727021,2024-06-03,crm
8671,Lusitania Technologies BV,SE,SE627074339301,2024-01-27,import_fournisseur
8672,Papyrus Industries NV,FR,FR90593632266,2025-07-14,portail_client
8673,Prima Trading NV,NL,NL962515553B38,2025-03-20,import_fournisseur
8674,Baltic Services Lda,UK,UK28700601,2025-09-17,crm
8675,Fabrica Technologies Oy,IT,  IT37941563985 ,2024-05-30,portail_client
8676,Verso Materials SA,FI,FI68914386,2024-02-15,portail_client
8677,Papyrus Consulting A/S,IT,IT016031760319,2025-05-22,portail_client
8678,Vertex Services Sp. z o.o.,NL,NL970065499B68,2025-06-09,saisie_manuelle
8679,Vela Trading SpA,FR,FR5453096J284,2024-12-27,portail_client
8680,Global Foods NV,IT,IT73604036134,2024-10-31,portail_client
8681,Ardent Materials Sp. z o.o.,BE,BE1901422902,2024-03-13,import_fournisseur
8682,Meridian Consulting GmbH,BE,BE0811634632,2024-12-04,saisie_manuelle
8683,Solaris Logistics Oy,FI,FI36168921,2024-10-27,crm
8684,Lumen Consulting SA,PT,PT532169794,2024-05-27,import_fournisseur
8685,Solaris Industries SAS,FI,FI2998238,2024-05-06,crm
8686,Granit Foods GmbH,DK,DK50329623,2025-07-12,import_fournisseur
8687,Vertex Technologies SpA,FI,FI 3415 1376,2024-04-12,crm
8688,Metallo Logistics SAS,NL,NL336713670B40,2025-03-23,crm
8689,Meridian Consulting Lda,BE,BE 1439 345386,2025-04-28,saisie_manuelle
8690,Global Technologies NV,IT,IT1700376056,2025-03-18,reprise_erp
8691,Fabrica Consulting BV,DK,dk07900457,2025-08-05,reprise_erp
8692,Corvus Consulting Sp. z o.o.,LU,LU.11552806,2024-08-07,import_fournisseur
8693,Batavia Industries SARL,IT,IT2337930M417,2024-08-27,import_fournisseur
8694,Meridian Logistics Lda,PT,PT-781828740,2024-12-23,crm
8695,Nord Foods Sp. z o.o.,FR,FR82675973882,2024-05-24,crm
8696,Vertex Materials GmbH,PL,PL-3127036057,2025-06-25,reprise_erp
8697,Lumen Industries BV,LU,LU.77072776,2025-01-25,crm
8698,Vela Trading GmbH,DK,DK60210798,2024-01-16,reprise_erp
8699,Cobalt Logistics SAS,FI,FI85053736,2024-08-24,reprise_erp
8700,Papyrus Technologies Lda,BE,BE0595180419,2025-08-27,reprise_erp
8701,Baltic Materials Oy,BE,BE14794305382,2024-08-11,reprise_erp
8702,Alpine Industries SARL,BE,BE0801646305,2025-01-13,import_fournisseur
8703,Hanse Trading SA,PT,PT 8295 48211,2024-11-15,saisie_manuelle
8704,Corvus Trading SARL,IT,it33264115016,2024-08-15,reprise_erp
8705,Vertex Distribution SA,LU,LU51771380,2024-09-03,reprise_erp
8706,Cobalt Trading SARL,IT,IT1177601231,2025-05-09,crm
8707,Delta Foods A/S,LU,LU51518957,2024-11-10,saisie_manuelle
8708,Textil Services AB,FR,FR328066574719,2025-03-14,crm
8709,Verso Logistics SA,SE,SE148971220601,2025-01-01,crm
8710,Ardent Materials NV,FI,FI22544797,2024-05-21,crm
8711,Batavia Trading BV,FI,FI16631659,2025-06-03,portail_client
8712,Hanse Distribution Oy,LU,LU 2883 4675,2024-12-03,saisie_manuelle
8713,Vertex Logistics Oy,DK,DK65301725,2024-11-10,crm
8714,Lusitania Foods A/S,IT,IT2155178510K,2024-01-24,portail_client
8715,Orion Technologies SAS,BE, ,2024-01-18,crm
8716,Atlantic Consulting Lda,IT,IT43516311673,2024-02-09,portail_client
8717,Textil Consulting Lda,SE,093828954301,2024-03-18,crm
8718,Textil Trading SAS,FI,FI96491184,2025-08-10,saisie_manuelle
8719,Verso Services SpA,LU,LU5209271,2024-08-08,portail_client
8720,Prima Industries Lda,PT,PT904452310,2024-12-24,saisie_manuelle
8721,Batavia Materials Sp. z o.o.,PT,PT 6825 25065,2024-06-15,crm
8722,Azur Consulting SA,LU,LU88596862,2025-09-08,reprise_erp
8723,Papyrus Industries BV,SE,SE051885881601,2024-01-07,reprise_erp
8724,Papyrus Technologies AB,FI,fi64379216,2024-01-02,reprise_erp
8725,Nord Foods SpA,SE,SE870094056501,2025-05-26,portail_client
8726,Alpine Consulting SpA,NL,NL127746257B46,2025-08-05,reprise_erp
8727,Fabrica Consulting Oy,LU,LU56635952,2024-07-29,saisie_manuelle
8728,Meridian Consulting SARL,LU,LU 8768 4214,2024-11-01,reprise_erp
8729,Solaris Foods A/S,SE,SE.352853171201,2025-01-23,crm
8730,Textil Distribution SARL,LU,LU 1267 1568,2025-04-28,saisie_manuelle
8731,Orion Logistics Oy,NL,NL990823738B77,2025-07-30,portail_client
8732,Verso Consulting Lda,NL,NL157110758B07,2025-04-29,import_fournisseur
8733,Meridian Technologies GmbH,PT,PT669533661,2024-04-05,saisie_manuelle
8734,Atlantic Consulting NV,IT,IT41517653411,2025-05-24,saisie_manuelle
8735,Lusitania Services A/S,FI,FI80838908,2025-03-31,import_fournisseur
8736,Hanse Materials A/S,IT,IT.77041961127,2024-02-20,crm
8737,Metallo Industries SARL,DK,DK28547277,2025-03-06,saisie_manuelle
8738,Corvus Technologies SA,FR,FR77894958J35,2025-08-06,saisie_manuelle
8739,Lumen Logistics NV,BE,be1629731147,2024-03-16,reprise_erp
8740,Nord Distribution AB,IT,77238463713,2025-01-01,portail_client
8741,Vertex Services AB,NL,NL 9359 58939B42,2025-06-30,saisie_manuelle
8742,Alpine Industries GmbH,FI,fi69686725,2024-07-31,reprise_erp
8743,Batavia Trading GmbH,IT,it2170405537,2025-01-28,crm
8744,Corvus Materials Oy,BE,BE.0390134493,2025-07-13,portail_client
8745,Lusitania Services AB,IT,IT.08155230058,2025-07-17,saisie_manuelle
8746,Meridian Materials A/S,FI,11015857,2025-01-03,reprise_erp
8747,Global Consulting Sp. z o.o.,PT,PT367281546,2024-04-08,import_fournisseur
8748,Cobalt Trading AB,NL,  NL104684288B15 ,2025-08-13,crm
8749,Prima Technologies NV,BE,1300729319,2025-07-12,portail_client
8750,Solaris Services NV,NL,NL870267784B80,2025-03-29,import_fournisseur
8751,Lumen Services SARL,NL,NL087544430B02,2024-06-19,reprise_erp
8752,Lumen Industries A/S,LU,LU58884975,2025-04-09,import_fournisseur
8753,Delta Transports SAS,PL,PL6125934003,2024-09-27,crm
8754,Metallo Distribution A/S,DK, ,2025-01-17,import_fournisseur
8755,Verso Consulting BV,NL,NL-700973333B79,2025-06-09,import_fournisseur
8756,Granit Foods SAS,FI,FI57307118,2025-06-14,saisie_manuelle
8757,Textil Technologies A/S,BE,BE01579060036,2025-04-16,reprise_erp
8758,Verso Consulting SARL,FR,FR93807139840,2025-07-16,import_fournisseur
8759,Papyrus Industries NV,LU,97994555,2024-04-22,saisie_manuelle
8760,Granit Trading AB,SE,SE-493403504101,2025-09-11,saisie_manuelle
8761,Baltic Materials NV,UK,UK40182860788,2024-05-03,saisie_manuelle
8762,Solaris Logistics NV,FR,FR.25220702908,2025-04-21,import_fournisseur
8763,Metallo Transports SA,DK,DK6219576K,2024-11-20,saisie_manuelle
8764,Kappa Trading BV,QQ,QQ31884950,2025-04-09,saisie_manuelle
8765,Cobalt Distribution Oy,DK,DK47905950,2024-04-10,import_fournisseur
8766,Nord Consulting SA,PT,PT 1673 95050,2024-06-03,import_fournisseur
8767,Hanse Trading SARL,PL,7204095566,2024-03-29,portail_client
8768,Orion Materials Oy,DK,DK03546472,2025-07-22,saisie_manuelle
8769,Vela Consulting SA,SE,SE 1493 24704101,2024-05-20,crm
8770,Nord Distribution Oy,DK,DK919988154,2024-12-26,import_fournisseur
8771,Baltic Services AB,PT,108596516,2025-09-18,portail_client
8772,Delta Foods Lda,PT,PT845136604,2024-03-29,reprise_erp
8773,Hanse Foods SA,PT,PT741402645,2024-03-21,reprise_erp
8774,Vela Logistics BV,BE,BE1866625834,2024-09-11,portail_client
8775,Ardent Transports SARL,PT,PT390130167,2024-11-15,import_fournisseur
8776,Delta Technologies SARL,FR,FR95769224998,2024-11-17,portail_client
8777,Cobalt Transports Oy,FR,FR29794733939,2025-08-21,crm
8778,Alpine Logistics AB,IT,IT7606043996,2024-01-15,reprise_erp
8779,Cobalt Technologies SpA,IT,IT20154311813,2024-07-15,portail_client
8780,Corvus Materials NV,PL,PL5654227777,2025-03-07,portail_client
8781,Lumen Logistics GmbH,LU,LU35339161,2025-04-03,reprise_erp
8782,Delta Technologies SpA,IT,IT13287048394,2024-10-09,saisie_manuelle
8783,Granit Logistics SARL,BE,BE 1768 264468,2024-09-15,import_fournisseur
8784,Solaris Services SARL,PL,PL2868312461,2025-01-09,reprise_erp
8785,Lumen Materials Oy,FR,FR78520727935,2024-10-13,reprise_erp
8786,Nord Consulting BV,PT,PT858792559,2025-04-11,import_fournisseur
8787,Atlantic Technologies SARL,DK,DK06717934,2025-03-01,reprise_erp
8788,Fabrica Foods GmbH,PT,PT486983013,2024-07-15,saisie_manuelle
8789,Batavia Technologies NV,IT,IT80421576846,2025-08-12,crm
8790,Prima Consulting NV,IT,IT14473785856,2025-04-18,saisie_manuelle
8791,Atlantic Logistics Oy,PT,PT756517524,2025-06-20,crm
8792,Cobalt Logistics BV,NL,-,2024-10-13,portail_client
8793,Lusitania Industries Lda,XX,XX79076597,2025-08-16,import_fournisseur
8794,Hanse Services Oy,PL,PL5943183844,2025-02-13,crm
8795,Meridian Logistics NV,BE,BE0380885445,2024-06-23,crm
8796,Global Materials Lda,FR,FR91249540933,2025-04-05,saisie_manuelle
8797,Textil Foods BV,PL,-,2025-01-23,reprise_erp
8798,Hanse Foods Sp. z o.o.,NL,NL.399362101B83,2025-06-06,import_fournisseur
8799,Global Technologies GmbH,FI,FI70029570,2025-07-11,crm
8800,Prima Consulting AB,IT,IT69587566915,2025-03-27,saisie_manuelle
8801,Lusitania Services Lda,PL,PL8170209217,2025-01-05,reprise_erp
8802,Global Consulting SpA,SE,SE806734807101,2025-03-13,crm
8803,Solaris Consulting Sp. z o.o.,PT,114524165,2025-05-08,portail_client
8804,Meridian Trading SARL,UK,UK9237571180,2024-11-14,import_fournisseur
8805,Kappa Technologies Lda,IT,IT75260735883,2024-07-21,reprise_erp
8806,Orion Transports SpA,DK,DK27844693,2025-07-28,import_fournisseur
8807,Vela Materials Oy,ZZ,ZZ35525629,2024-12-03,saisie_manuelle
8808,Nord Industries SAS,IT,IT72729162143,2024-11-12,crm
8809,Lusitania Industries AB,BE,BE150098809,2025-08-19,crm
8810,Solaris Materials AB,LU,LU406245494,2025-01-01,portail_client
8811,Global Consulting GmbH,DK,DK15883705,2025-05-25,reprise_erp
8812,Atlantic Materials AB,PL,PL1374698415,2024-07-05,crm
8813,Textil Distribution AB,IT,IT-13296266474,2025-01-30,reprise_erp
8814,Corvus Distribution Sp. z o.o.,NL,NL409905598B47,2024-11-02,portail_client
8815,Corvus Foods BV,BE,1917192627,2024-06-13,crm
8816,Textil Distribution BV,PL,PL808081526K,2025-09-22,reprise_erp
8817,Vertex Distribution BV,DK,  DK65426714 ,2024-10-29,crm
8818,Granit Services BV,DK,DK49222955,2024-07-04,saisie_manuelle
8819,Global Consulting SARL,DK,  DK14399216 ,2025-03-13,import_fournisseur
8820,Lusitania Transports GmbH,FI,FI480867985,2024-02-22,portail_client
8821,Fabrica Foods SA,PT,PT.975035568,2024-10-09,reprise_erp
8822,Batavia Technologies BV,BE,BE0503143671,2025-04-07,crm
8823,Solaris Services SARL,IT,IT28130688607,2024-05-18,import_fournisseur
8824,Solaris Services Oy,BE,BE1763177710,2024-03-22,portail_client
8825,Batavia Materials Sp. z o.o.,LU,  LU62753383 ,2025-05-24,saisie_manuelle
8826,Metallo Materials A/S,LU,LU61897022,2024-06-13,import_fournisseur
8827,Batavia Materials AB,PL,PL9431184731,2025-02-17,crm
8828,Hanse Industries BV,FI,FI57203730,2024-06-06,import_fournisseur
8829,Lusitania Technologies Sp. z o.o.,FR,FR73407043610,2025-02-09,saisie_manuelle
8830,Delta Foods Sp. z o.o.,BE,BE1580254387,2025-07-07,portail_client
8831,Granit Distribution BV,PT,PT-956883761,2024-07-02,reprise_erp
8832,Ardent Distribution SA,LU,79 4255 19,2024-09-19,crm
8833,Textil Materials SA,LU,-,2025-07-26,import_fournisseur
8834,Cobalt Foods SAS,LU,LU26863028,2024-07-22,import_fournisseur
8835,Atlantic Logistics SARL,BE,BE1322340919,2025-05-27,saisie_manuelle
8836,Corvus Industries SAS,FR,  FR54258105180 ,2024-10-03,import_fournisseur
8837,Azur Consulting Oy,BE,BE148235360,2025-09-08,import_fournisseur
8838,Cobalt Logistics NV,PL,PL4112702146,2024-06-28,crm
8839,Hanse Trading SARL,BE,BE1971897848,2025-08-31,saisie_manuelle
8840,Corvus Transports NV,SE,SE40041273480O,2024-11-23,portail_client
8841,Azur Consulting SAS,IT,83732537473,2024-04-15,import_fournisseur
8842,Meridian Services SAS,DK,DK26820456,2024-04-08,crm
8843,Orion Foods Oy,LU,73381510,2024-12-28,crm
8844,Papyrus Transports NV,PT,785115200,2025-04-01,saisie_manuelle
8845,Kappa Trading GmbH,FR,FR84788209317,2024-11-05,import_fournisseur
8846,Azur Industries SpA,FI,  FI36906939 ,2024-11-12,import_fournisseur
8847,Cobalt Trading Lda,IT,IT1855655749,2024-06-25,reprise_erp
8848,Ardent Services SpA,NL,NL455155549B27,2024-11-24,crm
8849,Cobalt Industries Oy,PT,PT357650824,2025-08-20,saisie_manuelle
8850,Corvus Logistics SARL,SE,se492780281101,2024-12-06,saisie_manuelle
8851,Delta Distribution SARL,FI,FI80559022,2025-10-01,saisie_manuelle
8852,Cobalt Foods SAS,FI,FI24J77884,2024-06-09,crm
8853,Granit Trading A/S,IT,IT4139369870O,2025-03-16,saisie_manuelle
8854,Nord Logistics AB,GB,GB64343521,2024-02-02,reprise_erp
8855,Metallo Logistics SpA,FR,fr68474874997,2025-04-08,crm
8856,Lusitania Trading SA,NL,NL902477249B27,2024-03-07,reprise_erp
8857,Cobalt Logistics NV,DK,DK66175928,2024-12-02,saisie_manuelle
8858,Orion Materials AB,XX,XX52276918685,2024-05-16,reprise_erp
8859,Ardent Technologies Sp. z o.o.,IT,IT60207564992,2025-05-17,portail_client
8860,Nord Industries SARL,NL,217542980B47,2024-03-03,reprise_erp
8861,Orion Foods NV,PT,PT211732168,2024-02-19,crm
8862,Papyrus Industries Lda,PT,PT770317304,2024-03-17,saisie_manuelle
8863,Alpine Distribution SARL,IT,IT55552784914,2024-04-15,portail_client
8864,Vertex Technologies Oy,BE,BE-0927513802,2024-03-19,reprise_erp
8865,Papyrus Materials Oy,BE,BE1877575946,2024-07-21,saisie_manuelle
8866,Global Foods SA,LU,LU31271255,2024-10-11,crm
8867,Corvus Logistics Oy,NL,NL673556918B87,2024-04-06,reprise_erp
8868,Delta Technologies Oy,FI,FI66563936,2024-10-19,saisie_manuelle
8869,Corvus Services Lda,PT,PT635812126,2024-01-14,crm
8870,Atlantic Services GmbH,FR,fr92722666743,2024-06-28,saisie_manuelle
8871,Orion Industries Lda,LU,LU 6267 0354,2025-09-03,crm
8872,Granit Trading Sp. z o.o.,FR,  FR48793181234 ,2024-02-29,portail_client
8873,Atlantic Consulting SpA,FR,FR1096951234,2025-03-14,saisie_manuelle
8874,Global Industries NV,FI,FI93574117,2024-03-21,saisie_manuelle
8875,Lumen Distribution BV,FR,FR57375638044,2024-12-19,reprise_erp
8876,Cobalt Transports Oy,FR,FR22968264447,2024-02-24,import_fournisseur
8877,Orion Services SpA,DK,DK0525265J,2025-01-21,portail_client
8878,Prima Trading SAS,FR,FR56117870955,2024-11-16,saisie_manuelle
8879,Solaris Technologies SAS,DK,DK63989J45,2024-06-26,portail_client
8880,Kappa Industries Sp. z o.o.,DK,DK26282977,2025-03-08,reprise_erp
8881,Nord Logistics SA,GB,GB1743774047,2025-06-15,reprise_erp
8882,Granit Technologies Sp. z o.o.,SE,SE827488501401,2025-09-22,saisie_manuelle
8883,Cobalt Materials GmbH,FR,FR83763791539,2024-10-31,saisie_manuelle
8884,Vertex Transports SpA,XX,XX3653869147,2024-10-03,import_fournisseur
8885,Prima Consulting SAS,FI,FI42687613,2025-08-22,saisie_manuelle
8886,Atlantic Distribution Sp. z o.o.,SE,SE 0052 05541701,2024-11-27,reprise_erp
8887,Azur Trading SAS,FR,  FR90622863895 ,2025-06-02,portail_client
8888,Textil Consulting AB,SE,se140501855501,2024-10-20,crm
8889,Hanse Consulting SpA,PT,PT215779976,2025-08-16,import_fournisseur
8890,Fabrica Technologies SARL,PL,PL7532871377,2024-07-04,crm
8891,Baltic Foods SARL,NL,NL643611253B21,2025-02-23,portail_client
8892,Delta Materials A/S,SE,,2024-01-12,saisie_manuelle
8893,Atlantic Foods NV,NL,NL804081645B37,2025-08-02,crm
8894,Solaris Trading Lda,FR,FR0388497202,2025-07-24,import_fournisseur
8895,Vertex Transports NV,FR,FR04207100978,2025-05-06,import_fournisseur
8896,Verso Industries GmbH,FI,FI35928415,2024-12-17,reprise_erp
8897,Papyrus Industries Oy,IT,IT-68799090573,2025-04-28,saisie_manuelle
8898,Solaris Distribution Oy,BE,BE0690590609,2025-02-27,crm
8899,Orion Logistics SpA,DK,DK 2687 1476,2025-03-04,portail_client
8900,Global Technologies AB,FR,FR61503740578,2025-04-18,portail_client
8901,Prima Industries Lda,IT,IT81803909753,2024-02-07,crm
8902,Nord Logistics SAS,IT,  IT80489219446 ,2025-07-08,import_fournisseur
8903,Batavia Logistics SARL,IT,  IT52566208535 ,2024-03-05,crm
8904,Lumen Services BV,NL,NL658569417B35,2024-02-02,portail_client
8905,Fabrica Services NV,LU,LU76558803,2025-04-21,saisie_manuelle
8906,Lusitania Logistics Oy,PL,PL135642046,2024-11-07,reprise_erp
8907,Vertex Consulting GmbH,FR,FR41992944228,2025-07-02,reprise_erp
8908,Global Trading Oy,NL,NL082237803B06,2024-12-09,import_fournisseur
8909,Ardent Materials SpA,NL,NL968443436B53,2025-08-08,import_fournisseur
8910,Alpine Materials Lda,NL,NL181526335B97,2025-02-01,reprise_erp
8911,Verso Foods Lda,DK,DK52221846,2025-05-17,crm
8912,Nord Technologies Sp. z o.o.,IT,IT83272633923,2025-08-22,import_fournisseur
8913,Metallo Logistics Oy,DK,DK.29647968,2025-05-09,reprise_erp
8914,Alpine Foods SpA,LU,LU66719652,2025-08-02,portail_client
8915,Granit Services A/S,NL,NL524644597B97,2025-08-17,import_fournisseur
8916,Alpine Consulting Oy,FI,fi91136826,2024-06-06,import_fournisseur
8917,Batavia Technologies BV,BE,BE1368979806,2024-03-23,crm
8918,Papyrus Transports Lda,FR,FR54822531690,2025-01-11,saisie_manuelle
8919,Fabrica Foods NV,BE,BE1738567919,2024-01-22,saisie_manuelle
8920,Azur Materials NV,PT,PT827732392,2024-11-21,saisie_manuelle
8921,Batavia Technologies Lda,IT,IT48545507O46,2025-06-01,import_fournisseur
8922,Meridian Materials NV,SE,  SE242806987201 ,2024-01-09,saisie_manuelle
8923,Corvus Services SA,DK,DK29691584,2024-07-19,saisie_manuelle
8924,Metallo Logistics GmbH,IT,  IT69852244453 ,2024-10-11,portail_client
8925,Verso Logistics A/S,LU,lu65952131,2024-09-29,saisie_manuelle
8926,Nord Consulting NV,LU,LU83211554,2025-01-12,saisie_manuelle
8927,Kappa Technologies SARL,BE,BE 1857 264146,2024-10-10,crm
8928,Meridian Transports NV,IT,IT85351706776,2025-05-02,reprise_erp
8929,Cobalt Trading GmbH,PL,  PL9415113664 ,2025-06-11,portail_client
8930,Lusitania Materials Sp. z o.o.,FI,FI75859186,2024-05-23,reprise_erp
8931,Vela Distribution SARL,PL,PL2680158289,2024-04-09,crm
8932,Lusitania Distribution SpA,IT,IT 8677 0065448,2025-02-15,reprise_erp
8933,Meridian Services SA,DK,DK30236440,2025-02-27,reprise_erp
8934,Azur Distribution SARL,IT,IT37678352461,2025-05-02,reprise_erp
8935,Granit Distribution NV,DK,dk07794886,2025-04-03,import_fournisseur
8936,Corvus Transports SARL,DK,DK48551211,2024-06-10,portail_client
8937,Fabrica Services SARL,DK,DK85200817,2024-12-31,crm
8938,Corvus Consulting Sp. z o.o.,PT,PT868828680,2025-07-29,saisie_manuelle
8939,Lumen Consulting SA,LU,LU 3721 3829,2025-09-23,portail_client
8940,Azur Consulting SA,LU,LU.47144108,2025-04-12,import_fournisseur
8941,Atlantic Transports AB,PT,pt227795288,2024-11-14,saisie_manuelle
8942,Lusitania Consulting Lda,FI,FI-42589677,2025-08-28,crm
8943,Global Technologies Sp. z o.o.,SE,SE320461873401,2024-07-11,saisie_manuelle
8944,Batavia Technologies NV,PT,-,2024-12-06,crm
8945,Batavia Materials BV,IT,IT40343016446,2024-10-30,portail_client
8946,Azur Technologies BV,FR,FR 1165 2380322,2024-04-04,saisie_manuelle
8947,Batavia Consulting BV,NL,NL887811966O95,2024-01-27,import_fournisseur
8948,Delta Materials AB,DK,dk98734058,2025-07-27,saisie_manuelle
8949,Lumen Materials SAS,DK,DK02791602,2024-01-11,import_fournisseur
8950,Nord Technologies Sp. z o.o.,PL,PL-5182984601,2025-05-07,crm
8951,Alpine Logistics Lda,PT,PT435458930,2024-03-24,crm
8952,Azur Services BV,PT,PT210441585,2024-12-14,reprise_erp
8953,Vertex Logistics NV,FR,84922734349,2025-06-28,import_fournisseur
8954,Batavia Logistics Lda,FI,FI76059539,2025-07-20,saisie_manuelle
8955,Kappa Industries SpA,IT,83173935947,2025-09-25,crm
8956,Meridian Industries BV,DK,DK 6026 5984,2024-02-11,saisie_manuelle
8957,Global Technologies AB,FR,FR59407701404,2024-11-22,reprise_erp
8958,Nord Logistics Sp. z o.o.,BE,  BE1731957665 ,2025-07-29,import_fournisseur
8959,Cobalt Logistics AB,FR,FR34139247937,2024-10-03,reprise_erp
8960,Solaris Industries A/S,PL,PL2428097314,2024-03-10,saisie_manuelle
8961,Baltic Industries GmbH,SE,SE-297366510801,2024-07-26,import_fournisseur
8962,Hanse Distribution SARL,IT,IT-40603656139,2024-03-20,import_fournisseur
8963,Solaris Technologies SAS,LU,  LU60293044 ,2024-07-19,portail_client
8964,Atlantic Logistics SAS,XX,XX33819566005,2025-03-11,import_fournisseur
8965,Baltic Technologies Sp. z o.o.,IT,IT64195171646,2025-02-26,saisie_manuelle
8966,Meridian Logistics GmbH,FR,FR70247553729,2024-02-20,import_fournisseur
8967,Azur Distribution BV,PT,PT 3258 79796,2024-12-29,saisie_manuelle
8968,Batavia Materials SARL,SE,  SE467983297401 ,2024-10-27,reprise_erp
8969,Papyrus Technologies BV,BE, ,2024-11-19,reprise_erp
8970,Cobalt Distribution SA,ZZ,ZZ69879354,2025-05-28,crm
8971,Metallo Services Sp. z o.o.,NL,nl321596766b13,2024-11-04,crm
8972,Cobalt Industries A/S,FR,FR89626973529,2024-01-26,import_fournisseur
8973,Azur Foods Lda,DK,DK92912671,2025-07-29,crm
8974,Cobalt Distribution SA,FI,FI93284670,2025-07-21,crm
8975,Meridian Trading SpA,LU,LU32758868,2024-03-08,reprise_erp
8976,Fabrica Materials BV,PT,PT630213810,2025-06-02,saisie_manuelle
8977,Batavia Logistics Lda,IT,IT.66479030745,2024-01-01,saisie_manuelle
8978,Lusitania Transports SAS,IT,it43137987665,2024-12-21,saisie_manuelle
8979,Vertex Foods AB,SE,SE008425485101,2024-02-23,portail_client
8980,Cobalt Industries Sp. z o.o.,PL,PL2753581457,2025-07-22,crm
8981,Ardent Transports SpA,NL,NL381791063B96,2025-09-05,crm
8982,Alpine Services SAS,FR,FR34629445294,2024-04-30,reprise_erp
8983,Cobalt Distribution Oy,IT,IT-04945879023,2025-01-20,reprise_erp
8984,Ardent Transports AB,PL,PL-8580263311,2025-08-07,reprise_erp
8985,Orion Consulting BV,BE,BE02539942031,2025-06-10,import_fournisseur
8986,Granit Consulting BV,SE,SE743314784501,2025-03-02,portail_client
8987,Meridian Services NV,PL,PL8673040839,2024-08-12,saisie_manuelle
8988,Atlantic Trading Sp. z o.o.,SE,SE069078095201,2024-05-19,saisie_manuelle
8989,Hanse Distribution Sp. z o.o.,PT,PT978318606,2024-12-04,crm
8990,Metallo Distribution A/S,LU,LU98692504,2024-12-25,saisie_manuelle
8991,Nord Foods GmbH,FI,FI69017905,2024-04-24,import_fournisseur
8992,Batavia Trading SAS,PL,PL 9120 212347,2024-06-06,crm
8993,Alpine Logistics SAS,PT,PT905916077,2024-09-15,saisie_manuelle
8994,Orion Foods BV,DK,DK53187455,2024-12-09,crm
8995,Cobalt Trading Sp. z o.o.,FI,FI61051266,2024-02-01,portail_client
8996,Global Industries Oy,BE,BE-1394065984,2025-08-30,portail_client
8997,Nord Industries Oy,FI,FI13082877,2024-05-06,crm
8998,Metallo Distribution SA,PT,PT593562313,2024-04-21,saisie_manuelle
8999,Kappa Industries A/S,FR,FR96615998916,2024-06-02,crm
9000,Kappa Materials SAS,PL,N/A,2025-07-02,reprise_erp
9001,Orion Foods Lda,DK,DK.43630032,2024-03-29,saisie_manuelle
9002,Prima Consulting A/S,IT,IT84527906952,2024-02-24,portail_client
9003,Corvus Materials SARL,DK,DK99642068,2024-01-30,crm
9004,Papyrus Transports SA,SE,SE863345269601,2024-10-12,saisie_manuelle
9005,Vela Materials SAS,DK,DK42812854,2025-02-14,import_fournisseur
9006,Hanse Transports GmbH,PT,757548172,2025-02-09,crm
9007,Verso Transports NV,BE,BE0133756961,2025-02-11,portail_client
9008,Batavia Foods SpA,NL,NL495392001B43,2025-04-07,saisie_manuelle
9009,Corvus Logistics Sp. z o.o.,DK,DK66757285,2024-10-17,portail_client
9010,Fabrica Consulting SAS,NL,NL247026529B67,2024-12-07,reprise_erp
9011,Nord Logistics NV,FR,fr48994402690,2024-12-29,saisie_manuelle
9012,Ardent Technologies AB,PT,PT617542406,2025-02-22,import_fournisseur
9013,Papyrus Services A/S,NL,NL719408908B69,2024-05-04,reprise_erp
9014,Granit Technologies SAS,SE,SE305457188401,2025-07-09,saisie_manuelle
9015,Kappa Materials SAS,NL,  253360018B13 ,2025-04-27,saisie_manuelle
9016,Global Materials Lda,SE,SE512299127501,2024-06-24,portail_client
9017,Delta Distribution GmbH,NL,NL850897373B74,2025-02-19,saisie_manuelle
9018,Papyrus Materials BV,LU,LU8668781,2025-06-27,reprise_erp
9019,Cobalt Trading Sp. z o.o.,UK,UK113821611,2025-02-18,portail_client
9020,Azur Services SA,FR,FR-63579263162,2025-03-12,crm
9021,Corvus Trading A/S,IT,IT64701519016,2025-03-09,portail_client
9022,Prima Distribution A/S,FI,  FI06251863 ,2024-03-22,import_fournisseur
9023,Delta Technologies GmbH,FI,  FI76695574 ,2025-09-05,crm
9024,Cobalt Services SARL,SE,SE3830K4203201,2024-08-13,reprise_erp
9025,Lumen Distribution SpA,DK,DK 2233 0918,2024-08-23,crm
9026,Vertex Services BV,BE,BE09328572M5,2024-07-13,saisie_manuelle
9027,Fabrica Trading NV,NL,nl862894529b10,2024-08-22,reprise_erp
9028,Cobalt Trading SpA,PT,,2025-07-30,reprise_erp
9029,Lumen Logistics AB,SE,SE265796838001,2025-03-04,crm
9030,Granit Technologies GmbH,NL,NL575181278B20,2024-04-09,reprise_erp
9031,Global Industries Sp. z o.o.,DK,16881910,2025-01-01,saisie_manuelle
9032,Hanse Technologies A/S,BE,BE08648352710,2024-12-09,import_fournisseur
9033,Global Industries Oy,BE,BE0608560875,2025-02-01,saisie_manuelle
9034,Meridian Transports Sp. z o.o.,BE,BE1723353874,2025-02-18,crm
9035,Orion Logistics SARL,GB,GB962408298,2024-05-19,crm
9036,Solaris Industries BV,LU,LU24879439,2024-01-26,crm
9037,Papyrus Logistics AB,IT,IT-67747228152,2024-10-06,portail_client
9038,Vela Trading SpA,LU,lu90480531,2025-03-13,import_fournisseur
9039,Metallo Materials SARL,IT,IT58885025575,2025-01-26,saisie_manuelle
9040,Vela Materials GmbH,SE,SE 9908 21811901,2024-05-31,crm
9041,Ardent Materials GmbH,FI,24956728,2025-02-10,import_fournisseur
9042,Papyrus Transports AB,SE,SE7141525357013,2025-01-20,portail_client
9043,Baltic Logistics BV,DK,19590739,2024-08-23,crm
9044,Papyrus Trading Lda,NL,,2024-09-01,saisie_manuelle
9045,Vela Transports SpA,PT,PT.205117716,2024-05-13,import_fournisseur
9046,Fabrica Materials Oy,IT,IT 3573 3657122,2025-03-28,reprise_erp
9047,Kappa Distribution SpA,PL,3677870794,2025-07-29,crm
9048,Solaris Foods BV,FI,FI16524429,2025-05-12,portail_client
9049,Metallo Distribution SA,ZZ,ZZ930766032,2025-04-07,saisie_manuelle
9050,Azur Consulting A/S,LU,LU20575980,2024-08-08,import_fournisseur
9051,Fabrica Trading SAS,PL,PL4890423184,2025-08-27,saisie_manuelle
9052,Papyrus Industries SA,PL,PL2780080925,2024-05-23,portail_client
9053,Granit Logistics Lda,IT,IT90942421045,2024-05-31,reprise_erp
9054,Textil Trading Lda,SE,SE000306227501,2024-12-11,reprise_erp
9055,Baltic Trading AB,SE,712109896101,2024-03-15,reprise_erp
9056,Orion Trading AB,LU,LU.23186217,2024-12-15,import_fournisseur
9057,Granit Logistics SA,QQ,QQ19312119,2024-06-09,crm
9058,Ardent Materials SAS,LU,LU68415108,2024-10-03,saisie_manuelle
9059,Ardent Logistics Sp. z o.o.,DK,DK34600453,2025-05-14,saisie_manuelle
9060,Vela Logistics GmbH,NL,NL219498504B79,2024-03-28,portail_client
9061,Solaris Consulting NV,SE,SE766932O82601,2025-03-10,reprise_erp
9062,Verso Technologies Lda,SE,SE884297154401,2024-03-24,portail_client
9063,Granit Transports Oy,LU,LU97174139,2025-09-08,saisie_manuelle
9064,Nord Logistics SA,FR,FR54249708569,2024-07-26,reprise_erp
9065,Cobalt Consulting Oy,FR,FR37363343255,2024-08-30,portail_client
9066,Cobalt Logistics A/S,NL,NL138880773B482,2025-03-29,saisie_manuelle
9067,Meridian Foods Lda,PL,PL1562463148,2025-09-18,crm
9068,Granit Consulting SpA,SE,SE034360669501,2024-12-25,reprise_erp
9069,Meridian Logistics SpA,XX,XX51744369763,2024-09-16,import_fournisseur
9070,Corvus Technologies Oy,LU,LU.68640234,2024-05-23,portail_client
9071,Delta Consulting Oy,FI,FI16425628,2024-10-06,crm
9072,Baltic Distribution SAS,PT,-,2024-01-24,saisie_manuelle
9073,Fabrica Services Lda,LU,LU83715723,2024-07-27,import_fournisseur
9074,Meridian Foods BV,PT,PT452294143,2024-06-20,saisie_manuelle
9075,Prima Technologies SA,QQ,QQ44543541,2024-11-01,saisie_manuelle
9076,Vertex Trading SA,SE,254768032801,2024-01-14,reprise_erp
9077,Corvus Consulting BV,PT,PT283533218,2024-07-31,import_fournisseur
9078,Ardent Materials SpA,IT,IT21960607972,2024-10-18,saisie_manuelle
9079,Alpine Technologies GmbH,NL,NL569190162B54,2024-04-11,import_fournisseur
9080,Meridian Foods GmbH,GB,GB4437392019,2024-02-20,crm
9081,Cobalt Transports GmbH,NL,NL375071902B42,2024-11-12,portail_client
9082,Azur Technologies SARL,PL,  PL8992975239 ,2025-04-30,reprise_erp
9083,Verso Technologies BV,PL,N/A,2024-12-28,portail_client
9084,Nord Transports AB,DK,DK16747181,2024-12-15,import_fournisseur
9085,Atlantic Distribution SARL,NL,NL895572197B25,2024-12-24,crm
9086,Ardent Foods SA,NL,NL869018255B87,2024-06-18,crm
9087,Fabrica Services SpA,SE,SE828019760201,2024-04-11,import_fournisseur
9088,Azur Foods AB,NL,NL306790160B63,2024-06-27,reprise_erp
9089,Textil Foods NV,PT,PT339363010,2024-01-26,reprise_erp
9090,Granit Consulting AB,PT,PT 7938 70003,2025-01-16,portail_client
9091,Batavia Trading Sp. z o.o.,SE,SE872672310201,2025-07-24,saisie_manuelle
9092,Textil Trading Lda,IT,IT78793316281,2024-06-20,import_fournisseur
9093,Baltic Logistics SARL,FI,FI.05679673,2024-11-07,reprise_erp
9094,Global Industries NV,PL,PL 3857 320227,2025-01-02,portail_client
9095,Verso Foods SARL,SE,SE410585080601,2025-08-13,reprise_erp
9096,Lusitania Technologies A/S,BE,BE0386423622,2025-09-14,reprise_erp
9097,Alpine Services Lda,SE,SE948086987501,2024-06-29,reprise_erp
9098,Baltic Foods BV,FR,FR719814553641,2024-01-04,import_fournisseur
9099,Papyrus Consulting Oy,BE,BE1109288337,2025-04-22,portail_client
9100,Ardent Industries SAS,IT,08538180715,2024-06-04,reprise_erp
9101,Hanse Technologies Sp. z o.o.,FR,fr64400703202,2024-04-12,saisie_manuelle
9102,Vertex Materials GmbH,NL,NL245691820B7,2024-12-27,saisie_manuelle
9103,Atlantic Transports Lda,NL,NL885416363B81,2024-09-22,reprise_erp
9104,Ardent Transports BV,LU,LU71824010,2025-01-14,reprise_erp
9105,Fabrica Transports BV,PT,PT425981126,2025-08-18,reprise_erp
9106,Meridian Industries Oy,IT,IT56791822010,2024-11-09,saisie_manuelle
9107,Global Distribution SpA,BE,  BE1921247425 ,2024-04-24,import_fournisseur
9108,Metallo Distribution Sp. z o.o.,DK,,2024-10-31,crm
9109,Vela Materials A/S,FI,FI49824043,2024-12-10,import_fournisseur
9110,Textil Materials SARL,FR,FR75755869708,2024-09-10,import_fournisseur
9111,Verso Logistics BV,PT,N/A,2024-01-08,reprise_erp
9112,Fabrica Services A/S,NL,NL453739509B18,2025-08-21,crm
9113,Fabrica Technologies SAS,XX,XX12513905,2024-09-22,portail_client
9114,Vertex Industries Oy,PL,PL-3915188863,2025-05-09,import_fournisseur
9115,Ardent Services SARL,PT,PT675515963,2024-01-21,import_fournisseur
9116,Corvus Foods SARL,FI,24234418,2024-09-24,reprise_erp
9117,Vela Transports SA,PT,PT698024575,2025-04-09,crm
9118,Atlantic Materials GmbH,IT,IT.37811628439,2025-08-30,reprise_erp
9119,Ardent Foods NV,PL,PL17732282O5,2024-07-06,reprise_erp
9120,Solaris Foods SAS,PL,PL3773970908,2025-08-13,import_fournisseur
9121,Nord Distribution Sp. z o.o.,PT,PT957548931,2024-05-28,crm
9122,Prima Foods A/S,IT,  IT27143602020 ,2025-08-25,saisie_manuelle
9123,Atlantic Industries NV,PL,PL.9222595228,2024-11-18,import_fournisseur
9124,Global Materials AB,FI,FI05768754,2024-09-08,saisie_manuelle
9125,Lumen Distribution BV,DK,DK 3928 9067,2024-08-24,reprise_erp
9126,Vela Consulting SA,NL,NL461404J17B07,2025-08-18,portail_client
9127,Global Materials A/S,BE,0412434201,2025-04-26,portail_client
9128,Lumen Trading GmbH,LU,99465277,2025-03-12,import_fournisseur
9129,Lumen Services Lda,PT,PT6203540207,2024-01-07,portail_client
9130,Prima Foods A/S,BE,0112496541,2024-05-29,portail_client
9131,Textil Distribution GmbH,DK,DK88892860,2025-07-08,portail_client
9132,Atlantic Transports NV,DK,DK63427525,2024-09-02,reprise_erp
9133,Textil Materials BV,PT,PT720707790,2025-03-11,portail_client
9134,Atlantic Industries NV,PL,PL21886631736,2025-01-31,saisie_manuelle
9135,Prima Distribution AB,NL,NL294838211B01,2024-07-07,portail_client
9136,Verso Transports BV,PT,PT692782265,2025-08-06,saisie_manuelle
9137,Kappa Technologies Sp. z o.o.,LU,  LU63544675 ,2024-02-01,saisie_manuelle
9138,Prima Services SAS,DK,DK90945491,2025-02-23,reprise_erp
9139,Vela Services SA,NL,  NL361461884B12 ,2025-09-26,import_fournisseur
9140,Global Industries Lda,DK,DK39123659,2024-05-05,saisie_manuelle
9141,Hanse Trading A/S,DK,DK56501940,2024-02-01,saisie_manuelle
9142,Textil Materials Oy,LU,LU57888327,2024-01-04,portail_client
9143,Hanse Logistics BV,PT,PT96048H764,2024-03-19,reprise_erp
9144,Nord Industries SARL,IT,it71016883770,2025-02-13,import_fournisseur
9145,Baltic Industries Lda,PL,PL4168657928,2024-01-19,reprise_erp
9146,Metallo Materials BV,PT,PT284420450,2025-06-14,import_fournisseur
9147,Orion Logistics BV,LU,LU27892836,2024-09-16,portail_client
9148,Alpine Distribution BV,SE,se168612238101,2024-08-08,saisie_manuelle
9149,Hanse Transports Lda,BE,BE1112475578,2024-03-29,saisie_manuelle
9150,Textil Transports AB,DK,DK19819159,2025-07-16,crm
9151,Papyrus Trading Oy,DK,87470784,2024-07-02,saisie_manuelle
9152,Meridian Industries Sp. z o.o.,PL,PL.1933204063,2025-08-30,saisie_manuelle
9153,Lumen Services Sp. z o.o.,PL,null,2024-12-28,import_fournisseur
9154,Global Logistics SA,NL,NL 3355 26196B69,2025-01-01,import_fournisseur
9155,Kappa Trading SpA,FR,FR.47506390678,2024-08-23,portail_client
9156,Lumen Materials BV,FR,FR37227221506,2024-01-09,import_fournisseur
9157,Alpine Trading SA,PL,PL2915127789,2024-02-26,reprise_erp
9158,Hanse Transports GmbH,PT,757548172,2024-10-08,reprise_erp
9159,Batavia Trading SARL,FI,FI77868764,2025-07-12,import_fournisseur
9160,Granit Transports NV,DK,DK32165192,2025-01-09,portail_client
9161,Fabrica Industries SA,DK,DK18979128,2024-07-24,import_fournisseur
9162,Meridian Transports Lda,DK,DK20167572,2024-10-15,import_fournisseur
9163,Delta Technologies SAS,PL,PL3675289954,2024-04-13,import_fournisseur
9164,Vela Industries SAS,PT,PT15712320,2025-04-02,reprise_erp
9165,Baltic Logistics BV,PT,PT532646320,2025-09-11,reprise_erp
9166,Alpine Consulting Lda,DK,DK38457004,2024-01-14,import_fournisseur
9167,Cobalt Foods A/S,DK,DK74497896,2025-06-21,portail_client
9168,Baltic Industries A/S,PL,PL3801463053,2024-07-09,crm
9169,Global Transports BV,PL,PL9834704921,2024-06-28,crm
9170,Global Logistics SpA,BE,BE0134806739,2025-03-12,saisie_manuelle
9171,Textil Consulting SA,SE,se059765424301,2024-06-01,saisie_manuelle
9172,Atlantic Industries SpA,SE,SE.395825086601,2024-05-06,saisie_manuelle
9173,Azur Transports Sp. z o.o.,PT,PT591678888,2025-03-09,saisie_manuelle
9174,Batavia Foods Sp. z o.o.,IT,IT69181855748,2024-05-22,saisie_manuelle
9175,Verso Industries GmbH,LU,LUJ6535765,2025-08-26,saisie_manuelle
9176,Vela Materials SAS,FR,53694655361,2025-07-25,portail_client
9177,Delta Trading Sp. z o.o.,BE,BE08076997962,2025-09-10,portail_client
9178,Prima Industries BV,NL,nl005719823b11,2025-01-26,portail_client
9179,Granit Logistics Lda,FI,FI16484142,2025-04-25,crm
9180,Nord Trading SA,PL,PL9118652647,2025-07-25,import_fournisseur
9181,Fabrica Industries SA,LU,47520938,2024-11-12,crm
9182,Orion Industries Sp. z o.o.,DK,DK86080021,2024-10-11,portail_client
9183,Atlantic Industries AB,SE,SE616379728201,2025-08-08,crm
9184,Vela Materials Lda,DK,,2025-07-10,crm
9185,Hanse Trading GmbH,IT,IT37394441929,2025-05-28,saisie_manuelle
9186,Hanse Consulting AB,DK,DK89608228,2024-05-03,import_fournisseur
9187,Meridian Logistics SpA,LU,LU72332178,2025-02-12,reprise_erp
9188,Lusitania Industries Sp. z o.o.,LU,LU 7463 9642,2024-01-04,reprise_erp
9189,Corvus Services Oy,IT,IT79672693235,2024-09-26,import_fournisseur
9190,Delta Distribution SAS,ZZ,ZZ18221713185,2024-09-15,import_fournisseur
9191,Lusitania Materials BV,PL,PL5278123022,2025-07-08,import_fournisseur
9192,Textil Services A/S,LU,92278836,2024-04-19,saisie_manuelle
9193,Fabrica Foods NV,LU,LU69921026,2024-12-08,import_fournisseur
9194,Azur Industries Oy,FI,FI 5300 7492,2024-06-26,portail_client
9195,Lumen Services SpA,DK,DK27132642,2025-03-01,portail_client
9196,Cobalt Transports GmbH,IT,IT-76797889284,2025-02-23,portail_client
9197,Ardent Industries Lda,FI,FI53192034,2024-11-05,saisie_manuelle
9198,Cobalt Consulting AB,FI,-,2025-04-10,crm
9199,Atlantic Industries AB,BE,BE171237029H,2024-05-06,saisie_manuelle
9200,Orion Materials SpA,BE,0339918682,2024-03-21,import_fournisseur
9201,Meridian Logistics SA,PT,PT.841152667,2024-06-22,crm
9202,Prima Materials AB,SE,SE349028716001,2024-05-08,reprise_erp
9203,Batavia Materials SAS,BE,BE1993724835,2024-04-25,saisie_manuelle
9204,Meridian Consulting Oy,IT,IT28685522238,2025-06-25,saisie_manuelle
9205,Global Distribution Sp. z o.o.,QQ,QQ310743667B47,2024-08-24,import_fournisseur
9206,Metallo Distribution SARL,FI,null,2024-02-23,import_fournisseur
9207,Hanse Trading SARL,DK,DK87837572,2025-04-03,crm
9208,Kappa Trading AB,IT,IT48504598614,2024-09-16,crm
9209,Ardent Services Oy,IT,IT24G15324047,2025-06-27,crm
9210,Metallo Consulting SpA,NL,  NL048129471B63 ,2025-09-09,reprise_erp
9211,Global Consulting SARL,IT,IT91O49072614,2025-02-09,crm
9212,Solaris Materials SAS,BE,BE0482792853,2025-09-24,import_fournisseur
9213,Prima Logistics Oy,XX,XX201142501001,2025-08-14,crm
9214,Solaris Foods A/S,FI,FI02875396,2024-12-19,saisie_manuelle
9215,Alpine Trading NV,FR,FR65731976600,2025-09-23,import_fournisseur
9216,Hanse Technologies BV,DK,DK66K35679,2025-01-23,reprise_erp
9217,Cobalt Foods Sp. z o.o.,NL,NL965676122B95,2025-03-20,reprise_erp
9218,Vela Foods SAS,DK,41257717,2025-08-12,reprise_erp
9219,Ardent Services SAS,BE,be1504714181,2025-05-21,import_fournisseur
9220,Papyrus Foods BV,BE,BE1892368347,2025-02-09,reprise_erp
9221,Atlantic Logistics SARL,FI,FI41140325,2025-06-16,reprise_erp
9222,Cobalt Industries BV,FR,FR74781851481,2024-08-10,import_fournisseur
9223,Fabrica Consulting SA,PT,PT24512082,2025-06-28,import_fournisseur
9224,Batavia Transports GmbH,SE,SE159532979601,2024-10-16,reprise_erp
9225,Orion Trading GmbH,LU,LU.25331016,2025-09-21,import_fournisseur
9226,Metallo Services A/S,ZZ,ZZ656677825101,2024-06-06,crm
9227,Ardent Consulting BV,SE,SE.716315521601,2025-01-21,portail_client
9228,Batavia Foods SpA,FI,FI5534623,2025-07-05,portail_client
9229,Verso Consulting NV,DK,DK54928149,2024-07-13,reprise_erp
9230,Papyrus Materials SAS,LU,LU80768207,2024-05-08,portail_client
9231,Solaris Transports SA,FI,FI45686464,2025-02-03,saisie_manuelle
9232,Ardent Services NV,IT,IT67384342514,2025-03-25,import_fournisseur
9233,Textil Services SpA,SE,  SE085401673001 ,2024-01-01,crm
9234,Alpine Logistics AB,IT,IT 4442 4396057,2025-09-22,import_fournisseur
9235,Vela Services BV,FI,FI87183996,2025-05-24,reprise_erp
9236,Atlantic Consulting AB,FR,FR 6792 0906249,2024-12-23,import_fournisseur
9237,Orion Foods SARL,SE,SE506292520301,2024-04-27,reprise_erp
9238,Vela Transports Oy,IT,IT80622604462,2025-01-30,import_fournisseur
9239,Ardent Distribution SAS,NL,NL133244659B26,2025-01-15,saisie_manuelle
9240,Ardent Industries NV,PT,pt762909080,2025-07-16,portail_client
9241,Alpine Technologies SARL,BE,BE-0181513130,2025-08-09,import_fournisseur
9242,Vela Distribution SpA,NL,164876285B76,2024-05-11,portail_client
9243,Textil Consulting NV,FR,FR1452098111K,2025-07-27,import_fournisseur
9244,Cobalt Materials Lda,IT,IT53324490779,2025-06-07,saisie_manuelle
9245,Delta Transports SpA,IT,IT62833748780,2024-04-09,crm
9246,Granit Distribution GmbH,NL,NL354491155B89,2024-09-04,portail_client
9247,Alpine Industries SA,IT,IT.74523181126,2025-03-08,reprise_erp
9248,Corvus Distribution SARL,NL,NL436126588B12,2024-12-04,portail_client
9249,Textil Services BV,ZZ,ZZ562839208,2025-02-09,reprise_erp
9250,Verso Transports SpA,PT,pt860199223,2024-01-14,reprise_erp
9251,Vela Technologies SpA,LU,lu88149337,2024-04-08,reprise_erp
9252,Global Consulting Sp. z o.o.,FI,FI2430603,2024-09-12,crm
9253,Delta Transports Sp. z o.o.,DK,  DK82813438 ,2025-06-24,crm
9254,Lumen Logistics GmbH,DK,DK9032744,2025-01-01,saisie_manuelle
9255,Cobalt Materials SAS,PT,PT 5292 70439,2025-02-12,import_fournisseur
9256,Global Distribution SpA,FI,FI-24268597,2025-06-16,saisie_manuelle
9257,Batavia Technologies SA,PT,PT947852182,2024-04-10,portail_client
9258,Verso Technologies BV,BE, ,2025-06-13,reprise_erp
9259,Atlantic Technologies GmbH,FI,FI27178722,2024-06-24,crm
9260,Granit Foods AB,NL,nl161037215b96,2024-05-08,reprise_erp
9261,Azur Consulting Oy,IT,IT74942499469,2024-06-27,import_fournisseur
9262,Meridian Services GmbH,BE,BE1384367271,2025-09-27,saisie_manuelle
9263,Azur Trading SARL,DK,DK53007538,2024-07-16,import_fournisseur
9264,Nord Foods Lda,LU,LU95004357,2024-08-03,saisie_manuelle
9265,Papyrus Distribution GmbH,LU,LU62961630,2024-02-04,portail_client
9266,Textil Services Oy,PT,PT795665164,2025-07-26,portail_client
9267,Lumen Materials NV,NL,NL618486549B191,2024-03-27,import_fournisseur
9268,Solaris Foods GmbH,BE,BE 1556 995597,2024-11-07,import_fournisseur
9269,Solaris Industries SAS,LU,LU22903538,2024-10-28,saisie_manuelle
9270,Lusitania Technologies GmbH,FR,FR68838241459,2025-07-18,saisie_manuelle
9271,Vela Industries A/S,LU,89528938,2024-09-22,portail_client
9272,Delta Foods NV,PL,PL7391861078,2024-06-30,saisie_manuelle
9273,Lusitania Foods BV,PT,PT8910358008,2024-08-17,portail_client
9274,Vertex Technologies Oy,FR,FR521265297M8,2024-04-22,import_fournisseur
9275,Batavia Foods SAS,GB,GB215292672701,2024-04-17,import_fournisseur
9276,Lusitania Foods SARL,PL,PL9647776579,2025-01-01,portail_client
9277,Baltic Consulting A/S,PL,PL6812992064,2024-02-14,crm
9278,Nord Logistics BV,SE,SE264211459001,2024-01-23,saisie_manuelle
9279,Lumen Transports SpA,IT,IT86272716704,2024-01-02,reprise_erp
9280,Textil Trading NV,SE,  SE994867581501 ,2025-02-01,portail_client
9281,Vertex Distribution Sp. z o.o.,PL,PL4447103382,2024-07-03,portail_client
9282,Vertex Foods GmbH,SE,SE 9272 47615201,2025-02-21,import_fournisseur
9283,Papyrus Services GmbH,SE,  486602710701 ,2024-12-22,crm
9284,Meridian Foods A/S,LU,LU59360968,2024-08-21,reprise_erp
9285,Ardent Technologies SARL,BE,BE 1658 032876,2025-01-24,portail_client
9286,Meridian Services AB,IT,it27525324045,2025-09-20,portail_client
9287,Textil Services NV,NL,NL717684763B24,2025-01-06,crm
9288,Vertex Technologies NV,PT,PT687715032,2024-12-06,portail_client
9289,Prima Transports Sp. z o.o.,SE,SE856536908301,2025-03-21,saisie_manuelle
9290,Baltic Services Lda,DK,DK99861398,2024-11-29,portail_client
9291,Orion Trading BV,PT,N/A,2024-05-10,reprise_erp
9292,Delta Consulting SA,LU,LU 7920 4938,2025-05-31,crm
9293,Alpine Distribution Lda,IT,IT78885300810,2024-05-26,import_fournisseur
9294,Batavia Technologies Lda,PT,272739413,2024-01-28,reprise_erp
9295,Metallo Services A/S,PT,pt788460587,2024-02-09,saisie_manuelle
9296,Alpine Materials SARL,LU,  LU67021545 ,2025-01-07,crm
9297,Granit Industries SA,NL,NL520778728B605,2025-08-09,crm
9298,Kappa Transports Sp. z o.o.,PT,PT 5292 65044,2024-08-27,portail_client
9299,Vertex Trading GmbH,PL,-,2024-10-06,crm
9300,Orion Consulting AB,DK,DK03165549,2025-08-21,reprise_erp
9301,Hanse Materials NV,DK,DK11973477,2025-08-19,import_fournisseur
9302,Meridian Trading AB,PL,PL6858025791,2025-09-29,saisie_manuelle
9303,Batavia Technologies SpA,BE,BE.1785937274,2025-03-07,portail_client
9304,Vertex Transports Oy,BE,BE0399708987,2024-09-10,portail_client
9305,Kappa Logistics BV,BE,1982877859,2024-10-17,crm
9306,Granit Transports AB,NL,NL983102867B829,2024-09-25,reprise_erp
9307,Meridian Consulting A/S,IT,IT 4050 8817729,2024-11-02,reprise_erp
9308,Hanse Transports Lda,BE,BE1481898692,2024-11-09,crm
9309,Orion Materials SpA,FR,49135372307,2024-03-16,crm
9310,Alpine Industries GmbH,DK,dk25947973,2025-04-02,saisie_manuelle
9311,Vertex Transports A/S,LU,LU82108762,2025-09-12,crm
9312,Lusitania Industries A/S,QQ,QQ52339135552,2024-11-26,reprise_erp
9313,Vela Trading Oy,LU,LU3960498,2025-05-19,import_fournisseur
9314,Nord Technologies Oy,DK,DK76830703,2024-11-12,reprise_erp
9315,Meridian Services Oy,ZZ,ZZ58728159,2024-08-08,import_fournisseur
9316,Solaris Foods BV,NL,NL396549068B641,2024-10-07,saisie_manuelle
9317,Ardent Logistics SpA,BE,BE0740505720,2024-10-02,saisie_manuelle
9318,Meridian Technologies SpA,DK,DK-18902915,2025-01-30,reprise_erp
9319,Textil Foods NV,DK,DK02493004,2024-04-13,reprise_erp
9320,Granit Logistics SA,FR,FR77393648364,2024-08-28,import_fournisseur
9321,Orion Services SARL,FR,FR50483714513,2024-11-14,import_fournisseur
9322,Delta Distribution AB,NL,  NL561547221B71 ,2024-02-07,crm
9323,Orion Services AB,PT,PT221224734,2024-10-11,import_fournisseur
9324,Metallo Industries GmbH,DK,DK.68848016,2024-10-12,reprise_erp
9325,Metallo Materials AB,SE,761636825901,2024-11-04,saisie_manuelle
9326,Orion Services Lda,IT,IT62204997670,2024-02-16,reprise_erp
9327,Atlantic Foods SpA,DK,  DK17558781 ,2025-05-03,crm
9328,Prima Logistics SpA,LU,LU55147247,2024-07-26,saisie_manuelle
9329,Prima Materials SARL,PL,PL8917470281,2025-03-19,portail_client
9330,Lumen Logistics AB,FI,FI 5455 0294,2024-12-06,portail_client
9331,Vertex Consulting SAS,IT,IT715917441401,2025-09-23,saisie_manuelle
9332,Meridian Industries GmbH,FR,FR31485729123,2025-03-21,crm
9333,Atlantic Technologies GmbH,IT,IT.38523756823,2024-12-06,portail_client
9334,Azur Logistics GmbH,LU,LU 8536 5376,2024-12-23,saisie_manuelle
9335,Ardent Distribution SARL,FR,FR-86100565292,2024-04-29,saisie_manuelle
9336,Global Industries SpA,FR,FR10992035263,2025-01-25,crm
9337,Kappa Trading SA,PT,PT450354105,2025-01-29,import_fournisseur
9338,Corvus Consulting A/S,SE,SE169765045301,2024-08-08,portail_client
9339,Orion Industries BV,LU,LU36993248,2024-08-10,reprise_erp
9340,Lumen Trading Sp. z o.o.,IT,IT67818344534,2024-01-12,reprise_erp
9341,Meridian Logistics Sp. z o.o.,PT,pt160571227,2024-05-30,import_fournisseur
9342,Textil Distribution NV,BE,0711014057,2024-08-25,reprise_erp
9343,Meridian Transports SARL,DK,DK68442796,2024-12-04,import_fournisseur
9344,Azur Logistics GmbH,FR,fr26721028488,2025-08-28,import_fournisseur
9345,Kappa Services SpA,BE,  BE0398945063 ,2024-01-24,portail_client
9346,Baltic Industries SpA,DK,DK638343003,2024-07-16,saisie_manuelle
9347,Papyrus Transports SARL,SE,SE791766199801,2024-08-09,saisie_manuelle
9348,Hanse Technologies SpA,FR,FR53988093780,2024-09-30,import_fournisseur
9349,Orion Services SA,IT,IT51752952245,2024-10-30,saisie_manuelle
9350,Meridian Materials SA,FR,FR93888422543,2025-02-05,reprise_erp
9351,Prima Consulting SAS,LU,LU676405052,2025-01-10,portail_client
9352,Lusitania Logistics AB,BE,BE0716324214,2025-01-04,crm
9353,Nord Transports Sp. z o.o.,BE,BE1767978890,2025-05-09,portail_client
9354,Baltic Logistics Oy,GB,GB1208500630,2025-06-03,reprise_erp
9355,Meridian Consulting BV,FI,FI62154930,2025-03-05,import_fournisseur
9356,Vertex Materials GmbH,PT,pt3589k2263,2025-06-25,import_fournisseur
9357,Meridian Services Oy,FI,FI8320287,2024-06-28,saisie_manuelle
9358,Orion Technologies Sp. z o.o.,DK,DK 2214 7005,2024-02-16,saisie_manuelle
9359,Cobalt Logistics NV,LU,LU.73653358,2025-07-11,portail_client
9360,Corvus Distribution GmbH,PT,PT607048140,2024-07-22,saisie_manuelle
9361,Papyrus Technologies BV,QQ,QQ51972864,2025-03-22,portail_client
9362,Fabrica Distribution AB,LU,LU8261586,2024-02-14,import_fournisseur
9363,Textil Distribution GmbH,LU,lu84824171,2024-06-01,reprise_erp
9364,Fabrica Trading Oy,SE,,2025-09-05,crm
9365,Granit Materials SARL,NL,NL798292684B50,2025-03-07,import_fournisseur
9366,Corvus Services Oy,PT,PT154853054,2024-05-08,reprise_erp
9367,Corvus Distribution BV,LU,null,2025-07-19,portail_client
9368,Papyrus Logistics Sp. z o.o.,QQ,QQ0386158483,2024-03-24,reprise_erp
9369,Fabrica Materials A/S,NL,NL855743724B57,2024-07-26,import_fournisseur
9370,Fabrica Trading SpA,UK,UK7953607873,2025-06-24,reprise_erp
9371,Azur Trading NV,BE,BE-1103503771,2024-11-28,reprise_erp
9372,Papyrus Foods SpA,FI,FI65627742,2025-07-06,portail_client
9373,Meridian Services GmbH,DK,14573585,2024-02-06,crm
9374,Solaris Materials NV,PL,pl2153086140,2024-01-09,crm
9375,Ardent Foods A/S,FI,FI363167285,2025-08-30,crm
9376,Granit Logistics SpA,FR,FR37639727295,2024-10-10,portail_client
9377,Kappa Foods Lda,NL,N/A,2025-01-16,saisie_manuelle
9378,Alpine Technologies BV,BE,BE0907723228,2025-01-13,crm
9379,Lumen Services Lda,FI,-,2024-11-27,import_fournisseur
9380,Cobalt Materials SpA,FI,FI35425078,2024-12-12,reprise_erp
9381,Orion Industries Sp. z o.o.,NL,NL543981691B83,2025-02-20,portail_client
9382,Lumen Transports BV,SE,524442207601,2024-04-24,saisie_manuelle
9383,Prima Trading Sp. z o.o.,PT,PT-299986284,2024-05-29,import_fournisseur
9384,Textil Materials BV,DK,DK10061164,2024-11-04,crm
9385,Vela Industries SAS,SE,536862254301,2024-04-07,reprise_erp
9386,Prima Trading SARL,GB,GB27946303,2024-04-12,crm
9387,Kappa Logistics SAS,DK,DK56033378,2024-05-21,reprise_erp
9388,Delta Distribution Sp. z o.o.,SE,SE463792797301,2025-06-13,saisie_manuelle
9389,Azur Consulting BV,GB,GB97101574,2025-01-06,import_fournisseur
9390,Metallo Distribution Oy,IT,IT26343473471,2025-08-21,saisie_manuelle
9391,Nord Technologies Oy,SE,  SE175305943301 ,2024-05-29,reprise_erp
9392,Azur Logistics SpA,SE,SE990176292301,2024-10-06,saisie_manuelle
9393,Batavia Services A/S,BE,BE06976269683,2024-06-16,import_fournisseur
9394,Global Transports GmbH,BE,BE 0993 877737,2024-01-04,portail_client
9395,Granit Materials BV,DK,  DK08949271 ,2024-09-16,reprise_erp
9396,Atlantic Transports SA,NL,NL663988378B40,2024-03-27,saisie_manuelle
9397,Azur Industries GmbH,PL,PL-1037030104,2025-08-31,crm
9398,Lumen Services AB,NL,NL720051067B49,2024-08-20,crm
9399,Lumen Transports SA,FR,FR08555610502,2024-03-02,saisie_manuelle
9400,Global Trading Oy,NL,  NL082237803B06 ,2024-03-11,crm
9401,Lumen Technologies Lda,FI,FI 6427 400,2024-01-13,import_fournisseur
9402,Orion Consulting SAS,IT,IT947877073090,2025-09-07,portail_client
9403,Vertex Materials BV,PT,PT821562649,2025-04-03,portail_client
9404,Hanse Trading SA,FI,FI78319417,2025-05-21,portail_client
9405,Alpine Foods NV,DK, ,2025-02-26,saisie_manuelle
9406,Alpine Technologies SpA,PL,PL467J735810,2024-07-20,crm
9407,Granit Trading SARL,IT,IT.28887652510,2024-10-12,saisie_manuelle
9408,Nord Services NV,NL,NL484900377B26,2024-12-11,import_fournisseur
9409,Alpine Logistics SpA,SE,SE390103958001,2025-03-10,import_fournisseur
9410,Papyrus Logistics Lda,FR,FR40627899310,2025-01-28,crm
9411,Batavia Materials Lda,NL,NL527968882B27,2024-09-27,crm
9412,Prima Consulting Lda,LU,LU27743J17,2024-02-21,portail_client
9413,Solaris Technologies BV,LU,LU17577387,2024-01-02,crm
9414,Delta Trading A/S,BE,BE0211456337,2025-03-04,crm
9415,Verso Materials SpA,FR,FR67625554J53,2024-07-10,portail_client
9416,Lumen Technologies NV,SE,SE853400431501,2024-02-13,saisie_manuelle
9417,Granit Trading Lda,LU,LU55460748,2025-06-20,saisie_manuelle
9418,Nord Foods A/S,LU,LU40277823,2024-08-13,crm
9419,Azur Services SAS,FI,FI20707577,2025-05-14,reprise_erp
9420,Vela Services Lda,SE,SE-535620587101,2025-08-15,saisie_manuelle
9421,Textil Foods BV,NL,NL604014661B61,2025-01-01,crm
9422,Fabrica Technologies Lda,IT,IT94138062719,2025-09-11,reprise_erp
9423,Hanse Foods SAS,BE,BE0406620535,2024-07-18,reprise_erp
9424,Verso Materials Sp. z o.o.,FR,FR.19435518136,2025-05-21,crm
9425,Ardent Distribution Sp. z o.o.,NL,NL3003O0132B57,2024-01-14,crm
9426,Baltic Industries Lda,GB,GB052874156401,2025-07-27,reprise_erp
9427,Prima Services Lda,FR,fr63213232789,2025-04-18,portail_client
9428,Solaris Transports SA,PL,PL8834858463,2025-09-03,portail_client
9429,Verso Industries Oy,IT,IT17178672980,2024-11-13,reprise_erp
9430,Alpine Trading NV,FI,fi97126186,2024-01-04,portail_client
9431,Hanse Transports SARL,PT,PT346701708,2024-09-18,crm
9432,Delta Materials SAS,BE,BE1873091774,2025-03-24,portail_client
9433,Lusitania Industries SA,IT,it42299752917,2024-08-03,reprise_erp
9434,Verso Transports SpA,SE,SE9653294463013,2025-02-25,reprise_erp
9435,Solaris Industries SARL,PT,PT355152694,2025-06-04,portail_client
9436,Alpine Industries A/S,PT,PT728725436,2025-02-27,import_fournisseur
9437,Verso Technologies GmbH,NL,NL842423047B540,2025-07-30,crm
9438,Lumen Materials A/S,QQ,QQ88245789069,2024-10-21,reprise_erp
9439,Lumen Industries Sp. z o.o.,PL,PL14634847H6,2025-02-05,crm
9440,Textil Logistics AB,FR,FR.63276565350,2025-06-25,reprise_erp
9441,Metallo Distribution SA,ZZ,  ZZ930766032 ,2025-04-06,saisie_manuelle
9442,Granit Trading NV,PL,PL10419888659,2024-03-16,import_fournisseur
9443,Baltic Distribution BV,DK,DK38751811,2025-09-13,portail_client
9444,Meridian Industries NV,BE,BE04983603633,2024-05-05,crm
9445,Hanse Industries GmbH,FI,FI06381154,2025-04-17,import_fournisseur
9446,Delta Logistics A/S,IT,IT01839832217,2024-02-29,crm
9447,Baltic Distribution AB,IT,-,2024-03-04,saisie_manuelle
9448,Fabrica Consulting A/S,BE,  BE1223337274 ,2025-01-25,crm
9449,Metallo Distribution SAS,LU,LU65144554,2024-04-03,saisie_manuelle
9450,Lusitania Transports BV,LU,LU9888596K,2025-07-31,saisie_manuelle
9451,Baltic Transports Sp. z o.o.,SE,SE 6109 69226601,2024-10-14,import_fournisseur
9452,Lumen Services SA,DK,DK.40331557,2025-04-15,reprise_erp
9453,Ardent Industries A/S,FR,  FR20298387846 ,2024-06-29,import_fournisseur
9454,Verso Logistics BV,PL,PL1438832246,2025-07-25,crm
9455,Lusitania Materials NV,NL,NL195742625B60,2024-05-20,reprise_erp
9456,Lusitania Trading A/S,SE,SE452214954001,2024-11-19,portail_client
9457,Lumen Materials SA,NL,NL059906960B72,2024-04-26,import_fournisseur
9458,Vela Trading BV,DK,DK32759866,2024-07-22,saisie_manuelle
9459,Cobalt Foods BV,NL,NL549667313B28,2024-02-26,saisie_manuelle
9460,Vela Foods SpA,NL,NL542019966B45,2024-09-21,crm
9461,Batavia Technologies SARL,DK,DK1582203,2025-07-16,reprise_erp
9462,Lumen Consulting SARL,LU,LU40482452,2024-04-27,saisie_manuelle
9463,Fabrica Foods AB,FR,FR.95316491951,2024-05-14,import_fournisseur
9464,Kappa Transports Oy,IT,IT770297334K1,2024-02-21,import_fournisseur
9465,Textil Materials A/S,PT,PT613000340,2024-03-02,import_fournisseur
9466,Metallo Services A/S,BE,BE-1892208593,2025-06-12,portail_client
9467,Nord Technologies Lda,PT,  PT258772425 ,2025-08-04,portail_client
9468,Ardent Industries BV,FI,FI2787857,2024-11-15,portail_client
9469,Global Logistics A/S,IT,IT77560437199,2024-07-04,reprise_erp
9470,Hanse Foods NV,PT,PT951575465,2024-05-13,portail_client
9471,Papyrus Materials SAS,FI,FI16844152,2025-07-07,saisie_manuelle
9472,Orion Industries NV,LU,LU55755741,2025-03-14,portail_client
9473,Cobalt Technologies BV,BE,BE0698255104,2024-08-22,saisie_manuelle
9474,Fabrica Foods AB,LU,LU97076982,2024-10-17,portail_client
9475,Vela Distribution Lda,BE,  BE0634782846 ,2025-08-01,crm
9476,Vela Technologies Sp. z o.o.,PL,PL9136525534,2024-01-14,crm
9477,Vela Consulting SAS,IT,IT04356511271,2025-02-23,portail_client
9478,Ardent Distribution A/S,LU,56789676,2025-01-24,saisie_manuelle
9479,Delta Technologies SpA,SE,SE616824424901,2025-08-03,import_fournisseur
9480,Solaris Services A/S,NL,NL492536296B84,2024-11-16,saisie_manuelle
9481,Vela Materials AB,SE,SE966834425301,2024-10-13,saisie_manuelle
9482,Kappa Consulting BV,LU,LU2801851,2024-10-20,crm
9483,Batavia Transports Sp. z o.o.,PT,PT798886921,2025-07-30,saisie_manuelle
9484,Atlantic Logistics GmbH,PT,PT210109427,2025-01-26,crm
9485,Cobalt Transports NV,SE,N/A,2024-08-07,import_fournisseur
9486,Corvus Trading A/S,PL,PL 2593 740595,2025-07-12,saisie_manuelle
9487,Papyrus Technologies Oy,BE,BE1345506596,2024-06-28,portail_client
9488,Delta Consulting SpA,NL,NL 6692 31782B33,2025-01-26,portail_client
9489,Solaris Distribution GmbH,FR,FR40102788252,2024-09-10,crm
9490,Corvus Distribution BV,BE,BE0205796089,2024-08-31,crm
9491,Meridian Technologies SA,DK,null,2025-01-22,crm
9492,Alpine Foods Sp. z o.o.,FR,FR54725029424,2024-07-10,saisie_manuelle
9493,Prima Logistics SARL,SE,SE839217031501,2025-07-09,import_fournisseur
9494,Textil Technologies NV,FR,  FR02723772610 ,2025-02-09,import_fournisseur
9495,Vela Materials SA,DK,DK4535907,2024-09-14,import_fournisseur
9496,Delta Services BV,ZZ,ZZ37531981732,2024-10-12,reprise_erp
9497,Corvus Logistics SAS,PL,PL2213582585,2024-03-02,import_fournisseur
9498,Verso Foods BV,LU,LU25421531,2024-05-01,crm
9499,Nord Trading Sp. z o.o.,FI,FI28417203,2024-12-30,portail_client
9500,Vela Foods SAS,XX,XX238287464B52,2025-09-27,saisie_manuelle
9501,Cobalt Industries BV,PT,PT5182328162,2025-07-06,crm
9502,Vertex Foods Lda,ZZ,ZZ91625466858,2025-03-09,saisie_manuelle
9503,Orion Materials SAS,LU,LU85796424,2025-01-06,portail_client
9504,Nord Technologies GmbH,LU,73043108,2025-08-14,saisie_manuelle
9505,Metallo Foods SpA,FI,FI76940912,2024-06-15,import_fournisseur
9506,Prima Distribution Oy,PT,PT794563635,2025-05-29,crm
9507,Verso Logistics SpA,IT,IT58466112430,2024-01-03,reprise_erp
9508,Vertex Distribution Sp. z o.o.,DK,DK75507720,2025-08-28,reprise_erp
9509,Granit Consulting GmbH,UK,UK04786506,2025-08-15,saisie_manuelle
9510,Metallo Services SpA,IT,38764134730,2025-08-03,import_fournisseur
9511,Fabrica Foods Oy,LU,LU25390274,2025-05-23,portail_client
9512,Global Trading A/S,PL,PL3605374689,2025-04-20,saisie_manuelle
9513,Lumen Logistics SAS,BE,BE-1996114894,2024-11-06,crm
9514,Ardent Services NV,FI,FI13256275,2024-08-20,portail_client
9515,Alpine Services NV,FR,FR45957778554,2024-01-04,reprise_erp
9516,Hanse Technologies Oy,LU,LU11786832,2025-04-17,reprise_erp
9517,Nord Materials SAS,BE,BE1967510287,2024-03-20,reprise_erp
9518,Vertex Technologies SARL,FI,FI99465915,2025-01-03,import_fournisseur
9519,Corvus Services BV,BE,BE0417035383,2025-05-06,reprise_erp
9520,Corvus Services Lda,PL,pl2025736804,2024-01-02,reprise_erp
9521,Vertex Materials BV,DK,DK-01383604,2024-10-08,saisie_manuelle
9522,Batavia Services BV,LU,LU38839083,2024-10-22,reprise_erp
9523,Vertex Technologies SARL,FI,78000959,2025-04-08,crm
9524,Baltic Transports A/S,LU,LU700779820,2025-01-19,import_fournisseur
9525,Kappa Foods SA,FR,null,2025-09-18,crm
9526,Vertex Trading SAS,PL,  PL3551278661 ,2024-02-14,crm
9527,Hanse Distribution Lda,SE,434941276901,2024-07-08,crm
9528,Textil Distribution Oy,FI,FI1233419,2025-06-05,saisie_manuelle
9529,Baltic Transports AB,IT,IT37616586642,2025-03-03,import_fournisseur
9530,Verso Foods Lda,LU,LU11712388,2024-03-11,import_fournisseur
9531,Prima Materials SpA,BE,BE01531486M7,2024-10-02,reprise_erp
9532,Verso Materials Oy,PT,PT957490402,2024-09-13,reprise_erp
9533,Meridian Consulting SARL,SE,se082387119901,2025-07-24,reprise_erp
9534,Lusitania Consulting BV,FI,FI89451K10,2025-09-11,reprise_erp
9535,Orion Foods GmbH,LU,  LU23159113 ,2024-05-28,reprise_erp
9536,Hanse Services SA,FI,FI62207779,2025-09-19,import_fournisseur
9537,Atlantic Industries A/S,FR,FR93323802711,2024-07-03,reprise_erp
9538,Delta Technologies NV,FI,FI42482714,2025-10-01,reprise_erp
9539,Prima Transports AB,BE,BE 1607 528243,2024-08-17,saisie_manuelle
9540,Global Trading BV,SE,SE754494250601,2024-04-13,import_fournisseur
9541,Cobalt Transports SAS,FR,FR82204382386,2024-01-16,import_fournisseur
9542,Textil Services Oy,FR,  FR031696965500 ,2024-10-03,saisie_manuelle
9543,Global Materials GmbH,IT,IT318002909626,2024-04-26,crm
9544,Nord Consulting A/S,NL,NL973007928B84,2024-06-17,reprise_erp
9545,Vertex Logistics A/S,LU,LU87024545,2025-03-04,crm
9546,Prima Materials AB,SE,SE019796158401,2024-06-16,crm
9547,Vela Logistics Oy,FI,FI42273306,2024-04-02,reprise_erp
9548,Meridian Logistics SAS,ZZ,ZZ79314159,2024-06-18,saisie_manuelle
9549,Azur Distribution SAS,PT,PT217009549,2024-10-15,import_fournisseur
9550,Orion Trading SARL,IT,IT07551207819,2025-02-17,saisie_manuelle
9551,Vertex Transports BV,LU,LU68965987,2024-06-21,crm
9552,Hanse Trading Lda,SE,SE799328492201,2024-08-15,reprise_erp
9553,Delta Consulting A/S,ZZ,ZZ25081439819,2024-01-04,crm
9554,Hanse Materials GmbH,FR,FR16958344934,2024-10-08,crm
9555,Verso Industries SA,LU,lu31183164,2025-02-09,reprise_erp
9556,Baltic Services A/S,LU,LU3282G028,2024-11-15,import_fournisseur
9557,Vela Distribution BV,FR,FR09154670713,2025-02-24,crm
9558,Vertex Trading Oy,NL,NL787486437B7,2024-07-21,portail_client
9559,Prima Technologies NV,ZZ,ZZ491197462,2025-08-01,crm
9560,Delta Industries SARL,SE,SE-565334702001,2024-04-10,crm
9561,Alpine Consulting SARL,IT,IT3595682769,2025-02-15,reprise_erp
9562,Vertex Logistics BV,BE,BE1356723558,2025-01-27,portail_client
9563,Global Logistics SA,PL,PL7112899604,2024-11-10,portail_client
9564,Lusitania Materials NV,BE,BE1145696593,2024-06-24,crm
9565,Fabrica Consulting Sp. z o.o.,LU,44778829,2024-06-22,portail_client
9566,Prima Technologies SpA,FR,fr65525841318,2024-12-28,portail_client
9567,Kappa Consulting AB,BE,BE1730319058,2025-08-04,saisie_manuelle
9568,Cobalt Foods SA,BE,0198517032,2025-06-03,portail_client
9569,Verso Logistics AB,BE,BE.1951926644,2025-04-22,portail_client
9570,Papyrus Transports Oy,DK,DK84824833,2025-09-14,saisie_manuelle
9571,Hanse Trading SARL,BE,BE1971897848,2025-01-20,saisie_manuelle
9572,Ardent Logistics SAS,SE,103637986301,2025-02-21,import_fournisseur
9573,Hanse Consulting AB,DK,dk89608228,2024-04-22,crm
9574,Papyrus Industries SAS,BE,BE1989171476,2025-08-08,import_fournisseur
9575,Orion Materials Oy,DK,dk03546472,2025-03-08,crm
9576,Textil Logistics GmbH,DK,DK38305328,2024-07-10,crm
9577,Delta Logistics BV,SE,SE287617221801,2024-11-15,portail_client
9578,Cobalt Logistics GmbH,SE,SE122670151201,2025-04-21,saisie_manuelle
9579,Ardent Logistics SA,PT,PT799549002,2024-08-20,portail_client
9580,Alpine Logistics SAS,NL,NL723299845B15,2024-06-01,crm
9581,Global Materials A/S,PL,PL1898924818,2025-05-31,reprise_erp
9582,Orion Materials BV,IT,IT03830193839,2024-04-11,portail_client
9583,Fabrica Distribution Oy,GB,GB10126749034,2025-09-15,reprise_erp
9584,Lusitania Industries Lda,LU, ,2024-05-30,import_fournisseur
9585,Cobalt Materials SAS,DK,DK27962262,2025-07-21,portail_client
9586,Batavia Materials SARL,BE,be0678796595,2024-05-20,reprise_erp
9587,Ardent Consulting GmbH,NL,NL533M63768B69,2025-01-08,saisie_manuelle
9588,Lusitania Consulting AB,PT,446559288,2024-12-11,import_fournisseur
9589,Fabrica Trading SAS,NL,NL5254409H7B14,2025-08-09,import_fournisseur
9590,Papyrus Transports SA,NL,NL809363483BK7,2024-01-02,crm
9591,Lumen Consulting SARL,DK,dk82581529,2025-05-28,saisie_manuelle
9592,Hanse Logistics Lda,PT,PT713568801,2024-12-08,crm
9593,Vertex Logistics NV,BE,BE1559287806,2025-04-13,portail_client
9594,Nord Trading SAS,DK,DK81532479,2025-01-10,import_fournisseur
9595,Metallo Foods Lda,NL, ,2025-04-14,saisie_manuelle
9596,Cobalt Trading SARL,BE,BE1924195433,2025-02-03,crm
9597,Solaris Logistics Sp. z o.o.,FI,FI59519069,2024-01-09,crm
9598,Hanse Materials Lda,IT,IT20829803527,2024-04-06,crm
9599,Lusitania Transports GmbH,FR,FR62273807090,2025-06-11,saisie_manuelle
9600,Vela Transports SpA,IT,IT55011047531,2024-05-14,portail_client
9601,Baltic Foods GmbH,UK,UK137477325,2024-04-02,crm
9602,Atlantic Foods BV,FR,FR3K437737047,2024-04-08,crm
9603,Verso Consulting Oy,NL,511204097B41,2025-03-14,import_fournisseur
9604,Azur Services SpA,FR,FR6656495566,2024-12-08,reprise_erp
9605,Verso Foods AB,BE,BE0979513621,2025-07-28,portail_client
9606,Cobalt Materials AB,DK,DK62517158,2024-05-25,saisie_manuelle
9607,Alpine Consulting AB,SE,SE04776574720,2025-03-10,portail_client
9608,Nord Transports Sp. z o.o.,SE,SE721035578501,2025-08-23,portail_client
9609,Metallo Logistics SARL,NL,nl229841338b77,2024-04-03,import_fournisseur
9610,Metallo Transports Oy,LU,LU60637013,2024-08-16,portail_client
9611,Meridian Trading Oy,PL,PL3886374875,2024-11-19,import_fournisseur
9612,Fabrica Foods Lda,PT,PT694007536,2025-04-20,saisie_manuelle
9613,Granit Technologies A/S,DK,DK25395417,2025-01-22,portail_client
9614,Textil Consulting SARL,PT,282326243,2024-04-15,reprise_erp
9615,Solaris Services GmbH,FR,FR79705170035,2024-02-14,reprise_erp
9616,Kappa Foods Oy,DK,DK 5646 3615,2024-12-12,portail_client
9617,Alpine Consulting A/S,XX,XX0903602213,2024-07-17,crm
9618,Orion Logistics Lda,PL,PL31283814194,2025-07-08,portail_client
9619,Verso Trading GmbH,IT,IT502709598566,2025-03-04,reprise_erp
9620,Metallo Materials Lda,SE,SE5095400H2001,2025-05-09,crm
9621,Kappa Materials GmbH,BE,BEM267691020,2024-11-14,saisie_manuelle
9622,Baltic Services Oy,NL,NL997912716B50,2024-07-06,crm
9623,Nord Transports SARL,NL,NL 6618 34517B55,2025-04-22,reprise_erp
9624,Prima Materials SAS,FR,  FR89334300179 ,2025-03-30,reprise_erp
9625,Delta Logistics NV,SE,SE546899136201,2025-08-01,import_fournisseur
9626,Vertex Distribution SA,FI,FIJ0339280,2024-05-16,reprise_erp
9627,Batavia Consulting SAS,FR, ,2025-05-03,reprise_erp
9628,Kappa Logistics SpA,FI,FI03442402,2024-03-19,reprise_erp
9629,Papyrus Materials Oy,DK,DK95840051,2025-01-17,crm
9630,Kappa Distribution BV,BE,BE.1860947572,2025-03-04,reprise_erp
9631,Lumen Technologies NV,SE,SE537212037701,2025-08-12,crm
9632,Vertex Consulting A/S,FR,  95612094601 ,2025-09-09,import_fournisseur
9633,Fabrica Technologies SARL,LU,LU40956374,2025-02-09,import_fournisseur
9634,Verso Consulting NV,FR,FR-15115469965,2025-03-29,reprise_erp
9635,Papyrus Transports SA,FI,FI-67829649,2024-07-09,import_fournisseur
9636,Cobalt Logistics NV,DK,DK95757314,2024-07-25,reprise_erp
9637,Hanse Logistics SAS,PL,PL3053795606,2024-01-19,crm
9638,Corvus Distribution AB,PT,PT452789464,2024-04-26,reprise_erp
9639,Kappa Distribution NV,LU,LU14071203,2025-08-05,import_fournisseur
9640,Hanse Trading Sp. z o.o.,DK,DK.20226196,2024-07-23,crm
9641,Corvus Materials Lda,UK,UK407203084B88,2024-08-03,saisie_manuelle
9642,Orion Materials SpA,BE,BE0010451826,2024-01-16,import_fournisseur
9643,Granit Services SARL,PT,PT.345019652,2024-03-29,import_fournisseur
9644,Lusitania Consulting BV,PL,PL2162242088,2024-03-11,crm
9645,Metallo Trading SARL,DK,DK 2856 9033,2024-12-13,portail_client
9646,Hanse Consulting BV,FR,FR96887837613,2024-11-20,reprise_erp
9647,Granit Technologies BV,NL,nl344348015b83,2024-01-22,saisie_manuelle
9648,Prima Distribution SARL,PL,PL2890074208,2024-12-24,reprise_erp
9649,Alpine Services SpA,FR,FR56550168818,2025-09-20,saisie_manuelle
9650,Granit Services Sp. z o.o.,FI,58715965,2025-01-25,saisie_manuelle
9651,Ardent Industries Sp. z o.o.,FR,FR56264045299,2025-07-08,saisie_manuelle
9652,Lumen Materials GmbH,DK,DK37K72014,2024-02-17,reprise_erp
9653,Textil Foods NV,GB,GB641096437,2025-03-27,crm
9654,Kappa Industries Oy,SE,699666031901,2025-05-18,saisie_manuelle
9655,Global Logistics SARL,FR,FR743086883911,2025-08-03,import_fournisseur
9656,Kappa Logistics Sp. z o.o.,FR,FR29127638070,2024-01-08,crm
9657,Nord Materials BV,FI,FI81738823,2024-12-22,saisie_manuelle
9658,Lumen Transports Oy,LU,LU15918450,2025-07-15,import_fournisseur
9659,Vertex Foods SARL,NL,NL232464939B51,2024-07-26,crm
9660,Ardent Services SA,SE,SE-853538529101,2025-06-29,saisie_manuelle
9661,Fabrica Logistics GmbH,IT,IT0751119801,2024-11-15,portail_client
9662,Lumen Trading GmbH,DK,DK04344618,2025-07-31,import_fournisseur
9663,Meridian Materials Sp. z o.o.,DK,DK71261551,2024-06-10,import_fournisseur
9664,Meridian Materials GmbH,NL,  NL656421708B16 ,2025-07-05,reprise_erp
9665,Metallo Industries A/S,LU,LU71255423,2025-06-17,crm
9666,Lumen Transports SA,PL,PL.7175221441,2025-03-18,portail_client
9667,Verso Services Lda,PT,229734340,2025-03-15,saisie_manuelle
9668,Azur Services SAS,LU,LU72429210,2025-01-31,import_fournisseur
9669,Papyrus Industries SA,BE,0282330178,2024-06-05,import_fournisseur
9670,Prima Industries SARL,PT,PT301491887,2025-01-26,saisie_manuelle
9671,Nord Foods NV,FR,FR26891477G76,2025-06-15,portail_client
9672,Nord Consulting AB,SE,SE660485739801,2024-11-26,reprise_erp
9673,Papyrus Technologies SA,SE,SE951443291401,2025-06-15,crm
9674,Metallo Technologies AB,BE,BE1453372774,2025-04-03,crm
9675,Vela Services BV,ZZ,ZZ0353649924,2025-01-07,import_fournisseur
9676,Papyrus Technologies GmbH,NL,NL196728125B39,2025-06-06,reprise_erp
9677,Metallo Trading BV,NL,NL944221363B89,2024-06-18,saisie_manuelle
9678,Hanse Technologies SAS,FR,  FR94245297475 ,2024-02-26,saisie_manuelle
9679,Alpine Foods Lda,PT,PTH67825934,2024-09-03,import_fournisseur
9680,Prima Trading SARL,PT,PT995437491,2024-01-04,portail_client
9681,Global Distribution SpA,BE, ,2024-08-13,import_fournisseur
9682,Batavia Materials GmbH,FR,FR42120863756,2024-01-25,reprise_erp
9683,Granit Trading SA,LU,LU-55088867,2024-09-21,crm
9684,Baltic Services SA,PL,PL8639061546,2024-05-31,saisie_manuelle
9685,Hanse Technologies NV,BE,BE1947J62003,2025-04-26,import_fournisseur
9686,Granit Industries AB,DK,DK46023331,2025-04-06,saisie_manuelle
9687,Delta Services SAS,PL,  PL6939582840 ,2024-08-07,reprise_erp
9688,Corvus Technologies SARL,FI,FI3459702,2025-01-24,crm
9689,Verso Transports A/S,IT,IT9801462729,2024-02-15,portail_client
9690,Azur Logistics Sp. z o.o.,FR,FR703416683250,2024-03-01,saisie_manuelle
9691,Nord Consulting SpA,PT,pt652492274,2025-05-07,saisie_manuelle
9692,Baltic Services SAS,FR,FR00185396096,2025-08-14,saisie_manuelle
9693,Alpine Consulting A/S,IT,IT15188969638,2024-01-18,portail_client
9694,Delta Transports AB,UK,UK87148071266,2025-08-02,portail_client
9695,Global Materials SAS,NL,NL855942007B28,2024-07-22,crm
9696,Baltic Services NV,LU,81502047,2024-07-25,portail_client
9697,Azur Consulting AB,FI,FI9679219,2025-07-15,saisie_manuelle
9698,Azur Foods Sp. z o.o.,BE,BE 0583 804594,2025-03-31,crm
9699,Alpine Trading Sp. z o.o.,QQ,QQ97839670,2024-08-03,import_fournisseur
9700,Orion Foods AB,DK,DK92969363,2025-05-29,saisie_manuelle
9701,Solaris Consulting SA,NL,NL777089610BO3,2024-04-29,reprise_erp
9702,Lumen Consulting SARL,FI,FI93283254,2025-04-24,portail_client
9703,Nord Consulting BV,LU,LU 6617 1185,2025-06-14,reprise_erp
9704,Delta Foods NV,SE,SE028168403501,2025-06-30,portail_client
9705,Prima Industries Sp. z o.o.,FR,FR-66597985424,2025-05-27,crm
9706,Nord Industries GmbH,SE,SE199947332301,2024-01-29,reprise_erp
9707,Azur Trading SAS,SE,SE 3673 84967901,2024-06-22,reprise_erp
9708,Cobalt Logistics SAS,PT,641465637,2024-05-24,reprise_erp
9709,Vela Consulting SpA,NL,NL230754101B76,2024-06-24,saisie_manuelle
9710,Verso Technologies BV,SE,SE078072853101,2025-05-26,saisie_manuelle
9711,Cobalt Materials SpA,IT,IT6065210096,2025-06-13,crm
9712,Textil Logistics SARL,FR,FR629938580M2,2025-04-06,reprise_erp
9713,Kappa Materials AB,DK,82392963,2024-09-02,crm
9714,Baltic Transports GmbH,DK,DK4854820,2025-04-26,saisie_manuelle
9715,Verso Consulting SARL,IT,IT973919238O0,2024-06-06,reprise_erp
9716,Metallo Trading NV,SE,SE687684303501,2025-03-07,reprise_erp
9717,Papyrus Transports A/S,FR,FR33560394130,2024-02-09,portail_client
9718,Vertex Services SpA,PL,  PL7706776865 ,2024-06-29,reprise_erp
9719,Verso Industries NV,FR,FR44885066067,2024-11-11,reprise_erp
9720,Textil Services NV,IT,IT-43652324336,2024-11-16,import_fournisseur
9721,Textil Technologies Lda,FR,FR5587292548,2024-11-21,reprise_erp
9722,Prima Technologies Oy,PL,PL2116927881,2025-05-02,reprise_erp
9723,Global Trading NV,DK,DK47294355,2024-10-27,crm
9724,Solaris Foods NV,PL,,2024-06-29,portail_client
9725,Verso Materials SA,FI,  FI71294368 ,2025-03-20,reprise_erp
9726,Lusitania Logistics NV,DK,DK48263973,2024-12-20,crm
9727,Atlantic Logistics Sp. z o.o.,LU,LU54329438,2025-01-14,import_fournisseur
9728,Kappa Services BV,NL,NL528569351B19,2025-05-02,reprise_erp
9729,Kappa Technologies BV,PL,4530425264,2024-10-10,import_fournisseur
9730,Baltic Logistics SA,PT,PT-156178435,2024-05-02,saisie_manuelle
9731,Batavia Technologies NV,DK,DK16571997,2025-05-27,crm
9732,Baltic Trading Lda,PL,PL8718302122,2024-10-10,saisie_manuelle
9733,Nord Transports Lda,PT,PT256349282,2024-04-25,saisie_manuelle
9734,Fabrica Consulting AB,LU,LU 5368 4800,2024-01-03,reprise_erp
9735,Fabrica Technologies Oy,PL,  PL3487331746 ,2024-02-17,saisie_manuelle
9736,Verso Distribution GmbH,PL,PL9961783002,2025-07-02,import_fournisseur
9737,Global Transports AB,GB,GB685759479701,2024-10-28,import_fournisseur
9738,Textil Industries SA,FR,fr39430319945,2025-06-20,crm
9739,Nord Technologies GmbH,FI,  FI34979683 ,2025-09-07,portail_client
9740,Hanse Foods SAS,LU,LU74586444,2024-11-19,crm
9741,Ardent Industries BV,FR,FR3791336381,2025-07-04,saisie_manuelle
9742,Granit Trading Lda,SE,SE3313114690015,2025-02-26,reprise_erp
9743,Vela Industries AB,LU,N/A,2024-09-30,reprise_erp
9744,Lumen Distribution SA,LU,LU90684728,2025-05-15,portail_client
9745,Azur Transports Sp. z o.o.,BE,be1241564960,2025-08-27,saisie_manuelle
9746,Atlantic Transports A/S,FI,FI 9964 7735,2024-06-30,crm
9747,Batavia Services SA,DK,DK01347357,2024-01-22,import_fournisseur
9748,Alpine Transports SpA,IT,IT33486567911,2024-04-08,saisie_manuelle
9749,Kappa Materials BV,DK,DK8936386,2024-02-19,import_fournisseur
9750,Verso Technologies A/S,FI,  FI42660744 ,2024-04-17,portail_client
9751,Nord Consulting Lda,NL,  NL083479296B19 ,2025-02-24,import_fournisseur
9752,Vela Foods SA,FI,FI53498869,2024-10-07,import_fournisseur
9753,Kappa Industries Oy,PT,PT554407059,2025-02-01,portail_client
9754,Ardent Distribution BV,PL,PL8579197896,2025-03-08,crm
9755,Nord Consulting SA,NL,NL849370474B09,2025-06-09,portail_client
9756,Papyrus Technologies SA,LU,LU734564477,2024-07-30,saisie_manuelle
9757,Fabrica Transports SA,DK,DK6K533269,2024-06-27,portail_client
9758,Corvus Logistics NV,PT,PTJ42698710,2024-04-27,saisie_manuelle
9759,Meridian Consulting SARL,FR,FR88265051620,2025-06-03,crm
9760,Corvus Industries SARL,NL,NL677922401B26,2025-07-07,import_fournisseur
9761,Lumen Distribution A/S,FI,fi979g8746,2024-04-02,import_fournisseur
9762,Meridian Services AB,UK,UK797083707,2025-09-26,crm
9763,Textil Consulting Oy,DK,DK59433911,2025-05-31,import_fournisseur
9764,Fabrica Distribution Sp. z o.o.,LU,LU16878G42,2024-09-09,reprise_erp
9765,Orion Technologies BV,SE,SE823216311601,2024-06-13,reprise_erp
9766,Baltic Industries A/S,ZZ,ZZ831977540,2025-02-27,saisie_manuelle
9767,Cobalt Foods Oy,BE,BE0333841138,2024-03-09,reprise_erp
9768,Kappa Foods SAS,GB,GB1259469180,2025-03-20,import_fournisseur
9769,Lusitania Foods Lda,IT,IT 5989 0923499,2024-01-11,saisie_manuelle
9770,Baltic Trading NV,GB,GB86383907530,2024-12-28,reprise_erp
9771,Papyrus Logistics SA,NL,NL142010581B46,2025-06-07,portail_client
9772,Cobalt Industries NV,NL,NL527623265B41,2024-11-02,import_fournisseur
9773,Prima Trading NV,BE,BE0353828482,2025-01-20,saisie_manuelle
9774,Alpine Technologies Oy,SE,SE400802539901,2025-01-04,portail_client
9775,Cobalt Foods NV,PL,PL5291921746,2024-01-05,import_fournisseur
9776,Metallo Transports NV,BE,BE 0144 567117,2024-07-13,crm
9777,Cobalt Trading SARL,FI,FI51472964,2024-05-04,import_fournisseur
9778,Textil Distribution AB,SE,SE15349423110,2024-07-24,reprise_erp
9779,Orion Trading Oy,NL,NL790436310B04,2024-03-19,import_fournisseur
9780,Atlantic Technologies NV,PT,PT336741723,2024-09-29,portail_client
9781,Azur Consulting SA,DK,DK.94467500,2024-04-07,import_fournisseur
9782,Verso Transports GmbH,BE,BE 0165 843670,2025-01-09,portail_client
9783,Vela Materials AB,IT,IT79471498292,2024-07-02,import_fournisseur
9784,Metallo Materials SA,PL,PL5025281216,2025-07-23,saisie_manuelle
9785,Kappa Distribution Lda,DK,dk37899194,2025-06-16,crm
9786,Corvus Trading Sp. z o.o.,SE,847446731601,2025-02-24,portail_client
9787,Corvus Transports SpA,FI,FI440913547,2024-05-13,import_fournisseur
9788,Fabrica Materials GmbH,NL,801054370B39,2025-03-07,import_fournisseur
9789,Orion Foods BV,FI,FI73707847,2024-04-10,crm
9790,Global Consulting SpA,PL,PL5151959039,2024-07-07,reprise_erp
9791,Alpine Services SA,UK,UK544861221,2025-04-17,saisie_manuelle
9792,Nord Transports GmbH,XX,XX497418169,2025-06-29,saisie_manuelle
9793,Global Materials BV,DK,DK7345028,2025-07-07,crm
9794,Nord Logistics SpA,XX,XX98741046,2025-06-11,import_fournisseur
9795,Orion Foods SARL,FI,FI19270035,2025-01-29,reprise_erp
9796,Kappa Services SA,PT,PT90688287,2025-03-06,import_fournisseur
9797,Hanse Trading SAS,BE,BE1158676084,2025-05-18,saisie_manuelle
9798,Vertex Technologies A/S,FR,FR52539202805,2024-07-20,reprise_erp
9799,Granit Technologies BV,LU,LU50542583,2024-09-08,reprise_erp
9800,Kappa Industries SpA,NL,NL-689364167B48,2024-06-26,crm
9801,Lusitania Consulting SpA,PT,PT805024633,2024-11-14,reprise_erp
9802,Cobalt Trading GmbH,PT,PT499208510,2024-12-04,reprise_erp
9803,Delta Industries SAS,BE,BE1831825621,2024-12-14,import_fournisseur
9804,Global Trading A/S,PL,PL3605374689,2025-04-24,portail_client
9805,Prima Foods BV,LU,lu68417330,2024-01-13,portail_client
9806,Delta Foods SAS,SE,SE370516718101,2025-02-28,portail_client
9807,Fabrica Distribution Oy,PT,PT950240869,2024-08-17,portail_client
9808,Azur Foods SpA,FR,FR07633311899,2025-06-19,portail_client
9809,Azur Distribution SARL,PT,PT834344041,2024-03-12,crm
9810,Solaris Trading Lda,FR,FR-36440645206,2024-12-27,crm
9811,Fabrica Transports SARL,IT,  IT08737682826 ,2024-08-21,portail_client
9812,Prima Trading AB,FI,-,2025-05-22,reprise_erp
9813,Papyrus Industries GmbH,QQ,QQ21716137326,2024-12-11,saisie_manuelle
9814,Delta Materials Lda,ZZ,ZZ 6854 186534,2025-05-04,portail_client
9815,Verso Consulting SpA,PT,PT744205492,2024-05-02,saisie_manuelle
9816,Delta Services SAS,UK,UK1265054204,2025-04-25,crm
9817,Metallo Industries Lda,SE,  SE608303052501 ,2024-04-29,import_fournisseur
9818,Batavia Distribution SA,FI,FI79512024,2025-03-26,saisie_manuelle
9819,Cobalt Trading SAS,FI,FI2527868,2025-05-14,crm
9820,Global Logistics SARL,DK,DK.97842884,2024-11-03,portail_client
9821,Fabrica Industries BV,FR,FR 9542 1197728,2024-04-27,reprise_erp
9822,Metallo Consulting SA,IT,IT.48342244349,2024-02-28,reprise_erp
9823,Metallo Trading BV,PT,PT542310023,2024-09-10,reprise_erp
9824,Lumen Consulting SA,LU,LU-39356002,2024-03-18,crm
9825,Verso Logistics BV,NL,NL019116986B52,2025-05-06,import_fournisseur
9826,Ardent Materials SA,PL,PL594027742,2025-05-16,reprise_erp
9827,Batavia Services SA,PL,PL-3760431256,2025-08-24,portail_client
9828,Ardent Technologies SA,PT,PT603775934,2024-04-29,crm
9829,Orion Distribution GmbH,FR,FR323138432489,2024-06-24,crm
9830,Orion Materials AB,FR,FR45843365832,2025-09-18,saisie_manuelle
9831,Kappa Transports GmbH,SE,SE714946400501,2024-10-21,import_fournisseur
9832,Metallo Materials AB,XX,XX50354421,2025-03-02,reprise_erp
9833,Hanse Trading Sp. z o.o.,FI,FI674518422,2025-09-22,crm
9834,Kappa Transports Sp. z o.o.,IT,ITJ5457240285,2025-07-31,import_fournisseur
9835,Hanse Technologies Oy,IT, ,2024-07-06,reprise_erp
9836,Corvus Industries Oy,IT,IT.01556251534,2025-05-06,reprise_erp
9837,Vela Trading GmbH,PL,PL.1441079534,2024-03-28,portail_client
9838,Cobalt Transports SpA,FR,FR93313706K72,2025-04-24,import_fournisseur
9839,Ardent Industries AB,PT,472620541,2024-05-13,crm
9840,Textil Trading GmbH,LU,LU86333535,2024-10-25,crm
9841,Atlantic Distribution SARL,DK,DK48743722,2024-09-05,portail_client
9842,Vela Foods SAS,SE,SE924747365201,2024-08-18,saisie_manuelle
9843,Batavia Trading NV,NL,NL570170218B34,2024-06-08,saisie_manuelle
9844,Baltic Technologies Oy,IT,IT 8120 7819012,2025-07-08,reprise_erp
9845,Atlantic Distribution SA,IT,IT0151872425,2025-06-06,crm
9846,Corvus Materials SAS,DK,DK231O6606,2025-09-25,crm
9847,Vertex Materials Oy,SE,SE782749096701,2024-03-19,crm
9848,Textil Industries Sp. z o.o.,NL,NL360894392B72,2025-06-13,reprise_erp
9849,Vela Industries SpA,FR,FR 4231 9432262,2025-05-28,crm
9850,Papyrus Foods A/S,PT,PT 5865 99711,2024-08-28,import_fournisseur
9851,Vertex Industries A/S,NL,879062472B21,2025-03-07,crm
9852,Ardent Distribution SA,NL,nl442736873b35,2025-09-03,saisie_manuelle
9853,Papyrus Transports SARL,PL,PL9746949729,2024-04-24,saisie_manuelle
9854,Prima Consulting Lda,SE,SE427410134601,2024-03-11,portail_client
9855,Orion Technologies SpA,LU,LU624285397,2025-03-29,import_fournisseur
9856,Prima Foods GmbH,SE,se298873770201,2024-05-08,import_fournisseur
9857,Corvus Technologies BV,SE,SE513774062901,2024-04-24,crm
9858,Solaris Industries SA,SE,SE505333625041,2024-04-30,saisie_manuelle
9859,Papyrus Materials A/S,FI,FI 2670 6984,2025-09-14,portail_client
9860,Vertex Logistics AB,BE,  BE1232211289 ,2024-05-24,crm
9861,Solaris Industries SA,XX,XX168405179B62,2024-09-21,import_fournisseur
9862,Global Transports Sp. z o.o.,FR,FR72329651222,2024-12-01,saisie_manuelle
9863,Fabrica Services BV,PT,PT.819471259,2025-05-04,import_fournisseur
9864,Granit Transports NV,DK,DK91447894,2024-04-09,crm
9865,Verso Transports NV,SE,SE034167341601,2024-10-04,saisie_manuelle
9866,Cobalt Consulting NV,FI,FI45156375,2025-04-11,reprise_erp
9867,Prima Industries A/S,LU,LU-99098054,2024-10-14,import_fournisseur
9868,Ardent Distribution Oy,SE,SE917068500301,2025-02-11,import_fournisseur
9869,Verso Logistics BV,PT,PT667112782,2025-06-23,crm
9870,Hanse Transports BV,DK,DK24688216,2024-10-09,reprise_erp
9871,Fabrica Consulting A/S,FI,FI53526444,2025-09-14,import_fournisseur
9872,Azur Industries NV,FI,FI.47681165,2025-04-21,crm
9873,Prima Logistics Oy,IT,IT704495109G0,2025-02-02,crm
9874,Granit Trading NV,FI,FI.16947688,2025-09-16,saisie_manuelle
9875,Meridian Services SpA,BE,0291001978,2025-04-18,portail_client
9876,Hanse Industries SpA,PL,PL9072504691,2024-06-26,saisie_manuelle
9877,Atlantic Consulting A/S,SE,SE 1265 11981601,2024-09-27,saisie_manuelle
9878,Meridian Materials AB,BE,BE4434171406,2025-03-20,saisie_manuelle
9879,Atlantic Logistics SARL,PT,PT753984261,2025-08-04,crm
9880,Alpine Trading NV,BE,BE1805420022,2024-12-05,portail_client
9881,Granit Consulting BV,SE,SE149932227701,2025-04-23,import_fournisseur
9882,Hanse Consulting Sp. z o.o.,GB,GB58302060,2025-08-13,saisie_manuelle
9883,Nord Foods SA,LU,LU24138111,2025-02-13,portail_client
9884,Verso Logistics GmbH,DK,19267350,2024-03-09,import_fournisseur
9885,Lusitania Consulting SA,PT,PT648346862,2025-06-28,portail_client
9886,Metallo Technologies Oy,LU,22061573,2024-12-01,reprise_erp
9887,Textil Distribution BV,DK,DK27389864,2025-01-23,saisie_manuelle
9888,Metallo Foods AB,IT,IT74150737869,2025-05-20,portail_client
9889,Corvus Materials Sp. z o.o.,SE,SE489012371601,2025-03-31,reprise_erp
9890,Nord Consulting AB,FR,FR.47608589781,2024-08-21,saisie_manuelle
9891,Prima Consulting BV,PT,PT925515736,2024-02-07,saisie_manuelle
9892,Delta Industries SAS,PT,PT87567076,2025-07-28,portail_client
9893,Global Materials Oy,FR,FR41641463758,2024-04-27,portail_client
9894,Nord Foods Sp. z o.o.,DK,DK9850773,2025-03-17,portail_client
9895,Vela Transports SA,NL,NL446369068B77,2024-03-09,portail_client
9896,Verso Consulting Lda,PL,PL9694290163,2025-04-14,crm
9897,Papyrus Consulting Sp. z o.o.,UK,UK482088604401,2025-01-15,portail_client
9898,Batavia Materials SpA,XX,XX301455939101,2025-05-20,import_fournisseur
9899,Papyrus Materials Oy,DK,DK26608382,2024-09-11,crm
9900,Atlantic Trading SARL,XX,XX791176886,2024-08-20,crm
9901,Granit Trading A/S,SE,SE754967460901,2024-03-16,crm
9902,Lusitania Distribution Sp. z o.o.,BE,BE1873732271,2025-06-23,portail_client
9903,Kappa Logistics Sp. z o.o.,FI,FI38185951,2025-06-07,saisie_manuelle
9904,Metallo Distribution Sp. z o.o.,GB,GB936724596B95,2025-07-20,saisie_manuelle
9905,Nord Logistics SpA,SE,SE217443620001,2025-07-07,reprise_erp
9906,Granit Consulting NV,FR,FR07927950660,2025-06-28,portail_client
9907,Alpine Transports GmbH,QQ,QQ0116379313,2025-02-11,portail_client
9908,Azur Transports NV,PL,PL3964079045,2024-12-04,crm
9909,Nord Services Oy,DK,DK70736926,2024-06-05,reprise_erp
9910,Textil Logistics GmbH,NL,NL895140202B59,2024-05-31,saisie_manuelle
9911,Azur Trading Sp. z o.o.,DK,  DK42850306 ,2025-01-16,saisie_manuelle
9912,Lumen Trading SA,PT,pt543484521,2025-08-11,saisie_manuelle
9913,Metallo Trading BV,IT,IT09880866133,2025-04-01,crm
9914,Azur Distribution Oy,FR,FR1116183473,2024-09-07,crm
9915,Baltic Trading NV,IT,IT13617604947,2024-07-25,reprise_erp
9916,Global Consulting Lda,IT,IT43733260608,2024-04-02,crm
9917,Alpine Foods Lda,PT,PT881184381,2025-08-31,crm
9918,Prima Technologies SARL,LU,LU 7475 7160,2025-07-22,import_fournisseur
9919,Orion Industries A/S,SE,SE625237694601,2025-01-22,import_fournisseur
9920,Batavia Foods Lda,FR,FR30169495866,2024-12-29,reprise_erp
9921,Hanse Distribution Oy,BE,BE097720135,2025-03-09,import_fournisseur
9922,Metallo Materials NV,DK,DK98977503,2025-01-11,import_fournisseur
9923,Solaris Industries Lda,NL,NL684729362B93,2024-11-03,crm
9924,Hanse Industries AB,LU,LU59108334,2024-02-29,saisie_manuelle
9925,Verso Foods SA,FR,fr61485544639,2025-04-01,import_fournisseur
9926,Vertex Distribution Sp. z o.o.,BE,BE0357560014,2025-04-08,saisie_manuelle
9927,Batavia Logistics SAS,SE,SE019994435601,2024-10-03,saisie_manuelle
9928,Granit Logistics Oy,IT,it23813958578,2025-02-26,saisie_manuelle
9929,Vertex Consulting SA,GB,GB75002017,2024-03-17,reprise_erp
9930,Verso Foods SA,ZZ,ZZ950425008601,2025-08-19,import_fournisseur
9931,Delta Logistics Lda,IT,IT31032612462,2024-04-01,crm
9932,Ardent Distribution NV,LU,LUM0575927,2024-03-23,import_fournisseur
9933,Metallo Technologies GmbH,SE,SE8734157343010,2024-03-08,crm
9934,Meridian Materials SARL,NL,NL774007631B52,2024-06-21,crm
9935,Batavia Technologies SA,FR,FR09172480258,2024-03-24,portail_client
9936,Meridian Foods NV,SE,SE434897001501,2025-02-08,reprise_erp
9937,Lusitania Trading SAS,PT,PT307965481,2024-03-22,portail_client
9938,Granit Industries SA,DK,DK.48622259,2025-04-01,import_fournisseur
9939,Verso Materials NV,DK,DK64566130,2024-12-13,portail_client
9940,Vertex Trading Sp. z o.o.,DK,  DK42075442 ,2024-08-29,crm
9941,Nord Logistics Sp. z o.o.,PL,7888377696,2025-07-07,saisie_manuelle
9942,Alpine Trading SARL,NL,NL240849528M83,2024-10-22,crm
9943,Kappa Industries Sp. z o.o.,NL,NL941015866B85,2024-04-12,crm
9944,Baltic Foods NV,SE,SE742295868101,2025-04-01,import_fournisseur
9945,Lumen Industries AB,IT,IT73696792354,2025-01-01,crm
9946,Textil Distribution Lda,FI,FI97041983,2024-03-26,portail_client
9947,Azur Consulting SA,BE,BE1128721593,2025-01-06,reprise_erp
9948,Granit Industries Lda,PL,PL 8087 611568,2025-01-18,saisie_manuelle
9949,Granit Technologies NV,PT,PT417446792,2024-11-26,crm
9950,Solaris Trading NV,QQ,QQ23795255,2024-05-03,crm
9951,Delta Logistics SA,NL,NL166353085B61,2024-05-17,import_fournisseur
9952,Solaris Industries SA,GB,GB16373400,2025-04-25,reprise_erp
9953,Hanse Services Sp. z o.o.,PT,PT34608220,2024-10-01,import_fournisseur
9954,Meridian Logistics SAS,PT,PT734607378,2025-08-24,reprise_erp
9955,Prima Industries Lda,FR,72551923618,2025-02-03,crm
9956,Lusitania Materials A/S,DK,63761613,2024-03-06,crm
9957,Global Distribution SA,PL,PL6939489862,2025-07-31,portail_client
9958,Nord Materials SpA,PT,PT905418824,2024-10-03,import_fournisseur
9959,Lumen Services SAS,PL,PL6709190361,2025-06-01,reprise_erp
9960,Papyrus Foods A/S,IT,IT31301109414,2025-05-27,reprise_erp
9961,Papyrus Materials SARL,PT,866309250,2025-01-22,portail_client
9962,Papyrus Transports AB,BE,BE0462982186,2024-05-18,portail_client
9963,Kappa Materials NV,LU,LU72353655,2025-09-17,portail_client
9964,Verso Transports Sp. z o.o.,DK,dk62994096,2024-07-21,crm
9965,Textil Foods Sp. z o.o.,FR,FR75153894013,2025-03-10,import_fournisseur
9966,Vertex Consulting Lda,IT,IT276990601696,2024-03-04,saisie_manuelle
9967,Baltic Trading AB,QQ,QQ8156950062,2024-02-21,portail_client
9968,Cobalt Industries SA,IT,IT84H88935270,2024-11-11,saisie_manuelle
9969,Batavia Transports SARL,NL,NL649435382B98,2024-10-21,crm
9970,Orion Distribution SpA,DK,DK.54092504,2024-06-28,import_fournisseur
9971,Ardent Materials GmbH,XX,XX10398592,2024-01-23,saisie_manuelle
9972,Cobalt Consulting GmbH,IT,IT35458690753,2025-05-25,import_fournisseur
9973,Hanse Services Sp. z o.o.,BE,BE078337031,2024-06-20,reprise_erp
9974,Textil Services Sp. z o.o.,LU,LU.64090415,2025-03-10,portail_client
9975,Lusitania Services SARL,PT,PT129670375,2025-04-19,portail_client
9976,Atlantic Trading BV,DK,DK31019222,2025-06-24,reprise_erp
9977,Kappa Foods Oy,PT,PT764818934,2025-05-27,import_fournisseur
9978,Batavia Consulting Oy,FI,FI07462360,2024-10-05,crm
9979,Corvus Consulting SAS,SE,SE538344367701,2024-05-09,import_fournisseur
9980,Fabrica Industries NV,DK,DK30825357,2024-12-01,saisie_manuelle
9981,Vertex Foods A/S,BE,BE0728581846,2024-07-30,reprise_erp
9982,Atlantic Transports A/S,NL,NL956716933B37,2024-07-23,crm
9983,Corvus Distribution NV,SE,SE646275880301,2024-06-04,saisie_manuelle
9984,Prima Logistics A/S,PL,PL4888034196,2024-03-02,portail_client
9985,Corvus Consulting SAS,FI,fi30649863,2025-02-20,reprise_erp
9986,Prima Logistics BV,SE,SE-744347222501,2024-08-30,reprise_erp
9987,Lusitania Consulting NV,SE,SE779153789201,2024-04-11,crm
9988,Vertex Distribution SpA,PL,PL7912578287,2024-09-11,saisie_manuelle
9989,Alpine Technologies Lda,BE,BE0667627145,2024-06-30,crm
9990,Kappa Logistics Oy,SE,se342108454601,2024-04-14,portail_client
9991,Verso Transports SA,SE,SE 6041 26160001,2025-03-12,saisie_manuelle
9992,Fabrica Materials SpA,LU,LU 8783 8948,2024-12-31,crm
9993,Hanse Technologies SARL,ZZ,ZZ58038776,2024-01-07,import_fournisseur
9994,Fabrica Technologies GmbH,BE,BE 1769 956921,2025-02-25,import_fournisseur
9995,Orion Technologies SAS,PT,PT772064113,2024-03-19,portail_client
9996,Cobalt Trading A/S,PT,PT714332224,2025-01-19,import_fournisseur
9997,Delta Trading Oy,FR,FR60801776699,2025-04-18,crm
9998,Corvus Industries SARL,SE,SE96633532830,2024-09-12,reprise_erp
9999,Prima Distribution AB,LU,LU.98154452,2024-02-15,reprise_erp
10000,Papyrus Consulting Oy,FI,FI53300336,2024-06-29,portail_client
